experiment_id,run_index,archive_file,archive_row,bits,level_R,level_G,level_B,old_f1_reconstruction,old_f2_security,old_f3_robustness,old_f4_complexity
IMG_0005,1,IMG_0005_r1_archive.csv,0,000000000001000000000000,2,16,2,0.5325097814330209,0.3278386216354951,0.0,0.0261437908496732
IMG_0005,1,IMG_0005_r1_archive.csv,1,000010010010000100010001,9,33,17,0.5079352174411946,0.3278656932793489,0.0,0.0771241830065359
IMG_0005,1,IMG_0005_r1_archive.csv,2,000000110001000100010000,3,17,16,0.5109955535416626,0.3275916531915527,0.0,0.0470588235294117
IMG_0005,1,IMG_0005_r1_archive.csv,3,000000100001000100000001,2,17,2,0.5323204518319266,0.327849735746786,0.0,0.0274509803921568
IMG_0005,1,IMG_0005_r1_archive.csv,4,000010110000100000001001,11,8,9,0.4982063783555661,0.3278694654603322,0.0,0.0366013071895424
IMG_0005,1,IMG_0005_r1_archive.csv,5,000010110001001101010000,11,19,80,0.5095153148981475,0.3278111897831364,0.0,0.1437908496732026
IMG_0005,1,IMG_0005_r1_archive.csv,6,000010110000010111010110,11,5,214,0.5057170733868769,0.32778620591989,0.0,0.3006535947712418
IMG_0005,2,IMG_0005_r2_archive.csv,0,000111000100001100000110,28,67,6,0.5171110190304102,0.3277235786606166,0.0,0.1320261437908496
IMG_0005,2,IMG_0005_r2_archive.csv,1,000000000000011100000001,2,7,2,0.5294444164105366,0.3280216033908189,0.0,0.0143790849673202
IMG_0005,2,IMG_0005_r2_archive.csv,2,101010010000111000000110,169,14,6,0.5170956867445996,0.327614369320038,0.0,0.2470588235294117
IMG_0005,2,IMG_0005_r2_archive.csv,3,000010000010000010010000,8,32,144,0.5123913672519349,0.3277474936305419,0.0,0.2405228758169934
IMG_0005,2,IMG_0005_r2_archive.csv,4,000010010100101001010011,9,74,83,0.5138601003314431,0.327710877568479,0.0,0.2169934640522876
IMG_0005,2,IMG_0005_r2_archive.csv,5,000010100000000000011010,10,2,26,0.5165109010031345,0.3279239891785194,0.0,0.049673202614379
IMG_0005,2,IMG_0005_r2_archive.csv,6,000010000100001000000010,8,66,2,0.5249963010223442,0.3277318229934529,0.0,0.0993464052287581
IMG_0005,2,IMG_0005_r2_archive.csv,7,000000010000101000000001,2,10,2,0.5286001416795109,0.327896203473439,0.0,0.0183006535947712
IMG_0005,2,IMG_0005_r2_archive.csv,8,100100000001011000000110,144,22,6,0.5171561015383844,0.3276929333455154,0.0,0.2248366013071895
IMG_0005,2,IMG_0005_r2_archive.csv,9,000101100000000000001000,22,2,8,0.5202631202583773,0.3278546554043164,0.0,0.0418300653594771
IMG_0005,2,IMG_0005_r2_archive.csv,10,000100010000111010011100,17,14,156,0.5127967965743515,0.3276493207777712,0.0,0.2444444444444444
IMG_0005,2,IMG_0005_r2_archive.csv,11,000101110000001100001000,23,3,8,0.5119257940540912,0.3279434636594824,0.0,0.0444444444444444
IMG_0005,2,IMG_0005_r2_archive.csv,12,000001110010000000001001,7,32,9,0.5058445489404108,0.3277655445165704,0.0,0.0627450980392156
IMG_0005,2,IMG_0005_r2_archive.csv,13,110110100100111010011100,218,78,156,0.5299160598728342,0.3275988862376894,0.0,0.5908496732026144
IMG_0005,2,IMG_0005_r2_archive.csv,14,000000000000010100000001,2,5,2,0.5305436845796233,0.3279806239711703,0.0,0.0117647058823529
IMG_0005,2,IMG_0005_r2_archive.csv,15,000001100010000110011001,6,33,153,0.5127137770300897,0.3277082816230155,0.0,0.2509803921568627
IMG_0005,2,IMG_0005_r2_archive.csv,16,000000010000010000001011,2,4,11,0.5147391711390461,0.3280733705629679,0.0,0.0222222222222222
IMG_0005,2,IMG_0005_r2_archive.csv,17,000000010000010000001000,2,4,8,0.515486770347338,0.3280899096300281,0.0,0.0183006535947712
IMG_0005,2,IMG_0005_r2_archive.csv,18,000101000001000100001001,20,17,9,0.5087906421558827,0.3278405867835289,0.0,0.0601307189542483
IMG_0005,2,IMG_0005_r2_archive.csv,19,000000000000010000001010,2,4,10,0.5151184483737383,0.3280692028931003,0.0,0.0209150326797385
IMG_0005,2,IMG_0005_r2_archive.csv,20,000010000010011001100001,8,38,97,0.5122033499116361,0.3277487203861859,0.0,0.1869281045751634
IMG_0005,2,IMG_0005_r2_archive.csv,21,000100010001010000001001,17,20,9,0.5080239008723739,0.3278513654132687,0.0,0.0601307189542483
IMG_0006,1,IMG_0006_r1_archive.csv,0,000000100000110000000111,2,12,7,0.5110002266509289,0.3312410017660968,0.0,0.0274509803921568
IMG_0006,1,IMG_0006_r1_archive.csv,1,001100000001100000010010,48,24,18,0.4846857064386627,0.3314318971436737,0.0,0.1176470588235294
IMG_0006,1,IMG_0006_r1_archive.csv,2,010000000001010000000000,64,20,2,0.5064980715165583,0.3312393848673597,0.0,0.1124183006535947
IMG_0006,1,IMG_0006_r1_archive.csv,3,000011110000101000010000,15,10,16,0.48998779035537,0.3313935959094803,0.0,0.05359477124183
IMG_0006,1,IMG_0006_r1_archive.csv,4,010100000001001101010000,80,19,80,0.4937524210578787,0.3311790908525078,0.0,0.2339869281045751
IMG_0006,1,IMG_0006_r1_archive.csv,5,000010100000101000000001,10,10,2,0.5123402057809026,0.3312128591877012,0.0,0.0287581699346405
IMG_0006,1,IMG_0006_r1_archive.csv,6,011000110000110000101010,99,12,42,0.4930703248287786,0.3312005048674223,0.0,0.2
IMG_0006,1,IMG_0006_r1_archive.csv,7,000000000000000000000000,2,2,2,0.5493493551594857,0.3316250518222797,0.0,0.0078431372549019
IMG_0006,1,IMG_0006_r1_archive.csv,8,000001100001001000001000,6,18,8,0.4947011771468217,0.3312960540610477,0.0,0.0418300653594771
IMG_0006,1,IMG_0006_r1_archive.csv,9,000000000001001100000000,2,19,2,0.5271409159087155,0.3311984590520458,0.0,0.0300653594771241
IMG_0006,1,IMG_0006_r1_archive.csv,10,000100110001110000001010,19,28,10,0.4883371186662156,0.3315382325732992,0.0,0.0745098039215686
IMG_0006,1,IMG_0006_r1_archive.csv,11,010000100000110001000010,66,12,66,0.4934511429116308,0.3312043406354313,0.0,0.188235294117647
IMG_0006,1,IMG_0006_r1_archive.csv,12,000100000010001000001100,16,34,12,0.486609929473386,0.3313068640677151,0.0,0.0810457516339869
IMG_0006,1,IMG_0006_r1_archive.csv,13,000001100001110000001111,6,28,15,0.4911432317527026,0.3312624044752601,0.0,0.0640522875816993
IMG_0006,1,IMG_0006_r1_archive.csv,14,010010100000110000000011,74,12,3,0.4990490950736291,0.3312101899917494,0.0,0.1163398692810457
IMG_0006,1,IMG_0006_r1_archive.csv,15,000000100000011000000101,2,6,5,0.5172153562305445,0.3316074870118828,0.0,0.0169934640522875
IMG_0006,1,IMG_0006_r1_archive.csv,16,000010100000000000000101,10,2,5,0.5168904404575803,0.3317874721604714,0.0,0.0222222222222222
IMG_0006,1,IMG_0006_r1_archive.csv,17,001000010000101001111010,33,10,122,0.4980315765190022,0.3311600232562882,0.0,0.2156862745098039
IMG_0006,2,IMG_0006_r2_archive.csv,0,110110000001001100100000,216,19,32,0.4900598292399433,0.3315078289955135,0.0,0.3490196078431372
IMG_0006,2,IMG_0006_r2_archive.csv,1,000111100001011000100010,30,22,34,0.4903081174486492,0.3315966356210989,0.0,0.1124183006535947
IMG_0006,2,IMG_0006_r2_archive.csv,2,001000000001010000010010,32,20,18,0.4852713811309894,0.331778017278705,0.0,0.0915032679738562
IMG_0006,2,IMG_0006_r2_archive.csv,3,000010000001101100000101,8,27,5,0.4951397347046756,0.3318140789098642,0.0,0.0522875816993464
IMG_0006,2,IMG_0006_r2_archive.csv,4,000001100010000100011011,6,33,27,0.4934493988747026,0.3316153316726256,0.0,0.0862745098039215
IMG_0006,2,IMG_0006_r2_archive.csv,5,000010010000000000010001,9,2,17,0.5108403678874418,0.3320769013950144,0.0,0.0366013071895424
IMG_0006,2,IMG_0006_r2_archive.csv,6,011100010001011100010110,113,23,22,0.4851699560707958,0.3316142204820658,0.0,0.2065359477124183
IMG_0006,2,IMG_0006_r2_archive.csv,7,111000110001011011000010,227,22,194,0.5044289664238139,0.3314688331421656,0.0,0.5790849673202614
IMG_0006,2,IMG_0006_r2_archive.csv,8,000001100001001101001001,6,19,73,0.499140360695406,0.3314696068516073,0.0,0.1281045751633986
IMG_0006,2,IMG_0006_r2_archive.csv,9,000010100001000000100001,10,16,33,0.4911219985264116,0.3317047797757612,0.0,0.0771241830065359
IMG_0006,2,IMG_0006_r2_archive.csv,10,011000000001000100010100,96,17,20,0.4863326360680002,0.3317399212669129,0.0,0.1738562091503268
IMG_0006,2,IMG_0006_r2_archive.csv,11,000010100001101100000001,10,27,2,0.5096337144542903,0.3317662109479368,0.0,0.0509803921568627
IMG_0006,2,IMG_0006_r2_archive.csv,12,000010000000101100000001,8,11,2,0.5129173126801645,0.3316795061148457,0.0,0.0274509803921568
IMG_0006,2,IMG_0006_r2_archive.csv,13,001000000001100100011100,32,25,28,0.487817285601028,0.3316807092625918,0.0,0.1111111111111111
IMG_0006,2,IMG_0006_r2_archive.csv,14,000011000001000100001101,12,17,13,0.4884651783874584,0.3318884294830139,0.0,0.0549019607843137
IMG_0006,2,IMG_0006_r2_archive.csv,15,110001100001011001010001,198,22,81,0.4962011504994613,0.3314940812699287,0.0,0.3934640522875817
IMG_0006,2,IMG_0006_r2_archive.csv,16,100111100001001100100011,158,19,35,0.4923257903844091,0.3315130977992993,0.0,0.2771241830065359
IMG_0006,2,IMG_0006_r2_archive.csv,17,010111100001011000101001,94,22,41,0.4895370668700121,0.3316124533209481,0.0,0.2052287581699346
IMG_0006,2,IMG_0006_r2_archive.csv,18,000010010000100100010001,9,9,17,0.4917349597770859,0.331863939701378,0.0,0.0457516339869281
IMG_0006,2,IMG_0006_r2_archive.csv,19,000001110010110101101011,7,45,107,0.5017418711583789,0.3314695974388807,0.0,0.2078431372549019
IMG_0006,2,IMG_0006_r2_archive.csv,20,011100110001111000100011,115,30,35,0.4901215562945235,0.3315793481402626,0.0,0.2352941176470588
IMG_0006,2,IMG_0006_r2_archive.csv,21,011101010000100000111010,117,8,58,0.4961361893569851,0.3315202311448584,0.0,0.2392156862745098
IMG_0006,2,IMG_0006_r2_archive.csv,22,000110110001011001001011,27,22,75,0.49314532688289,0.3315244834820905,0.0,0.1620915032679738
IMG_0006,2,IMG_0006_r2_archive.csv,23,000010100001011001010000,10,22,80,0.4964614776426911,0.3314930372167218,0.0,0.1464052287581699
IMG_0015,1,IMG_0015_r1_archive.csv,0,001100000001100100110001,48,25,49,0.4454604055173211,0.3384191238319572,0.0,0.1594771241830065
IMG_0015,1,IMG_0015_r1_archive.csv,1,001100000001100100110011,48,25,51,0.4456638398054172,0.3384089333857679,0.0,0.1620915032679738
IMG_0015,1,IMG_0015_r1_archive.csv,2,000011100010111000000111,14,46,7,0.4525456232677395,0.3382540281364088,0.0,0.0875816993464052
IMG_0015,1,IMG_0015_r1_archive.csv,3,001010010011101100110101,41,59,53,0.4471468638282984,0.3382623229604563,0.0,0.2
IMG_0015,1,IMG_0015_r1_archive.csv,4,001000100000111000111100,34,14,60,0.4499241156434831,0.3382742808805876,0.0,0.1411764705882353
IMG_0015,1,IMG_0015_r1_archive.csv,5,001100000000110100010001,48,13,17,0.4486780181906786,0.338378418044259,0.0,0.1019607843137254
IMG_0015,1,IMG_0015_r1_archive.csv,6,001000000010101000011000,32,42,24,0.4460910695894365,0.3382983286330825,0.0,0.1281045751633986
IMG_0015,1,IMG_0015_r1_archive.csv,7,000000000000000000000111,2,2,7,0.4855131787201767,0.3387249389289244,0.0,0.0143790849673202
IMG_0015,1,IMG_0015_r1_archive.csv,8,000100010000101000001101,17,10,13,0.4514722785990127,0.3384221410040592,0.0,0.0522875816993464
IMG_0015,1,IMG_0015_r1_archive.csv,9,000100010000110100101001,17,13,41,0.4492757826147212,0.3383257269884483,0.0,0.0928104575163398
IMG_0015,1,IMG_0015_r1_archive.csv,10,000000000000110100000100,2,13,4,0.4744123752059592,0.3382844927778555,0.0,0.0248366013071895
IMG_0015,1,IMG_0015_r1_archive.csv,11,000000000000100000000101,2,8,5,0.4747300523790515,0.3386064321128434,0.0,0.0196078431372549
IMG_0015,1,IMG_0015_r1_archive.csv,12,000010100001010100000110,10,21,6,0.4536276288577165,0.3383987414349014,0.0,0.0483660130718954
IMG_0015,1,IMG_0015_r1_archive.csv,13,000101110100000000000111,23,64,7,0.4505104422331082,0.3381305631448912,0.0,0.122875816993464
IMG_0015,1,IMG_0015_r1_archive.csv,14,000100000010100000000000,16,40,2,0.4606897762167303,0.3383704956102078,0.0,0.0758169934640522
IMG_0015,1,IMG_0015_r1_archive.csv,15,000000100000110100000100,2,13,4,0.4744123752059592,0.3382844927778555,0.0,0.0248366013071895
IMG_0015,1,IMG_0015_r1_archive.csv,16,000100000010100000010100,16,40,20,0.4480918524588285,0.3383897605760341,0.0,0.0993464052287581
IMG_0015,1,IMG_0015_r1_archive.csv,17,000110100100000100111110,26,65,62,0.4499793745222714,0.3382382852432439,0.0,0.2
IMG_0015,1,IMG_0015_r1_archive.csv,18,000101000010100000000000,20,40,2,0.4601005795857524,0.3383321668743888,0.0,0.0810457516339869
IMG_0015,1,IMG_0015_r1_archive.csv,19,000110000011100000100001,24,56,33,0.4460902653005618,0.3382988452461435,0.0,0.1477124183006536
IMG_0015,1,IMG_0015_r1_archive.csv,20,000111000010000100001101,28,33,13,0.4479003639770706,0.3383930102410343,0.0,0.0967320261437908
IMG_0015,1,IMG_0015_r1_archive.csv,21,001000010100000000100001,33,64,33,0.4465840902034027,0.3382950804999345,0.0,0.1699346405228758
IMG_0015,1,IMG_0015_r1_archive.csv,22,000110110100000100111110,27,65,62,0.4502032885449759,0.3381825144776488,0.0,0.2013071895424836
IMG_0015,1,IMG_0015_r1_archive.csv,23,000110000100000100111111,24,65,63,0.4504734026138806,0.3381637705906972,0.0,0.1986928104575163
IMG_0015,1,IMG_0015_r1_archive.csv,24,000110110100000100101010,27,65,42,0.4468950367485438,0.3382649571920667,0.0,0.1751633986928104
IMG_0015,1,IMG_0015_r1_archive.csv,25,000110110000100100101110,27,9,46,0.4511516213239849,0.3383240652532668,0.0,0.1071895424836601
IMG_0015,1,IMG_0015_r1_archive.csv,26,010000010100000000101010,65,64,42,0.4458637182900676,0.3382955260099768,0.0,0.2235294117647059
IMG_0015,1,IMG_0015_r1_archive.csv,27,000010000011100100100000,8,57,32,0.4500489751416246,0.3383100010757445,0.0,0.126797385620915
IMG_0015,2,IMG_0015_r2_archive.csv,0,000110100001101000001001,26,26,9,0.4485990539555847,0.3385818102124713,0.0,0.0797385620915032
IMG_0015,2,IMG_0015_r2_archive.csv,1,000011010001100000100101,13,24,37,0.4476078144816624,0.3386508605096399,0.0,0.0967320261437908
IMG_0015,2,IMG_0015_r2_archive.csv,2,000110000000101100011110,24,11,30,0.4491667887729071,0.3384352667342019,0.0,0.0849673202614379
IMG_0015,2,IMG_0015_r2_archive.csv,3,000110001100000100000011,24,193,3,0.4662467519771145,0.3383209810921765,0.0,0.2875816993464052
IMG_0015,2,IMG_0015_r2_archive.csv,4,000111011011001000110011,29,178,51,0.4560946368222506,0.3382298531686322,0.0,0.3372549019607843
IMG_0015,2,IMG_0015_r2_archive.csv,5,001001000001101000100010,36,26,34,0.4461148765401264,0.3385152907074711,0.0,0.1254901960784313
IMG_0015,2,IMG_0015_r2_archive.csv,6,000000000000010000001110,2,4,14,0.4752447125968453,0.3387541784103094,0.0,0.0261437908496732
IMG_0015,2,IMG_0015_r2_archive.csv,7,000100010001000100010100,17,17,20,0.4487083949115447,0.3384990719584555,0.0,0.0705882352941176
IMG_0015,2,IMG_0015_r2_archive.csv,8,010001100010000000100011,70,32,35,0.4451150946717354,0.3385940167665472,0.0,0.1790849673202614
IMG_0015,2,IMG_0015_r2_archive.csv,9,001011010001100000010011,45,24,19,0.4464368206773536,0.3386965609426717,0.0,0.115032679738562
IMG_0015,2,IMG_0015_r2_archive.csv,10,000000000000100000000000,2,8,2,0.4824282567787402,0.3386046199849723,0.0,0.0156862745098039
IMG_0015,2,IMG_0015_r2_archive.csv,11,000011011011001000110010,13,178,50,0.4578255342101023,0.3382517440798502,0.0,0.3150326797385621
IMG_0015,2,IMG_0015_r2_archive.csv,12,000000000000001100001000,2,3,8,0.4799503020193121,0.3385798011963377,0.0,0.0169934640522875
IMG_0015,2,IMG_0015_r2_archive.csv,13,010010100010000000100001,74,32,33,0.445086182603241,0.3385864717006071,0.0,0.1816993464052287
IMG_0015,2,IMG_0015_r2_archive.csv,14,000000100000100000000000,2,8,2,0.4824282567787402,0.3386046199849723,0.0,0.0156862745098039
IMG_0015,2,IMG_0015_r2_archive.csv,15,010111100000110100101100,94,13,44,0.4499420809170834,0.3384337915418967,0.0,0.1973856209150327
IMG_0015,2,IMG_0015_r2_archive.csv,16,000101100011100000100001,22,56,33,0.4457505929432974,0.3385933884050007,0.0,0.1450980392156863
IMG_0015,2,IMG_0015_r2_archive.csv,17,001010010011111100100111,41,63,39,0.4458079429731598,0.3385439962705533,0.0,0.1869281045751634
IMG_0015,2,IMG_0015_r2_archive.csv,18,010111001110111101011001,92,239,89,0.4676058308513116,0.338192505408222,0.0,0.5490196078431373
IMG_0015,2,IMG_0015_r2_archive.csv,19,001000010100000101010001,33,65,81,0.4520768329143971,0.3384281103455255,0.0,0.2339869281045751
IMG_0015,2,IMG_0015_r2_archive.csv,20,010000111110001100100111,67,227,39,0.4573347740711838,0.3382137998654377,0.0,0.4352941176470588
IMG_0015,2,IMG_0015_r2_archive.csv,21,000000000000001000000000,2,2,2,0.4954992293879207,0.3386248993642423,0.0,0.0078431372549019
IMG_0015,2,IMG_0015_r2_archive.csv,22,000010000000110100100010,8,13,34,0.4522722581785415,0.338410408953042,0.0,0.0718954248366013
IMG_0015,2,IMG_0015_r2_archive.csv,23,011110011011111101001111,121,191,79,0.4657121284628318,0.3381965174698393,0.0,0.5111111111111112
IMG_0015,2,IMG_0015_r2_archive.csv,24,000010000000101100001011,8,11,11,0.4543382646425689,0.3383561206243162,0.0,0.0392156862745098
IMG_0015,2,IMG_0015_r2_archive.csv,25,000111001001010000100111,28,148,39,0.4540436493946826,0.3383866796559975,0.0,0.2810457516339869
IMG_0015,2,IMG_0015_r2_archive.csv,26,000001010001000000000000,5,16,2,0.4675359085164084,0.3387518618503334,0.0,0.0300653594771241
IMG_0015,2,IMG_0015_r2_archive.csv,27,000100000000001100000000,16,3,2,0.4721457452317977,0.3386018179808812,0.0,0.0274509803921568
IMG_0015,2,IMG_0015_r2_archive.csv,28,000100000001111000010000,16,30,16,0.4479716070389679,0.3387056618436863,0.0,0.0810457516339869
IMG_0015,2,IMG_0015_r2_archive.csv,29,000101101011000100101100,22,177,44,0.4566660798345952,0.3382618710151288,0.0,0.3176470588235294
IMG_0015,2,IMG_0015_r2_archive.csv,30,000011110000100000000000,15,8,2,0.4643982082923971,0.3386268649893935,0.0,0.0326797385620915
IMG_0015,2,IMG_0015_r2_archive.csv,31,000010001100111000000100,8,206,4,0.468601227228786,0.3383321090484584,0.0,0.2849673202614379
IMG_0015,2,IMG_0015_r2_archive.csv,32,001100000011011000100001,48,54,33,0.4446080201679593,0.3386003227064718,0.0,0.1764705882352941
IMG_0015,2,IMG_0015_r2_archive.csv,33,000110000010000000100101,24,32,37,0.4459174786516894,0.3386062339651239,0.0,0.1215686274509803
IMG_0015,2,IMG_0015_r2_archive.csv,34,000101100011100000110001,22,56,49,0.4455304463790057,0.3385897031642542,0.0,0.1660130718954248
IMG_0015,2,IMG_0015_r2_archive.csv,35,000101111110000000110000,23,224,48,0.4602804778415165,0.3382280124858282,0.0,0.3856209150326797
IMG_0034,1,IMG_0034_r1_archive.csv,0,000011011000111100111111,13,143,63,0.4162796505876629,0.3522474918952856,0.0,0.2862745098039215
IMG_0034,1,IMG_0034_r1_archive.csv,1,100111001100000100000110,156,193,6,0.4163853426119916,0.3522169911964627,0.0,0.4640522875816993
IMG_0034,1,IMG_0034_r1_archive.csv,2,101010100001111000110111,170,30,55,0.413852848600663,0.3523560946665882,0.0,0.3333333333333333
IMG_0034,1,IMG_0034_r1_archive.csv,5,000101010001000000101101,21,16,45,0.419168249847895,0.3526989054313277,0.0,0.1071895424836601
IMG_0034,1,IMG_0034_r1_archive.csv,7,010000001000100000001000,64,136,8,0.4183824342187588,0.3521354318554582,0.0,0.2718954248366013
IMG_0034,1,IMG_0034_r1_archive.csv,11,000010000010001001011000,8,34,88,0.4201168450790631,0.3523685042820247,0.0,0.1699346405228758
IMG_0034,1,IMG_0034_r1_archive.csv,12,011110011011100100011000,121,185,24,0.411952102334881,0.3523377089763759,0.0,0.4313725490196078
IMG_0034,1,IMG_0034_r1_archive.csv,13,101110010111111000011011,185,126,27,0.4112198777433931,0.3523324525503373,0.0,0.4418300653594771
IMG_0034,1,IMG_0034_r1_archive.csv,17,011101010100001100101011,117,67,43,0.4141363477296817,0.3525995272560155,0.0,0.2967320261437908
IMG_0034,1,IMG_0034_r1_archive.csv,18,111011011110101111001101,237,235,205,0.4089179606531308,0.352162313255649,0.0,0.8849673202614379
IMG_0034,1,IMG_0034_r1_archive.csv,19,110011000010011100110000,204,39,48,0.4134333484560392,0.3523533850342323,0.0,0.3803921568627451
IMG_0034,1,IMG_0034_r1_archive.csv,20,100100010010000101000110,145,33,70,0.4140372170093305,0.3523188816167477,0.0,0.3241830065359477
IMG_0034,1,IMG_0034_r1_archive.csv,22,000100101000000000100000,18,128,32,0.4163544833178008,0.3522670891687103,0.0,0.2326797385620915
IMG_0034,1,IMG_0034_r1_archive.csv,24,010010100010101000110010,74,42,50,0.4161898072872644,0.3525173645284787,0.0,0.2169934640522876
IMG_0034,1,IMG_0034_r1_archive.csv,26,100000000010101100100100,128,43,36,0.414537281500599,0.3525735942341957,0.0,0.2705882352941176
IMG_0034,1,IMG_0034_r1_archive.csv,28,000100100000000000000100,18,2,4,0.4385940612473182,0.3525648671609789,0.0,0.0313725490196078
IMG_0034,1,IMG_0034_r1_archive.csv,29,101011001000000101001110,172,129,78,0.4104601041413985,0.3521930065887754,0.0,0.4954248366013071
IMG_0034,1,IMG_0034_r1_archive.csv,30,001101101000110101001000,54,141,72,0.4138365257696069,0.3523106303468201,0.0,0.3490196078431372
IMG_0034,1,IMG_0034_r1_archive.csv,31,001010100011001100100000,42,51,32,0.4172654293634362,0.352546225868391,0.0,0.1633986928104575
IMG_0034,1,IMG_0034_r1_archive.csv,33,000000010001001000000000,2,18,2,0.4457899914778829,0.3526198649638054,0.0,0.0287581699346405
IMG_0034,1,IMG_0034_r1_archive.csv,34,101000111000001100110000,163,131,48,0.4112569935584089,0.3522519847337925,0.0,0.4470588235294118
IMG_0034,1,IMG_0034_r1_archive.csv,37,000101100010000100000001,22,33,2,0.4342350695326366,0.3524185793163588,0.0,0.0745098039215686
IMG_0034,1,IMG_0034_r1_archive.csv,41,000001100000000000000000,6,2,2,0.4502897337456296,0.3528610287235205,0.0,0.0130718954248366
IMG_0034,1,IMG_0034_r1_archive.csv,42,111011010111101101011111,237,123,95,0.4104454322190851,0.3520457187759847,0.0,0.5947712418300654
IMG_0034,1,IMG_0034_r1_archive.csv,43,000000000000000000000000,2,2,2,0.4565308714875919,0.3527450986333975,0.0,0.0078431372549019
IMG_0034,1,IMG_0034_r1_archive.csv,45,000000000010000000001000,2,32,8,0.4327296270156493,0.3524970801663694,0.0,0.0549019607843137
IMG_0034,1,IMG_0034_r1_archive.csv,46,000111110010000100101110,31,33,46,0.4176124673135528,0.3525191708389899,0.0,0.1437908496732026
IMG_0034,1,IMG_0034_r1_archive.csv,58,000100010110101101011001,17,107,89,0.4159826394055501,0.3523494662360135,0.0,0.2784313725490196
IMG_0034,1,IMG_0034_r1_archive.csv,66,001010000010011000011000,40,38,24,0.4177269387859132,0.3525376861441116,0.0,0.1333333333333333
IMG_0034,1,IMG_0034_r1_archive.csv,67,111111001111000110011111,252,241,159,0.4084515747002137,0.3522653552926203,0.0,0.8522875816993465
IMG_0034,1,IMG_0034_r1_archive.csv,68,101000100110100000110110,162,104,54,0.412188783385196,0.3523001771618712,0.0,0.4183006535947712
IMG_0034,1,IMG_0034_r1_archive.csv,69,110011100010100000111111,206,40,63,0.4129359084863617,0.3522560876405313,0.0,0.403921568627451
IMG_0034,1,IMG_0034_r1_archive.csv,70,101011100101000000101101,174,80,45,0.4127733828702902,0.352441762093491,0.0,0.3908496732026144
IMG_0034,1,IMG_0034_r1_archive.csv,76,100100101000011000100001,146,134,33,0.4115786329124837,0.3523648701548285,0.0,0.4091503267973856
IMG_0034,1,IMG_0034_r1_archive.csv,77,000011101000110100110010,14,141,50,0.4159196000901743,0.3523634752420121,0.0,0.2679738562091503
IMG_0034,1,IMG_0034_r1_archive.csv,83,000111000010000001011101,28,32,93,0.4171497387584658,0.3524895502446889,0.0,0.2
IMG_0034,1,IMG_0034_r1_archive.csv,84,111110000111101101101010,248,123,106,0.4096525388478519,0.3520804124147257,0.0,0.6235294117647059
IMG_0034,1,IMG_0034_r1_archive.csv,86,010100000011000000011110,80,48,30,0.4166376437988722,0.3525434052852187,0.0,0.2065359477124183
IMG_0034,1,IMG_0034_r1_archive.csv,87,000011110010011000100111,15,38,39,0.4189502790966641,0.3525302376852448,0.0,0.1202614379084967
IMG_0034,1,IMG_0034_r1_archive.csv,89,111010111000101100101001,235,139,41,0.4103297416141146,0.3522248891262826,0.0,0.542483660130719
IMG_0034,1,IMG_0034_r1_archive.csv,94,000001000000000000100000,4,2,32,0.4362066101517858,0.352656145574366,0.0,0.049673202614379
IMG_0034,2,IMG_0034_r2_archive.csv,0,110110111010010001100000,219,164,96,0.4095536959782559,0.352884554107833,0.0,0.6261437908496732
IMG_0034,2,IMG_0034_r2_archive.csv,3,000011000001001000100000,12,18,32,0.4206556254968979,0.3525835596682837,0.0,0.0810457516339869
IMG_0034,2,IMG_0034_r2_archive.csv,4,010000000011010100001111,64,53,15,0.4176394914197412,0.3525443463815431,0.0,0.1725490196078431
IMG_0034,2,IMG_0034_r2_archive.csv,5,011011000001110100110111,108,29,55,0.4152551812839193,0.3527841311772144,0.0,0.2509803921568627
IMG_0034,2,IMG_0034_r2_archive.csv,6,101010001111010101010000,168,245,80,0.4093745427479757,0.3527597756245877,0.0,0.6444444444444445
IMG_0034,2,IMG_0034_r2_archive.csv,7,011100101010100000100110,114,168,38,0.4121807404964493,0.352900318049708,0.0,0.4183006535947712
IMG_0034,2,IMG_0034_r2_archive.csv,8,101111111011111010111111,191,190,191,0.4095913112989938,0.3526472708359914,0.0,0.7477124183006536
IMG_0034,2,IMG_0034_r2_archive.csv,9,101011100111010011100010,174,116,226,0.410848973579196,0.3525107032677293,0.0,0.6745098039215687
IMG_0034,2,IMG_0034_r2_archive.csv,10,101110011100001000100001,185,194,33,0.4101637617889814,0.3528446391165347,0.0,0.5385620915032681
IMG_0034,2,IMG_0034_r2_archive.csv,11,010001000100000001001000,68,64,72,0.415684095841476,0.3526836606306999,0.0,0.2666666666666666
IMG_0034,2,IMG_0034_r2_archive.csv,12,111111101111111111001011,254,255,203,0.4083502089034109,0.3526470359937557,0.0,0.930718954248366
IMG_0034,2,IMG_0034_r2_archive.csv,13,000000100000000000100000,2,2,32,0.4407286354544598,0.3526337744798444,0.0,0.0470588235294117
IMG_0034,2,IMG_0034_r2_archive.csv,14,110010001000101000100001,200,138,33,0.4105586083630473,0.3527793301045329,0.0,0.4849673202614379
IMG_0034,2,IMG_0034_r2_archive.csv,17,000000100010001000000110,2,34,6,0.4340520387833607,0.352368043419436,0.0,0.0549019607843137
IMG_0034,2,IMG_0034_r2_archive.csv,21,110111011111100111011100,221,249,220,0.4087699545677965,0.352662036024679,0.0,0.9019607843137256
IMG_0034,2,IMG_0034_r2_archive.csv,22,001011110001110100110011,47,29,51,0.4169682911883431,0.3528474862596091,0.0,0.1660130718954248
IMG_0034,2,IMG_0034_r2_archive.csv,23,101100010100010000100000,177,68,32,0.4129495644648336,0.3526301275463163,0.0,0.3620915032679738
IMG_0034,2,IMG_0034_r2_archive.csv,25,101111110101011000011010,191,86,26,0.4128482833300175,0.3526057269134089,0.0,0.396078431372549
IMG_0034,2,IMG_0034_r2_archive.csv,29,100111001001000000100010,156,144,34,0.4111499977394834,0.3527248102611917,0.0,0.4366013071895425
IMG_0034,2,IMG_0034_r2_archive.csv,31,111111000001000011100111,252,16,231,0.4135041766742011,0.3525044013609671,0.0,0.6522875816993464
IMG_0034,2,IMG_0034_r2_archive.csv,32,010000110011000000101001,67,48,41,0.4160416996075459,0.3527258541728226,0.0,0.2039215686274509
IMG_0034,2,IMG_0034_r2_archive.csv,35,100000110010100000100011,131,40,35,0.4145756418468208,0.3528058035910672,0.0,0.269281045751634
IMG_0034,2,IMG_0034_r2_archive.csv,37,010011111000110100101011,79,141,43,0.4134583745393391,0.3527387718436409,0.0,0.3437908496732026
IMG_0034,2,IMG_0034_r2_archive.csv,39,111001111101011110111000,231,215,184,0.4093638330066447,0.3526803803051861,0.0,0.8235294117647058
IMG_0034,2,IMG_0034_r2_archive.csv,43,101011001010111000100100,172,174,36,0.4106608631107116,0.352693636602151,0.0,0.4993464052287582
IMG_0034,2,IMG_0034_r2_archive.csv,44,001000000000110000000011,32,12,3,0.4306842526778066,0.3526088756164429,0.0,0.061437908496732
IMG_0034,2,IMG_0034_r2_archive.csv,48,000110000001010000101000,24,20,40,0.4188805684167281,0.3527245701968927,0.0,0.1098039215686274
IMG_0034,2,IMG_0034_r2_archive.csv,52,000000100000010000000000,2,4,2,0.4517399258500272,0.3527309286792698,0.0,0.0104575163398692
IMG_0034,2,IMG_0034_r2_archive.csv,55,111000001111100000111011,224,248,59,0.4091181439209336,0.3526914578300506,0.0,0.6941176470588235
IMG_0034,2,IMG_0034_r2_archive.csv,56,100011100101111100010010,142,95,18,0.4137063241000979,0.3527883230882334,0.0,0.3333333333333333
IMG_0034,2,IMG_0034_r2_archive.csv,60,000110100001011100101100,26,23,44,0.4181389886756981,0.3526898853348232,0.0,0.1215686274509803
IMG_0034,2,IMG_0034_r2_archive.csv,64,110111010110111000010001,221,110,17,0.4122225973827263,0.3526613431803753,0.0,0.4549019607843137
IMG_0034,2,IMG_0034_r2_archive.csv,67,111111001111110010101011,252,252,171,0.4084719189756433,0.3527322146084492,0.0,0.8823529411764706
IMG_0034,2,IMG_0034_r2_archive.csv,71,100111000001100100011011,156,25,27,0.4140579337975019,0.3524413378340194,0.0,0.2718954248366013
IMG_0034,2,IMG_0034_r2_archive.csv,72,111001101111000110110101,230,241,181,0.4090085743776093,0.3526815655137014,0.0,0.8522875816993465
IMG_0034,2,IMG_0034_r2_archive.csv,74,001011100010001100010110,46,35,22,0.4171600082574654,0.3526348298775612,0.0,0.134640522875817
IMG_0034,2,IMG_0034_r2_archive.csv,75,000000110000000000010010,3,2,18,0.4384950744523446,0.3526916568272257,0.0,0.0300653594771241
IMG_0034,2,IMG_0034_r2_archive.csv,76,101100001101111000100010,176,222,34,0.4098075295470977,0.352710677096662,0.0,0.5647058823529412
IMG_0034,2,IMG_0034_r2_archive.csv,77,011010100010001000101111,106,34,47,0.4156520851442646,0.3527347232720432,0.0,0.2444444444444444
IMG_0034,2,IMG_0034_r2_archive.csv,79,001101110010000000110110,55,32,54,0.416877855254037,0.3526216819931091,0.0,0.1843137254901961
IMG_0034,2,IMG_0034_r2_archive.csv,80,011100111010010000101110,115,164,46,0.4119308945071861,0.3528809085200694,0.0,0.4248366013071895
IMG_0063,1,IMG_0063_r1_archive.csv,0,000001010000010000001011,5,4,11,0.5282967210869851,0.3036891960274112,0.0,0.0261437908496732
IMG_0063,1,IMG_0063_r1_archive.csv,1,000001100000000000001100,6,2,12,0.5396855531465153,0.3034734143292794,0.0,0.0261437908496732
IMG_0063,1,IMG_0063_r1_archive.csv,2,000000010000010000000010,2,4,2,0.5670201063744165,0.303777418546593,0.0,0.0104575163398692
IMG_0063,1,IMG_0063_r1_archive.csv,3,000001100000000000001110,6,2,14,0.5451302586461961,0.3033120599471692,0.0,0.0287581699346405
IMG_0063,1,IMG_0063_r1_archive.csv,4,000000110000010000001100,3,4,12,0.5388915337708576,0.303518085917786,0.0,0.0248366013071895
IMG_0063,2,IMG_0063_r2_archive.csv,0,000001100001111000000101,6,30,5,0.5446872224692402,0.3034578034782644,0.0,0.05359477124183
IMG_0063,2,IMG_0063_r2_archive.csv,1,000001100000110000100100,6,12,36,0.5551699257501842,0.3032600567362437,0.0,0.0705882352941176
IMG_0063,2,IMG_0063_r2_archive.csv,2,001000000000110100100100,32,13,36,0.5922320481339118,0.3031238503169025,0.0,0.1058823529411764
IMG_0063,2,IMG_0063_r2_archive.csv,3,000101000001110001011111,20,28,95,0.618557811458026,0.3030201341792451,0.0,0.1869281045751634
IMG_0063,2,IMG_0063_r2_archive.csv,4,000000100000110100001000,2,13,8,0.5707395868393615,0.3035205436830543,0.0,0.0300653594771241
IMG_0063,2,IMG_0063_r2_archive.csv,5,000111100001000100001100,30,17,12,0.5780294664766849,0.3031541635792028,0.0,0.0771241830065359
IMG_0063,2,IMG_0063_r2_archive.csv,6,000110100001000000101100,26,16,44,0.5988738825932285,0.3030857408086841,0.0,0.1124183006535947
IMG_0063,2,IMG_0063_r2_archive.csv,7,000001010000011101000111,5,7,71,0.5516528466970964,0.3032867278139891,0.0,0.1084967320261438
IMG_0063,2,IMG_0063_r2_archive.csv,8,000001010000011000010001,5,6,17,0.5323942850526084,0.303573676311697,0.0,0.0366013071895424
IMG_0063,2,IMG_0063_r2_archive.csv,9,000001000000011101100101,4,7,101,0.5717041154564465,0.3032133686349854,0.0,0.1464052287581699
IMG_0063,2,IMG_0063_r2_archive.csv,10,100001110000111101001111,135,15,79,0.6199248654913802,0.3029953071175588,0.0,0.2993464052287581
IMG_0063,2,IMG_0063_r2_archive.csv,11,000001000000011001001010,4,6,74,0.5670915441588835,0.3032445773221813,0.0,0.1098039215686274
IMG_0063,2,IMG_0063_r2_archive.csv,12,000001000000111101100011,4,15,99,0.592136701804371,0.303080277473285,0.0,0.1542483660130719
IMG_0063,2,IMG_0063_r2_archive.csv,13,000010000001110100000011,8,29,3,0.5300030241676696,0.3035567837761426,0.0,0.0522875816993464
IMG_0063,2,IMG_0063_r2_archive.csv,14,000001010000111101000111,5,15,71,0.5723519235808902,0.303114657477823,0.0,0.118954248366013
IMG_0063,2,IMG_0063_r2_archive.csv,15,010010010000110100000011,73,13,3,0.5476141228123033,0.3032184218644851,0.0,0.1163398692810457
IMG_0063,2,IMG_0063_r2_archive.csv,16,000011000000000000000101,12,2,5,0.5475990783772479,0.3035778949869453,0.0,0.0248366013071895
IMG_0063,2,IMG_0063_r2_archive.csv,17,000000000001110100000011,2,29,3,0.5545828456688766,0.3034690102039666,0.0,0.0444444444444444
IMG_0063,2,IMG_0063_r2_archive.csv,18,000011000000101100001000,12,11,8,0.5548326577933451,0.3033947116235426,0.0,0.0405228758169934
IMG_0065,1,IMG_0065_r1_archive.csv,0,011011110110010101000110,111,101,70,0.4106110478648718,0.3514913964400397,0.0,0.3686274509803922
IMG_0065,1,IMG_0065_r1_archive.csv,1,001111110010000000011000,63,32,24,0.412344612105308,0.3514690567006557,0.0,0.1555555555555555
IMG_0065,1,IMG_0065_r1_archive.csv,2,000111001110110010001010,28,236,138,0.4133052716695959,0.3512057956445574,0.0,0.5254901960784314
IMG_0065,1,IMG_0065_r1_archive.csv,3,000001000011000100000001,4,49,2,0.4351294047636576,0.3511479956898731,0.0,0.0718954248366013
IMG_0065,1,IMG_0065_r1_archive.csv,4,010000000100001000110100,64,66,52,0.411134606057479,0.3515359384748359,0.0,0.2379084967320261
IMG_0065,1,IMG_0065_r1_archive.csv,5,001000100010010100001000,34,37,8,0.4153501295693191,0.3513828438480486,0.0,0.1032679738562091
IMG_0065,1,IMG_0065_r1_archive.csv,6,001111000000111000100111,60,14,39,0.4133244476096075,0.3513141350085142,0.0,0.1477124183006536
IMG_0065,1,IMG_0065_r1_archive.csv,7,000111010010001000111110,29,34,62,0.4127422525249385,0.3512590028309716,0.0,0.1633986928104575
IMG_0065,1,IMG_0065_r1_archive.csv,8,010111000010101000110100,92,42,52,0.4112686090501956,0.35135349956187,0.0,0.2431372549019607
IMG_0065,1,IMG_0065_r1_archive.csv,9,011110000011111000110001,120,62,49,0.4109876582469798,0.3515410893246266,0.0,0.3019607843137254
IMG_0065,1,IMG_0065_r1_archive.csv,10,010000010011100000010001,65,56,17,0.412436749745549,0.3514669271831677,0.0,0.1803921568627451
IMG_0065,1,IMG_0065_r1_archive.csv,11,010000000100000000101011,64,64,43,0.411326568646363,0.3515571782483612,0.0,0.2235294117647059
IMG_0065,1,IMG_0065_r1_archive.csv,12,011011111110110001100110,111,236,102,0.4119481230886981,0.3512951034596914,0.0,0.5869281045751633
IMG_0065,1,IMG_0065_r1_archive.csv,13,000010000000000000000000,8,2,2,0.4463629582731869,0.3516902278705313,0.0,0.0156862745098039
IMG_0065,1,IMG_0065_r1_archive.csv,14,011011001110111100101101,108,239,45,0.4110197705385753,0.351396559440756,0.0,0.5124183006535947
IMG_0065,1,IMG_0065_r1_archive.csv,15,010110010101011000111010,89,86,58,0.4108275116327375,0.3513991163278118,0.0,0.3045751633986928
IMG_0065,1,IMG_0065_r1_archive.csv,17,001001100010000001111001,38,32,121,0.4131948131754101,0.3512398520678618,0.0,0.2496732026143791
IMG_0065,1,IMG_0065_r1_archive.csv,18,010000000011000000011000,64,48,24,0.4119785844715509,0.3515703711683941,0.0,0.1777777777777777
IMG_0065,1,IMG_0065_r1_archive.csv,19,000110010001100000010000,25,24,16,0.4146086683550707,0.3514015528545349,0.0,0.0849673202614379
IMG_0065,1,IMG_0065_r1_archive.csv,20,001011100001101100001101,46,27,13,0.4138676135183589,0.3514357499347806,0.0,0.1124183006535947
IMG_0065,1,IMG_0065_r1_archive.csv,21,000011011110110011110011,13,236,243,0.4157952230325545,0.3511807698859755,0.0,0.6431372549019608
IMG_0065,1,IMG_0065_r1_archive.csv,22,001100110011000000010011,51,48,19,0.4127691327057494,0.3514706202214277,0.0,0.1542483660130719
IMG_0065,1,IMG_0065_r1_archive.csv,23,000001010000100000001010,5,8,10,0.4252818865049244,0.3513638254714126,0.0,0.0300653594771241
IMG_0065,1,IMG_0065_r1_archive.csv,24,000100110010000000110011,19,32,51,0.4135927668443918,0.3512457522058685,0.0,0.1333333333333333
IMG_0065,1,IMG_0065_r1_archive.csv,25,001011010101100001111000,45,88,120,0.4124254981675025,0.3512910900105281,0.0,0.330718954248366
IMG_0065,1,IMG_0065_r1_archive.csv,26,000110010001001110000011,25,19,131,0.415312810565535,0.3511813199499103,0.0,0.2287581699346405
IMG_0065,1,IMG_0065_r1_archive.csv,27,000011100000101000000001,14,10,2,0.4300997038571012,0.3513143477628111,0.0,0.0339869281045751
IMG_0065,1,IMG_0065_r1_archive.csv,28,001101100001001110001101,54,19,141,0.4140124193805919,0.3512057571537297,0.0,0.2797385620915033
IMG_0065,1,IMG_0065_r1_archive.csv,29,001001100000101100100111,38,11,39,0.4145740162038709,0.3512921458468835,0.0,0.115032679738562
IMG_0065,1,IMG_0065_r1_archive.csv,30,001011110100000000110010,47,64,50,0.4115795047981446,0.351505567896474,0.0,0.2104575163398692
IMG_0065,1,IMG_0065_r1_archive.csv,31,000001100001001100001101,6,19,13,0.4205697442446787,0.3514183881428447,0.0,0.049673202614379
IMG_0065,1,IMG_0065_r1_archive.csv,32,001001000001101100101000,36,27,40,0.4127893584543974,0.351381691833313,0.0,0.134640522875817
IMG_0065,1,IMG_0065_r1_archive.csv,33,000100110000101100001111,19,11,15,0.4168932128056404,0.3511966059768829,0.0,0.0588235294117647
IMG_0065,1,IMG_0065_r1_archive.csv,34,001011100000101100110111,46,11,55,0.4142859622599621,0.3512169956827731,0.0,0.1464052287581699
IMG_0065,1,IMG_0065_r1_archive.csv,35,000100110010011010000010,19,38,130,0.4144908358018341,0.3512132202923748,0.0,0.2444444444444444
IMG_0065,1,IMG_0065_r1_archive.csv,36,010110000010111000110100,88,46,52,0.4112829761893565,0.3513517748387273,0.0,0.2431372549019607
IMG_0065,1,IMG_0065_r1_archive.csv,37,011011000110001100110110,108,99,54,0.4107729639146384,0.3514865126533709,0.0,0.3411764705882353
IMG_0065,1,IMG_0065_r1_archive.csv,38,010111010001001101010110,93,19,86,0.4120353503337043,0.3513004810234904,0.0,0.2588235294117647
IMG_0065,1,IMG_0065_r1_archive.csv,39,011011011111000100110110,109,241,54,0.4109482988893136,0.351328213613563,0.0,0.5281045751633987
IMG_0065,1,IMG_0065_r1_archive.csv,40,011010100110001100110110,106,99,54,0.4107635579679042,0.3514996249535049,0.0,0.3385620915032679
IMG_0065,2,IMG_0065_r2_archive.csv,0,010011010000110101001111,77,13,79,0.4132465331831499,0.3513662447558442,0.0,0.2209150326797385
IMG_0065,2,IMG_0065_r2_archive.csv,2,000101010011110000000011,21,60,3,0.4217807069729587,0.3514901179195362,0.0,0.1098039215686274
IMG_0065,2,IMG_0065_r2_archive.csv,5,010101100011110000110110,86,60,54,0.411210784913207,0.3515319883800525,0.0,0.261437908496732
IMG_0065,2,IMG_0065_r2_archive.csv,6,111000000100111100101001,224,79,41,0.4117233116489334,0.3513241692832651,0.0,0.4496732026143791
IMG_0065,2,IMG_0065_r2_archive.csv,8,000000001100001110010001,2,195,145,0.4343203748177392,0.3510992647317638,0.0,0.4470588235294118
IMG_0065,2,IMG_0065_r2_archive.csv,10,000011010010111001100111,13,46,103,0.4153221657150771,0.35115477869339,0.0,0.2117647058823529
IMG_0065,2,IMG_0065_r2_archive.csv,11,110110010010111101111110,217,47,126,0.4130458588758236,0.3512951419504573,0.0,0.5098039215686274
IMG_0065,2,IMG_0065_r2_archive.csv,12,001001000001110000001100,36,28,12,0.4141336214809034,0.3515634643680966,0.0,0.0993464052287581
IMG_0065,2,IMG_0065_r2_archive.csv,13,010010000010101001101001,72,42,105,0.4120566512895847,0.3513706777397338,0.0,0.2862745098039215
IMG_0065,2,IMG_0065_r2_archive.csv,14,010011010001110101101101,77,29,109,0.4128858646531576,0.3513907705488115,0.0,0.2810457516339869
IMG_0065,2,IMG_0065_r2_archive.csv,16,010010000011100101101001,72,57,105,0.4117459079332118,0.3513352847111672,0.0,0.3058823529411765
IMG_0065,2,IMG_0065_r2_archive.csv,17,010010100100010000100010,74,68,34,0.4115953789206708,0.3514278433152073,0.0,0.2300653594771241
IMG_0065,2,IMG_0065_r2_archive.csv,18,000111000010100101111010,28,41,122,0.4138675881197629,0.3513382098890101,0.0,0.2496732026143791
IMG_0065,2,IMG_0065_r2_archive.csv,19,000000000000001100000011,2,3,3,0.4524776787364505,0.3513006239961294,0.0,0.0104575163398692
IMG_0065,2,IMG_0065_r2_archive.csv,20,000000000000010000001010,2,4,10,0.4428514245802348,0.3515601979363503,0.0,0.0209150326797385
IMG_0065,2,IMG_0065_r2_archive.csv,22,001010000001000000011111,40,16,31,0.4137144853828228,0.3516620625833224,0.0,0.1137254901960784
IMG_0065,2,IMG_0065_r2_archive.csv,23,001101000100000001001101,52,64,77,0.4112967845594046,0.3513919814544421,0.0,0.2522875816993464
IMG_0065,2,IMG_0065_r2_archive.csv,24,000100100010111101111011,18,47,123,0.4143695405733371,0.3513132965992116,0.0,0.2457516339869281
IMG_0065,2,IMG_0065_r2_archive.csv,25,110100000011100101111111,208,57,127,0.412977274200312,0.3512793259802669,0.0,0.5124183006535947
IMG_0065,2,IMG_0065_r2_archive.csv,26,000000010100000000000000,2,64,2,0.4459695086219033,0.3511454042906761,0.0,0.0888888888888888
IMG_0065,2,IMG_0065_r2_archive.csv,27,001110110011110000111011,59,60,59,0.411289774546897,0.3514371713447464,0.0,0.2326797385620915
IMG_0065,2,IMG_0065_r2_archive.csv,28,000001100100000100000001,6,65,2,0.4313466225311777,0.3513852626904791,0.0,0.0954248366013071
IMG_0065,2,IMG_0065_r2_archive.csv,29,000100100010101001101011,18,42,107,0.4139290781207801,0.35138793104562,0.0,0.2183006535947712
IMG_0065,2,IMG_0065_r2_archive.csv,31,000111010000110000001011,29,12,11,0.4169158768195084,0.3515521006546231,0.0,0.0679738562091503
IMG_0065,2,IMG_0065_r2_archive.csv,33,000010000010010000000011,8,36,3,0.4254933721479658,0.351468576383031,0.0,0.061437908496732
IMG_0065,2,IMG_0065_r2_archive.csv,34,001000000011010000000010,32,52,2,0.4255249764676405,0.3514316670585451,0.0,0.1124183006535947
IMG_0065,2,IMG_0065_r2_archive.csv,35,010011010011110101101011,77,61,107,0.4120072679526807,0.3513306434212218,0.0,0.3202614379084967
IMG_0065,2,IMG_0065_r2_archive.csv,36,001010010011000000011101,41,48,29,0.4124453683358059,0.3514484499914154,0.0,0.1542483660130719
IMG_0065,2,IMG_0065_r2_archive.csv,37,011101000101010001001100,116,84,76,0.4108762346061444,0.3514911617939744,0.0,0.3607843137254902
IMG_0065,2,IMG_0065_r2_archive.csv,38,111010000001010110010000,232,21,144,0.4140706837599118,0.3512450763229021,0.0,0.5189542483660131
IMG_0065,2,IMG_0065_r2_archive.csv,40,011100000101110001000011,112,92,67,0.4107595703883256,0.3515738239747113,0.0,0.3542483660130718
IMG_0065,2,IMG_0065_r2_archive.csv,41,010111100011100110010001,94,57,145,0.4125885402216935,0.3513256593093819,0.0,0.3869281045751634
IMG_0065,2,IMG_0065_r2_archive.csv,42,001100000100000000100100,48,64,36,0.4117161831096443,0.351392231496147,0.0,0.1934640522875817
IMG_0065,2,IMG_0065_r2_archive.csv,43,000011010000010101001111,13,5,79,0.4202434315489323,0.3513435073547944,0.0,0.126797385620915
IMG_0065,2,IMG_0065_r2_archive.csv,44,000011010001000001011011,13,16,91,0.4160041942145878,0.35140259152465,0.0,0.1568627450980392
IMG_0065,2,IMG_0065_r2_archive.csv,45,010000010110100100111100,65,105,60,0.4109245088710211,0.3515143496942418,0.0,0.3006535947712418
IMG_0065,2,IMG_0065_r2_archive.csv,46,000011010110000000011100,13,96,28,0.4142229737417785,0.3513612908446788,0.0,0.1790849673202614
IMG_0065,2,IMG_0065_r2_archive.csv,47,011000011110111101010011,97,239,83,0.4108207725385878,0.3515377716925816,0.0,0.5477124183006535
IMG_0065,2,IMG_0065_r2_archive.csv,49,000001110000001100010010,7,3,18,0.4288454788535634,0.3514230526084614,0.0,0.0366013071895424
IMG_0065,2,IMG_0065_r2_archive.csv,52,000011011101000001100011,13,208,99,0.4146961919170308,0.3512482527675837,0.0,0.4183006535947712
IMG_0065,2,IMG_0065_r2_archive.csv,54,010110100100110001000111,90,76,71,0.4108969259957197,0.351438642520632,0.0,0.3098039215686274
IMG_0067,1,IMG_0067_r1_archive.csv,0,010011110011010100111000,79,53,56,0.3073990397984404,0.3705166625950128,0.0,0.2457516339869281
IMG_0067,1,IMG_0067_r1_archive.csv,2,000110010001110100001000,25,29,8,0.3120526128962136,0.3708907642741943,0.0,0.0810457516339869
IMG_0067,1,IMG_0067_r1_archive.csv,4,011000111011110111100100,99,189,228,0.3020133437035635,0.3701452377181664,0.0,0.6745098039215687
IMG_0067,1,IMG_0067_r1_archive.csv,8,000100010001011100010100,17,23,20,0.3120169448011723,0.3709179980007042,0.0,0.0784313725490196
IMG_0067,1,IMG_0067_r1_archive.csv,9,011101101100101000011100,118,202,28,0.302624019080594,0.3703932879481531,0.0,0.4549019607843137
IMG_0067,1,IMG_0067_r1_archive.csv,10,000010010001010101000000,9,21,64,0.3119958131692655,0.3707461477025012,0.0,0.122875816993464
IMG_0067,1,IMG_0067_r1_archive.csv,13,101000010110011000010100,161,102,20,0.3037221866438523,0.3706360927771323,0.0,0.3699346405228758
IMG_0067,1,IMG_0067_r1_archive.csv,21,000011100101010101100001,14,85,97,0.3084155254768282,0.3704204461056031,0.0,0.2562091503267973
IMG_0067,1,IMG_0067_r1_archive.csv,22,111111101100100110010011,254,201,147,0.2979253888734426,0.3699957291491407,0.0,0.7869281045751634
IMG_0067,1,IMG_0067_r1_archive.csv,26,000000000000000100010000,2,2,16,0.3204278846029862,0.3705160634110763,0.0,0.0261437908496732
IMG_0067,1,IMG_0067_r1_archive.csv,29,101001111100000100011100,167,193,28,0.3013183534538728,0.3705242074363298,0.0,0.5071895424836602
IMG_0067,1,IMG_0067_r1_archive.csv,31,010100110000100010001011,83,8,139,0.3090628848927418,0.3703716398033143,0.0,0.3006535947712418
IMG_0067,1,IMG_0067_r1_archive.csv,32,000000010011011100111001,2,55,57,0.3145035689480493,0.3703776527935165,0.0,0.1490196078431372
IMG_0067,1,IMG_0067_r1_archive.csv,38,110110101100000110011101,218,193,157,0.2987446629197645,0.3701833027741038,0.0,0.742483660130719
IMG_0067,1,IMG_0067_r1_archive.csv,39,111111101111100110000110,254,249,134,0.2975780461401735,0.3701426973895749,0.0,0.8326797385620915
IMG_0067,1,IMG_0067_r1_archive.csv,40,000000100000100000000000,2,8,2,0.3202292421833432,0.3705659007323958,0.0,0.0156862745098039
IMG_0067,1,IMG_0067_r1_archive.csv,41,111101101100101100101111,246,203,47,0.2989510180464055,0.3702802556222629,0.0,0.6483660130718955
IMG_0067,1,IMG_0067_r1_archive.csv,43,000000010011011001101110,2,54,110,0.3140051215007288,0.3703538673877999,0.0,0.2169934640522876
IMG_0067,1,IMG_0067_r1_archive.csv,44,110110101000010101110111,218,133,119,0.3002517224806998,0.3703232443200375,0.0,0.6143790849673202
IMG_0067,1,IMG_0067_r1_archive.csv,46,010110010010010100001000,89,37,8,0.3091629045639545,0.3707701426254743,0.0,0.1751633986928104
IMG_0067,1,IMG_0067_r1_archive.csv,48,110010111100000110010110,203,193,150,0.2991800456531132,0.370212923290432,0.0,0.7137254901960784
IMG_0067,1,IMG_0067_r1_archive.csv,49,100111000001111100011010,156,31,26,0.3062112490559493,0.3708414430603671,0.0,0.2784313725490196
IMG_0067,1,IMG_0067_r1_archive.csv,53,000000011111000001100001,2,240,97,0.3097704305150758,0.3701004853539854,0.0,0.4431372549019607
IMG_0067,1,IMG_0067_r1_archive.csv,54,000111110000110000011110,31,12,30,0.3116838591464813,0.3707471804066438,0.0,0.0954248366013071
IMG_0067,1,IMG_0067_r1_archive.csv,55,111111011111011111111111,253,247,255,0.2969756845702474,0.3700117759966252,0.0,0.9869281045751632
IMG_0067,1,IMG_0067_r1_archive.csv,57,001110101101000110010010,58,209,146,0.3039263066940416,0.3701307244251747,0.0,0.5398692810457516
IMG_0067,1,IMG_0067_r1_archive.csv,60,111110101101010100010010,250,213,18,0.2994754990546688,0.3703067062718345,0.0,0.6287581699346405
IMG_0067,1,IMG_0067_r1_archive.csv,61,011010101101001101010010,106,211,82,0.3022266072483279,0.3702064767699796,0.0,0.5215686274509804
IMG_0067,1,IMG_0067_r1_archive.csv,62,011010000110100111100011,104,105,227,0.3035062223817088,0.3701683622305569,0.0,0.5699346405228759
IMG_0067,1,IMG_0067_r1_archive.csv,63,001110101111100110010010,58,249,146,0.3033852996659537,0.3701618855921442,0.0,0.592156862745098
IMG_0067,1,IMG_0067_r1_archive.csv,65,001000010010110101001001,33,45,73,0.3097020659607299,0.3706694521723463,0.0,0.1973856209150327
IMG_0067,1,IMG_0067_r1_archive.csv,71,111101110110111111101111,247,111,239,0.2995059350389256,0.3701174738065509,0.0,0.7803921568627451
IMG_0067,1,IMG_0067_r1_archive.csv,72,001100000011010010010100,48,52,148,0.3082816579432906,0.3703485301301938,0.0,0.3241830065359477
IMG_0067,1,IMG_0067_r1_archive.csv,74,100000100100100000110001,130,72,49,0.3049068618252289,0.3706123384694597,0.0,0.3281045751633987
IMG_0067,1,IMG_0067_r1_archive.csv,77,101010000011101001001111,168,58,79,0.3039706103117371,0.3704282810477147,0.0,0.3986928104575163
IMG_0067,1,IMG_0067_r1_archive.csv,79,010111110100101010010001,95,74,145,0.3051810312033015,0.3702809493737677,0.0,0.4104575163398693
IMG_0067,1,IMG_0067_r1_archive.csv,81,010000010111011001011001,65,118,89,0.3059472052514987,0.3703364221123844,0.0,0.3555555555555555
IMG_0067,1,IMG_0067_r1_archive.csv,82,000001100000011010001110,6,6,142,0.3130170907161065,0.3704110004450341,0.0,0.2013071895424836
IMG_0067,1,IMG_0067_r1_archive.csv,83,001010110010011000101000,43,38,40,0.3099912713076593,0.3707341831474045,0.0,0.1581699346405229
IMG_0067,1,IMG_0067_r1_archive.csv,85,000011100000000000011100,14,2,28,0.3155301717338604,0.3706392772722326,0.0,0.057516339869281
IMG_0067,1,IMG_0067_r1_archive.csv,92,000100100100010001100001,18,68,97,0.3088397412941172,0.37045927161805,0.0,0.2392156862745098
IMG_0067,1,IMG_0067_r1_archive.csv,94,111110001011110111101101,248,189,237,0.2978762171915057,0.3700201521618254,0.0,0.8810457516339869
IMG_0067,1,IMG_0067_r1_archive.csv,98,100100100100101010010101,146,74,149,0.3034675233875398,0.3703646871842007,0.0,0.4823529411764706
IMG_0067,2,IMG_0067_r2_archive.csv,0,100000110010000111001001,131,33,201,0.3054090174675715,0.369792291049938,0.0,0.477124183006536
IMG_0067,2,IMG_0067_r2_archive.csv,3,010101011000111100101111,85,143,47,0.3045013224422294,0.3700333084027536,0.0,0.3594771241830065
IMG_0067,2,IMG_0067_r2_archive.csv,6,001001000010000101010011,36,33,83,0.309975456448524,0.3700622980544718,0.0,0.1986928104575163
IMG_0067,2,IMG_0067_r2_archive.csv,7,111011001101110111110010,236,221,242,0.2975739231014161,0.3697539939582436,0.0,0.9137254901960784
IMG_0067,2,IMG_0067_r2_archive.csv,8,001011000011100100001011,44,57,11,0.3098900917672274,0.3703075663586475,0.0,0.1464052287581699
IMG_0067,2,IMG_0067_r2_archive.csv,10,011110101010000100100111,122,161,39,0.302782607914279,0.3700197343389439,0.0,0.4209150326797385
IMG_0067,2,IMG_0067_r2_archive.csv,13,010110000100111000001000,88,78,8,0.3073697382848069,0.3702876946576246,0.0,0.2274509803921568
IMG_0067,2,IMG_0067_r2_archive.csv,15,111000011110111000101101,225,238,45,0.2986960246083445,0.3701002236750896,0.0,0.6640522875816994
IMG_0067,2,IMG_0067_r2_archive.csv,17,000010000001110000011100,8,28,28,0.3123547630609257,0.3702256598590023,0.0,0.0836601307189542
IMG_0067,2,IMG_0067_r2_archive.csv,18,100001010010000111110010,133,33,242,0.3051210989828416,0.3697839396642624,0.0,0.5333333333333333
IMG_0067,2,IMG_0067_r2_archive.csv,19,010011101101111011110000,78,222,240,0.3023712522527859,0.3697235441438922,0.0,0.7058823529411765
IMG_0067,2,IMG_0067_r2_archive.csv,21,000101100000100100001011,22,9,11,0.3126009855171536,0.3701444166189354,0.0,0.0549019607843137
IMG_0067,2,IMG_0067_r2_archive.csv,22,110101111101101110101111,215,219,175,0.2981882050790845,0.3698934103101149,0.0,0.796078431372549
IMG_0067,2,IMG_0067_r2_archive.csv,23,011111001001011000110111,124,150,55,0.3024774014518434,0.3699409130131717,0.0,0.4300653594771242
IMG_0067,2,IMG_0067_r2_archive.csv,28,110101001111010100111100,212,245,60,0.2986811325648653,0.3700844145563957,0.0,0.6758169934640523
IMG_0067,2,IMG_0067_r2_archive.csv,33,100100010010100000001001,145,40,9,0.3066358204535828,0.370232949217825,0.0,0.2535947712418301
IMG_0067,2,IMG_0067_r2_archive.csv,37,110101011111100111010101,213,249,213,0.2976200046208346,0.3698615370519694,0.0,0.8823529411764706
IMG_0067,2,IMG_0067_r2_archive.csv,38,100111001000011100101000,156,135,40,0.3021742099446936,0.3699910083945759,0.0,0.4326797385620914
IMG_0067,2,IMG_0067_r2_archive.csv,43,111101111110111110010111,247,239,151,0.297402533375326,0.3699652275305312,0.0,0.8326797385620915
IMG_0067,2,IMG_0067_r2_archive.csv,49,101111110111110110001111,191,125,143,0.3005998525704462,0.3699127293628135,0.0,0.6
IMG_0067,2,IMG_0067_r2_archive.csv,52,111110111111011011011111,251,246,223,0.2968906839354941,0.3698891036204421,0.0,0.9411764705882352
IMG_0067,2,IMG_0067_r2_archive.csv,57,000001110010111100101001,7,47,41,0.3115790137420208,0.3702317907285786,0.0,0.1241830065359477
IMG_0067,2,IMG_0067_r2_archive.csv,61,111110010110110100011101,249,109,29,0.3011244690378883,0.3702015941981651,0.0,0.5058823529411764
IMG_0067,2,IMG_0067_r2_archive.csv,63,110101100111110100011111,214,125,31,0.3012892381966103,0.3701541455077412,0.0,0.4836601307189542
IMG_0067,2,IMG_0067_r2_archive.csv,64,110110011000101011101011,217,138,235,0.2993638806912637,0.3698000855002674,0.0,0.7712418300653594
IMG_0067,2,IMG_0067_r2_archive.csv,66,000101000100111100010101,20,79,21,0.3094772714533625,0.3703759673002105,0.0,0.1568627450980392
IMG_0067,2,IMG_0067_r2_archive.csv,67,001010010000110000011110,41,12,30,0.3112612942379351,0.3703638247310472,0.0,0.1084967320261438
IMG_0067,2,IMG_0067_r2_archive.csv,68,100110000110110000011110,152,108,30,0.3033865357309611,0.3701800631257989,0.0,0.3790849673202615
IMG_0067,2,IMG_0067_r2_archive.csv,72,101010100011010100001011,170,53,11,0.3050943881260043,0.3702742049883676,0.0,0.3058823529411765
IMG_0067,2,IMG_0067_r2_archive.csv,75,111101011110111111110101,245,239,245,0.2971549986583025,0.3698435527757833,0.0,0.9529411764705882
IMG_0067,2,IMG_0067_r2_archive.csv,76,111011101011000000001101,238,176,13,0.3002509351242226,0.3702595847577071,0.0,0.5581699346405229
IMG_0067,2,IMG_0067_r2_archive.csv,79,011101110011001000100010,119,50,34,0.3061464064402546,0.3700468537767252,0.0,0.265359477124183
IMG_0067,2,IMG_0067_r2_archive.csv,81,010000010010110000011100,65,44,28,0.3090155249773226,0.3701223521281473,0.0,0.1790849673202614
IMG_0067,2,IMG_0067_r2_archive.csv,82,000101000001001010010100,20,18,148,0.3103636316580296,0.3700122883622417,0.0,0.2431372549019607
IMG_0067,2,IMG_0067_r2_archive.csv,85,000001010000001000001010,5,2,10,0.3180620223140892,0.3704577529853745,0.0,0.0222222222222222
IMG_0067,2,IMG_0067_r2_archive.csv,86,000010011000110011010100,9,140,212,0.3069293096970445,0.369801531448573,0.0,0.4718954248366013
IMG_0067,2,IMG_0067_r2_archive.csv,89,111111111010101111100011,255,171,227,0.2980148850596953,0.3699074215741769,0.0,0.85359477124183
IMG_0067,2,IMG_0067_r2_archive.csv,90,001000100000110111010011,34,13,211,0.3101421643667437,0.3699311960640332,0.0,0.3372549019607843
IMG_0067,2,IMG_0067_r2_archive.csv,91,011000000111110001010110,96,124,86,0.3041416952546748,0.3699515273039913,0.0,0.4
IMG_0067,2,IMG_0067_r2_archive.csv,92,011111011011101110101011,125,187,171,0.3012432836701719,0.3698999697736558,0.0,0.6313725490196078
IMG_0067,2,IMG_0067_r2_archive.csv,93,010100001001010011111010,80,148,250,0.3034049158482967,0.3696882823119791,0.0,0.6248366013071895
IMG_0067,2,IMG_0067_r2_archive.csv,97,111110001000111001001011,248,142,75,0.2994777595297165,0.3701110567302434,0.0,0.6078431372549019
IMG_0067,2,IMG_0067_r2_archive.csv,98,110111101000101011001110,222,138,206,0.2995380642629184,0.3697392807995619,0.0,0.7398692810457516
IMG_0067,2,IMG_0067_r2_archive.csv,99,110011011000000001101010,205,128,106,0.3004635891026819,0.3699655862592996,0.0,0.5738562091503269
IMG_0076,1,IMG_0076_r1_archive.csv,0,100100000011110001000000,144,60,64,0.449822380986024,0.3380315873468748,0.0,0.3503267973856209
IMG_0076,1,IMG_0076_r1_archive.csv,1,010011000100011001001000,76,70,72,0.4508867006869572,0.3379330536083169,0.0,0.2849673202614379
IMG_0076,1,IMG_0076_r1_archive.csv,2,011000110100001100110000,99,67,48,0.4504150826232556,0.3379384440854993,0.0,0.2797385620915033
IMG_0076,1,IMG_0076_r1_archive.csv,3,011101000100011001001000,116,70,72,0.4503733357975615,0.3378911855841821,0.0,0.3372549019607843
IMG_0076,1,IMG_0076_r1_archive.csv,4,000101010001100100010000,21,25,16,0.4547863672584215,0.3380190750059887,0.0,0.0810457516339869
IMG_0076,1,IMG_0076_r1_archive.csv,5,000101010001000100011100,21,17,28,0.4546834690796574,0.3378793630005632,0.0,0.0862745098039215
IMG_0076,1,IMG_0076_r1_archive.csv,6,001011110010100000101000,47,40,40,0.4514840587334632,0.3377691217343876,0.0,0.1660130718954248
IMG_0076,1,IMG_0076_r1_archive.csv,7,101100010010010001000000,177,36,64,0.450825794853649,0.3378458370036092,0.0,0.3620915032679738
IMG_0076,1,IMG_0076_r1_archive.csv,8,011111110101001100111111,127,83,63,0.4495829314887405,0.3380445320193692,0.0,0.3568627450980392
IMG_0076,1,IMG_0076_r1_archive.csv,9,011011000101010000111011,108,84,59,0.4499151789897621,0.3380156246230723,0.0,0.3281045751633987
IMG_0076,1,IMG_0076_r1_archive.csv,10,010101000011010001000010,84,52,66,0.4500542532354883,0.3380642253821242,0.0,0.2640522875816993
IMG_0076,1,IMG_0076_r1_archive.csv,11,001001110101110000101000,39,92,40,0.451352908849702,0.3380031805826417,0.0,0.2235294117647059
IMG_0076,1,IMG_0076_r1_archive.csv,12,001011010010010000011010,45,36,26,0.4521798194072337,0.3377159939718432,0.0,0.1398692810457516
IMG_0076,1,IMG_0076_r1_archive.csv,13,011011110100000000100010,111,64,34,0.4506410116012462,0.3379510885429832,0.0,0.273202614379085
IMG_0076,1,IMG_0076_r1_archive.csv,14,000010000001000000011100,8,16,28,0.4583869992262882,0.3381390086107049,0.0,0.0679738562091503
IMG_0076,1,IMG_0076_r1_archive.csv,15,000100010000000100000011,17,2,3,0.4827421193483132,0.3380838231732568,0.0,0.0287581699346405
IMG_0076,1,IMG_0076_r1_archive.csv,16,010110110011110100101100,91,61,44,0.4506587144226873,0.3380168276105542,0.0,0.2562091503267973
IMG_0076,1,IMG_0076_r1_archive.csv,17,001001010001010100011100,37,21,28,0.4531771630104047,0.3377853371430064,0.0,0.1124183006535947
IMG_0076,1,IMG_0076_r1_archive.csv,18,000100000001110000011000,16,28,24,0.4545858368764728,0.3378515464221157,0.0,0.0888888888888888
IMG_0076,1,IMG_0076_r1_archive.csv,19,000100100001010000010010,18,20,18,0.4555749259359301,0.3376952707802919,0.0,0.0732026143790849
IMG_0076,1,IMG_0076_r1_archive.csv,20,001001110001010000011000,39,20,24,0.4534468368369779,0.3377140772074067,0.0,0.1084967320261438
IMG_0076,1,IMG_0076_r1_archive.csv,21,000000100000011000010000,2,6,16,0.4790866941425856,0.3381229857280514,0.0,0.0313725490196078
IMG_0076,1,IMG_0076_r1_archive.csv,22,000000110000110000000100,3,12,4,0.4777040961684539,0.3382042626942849,0.0,0.0248366013071895
IMG_0076,1,IMG_0076_r1_archive.csv,23,010111100010001000110101,94,34,53,0.4508948536362867,0.3378033413410571,0.0,0.2366013071895425
IMG_0076,1,IMG_0076_r1_archive.csv,24,010101110011010100110100,87,53,52,0.4505939818675754,0.3380292361416137,0.0,0.2509803921568627
IMG_0076,1,IMG_0076_r1_archive.csv,25,011111100001001100110011,126,19,51,0.4516302191874851,0.3376831380145679,0.0,0.2562091503267973
IMG_0076,1,IMG_0076_r1_archive.csv,26,000111100001110000100100,30,28,36,0.452618656349644,0.3378916890510385,0.0,0.122875816993464
IMG_0076,1,IMG_0076_r1_archive.csv,27,000000100000100100010000,2,9,16,0.4770702911366279,0.3382024137635824,0.0,0.0352941176470588
IMG_0076,1,IMG_0076_r1_archive.csv,28,000010100000011000010000,10,6,16,0.4625860221168999,0.3378754710058866,0.0,0.0418300653594771
IMG_0076,1,IMG_0076_r1_archive.csv,29,011011100011101000100011,110,58,35,0.4506069097529607,0.338008974265316,0.0,0.265359477124183
IMG_0076,1,IMG_0076_r1_archive.csv,30,011100000100001100110011,112,67,51,0.4502031990688762,0.3378922909340588,0.0,0.3006535947712418
IMG_0076,1,IMG_0076_r1_archive.csv,31,010110100001001100111011,90,19,59,0.4518199382337187,0.3377417016806317,0.0,0.2196078431372549
IMG_0076,1,IMG_0076_r1_archive.csv,32,011111110001001100111010,127,19,58,0.4514134421702683,0.3377414242328266,0.0,0.2666666666666666
IMG_0076,2,IMG_0076_r2_archive.csv,0,000101110001100100110100,23,25,52,0.4532468821565395,0.3382561038056098,0.0,0.130718954248366
IMG_0076,2,IMG_0076_r2_archive.csv,1,100001001010000000100110,132,160,38,0.4509497907995251,0.3380835768372989,0.0,0.4313725490196078
IMG_0076,2,IMG_0076_r2_archive.csv,2,100110100101010000000110,154,84,6,0.4549960242025479,0.3379244126444896,0.0,0.318954248366013
IMG_0076,2,IMG_0076_r2_archive.csv,3,001011001000000000111100,44,128,60,0.4515211152850881,0.338083101711641,0.0,0.3032679738562091
IMG_0076,2,IMG_0076_r2_archive.csv,5,000101000010000000010001,20,32,17,0.4545273523759872,0.3383612309248332,0.0,0.0901960784313725
IMG_0076,2,IMG_0076_r2_archive.csv,6,000100100010001100001010,18,35,10,0.4564344059597862,0.338058499282275,0.0,0.0823529411764705
IMG_0076,2,IMG_0076_r2_archive.csv,7,100010010010100000001011,137,40,11,0.4525372961803235,0.3380400485479214,0.0,0.2457516339869281
IMG_0076,2,IMG_0076_r2_archive.csv,8,110011101010101100001011,206,171,11,0.4544595804555489,0.3379681719808061,0.0,0.5071895424836602
IMG_0076,2,IMG_0076_r2_archive.csv,9,001110110011100101000011,59,57,67,0.4507622391001536,0.3382587310255269,0.0,0.2392156862745098
IMG_0076,2,IMG_0076_r2_archive.csv,10,000100010101100000011010,17,88,26,0.4531453301033656,0.3381269141172027,0.0,0.1712418300653594
IMG_0076,2,IMG_0076_r2_archive.csv,11,011000110010100000001011,99,40,11,0.4531223867049412,0.3380604515520566,0.0,0.196078431372549
IMG_0076,2,IMG_0076_r2_archive.csv,12,001000110011011100010111,35,55,23,0.4527088890951819,0.3382145589365806,0.0,0.1477124183006536
IMG_0076,2,IMG_0076_r2_archive.csv,13,000100100001000000001001,18,16,9,0.4579217392777956,0.3379814411726653,0.0,0.0562091503267973
IMG_0076,2,IMG_0076_r2_archive.csv,14,100111000100010000010100,156,68,20,0.4510211269896078,0.338123328615177,0.0,0.318954248366013
IMG_0076,2,IMG_0076_r2_archive.csv,15,100011001000011000011001,140,134,25,0.451238081796997,0.3380515330310302,0.0,0.3908496732026144
IMG_0076,2,IMG_0076_r2_archive.csv,17,000011100010101100001011,14,43,11,0.4560882146295377,0.3381365770189259,0.0,0.0888888888888888
IMG_0076,2,IMG_0076_r2_archive.csv,18,000000010100100100000000,2,73,2,0.4879826540006126,0.3379434511642258,0.0,0.1006535947712418
IMG_0076,2,IMG_0076_r2_archive.csv,19,010011100111010000000110,78,116,6,0.4559574965219092,0.3379343415882787,0.0,0.261437908496732
IMG_0076,2,IMG_0076_r2_archive.csv,20,101010000100000000000110,168,64,6,0.4552774406466911,0.3379130652843944,0.0,0.3111111111111111
IMG_0076,2,IMG_0076_r2_archive.csv,21,100010100111111000000110,138,126,6,0.4552079839527155,0.337914482988096,0.0,0.3529411764705882
IMG_0076,2,IMG_0076_r2_archive.csv,22,100111100010000001010001,158,32,81,0.452090484078756,0.3380787466734684,0.0,0.3542483660130718
IMG_0076,2,IMG_0076_r2_archive.csv,24,110101000100101001101110,212,74,110,0.4549930948978044,0.3379578134597405,0.0,0.5176470588235295
IMG_0076,2,IMG_0076_r2_archive.csv,25,100000000100010101001100,128,69,76,0.450297461724986,0.3381138899263581,0.0,0.3568627450980392
IMG_0076,2,IMG_0076_r2_archive.csv,26,000010000001000000000100,8,16,4,0.4660829516171279,0.3381896441280823,0.0,0.0366013071895424
IMG_0076,2,IMG_0076_r2_archive.csv,28,100010110011100101000111,139,57,71,0.4499942278868429,0.3381793211346226,0.0,0.3490196078431372
IMG_0076,2,IMG_0076_r2_archive.csv,29,100011110010110000110101,143,44,53,0.4502862355455355,0.3383773598135402,0.0,0.3137254901960784
IMG_0076,2,IMG_0076_r2_archive.csv,30,101011010011100101101110,173,57,110,0.4543643187879947,0.3380207858997319,0.0,0.4444444444444444
IMG_0076,2,IMG_0076_r2_archive.csv,31,011101100100100000001010,118,72,10,0.4533120634201814,0.3380355606931291,0.0,0.261437908496732
IMG_0076,2,IMG_0076_r2_archive.csv,32,000010000001001100001101,8,19,13,0.459307478211638,0.3381662012975017,0.0,0.0522875816993464
IMG_0076,2,IMG_0076_r2_archive.csv,35,000011010001010000010100,13,20,20,0.456253872739121,0.3382261748419953,0.0,0.0692810457516339
IMG_0076,2,IMG_0076_r2_archive.csv,36,001011100100100001001111,46,72,79,0.4521280401361032,0.3381264261003725,0.0,0.2575163398692811
IMG_0076,2,IMG_0076_r2_archive.csv,37,100000000010000001001110,128,32,78,0.4514772349773266,0.3381217314002332,0.0,0.3111111111111111
IMG_0076,2,IMG_0076_r2_archive.csv,38,011100010111111000100111,113,126,39,0.4504339368477173,0.3380872853194794,0.0,0.3633986928104575
IMG_0076,2,IMG_0076_r2_archive.csv,39,100101110011100101000101,151,57,69,0.4501398295717518,0.3381395663831709,0.0,0.3620915032679738
IMG_0076,2,IMG_0076_r2_archive.csv,40,001111100010100000100110,62,40,38,0.4512493079764474,0.3381434208284701,0.0,0.1830065359477124
IMG_0076,2,IMG_0076_r2_archive.csv,41,110010110111111001010111,203,126,87,0.452896288402977,0.3379963518184595,0.0,0.5437908496732026
IMG_0076,2,IMG_0076_r2_archive.csv,42,101111110011011101011101,191,55,93,0.4533630891996295,0.3380300455232377,0.0,0.4431372549019607
IMG_0076,2,IMG_0076_r2_archive.csv,43,011110110001010101000110,123,21,70,0.4519650065481108,0.3380950288160934,0.0,0.2797385620915033
IMG_0076,2,IMG_0076_r2_archive.csv,44,001111100000111100001010,62,15,10,0.4560487028802953,0.33804549046154,0.0,0.1137254901960784
IMG_0076,2,IMG_0076_r2_archive.csv,46,100110100101101001011100,154,90,92,0.4523587779149443,0.3380377371509285,0.0,0.4392156862745098
IMG_0078,1,IMG_0078_r1_archive.csv,0,001001100101001001001111,38,82,79,0.4472523697290591,0.3384352887207442,0.0,0.2601307189542483
IMG_0078,1,IMG_0078_r1_archive.csv,2,101000111110011101001101,163,231,77,0.4506490679031075,0.3382567391902729,0.0,0.615686274509804
IMG_0078,1,IMG_0078_r1_archive.csv,3,000101000000101000010001,20,10,17,0.4533398374987699,0.3385403497309569,0.0,0.061437908496732
IMG_0078,1,IMG_0078_r1_archive.csv,4,001100100010101101100000,50,43,96,0.4472629609436085,0.3384452787191294,0.0,0.2470588235294117
IMG_0078,1,IMG_0078_r1_archive.csv,5,000100100010101001000100,18,42,68,0.4490651521905496,0.3383507418380997,0.0,0.1673202614379084
IMG_0078,1,IMG_0078_r1_archive.csv,6,001001110101011001011111,39,86,95,0.4472066353237865,0.3383202846842313,0.0,0.2875816993464052
IMG_0078,1,IMG_0078_r1_archive.csv,7,001101100111000001001110,54,112,78,0.4471746669575686,0.338461751948449,0.0,0.318954248366013
IMG_0078,1,IMG_0078_r1_archive.csv,8,010010010001000100100000,73,17,32,0.4494611755662321,0.3384778976189969,0.0,0.1594771241830065
IMG_0078,1,IMG_0078_r1_archive.csv,9,011100011101101001000100,113,218,68,0.4493671922946788,0.3383150622714019,0.0,0.5215686274509804
IMG_0078,1,IMG_0078_r1_archive.csv,10,001010000000100100010001,40,9,17,0.4529317751885635,0.3383681800001936,0.0,0.0862745098039215
IMG_0078,1,IMG_0078_r1_archive.csv,11,001000000010011001010000,32,38,80,0.447837959759399,0.3384813486724834,0.0,0.196078431372549
IMG_0078,1,IMG_0078_r1_archive.csv,12,001011000000001100110101,44,3,53,0.4594157573734803,0.3382606286793312,0.0,0.130718954248366
IMG_0078,1,IMG_0078_r1_archive.csv,13,011001010010101101011001,101,43,89,0.4470554628801457,0.3384756964843873,0.0,0.3045751633986928
IMG_0078,1,IMG_0078_r1_archive.csv,14,000110001111111000011001,24,254,25,0.4525635886741428,0.3382466116612505,0.0,0.396078431372549
IMG_0078,1,IMG_0078_r1_archive.csv,15,000101010000000000000000,21,2,2,0.4808864944022162,0.3382655743630681,0.0,0.0326797385620915
IMG_0078,1,IMG_0078_r1_archive.csv,16,000100100000001100010101,18,3,21,0.4618925691960865,0.3383759453969372,0.0,0.0549019607843137
IMG_0078,1,IMG_0078_r1_archive.csv,17,000101010000000100000101,21,2,5,0.4707591090136983,0.3383460980026615,0.0,0.0366013071895424
IMG_0078,1,IMG_0078_r1_archive.csv,18,000110111111101001000001,27,250,65,0.4517567345412854,0.3382642328654828,0.0,0.4470588235294118
IMG_0078,1,IMG_0078_r1_archive.csv,20,010001110010010000110001,71,36,49,0.447710221753706,0.3384377570930021,0.0,0.2039215686274509
IMG_0078,1,IMG_0078_r1_archive.csv,21,001101010101101101100001,53,91,97,0.4470348984835505,0.3384860816334769,0.0,0.3150326797385621
IMG_0078,1,IMG_0078_r1_archive.csv,22,010010001111110101000101,72,253,69,0.4506365887262523,0.3382801494856802,0.0,0.5150326797385621
IMG_0078,1,IMG_0078_r1_archive.csv,23,000111010000010000000000,29,4,2,0.4737948169422045,0.3382559530265024,0.0,0.0457516339869281
IMG_0078,1,IMG_0078_r1_archive.csv,24,000001010000000001000010,5,2,66,0.4696991409388869,0.3383228897449388,0.0,0.0954248366013071
IMG_0078,1,IMG_0078_r1_archive.csv,25,001001010000010000010100,37,4,20,0.4578180671556691,0.338467310205961,0.0,0.0797385620915032
IMG_0078,1,IMG_0078_r1_archive.csv,27,001001001100000000000110,36,192,6,0.4549853617391264,0.3382633361684643,0.0,0.3058823529411765
IMG_0078,1,IMG_0078_r1_archive.csv,28,010001010000000000000000,69,2,2,0.4794424318256633,0.3382321338114472,0.0,0.0954248366013071
IMG_0078,1,IMG_0078_r1_archive.csv,29,010111010010111000111100,93,46,60,0.4471484471402547,0.3384836597966725,0.0,0.2601307189542483
IMG_0078,1,IMG_0078_r1_archive.csv,31,010111010010110100110001,93,45,49,0.4473714722120978,0.3383836385965281,0.0,0.2444444444444444
IMG_0078,1,IMG_0078_r1_archive.csv,32,011100010101001001000100,113,82,68,0.4466375374484764,0.3383752990245541,0.0,0.3437908496732026
IMG_0078,1,IMG_0078_r1_archive.csv,33,011111110101101001000100,127,90,68,0.4471311506963503,0.3383317985366232,0.0,0.3725490196078431
IMG_0078,1,IMG_0078_r1_archive.csv,36,000110010010010101000010,25,37,66,0.4484102493916117,0.338403963628642,0.0,0.1673202614379084
IMG_0078,1,IMG_0078_r1_archive.csv,37,010110010011111000110001,89,62,49,0.4472481958931096,0.3383973787831815,0.0,0.261437908496732
IMG_0078,1,IMG_0078_r1_archive.csv,38,000011101111110000011001,14,252,25,0.453701623566988,0.3382965031561749,0.0,0.3803921568627451
IMG_0078,1,IMG_0078_r1_archive.csv,39,010010100011110001000001,74,60,65,0.4470724291423016,0.3384975798858872,0.0,0.2601307189542483
IMG_0078,1,IMG_0078_r1_archive.csv,40,010001000000010000011001,68,4,25,0.4566605346072625,0.3383520255074781,0.0,0.126797385620915
IMG_0078,1,IMG_0078_r1_archive.csv,41,001000010010011001010011,33,38,83,0.4479655707721117,0.3384633261894132,0.0,0.2013071895424836
IMG_0078,1,IMG_0078_r1_archive.csv,42,001101110010001001010010,55,34,82,0.4474940543027942,0.3383910485747164,0.0,0.2235294117647059
IMG_0078,1,IMG_0078_r1_archive.csv,44,001110100110001001100000,58,98,96,0.4465970266877898,0.3385092212039566,0.0,0.3294117647058823
IMG_0078,1,IMG_0078_r1_archive.csv,45,001100010011100000100000,49,56,32,0.447994347381427,0.3384968108141135,0.0,0.1790849673202614
IMG_0078,1,IMG_0078_r1_archive.csv,46,001101000010101101000001,52,43,65,0.4475115200706723,0.3384171221209374,0.0,0.2091503267973856
IMG_0078,2,IMG_0078_r2_archive.csv,0,001001000100111100100011,36,79,35,0.4481100379863975,0.338691201420193,0.0,0.196078431372549
IMG_0078,2,IMG_0078_r2_archive.csv,1,010000000100011010011011,64,70,155,0.4525911630832456,0.3383570694510205,0.0,0.3777777777777777
IMG_0078,2,IMG_0078_r2_archive.csv,2,010000000111010011001011,64,116,203,0.4562893510585088,0.3383500943635273,0.0,0.5006535947712418
IMG_0078,2,IMG_0078_r2_archive.csv,4,010001010000111100100000,69,15,32,0.4499437573572252,0.3384271834604477,0.0,0.1516339869281045
IMG_0078,2,IMG_0078_r2_archive.csv,5,001110000110001001000101,56,98,69,0.44691510177222,0.3384434956351772,0.0,0.2915032679738562
IMG_0078,2,IMG_0078_r2_archive.csv,6,101000110011101001110110,163,58,118,0.4497701325546834,0.3384023175006325,0.0,0.4431372549019607
IMG_0078,2,IMG_0078_r2_archive.csv,7,000100000011000000011010,16,48,26,0.4503908827081438,0.3386185411183924,0.0,0.1176470588235294
IMG_0078,2,IMG_0078_r2_archive.csv,8,001000000000111100000010,32,15,2,0.4667946506237315,0.3385786230784359,0.0,0.0640522875816993
IMG_0078,2,IMG_0078_r2_archive.csv,9,101110111111011110111110,187,247,190,0.4601543570125747,0.3383084173020938,0.0,0.8156862745098039
IMG_0078,2,IMG_0078_r2_archive.csv,10,101010110100011111011100,171,71,220,0.4584389866331032,0.3383191754215227,0.0,0.6039215686274509
IMG_0078,2,IMG_0078_r2_archive.csv,11,010000110000011110001100,67,7,140,0.4557450168143395,0.3384032112761355,0.0,0.2797385620915033
IMG_0078,2,IMG_0078_r2_archive.csv,12,010010000001000000010000,72,16,16,0.4510665869572401,0.3384052633527103,0.0,0.1359477124183006
IMG_0078,2,IMG_0078_r2_archive.csv,13,010000001100100010011000,64,200,152,0.4538351609187772,0.3383565354365146,0.0,0.5437908496732026
IMG_0078,2,IMG_0078_r2_archive.csv,14,001110000000001000001000,56,2,8,0.4668295821594876,0.3385648454738312,0.0,0.0862745098039215
IMG_0078,2,IMG_0078_r2_archive.csv,15,001110000011100000101100,56,56,44,0.4477923438809079,0.3384533723043888,0.0,0.2039215686274509
IMG_0078,2,IMG_0078_r2_archive.csv,16,010110110001000001100000,91,16,96,0.4487921342154976,0.3384384461298094,0.0,0.265359477124183
IMG_0078,2,IMG_0078_r2_archive.csv,17,101110111111111100011010,187,255,26,0.4530694271129114,0.3383482228298676,0.0,0.611764705882353
IMG_0078,2,IMG_0078_r2_archive.csv,18,000010000000000000001000,8,2,8,0.4711530751031015,0.3388765415741007,0.0,0.0235294117647058
IMG_0078,2,IMG_0078_r2_archive.csv,19,001000000110010001000000,32,100,64,0.447692544330861,0.3386955741607509,0.0,0.2562091503267973
IMG_0078,2,IMG_0078_r2_archive.csv,20,001010010001000100110100,41,17,52,0.4495039044709732,0.3384688341504036,0.0,0.1437908496732026
IMG_0078,2,IMG_0078_r2_archive.csv,21,000011010001000100001100,13,17,12,0.4539444341451477,0.3386206039883501,0.0,0.0549019607843137
IMG_0078,2,IMG_0078_r2_archive.csv,22,010101010010010000000100,85,36,4,0.4564256229924718,0.3383804002688892,0.0,0.1633986928104575
IMG_0078,2,IMG_0078_r2_archive.csv,23,010000000100000001001101,64,64,77,0.4471065987201765,0.3384916403411016,0.0,0.2679738562091503
IMG_0078,2,IMG_0078_r2_archive.csv,25,000011000000000100001000,12,2,8,0.4696408342285736,0.3388334442386347,0.0,0.0287581699346405
IMG_0078,2,IMG_0078_r2_archive.csv,26,000010000000100100010010,8,9,18,0.4571524715477975,0.3390093128564892,0.0,0.0457516339869281
IMG_0078,2,IMG_0078_r2_archive.csv,27,000110110100000000010111,27,64,23,0.449251696412278,0.3385756722766713,0.0,0.1490196078431372
IMG_0078,2,IMG_0078_r2_archive.csv,28,011101110010101000110000,119,42,48,0.4477790265503834,0.3384451276499821,0.0,0.273202614379085
IMG_0078,2,IMG_0078_r2_archive.csv,29,000001100010000000000100,6,32,4,0.4628581476218079,0.3385862353489371,0.0,0.0549019607843137
IMG_0078,2,IMG_0078_r2_archive.csv,30,000101000010000101011010,20,33,90,0.449123484299459,0.338564171402934,0.0,0.1869281045751634
IMG_0078,2,IMG_0078_r2_archive.csv,31,001010010010100000010111,41,40,23,0.4488913326654382,0.3385957806226288,0.0,0.1359477124183006
IMG_0078,2,IMG_0078_r2_archive.csv,32,000010010000001000001000,9,2,8,0.4708059524909981,0.3388003977939807,0.0,0.0248366013071895
IMG_0078,2,IMG_0078_r2_archive.csv,33,000011000000010100010100,12,5,20,0.4589026718686411,0.338949528805937,0.0,0.0483660130718954
IMG_0078,2,IMG_0078_r2_archive.csv,34,011010000000110110101010,104,13,170,0.4565606673276261,0.3383738079838306,0.0,0.3751633986928104
IMG_0078,2,IMG_0078_r2_archive.csv,35,001100100001000100001000,50,17,8,0.4532509593450209,0.3386080944501761,0.0,0.0980392156862745
IMG_0078,2,IMG_0078_r2_archive.csv,36,000010000010100000010100,8,40,20,0.4533123562178526,0.3388280769815244,0.0,0.0888888888888888
IMG_0078,2,IMG_0078_r2_archive.csv,37,010100101111010100011010,82,245,26,0.4515513530274926,0.3383791279350966,0.0,0.461437908496732
IMG_0078,2,IMG_0078_r2_archive.csv,38,010000111110011011111110,67,230,254,0.461744410719176,0.338310175421364,0.0,0.7202614379084967
IMG_0078,2,IMG_0078_r2_archive.csv,39,000001100000101100001000,6,11,8,0.4605541055156767,0.3386116559399245,0.0,0.0326797385620915
IMG_0078,2,IMG_0078_r2_archive.csv,40,001010010010010000001101,41,36,13,0.4506185811216586,0.3385222251441279,0.0,0.1176470588235294
IMG_0078,2,IMG_0078_r2_archive.csv,41,001000010011001001000100,33,50,68,0.447947089060392,0.3386693464637845,0.0,0.1973856209150327
IMG_0078,2,IMG_0078_r2_archive.csv,42,001010010010001100000001,41,35,2,0.465092716101566,0.3384517787679337,0.0,0.1019607843137254
IMG_0078,2,IMG_0078_r2_archive.csv,43,001010010000110000101101,41,12,45,0.4505771390791171,0.3385724754270461,0.0,0.1281045751633986
IMG_0078,2,IMG_0078_r2_archive.csv,44,001000010010010100001111,33,37,15,0.4501822332416604,0.3387318546720112,0.0,0.1111111111111111
IMG_0078,2,IMG_0078_r2_archive.csv,45,001010000011000000001101,40,48,13,0.4505309559653144,0.3385399482285821,0.0,0.1320261437908496
IMG_0082,1,IMG_0082_r1_archive.csv,0,110111111011010011011100,223,180,220,0.3520245753694427,0.3595161114340443,0.0,0.8143790849673203
IMG_0082,1,IMG_0082_r1_archive.csv,3,000100100101000001000000,18,80,64,0.3590770119985698,0.3596858442602426,0.0,0.2117647058823529
IMG_0082,1,IMG_0082_r1_archive.csv,7,101010100000000110100111,170,2,167,0.3637114684197222,0.3593407122522842,0.0,0.4431372549019607
IMG_0082,1,IMG_0082_r1_archive.csv,8,001100111011010011000110,51,180,198,0.3529994920123088,0.359709289480193,0.0,0.5607843137254902
IMG_0082,1,IMG_0082_r1_archive.csv,10,001011011110100011011000,45,232,216,0.3518944075647284,0.3595451523720139,0.0,0.6444444444444445
IMG_0082,1,IMG_0082_r1_archive.csv,11,010100010000001111100100,81,3,228,0.3602163337536145,0.3594091984783114,0.0,0.4078431372549019
IMG_0082,1,IMG_0082_r1_archive.csv,12,110001101101100111011101,198,217,221,0.3522364504576235,0.3594786787346853,0.0,0.8313725490196079
IMG_0082,1,IMG_0082_r1_archive.csv,15,010000100001100001000100,66,24,68,0.3580462861740012,0.3599976994335458,0.0,0.2065359477124183
IMG_0082,1,IMG_0082_r1_archive.csv,17,010001010100000011000100,69,64,196,0.3544337083997962,0.3596396967827712,0.0,0.4300653594771242
IMG_0082,1,IMG_0082_r1_archive.csv,23,001110110110011110111111,59,103,191,0.3552007629326561,0.3594834360481365,0.0,0.461437908496732
IMG_0082,1,IMG_0082_r1_archive.csv,24,010000000001000100100000,64,17,32,0.3593070724815165,0.359808691418271,0.0,0.1477124183006536
IMG_0082,1,IMG_0082_r1_archive.csv,25,000010000001000010010000,8,16,144,0.3595865501661619,0.3595342360109568,0.0,0.2196078431372549
IMG_0082,1,IMG_0082_r1_archive.csv,26,001110110010010110010101,59,37,149,0.3559565066240788,0.3597428970451989,0.0,0.3202614379084967
IMG_0082,1,IMG_0082_r1_archive.csv,33,110101011101110110111011,213,221,187,0.3522498863149296,0.3594633006355572,0.0,0.8117647058823529
IMG_0082,1,IMG_0082_r1_archive.csv,34,001011100100111110100111,46,79,167,0.3554520820404898,0.3595821720476546,0.0,0.3816993464052287
IMG_0082,1,IMG_0082_r1_archive.csv,37,001101000110100000100000,52,104,32,0.3582646717689674,0.3598178158030714,0.0,0.2457516339869281
IMG_0082,1,IMG_0082_r1_archive.csv,40,111010110110000110110111,235,97,183,0.3542494415855128,0.3594251395292354,0.0,0.6732026143790849
IMG_0082,1,IMG_0082_r1_archive.csv,41,000101001000000000101011,20,128,43,0.358137712653553,0.3597824716268749,0.0,0.2496732026143791
IMG_0082,1,IMG_0082_r1_archive.csv,46,001011010101010110011011,45,85,155,0.3560237959711922,0.3596137501555738,0.0,0.3725490196078431
IMG_0082,1,IMG_0082_r1_archive.csv,47,001011101010000110110110,46,161,182,0.3537620425274706,0.3595523803515917,0.0,0.5084967320261438
IMG_0082,1,IMG_0082_r1_archive.csv,51,111010101001101010110100,234,154,180,0.3533144176708298,0.3594460147422325,0.0,0.742483660130719
IMG_0082,1,IMG_0082_r1_archive.csv,53,001010011010111011110010,41,174,242,0.352469482576307,0.3596684765246046,0.0,0.5973856209150327
IMG_0082,1,IMG_0082_r1_archive.csv,54,110011011111111111000111,205,255,199,0.35200065835817,0.359497984828703,0.0,0.861437908496732
IMG_0082,1,IMG_0082_r1_archive.csv,56,000000100000110000000000,2,12,2,0.3809849096623773,0.3596721753974252,0.0,0.0209150326797385
IMG_0082,1,IMG_0082_r1_archive.csv,58,000010110000010010100100,11,4,164,0.3613516679290806,0.359404515763032,0.0,0.2339869281045751
IMG_0082,1,IMG_0082_r1_archive.csv,59,111111101110010111110110,254,229,246,0.3501880790854478,0.3596586551576881,0.0,0.9529411764705882
IMG_0082,1,IMG_0082_r1_archive.csv,60,000100010001100001100100,17,24,100,0.3588088620877591,0.3599068316984118,0.0,0.1843137254901961
IMG_0082,1,IMG_0082_r1_archive.csv,61,000110100001001110101100,26,19,172,0.3564366416836531,0.3595010960947415,0.0,0.2836601307189542
IMG_0082,1,IMG_0082_r1_archive.csv,63,110110111111111011100101,219,254,229,0.3507579897158312,0.3595103584663583,0.0,0.9176470588235294
IMG_0082,1,IMG_0082_r1_archive.csv,64,001110000100010011110111,56,68,247,0.3537603831525292,0.3596986054015853,0.0,0.4849673202614379
IMG_0082,1,IMG_0082_r1_archive.csv,66,101010111100100110101100,171,201,172,0.3537133618850571,0.359435599257943,0.0,0.7111111111111111
IMG_0082,1,IMG_0082_r1_archive.csv,67,100011000000000110110010,140,2,178,0.3641299695529018,0.3593225030072766,0.0,0.4183006535947712
IMG_0082,1,IMG_0082_r1_archive.csv,69,110011101111110011001100,206,252,204,0.3515483347612614,0.3594736415502464,0.0,0.8653594771241829
IMG_0082,1,IMG_0082_r1_archive.csv,75,001011000010110010010101,44,44,149,0.3559865277646002,0.3597561923094017,0.0,0.3098039215686274
IMG_0082,1,IMG_0082_r1_archive.csv,77,000110100001110100011100,26,29,28,0.35974659518602,0.3596708923358866,0.0,0.1084967320261438
IMG_0082,1,IMG_0082_r1_archive.csv,78,000001110000111000001101,7,14,13,0.3633878818399509,0.3595100226782156,0.0,0.0444444444444444
IMG_0082,1,IMG_0082_r1_archive.csv,81,000001100000110100000000,6,13,2,0.373437225809031,0.3594472332628458,0.0,0.0274509803921568
IMG_0082,1,IMG_0082_r1_archive.csv,82,001000110101010010111000,35,84,184,0.3553263843886789,0.3595351846732482,0.0,0.396078431372549
IMG_0082,1,IMG_0082_r1_archive.csv,84,000101100000111100010010,22,15,18,0.361033575912253,0.3596707492680013,0.0,0.0718954248366013
IMG_0082,1,IMG_0082_r1_archive.csv,87,001010001100101010110101,40,202,181,0.353175199499726,0.3595142672255891,0.0,0.5529411764705883
IMG_0082,1,IMG_0082_r1_archive.csv,89,001000011100001010101100,33,194,172,0.3532428867581774,0.3595850392462185,0.0,0.5215686274509804
IMG_0082,1,IMG_0082_r1_archive.csv,91,001000000100000110110100,32,65,180,0.3556490312203966,0.3596290054516055,0.0,0.3620915032679738
IMG_0082,2,IMG_0082_r2_archive.csv,0,000001100010001000010100,6,34,20,0.3623343226775407,0.359539640017436,0.0,0.0784313725490196
IMG_0082,2,IMG_0082_r2_archive.csv,1,010000001010101111010110,64,171,214,0.3521960751561157,0.3597128246878816,0.0,0.5869281045751633
IMG_0082,2,IMG_0082_r2_archive.csv,2,001111001011011010101011,60,182,171,0.3531465498833909,0.3594392557487185,0.0,0.5398692810457516
IMG_0082,2,IMG_0082_r2_archive.csv,3,001110110111100111010001,59,121,209,0.3536200897741929,0.3595169389115895,0.0,0.5084967320261438
IMG_0082,2,IMG_0082_r2_archive.csv,11,111110111110100011000001,251,232,193,0.3510400411248754,0.359479135188904,0.0,0.8836601307189543
IMG_0082,2,IMG_0082_r2_archive.csv,12,000111101001110010100110,30,156,166,0.3541505225201287,0.359457592452875,0.0,0.4601307189542483
IMG_0082,2,IMG_0082_r2_archive.csv,13,111111101110100111110000,254,233,240,0.3497626695341449,0.3594999591214993,0.0,0.950326797385621
IMG_0082,2,IMG_0082_r2_archive.csv,15,010100011111101011111111,81,250,255,0.3509306493717234,0.3595770085625733,0.0,0.7660130718954249
IMG_0082,2,IMG_0082_r2_archive.csv,16,001110000001000000100011,56,16,35,0.359209330217749,0.3595528752572961,0.0,0.1398692810457516
IMG_0082,2,IMG_0082_r2_archive.csv,21,111111001111010011111111,252,244,255,0.3500662928174273,0.3594300918800391,0.0,0.9816993464052288
IMG_0082,2,IMG_0082_r2_archive.csv,26,010010101100010011010111,74,196,215,0.3519041944904033,0.359651469554989,0.0,0.6339869281045751
IMG_0082,2,IMG_0082_r2_archive.csv,36,100110110011011011000100,155,54,196,0.355361688437177,0.3594044799151234,0.0,0.5294117647058824
IMG_0082,2,IMG_0082_r2_archive.csv,37,000010000000100000000010,8,8,2,0.3731362185811409,0.3594652587364739,0.0,0.0235294117647058
IMG_0082,2,IMG_0082_r2_archive.csv,38,001111001000000000010001,60,128,17,0.3579563158806225,0.3593906430406878,0.0,0.2679738562091503
IMG_0082,2,IMG_0082_r2_archive.csv,40,111111101111000111101111,254,241,239,0.3494290759075332,0.3594621572264163,0.0,0.9594771241830063
IMG_0082,2,IMG_0082_r2_archive.csv,41,111101101111100111001110,246,249,206,0.3502668147331774,0.3594423080479039,0.0,0.9163398692810456
IMG_0082,2,IMG_0082_r2_archive.csv,43,000011000000001101101000,12,3,104,0.3642149024580655,0.3591860611106652,0.0,0.1555555555555555
IMG_0082,2,IMG_0082_r2_archive.csv,46,001111101101011111111101,62,215,253,0.3512174418520288,0.3595555446890595,0.0,0.6928104575163399
IMG_0082,2,IMG_0082_r2_archive.csv,48,001101010010101100101000,53,43,40,0.3583571649895529,0.3595728315466384,0.0,0.1777777777777777
IMG_0082,2,IMG_0082_r2_archive.csv,51,111111010000001001101011,253,2,107,0.3632709551699731,0.3591438496235967,0.0,0.473202614379085
IMG_0082,2,IMG_0082_r2_archive.csv,53,101101101000111011101001,182,142,233,0.3543429168851454,0.3593524165554485,0.0,0.7281045751633987
IMG_0082,2,IMG_0082_r2_archive.csv,54,001101110100000011001011,55,64,203,0.3539002193561367,0.3594660383023152,0.0,0.4209150326797385
IMG_0082,2,IMG_0082_r2_archive.csv,55,000111000001101000000000,28,26,2,0.3694895982220411,0.3593563913584749,0.0,0.0732026143790849
IMG_0082,2,IMG_0082_r2_archive.csv,56,111110100000001011010010,250,2,210,0.3617732930895733,0.3591090457090094,0.0,0.6039215686274509
IMG_0082,2,IMG_0082_r2_archive.csv,57,010000010000000100001100,65,2,12,0.3676865349566359,0.359321836653192,0.0,0.1032679738562091
IMG_0082,2,IMG_0082_r2_archive.csv,59,000011010001101101011000,13,27,88,0.3592907919814537,0.3594626465680711,0.0,0.1673202614379084
IMG_0082,2,IMG_0082_r2_archive.csv,60,110101000000111000011100,212,14,28,0.3595941020153849,0.3593145856627593,0.0,0.3320261437908497
IMG_0082,2,IMG_0082_r2_archive.csv,63,111100111111011110010111,243,247,151,0.3514794199040014,0.3594498769247627,0.0,0.837908496732026
IMG_0082,2,IMG_0082_r2_archive.csv,66,111110001100110011010111,248,204,215,0.3506830215265145,0.3594837700586228,0.0,0.8718954248366013
IMG_0082,2,IMG_0082_r2_archive.csv,69,101011110000011001101001,175,6,105,0.3608743182488722,0.359227699174782,0.0,0.3738562091503268
IMG_0082,2,IMG_0082_r2_archive.csv,70,001101000000001101110001,52,3,113,0.3624017813486278,0.3592682793163917,0.0,0.2196078431372549
IMG_0082,2,IMG_0082_r2_archive.csv,71,101101110000000000011001,183,2,25,0.3668814925902962,0.3591559893621563,0.0,0.2745098039215686
IMG_0082,2,IMG_0082_r2_archive.csv,73,100010000000100100011011,136,9,27,0.3619476205866056,0.3593655084049825,0.0,0.2248366013071895
IMG_0082,2,IMG_0082_r2_archive.csv,74,101100100001110100010001,178,29,17,0.3599513755997064,0.3593487865629396,0.0,0.2928104575163399
IMG_0082,2,IMG_0082_r2_archive.csv,79,001101100111000011011000,54,112,216,0.3536849408560863,0.3597091329385994,0.0,0.4993464052287582
IMG_0082,2,IMG_0082_r2_archive.csv,82,111011100000011011111101,238,6,253,0.3557771756036262,0.3593064782576529,0.0,0.649673202614379
IMG_0082,2,IMG_0082_r2_archive.csv,83,001101000010101011001011,52,42,203,0.3541737453031096,0.3595747659892527,0.0,0.388235294117647
IMG_0082,2,IMG_0082_r2_archive.csv,84,001111010000111010011011,61,14,155,0.3565084604470606,0.3593202724470659,0.0,0.3006535947712418
IMG_0082,2,IMG_0082_r2_archive.csv,90,010001101110001111010101,70,227,213,0.3515481654372879,0.3595480890745196,0.0,0.6666666666666666
IMG_0082,2,IMG_0082_r2_archive.csv,91,010100000001111010011110,80,30,158,0.3560825852548303,0.3594650801550469,0.0,0.3503267973856209
IMG_0082,2,IMG_0082_r2_archive.csv,92,000101111111111010101010,23,254,170,0.3526842023072445,0.3594608145530704,0.0,0.5843137254901961
IMG_0082,2,IMG_0082_r2_archive.csv,93,001001010000010000011001,37,4,25,0.3627814649608568,0.35934819844111,0.0,0.0862745098039215
IMG_0082,2,IMG_0082_r2_archive.csv,94,000001110000000001001000,7,2,72,0.3680616129567826,0.3592662566246445,0.0,0.1058823529411764
IMG_0090,1,IMG_0090_r1_archive.csv,0,011111000001111001100110,124,30,102,0.3684678912895235,0.3495697899944802,0.0,0.3346405228758169
IMG_0090,1,IMG_0090_r1_archive.csv,2,111110111101011000111110,251,214,62,0.3635525348623474,0.3497663921582563,0.0,0.6888888888888889
IMG_0090,1,IMG_0090_r1_archive.csv,4,111101100011100110001001,246,57,137,0.3662818764591986,0.3495687118320791,0.0,0.5751633986928104
IMG_0090,1,IMG_0090_r1_archive.csv,7,100001000001101000100000,132,26,32,0.3685944355612024,0.3496785862416673,0.0,0.2483660130718954
IMG_0090,1,IMG_0090_r1_archive.csv,9,111100011000000100011001,241,129,25,0.3660084182418152,0.3496245193298993,0.0,0.5163398692810457
IMG_0090,1,IMG_0090_r1_archive.csv,10,000000010000001000000000,2,2,2,0.3921122486337159,0.3493720421654753,0.0,0.0078431372549019
IMG_0090,1,IMG_0090_r1_archive.csv,11,000100000010111100101010,16,47,42,0.3703416642463091,0.3497987584267372,0.0,0.1372549019607843
IMG_0090,1,IMG_0090_r1_archive.csv,13,101010000001111100101000,168,31,40,0.3679221685887706,0.3497988285889795,0.0,0.3124183006535947
IMG_0090,1,IMG_0090_r1_archive.csv,14,000100100100000000000000,18,64,2,0.3758130467380324,0.3495062451540169,0.0,0.1098039215686274
IMG_0090,1,IMG_0090_r1_archive.csv,16,101100110100101100100100,179,75,36,0.3673499466861473,0.3497967242913833,0.0,0.3790849673202615
IMG_0090,1,IMG_0090_r1_archive.csv,21,101111111101111000101100,191,222,44,0.3644407406983267,0.3498614430457874,0.0,0.5973856209150327
IMG_0090,1,IMG_0090_r1_archive.csv,22,111110111101010100100110,251,213,38,0.3641352040541425,0.3498072741309688,0.0,0.6562091503267974
IMG_0090,1,IMG_0090_r1_archive.csv,28,101101000010011110101101,180,39,173,0.3666839785655338,0.3496269691938465,0.0,0.5124183006535947
IMG_0090,1,IMG_0090_r1_archive.csv,31,000000100100000000000000,2,64,2,0.3846938182356264,0.3493249868100777,0.0,0.0888888888888888
IMG_0090,1,IMG_0090_r1_archive.csv,33,100111011011011000111100,157,182,60,0.3653009149504746,0.3499806915602669,0.0,0.5215686274509804
IMG_0090,1,IMG_0090_r1_archive.csv,34,000011000100000000011100,12,64,28,0.3712040735749087,0.3495264527073436,0.0,0.1359477124183006
IMG_0090,1,IMG_0090_r1_archive.csv,37,100011111100100101000001,143,201,65,0.365263502818505,0.349741287334023,0.0,0.534640522875817
IMG_0090,1,IMG_0090_r1_archive.csv,43,100100000001111101100000,144,31,96,0.3679520881349078,0.3496593753048531,0.0,0.3542483660130718
IMG_0090,1,IMG_0090_r1_archive.csv,44,011110100001111100010001,122,31,17,0.36931389312508,0.3495803619590686,0.0,0.2222222222222222
IMG_0090,1,IMG_0090_r1_archive.csv,45,101010100100001000011000,170,66,24,0.3681066385918222,0.3496728152932264,0.0,0.3398692810457516
IMG_0090,1,IMG_0090_r1_archive.csv,46,100001010001111010000000,133,30,128,0.3681435850828644,0.3495496377585756,0.0,0.3803921568627451
IMG_0090,1,IMG_0090_r1_archive.csv,49,000110110011100000100000,27,56,32,0.3698452063556786,0.3497221822052666,0.0,0.1503267973856209
IMG_0090,1,IMG_0090_r1_archive.csv,54,001101101101101000101110,54,218,46,0.36671891010129,0.349778932874938,0.0,0.4156862745098039
IMG_0090,1,IMG_0090_r1_archive.csv,56,010110101011010101000010,90,181,66,0.3664304159150497,0.3498059716798322,0.0,0.4405228758169934
IMG_0090,1,IMG_0090_r1_archive.csv,58,011111001100101100010100,124,203,20,0.366207805686942,0.3497929372856578,0.0,0.45359477124183
IMG_0090,1,IMG_0090_r1_archive.csv,60,010101000010110000110100,84,44,52,0.3689381970924296,0.3497531581499864,0.0,0.2352941176470588
IMG_0090,1,IMG_0090_r1_archive.csv,64,111101011110010011010000,245,228,208,0.3640955822443172,0.3497023500184181,0.0,0.8901960784313725
IMG_0090,1,IMG_0090_r1_archive.csv,65,100001100010000100111001,134,33,57,0.368332508306422,0.3496710997194867,0.0,0.2928104575163399
IMG_0090,1,IMG_0090_r1_archive.csv,66,111100011111011111110110,241,247,246,0.3624014450911367,0.3498392043785216,0.0,0.9594771241830063
IMG_0090,1,IMG_0090_r1_archive.csv,69,000100010000011000011001,17,6,25,0.3730642244180171,0.3495732964761391,0.0,0.0627450980392156
IMG_0090,1,IMG_0090_r1_archive.csv,70,000000010001011000000000,2,22,2,0.3852810083775169,0.3495230277369153,0.0,0.0339869281045751
IMG_0090,1,IMG_0090_r1_archive.csv,73,010110010010001000010100,89,34,20,0.3695164130637187,0.3496445601507766,0.0,0.1869281045751634
IMG_0090,1,IMG_0090_r1_archive.csv,74,001010010010001010100010,41,34,162,0.3687067058219059,0.3495768592258569,0.0,0.3098039215686274
IMG_0090,1,IMG_0090_r1_archive.csv,76,001111011111111000111110,61,254,62,0.3657914041710353,0.3499321485905442,0.0,0.4928104575163399
IMG_0090,1,IMG_0090_r1_archive.csv,77,100101011011010100111100,149,181,60,0.3655291128697115,0.3498658052957668,0.0,0.5098039215686274
IMG_0090,1,IMG_0090_r1_archive.csv,78,110101101100010001000001,214,196,65,0.3647787536806497,0.349760762815688,0.0,0.6209150326797386
IMG_0090,1,IMG_0090_r1_archive.csv,85,001011010011011000111000,45,54,56,0.3692609963157237,0.3496749564628467,0.0,0.2026143790849673
IMG_0090,1,IMG_0090_r1_archive.csv,88,100010000100000100000001,136,65,2,0.3735222711652338,0.34949662325956,0.0,0.265359477124183
IMG_0090,1,IMG_0090_r1_archive.csv,89,111100001111000101110010,240,241,114,0.3633808657517008,0.3497137274122341,0.0,0.7777777777777778
IMG_0090,1,IMG_0090_r1_archive.csv,90,000111000000111000011110,28,14,30,0.3705868199615033,0.3497362833445533,0.0,0.0941176470588235
IMG_0090,1,IMG_0090_r1_archive.csv,91,111010000001110000101111,232,28,47,0.3670810686822501,0.3497224752380654,0.0,0.4013071895424836
IMG_0090,1,IMG_0090_r1_archive.csv,93,011100110001111001101000,115,30,104,0.368606271306958,0.3496175588248289,0.0,0.3254901960784314
IMG_0090,1,IMG_0090_r1_archive.csv,94,111111100001111111000110,254,31,198,0.3659607958742367,0.3494203604152555,0.0,0.6313725490196078
IMG_0090,2,IMG_0090_r2_archive.csv,0,111100011001010111101110,241,149,238,0.3647899459953055,0.3499296096609293,0.0,0.8209150326797386
IMG_0090,2,IMG_0090_r2_archive.csv,3,110000011111100000111100,193,248,60,0.3633412439418756,0.3504822468093505,0.0,0.6549019607843137
IMG_0090,2,IMG_0090_r2_archive.csv,5,000111100011000101000100,30,49,68,0.3689687262048718,0.3501171649469854,0.0,0.192156862745098
IMG_0090,2,IMG_0090_r2_archive.csv,8,111100111011011010111010,243,182,186,0.3636399822285193,0.3500539471264798,0.0,0.7986928104575163
IMG_0090,2,IMG_0090_r2_archive.csv,12,111111111110001111110010,255,227,242,0.3633652794799298,0.3501086346480493,0.0,0.94640522875817
IMG_0090,2,IMG_0090_r2_archive.csv,16,001000110000010111100010,35,5,226,0.3720458253787275,0.3497962810601397,0.0,0.3477124183006536
IMG_0090,2,IMG_0090_r2_archive.csv,20,111110111010010101110101,251,165,117,0.3646577632353053,0.3500212916425,0.0,0.6967320261437908
IMG_0090,2,IMG_0090_r2_archive.csv,21,010110001110101000010101,88,234,21,0.3658671173858359,0.3502562119999357,0.0,0.4483660130718954
IMG_0090,2,IMG_0090_r2_archive.csv,24,000010100000010000100110,10,4,38,0.3754856588350536,0.3498365031736398,0.0,0.0679738562091503
IMG_0090,2,IMG_0090_r2_archive.csv,26,111101110010110001110101,247,44,117,0.3665957523090832,0.349986163184206,0.0,0.5333333333333333
IMG_0090,2,IMG_0090_r2_archive.csv,30,100100101100100000110000,146,200,48,0.3650992754964987,0.3504729926305623,0.0,0.5150326797385621
IMG_0090,2,IMG_0090_r2_archive.csv,32,000001000000000100000000,4,2,2,0.3874930313701886,0.3500413350612819,0.0,0.0104575163398692
IMG_0090,2,IMG_0090_r2_archive.csv,34,111000111111011000100000,227,246,32,0.3636974677175606,0.350354351803126,0.0,0.6601307189542484
IMG_0090,2,IMG_0090_r2_archive.csv,35,001010111101110101000000,43,221,64,0.3662669336185273,0.3501163401558371,0.0,0.4287581699346405
IMG_0090,2,IMG_0090_r2_archive.csv,40,100011010100000000101000,141,64,40,0.3675772641207215,0.350265927175401,0.0,0.3202614379084967
IMG_0090,2,IMG_0090_r2_archive.csv,43,111000111001010100101011,227,149,43,0.3651308205527826,0.350158198963258,0.0,0.5477124183006535
IMG_0090,2,IMG_0090_r2_archive.csv,44,111011011111011000101001,237,246,41,0.3637223244768869,0.350298850916219,0.0,0.6849673202614379
IMG_0090,2,IMG_0090_r2_archive.csv,48,001110000000111000101001,56,14,41,0.3697932238957797,0.3502325513377718,0.0,0.1450980392156863
IMG_0090,2,IMG_0090_r2_archive.csv,51,100011011110110100111111,141,237,63,0.3642387287316089,0.350461947651328,0.0,0.5764705882352941
IMG_0090,2,IMG_0090_r2_archive.csv,52,110000001010101101000001,192,171,65,0.3648383049221691,0.3502847514032491,0.0,0.5594771241830065
IMG_0090,2,IMG_0090_r2_archive.csv,53,111100011111011110111011,241,247,187,0.3622242814175464,0.3502753107225549,0.0,0.8823529411764706
IMG_0090,2,IMG_0090_r2_archive.csv,54,000100100011001000111000,18,50,56,0.3697541354564713,0.3499743882244108,0.0,0.1620915032679738
IMG_0090,2,IMG_0090_r2_archive.csv,56,001010011000111101001011,41,143,75,0.3671355063397664,0.3500773093286377,0.0,0.3385620915032679
IMG_0090,2,IMG_0090_r2_archive.csv,57,000011000100000001110001,12,64,113,0.3700679943739586,0.3499174422787818,0.0,0.2470588235294117
IMG_0090,2,IMG_0090_r2_archive.csv,59,001111001001010011000000,60,148,192,0.3669538047836833,0.3500006015886015,0.0,0.5228758169934641
IMG_0090,2,IMG_0090_r2_archive.csv,62,001100011100100000110100,49,200,52,0.3662425171015325,0.3501945590220587,0.0,0.3934640522875817
IMG_0090,2,IMG_0090_r2_archive.csv,63,001011101100100000111110,46,200,62,0.3659087964819405,0.3501761045722824,0.0,0.4026143790849673
IMG_0090,2,IMG_0090_r2_archive.csv,65,000010100010111000111000,10,46,56,0.3709374645122578,0.3498010430739606,0.0,0.1464052287581699
IMG_0090,2,IMG_0090_r2_archive.csv,66,000100000101000101001011,16,81,75,0.3686562388115709,0.3502600522528803,0.0,0.2248366013071895
IMG_0090,2,IMG_0090_r2_archive.csv,68,111011111111011110110111,239,247,183,0.3616695083504039,0.3503423568362507,0.0,0.8745098039215686
IMG_0090,2,IMG_0090_r2_archive.csv,70,111010101111001110110111,234,243,183,0.3625937632603652,0.3503871229367172,0.0,0.8627450980392157
IMG_0090,2,IMG_0090_r2_archive.csv,71,010011110011111111011011,79,63,219,0.3681552007074541,0.350003823571425,0.0,0.4718954248366013
IMG_0090,2,IMG_0090_r2_archive.csv,72,010001110010000100001101,71,33,13,0.3699899783531169,0.3501793932927833,0.0,0.1529411764705882
IMG_0090,2,IMG_0090_r2_archive.csv,74,001001011100101000100101,37,202,37,0.3664630023137714,0.3503086025674842,0.0,0.3607843137254902
IMG_0090,2,IMG_0090_r2_archive.csv,78,101110001101111100110101,184,223,53,0.3640915438675466,0.350531279476051,0.0,0.6013071895424837
IMG_0090,2,IMG_0090_r2_archive.csv,79,111001011100110000100101,229,204,37,0.3643898419118589,0.3503782633821306,0.0,0.6143790849673202
IMG_0090,2,IMG_0090_r2_archive.csv,83,101001011110101100011001,165,235,25,0.3645017227274231,0.3506325598546993,0.0,0.5555555555555555
IMG_0090,2,IMG_0090_r2_archive.csv,85,001001111010001100011011,39,163,27,0.3675860943659454,0.3501725782309743,0.0,0.2993464052287581
IMG_0090,2,IMG_0090_r2_archive.csv,88,000100100001000000001001,18,16,9,0.3722443662039863,0.3501146493657551,0.0,0.0562091503267973
IMG_0090,2,IMG_0090_r2_archive.csv,90,010010110000111000010010,75,14,18,0.370292204713617,0.3503113021480466,0.0,0.1398692810457516
IMG_0090,2,IMG_0090_r2_archive.csv,93,001100101100001100101110,50,195,46,0.366789179550339,0.3502117925633299,0.0,0.3803921568627451
IMG_0090,2,IMG_0090_r2_archive.csv,96,010001100011101001000100,70,58,68,0.3684228934435361,0.350060868288196,0.0,0.2562091503267973
IMG_0090,2,IMG_0090_r2_archive.csv,97,010000110010000111110110,67,33,246,0.3681796002920516,0.349943595126077,0.0,0.4522875816993464
IMG_0090,2,IMG_0090_r2_archive.csv,99,010000110111010111000000,67,117,192,0.3672324104498645,0.3499924403691716,0.0,0.4915032679738562
IMG_0093,1,IMG_0093_r1_archive.csv,0,111001101001110100101001,230,157,41,0.3390278443173268,0.3655568030497828,0.0,0.5594771241830065
IMG_0093,1,IMG_0093_r1_archive.csv,2,110010010010011011110000,201,38,240,0.340882170415743,0.3653497242987463,0.0,0.6261437908496732
IMG_0093,1,IMG_0093_r1_archive.csv,3,111110010111110000101001,249,124,41,0.3398439350729447,0.3654193177602698,0.0,0.5411764705882353
IMG_0093,1,IMG_0093_r1_archive.csv,5,101110100011001100101111,186,51,47,0.3406824104578742,0.3653873592878278,0.0,0.3712418300653595
IMG_0093,1,IMG_0093_r1_archive.csv,6,101100100000101000010000,178,10,16,0.3436851933397115,0.3653855026312764,0.0,0.2666666666666666
IMG_0093,1,IMG_0093_r1_archive.csv,7,101101101111001100011100,182,243,28,0.3392834473216928,0.3654405945966468,0.0,0.592156862745098
IMG_0093,1,IMG_0093_r1_archive.csv,8,000110110010010001001110,27,36,78,0.343130208617602,0.3655717467638772,0.0,0.1843137254901961
IMG_0093,1,IMG_0093_r1_archive.csv,9,111110010011001100111111,249,51,63,0.3397077393347699,0.3654557077436981,0.0,0.4745098039215686
IMG_0093,1,IMG_0093_r1_archive.csv,14,110010000010000111101000,200,33,232,0.3413878310643394,0.3652249636396966,0.0,0.6078431372549019
IMG_0093,1,IMG_0093_r1_archive.csv,15,100011011110111100111011,141,239,59,0.3395503696336948,0.365369888845422,0.0,0.5738562091503269
IMG_0093,1,IMG_0093_r1_archive.csv,17,010001000001101010110101,68,26,181,0.343856972510941,0.3653634692174114,0.0,0.3594771241830065
IMG_0093,1,IMG_0093_r1_archive.csv,18,010001110100010001000010,71,68,66,0.3422524331383972,0.3653640340130213,0.0,0.2679738562091503
IMG_0093,1,IMG_0093_r1_archive.csv,21,101111010001011110110001,189,23,177,0.3425988445898114,0.365301597964093,0.0,0.5084967320261438
IMG_0093,1,IMG_0093_r1_archive.csv,23,010001100011000001000100,70,48,68,0.3423768269956113,0.3654908798213553,0.0,0.2431372549019607
IMG_0093,1,IMG_0093_r1_archive.csv,24,110000000000011011100000,192,6,224,0.3441862145114309,0.3651674618468717,0.0,0.5516339869281045
IMG_0093,1,IMG_0093_r1_archive.csv,25,001100100001111101001101,50,31,77,0.3427211388297527,0.3654466992026317,0.0,0.2065359477124183
IMG_0093,1,IMG_0093_r1_archive.csv,27,000100000000010000000000,16,4,2,0.3581713672541428,0.365497966374126,0.0,0.0287581699346405
IMG_0093,1,IMG_0093_r1_archive.csv,29,111101001100110001000010,244,204,66,0.3383336329579147,0.3654027280630172,0.0,0.6718954248366014
IMG_0093,1,IMG_0093_r1_archive.csv,30,101000000000100010110101,160,8,181,0.3441551012312797,0.365309368560677,0.0,0.4562091503267974
IMG_0093,1,IMG_0093_r1_archive.csv,31,110100100000011011101001,210,6,233,0.3438776892991124,0.3652356319650667,0.0,0.5869281045751633
IMG_0093,1,IMG_0093_r1_archive.csv,33,000000000000100100000001,2,9,2,0.3651222264315,0.3656705402466857,0.0,0.0169934640522875
IMG_0093,1,IMG_0093_r1_archive.csv,34,100101000100100111101101,148,73,237,0.3416773919916133,0.365340733897439,0.0,0.5986928104575163
IMG_0093,1,IMG_0093_r1_archive.csv,35,100010000010000000110101,136,32,53,0.3419732687031031,0.3655744680813833,0.0,0.2888888888888889
IMG_0093,1,IMG_0093_r1_archive.csv,36,101011011101101110110101,173,219,181,0.3403394616817204,0.365303451537126,0.0,0.7490196078431373
IMG_0093,1,IMG_0093_r1_archive.csv,37,000101011111000001000010,21,240,66,0.3411731282657993,0.3653615468012508,0.0,0.4274509803921568
IMG_0093,1,IMG_0093_r1_archive.csv,38,111111111110100111111011,255,233,251,0.3380701648549744,0.3653608746186662,0.0,0.9660130718954248
IMG_0093,1,IMG_0093_r1_archive.csv,40,101101111110110110110011,183,237,179,0.3398561010004488,0.3652717249211677,0.0,0.7830065359477124
IMG_0093,1,IMG_0093_r1_archive.csv,46,000100010011100111100111,17,57,231,0.3441233275876313,0.3653344973710622,0.0,0.3986928104575163
IMG_0093,1,IMG_0093_r1_archive.csv,47,101111110001111111110110,191,31,246,0.3412560631480745,0.3652831106333669,0.0,0.611764705882353
IMG_0093,1,IMG_0093_r1_archive.csv,49,100011000100010100010111,140,69,23,0.3418939996848565,0.3654356305439807,0.0,0.3032679738562091
IMG_0093,1,IMG_0093_r1_archive.csv,53,001100000000101000000110,48,10,6,0.3474995714256674,0.3654383566404156,0.0,0.0836601307189542
IMG_0093,1,IMG_0093_r1_archive.csv,54,000100000001111100101101,16,31,45,0.343831099807773,0.365398423771438,0.0,0.1202614379084967
IMG_0093,1,IMG_0093_r1_archive.csv,57,000100000011000000111000,16,48,56,0.3434788974764613,0.3655091816005127,0.0,0.1568627450980392
IMG_0093,1,IMG_0093_r1_archive.csv,59,101101010001010100100101,181,21,37,0.3412887003439882,0.3654678513807621,0.0,0.3124183006535947
IMG_0093,1,IMG_0093_r1_archive.csv,60,111011101011110100111011,238,189,59,0.338456113454227,0.3655209867416245,0.0,0.6352941176470588
IMG_0093,1,IMG_0093_r1_archive.csv,62,111110100011111101010111,250,63,87,0.3396509988712125,0.3654507048280733,0.0,0.5228758169934641
IMG_0093,1,IMG_0093_r1_archive.csv,63,101001111111111111101111,167,255,239,0.3392441726260135,0.3653648782428334,0.0,0.8640522875816994
IMG_0093,1,IMG_0093_r1_archive.csv,69,010001100011101000110000,70,58,48,0.3425480897287211,0.3654944298034636,0.0,0.2300653594771241
IMG_0093,1,IMG_0093_r1_archive.csv,74,111010111111011000111000,235,246,56,0.3379753603621491,0.3654492122958903,0.0,0.7019607843137254
IMG_0093,1,IMG_0093_r1_archive.csv,75,111100000011000100110100,240,49,52,0.3398470760326552,0.3654805302229163,0.0,0.4457516339869281
IMG_0093,1,IMG_0093_r1_archive.csv,79,111001101000110100101001,230,141,41,0.3392913547512605,0.365540379516482,0.0,0.5385620915032681
IMG_0093,1,IMG_0093_r1_archive.csv,82,111001111110001111101011,231,227,235,0.3389472376396887,0.3653504531360641,0.0,0.9058823529411764
IMG_0093,1,IMG_0093_r1_archive.csv,84,111110111111110000111011,251,252,59,0.3376463469490235,0.3653807171419476,0.0,0.734640522875817
IMG_0093,2,IMG_0093_r2_archive.csv,0,110101001100000100101101,212,193,45,0.3389369258096958,0.3645841468329561,0.0,0.5882352941176471
IMG_0093,2,IMG_0093_r2_archive.csv,1,001010000011001000100100,40,50,36,0.3430353533275845,0.3646368419831178,0.0,0.1647058823529411
IMG_0093,2,IMG_0093_r2_archive.csv,2,011010011001010001000010,105,148,66,0.3418503056334659,0.3645890803742753,0.0,0.4169934640522875
IMG_0093,2,IMG_0093_r2_archive.csv,4,110100100110000100101001,210,97,41,0.340804772427405,0.3645125022735385,0.0,0.4549019607843137
IMG_0093,2,IMG_0093_r2_archive.csv,5,101000010011111001000000,161,62,64,0.3412171186341437,0.3647041422310198,0.0,0.3751633986928104
IMG_0093,2,IMG_0093_r2_archive.csv,10,011111000011011001001110,124,54,78,0.3419630330688981,0.3646230387504827,0.0,0.3346405228758169
IMG_0093,2,IMG_0093_r2_archive.csv,11,000001010000101000000010,5,10,2,0.3585760092200821,0.3649493993702064,0.0,0.0222222222222222
IMG_0093,2,IMG_0093_r2_archive.csv,12,000101001101111111111001,20,223,249,0.3421236622564652,0.3644571663396254,0.0,0.6431372549019608
IMG_0093,2,IMG_0093_r2_archive.csv,13,000101000100000100000001,20,65,2,0.3537611973684368,0.3647402255973473,0.0,0.1137254901960784
IMG_0093,2,IMG_0093_r2_archive.csv,14,101011010010001100011100,173,35,28,0.3415900038888321,0.364705747741529,0.0,0.3084967320261438
IMG_0093,2,IMG_0093_r2_archive.csv,15,001110110011011000100110,59,54,38,0.3428882700579064,0.3646810154621029,0.0,0.1973856209150327
IMG_0093,2,IMG_0093_r2_archive.csv,18,111111001110011111111011,252,231,251,0.338131510930614,0.3645547036311379,0.0,0.9594771241830063
IMG_0093,2,IMG_0093_r2_archive.csv,21,001010010011111000111000,41,62,56,0.3428142670152393,0.3646869394422269,0.0,0.2078431372549019
IMG_0093,2,IMG_0093_r2_archive.csv,22,101100000011101001001000,176,58,72,0.3410109158990789,0.3646652955412994,0.0,0.4
IMG_0093,2,IMG_0093_r2_archive.csv,23,000001110101010111101110,7,85,238,0.3460384155939783,0.3644823565585404,0.0,0.4313725490196078
IMG_0093,2,IMG_0093_r2_archive.csv,24,110101001000100000100101,212,136,37,0.340080607657061,0.3645282475382245,0.0,0.5032679738562091
IMG_0093,2,IMG_0093_r2_archive.csv,32,110100011110101111000110,209,235,198,0.3394123028656116,0.3644756716755746,0.0,0.8392156862745098
IMG_0093,2,IMG_0093_r2_archive.csv,34,001010010011110000010010,41,60,18,0.3436979857659179,0.3646069272878109,0.0,0.1555555555555555
IMG_0093,2,IMG_0093_r2_archive.csv,40,101111101101000101000011,190,209,67,0.3389358844672581,0.3646178121195485,0.0,0.6091503267973857
IMG_0093,2,IMG_0093_r2_archive.csv,41,000010100001001100000101,10,19,5,0.3491787403395807,0.3650686737545701,0.0,0.0444444444444444
IMG_0093,2,IMG_0093_r2_archive.csv,42,001110100111000000101000,58,112,40,0.3430006757777888,0.3646596842185101,0.0,0.2745098039215686
IMG_0093,2,IMG_0093_r2_archive.csv,43,000111111011011101001100,31,183,76,0.3421060779618056,0.3645558903056274,0.0,0.3790849673202615
IMG_0093,2,IMG_0093_r2_archive.csv,44,110011011101111100110111,205,223,55,0.3387389352873513,0.3645925612418232,0.0,0.6313725490196078
IMG_0093,2,IMG_0093_r2_archive.csv,47,000011010001001000000101,13,18,5,0.3487170869917261,0.3648863403820272,0.0,0.0470588235294117
IMG_0093,2,IMG_0093_r2_archive.csv,49,110011010001010100011001,205,21,25,0.3414131449983943,0.3647365549123062,0.0,0.3281045751633987
IMG_0093,2,IMG_0093_r2_archive.csv,50,000010100100001000101001,10,66,41,0.3446881246340117,0.3647100753335242,0.0,0.1529411764705882
IMG_0093,2,IMG_0093_r2_archive.csv,53,100011000110000010111000,140,96,184,0.3429172583221888,0.364503775683696,0.0,0.5490196078431373
IMG_0093,2,IMG_0093_r2_archive.csv,56,101000010010001100011000,161,35,24,0.341888818371264,0.3647176150819007,0.0,0.2875816993464052
IMG_0093,2,IMG_0093_r2_archive.csv,57,001110001000001101001100,56,131,76,0.3424511940848216,0.36459674717595,0.0,0.3437908496732026
IMG_0093,2,IMG_0093_r2_archive.csv,58,110011000001111000101011,204,30,43,0.3409096432304616,0.3647118672991598,0.0,0.3620915032679738
IMG_0093,2,IMG_0093_r2_archive.csv,60,101111001010011011111000,188,166,248,0.3402248547501811,0.3644794824826752,0.0,0.7869281045751634
IMG_0093,2,IMG_0093_r2_archive.csv,63,010101010010001000111101,85,34,61,0.342635062987767,0.3646938125697055,0.0,0.2352941176470588
IMG_0093,2,IMG_0093_r2_archive.csv,65,111110001101100100111011,248,217,59,0.3382393787680036,0.3646015876485672,0.0,0.6849673202614379
IMG_0093,2,IMG_0093_r2_archive.csv,67,100100001000011000100100,144,134,36,0.3414334130780357,0.3646434407327162,0.0,0.4104575163398693
IMG_0093,2,IMG_0093_r2_archive.csv,68,110000111101100100010111,195,217,23,0.3393304008595755,0.3645890721854983,0.0,0.5686274509803921
IMG_0093,2,IMG_0093_r2_archive.csv,73,101010001011101100111010,168,187,58,0.3399227892474559,0.3646498711720438,0.0,0.5398692810457516
IMG_0093,2,IMG_0093_r2_archive.csv,76,110110001010100000101010,216,168,42,0.3395767757073797,0.3645147263851019,0.0,0.5568627450980392
IMG_0093,2,IMG_0093_r2_archive.csv,77,101101010111100100111010,181,121,58,0.340619701324247,0.3646135233520662,0.0,0.4705882352941176
IMG_0093,2,IMG_0093_r2_archive.csv,78,100100010110000100101011,145,97,43,0.341971279146413,0.3646090081150106,0.0,0.3725490196078431
IMG_0093,2,IMG_0093_r2_archive.csv,84,001110010001101000011000,57,26,24,0.3434765354070294,0.3648610969972419,0.0,0.1398692810457516
IMG_0093,2,IMG_0093_r2_archive.csv,85,000011100010111000001011,14,46,11,0.3453355517795147,0.3647791564940726,0.0,0.0928104575163398
IMG_0093,2,IMG_0093_r2_archive.csv,88,000101001001111011111010,20,158,250,0.3429942922639836,0.364449638485711,0.0,0.5594771241830065
