run_key,experiment_id,filename,run_index,algorithm,algorithm_order,population_size,evaluation_budget,master_seed,best_score,level_R,level_G,level_B,evaluations,budget_compliant,runtime_s,iterations_completed,convergence_points,final_convergence_value,diversity_mean,diversity_final,injection_count,bda_proposals,ehho_proposals,bda_fraction,cache_entries,cache_hits,cache_misses,cache_hit_rate
IMG_0001|r1|n30|b600|BEHHO-VC-Calibrated,IMG_0001,101085.jpg,1,BEHHO-VC-Calibrated,1,30,600,1446857620,4.84040528303165,17,75,128,600,True,10.836937299987767,20,20,4.84040528303165,0.8904537037037038,0.9296296296296296,0,0,0,nan,584,1219,584,0.6760953965612867
IMG_0001|r1|n30|b600|BDA-EHHO-VC-Calibrated,IMG_0001,101085.jpg,1,BDA-EHHO-VC-Calibrated,2,30,600,1446857620,4.839803916504475,17,83,71,600,True,9.327468700008467,10,10,4.839803916504475,nan,nan,0,165,135,0.55,512,1291,512,0.7160288408208542
IMG_0001|r1|n30|b600|HHO-VC,IMG_0001,101085.jpg,1,HHO-VC,3,30,600,1446857620,4.840067165047716,17,53,29,600,True,4.637530800013337,11,11,4.840067165047716,nan,nan,0,0,0,nan,260,1540,260,0.8555555555555555
IMG_0001|r1|n30|b600|EHHO-VC,IMG_0001,101085.jpg,1,EHHO-VC,4,30,600,1446857620,4.840305705677372,17,25,50,600,True,4.920272699964698,13,13,4.840305705677372,0.1558057931285619,0.11175001373564247,0,0,0,nan,266,1534,266,0.8522222222222222
IMG_0001|r2|n30|b600|HHO-VC,IMG_0001,101085.jpg,2,HHO-VC,1,30,600,1065080759,4.834503447829273,27,154,240,600,True,6.617089400009718,11,11,4.834503447829273,nan,nan,0,0,0,nan,352,1448,352,0.8044444444444444
IMG_0001|r2|n30|b600|EHHO-VC,IMG_0001,101085.jpg,2,EHHO-VC,2,30,600,1065080759,4.834339556175091,27,152,239,600,True,8.410801599966362,13,13,4.834339556175091,0.46473383610546193,0.46478381783173106,0,0,0,nan,388,1412,388,0.7844444444444445
IMG_0001|r2|n30|b600|BDA-EHHO-VC-Calibrated,IMG_0001,101085.jpg,2,BDA-EHHO-VC-Calibrated,3,30,600,1065080759,4.834397775227717,27,127,217,600,True,10.402748799999245,10,10,4.834397775227717,nan,nan,0,143,157,0.4766666666666667,498,1305,498,0.7237936772046589
IMG_0001|r2|n30|b600|BEHHO-VC-Calibrated,IMG_0001,101085.jpg,2,BEHHO-VC-Calibrated,4,30,600,1065080759,4.834225852782249,27,145,229,600,True,11.344387800025288,20,20,4.834225852782249,0.8193055555555555,0.9638888888888889,6,0,0,nan,564,1239,564,0.6871880199667221
IMG_0001|r3|n30|b600|BDA-EHHO-VC-Calibrated,IMG_0001,101085.jpg,3,BDA-EHHO-VC-Calibrated,1,30,600,1844445545,4.841555861696063,2,2,177,600,True,11.232757000019774,10,10,4.841555861696063,nan,nan,0,143,157,0.4766666666666667,494,1309,494,0.726012201885746
IMG_0001|r3|n30|b600|BEHHO-VC-Calibrated,IMG_0001,101085.jpg,3,BEHHO-VC-Calibrated,2,30,600,1844445545,4.842047348494168,2,2,136,600,True,22.720362699998077,20,20,4.842047348494168,0.8515185185185186,0.862037037037037,1,0,0,nan,540,1263,540,0.7004991680532446
IMG_0001|r3|n30|b600|EHHO-VC,IMG_0001,101085.jpg,3,EHHO-VC,3,30,600,1844445545,4.842050024280415,2,2,37,600,True,9.84475399996154,13,13,4.842050024280415,0.13773734662236012,0.0708739551310367,0,0,0,nan,243,1557,243,0.865
IMG_0001|r3|n30|b600|HHO-VC,IMG_0001,101085.jpg,3,HHO-VC,4,30,600,1844445545,4.842050024280415,2,2,37,600,True,10.921311200014316,11,11,4.842050024280415,nan,nan,0,0,0,nan,230,1570,230,0.8722222222222222
IMG_0001|r4|n30|b600|BDA-EHHO-VC-Calibrated,IMG_0001,101085.jpg,4,BDA-EHHO-VC-Calibrated,1,30,600,1047349122,4.842290728695008,160,41,26,600,True,21.69864640000742,10,10,4.84251000851898,nan,nan,0,135,165,0.45,488,1315,488,0.7293399889073766
IMG_0001|r4|n30|b600|EHHO-VC,IMG_0001,101085.jpg,4,EHHO-VC,2,30,600,1047349122,4.8428056908641794,82,233,17,600,True,17.98050519998651,14,14,4.8428056908641794,0.38751470221429135,0.4031547111560984,0,0,0,nan,358,1442,358,0.8011111111111111
IMG_0001|r4|n30|b600|HHO-VC,IMG_0001,101085.jpg,4,HHO-VC,3,30,600,1047349122,4.842998746243466,21,56,7,600,True,9.416899600008037,12,12,4.842998746243466,nan,nan,0,0,0,nan,335,1465,335,0.8138888888888889
IMG_0001|r4|n30|b600|BEHHO-VC-Calibrated,IMG_0001,101085.jpg,4,BEHHO-VC-Calibrated,4,30,600,1047349122,4.8424423678308175,160,240,22,600,True,11.223743800015654,20,20,4.8424423678308175,0.9199259259259257,0.9281481481481481,0,0,0,nan,591,1212,591,0.6722129783693843
IMG_0001|r5|n30|b600|HHO-VC,IMG_0001,101085.jpg,5,HHO-VC,1,30,600,233549258,4.835852582569474,165,80,33,600,True,6.570285099965986,11,11,4.835852582569474,nan,nan,0,0,0,nan,358,1442,358,0.8011111111111111
IMG_0001|r5|n30|b600|BDA-EHHO-VC-Calibrated,IMG_0001,101085.jpg,5,BDA-EHHO-VC-Calibrated,2,30,600,233549258,4.836145225059313,165,80,64,600,True,9.35166929999832,10,10,4.836145225059313,nan,nan,0,152,148,0.5066666666666667,490,1313,490,0.7282307265668331
IMG_0001|r5|n30|b600|EHHO-VC,IMG_0001,101085.jpg,5,EHHO-VC,3,30,600,233549258,4.83633391000272,92,74,21,600,True,6.462073499977123,13,13,4.83633391000272,0.2630887978551042,0.20070331864410307,0,0,0,nan,349,1451,349,0.8061111111111111
IMG_0001|r5|n30|b600|BEHHO-VC-Calibrated,IMG_0001,101085.jpg,5,BEHHO-VC-Calibrated,4,30,600,233549258,4.835881034306774,160,24,40,600,True,8.814221400010865,20,20,4.835881034306774,0.7671388888888888,0.5898148148148149,6,0,0,nan,453,1350,453,0.7487520798668885
IMG_0002|r1|n30|b600|BEHHO-VC-Calibrated,IMG_0002,101087.jpg,1,BEHHO-VC-Calibrated,1,30,600,1164942145,4.527726590469185,108,2,130,600,True,10.350933499983512,20,20,4.527726590469185,0.9138796296296295,0.9151851851851852,0,0,0,nan,575,1228,575,0.6810870770937326
IMG_0002|r1|n30|b600|HHO-VC,IMG_0002,101087.jpg,1,HHO-VC,2,30,600,1164942145,4.5276674777101436,76,39,21,600,True,5.562287500011735,12,12,4.5276674777101436,nan,nan,0,0,0,nan,281,1519,281,0.8438888888888889
IMG_0002|r1|n30|b600|BDA-EHHO-VC-Calibrated,IMG_0002,101087.jpg,1,BDA-EHHO-VC-Calibrated,3,30,600,1164942145,4.527344321570487,149,2,21,600,True,9.957355400023516,10,10,4.527344321570487,nan,nan,0,141,159,0.47,505,1298,505,0.7199112590127565
IMG_0002|r1|n30|b600|EHHO-VC,IMG_0002,101087.jpg,1,EHHO-VC,4,30,600,1164942145,4.5276674777101436,76,39,21,600,True,6.649915799964219,14,14,4.5276674777101436,0.18527443451756434,0.16148325714682435,0,0,0,nan,282,1518,282,0.8433333333333334
IMG_0002|r2|n30|b600|BDA-EHHO-VC-Calibrated,IMG_0002,101087.jpg,2,BDA-EHHO-VC-Calibrated,1,30,600,884638185,4.523357148925709,2,2,34,600,True,9.11697589996038,10,10,4.523357148925709,nan,nan,0,159,141,0.53,481,1322,481,0.733222407099279
IMG_0002|r2|n30|b600|BEHHO-VC-Calibrated,IMG_0002,101087.jpg,2,BEHHO-VC-Calibrated,2,30,600,884638185,4.523846813392475,2,2,10,600,True,20.10628819995327,20,20,4.523846813392475,0.7027777777777778,0.5677777777777778,9,0,0,nan,456,1347,456,0.7470881863560732
IMG_0002|r2|n30|b600|EHHO-VC,IMG_0002,101087.jpg,2,EHHO-VC,3,30,600,884638185,4.523219667328312,2,2,17,600,True,8.877766399993561,13,13,4.523219667328312,0.10784984090494064,0.020365791029976536,2,0,0,nan,186,1614,186,0.8966666666666666
IMG_0002|r2|n30|b600|HHO-VC,IMG_0002,101087.jpg,2,HHO-VC,4,30,600,884638185,4.523219667328312,2,2,17,600,True,7.2963379000429995,11,11,4.523219667328312,nan,nan,0,0,0,nan,175,1625,175,0.9027777777777778
IMG_0002|r3|n30|b600|BEHHO-VC-Calibrated,IMG_0002,101087.jpg,3,BEHHO-VC-Calibrated,1,30,600,1864832109,4.522634940266669,79,9,253,600,True,29.22378469997784,20,20,4.522634940266669,0.9295092592592592,0.9192592592592593,0,0,0,nan,588,1215,588,0.6738768718801996
IMG_0002|r3|n30|b600|BDA-EHHO-VC-Calibrated,IMG_0002,101087.jpg,3,BDA-EHHO-VC-Calibrated,2,30,600,1864832109,4.522616224072809,61,7,144,600,True,24.78740720002679,10,10,4.522616224072809,nan,nan,0,151,149,0.5033333333333333,512,1291,512,0.7160288408208542
IMG_0002|r3|n30|b600|EHHO-VC,IMG_0002,101087.jpg,3,EHHO-VC,3,30,600,1864832109,4.522535438318157,13,14,2,600,True,13.500668099964969,14,14,4.522535438318157,0.19379615038758186,0.03433567171753172,0,0,0,nan,313,1487,313,0.8261111111111111
IMG_0002|r3|n30|b600|HHO-VC,IMG_0002,101087.jpg,3,HHO-VC,4,30,600,1864832109,4.522159432040049,13,9,2,600,True,13.329715300002135,12,12,4.522159432040049,nan,nan,0,0,0,nan,284,1516,284,0.8422222222222222
IMG_0002|r4|n30|b600|BEHHO-VC-Calibrated,IMG_0002,101087.jpg,4,BEHHO-VC-Calibrated,1,30,600,1598637394,4.5274558068249915,93,13,69,600,True,27.274899300013203,20,20,4.5274558068249915,0.8810555555555555,0.8681481481481481,0,0,0,nan,589,1214,589,0.6733222407099279
IMG_0002|r4|n30|b600|EHHO-VC,IMG_0002,101087.jpg,4,EHHO-VC,2,30,600,1598637394,4.527095220532401,4,13,24,600,True,10.216470299987122,13,13,4.527095220532401,0.1485747723191665,0.04113543240954195,0,0,0,nan,283,1517,283,0.8427777777777777
IMG_0002|r4|n30|b600|HHO-VC,IMG_0002,101087.jpg,4,HHO-VC,3,30,600,1598637394,4.527518848916748,4,31,39,600,True,9.405027100001462,11,11,4.527518848916748,nan,nan,0,0,0,nan,285,1515,285,0.8416666666666667
IMG_0002|r4|n30|b600|BDA-EHHO-VC-Calibrated,IMG_0002,101087.jpg,4,BDA-EHHO-VC-Calibrated,4,30,600,1598637394,4.527569745859953,4,7,174,600,True,23.070010199968237,10,10,4.527569745859953,nan,nan,0,141,159,0.47,496,1307,496,0.7249029395452025
IMG_0002|r5|n30|b600|HHO-VC,IMG_0002,101087.jpg,5,HHO-VC,1,30,600,804458244,4.523578916606103,2,2,9,600,True,10.793477200029884,12,12,4.523578916606103,nan,nan,0,0,0,nan,217,1583,217,0.8794444444444445
IMG_0002|r5|n30|b600|BDA-EHHO-VC-Calibrated,IMG_0002,101087.jpg,5,BDA-EHHO-VC-Calibrated,2,30,600,804458244,4.523393272175249,68,2,237,600,True,23.703249100013636,10,10,4.523393272175249,nan,nan,0,158,142,0.5266666666666666,512,1291,512,0.7160288408208542
IMG_0002|r5|n30|b600|BEHHO-VC-Calibrated,IMG_0002,101087.jpg,5,BEHHO-VC-Calibrated,3,30,600,804458244,4.523578916606103,2,2,9,600,True,20.650553999992553,20,20,4.523578916606103,0.7936574074074074,0.6496296296296298,4,0,0,nan,489,1314,489,0.7287853577371048
IMG_0002|r5|n30|b600|EHHO-VC,IMG_0002,101087.jpg,5,EHHO-VC,4,30,600,804458244,4.523578916606103,2,2,9,600,True,9.315757000003941,14,14,4.523578916606103,0.1215290126142922,0.10440705126375281,2,0,0,nan,222,1578,222,0.8766666666666667
IMG_0003|r1|n30|b600|BDA-EHHO-VC-Calibrated,IMG_0003,102061.jpg,1,BDA-EHHO-VC-Calibrated,1,30,600,2065644448,4.9497935202371925,48,10,20,600,True,25.195131400018,10,10,4.9497935202371925,nan,nan,0,143,157,0.4766666666666667,498,1305,498,0.7237936772046589
IMG_0003|r1|n30|b600|HHO-VC,IMG_0003,102061.jpg,1,HHO-VC,2,30,600,2065644448,4.95080762778688,21,27,6,600,True,10.932681799982674,11,11,4.95080762778688,nan,nan,0,0,0,nan,283,1517,283,0.8427777777777777
IMG_0003|r1|n30|b600|BEHHO-VC-Calibrated,IMG_0003,102061.jpg,1,BEHHO-VC-Calibrated,3,30,600,2065644448,4.950285138738169,38,12,20,600,True,26.556931299972348,20,20,4.950285138738169,0.9003425925925926,0.9148148148148149,0,0,0,nan,591,1212,591,0.6722129783693843
IMG_0003|r1|n30|b600|EHHO-VC,IMG_0003,102061.jpg,1,EHHO-VC,4,30,600,2065644448,4.950778548349962,19,38,4,600,True,14.32254710001871,13,13,4.950778548349962,0.22018658742760605,0.07545408164745787,0,0,0,nan,304,1496,304,0.8311111111111111
IMG_0003|r2|n30|b600|BEHHO-VC-Calibrated,IMG_0003,102061.jpg,2,BEHHO-VC-Calibrated,1,30,600,1468317538,4.950523909590863,154,7,4,600,True,31.12973059999058,20,20,4.950523909590863,0.8845462962962964,0.9001851851851853,0,0,0,nan,572,1231,572,0.6827509706045479
IMG_0003|r2|n30|b600|HHO-VC,IMG_0003,102061.jpg,2,HHO-VC,2,30,600,1468317538,4.950521995908907,130,20,78,600,True,14.484161200001836,12,12,4.950521995908907,nan,nan,0,0,0,nan,351,1449,351,0.805
IMG_0003|r2|n30|b600|BDA-EHHO-VC-Calibrated,IMG_0003,102061.jpg,2,BDA-EHHO-VC-Calibrated,3,30,600,1468317538,4.950022680013693,8,102,84,600,True,22.73857240000507,10,10,4.950022680013693,nan,nan,0,159,141,0.53,491,1312,491,0.7276760953965613
IMG_0003|r2|n30|b600|EHHO-VC,IMG_0003,102061.jpg,2,EHHO-VC,4,30,600,1468317538,4.95017228573531,137,20,84,600,True,16.068441300012637,14,14,4.95017228573531,0.3069608327937342,0.3430331003833257,0,0,0,nan,372,1428,372,0.7933333333333333
IMG_0003|r3|n30|b600|HHO-VC,IMG_0003,102061.jpg,3,HHO-VC,1,30,600,1514007836,4.949797786492369,4,2,2,600,True,3.2091528000310063,11,11,4.949797786492369,nan,nan,0,0,0,nan,175,1625,175,0.9027777777777778
IMG_0003|r3|n30|b600|BEHHO-VC-Calibrated,IMG_0003,102061.jpg,3,BEHHO-VC-Calibrated,2,30,600,1514007836,4.9485765786987,4,2,4,600,True,19.349961299973074,20,20,4.9485765786987,0.6625,0.5109259259259259,11,0,0,nan,405,1398,405,0.7753743760399334
IMG_0003|r3|n30|b600|BDA-EHHO-VC-Calibrated,IMG_0003,102061.jpg,3,BDA-EHHO-VC-Calibrated,3,30,600,1514007836,4.9498956699970345,4,2,140,600,True,27.38364440004807,10,10,4.9498956699970345,nan,nan,0,135,165,0.45,491,1312,491,0.7276760953965613
IMG_0003|r3|n30|b600|EHHO-VC,IMG_0003,102061.jpg,3,EHHO-VC,4,30,600,1514007836,4.949023832266925,14,2,10,600,True,15.600519100029487,13,13,4.949023832266925,0.24496093380770653,0.16214313310509032,1,0,0,nan,296,1504,296,0.8355555555555556
IMG_0003|r4|n30|b600|BDA-EHHO-VC-Calibrated,IMG_0003,102061.jpg,4,BDA-EHHO-VC-Calibrated,1,30,600,131951801,4.947293593678593,195,166,251,600,True,26.992129499965813,10,10,4.947293593678593,nan,nan,0,150,150,0.5,506,1297,506,0.7193566278424848
IMG_0003|r4|n30|b600|BEHHO-VC-Calibrated,IMG_0003,102061.jpg,4,BEHHO-VC-Calibrated,2,30,600,131951801,4.947240643368461,193,4,238,600,True,32.85316779999994,20,20,4.947240643368461,0.9361944444444443,0.8924074074074074,0,0,0,nan,612,1191,612,0.6605657237936772
IMG_0003|r4|n30|b600|EHHO-VC,IMG_0003,102061.jpg,4,EHHO-VC,3,30,600,131951801,4.947378993172261,222,145,221,600,True,28.19836999999825,13,13,4.947378993172261,0.5481690042015809,0.6153106102926504,0,0,0,nan,500,1300,500,0.7222222222222222
IMG_0003|r4|n30|b600|HHO-VC,IMG_0003,102061.jpg,4,HHO-VC,4,30,600,131951801,4.947491713358629,222,145,222,600,True,28.854018400015775,12,12,4.947491713358629,nan,nan,0,0,0,nan,477,1323,477,0.735
IMG_0003|r5|n30|b600|BEHHO-VC-Calibrated,IMG_0003,102061.jpg,5,BEHHO-VC-Calibrated,1,30,600,719609205,4.956927753767999,2,3,2,600,True,29.72736979997717,20,20,4.956927753767999,0.714787037037037,0.7518518518518519,10,0,0,nan,455,1348,455,0.747642817526345
IMG_0003|r5|n30|b600|EHHO-VC,IMG_0003,102061.jpg,5,EHHO-VC,2,30,600,719609205,4.956086730938611,5,5,5,600,True,11.498297400015872,13,13,4.956086730938611,0.12178510496242914,0.07065683505611244,5,0,0,nan,192,1608,192,0.8933333333333333
IMG_0003|r5|n30|b600|HHO-VC,IMG_0003,102061.jpg,5,HHO-VC,3,30,600,719609205,4.956528393700587,2,3,3,600,True,9.632232300005853,12,12,4.956528393700587,nan,nan,0,0,0,nan,157,1643,157,0.9127777777777778
IMG_0003|r5|n30|b600|BDA-EHHO-VC-Calibrated,IMG_0003,102061.jpg,5,BDA-EHHO-VC-Calibrated,4,30,600,719609205,4.955776969032162,5,2,2,600,True,30.603250300046057,10,10,4.955776969032162,nan,nan,0,132,168,0.44,497,1306,497,0.7243483083749307
IMG_0004|r1|n30|b600|EHHO-VC,IMG_0004,103070.jpg,1,EHHO-VC,1,30,600,205209509,5.290637551187169,141,3,247,600,True,21.77780189999612,13,13,5.290637551187169,0.4014591424716417,0.4205493733278922,0,0,0,nan,351,1449,351,0.805
IMG_0004|r1|n30|b600|HHO-VC,IMG_0004,103070.jpg,1,HHO-VC,2,30,600,205209509,5.291119035935853,126,3,248,600,True,18.61030749999918,11,11,5.291119035935853,nan,nan,0,0,0,nan,315,1485,315,0.825
IMG_0004|r1|n30|b600|BEHHO-VC-Calibrated,IMG_0004,103070.jpg,1,BEHHO-VC-Calibrated,3,30,600,205209509,5.291553937579379,141,44,249,600,True,34.44043420004891,20,20,5.291553937579379,0.9244722222222223,0.9411111111111111,0,0,0,nan,620,1183,620,0.656128674431503
IMG_0004|r1|n30|b600|BDA-EHHO-VC-Calibrated,IMG_0004,103070.jpg,1,BDA-EHHO-VC-Calibrated,4,30,600,205209509,5.291226885804022,148,43,2,600,True,29.211910000012722,10,10,5.291226885804022,nan,nan,0,158,142,0.5266666666666666,488,1315,488,0.7293399889073766
IMG_0004|r2|n30|b600|BDA-EHHO-VC-Calibrated,IMG_0004,103070.jpg,2,BDA-EHHO-VC-Calibrated,1,30,600,1823302443,5.29173143437686,179,103,173,600,True,26.67633950000163,10,10,5.29173143437686,nan,nan,0,135,165,0.45,507,1296,507,0.718801996672213
IMG_0004|r2|n30|b600|EHHO-VC,IMG_0004,103070.jpg,2,EHHO-VC,2,30,600,1823302443,5.291611200415217,136,86,248,600,True,21.489983099978417,14,14,5.291611200415217,0.45264107408465876,0.4688164147274975,0,0,0,nan,469,1331,469,0.7394444444444445
IMG_0004|r2|n30|b600|HHO-VC,IMG_0004,103070.jpg,2,HHO-VC,3,30,600,1823302443,5.291624443516296,135,86,251,600,True,20.939833600015845,12,12,5.291624443516296,nan,nan,0,0,0,nan,434,1366,434,0.7588888888888888
IMG_0004|r2|n30|b600|BEHHO-VC-Calibrated,IMG_0004,103070.jpg,2,BEHHO-VC-Calibrated,4,30,600,1823302443,5.292227328705956,125,24,21,600,True,25.48026389995357,20,20,5.292227328705956,0.8765462962962964,0.9481481481481482,0,0,0,nan,526,1277,526,0.7082640044370494
IMG_0004|r3|n30|b600|EHHO-VC,IMG_0004,103070.jpg,3,EHHO-VC,1,30,600,738078485,5.294790552493984,240,241,213,600,True,22.20651899999939,13,13,5.294790552493984,0.5596654539942146,0.6420238570636155,0,0,0,nan,475,1325,475,0.7361111111111112
IMG_0004|r3|n30|b600|HHO-VC,IMG_0004,103070.jpg,3,HHO-VC,2,30,600,738078485,5.2948102151530225,241,242,213,600,True,22.99856889998773,11,11,5.2948102151530225,nan,nan,0,0,0,nan,444,1356,444,0.7533333333333333
IMG_0004|r3|n30|b600|BDA-EHHO-VC-Calibrated,IMG_0004,103070.jpg,3,BDA-EHHO-VC-Calibrated,3,30,600,738078485,5.294102399125397,247,200,49,600,True,30.751640899979975,10,10,5.294102399125397,nan,nan,0,137,163,0.45666666666666667,484,1319,484,0.7315585135884637
IMG_0004|r3|n30|b600|BEHHO-VC-Calibrated,IMG_0004,103070.jpg,3,BEHHO-VC-Calibrated,4,30,600,738078485,5.293885378524386,220,4,12,600,True,34.154375899990555,20,20,5.293885378524386,0.8674537037037038,0.7337037037037036,0,0,0,nan,530,1273,530,0.7060454797559623
IMG_0004|r4|n30|b600|HHO-VC,IMG_0004,103070.jpg,4,HHO-VC,1,30,600,1059959560,5.293739250225751,2,2,2,600,True,9.728328600001987,11,11,5.293739250225751,nan,nan,0,0,0,nan,158,1642,158,0.9122222222222223
IMG_0004|r4|n30|b600|EHHO-VC,IMG_0004,103070.jpg,4,EHHO-VC,2,30,600,1059959560,5.293739250225751,2,2,2,600,True,11.441200799949002,13,13,5.293739250225751,0.1215415667205118,0.07698971873243261,5,0,0,nan,195,1605,195,0.8916666666666667
IMG_0004|r4|n30|b600|BDA-EHHO-VC-Calibrated,IMG_0004,103070.jpg,4,BDA-EHHO-VC-Calibrated,3,30,600,1059959560,5.292780498997409,43,50,2,600,True,34.14236900000833,10,10,5.292780498997409,nan,nan,0,149,151,0.49666666666666665,524,1279,524,0.7093732667775929
IMG_0004|r4|n30|b600|BEHHO-VC-Calibrated,IMG_0004,103070.jpg,4,BEHHO-VC-Calibrated,4,30,600,1059959560,5.292628303492191,2,12,2,600,True,26.90808740002103,20,20,5.292628303492191,0.6593981481481482,0.642962962962963,12,0,0,nan,436,1367,436,0.7581808097615086
IMG_0004|r5|n30|b600|BEHHO-VC-Calibrated,IMG_0004,103070.jpg,5,BEHHO-VC-Calibrated,1,30,600,1141593706,5.2916339044171785,2,2,2,600,True,20.961343800008763,20,20,5.2916339044171785,0.6710370370370371,0.7118518518518518,14,0,0,nan,435,1368,435,0.7587354409317804
IMG_0004|r5|n30|b600|EHHO-VC,IMG_0004,103070.jpg,5,EHHO-VC,2,30,600,1141593706,5.2916339044171785,2,2,2,600,True,10.82064949994674,14,14,5.2916339044171785,0.10569874194401534,0.08981995901805237,6,0,0,nan,210,1590,210,0.8833333333333333
IMG_0004|r5|n30|b600|HHO-VC,IMG_0004,103070.jpg,5,HHO-VC,3,30,600,1141593706,5.2916339044171785,2,2,2,600,True,10.387876100023277,12,12,5.2916339044171785,nan,nan,0,0,0,nan,174,1626,174,0.9033333333333333
IMG_0004|r5|n30|b600|BDA-EHHO-VC-Calibrated,IMG_0004,103070.jpg,5,BDA-EHHO-VC-Calibrated,4,30,600,1141593706,5.292421345700885,68,2,2,600,True,31.56283930002246,10,10,5.292421345700885,nan,nan,0,137,163,0.45666666666666667,516,1287,516,0.7138103161397671
IMG_0005|r1|n30|b600|HHO-VC,IMG_0005,105025.jpg,1,HHO-VC,1,30,600,1319647956,4.60905851565976,251,3,255,600,True,20.746257700026035,12,12,4.60905851565976,nan,nan,0,0,0,nan,369,1431,369,0.795
IMG_0005|r1|n30|b600|EHHO-VC,IMG_0005,105025.jpg,1,EHHO-VC,2,30,600,1319647956,4.609065578439464,250,3,253,600,True,21.056609000021126,14,14,4.609065578439464,0.4634415084779017,0.5195050948110249,0,0,0,nan,378,1422,378,0.79
IMG_0005|r1|n30|b600|BDA-EHHO-VC-Calibrated,IMG_0005,105025.jpg,1,BDA-EHHO-VC-Calibrated,3,30,600,1319647956,4.610268696509874,184,3,136,600,True,27.216033300035633,10,10,4.610268696509874,nan,nan,0,164,136,0.5466666666666666,501,1302,501,0.7221297836938436
IMG_0005|r1|n30|b600|BEHHO-VC-Calibrated,IMG_0005,105025.jpg,1,BEHHO-VC-Calibrated,4,30,600,1319647956,4.60985388517751,32,2,16,600,True,27.484408000018448,20,20,4.60985388517751,0.7918333333333333,0.7351851851851853,3,0,0,nan,498,1305,498,0.7237936772046589
IMG_0005|r2|n30|b600|BEHHO-VC-Calibrated,IMG_0005,105025.jpg,2,BEHHO-VC-Calibrated,1,30,600,258983230,4.60676888994887,60,186,13,600,True,35.331368100014515,20,20,4.60676888994887,0.9191203703703703,0.9601851851851851,0,0,0,nan,595,1208,595,0.6699944536882972
IMG_0005|r2|n30|b600|BDA-EHHO-VC-Calibrated,IMG_0005,105025.jpg,2,BDA-EHHO-VC-Calibrated,2,30,600,258983230,4.606448251842006,89,130,11,600,True,31.70618039998226,10,10,4.606448251842006,nan,nan,0,144,156,0.48,512,1291,512,0.7160288408208542
IMG_0005|r2|n30|b600|HHO-VC,IMG_0005,105025.jpg,2,HHO-VC,3,30,600,258983230,4.607443669333032,121,127,220,600,True,27.0865111000021,11,11,4.607443669333032,nan,nan,0,0,0,nan,428,1372,428,0.7622222222222222
IMG_0005|r2|n30|b600|EHHO-VC,IMG_0005,105025.jpg,2,EHHO-VC,4,30,600,258983230,4.607443669333032,121,127,220,600,True,28.925986899994314,13,13,4.607443669333032,0.4620937707240389,0.4198177649084946,0,0,0,nan,471,1329,471,0.7383333333333333
IMG_0005|r3|n30|b600|BEHHO-VC-Calibrated,IMG_0005,105025.jpg,3,BEHHO-VC-Calibrated,1,30,600,1990168858,4.609087949293378,2,46,130,600,True,27.98256199999014,20,20,4.609087949293378,0.7806388888888889,0.8074074074074075,5,0,0,nan,444,1359,444,0.7537437603993344
IMG_0005|r3|n30|b600|BDA-EHHO-VC-Calibrated,IMG_0005,105025.jpg,3,BDA-EHHO-VC-Calibrated,2,30,600,1990168858,4.609731769183276,2,111,48,600,True,20.03423400002066,10,10,4.609731769183276,nan,nan,0,155,145,0.5166666666666667,471,1332,471,0.7387687188019967
IMG_0005|r3|n30|b600|HHO-VC,IMG_0005,105025.jpg,3,HHO-VC,3,30,600,1990168858,4.609892175491901,2,2,7,600,True,9.147622800024692,11,11,4.609892175491901,nan,nan,0,0,0,nan,169,1631,169,0.9061111111111111
IMG_0005|r3|n30|b600|EHHO-VC,IMG_0005,105025.jpg,3,EHHO-VC,4,30,600,1990168858,4.609277305559701,2,23,54,600,True,12.632372799969744,13,13,4.609277305559701,0.14701557014164085,0.10343298585931064,0,0,0,nan,247,1553,247,0.8627777777777778
IMG_0005|r4|n30|b600|BEHHO-VC-Calibrated,IMG_0005,105025.jpg,4,BEHHO-VC-Calibrated,1,30,600,992358130,4.607158131464499,2,38,32,600,True,27.01139450003393,20,20,4.607158131464499,0.8264351851851852,0.8751851851851852,0,0,0,nan,500,1303,500,0.7226844148641154
IMG_0005|r4|n30|b600|HHO-VC,IMG_0005,105025.jpg,4,HHO-VC,2,30,600,992358130,4.607272403426274,3,3,13,600,True,9.28674549999414,12,12,4.607272403426274,nan,nan,0,0,0,nan,182,1618,182,0.8988888888888888
IMG_0005|r4|n30|b600|BDA-EHHO-VC-Calibrated,IMG_0005,105025.jpg,4,BDA-EHHO-VC-Calibrated,3,30,600,992358130,4.607526661894019,2,20,20,600,True,25.650747300009243,10,10,4.607526661894019,nan,nan,0,161,139,0.5366666666666666,492,1311,492,0.7271214642262895
IMG_0005|r4|n30|b600|EHHO-VC,IMG_0005,105025.jpg,4,EHHO-VC,4,30,600,992358130,4.607272403426274,3,3,13,600,True,9.830344600020908,13,13,4.607272403426274,0.09471954420008316,0.025393080445402078,4,0,0,nan,184,1616,184,0.8977777777777778
IMG_0005|r5|n30|b600|EHHO-VC,IMG_0005,105025.jpg,5,EHHO-VC,1,30,600,44457663,4.611320317413223,8,53,161,600,True,17.056186700006947,13,13,4.611320317413223,0.3360800018872387,0.3366251869260802,0,0,0,nan,336,1464,336,0.8133333333333334
IMG_0005|r5|n30|b600|BDA-EHHO-VC-Calibrated,IMG_0005,105025.jpg,5,BDA-EHHO-VC-Calibrated,2,30,600,44457663,4.610557741817119,8,249,12,600,True,25.973774299956858,10,10,4.610557741817119,nan,nan,0,146,154,0.4866666666666667,491,1312,491,0.7276760953965613
IMG_0005|r5|n30|b600|HHO-VC,IMG_0005,105025.jpg,5,HHO-VC,3,30,600,44457663,4.6112982568468865,9,56,161,600,True,16.911581800028216,11,11,4.6112982568468865,nan,nan,0,0,0,nan,307,1493,307,0.8294444444444444
IMG_0005|r5|n30|b600|BEHHO-VC-Calibrated,IMG_0005,105025.jpg,5,BEHHO-VC-Calibrated,4,30,600,44457663,4.610311480942819,8,192,4,600,True,30.115239300008398,20,20,4.610311480942819,0.793962962962963,0.7588888888888888,6,0,0,nan,515,1288,515,0.7143649473100389
IMG_0006|r1|n30|b600|EHHO-VC,IMG_0006,106024.jpg,1,EHHO-VC,1,30,600,771053854,4.703533341992374,66,157,38,600,True,20.180676600022707,13,13,4.703533341992374,0.3225053530621682,0.33505534431096784,0,0,0,nan,370,1430,370,0.7944444444444444
IMG_0006|r1|n30|b600|HHO-VC,IMG_0006,106024.jpg,1,HHO-VC,2,30,600,771053854,4.70364963047198,63,136,37,600,True,19.662584600038826,11,11,4.70364963047198,nan,nan,0,0,0,nan,353,1447,353,0.8038888888888889
IMG_0006|r1|n30|b600|BEHHO-VC-Calibrated,IMG_0006,106024.jpg,1,BEHHO-VC-Calibrated,3,30,600,771053854,4.702412169197285,64,2,35,600,True,31.634942099975888,20,20,4.702412169197285,0.8966203703703701,0.8388888888888889,0,0,0,nan,568,1235,568,0.684969495285635
IMG_0006|r1|n30|b600|BDA-EHHO-VC-Calibrated,IMG_0006,106024.jpg,1,BDA-EHHO-VC-Calibrated,4,30,600,771053854,4.702452202031001,176,2,9,600,True,28.69280100002652,10,10,4.702452202031001,nan,nan,0,160,140,0.5333333333333333,509,1294,509,0.7176927343316695
IMG_0006|r2|n30|b600|BDA-EHHO-VC-Calibrated,IMG_0006,106024.jpg,2,BDA-EHHO-VC-Calibrated,1,30,600,1296491500,4.697781860311547,174,2,38,600,True,27.40902710001683,10,10,4.697781860311547,nan,nan,0,156,144,0.52,492,1311,492,0.7271214642262895
IMG_0006|r2|n30|b600|HHO-VC,IMG_0006,106024.jpg,2,HHO-VC,2,30,600,1296491500,4.697073199073502,6,2,24,600,True,10.556485400011297,11,11,4.697073199073502,nan,nan,0,0,0,nan,200,1600,200,0.8888888888888888
IMG_0006|r2|n30|b600|EHHO-VC,IMG_0006,106024.jpg,2,EHHO-VC,3,30,600,1296491500,4.697073199073502,6,2,24,600,True,12.14379950001603,13,13,4.697073199073502,0.11157765878473233,0.053135387235142724,0,0,0,nan,202,1598,202,0.8877777777777778
IMG_0006|r2|n30|b600|BEHHO-VC-Calibrated,IMG_0006,106024.jpg,2,BEHHO-VC-Calibrated,4,30,600,1296491500,4.698194378020617,132,2,32,600,True,33.903087500017136,20,20,4.698194378020617,0.8966574074074073,0.8566666666666666,0,0,0,nan,566,1237,566,0.6860787576261785
IMG_0006|r3|n30|b600|HHO-VC,IMG_0006,106024.jpg,3,HHO-VC,1,30,600,594762777,4.704246513030147,31,4,10,600,True,10.957095200021286,12,12,4.704246513030147,nan,nan,0,0,0,nan,219,1581,219,0.8783333333333333
IMG_0006|r3|n30|b600|BDA-EHHO-VC-Calibrated,IMG_0006,106024.jpg,3,BDA-EHHO-VC-Calibrated,2,30,600,594762777,4.705553658593626,111,64,17,600,True,27.331998899986502,10,10,4.705553658593626,nan,nan,0,162,138,0.54,475,1328,475,0.7365501941209096
IMG_0006|r3|n30|b600|EHHO-VC,IMG_0006,106024.jpg,3,EHHO-VC,3,30,600,594762777,4.704246513030147,31,4,10,600,True,10.090422800043598,13,13,4.704246513030147,0.12783511921655075,0.06423469122809462,0,0,0,nan,222,1578,222,0.8766666666666667
IMG_0006|r3|n30|b600|BEHHO-VC-Calibrated,IMG_0006,106024.jpg,3,BEHHO-VC-Calibrated,4,30,600,594762777,4.704726710957645,88,64,10,600,True,32.150436700030696,20,20,4.704726710957645,0.8728888888888887,0.8061111111111111,1,0,0,nan,559,1244,559,0.689961175818081
IMG_0006|r4|n30|b600|EHHO-VC,IMG_0006,106024.jpg,4,EHHO-VC,1,30,600,591599213,4.702254996339557,7,2,18,600,True,9.976683699991554,13,13,4.702254996339557,0.0917093530031535,0.026954667551815813,0,0,0,nan,182,1618,182,0.8988888888888888
IMG_0006|r4|n30|b600|BDA-EHHO-VC-Calibrated,IMG_0006,106024.jpg,4,BDA-EHHO-VC-Calibrated,2,30,600,591599213,4.70253268734984,171,2,27,600,True,25.28843490005238,10,10,4.70253268734984,nan,nan,0,155,145,0.5166666666666667,500,1303,500,0.7226844148641154
IMG_0006|r4|n30|b600|HHO-VC,IMG_0006,106024.jpg,4,HHO-VC,3,30,600,591599213,4.702254996339557,7,2,18,600,True,9.094111799960956,12,12,4.702254996339557,nan,nan,0,0,0,nan,180,1620,180,0.9
IMG_0006|r4|n30|b600|BEHHO-VC-Calibrated,IMG_0006,106024.jpg,4,BEHHO-VC-Calibrated,4,30,600,591599213,4.703233593077278,8,16,16,600,True,29.850401200004853,20,20,4.703233593077278,0.8331574074074075,0.6911111111111111,1,0,0,nan,540,1263,540,0.7004991680532446
IMG_0006|r5|n30|b600|BEHHO-VC-Calibrated,IMG_0006,106024.jpg,5,BEHHO-VC-Calibrated,1,30,600,1761557959,4.702945452219261,196,192,8,600,True,31.255699799978174,20,20,4.702945452219261,0.8815462962962961,0.9062962962962962,0,0,0,nan,533,1270,533,0.704381586245147
IMG_0006|r5|n30|b600|EHHO-VC,IMG_0006,106024.jpg,5,EHHO-VC,2,30,600,1761557959,4.7031318287677415,250,228,23,600,True,20.76198170002317,13,13,4.7031318287677415,0.4478502570184021,0.39495618067292804,0,0,0,nan,399,1401,399,0.7783333333333333
IMG_0006|r5|n30|b600|HHO-VC,IMG_0006,106024.jpg,5,HHO-VC,3,30,600,1761557959,4.703789118843055,94,83,8,600,True,20.016048400022555,12,12,4.703789118843055,nan,nan,0,0,0,nan,334,1466,334,0.8144444444444444
IMG_0006|r5|n30|b600|BDA-EHHO-VC-Calibrated,IMG_0006,106024.jpg,5,BDA-EHHO-VC-Calibrated,4,30,600,1761557959,4.701903112322628,125,225,8,600,True,26.634376500034705,10,10,4.701903112322628,nan,nan,0,143,157,0.4766666666666667,464,1339,464,0.7426511369938991
IMG_0007|r1|n30|b600|BEHHO-VC-Calibrated,IMG_0007,108005.jpg,1,BEHHO-VC-Calibrated,1,30,600,1475473565,4.985142317140065,154,116,70,600,True,33.77370369998971,20,20,4.985142317140065,0.9271574074074074,0.9444444444444443,0,0,0,nan,590,1213,590,0.6727676095396561
IMG_0007|r1|n30|b600|EHHO-VC,IMG_0007,108005.jpg,1,EHHO-VC,2,30,600,1475473565,4.985381074007693,132,119,28,600,True,25.078039299987722,13,13,4.985381074007693,0.34606605681707586,0.29091530470735605,0,0,0,nan,400,1400,400,0.7777777777777778
IMG_0007|r1|n30|b600|BDA-EHHO-VC-Calibrated,IMG_0007,108005.jpg,1,BDA-EHHO-VC-Calibrated,3,30,600,1475473565,4.985077896578177,190,109,19,600,True,32.5913709999877,10,10,4.985077896578177,nan,nan,0,151,149,0.5033333333333333,493,1310,493,0.7265668330560178
IMG_0007|r1|n30|b600|HHO-VC,IMG_0007,108005.jpg,1,HHO-VC,4,30,600,1475473565,4.98522922750972,185,254,18,600,True,23.640689400024712,11,11,4.98522922750972,nan,nan,0,0,0,nan,373,1427,373,0.7927777777777778
IMG_0007|r2|n30|b600|HHO-VC,IMG_0007,108005.jpg,2,HHO-VC,1,30,600,543622208,4.982994918571898,2,212,149,600,True,20.815893699997105,11,11,4.982994918571898,nan,nan,0,0,0,nan,346,1454,346,0.8077777777777778
IMG_0007|r2|n30|b600|EHHO-VC,IMG_0007,108005.jpg,2,EHHO-VC,2,30,600,543622208,4.982994918571898,2,212,149,600,True,21.8367780999979,13,13,4.982994918571898,0.405625714829438,0.34274439972628223,0,0,0,nan,375,1425,375,0.7916666666666666
IMG_0007|r2|n30|b600|BEHHO-VC-Calibrated,IMG_0007,108005.jpg,2,BEHHO-VC-Calibrated,3,30,600,543622208,4.9824470581635225,4,211,100,600,True,34.79086000000825,20,20,4.9824470581635225,0.9320462962962963,0.9355555555555556,0,0,0,nan,588,1215,588,0.6738768718801996
IMG_0007|r2|n30|b600|BDA-EHHO-VC-Calibrated,IMG_0007,108005.jpg,2,BDA-EHHO-VC-Calibrated,4,30,600,543622208,4.983409408972666,4,178,142,600,True,28.128136200015433,10,10,4.983469890336277,nan,nan,0,142,158,0.47333333333333333,479,1324,479,0.7343316694398225
IMG_0007|r3|n30|b600|BDA-EHHO-VC-Calibrated,IMG_0007,108005.jpg,3,BDA-EHHO-VC-Calibrated,1,30,600,1190938601,4.9849636230704455,133,22,114,600,True,28.515570499992464,10,10,4.9849636230704455,nan,nan,0,142,158,0.47333333333333333,474,1329,474,0.7371048252911814
IMG_0007|r3|n30|b600|EHHO-VC,IMG_0007,108005.jpg,3,EHHO-VC,2,30,600,1190938601,4.985431117450353,132,136,134,600,True,28.48121940001147,13,13,4.985431117450353,0.388623184232391,0.35128899666737307,0,0,0,nan,470,1330,470,0.7388888888888889
IMG_0007|r3|n30|b600|BEHHO-VC-Calibrated,IMG_0007,108005.jpg,3,BEHHO-VC-Calibrated,3,30,600,1190938601,4.985130196309391,135,101,103,600,True,39.837187300028745,20,20,4.985130196309391,0.9597314814814816,0.9733333333333333,0,0,0,nan,648,1155,648,0.6405990016638935
IMG_0007|r3|n30|b600|HHO-VC,IMG_0007,108005.jpg,3,HHO-VC,4,30,600,1190938601,4.985450595526113,132,136,136,600,True,28.910977000021376,11,11,4.985450595526113,nan,nan,0,0,0,nan,434,1366,434,0.7588888888888888
IMG_0007|r4|n30|b600|EHHO-VC,IMG_0007,108005.jpg,4,EHHO-VC,1,30,600,1738158636,4.988834971420829,150,27,5,600,True,15.789661700022407,13,13,4.988834971420829,0.2706691707509371,0.2658163501897045,0,0,0,nan,284,1516,284,0.8422222222222222
IMG_0007|r4|n30|b600|BEHHO-VC-Calibrated,IMG_0007,108005.jpg,4,BEHHO-VC-Calibrated,2,30,600,1738158636,4.988555613276405,2,24,5,600,True,31.673928699980024,20,20,4.988555613276405,0.7807685185185186,0.937037037037037,6,0,0,nan,500,1303,500,0.7226844148641154
IMG_0007|r4|n30|b600|HHO-VC,IMG_0007,108005.jpg,4,HHO-VC,3,30,600,1738158636,4.988923890560635,25,4,2,600,True,15.710670100001153,11,11,4.988923890560635,nan,nan,0,0,0,nan,266,1534,266,0.8522222222222222
IMG_0007|r4|n30|b600|BDA-EHHO-VC-Calibrated,IMG_0007,108005.jpg,4,BDA-EHHO-VC-Calibrated,4,30,600,1738158636,4.988529323572295,13,41,5,600,True,33.19701590004843,10,10,4.988529323572295,nan,nan,0,148,152,0.49333333333333335,509,1294,509,0.7176927343316695
IMG_0007|r5|n30|b600|EHHO-VC,IMG_0007,108005.jpg,5,EHHO-VC,1,30,600,1450637313,4.9911515900973304,9,2,23,600,True,13.306069699989166,14,14,4.9911515900973304,0.12315342556657348,0.044824822275711156,0,0,0,nan,230,1570,230,0.8722222222222222
IMG_0007|r5|n30|b600|BDA-EHHO-VC-Calibrated,IMG_0007,108005.jpg,5,BDA-EHHO-VC-Calibrated,2,30,600,1450637313,4.991902526001352,9,84,3,600,True,30.92938739998499,10,10,4.991902526001352,nan,nan,0,137,163,0.45666666666666667,491,1312,491,0.7276760953965613
IMG_0007|r5|n30|b600|BEHHO-VC-Calibrated,IMG_0007,108005.jpg,5,BEHHO-VC-Calibrated,3,30,600,1450637313,4.9915174079511,9,3,91,600,True,35.201786200050265,20,20,4.9915174079511,0.8773425925925926,0.9383333333333331,0,0,0,nan,571,1232,571,0.6833056017748197
IMG_0007|r5|n30|b600|HHO-VC,IMG_0007,108005.jpg,5,HHO-VC,4,30,600,1450637313,4.991377439839783,9,2,20,600,True,11.52321379998466,12,12,4.991377439839783,nan,nan,0,0,0,nan,228,1572,228,0.8733333333333333
IMG_0008|r1|n30|b600|EHHO-VC,IMG_0008,108070.jpg,1,EHHO-VC,1,30,600,2088819536,4.768340605263224,59,120,31,600,True,17.98557390004862,13,13,4.768340605263224,0.27532832093542814,0.22269143263025767,0,0,0,nan,356,1444,356,0.8022222222222222
IMG_0008|r1|n30|b600|BDA-EHHO-VC-Calibrated,IMG_0008,108070.jpg,1,BDA-EHHO-VC-Calibrated,2,30,600,2088819536,4.768426512522082,159,116,45,600,True,28.46264089999022,10,10,4.768426512522082,nan,nan,0,150,150,0.5,497,1306,497,0.7243483083749307
IMG_0008|r1|n30|b600|BEHHO-VC-Calibrated,IMG_0008,108070.jpg,1,BEHHO-VC-Calibrated,3,30,600,2088819536,4.767686576336534,129,2,35,600,True,27.068037700024433,20,20,4.767686576336534,0.759824074074074,0.7618518518518519,5,0,0,nan,442,1361,442,0.754853022739878
IMG_0008|r1|n30|b600|HHO-VC,IMG_0008,108070.jpg,1,HHO-VC,4,30,600,2088819536,4.768351964035514,61,128,31,600,True,21.05731000000378,11,11,4.768351964035514,nan,nan,0,0,0,nan,352,1448,352,0.8044444444444444
IMG_0008|r2|n30|b600|BDA-EHHO-VC-Calibrated,IMG_0008,108070.jpg,2,BDA-EHHO-VC-Calibrated,1,30,600,126043340,4.7641620072050515,22,38,2,600,True,32.715213800023776,10,10,4.7641620072050515,nan,nan,0,149,151,0.49666666666666665,518,1285,518,0.7127010537992235
IMG_0008|r2|n30|b600|EHHO-VC,IMG_0008,108070.jpg,2,EHHO-VC,2,30,600,126043340,4.766598632968555,52,45,255,600,True,22.33546520001255,13,13,4.766598632968555,0.3789674969542555,0.4059472425547063,0,0,0,nan,369,1431,369,0.795
IMG_0008|r2|n30|b600|BEHHO-VC-Calibrated,IMG_0008,108070.jpg,2,BEHHO-VC-Calibrated,3,30,600,126043340,4.764429510794044,36,24,2,600,True,35.85183279996272,20,20,4.764429510794044,0.8914351851851855,0.8755555555555556,2,0,0,nan,570,1233,570,0.6838602329450915
IMG_0008|r2|n30|b600|HHO-VC,IMG_0008,108070.jpg,2,HHO-VC,4,30,600,126043340,4.764930392273545,41,2,2,600,True,12.609210299968254,11,11,4.764930392273545,nan,nan,0,0,0,nan,201,1599,201,0.8883333333333333
IMG_0008|r3|n30|b600|BEHHO-VC-Calibrated,IMG_0008,108070.jpg,3,BEHHO-VC-Calibrated,1,30,600,1650799705,4.761508647175888,41,193,35,600,True,32.078982200007886,20,20,4.761508647175888,0.874787037037037,0.8412962962962963,0,0,0,nan,521,1282,521,0.7110371602884082
IMG_0008|r3|n30|b600|EHHO-VC,IMG_0008,108070.jpg,3,EHHO-VC,2,30,600,1650799705,4.761841637386382,48,49,7,600,True,19.66337109997403,14,14,4.761841637386382,0.25577265753846035,0.10201760559805281,0,0,0,nan,369,1431,369,0.795
IMG_0008|r3|n30|b600|HHO-VC,IMG_0008,108070.jpg,3,HHO-VC,3,30,600,1650799705,4.7622179791801935,189,200,46,600,True,24.980395199963823,12,12,4.7622179791801935,nan,nan,0,0,0,nan,416,1384,416,0.7688888888888888
IMG_0008|r3|n30|b600|BDA-EHHO-VC-Calibrated,IMG_0008,108070.jpg,3,BDA-EHHO-VC-Calibrated,4,30,600,1650799705,4.761478339154805,171,254,7,600,True,26.460418200003915,10,10,4.761478339154805,nan,nan,0,147,153,0.49,500,1303,500,0.7226844148641154
IMG_0008|r4|n30|b600|BDA-EHHO-VC-Calibrated,IMG_0008,108070.jpg,4,BDA-EHHO-VC-Calibrated,1,30,600,394018851,4.763496834555736,107,85,2,600,True,31.82729109999491,10,10,4.763496834555736,nan,nan,0,138,162,0.46,506,1297,506,0.7193566278424848
IMG_0008|r4|n30|b600|EHHO-VC,IMG_0008,108070.jpg,4,EHHO-VC,2,30,600,394018851,4.761764055447031,3,14,2,600,True,14.309688100009225,13,13,4.761764055447031,0.1952050137647131,0.08882768298975778,1,0,0,nan,264,1536,264,0.8533333333333334
IMG_0008|r4|n30|b600|HHO-VC,IMG_0008,108070.jpg,4,HHO-VC,3,30,600,394018851,4.761764055447031,3,14,2,600,True,15.100117599999066,11,11,4.761764055447031,nan,nan,0,0,0,nan,246,1554,246,0.8633333333333333
IMG_0008|r4|n30|b600|BEHHO-VC-Calibrated,IMG_0008,108070.jpg,4,BEHHO-VC-Calibrated,4,30,600,394018851,4.762890720579828,251,105,2,600,True,32.143345799995586,20,20,4.762890720579828,0.911490740740741,0.8898148148148147,0,0,0,nan,548,1255,548,0.6960621186910705
IMG_0008|r5|n30|b600|BEHHO-VC-Calibrated,IMG_0008,108070.jpg,5,BEHHO-VC-Calibrated,1,30,600,12957411,4.762465105118915,168,9,9,600,True,26.830692999996245,20,20,4.762465105118915,0.8242685185185186,0.8453703703703703,0,0,0,nan,485,1318,485,0.7310038824181919
IMG_0008|r5|n30|b600|BDA-EHHO-VC-Calibrated,IMG_0008,108070.jpg,5,BDA-EHHO-VC-Calibrated,2,30,600,12957411,4.763023064646904,141,169,13,600,True,28.79658720002044,10,10,4.7630775684851026,nan,nan,0,149,151,0.49666666666666665,497,1306,497,0.7243483083749307
IMG_0008|r5|n30|b600|EHHO-VC,IMG_0008,108070.jpg,5,EHHO-VC,3,30,600,12957411,4.7616453666503125,4,92,9,600,True,14.73375610000221,13,13,4.7616453666503125,0.14439294781644527,0.18310406082157818,3,0,0,nan,248,1552,248,0.8622222222222222
IMG_0008|r5|n30|b600|HHO-VC,IMG_0008,108070.jpg,5,HHO-VC,4,30,600,12957411,4.763149398540949,2,2,5,600,True,24.68995599995833,11,11,4.763149398540949,nan,nan,0,0,0,nan,447,1353,447,0.7516666666666667
IMG_0009|r1|n30|b600|HHO-VC,IMG_0009,108082.jpg,1,HHO-VC,1,30,600,278612242,4.5637762872741225,2,2,2,600,True,8.596936099987943,12,12,4.5637762872741225,nan,nan,0,0,0,nan,177,1623,177,0.9016666666666666
IMG_0009|r1|n30|b600|BEHHO-VC-Calibrated,IMG_0009,108082.jpg,1,BEHHO-VC-Calibrated,2,30,600,278612242,4.560414914076358,4,2,2,600,True,23.104574299999513,20,20,4.560414914076358,0.6227407407407407,0.6911111111111111,13,0,0,nan,401,1402,401,0.7775929007210205
IMG_0009|r1|n30|b600|EHHO-VC,IMG_0009,108082.jpg,1,EHHO-VC,3,30,600,278612242,4.5637762872741225,2,2,2,600,True,11.722224300028756,14,14,4.5637762872741225,0.09973407787524849,0.002398749643662464,7,0,0,nan,199,1601,199,0.8894444444444445
IMG_0009|r1|n30|b600|BDA-EHHO-VC-Calibrated,IMG_0009,108082.jpg,1,BDA-EHHO-VC-Calibrated,4,30,600,278612242,4.563065831693563,26,132,2,600,True,30.287683300033677,10,10,4.563065831693563,nan,nan,0,149,151,0.49666666666666665,501,1302,501,0.7221297836938436
IMG_0009|r2|n30|b600|HHO-VC,IMG_0009,108082.jpg,2,HHO-VC,1,30,600,997625389,4.560699909382108,2,2,2,600,True,9.89088239998091,11,11,4.560699909382108,nan,nan,0,0,0,nan,151,1649,151,0.9161111111111111
IMG_0009|r2|n30|b600|EHHO-VC,IMG_0009,108082.jpg,2,EHHO-VC,2,30,600,997625389,4.560699909382108,2,2,2,600,True,11.118957299971953,13,13,4.560699909382108,0.10957258405528325,0.03615124509420451,4,0,0,nan,187,1613,187,0.8961111111111111
IMG_0009|r2|n30|b600|BDA-EHHO-VC-Calibrated,IMG_0009,108082.jpg,2,BDA-EHHO-VC-Calibrated,3,30,600,997625389,4.560750615888008,47,8,119,600,True,32.47146009997232,10,10,4.561627184178758,nan,nan,0,148,152,0.49333333333333335,512,1291,512,0.7160288408208542
IMG_0009|r2|n30|b600|BEHHO-VC-Calibrated,IMG_0009,108082.jpg,2,BEHHO-VC-Calibrated,4,30,600,997625389,4.558505657959066,33,16,2,600,True,25.019408599997405,20,20,4.558505657959066,0.7150740740740742,0.7305555555555555,10,0,0,nan,447,1356,447,0.7520798668885191
IMG_0009|r3|n30|b600|BDA-EHHO-VC-Calibrated,IMG_0009,108082.jpg,3,BDA-EHHO-VC-Calibrated,1,30,600,1653698587,4.559281873204841,24,4,2,600,True,29.519615900004283,10,10,4.559281873204841,nan,nan,0,153,147,0.51,487,1316,487,0.7298946200776484
IMG_0009|r3|n30|b600|HHO-VC,IMG_0009,108082.jpg,3,HHO-VC,2,30,600,1653698587,4.558040356587139,4,4,3,600,True,9.836658300017007,11,11,4.558040356587139,nan,nan,0,0,0,nan,163,1637,163,0.9094444444444445
IMG_0009|r3|n30|b600|EHHO-VC,IMG_0009,108082.jpg,3,EHHO-VC,3,30,600,1653698587,4.558040356587139,4,4,3,600,True,11.350678199960385,13,13,4.558040356587139,0.11646798592102497,0.03639110259857549,4,0,0,nan,203,1597,203,0.8872222222222222
IMG_0009|r3|n30|b600|BEHHO-VC-Calibrated,IMG_0009,108082.jpg,3,BEHHO-VC-Calibrated,4,30,600,1653698587,4.557756214531421,4,4,2,600,True,29.075274400005583,20,20,4.557756214531421,0.7640185185185187,0.7412962962962965,4,0,0,nan,493,1310,493,0.7265668330560178
IMG_0009|r4|n30|b600|EHHO-VC,IMG_0009,108082.jpg,4,EHHO-VC,1,30,600,349317994,4.560372255145472,20,2,2,600,True,11.31154179997975,13,13,4.560372255145472,0.11077493727344002,0.0376364956584389,0,0,0,nan,190,1610,190,0.8944444444444445
IMG_0009|r4|n30|b600|HHO-VC,IMG_0009,108082.jpg,4,HHO-VC,2,30,600,349317994,4.55973611908807,126,2,2,600,True,14.015143500000704,11,11,4.55973611908807,nan,nan,0,0,0,nan,245,1555,245,0.8638888888888889
IMG_0009|r4|n30|b600|BDA-EHHO-VC-Calibrated,IMG_0009,108082.jpg,4,BDA-EHHO-VC-Calibrated,3,30,600,349317994,4.561133301517592,152,2,81,600,True,28.67963750002673,10,10,4.561133301517592,nan,nan,0,144,156,0.48,505,1298,505,0.7199112590127565
IMG_0009|r4|n30|b600|BEHHO-VC-Calibrated,IMG_0009,108082.jpg,4,BEHHO-VC-Calibrated,4,30,600,349317994,4.5598537260902505,129,2,2,600,True,21.029929200012702,20,20,4.5598537260902505,0.6605092592592594,0.5111111111111112,12,0,0,nan,387,1416,387,0.7853577371048253
IMG_0009|r5|n30|b600|EHHO-VC,IMG_0009,108082.jpg,5,EHHO-VC,1,30,600,1865851084,4.562082576492193,22,9,32,600,True,15.16315780003788,13,13,4.562082576492193,0.1478652968157007,0.06725288355043471,0,0,0,nan,270,1530,270,0.85
IMG_0009|r5|n30|b600|BEHHO-VC-Calibrated,IMG_0009,108082.jpg,5,BEHHO-VC-Calibrated,2,30,600,1865851084,4.560682653783982,65,3,2,600,True,31.656231500033755,20,20,4.560682653783982,0.820648148148148,0.6787037037037037,3,0,0,nan,538,1265,538,0.7016084303937882
IMG_0009|r5|n30|b600|BDA-EHHO-VC-Calibrated,IMG_0009,108082.jpg,5,BDA-EHHO-VC-Calibrated,3,30,600,1865851084,4.560991281888106,18,47,2,600,True,25.871878499980085,10,10,4.560991281888106,nan,nan,0,145,155,0.48333333333333334,478,1325,478,0.7348863006100943
IMG_0009|r5|n30|b600|HHO-VC,IMG_0009,108082.jpg,5,HHO-VC,4,30,600,1865851084,4.558978752682653,7,3,10,600,True,12.138122600037605,11,11,4.558978752682653,nan,nan,0,0,0,nan,267,1533,267,0.8516666666666667
IMG_0010|r1|n30|b600|HHO-VC,IMG_0010,109053.jpg,1,HHO-VC,1,30,600,1336322103,5.46292546411599,2,110,108,600,True,15.106640900019556,11,11,5.46292546411599,nan,nan,0,0,0,nan,321,1479,321,0.8216666666666667
IMG_0010|r1|n30|b600|EHHO-VC,IMG_0010,109053.jpg,1,EHHO-VC,2,30,600,1336322103,5.463013351399834,2,107,107,600,True,14.832516900030896,13,13,5.463013351399834,0.2915253528686053,0.2598641832567978,0,0,0,nan,335,1465,335,0.8138888888888889
IMG_0010|r1|n30|b600|BDA-EHHO-VC-Calibrated,IMG_0010,109053.jpg,1,BDA-EHHO-VC-Calibrated,3,30,600,1336322103,5.463024965190596,2,4,120,600,True,22.904328800039366,10,10,5.463024965190596,nan,nan,0,161,139,0.5366666666666666,509,1294,509,0.7176927343316695
IMG_0010|r1|n30|b600|BEHHO-VC-Calibrated,IMG_0010,109053.jpg,1,BEHHO-VC-Calibrated,4,30,600,1336322103,5.462420437917532,2,4,96,600,True,27.158347800024785,20,20,5.462420437917532,0.8670462962962964,0.9233333333333332,2,0,0,nan,571,1232,571,0.6833056017748197
IMG_0010|r2|n30|b600|BDA-EHHO-VC-Calibrated,IMG_0010,109053.jpg,2,BDA-EHHO-VC-Calibrated,1,30,600,1762267521,5.455525546177694,2,37,88,600,True,23.799803200003225,10,10,5.455525546177694,nan,nan,0,152,148,0.5066666666666667,478,1325,478,0.7348863006100943
IMG_0010|r2|n30|b600|HHO-VC,IMG_0010,109053.jpg,2,HHO-VC,2,30,600,1762267521,5.455540453984821,225,4,223,600,True,21.01985539996531,12,12,5.455540453984821,nan,nan,0,0,0,nan,361,1439,361,0.7994444444444444
IMG_0010|r2|n30|b600|BEHHO-VC-Calibrated,IMG_0010,109053.jpg,2,BEHHO-VC-Calibrated,3,30,600,1762267521,5.455276429422427,2,2,33,600,True,27.200326599995606,20,20,5.455276429422427,0.6919444444444445,0.5277777777777778,10,0,0,nan,460,1343,460,0.7448696616749861
IMG_0010|r2|n30|b600|EHHO-VC,IMG_0010,109053.jpg,2,EHHO-VC,4,30,600,1762267521,5.455540453984821,225,4,223,600,True,22.23523379996186,13,13,5.455540453984821,0.48953819560048534,0.5438601001124203,0,0,0,nan,372,1428,372,0.7933333333333333
IMG_0010|r3|n30|b600|HHO-VC,IMG_0010,109053.jpg,3,HHO-VC,1,30,600,1578848682,5.457776877569464,31,2,10,600,True,13.538453400018625,11,11,5.457776877569464,nan,nan,0,0,0,nan,221,1579,221,0.8772222222222222
IMG_0010|r3|n30|b600|BEHHO-VC-Calibrated,IMG_0010,109053.jpg,3,BEHHO-VC-Calibrated,2,30,600,1578848682,5.458310625295364,32,2,10,600,True,29.042875799990725,20,20,5.458310625295364,0.7818055555555554,0.8603703703703705,5,0,0,nan,499,1304,499,0.7232390460343872
IMG_0010|r3|n30|b600|EHHO-VC,IMG_0010,109053.jpg,3,EHHO-VC,3,30,600,1578848682,5.4582603532961285,50,13,7,600,True,17.35138970002299,13,13,5.4582603532961285,0.24303434704396906,0.09494135392132592,0,0,0,nan,310,1490,310,0.8277777777777777
IMG_0010|r3|n30|b600|BDA-EHHO-VC-Calibrated,IMG_0010,109053.jpg,3,BDA-EHHO-VC-Calibrated,4,30,600,1578848682,5.458235168599152,137,2,5,600,True,28.025995999982115,10,10,5.458235168599152,nan,nan,0,152,148,0.5066666666666667,499,1304,499,0.7232390460343872
IMG_0010|r4|n30|b600|EHHO-VC,IMG_0010,109053.jpg,4,EHHO-VC,1,30,600,1162769664,5.455565591769436,15,12,23,600,True,16.10248000000138,13,13,5.455565591769436,0.14537963584182326,0.052432841093330206,0,0,0,nan,274,1526,274,0.8477777777777777
IMG_0010|r4|n30|b600|BDA-EHHO-VC-Calibrated,IMG_0010,109053.jpg,4,BDA-EHHO-VC-Calibrated,2,30,600,1162769664,5.455547469208358,4,88,70,600,True,28.326094900025055,10,10,5.455615390811322,nan,nan,0,149,151,0.49666666666666665,480,1323,480,0.7337770382695508
IMG_0010|r4|n30|b600|BEHHO-VC-Calibrated,IMG_0010,109053.jpg,4,BEHHO-VC-Calibrated,3,30,600,1162769664,5.455951868437044,6,48,20,600,True,28.818989599996712,20,20,5.455951868437044,0.8238240740740741,0.8744444444444445,2,0,0,nan,475,1328,475,0.7365501941209096
IMG_0010|r4|n30|b600|HHO-VC,IMG_0010,109053.jpg,4,HHO-VC,4,30,600,1162769664,5.455565591769436,15,12,23,600,True,16.37538720003795,11,11,5.455565591769436,nan,nan,0,0,0,nan,259,1541,259,0.8561111111111112
IMG_0010|r5|n30|b600|HHO-VC,IMG_0010,109053.jpg,5,HHO-VC,1,30,600,1501373441,5.457475776588445,4,2,2,600,True,10.998241499997675,11,11,5.457475776588445,nan,nan,0,0,0,nan,178,1622,178,0.9011111111111111
IMG_0010|r5|n30|b600|EHHO-VC,IMG_0010,109053.jpg,5,EHHO-VC,2,30,600,1501373441,5.4575994883114305,3,2,2,600,True,11.392613099946175,13,13,5.4575994883114305,0.12061329115629722,0.002056294069500362,5,0,0,nan,209,1591,209,0.8838888888888888
IMG_0010|r5|n30|b600|BEHHO-VC-Calibrated,IMG_0010,109053.jpg,5,BEHHO-VC-Calibrated,3,30,600,1501373441,5.457061533149364,2,160,2,600,True,25.918261700018775,20,20,5.457061533149364,0.6382685185185185,0.543888888888889,14,0,0,nan,421,1382,421,0.7665002773155851
IMG_0010|r5|n30|b600|BDA-EHHO-VC-Calibrated,IMG_0010,109053.jpg,5,BDA-EHHO-VC-Calibrated,4,30,600,1501373441,5.456706237224967,4,161,2,600,True,28.82447399996454,10,10,5.456706237224967,nan,nan,0,128,172,0.4266666666666667,489,1314,489,0.7287853577371048
IMG_0011|r1|n30|b600|HHO-VC,IMG_0011,119082.jpg,1,HHO-VC,1,30,600,330182831,4.699118377806212,53,5,15,600,True,15.975571299961302,12,12,4.699118377806212,nan,nan,0,0,0,nan,248,1552,248,0.8622222222222222
IMG_0011|r1|n30|b600|EHHO-VC,IMG_0011,119082.jpg,1,EHHO-VC,2,30,600,330182831,4.6987800473485635,21,5,8,600,True,14.913675000017975,13,13,4.6987800473485635,0.13071469627224494,0.038880279926053814,0,0,0,nan,232,1568,232,0.8711111111111111
IMG_0011|r1|n30|b600|BDA-EHHO-VC-Calibrated,IMG_0011,119082.jpg,1,BDA-EHHO-VC-Calibrated,3,30,600,330182831,4.700351217346532,118,8,50,600,True,24.866540100018028,10,10,4.700351217346532,nan,nan,0,150,150,0.5,482,1321,482,0.7326677759290072
IMG_0011|r1|n30|b600|BEHHO-VC-Calibrated,IMG_0011,119082.jpg,1,BEHHO-VC-Calibrated,4,30,600,330182831,4.7002360085822446,252,5,88,600,True,36.87537219998194,20,20,4.7002360085822446,0.9502129629629629,0.975,0,0,0,nan,654,1149,654,0.6372712146422629
IMG_0011|r2|n30|b600|HHO-VC,IMG_0011,119082.jpg,2,HHO-VC,1,30,600,1998436543,4.705274202202309,5,3,6,600,True,20.371377400006168,11,11,4.705274202202309,nan,nan,0,0,0,nan,357,1443,357,0.8016666666666666
IMG_0011|r2|n30|b600|BEHHO-VC-Calibrated,IMG_0011,119082.jpg,2,BEHHO-VC-Calibrated,2,30,600,1998436543,4.705257416366041,2,8,2,600,True,24.373540200002026,20,20,4.705257416366041,0.6729907407407408,0.6125925925925927,9,0,0,nan,418,1385,418,0.7681641708264004
IMG_0011|r2|n30|b600|EHHO-VC,IMG_0011,119082.jpg,2,EHHO-VC,3,30,600,1998436543,4.70519192947338,5,32,112,600,True,19.067846600024495,13,13,4.70519192947338,0.252760086359237,0.18130566928427067,0,0,0,nan,313,1487,313,0.8261111111111111
IMG_0011|r2|n30|b600|BDA-EHHO-VC-Calibrated,IMG_0011,119082.jpg,2,BDA-EHHO-VC-Calibrated,4,30,600,1998436543,4.705582941831433,5,36,84,600,True,26.284678999974858,10,10,4.70580226732767,nan,nan,0,141,159,0.47,488,1315,488,0.7293399889073766
IMG_0011|r3|n30|b600|HHO-VC,IMG_0011,119082.jpg,3,HHO-VC,1,30,600,925627024,4.702812680891524,193,18,141,600,True,22.994148300029337,12,12,4.702812680891524,nan,nan,0,0,0,nan,397,1403,397,0.7794444444444445
IMG_0011|r3|n30|b600|BDA-EHHO-VC-Calibrated,IMG_0011,119082.jpg,3,BDA-EHHO-VC-Calibrated,2,30,600,925627024,4.702130084120484,193,2,85,600,True,30.375933600007556,10,10,4.702130084120484,nan,nan,0,143,157,0.4766666666666667,496,1307,496,0.7249029395452025
IMG_0011|r3|n30|b600|BEHHO-VC-Calibrated,IMG_0011,119082.jpg,3,BEHHO-VC-Calibrated,3,30,600,925627024,4.702751540783026,217,2,82,600,True,32.13262380001834,20,20,4.702751540783026,0.9256666666666666,0.9755555555555556,0,0,0,nan,571,1232,571,0.6833056017748197
IMG_0011|r3|n30|b600|EHHO-VC,IMG_0011,119082.jpg,3,EHHO-VC,4,30,600,925627024,4.702812680891524,193,18,141,600,True,24.065305900003295,14,14,4.702812680891524,0.38649879349765925,0.40367611980598905,0,0,0,nan,412,1388,412,0.7711111111111111
IMG_0011|r4|n30|b600|HHO-VC,IMG_0011,119082.jpg,4,HHO-VC,1,30,600,25478933,4.705017913373996,4,46,29,600,True,14.73659400001634,11,11,4.705017913373996,nan,nan,0,0,0,nan,249,1551,249,0.8616666666666667
IMG_0011|r4|n30|b600|BDA-EHHO-VC-Calibrated,IMG_0011,119082.jpg,4,BDA-EHHO-VC-Calibrated,2,30,600,25478933,4.7053683762459055,4,24,19,600,True,26.4589258999913,10,10,4.7053683762459055,nan,nan,0,138,162,0.46,477,1326,477,0.7354409317803661
IMG_0011|r4|n30|b600|BEHHO-VC-Calibrated,IMG_0011,119082.jpg,4,BEHHO-VC-Calibrated,3,30,600,25478933,4.705603610465048,208,2,103,600,True,38.44685260002734,20,20,4.705603610465048,0.9256851851851853,0.9635185185185186,0,0,0,nan,610,1193,610,0.6616749861342207
IMG_0011|r4|n30|b600|EHHO-VC,IMG_0011,119082.jpg,4,EHHO-VC,4,30,600,25478933,4.705353254861299,4,63,39,600,True,15.88577819999773,13,13,4.705353254861299,0.17378563567369942,0.13345650524129862,0,0,0,nan,264,1536,264,0.8533333333333334
IMG_0011|r5|n30|b600|EHHO-VC,IMG_0011,119082.jpg,5,EHHO-VC,1,30,600,1846411039,4.699776032814061,11,111,170,600,True,22.854465499985963,14,14,4.699776032814061,0.36620173824345675,0.3943778698291325,0,0,0,nan,386,1414,386,0.7855555555555556
IMG_0011|r5|n30|b600|BDA-EHHO-VC-Calibrated,IMG_0011,119082.jpg,5,BDA-EHHO-VC-Calibrated,2,30,600,1846411039,4.6999674168835535,7,109,202,600,True,31.585100499971304,10,10,4.6999674168835535,nan,nan,0,144,156,0.48,511,1292,511,0.7165834719911259
IMG_0011|r5|n30|b600|HHO-VC,IMG_0011,119082.jpg,5,HHO-VC,3,30,600,1846411039,4.699679724960521,11,115,173,600,True,22.659294600016437,12,12,4.699679724960521,nan,nan,0,0,0,nan,367,1433,367,0.7961111111111111
IMG_0011|r5|n30|b600|BEHHO-VC-Calibrated,IMG_0011,119082.jpg,5,BEHHO-VC-Calibrated,4,30,600,1846411039,4.699888973723774,2,19,186,600,True,29.906545699981507,20,20,4.699888973723774,0.7949814814814815,0.7566666666666667,2,0,0,nan,501,1302,501,0.7221297836938436
IMG_0012|r1|n30|b600|BEHHO-VC-Calibrated,IMG_0012,12084.jpg,1,BEHHO-VC-Calibrated,1,30,600,643757058,5.253642855911264,16,42,104,600,True,33.005241099977866,20,20,5.253642855911264,0.8985185185185186,0.8174074074074072,0,0,0,nan,559,1244,559,0.689961175818081
IMG_0012|r1|n30|b600|BDA-EHHO-VC-Calibrated,IMG_0012,12084.jpg,1,BDA-EHHO-VC-Calibrated,2,30,600,643757058,5.253252918249296,16,28,105,600,True,29.60821129998658,10,10,5.253252918249296,nan,nan,0,154,146,0.5133333333333333,513,1290,513,0.7154742096505824
IMG_0012|r1|n30|b600|EHHO-VC,IMG_0012,12084.jpg,1,EHHO-VC,3,30,600,643757058,5.253237334216297,228,46,254,600,True,25.955029600008857,13,13,5.253237334216297,0.4978098707912149,0.5514773376199844,0,0,0,nan,438,1362,438,0.7566666666666667
IMG_0012|r1|n30|b600|HHO-VC,IMG_0012,12084.jpg,1,HHO-VC,4,30,600,643757058,5.253250760436329,229,46,254,600,True,23.86706389999017,12,12,5.253250760436329,nan,nan,0,0,0,nan,420,1380,420,0.7666666666666667
IMG_0012|r2|n30|b600|BDA-EHHO-VC-Calibrated,IMG_0012,12084.jpg,2,BDA-EHHO-VC-Calibrated,1,30,600,162746300,5.252142209473749,132,2,59,600,True,26.572698000003584,10,10,5.252142209473749,nan,nan,0,136,164,0.4533333333333333,500,1303,500,0.7226844148641154
IMG_0012|r2|n30|b600|BEHHO-VC-Calibrated,IMG_0012,12084.jpg,2,BEHHO-VC-Calibrated,2,30,600,162746300,5.251270473770603,97,2,5,600,True,26.034485999960452,20,20,5.251270473770603,0.7250092592592593,0.8116666666666666,6,0,0,nan,468,1335,468,0.740432612312812
IMG_0012|r2|n30|b600|HHO-VC,IMG_0012,12084.jpg,2,HHO-VC,3,30,600,162746300,5.250955694765912,51,2,5,600,True,14.702420599991456,12,12,5.250955694765912,nan,nan,0,0,0,nan,242,1558,242,0.8655555555555555
IMG_0012|r2|n30|b600|EHHO-VC,IMG_0012,12084.jpg,2,EHHO-VC,4,30,600,162746300,5.251031496280183,100,2,5,600,True,16.65127400000347,13,13,5.251031496280183,0.21862018740161723,0.1857771248161482,0,0,0,nan,261,1539,261,0.855
IMG_0012|r3|n30|b600|BEHHO-VC-Calibrated,IMG_0012,12084.jpg,3,BEHHO-VC-Calibrated,1,30,600,1295247869,5.256279224010054,168,9,200,600,True,31.86718210001709,20,20,5.256279224010054,0.8436481481481483,0.6781481481481482,2,0,0,nan,512,1291,512,0.7160288408208542
IMG_0012|r3|n30|b600|BDA-EHHO-VC-Calibrated,IMG_0012,12084.jpg,3,BDA-EHHO-VC-Calibrated,2,30,600,1295247869,5.257363788870305,175,24,157,600,True,30.46686490002321,10,10,5.257363788870305,nan,nan,0,147,153,0.49,515,1288,515,0.7143649473100389
IMG_0012|r3|n30|b600|EHHO-VC,IMG_0012,12084.jpg,3,EHHO-VC,3,30,600,1295247869,5.25799061300236,72,48,205,600,True,24.099959600018337,13,13,5.25799061300236,0.37129663607439767,0.3585168380002226,0,0,0,nan,388,1412,388,0.7844444444444445
IMG_0012|r3|n30|b600|HHO-VC,IMG_0012,12084.jpg,3,HHO-VC,4,30,600,1295247869,5.258020240528641,72,48,204,600,True,21.90845570003148,11,11,5.258020240528641,nan,nan,0,0,0,nan,376,1424,376,0.7911111111111111
IMG_0012|r4|n30|b600|BEHHO-VC-Calibrated,IMG_0012,12084.jpg,4,BEHHO-VC-Calibrated,1,30,600,607795622,5.256300113732653,247,187,175,600,True,30.23082230001455,20,20,5.256300113732653,0.8405555555555555,0.8144444444444444,1,0,0,nan,502,1301,502,0.7215751525235718
IMG_0012|r4|n30|b600|EHHO-VC,IMG_0012,12084.jpg,4,EHHO-VC,2,30,600,607795622,5.255342304391054,227,3,210,600,True,23.25409950001631,13,13,5.255342304391054,0.44768557730652314,0.4392888418645315,0,0,0,nan,386,1414,386,0.7855555555555556
IMG_0012|r4|n30|b600|BDA-EHHO-VC-Calibrated,IMG_0012,12084.jpg,4,BDA-EHHO-VC-Calibrated,3,30,600,607795622,5.2554729076936075,251,3,225,600,True,29.653400200011674,10,10,5.255862502675467,nan,nan,0,129,171,0.43,479,1324,479,0.7343316694398225
IMG_0012|r4|n30|b600|HHO-VC,IMG_0012,12084.jpg,4,HHO-VC,4,30,600,607795622,5.25604902835302,246,6,228,600,True,17.653406299999915,11,11,5.25604902835302,nan,nan,0,0,0,nan,341,1459,341,0.8105555555555556
IMG_0012|r5|n30|b600|BEHHO-VC-Calibrated,IMG_0012,12084.jpg,5,BEHHO-VC-Calibrated,1,30,600,1560262143,5.251141757060071,8,128,244,600,True,26.453737000003457,20,20,5.251141757060071,0.8430833333333332,0.8575925925925926,0,0,0,nan,483,1320,483,0.7321131447587355
IMG_0012|r5|n30|b600|BDA-EHHO-VC-Calibrated,IMG_0012,12084.jpg,5,BDA-EHHO-VC-Calibrated,2,30,600,1560262143,5.251636651140211,16,164,255,600,True,29.453470000007655,10,10,5.251636651140211,nan,nan,0,137,163,0.45666666666666667,494,1309,494,0.726012201885746
IMG_0012|r5|n30|b600|HHO-VC,IMG_0012,12084.jpg,5,HHO-VC,3,30,600,1560262143,5.2511610334583345,17,13,250,600,True,17.164621600008104,12,12,5.2511610334583345,nan,nan,0,0,0,nan,281,1519,281,0.8438888888888889
IMG_0012|r5|n30|b600|EHHO-VC,IMG_0012,12084.jpg,5,EHHO-VC,4,30,600,1560262143,5.251185893585995,17,13,255,600,True,16.700987300020643,14,14,5.251185893585995,0.3191330253298455,0.31374727634976085,0,0,0,nan,296,1504,296,0.8355555555555556
IMG_0013|r1|n30|b600|BDA-EHHO-VC-Calibrated,IMG_0013,123074.jpg,1,BDA-EHHO-VC-Calibrated,1,30,600,1573060645,5.517828149098132,4,32,243,600,True,30.41334760002792,10,10,5.517828149098132,nan,nan,0,150,150,0.5,483,1320,483,0.7321131447587355
IMG_0013|r1|n30|b600|EHHO-VC,IMG_0013,123074.jpg,1,EHHO-VC,2,30,600,1573060645,5.517991285205741,255,64,212,600,True,28.967923299991526,13,13,5.517991285205741,0.5100944509618872,0.5308646058807289,0,0,0,nan,455,1345,455,0.7472222222222222
IMG_0013|r1|n30|b600|BEHHO-VC-Calibrated,IMG_0013,123074.jpg,1,BEHHO-VC-Calibrated,3,30,600,1573060645,5.518052596018777,254,255,237,600,True,31.885953699995298,20,20,5.518052596018777,0.8667314814814816,0.8861111111111111,0,0,0,nan,518,1285,518,0.7127010537992235
IMG_0013|r1|n30|b600|HHO-VC,IMG_0013,123074.jpg,1,HHO-VC,4,30,600,1573060645,5.517801245402683,255,33,212,600,True,26.17156879999675,11,11,5.517801245402683,nan,nan,0,0,0,nan,404,1396,404,0.7755555555555556
IMG_0013|r2|n30|b600|HHO-VC,IMG_0013,123074.jpg,2,HHO-VC,1,30,600,1791377767,5.515687106153763,21,109,99,600,True,18.711433299991768,11,11,5.515687106153763,nan,nan,0,0,0,nan,322,1478,322,0.8211111111111111
IMG_0013|r2|n30|b600|EHHO-VC,IMG_0013,123074.jpg,2,EHHO-VC,2,30,600,1791377767,5.515687106153763,21,109,99,600,True,18.733982800040394,13,13,5.515687106153763,0.2771552079062324,0.32391543777839327,0,0,0,nan,345,1455,345,0.8083333333333333
IMG_0013|r2|n30|b600|BDA-EHHO-VC-Calibrated,IMG_0013,123074.jpg,2,BDA-EHHO-VC-Calibrated,3,30,600,1791377767,5.515035022853435,18,20,217,600,True,29.725389899977017,10,10,5.515035022853435,nan,nan,0,150,150,0.5,490,1313,490,0.7282307265668331
IMG_0013|r2|n30|b600|BEHHO-VC-Calibrated,IMG_0013,123074.jpg,2,BEHHO-VC-Calibrated,4,30,600,1791377767,5.515271247868172,20,109,8,600,True,31.91993850003928,20,20,5.515271247868172,0.8790833333333333,0.862037037037037,0,0,0,nan,578,1225,578,0.6794231835829173
IMG_0013|r3|n30|b600|HHO-VC,IMG_0013,123074.jpg,3,HHO-VC,1,30,600,225151656,5.517590457059188,3,5,5,600,True,8.378942899988033,11,11,5.517590457059188,nan,nan,0,0,0,nan,155,1645,155,0.9138888888888889
IMG_0013|r3|n30|b600|BDA-EHHO-VC-Calibrated,IMG_0013,123074.jpg,3,BDA-EHHO-VC-Calibrated,2,30,600,225151656,5.518293283759384,2,10,32,600,True,28.013768000004347,10,10,5.518293283759384,nan,nan,0,164,136,0.5466666666666666,494,1309,494,0.726012201885746
IMG_0013|r3|n30|b600|EHHO-VC,IMG_0013,123074.jpg,3,EHHO-VC,3,30,600,225151656,5.517839528244384,3,7,10,600,True,9.41001769999275,13,13,5.517839528244384,0.08960403588296793,0.014112985334584193,6,0,0,nan,174,1626,174,0.9033333333333333
IMG_0013|r3|n30|b600|BEHHO-VC-Calibrated,IMG_0013,123074.jpg,3,BEHHO-VC-Calibrated,4,30,600,225151656,5.518021473170695,4,9,64,600,True,33.437647100014146,20,20,5.518021473170695,0.8920833333333335,0.8592592592592592,0,0,0,nan,563,1240,563,0.687742651136994
IMG_0013|r4|n30|b600|EHHO-VC,IMG_0013,123074.jpg,4,EHHO-VC,1,30,600,263407739,5.517636099229898,232,69,2,600,True,18.310071800020523,13,13,5.517636099229898,0.3933360005791613,0.379051266106691,0,0,0,nan,318,1482,318,0.8233333333333334
IMG_0013|r4|n30|b600|BDA-EHHO-VC-Calibrated,IMG_0013,123074.jpg,4,BDA-EHHO-VC-Calibrated,2,30,600,263407739,5.517488353656092,239,9,2,600,True,26.418845999985933,10,10,5.517488353656092,nan,nan,0,149,151,0.49666666666666665,482,1321,482,0.7326677759290072
IMG_0013|r4|n30|b600|HHO-VC,IMG_0013,123074.jpg,4,HHO-VC,3,30,600,263407739,5.517634529470939,217,64,2,600,True,17.959774899994954,11,11,5.517634529470939,nan,nan,0,0,0,nan,308,1492,308,0.8288888888888889
IMG_0013|r4|n30|b600|BEHHO-VC-Calibrated,IMG_0013,123074.jpg,4,BEHHO-VC-Calibrated,4,30,600,263407739,5.517784553971427,32,239,2,600,True,32.920992199971806,20,20,5.517784553971427,0.8465092592592592,0.7518518518518519,1,0,0,nan,542,1261,542,0.6993899057127011
IMG_0013|r5|n30|b600|BEHHO-VC-Calibrated,IMG_0013,123074.jpg,5,BEHHO-VC-Calibrated,1,30,600,328640477,5.51543601415005,38,40,71,600,True,29.53893009998137,20,20,5.51543601415005,0.8216759259259259,0.7779629629629629,0,0,0,nan,478,1325,478,0.7348863006100943
IMG_0013|r5|n30|b600|BDA-EHHO-VC-Calibrated,IMG_0013,123074.jpg,5,BDA-EHHO-VC-Calibrated,2,30,600,328640477,5.514833512454423,12,26,26,600,True,29.24190829996951,10,10,5.514833512454423,nan,nan,0,142,158,0.47333333333333333,478,1325,478,0.7348863006100943
IMG_0013|r5|n30|b600|EHHO-VC,IMG_0013,123074.jpg,5,EHHO-VC,3,30,600,328640477,5.514958274425065,12,72,65,600,True,18.505388399993535,13,13,5.514958274425065,0.2265752821355648,0.1826001020950921,0,0,0,nan,307,1493,307,0.8294444444444444
IMG_0013|r5|n30|b600|HHO-VC,IMG_0013,123074.jpg,5,HHO-VC,4,30,600,328640477,5.5151295440805645,15,96,86,600,True,19.786856000020634,11,11,5.5151295440805645,nan,nan,0,0,0,nan,320,1480,320,0.8222222222222222
IMG_0014|r1|n30|b600|BEHHO-VC-Calibrated,IMG_0014,126007.jpg,1,BEHHO-VC-Calibrated,1,30,600,1152156387,5.198653451036876,2,220,10,600,True,30.07163620000938,20,20,5.198653451036876,0.8844259259259258,0.8446296296296296,0,0,0,nan,508,1295,508,0.7182473655019412
IMG_0014|r1|n30|b600|BDA-EHHO-VC-Calibrated,IMG_0014,126007.jpg,1,BDA-EHHO-VC-Calibrated,2,30,600,1152156387,5.199043405247159,4,146,89,600,True,32.037303899996914,10,10,5.199043405247159,nan,nan,0,154,146,0.5133333333333333,517,1286,517,0.7132556849694953
IMG_0014|r1|n30|b600|EHHO-VC,IMG_0014,126007.jpg,1,EHHO-VC,3,30,600,1152156387,5.198994755806319,2,108,2,600,True,15.466666100022849,13,13,5.198994755806319,0.2385685421548008,0.19297339959718812,0,0,0,nan,257,1543,257,0.8572222222222222
IMG_0014|r1|n30|b600|HHO-VC,IMG_0014,126007.jpg,1,HHO-VC,4,30,600,1152156387,5.198994755806319,2,108,2,600,True,14.595338600047398,11,11,5.198994755806319,nan,nan,0,0,0,nan,246,1554,246,0.8633333333333333
IMG_0014|r2|n30|b600|BEHHO-VC-Calibrated,IMG_0014,126007.jpg,2,BEHHO-VC-Calibrated,1,30,600,466071064,5.200534043396721,201,192,28,600,True,34.67982039996423,20,20,5.200534043396721,0.9247037037037037,0.9074074074074074,0,0,0,nan,589,1214,589,0.6733222407099279
IMG_0014|r2|n30|b600|BDA-EHHO-VC-Calibrated,IMG_0014,126007.jpg,2,BDA-EHHO-VC-Calibrated,2,30,600,466071064,5.200443384053503,198,245,150,600,True,28.445086399966385,10,10,5.200443384053503,nan,nan,0,146,154,0.4866666666666667,510,1293,510,0.7171381031613977
IMG_0014|r2|n30|b600|HHO-VC,IMG_0014,126007.jpg,2,HHO-VC,3,30,600,466071064,5.200329711793709,199,213,28,600,True,20.333236799982842,11,11,5.200329711793709,nan,nan,0,0,0,nan,372,1428,372,0.7933333333333333
IMG_0014|r2|n30|b600|EHHO-VC,IMG_0014,126007.jpg,2,EHHO-VC,4,30,600,466071064,5.200749557081752,200,215,33,600,True,21.14369009999791,13,13,5.200749557081752,0.4744029151559317,0.4383344419748642,0,0,0,nan,403,1397,403,0.7761111111111111
IMG_0014|r3|n30|b600|BDA-EHHO-VC-Calibrated,IMG_0014,126007.jpg,3,BDA-EHHO-VC-Calibrated,1,30,600,1666813215,5.1977983973363555,2,102,193,600,True,28.85792290000245,10,10,5.1977983973363555,nan,nan,0,155,145,0.5166666666666667,508,1295,508,0.7182473655019412
IMG_0014|r3|n30|b600|HHO-VC,IMG_0014,126007.jpg,3,HHO-VC,2,30,600,1666813215,5.1971555986052005,2,101,2,600,True,13.088582099997438,11,11,5.1971555986052005,nan,nan,0,0,0,nan,225,1575,225,0.875
IMG_0014|r3|n30|b600|EHHO-VC,IMG_0014,126007.jpg,3,EHHO-VC,3,30,600,1666813215,5.1971337445728745,2,150,2,600,True,14.294296100037172,13,13,5.1971337445728745,0.2200745923509384,0.2447000790658046,0,0,0,nan,245,1555,245,0.8638888888888889
IMG_0014|r3|n30|b600|BEHHO-VC-Calibrated,IMG_0014,126007.jpg,3,BEHHO-VC-Calibrated,4,30,600,1666813215,5.1973327436989,2,136,2,600,True,26.807771000021603,20,20,5.1973327436989,0.7042037037037038,0.6885185185185184,10,0,0,nan,480,1323,480,0.7337770382695508
IMG_0014|r4|n30|b600|EHHO-VC,IMG_0014,126007.jpg,4,EHHO-VC,1,30,600,802103379,5.203854271892488,240,249,182,600,True,29.34136950003449,13,13,5.203854271892488,0.5656693266386774,0.5253778984518127,0,0,0,nan,492,1308,492,0.7266666666666667
IMG_0014|r4|n30|b600|BDA-EHHO-VC-Calibrated,IMG_0014,126007.jpg,4,BDA-EHHO-VC-Calibrated,2,30,600,802103379,5.202792907141285,3,154,44,600,True,31.104800699977204,10,10,5.202792907141285,nan,nan,0,156,144,0.52,522,1281,522,0.7104825291181365
IMG_0014|r4|n30|b600|BEHHO-VC-Calibrated,IMG_0014,126007.jpg,4,BEHHO-VC-Calibrated,3,30,600,802103379,5.203646226432223,239,255,247,600,True,27.53913430002285,20,20,5.203646226432223,0.762675925925926,0.7124074074074075,7,0,0,nan,492,1311,492,0.7271214642262895
IMG_0014|r4|n30|b600|HHO-VC,IMG_0014,126007.jpg,4,HHO-VC,4,30,600,802103379,5.203408021067442,242,254,187,600,True,24.742319699958898,11,11,5.203408021067442,nan,nan,0,0,0,nan,449,1351,449,0.7505555555555555
IMG_0014|r5|n30|b600|HHO-VC,IMG_0014,126007.jpg,5,HHO-VC,1,30,600,290041870,5.199439951663894,212,27,104,600,True,22.59866159997182,11,11,5.199439951663894,nan,nan,0,0,0,nan,379,1421,379,0.7894444444444444
IMG_0014|r5|n30|b600|EHHO-VC,IMG_0014,126007.jpg,5,EHHO-VC,2,30,600,290041870,5.199439951663894,212,27,104,600,True,23.61849019996589,13,13,5.199439951663894,0.37703723878833667,0.4053029640886317,0,0,0,nan,392,1408,392,0.7822222222222223
IMG_0014|r5|n30|b600|BEHHO-VC-Calibrated,IMG_0014,126007.jpg,5,BEHHO-VC-Calibrated,3,30,600,290041870,5.200304790218304,210,82,2,600,True,35.407035500044,20,20,5.200304790218304,0.9427499999999999,0.9661111111111111,0,0,0,nan,620,1183,620,0.656128674431503
IMG_0014|r5|n30|b600|BDA-EHHO-VC-Calibrated,IMG_0014,126007.jpg,5,BDA-EHHO-VC-Calibrated,4,30,600,290041870,5.200561545162729,238,102,85,600,True,24.363212300057057,10,10,5.200566705533406,nan,nan,0,139,161,0.4633333333333333,473,1330,473,0.7376594564614531
IMG_0015|r1|n30|b600|HHO-VC,IMG_0015,130026.jpg,1,HHO-VC,1,30,600,558691533,4.8844412562036235,182,158,90,600,True,24.216694900009315,12,12,4.8844412562036235,nan,nan,0,0,0,nan,453,1347,453,0.7483333333333333
IMG_0015|r1|n30|b600|BDA-EHHO-VC-Calibrated,IMG_0015,130026.jpg,1,BDA-EHHO-VC-Calibrated,2,30,600,558691533,4.8842283051659585,2,206,96,600,True,28.297321099962573,10,10,4.8842283051659585,nan,nan,0,133,167,0.44333333333333336,491,1312,491,0.7276760953965613
IMG_0015|r1|n30|b600|BEHHO-VC-Calibrated,IMG_0015,130026.jpg,1,BEHHO-VC-Calibrated,3,30,600,558691533,4.883444890515458,18,164,96,600,True,32.85841690003872,20,20,4.883444890515458,0.9317592592592593,0.9633333333333333,0,0,0,nan,612,1191,612,0.6605657237936772
IMG_0015|r1|n30|b600|EHHO-VC,IMG_0015,130026.jpg,1,EHHO-VC,4,30,600,558691533,4.884194077601477,178,155,90,600,True,28.605194800009485,14,14,4.884194077601477,0.44696899487802605,0.4951847224012209,0,0,0,nan,473,1327,473,0.7372222222222222
IMG_0015|r2|n30|b600|EHHO-VC,IMG_0015,130026.jpg,2,EHHO-VC,1,30,600,550145680,4.887819287435057,214,140,50,600,True,24.107446500041988,13,13,4.887819287435057,0.421897105130844,0.36268028183616974,0,0,0,nan,443,1357,443,0.7538888888888889
IMG_0015|r2|n30|b600|HHO-VC,IMG_0015,130026.jpg,2,HHO-VC,2,30,600,550145680,4.887819287435057,214,140,50,600,True,17.049441000039224,11,11,4.887819287435057,nan,nan,0,0,0,nan,411,1389,411,0.7716666666666666
IMG_0015|r2|n30|b600|BEHHO-VC-Calibrated,IMG_0015,130026.jpg,2,BEHHO-VC-Calibrated,3,30,600,550145680,4.887891817028236,81,11,29,600,True,21.784460099996068,20,20,4.887891817028236,0.8706666666666667,0.8548148148148149,0,0,0,nan,484,1319,484,0.7315585135884637
IMG_0015|r2|n30|b600|BDA-EHHO-VC-Calibrated,IMG_0015,130026.jpg,2,BDA-EHHO-VC-Calibrated,4,30,600,550145680,4.887459879786825,196,56,50,600,True,23.103424899978563,10,10,4.887459879786825,nan,nan,0,162,138,0.54,514,1289,514,0.7149195784803106
IMG_0015|r3|n30|b600|HHO-VC,IMG_0015,130026.jpg,3,HHO-VC,1,30,600,2137020775,4.88898020200596,161,255,254,600,True,19.951711300003808,12,12,4.88898020200596,nan,nan,0,0,0,nan,451,1349,451,0.7494444444444445
IMG_0015|r3|n30|b600|EHHO-VC,IMG_0015,130026.jpg,3,EHHO-VC,2,30,600,2137020775,4.888963954510594,160,255,254,600,True,22.155081600008998,13,13,4.888963954510594,0.5633686826571815,0.61173415340999,0,0,0,nan,492,1308,492,0.7266666666666667
IMG_0015|r3|n30|b600|BEHHO-VC-Calibrated,IMG_0015,130026.jpg,3,BEHHO-VC-Calibrated,3,30,600,2137020775,4.889114073336486,132,241,249,600,True,32.526725599949714,20,20,4.889114073336486,0.9297314814814814,0.9501851851851851,0,0,0,nan,628,1175,628,0.6516916250693289
IMG_0015|r3|n30|b600|BDA-EHHO-VC-Calibrated,IMG_0015,130026.jpg,3,BDA-EHHO-VC-Calibrated,4,30,600,2137020775,4.888307082400907,6,239,254,600,True,29.95492089999607,10,10,4.888307171490748,nan,nan,0,150,150,0.5,501,1302,501,0.7221297836938436
IMG_0015|r4|n30|b600|BDA-EHHO-VC-Calibrated,IMG_0015,130026.jpg,4,BDA-EHHO-VC-Calibrated,1,30,600,1100290313,4.886630053070097,12,2,66,600,True,28.786105800012592,10,10,4.886630053070097,nan,nan,0,150,150,0.5,500,1303,500,0.7226844148641154
IMG_0015|r4|n30|b600|EHHO-VC,IMG_0015,130026.jpg,4,EHHO-VC,2,30,600,1100290313,4.887583984732434,4,2,2,600,True,13.770906799996737,14,14,4.887583984732434,0.14646780949536412,0.0580173371850689,6,0,0,nan,245,1555,245,0.8638888888888889
IMG_0015|r4|n30|b600|BEHHO-VC-Calibrated,IMG_0015,130026.jpg,4,BEHHO-VC-Calibrated,3,30,600,1100290313,4.886739129242076,251,158,173,600,True,35.03495210001711,20,20,4.886739129242076,0.9484074074074075,0.9412962962962963,0,0,0,nan,634,1169,634,0.6483638380476983
IMG_0015|r4|n30|b600|HHO-VC,IMG_0015,130026.jpg,4,HHO-VC,4,30,600,1100290313,4.887349608115201,248,250,250,600,True,27.062387500016484,12,12,4.887349608115201,nan,nan,0,0,0,nan,470,1330,470,0.7388888888888889
IMG_0015|r5|n30|b600|EHHO-VC,IMG_0015,130026.jpg,5,EHHO-VC,1,30,600,682911306,4.884294382246685,10,54,101,600,True,16.44403680000687,13,13,4.884294382246685,0.22327385506168052,0.25695547812732494,0,0,0,nan,301,1499,301,0.8327777777777777
IMG_0015|r5|n30|b600|BEHHO-VC-Calibrated,IMG_0015,130026.jpg,5,BEHHO-VC-Calibrated,2,30,600,682911306,4.883788356263894,102,145,28,600,True,28.930462899967097,20,20,4.883788356263894,0.8714999999999999,0.9281481481481482,0,0,0,nan,538,1265,538,0.7016084303937882
IMG_0015|r5|n30|b600|HHO-VC,IMG_0015,130026.jpg,5,HHO-VC,3,30,600,682911306,4.884299892598456,9,54,100,600,True,16.88089679996483,11,11,4.884299892598456,nan,nan,0,0,0,nan,284,1516,284,0.8422222222222222
IMG_0015|r5|n30|b600|BDA-EHHO-VC-Calibrated,IMG_0015,130026.jpg,5,BDA-EHHO-VC-Calibrated,4,30,600,682911306,4.884068581642323,9,6,37,600,True,28.206866099964827,10,10,4.884068581642323,nan,nan,0,146,154,0.4866666666666667,509,1294,509,0.7176927343316695
IMG_0016|r1|n30|b600|BDA-EHHO-VC-Calibrated,IMG_0016,134035.jpg,1,BDA-EHHO-VC-Calibrated,1,30,600,1584149894,5.073392238313559,21,254,197,600,True,26.9796486000414,10,10,5.073392238313559,nan,nan,0,139,161,0.4633333333333333,485,1318,485,0.7310038824181919
IMG_0016|r1|n30|b600|EHHO-VC,IMG_0016,134035.jpg,1,EHHO-VC,2,30,600,1584149894,5.073391159151417,194,255,255,600,True,26.9661035000463,13,13,5.073391159151417,0.5220875975989347,0.5772356490711669,0,0,0,nan,478,1322,478,0.7344444444444445
IMG_0016|r1|n30|b600|HHO-VC,IMG_0016,134035.jpg,1,HHO-VC,3,30,600,1584149894,5.073427680813895,90,255,255,600,True,24.185559399949852,11,11,5.073427680813895,nan,nan,0,0,0,nan,427,1373,427,0.7627777777777778
IMG_0016|r1|n30|b600|BEHHO-VC-Calibrated,IMG_0016,134035.jpg,1,BEHHO-VC-Calibrated,4,30,600,1584149894,5.073448822578608,191,255,255,600,True,30.449436100025196,20,20,5.073448822578608,0.7898333333333334,0.8740740740740742,4,0,0,nan,490,1313,490,0.7282307265668331
IMG_0016|r2|n30|b600|HHO-VC,IMG_0016,134035.jpg,2,HHO-VC,1,30,600,1626164198,5.080095949478085,2,32,14,600,True,13.295031500048935,11,11,5.080095949478085,nan,nan,0,0,0,nan,247,1553,247,0.8627777777777778
IMG_0016|r2|n30|b600|BEHHO-VC-Calibrated,IMG_0016,134035.jpg,2,BEHHO-VC-Calibrated,2,30,600,1626164198,5.079726102797916,136,48,4,600,True,31.74669190001441,20,20,5.079726102797916,0.9288425925925926,0.8846296296296297,0,0,0,nan,604,1199,604,0.6650027731558513
IMG_0016|r2|n30|b600|EHHO-VC,IMG_0016,134035.jpg,2,EHHO-VC,3,30,600,1626164198,5.080044015651242,6,64,32,600,True,13.056916400033515,13,13,5.080044015651242,0.18272778696994374,0.1021569286082514,0,0,0,nan,279,1521,279,0.845
IMG_0016|r2|n30|b600|BDA-EHHO-VC-Calibrated,IMG_0016,134035.jpg,2,BDA-EHHO-VC-Calibrated,4,30,600,1626164198,5.079433239193256,138,64,9,600,True,26.149165100010578,10,10,5.080088931561605,nan,nan,0,144,156,0.48,487,1316,487,0.7298946200776484
IMG_0016|r3|n30|b600|BDA-EHHO-VC-Calibrated,IMG_0016,134035.jpg,3,BDA-EHHO-VC-Calibrated,1,30,600,1260273952,5.0750722218963755,25,4,214,600,True,27.453990899957716,10,10,5.0750722218963755,nan,nan,0,155,145,0.5166666666666667,483,1320,483,0.7321131447587355
IMG_0016|r3|n30|b600|BEHHO-VC-Calibrated,IMG_0016,134035.jpg,3,BEHHO-VC-Calibrated,2,30,600,1260273952,5.074991100439189,23,4,9,600,True,27.314944299985655,20,20,5.074991100439189,0.8309351851851853,0.8120370370370371,0,0,0,nan,515,1288,515,0.7143649473100389
IMG_0016|r3|n30|b600|HHO-VC,IMG_0016,134035.jpg,3,HHO-VC,3,30,600,1260273952,5.075333483685281,2,2,9,600,True,9.521092700015288,11,11,5.075333483685281,nan,nan,0,0,0,nan,155,1645,155,0.9138888888888889
IMG_0016|r3|n30|b600|EHHO-VC,IMG_0016,134035.jpg,3,EHHO-VC,4,30,600,1260273952,5.074834048132296,6,4,9,600,True,9.756247400015127,13,13,5.074834048132296,0.08164925298643498,0.02282050381835047,5,0,0,nan,174,1626,174,0.9033333333333333
IMG_0016|r4|n30|b600|EHHO-VC,IMG_0016,134035.jpg,4,EHHO-VC,1,30,600,1810258060,5.077514131221808,2,3,5,600,True,12.353816399991047,13,13,5.077514131221808,0.21746766966035722,0.007801837122243913,3,0,0,nan,265,1535,265,0.8527777777777777
IMG_0016|r4|n30|b600|BEHHO-VC-Calibrated,IMG_0016,134035.jpg,4,BEHHO-VC-Calibrated,2,30,600,1810258060,5.077764350850752,2,3,212,600,True,28.812183399975765,20,20,5.077764350850752,0.8633333333333333,0.8159259259259258,0,0,0,nan,550,1253,550,0.694952856350527
IMG_0016|r4|n30|b600|HHO-VC,IMG_0016,134035.jpg,4,HHO-VC,3,30,600,1810258060,5.077514131221808,2,3,5,600,True,14.04304839996621,11,11,5.077514131221808,nan,nan,0,0,0,nan,251,1549,251,0.8605555555555555
IMG_0016|r4|n30|b600|BDA-EHHO-VC-Calibrated,IMG_0016,134035.jpg,4,BDA-EHHO-VC-Calibrated,4,30,600,1810258060,5.078416712078951,2,95,205,600,True,28.91335969994543,10,10,5.0786685744599405,nan,nan,0,151,149,0.5033333333333333,487,1316,487,0.7298946200776484
IMG_0016|r5|n30|b600|BDA-EHHO-VC-Calibrated,IMG_0016,134035.jpg,5,BDA-EHHO-VC-Calibrated,1,30,600,340949168,5.0772519502782485,2,231,192,600,True,27.142577999969944,10,10,5.0772519502782485,nan,nan,0,154,146,0.5133333333333333,494,1309,494,0.726012201885746
IMG_0016|r5|n30|b600|HHO-VC,IMG_0016,134035.jpg,5,HHO-VC,2,30,600,340949168,5.076725536114623,225,253,13,600,True,20.02375250001205,12,12,5.076725536114623,nan,nan,0,0,0,nan,345,1455,345,0.8083333333333333
IMG_0016|r5|n30|b600|BEHHO-VC-Calibrated,IMG_0016,134035.jpg,5,BEHHO-VC-Calibrated,3,30,600,340949168,5.077018177102395,2,4,32,600,True,30.819178899982944,20,20,5.077018177102395,0.7889351851851851,0.7362962962962963,3,0,0,nan,528,1275,528,0.7071547420965059
IMG_0016|r5|n30|b600|EHHO-VC,IMG_0016,134035.jpg,5,EHHO-VC,4,30,600,340949168,5.076871235935639,203,232,13,600,True,22.37140410003485,13,13,5.076871235935639,0.4693298465904856,0.4785774029856069,0,0,0,nan,393,1407,393,0.7816666666666666
IMG_0017|r1|n30|b600|HHO-VC,IMG_0017,14037.jpg,1,HHO-VC,1,30,600,872575152,4.6308696442331145,3,178,66,600,True,18.918410300044343,12,12,4.6308696442331145,nan,nan,0,0,0,nan,333,1467,333,0.815
IMG_0017|r1|n30|b600|BDA-EHHO-VC-Calibrated,IMG_0017,14037.jpg,1,BDA-EHHO-VC-Calibrated,2,30,600,872575152,4.631313883243544,3,73,112,600,True,26.866147200053092,10,10,4.631313883243544,nan,nan,0,146,154,0.4866666666666667,484,1319,484,0.7315585135884637
IMG_0017|r1|n30|b600|BEHHO-VC-Calibrated,IMG_0017,14037.jpg,1,BEHHO-VC-Calibrated,3,30,600,872575152,4.631478476414236,2,17,6,600,True,32.144579600018915,20,20,4.631478476414236,0.8657314814814814,0.9029629629629629,0,0,0,nan,541,1262,541,0.6999445368829729
IMG_0017|r1|n30|b600|EHHO-VC,IMG_0017,14037.jpg,1,EHHO-VC,4,30,600,872575152,4.6311121372646395,3,218,66,600,True,17.114306800009217,14,14,4.6311121372646395,0.3859911335279798,0.382181316095952,0,0,0,nan,334,1466,334,0.8144444444444444
IMG_0017|r2|n30|b600|HHO-VC,IMG_0017,14037.jpg,2,HHO-VC,1,30,600,1373962980,4.631787469453408,252,52,11,600,True,15.26518029998988,11,11,4.631787469453408,nan,nan,0,0,0,nan,305,1495,305,0.8305555555555556
IMG_0017|r2|n30|b600|BDA-EHHO-VC-Calibrated,IMG_0017,14037.jpg,2,BDA-EHHO-VC-Calibrated,2,30,600,1373962980,4.630590317096627,4,233,11,600,True,26.228362500027288,10,10,4.630590317096627,nan,nan,0,136,164,0.4533333333333333,490,1313,490,0.7282307265668331
IMG_0017|r2|n30|b600|BEHHO-VC-Calibrated,IMG_0017,14037.jpg,2,BEHHO-VC-Calibrated,3,30,600,1373962980,4.631153119119271,4,34,2,600,True,25.890746399993077,20,20,4.631153119119271,0.702601851851852,0.6437037037037038,8,0,0,nan,448,1355,448,0.7515252357182474
IMG_0017|r2|n30|b600|EHHO-VC,IMG_0017,14037.jpg,2,EHHO-VC,4,30,600,1373962980,4.631276845624813,4,2,2,600,True,12.884420400019735,13,13,4.631276845624813,0.15660400623406392,0.028366441084467363,3,0,0,nan,214,1586,214,0.8811111111111111
IMG_0017|r3|n30|b600|HHO-VC,IMG_0017,14037.jpg,3,HHO-VC,1,30,600,486829879,4.63117244129723,2,4,95,600,True,13.460183400020469,11,11,4.63117244129723,nan,nan,0,0,0,nan,244,1556,244,0.8644444444444445
IMG_0017|r3|n30|b600|BDA-EHHO-VC-Calibrated,IMG_0017,14037.jpg,3,BDA-EHHO-VC-Calibrated,2,30,600,486829879,4.6307118805892005,168,4,41,600,True,24.51885950000724,10,10,4.6307118805892005,nan,nan,0,142,158,0.47333333333333333,487,1316,487,0.7298946200776484
IMG_0017|r3|n30|b600|BEHHO-VC-Calibrated,IMG_0017,14037.jpg,3,BEHHO-VC-Calibrated,3,30,600,486829879,4.631211877413242,210,4,20,600,True,32.16642820002744,20,20,4.631211877413242,0.9022129629629629,0.9127777777777778,0,0,0,nan,561,1242,561,0.6888519134775375
IMG_0017|r3|n30|b600|EHHO-VC,IMG_0017,14037.jpg,3,EHHO-VC,4,30,600,486829879,4.63085815901772,2,4,70,600,True,16.434209799976088,13,13,4.63085815901772,0.2619719338810525,0.12791090738827018,0,0,0,nan,293,1507,293,0.8372222222222222
IMG_0017|r4|n30|b600|BEHHO-VC-Calibrated,IMG_0017,14037.jpg,4,BEHHO-VC-Calibrated,1,30,600,1789263002,4.632599028939446,2,32,2,600,True,20.23850329994457,20,20,4.632599028939446,0.5667037037037037,0.43962962962962965,15,0,0,nan,392,1411,392,0.7825845812534664
IMG_0017|r4|n30|b600|EHHO-VC,IMG_0017,14037.jpg,4,EHHO-VC,2,30,600,1789263002,4.63226753227534,3,2,3,600,True,11.101229899970349,13,13,4.63226753227534,0.11933763503193554,0.004513047422034693,5,0,0,nan,200,1600,200,0.8888888888888888
IMG_0017|r4|n30|b600|BDA-EHHO-VC-Calibrated,IMG_0017,14037.jpg,4,BDA-EHHO-VC-Calibrated,3,30,600,1789263002,4.632919387364396,2,60,2,600,True,28.724153399991337,10,10,4.632919387364396,nan,nan,0,151,149,0.5033333333333333,508,1295,508,0.7182473655019412
IMG_0017|r4|n30|b600|HHO-VC,IMG_0017,14037.jpg,4,HHO-VC,4,30,600,1789263002,4.63226753227534,3,2,3,600,True,7.970374000025913,11,11,4.63226753227534,nan,nan,0,0,0,nan,155,1645,155,0.9138888888888889
IMG_0017|r5|n30|b600|BDA-EHHO-VC-Calibrated,IMG_0017,14037.jpg,5,BDA-EHHO-VC-Calibrated,1,30,600,1516419375,4.632183635057685,6,2,34,600,True,29.62467370001832,10,10,4.632183635057685,nan,nan,0,156,144,0.52,499,1304,499,0.7232390460343872
IMG_0017|r5|n30|b600|BEHHO-VC-Calibrated,IMG_0017,14037.jpg,5,BEHHO-VC-Calibrated,2,30,600,1516419375,4.632360403808544,33,2,2,600,True,28.353234399983194,20,20,4.632360403808544,0.8007407407407406,0.8592592592592592,3,0,0,nan,516,1287,516,0.7138103161397671
IMG_0017|r5|n30|b600|EHHO-VC,IMG_0017,14037.jpg,5,EHHO-VC,3,30,600,1516419375,4.633237214369043,6,196,214,600,True,20.847205400001258,14,14,4.633237214369043,0.4593157165192892,0.513656206241045,0,0,0,nan,388,1412,388,0.7844444444444445
IMG_0017|r5|n30|b600|HHO-VC,IMG_0017,14037.jpg,5,HHO-VC,4,30,600,1516419375,4.633241037302585,6,193,210,600,True,19.645476999983657,12,12,4.633241037302585,nan,nan,0,0,0,nan,344,1456,344,0.8088888888888889
IMG_0018|r1|n30|b600|BEHHO-VC-Calibrated,IMG_0018,143090.jpg,1,BEHHO-VC-Calibrated,1,30,600,1461324208,5.136827441776632,18,40,240,600,True,22.646275100007188,20,20,5.136827441776632,0.8075277777777778,0.8303703703703705,1,0,0,nan,435,1368,435,0.7587354409317804
IMG_0018|r1|n30|b600|BDA-EHHO-VC-Calibrated,IMG_0018,143090.jpg,1,BDA-EHHO-VC-Calibrated,2,30,600,1461324208,5.136589550080497,66,11,248,600,True,27.01386949996231,10,10,5.136589550080497,nan,nan,0,152,148,0.5066666666666667,471,1332,471,0.7387687188019967
IMG_0018|r1|n30|b600|EHHO-VC,IMG_0018,143090.jpg,1,EHHO-VC,3,30,600,1461324208,5.136712867649245,37,75,255,600,True,19.7996514000115,13,13,5.136712867649245,0.410959411010318,0.378473542850498,0,0,0,nan,368,1432,368,0.7955555555555556
IMG_0018|r1|n30|b600|HHO-VC,IMG_0018,143090.jpg,1,HHO-VC,4,30,600,1461324208,5.136712867649245,37,75,255,600,True,19.6300034999731,11,11,5.136712867649245,nan,nan,0,0,0,nan,359,1441,359,0.8005555555555556
IMG_0018|r2|n30|b600|BDA-EHHO-VC-Calibrated,IMG_0018,143090.jpg,2,BDA-EHHO-VC-Calibrated,1,30,600,1062907585,5.1418232399049355,2,18,129,600,True,26.713598800008185,10,10,5.1418232399049355,nan,nan,0,162,138,0.54,515,1288,515,0.7143649473100389
IMG_0018|r2|n30|b600|HHO-VC,IMG_0018,143090.jpg,2,HHO-VC,2,30,600,1062907585,5.142476360854444,2,77,190,600,True,19.112917600024957,11,11,5.142476360854444,nan,nan,0,0,0,nan,344,1456,344,0.8088888888888889
IMG_0018|r2|n30|b600|EHHO-VC,IMG_0018,143090.jpg,2,EHHO-VC,3,30,600,1062907585,5.142022209529453,2,64,139,600,True,19.206234200042672,13,13,5.142022209529453,0.2867311309116171,0.289315466108975,0,0,0,nan,334,1466,334,0.8144444444444444
IMG_0018|r2|n30|b600|BEHHO-VC-Calibrated,IMG_0018,143090.jpg,2,BEHHO-VC-Calibrated,4,30,600,1062907585,5.142096234929693,2,20,212,600,True,33.41888509999262,20,20,5.142096234929693,0.9075,0.9416666666666668,0,0,0,nan,594,1209,594,0.670549084858569
IMG_0018|r3|n30|b600|BEHHO-VC-Calibrated,IMG_0018,143090.jpg,3,BEHHO-VC-Calibrated,1,30,600,639998830,5.143481727265335,225,83,80,600,True,33.073926499986555,20,20,5.143481727265335,0.8978425925925926,0.8462962962962962,0,0,0,nan,590,1213,590,0.6727676095396561
IMG_0018|r3|n30|b600|HHO-VC,IMG_0018,143090.jpg,3,HHO-VC,2,30,600,639998830,5.143098314396316,12,2,41,600,True,13.57542150001973,11,11,5.143098314396316,nan,nan,0,0,0,nan,250,1550,250,0.8611111111111112
IMG_0018|r3|n30|b600|BDA-EHHO-VC-Calibrated,IMG_0018,143090.jpg,3,BDA-EHHO-VC-Calibrated,3,30,600,639998830,5.143403433533673,24,7,6,600,True,28.15724750002846,10,10,5.143403433533673,nan,nan,0,152,148,0.5066666666666667,486,1317,486,0.7304492512479202
IMG_0018|r3|n30|b600|EHHO-VC,IMG_0018,143090.jpg,3,EHHO-VC,4,30,600,639998830,5.142521439037686,12,2,67,600,True,15.331597100012004,13,13,5.142521439037686,0.18735521326333396,0.1386806406278254,0,0,0,nan,275,1525,275,0.8472222222222222
IMG_0018|r4|n30|b600|BDA-EHHO-VC-Calibrated,IMG_0018,143090.jpg,4,BDA-EHHO-VC-Calibrated,1,30,600,1084177124,5.139028332991321,79,10,2,600,True,30.903147700009868,10,10,5.13908768425659,nan,nan,0,148,152,0.49333333333333335,516,1287,516,0.7138103161397671
IMG_0018|r4|n30|b600|EHHO-VC,IMG_0018,143090.jpg,4,EHHO-VC,2,30,600,1084177124,5.1385242502246395,42,2,2,600,True,11.112748799961992,13,13,5.1385242502246395,0.14416024930384597,0.07444317394665277,0,0,0,nan,200,1600,200,0.8888888888888888
IMG_0018|r4|n30|b600|HHO-VC,IMG_0018,143090.jpg,4,HHO-VC,3,30,600,1084177124,5.1385242502246395,42,2,2,600,True,11.62764680001419,11,11,5.1385242502246395,nan,nan,0,0,0,nan,204,1596,204,0.8866666666666667
IMG_0018|r4|n30|b600|BEHHO-VC-Calibrated,IMG_0018,143090.jpg,4,BEHHO-VC-Calibrated,4,30,600,1084177124,5.138649073642523,49,2,2,600,True,25.315475500014145,20,20,5.138649073642523,0.7328518518518518,0.7624074074074074,9,0,0,nan,477,1326,477,0.7354409317803661
IMG_0018|r5|n30|b600|BDA-EHHO-VC-Calibrated,IMG_0018,143090.jpg,5,BDA-EHHO-VC-Calibrated,1,30,600,172545898,5.143605094730176,136,7,181,600,True,29.067520299984608,10,10,5.143605094730176,nan,nan,0,155,145,0.5166666666666667,500,1303,500,0.7226844148641154
IMG_0018|r5|n30|b600|EHHO-VC,IMG_0018,143090.jpg,5,EHHO-VC,2,30,600,172545898,5.1438407030193956,229,65,156,600,True,24.646569500037003,13,13,5.1438407030193956,0.45007544111106124,0.4505927008533871,0,0,0,nan,440,1360,440,0.7555555555555555
IMG_0018|r5|n30|b600|HHO-VC,IMG_0018,143090.jpg,5,HHO-VC,3,30,600,172545898,5.143908661418274,216,65,155,600,True,23.139944199996535,11,11,5.143908661418274,nan,nan,0,0,0,nan,425,1375,425,0.7638888888888888
IMG_0018|r5|n30|b600|BEHHO-VC-Calibrated,IMG_0018,143090.jpg,5,BEHHO-VC-Calibrated,4,30,600,172545898,5.1440588027266285,2,19,131,600,True,29.85613769997144,20,20,5.1440588027266285,0.8766944444444444,0.9266666666666666,1,0,0,nan,563,1240,563,0.687742651136994
IMG_0019|r1|n30|b600|BDA-EHHO-VC-Calibrated,IMG_0019,145086.jpg,1,BDA-EHHO-VC-Calibrated,1,30,600,256144287,4.908211462992638,128,53,7,600,True,30.484316000016406,10,10,4.908492556839239,nan,nan,0,153,147,0.51,489,1314,489,0.7287853577371048
IMG_0019|r1|n30|b600|EHHO-VC,IMG_0019,145086.jpg,1,EHHO-VC,2,30,600,256144287,4.9078521298461935,195,47,118,600,True,22.552964699978475,13,13,4.9078521298461935,0.4255419991230217,0.4665882045434472,0,0,0,nan,417,1383,417,0.7683333333333333
IMG_0019|r1|n30|b600|BEHHO-VC-Calibrated,IMG_0019,145086.jpg,1,BEHHO-VC-Calibrated,3,30,600,256144287,4.908429079739484,168,56,32,600,True,33.600749899982475,20,20,4.908429079739484,0.8753240740740742,0.8512962962962961,0,0,0,nan,537,1266,537,0.7021630615640599
IMG_0019|r1|n30|b600|HHO-VC,IMG_0019,145086.jpg,1,HHO-VC,4,30,600,256144287,4.908192422751041,216,47,139,600,True,21.504876999999397,11,11,4.908192422751041,nan,nan,0,0,0,nan,403,1397,403,0.7761111111111111
IMG_0019|r2|n30|b600|BEHHO-VC-Calibrated,IMG_0019,145086.jpg,2,BEHHO-VC-Calibrated,1,30,600,875648820,4.916296347191287,113,248,12,600,True,34.33998089999659,20,20,4.916296347191287,0.8971944444444444,0.9661111111111111,1,0,0,nan,603,1200,603,0.6655574043261231
IMG_0019|r2|n30|b600|BDA-EHHO-VC-Calibrated,IMG_0019,145086.jpg,2,BDA-EHHO-VC-Calibrated,2,30,600,875648820,4.916608586405306,97,224,46,600,True,25.350226800015662,10,10,4.916608586405306,nan,nan,0,156,144,0.52,515,1288,515,0.7143649473100389
IMG_0019|r2|n30|b600|HHO-VC,IMG_0019,145086.jpg,2,HHO-VC,3,30,600,875648820,4.916412916027061,253,214,52,600,True,16.989207900012843,11,11,4.916412916027061,nan,nan,0,0,0,nan,394,1406,394,0.7811111111111111
IMG_0019|r2|n30|b600|EHHO-VC,IMG_0019,145086.jpg,2,EHHO-VC,4,30,600,875648820,4.916412916027061,253,214,52,600,True,18.864115500007756,13,13,4.916412916027061,0.48972064012843214,0.517128079268714,0,0,0,nan,417,1383,417,0.7683333333333333
IMG_0019|r3|n30|b600|BEHHO-VC-Calibrated,IMG_0019,145086.jpg,3,BEHHO-VC-Calibrated,1,30,600,1364058623,4.911515426850553,37,2,64,600,True,22.36299420002615,20,20,4.911515426850553,0.8245648148148149,0.6357407407407408,0,0,0,nan,496,1307,496,0.7249029395452025
IMG_0019|r3|n30|b600|BDA-EHHO-VC-Calibrated,IMG_0019,145086.jpg,3,BDA-EHHO-VC-Calibrated,2,30,600,1364058623,4.911618723548788,205,3,150,600,True,21.73133229999803,10,10,4.911618723548788,nan,nan,0,144,156,0.48,499,1304,499,0.7232390460343872
IMG_0019|r3|n30|b600|EHHO-VC,IMG_0019,145086.jpg,3,EHHO-VC,3,30,600,1364058623,4.91144185581743,47,2,8,600,True,11.202737400017213,13,13,4.91144185581743,0.1918292246192947,0.08839616407081127,0,0,0,nan,270,1530,270,0.85
IMG_0019|r3|n30|b600|HHO-VC,IMG_0019,145086.jpg,3,HHO-VC,4,30,600,1364058623,4.91155295328062,51,2,8,600,True,13.342605200014077,11,11,4.91155295328062,nan,nan,0,0,0,nan,271,1529,271,0.8494444444444444
IMG_0019|r4|n30|b600|HHO-VC,IMG_0019,145086.jpg,4,HHO-VC,1,30,600,1552343665,4.913391839329788,232,30,171,600,True,18.558838500001002,11,11,4.913391839329788,nan,nan,0,0,0,nan,394,1406,394,0.7811111111111111
IMG_0019|r4|n30|b600|BDA-EHHO-VC-Calibrated,IMG_0019,145086.jpg,4,BDA-EHHO-VC-Calibrated,2,30,600,1552343665,4.91306005535704,3,73,155,600,True,26.27225570002338,10,10,4.91306005535704,nan,nan,0,151,149,0.5033333333333333,485,1318,485,0.7310038824181919
IMG_0019|r4|n30|b600|BEHHO-VC-Calibrated,IMG_0019,145086.jpg,4,BEHHO-VC-Calibrated,3,30,600,1552343665,4.91334055147484,2,229,184,600,True,27.45612170000095,20,20,4.91334055147484,0.8470185185185185,0.8085185185185185,0,0,0,nan,483,1320,483,0.7321131447587355
IMG_0019|r4|n30|b600|EHHO-VC,IMG_0019,145086.jpg,4,EHHO-VC,4,30,600,1552343665,4.913478176654967,206,26,150,600,True,24.46546820004005,13,13,4.913478176654967,0.4364597368619411,0.3961810882615283,0,0,0,nan,418,1382,418,0.7677777777777778
IMG_0019|r5|n30|b600|HHO-VC,IMG_0019,145086.jpg,5,HHO-VC,1,30,600,750392805,4.911719999373432,9,200,86,600,True,18.996806699957233,12,12,4.911719999373432,nan,nan,0,0,0,nan,329,1471,329,0.8172222222222222
IMG_0019|r5|n30|b600|BDA-EHHO-VC-Calibrated,IMG_0019,145086.jpg,5,BDA-EHHO-VC-Calibrated,2,30,600,750392805,4.911971429116307,96,3,129,600,True,26.773989800014533,10,10,4.911971429116307,nan,nan,0,142,158,0.47333333333333333,499,1304,499,0.7232390460343872
IMG_0019|r5|n30|b600|EHHO-VC,IMG_0019,145086.jpg,5,EHHO-VC,3,30,600,750392805,4.911997822333221,9,197,95,600,True,19.53706660005264,13,13,4.911997822333221,0.3874667581921419,0.41989095847100905,0,0,0,nan,350,1450,350,0.8055555555555556
IMG_0019|r5|n30|b600|BEHHO-VC-Calibrated,IMG_0019,145086.jpg,5,BEHHO-VC-Calibrated,4,30,600,750392805,4.912046478476324,114,2,77,600,True,35.81915250001475,20,20,4.912046478476324,0.9296018518518518,0.927962962962963,0,0,0,nan,638,1165,638,0.6461453133666112
IMG_0020|r1|n30|b600|HHO-VC,IMG_0020,147091.jpg,1,HHO-VC,1,30,600,1873133843,4.515573393188411,57,95,255,600,True,21.14898479997646,11,11,4.515573393188411,nan,nan,0,0,0,nan,366,1434,366,0.7966666666666666
IMG_0020|r1|n30|b600|BDA-EHHO-VC-Calibrated,IMG_0020,147091.jpg,1,BDA-EHHO-VC-Calibrated,2,30,600,1873133843,4.515386669576448,20,242,233,600,True,28.559939400001895,10,10,4.515386669576448,nan,nan,0,152,148,0.5066666666666667,467,1336,467,0.7409872434830838
IMG_0020|r1|n30|b600|EHHO-VC,IMG_0020,147091.jpg,1,EHHO-VC,3,30,600,1873133843,4.515544095537505,57,95,254,600,True,22.60502500005532,13,13,4.515544095537505,0.42353204073310496,0.4948746306100543,0,0,0,nan,399,1401,399,0.7783333333333333
IMG_0020|r1|n30|b600|BEHHO-VC-Calibrated,IMG_0020,147091.jpg,1,BEHHO-VC-Calibrated,4,30,600,1873133843,4.515255689767606,20,47,252,600,True,28.145045900018886,20,20,4.515255689767606,0.8708425925925927,0.8868518518518519,0,0,0,nan,517,1286,517,0.7132556849694953
IMG_0020|r2|n30|b600|HHO-VC,IMG_0020,147091.jpg,2,HHO-VC,1,30,600,131230378,4.511640238244113,118,12,15,600,True,16.27996280003572,12,12,4.511640238244113,nan,nan,0,0,0,nan,297,1503,297,0.835
IMG_0020|r2|n30|b600|BDA-EHHO-VC-Calibrated,IMG_0020,147091.jpg,2,BDA-EHHO-VC-Calibrated,2,30,600,131230378,4.511305226461636,200,123,16,600,True,30.235507699951995,10,10,4.511426371815223,nan,nan,0,155,145,0.5166666666666667,522,1281,522,0.7104825291181365
IMG_0020|r2|n30|b600|EHHO-VC,IMG_0020,147091.jpg,2,EHHO-VC,3,30,600,131230378,4.512501353912981,155,97,74,600,True,23.584945400012657,13,13,4.512501353912981,0.3579409251185219,0.37422296308513764,0,0,0,nan,431,1369,431,0.7605555555555555
IMG_0020|r2|n30|b600|BEHHO-VC-Calibrated,IMG_0020,147091.jpg,2,BEHHO-VC-Calibrated,4,30,600,131230378,4.511941994283707,192,6,16,600,True,29.320721700030845,20,20,4.511941994283707,0.830037037037037,0.9024074074074074,2,0,0,nan,505,1298,505,0.7199112590127565
IMG_0020|r3|n30|b600|BEHHO-VC-Calibrated,IMG_0020,147091.jpg,3,BEHHO-VC-Calibrated,1,30,600,613503266,4.5150782167369465,94,2,244,600,True,34.99361850001151,20,20,4.5150782167369465,0.9354722222222224,0.918888888888889,0,0,0,nan,604,1199,604,0.6650027731558513
IMG_0020|r3|n30|b600|EHHO-VC,IMG_0020,147091.jpg,3,EHHO-VC,2,30,600,613503266,4.514252251364852,104,2,182,600,True,19.565511299995705,14,14,4.514252251364852,0.354808189823757,0.3246560822569069,0,0,0,nan,359,1441,359,0.8005555555555556
IMG_0020|r3|n30|b600|BDA-EHHO-VC-Calibrated,IMG_0020,147091.jpg,3,BDA-EHHO-VC-Calibrated,3,30,600,613503266,4.514762790001976,134,2,250,600,True,22.92121539998334,10,10,4.514762790001976,nan,nan,0,152,148,0.5066666666666667,515,1288,515,0.7143649473100389
IMG_0020|r3|n30|b600|HHO-VC,IMG_0020,147091.jpg,3,HHO-VC,4,30,600,613503266,4.5140951809009655,104,2,186,600,True,19.442624100018293,12,12,4.5140951809009655,nan,nan,0,0,0,nan,355,1445,355,0.8027777777777778
IMG_0020|r4|n30|b600|BEHHO-VC-Calibrated,IMG_0020,147091.jpg,4,BEHHO-VC-Calibrated,1,30,600,20817221,4.515902521031564,2,208,2,600,True,31.034176699991804,20,20,4.515902521031564,0.8651759259259257,0.9151851851851851,1,0,0,nan,582,1221,582,0.6772046589018302
IMG_0020|r4|n30|b600|BDA-EHHO-VC-Calibrated,IMG_0020,147091.jpg,4,BDA-EHHO-VC-Calibrated,2,30,600,20817221,4.5165663092869535,40,213,243,600,True,28.66398970002774,10,10,4.51668323857866,nan,nan,0,150,150,0.5,499,1304,499,0.7232390460343872
IMG_0020|r4|n30|b600|HHO-VC,IMG_0020,147091.jpg,4,HHO-VC,3,30,600,20817221,4.517134290780174,164,216,224,600,True,28.237318700004835,11,11,4.517134290780174,nan,nan,0,0,0,nan,466,1334,466,0.7411111111111112
IMG_0020|r4|n30|b600|EHHO-VC,IMG_0020,147091.jpg,4,EHHO-VC,4,30,600,20817221,4.517043942473258,165,213,218,600,True,28.69457870000042,13,13,4.517043942473258,0.5323915556022165,0.49998070929194177,0,0,0,nan,507,1293,507,0.7183333333333334
IMG_0020|r5|n30|b600|HHO-VC,IMG_0020,147091.jpg,5,HHO-VC,1,30,600,1344940515,4.510540757556448,124,199,93,600,True,25.583889200002886,12,12,4.510540757556448,nan,nan,0,0,0,nan,427,1373,427,0.7627777777777778
IMG_0020|r5|n30|b600|BEHHO-VC-Calibrated,IMG_0020,147091.jpg,5,BEHHO-VC-Calibrated,2,30,600,1344940515,4.510113808952778,128,52,108,600,True,31.73429239995312,20,20,4.510113808952778,0.8813888888888888,0.8670370370370369,0,0,0,nan,519,1284,519,0.7121464226289518
IMG_0020|r5|n30|b600|EHHO-VC,IMG_0020,147091.jpg,5,EHHO-VC,3,30,600,1344940515,4.510827971081146,124,198,91,600,True,27.127226800017525,13,13,4.510827971081146,0.41669685306253457,0.4036634060523746,0,0,0,nan,467,1333,467,0.7405555555555555
IMG_0020|r5|n30|b600|BDA-EHHO-VC-Calibrated,IMG_0020,147091.jpg,5,BDA-EHHO-VC-Calibrated,4,30,600,1344940515,4.51015344618111,124,35,105,600,True,29.538990999979433,10,10,4.51015344618111,nan,nan,0,130,170,0.43333333333333335,503,1300,503,0.7210205213533001
IMG_0021|r1|n30|b600|HHO-VC,IMG_0021,148026.jpg,1,HHO-VC,1,30,600,89989205,4.560480085099061,141,3,149,600,True,19.868394900055137,12,12,4.560480085099061,nan,nan,0,0,0,nan,347,1453,347,0.8072222222222222
IMG_0021|r1|n30|b600|BEHHO-VC-Calibrated,IMG_0021,148026.jpg,1,BEHHO-VC-Calibrated,2,30,600,89989205,4.560980098483659,16,2,136,600,True,27.956024200015236,20,20,4.560980098483659,0.7656018518518518,0.6368518518518519,6,0,0,nan,511,1292,511,0.7165834719911259
IMG_0021|r1|n30|b600|EHHO-VC,IMG_0021,148026.jpg,1,EHHO-VC,3,30,600,89989205,4.560531681212707,142,3,149,600,True,21.263575399992988,14,14,4.560531681212707,0.38214669791274275,0.33589575405198746,0,0,0,nan,364,1436,364,0.7977777777777778
IMG_0021|r1|n30|b600|BDA-EHHO-VC-Calibrated,IMG_0021,148026.jpg,1,BDA-EHHO-VC-Calibrated,4,30,600,89989205,4.561297187333972,27,3,232,600,True,28.786906799999997,10,10,4.561297187333972,nan,nan,0,144,156,0.48,491,1312,491,0.7276760953965613
IMG_0021|r2|n30|b600|BDA-EHHO-VC-Calibrated,IMG_0021,148026.jpg,2,BDA-EHHO-VC-Calibrated,1,30,600,1967699892,4.558517270937732,32,8,58,600,True,28.686785700032488,10,10,4.558517270937732,nan,nan,0,144,156,0.48,484,1319,484,0.7315585135884637
IMG_0021|r2|n30|b600|EHHO-VC,IMG_0021,148026.jpg,2,EHHO-VC,2,30,600,1967699892,4.558801966660993,8,2,2,600,True,11.386251500051003,13,13,4.558801966660993,0.12336158484725807,0.036449224072621,5,0,0,nan,206,1594,206,0.8855555555555555
IMG_0021|r2|n30|b600|HHO-VC,IMG_0021,148026.jpg,2,HHO-VC,3,30,600,1967699892,4.558559987152544,142,82,9,600,True,22.522857300005853,11,11,4.558559987152544,nan,nan,0,0,0,nan,361,1439,361,0.7994444444444444
IMG_0021|r2|n30|b600|BEHHO-VC-Calibrated,IMG_0021,148026.jpg,2,BEHHO-VC-Calibrated,4,30,600,1967699892,4.557262784738006,24,2,9,600,True,29.011244000052102,20,20,4.557262784738006,0.8025462962962964,0.822037037037037,3,0,0,nan,483,1320,483,0.7321131447587355
IMG_0021|r3|n30|b600|EHHO-VC,IMG_0021,148026.jpg,3,EHHO-VC,1,30,600,985666269,4.565506997549251,2,2,2,600,True,11.835922099999152,13,13,4.565506997549251,0.1285453732244179,0.032513844416004016,4,0,0,nan,206,1594,206,0.8855555555555555
IMG_0021|r3|n30|b600|BEHHO-VC-Calibrated,IMG_0021,148026.jpg,3,BEHHO-VC-Calibrated,2,30,600,985666269,4.564910407563215,239,245,157,600,True,35.19162060000235,20,20,4.564910407563215,0.8309722222222223,0.8442592592592592,2,0,0,nan,569,1234,569,0.6844148641153632
IMG_0021|r3|n30|b600|BDA-EHHO-VC-Calibrated,IMG_0021,148026.jpg,3,BDA-EHHO-VC-Calibrated,3,30,600,985666269,4.5640376718127635,52,253,2,600,True,29.827767400012817,10,10,4.564518230838517,nan,nan,0,149,151,0.49666666666666665,489,1314,489,0.7287853577371048
IMG_0021|r3|n30|b600|HHO-VC,IMG_0021,148026.jpg,3,HHO-VC,4,30,600,985666269,4.565506997549251,2,2,2,600,True,10.587173499981873,12,12,4.565506997549251,nan,nan,0,0,0,nan,179,1621,179,0.9005555555555556
IMG_0021|r4|n30|b600|BEHHO-VC-Calibrated,IMG_0021,148026.jpg,4,BEHHO-VC-Calibrated,1,30,600,219642617,4.563634398361054,20,140,220,600,True,33.838874400011264,20,20,4.563634398361054,0.8808888888888887,0.8238888888888889,0,0,0,nan,551,1252,551,0.6943982251802552
IMG_0021|r4|n30|b600|EHHO-VC,IMG_0021,148026.jpg,4,EHHO-VC,2,30,600,219642617,4.563933450555292,20,83,179,600,True,20.811998799967114,14,14,4.563933450555292,0.35873821334830513,0.3561706285734415,0,0,0,nan,369,1431,369,0.795
IMG_0021|r4|n30|b600|BDA-EHHO-VC-Calibrated,IMG_0021,148026.jpg,4,BDA-EHHO-VC-Calibrated,3,30,600,219642617,4.563616987215891,229,134,181,600,True,27.02320100000361,10,10,4.563616987215891,nan,nan,0,152,148,0.5066666666666667,490,1313,490,0.7282307265668331
IMG_0021|r4|n30|b600|HHO-VC,IMG_0021,148026.jpg,4,HHO-VC,4,30,600,219642617,4.564081779547506,20,83,178,600,True,20.57576059998246,12,12,4.564081779547506,nan,nan,0,0,0,nan,364,1436,364,0.7977777777777778
IMG_0021|r5|n30|b600|BDA-EHHO-VC-Calibrated,IMG_0021,148026.jpg,5,BDA-EHHO-VC-Calibrated,1,30,600,1233912097,4.560542039391277,245,227,47,600,True,27.920732599974144,10,10,4.560542039391277,nan,nan,0,135,165,0.45,482,1321,482,0.7326677759290072
IMG_0021|r5|n30|b600|EHHO-VC,IMG_0021,148026.jpg,5,EHHO-VC,2,30,600,1233912097,4.560543866833931,130,53,25,600,True,20.835231099976227,13,13,4.560543866833931,0.32088717282536067,0.223202270832996,0,0,0,nan,364,1436,364,0.7977777777777778
IMG_0021|r5|n30|b600|HHO-VC,IMG_0021,148026.jpg,5,HHO-VC,3,30,600,1233912097,4.560459229440412,120,52,25,600,True,19.145892000000458,11,11,4.560459229440412,nan,nan,0,0,0,nan,353,1447,353,0.8038888888888889
IMG_0021|r5|n30|b600|BEHHO-VC-Calibrated,IMG_0021,148026.jpg,5,BEHHO-VC-Calibrated,4,30,600,1233912097,4.560140403687985,52,37,198,600,True,36.00242330000037,20,20,4.560140403687985,0.9366296296296295,0.9455555555555556,0,0,0,nan,624,1179,624,0.653910149750416
IMG_0022|r1|n30|b600|HHO-VC,IMG_0022,148089.jpg,1,HHO-VC,1,30,600,107739160,4.621405701253675,156,189,152,600,True,29.515231399971526,12,12,4.621405701253675,nan,nan,0,0,0,nan,472,1328,472,0.7377777777777778
IMG_0022|r1|n30|b600|BDA-EHHO-VC-Calibrated,IMG_0022,148089.jpg,1,BDA-EHHO-VC-Calibrated,2,30,600,107739160,4.621642556066033,21,195,158,600,True,30.026940800016746,10,10,4.621642556066033,nan,nan,0,139,161,0.4633333333333333,482,1321,482,0.7326677759290072
IMG_0022|r1|n30|b600|EHHO-VC,IMG_0022,148089.jpg,1,EHHO-VC,3,30,600,107739160,4.621427689398727,157,192,152,600,True,30.207235799985938,14,14,4.621427689398727,0.46331648604268255,0.5202641132374047,0,0,0,nan,521,1279,521,0.7105555555555556
IMG_0022|r1|n30|b600|BEHHO-VC-Calibrated,IMG_0022,148089.jpg,1,BEHHO-VC-Calibrated,4,30,600,107739160,4.621753704566356,8,68,145,600,True,31.393847300030757,20,20,4.621753704566356,0.8287592592592594,0.7188888888888889,5,0,0,nan,515,1288,515,0.7143649473100389
IMG_0022|r2|n30|b600|EHHO-VC,IMG_0022,148089.jpg,2,EHHO-VC,1,30,600,1707945108,4.622050679699746,242,153,252,600,True,31.074670999951195,14,14,4.622050679699746,0.5596160975829124,0.5036119101062816,0,0,0,nan,499,1301,499,0.7227777777777777
IMG_0022|r2|n30|b600|BEHHO-VC-Calibrated,IMG_0022,148089.jpg,2,BEHHO-VC-Calibrated,2,30,600,1707945108,4.621920448829261,132,90,236,600,True,33.24526539997896,20,20,4.621920448829261,0.8674074074074076,0.8583333333333334,1,0,0,nan,571,1232,571,0.6833056017748197
IMG_0022|r2|n30|b600|HHO-VC,IMG_0022,148089.jpg,2,HHO-VC,3,30,600,1707945108,4.621154912756311,171,152,239,600,True,28.969623400014825,12,12,4.621154912756311,nan,nan,0,0,0,nan,467,1333,467,0.7405555555555555
IMG_0022|r2|n30|b600|BDA-EHHO-VC-Calibrated,IMG_0022,148089.jpg,2,BDA-EHHO-VC-Calibrated,4,30,600,1707945108,4.621726867670497,225,153,252,600,True,29.688093200034928,10,10,4.621726867670497,nan,nan,0,152,148,0.5066666666666667,481,1322,481,0.733222407099279
IMG_0022|r3|n30|b600|HHO-VC,IMG_0022,148089.jpg,3,HHO-VC,1,30,600,292501658,4.616625150125366,199,253,63,600,True,21.935001800011378,12,12,4.616625150125366,nan,nan,0,0,0,nan,414,1386,414,0.77
IMG_0022|r3|n30|b600|EHHO-VC,IMG_0022,148089.jpg,3,EHHO-VC,2,30,600,292501658,4.616625150125366,199,253,63,600,True,26.513987399986945,14,14,4.616625150125366,0.49152719699947844,0.45525058196958307,0,0,0,nan,443,1357,443,0.7538888888888889
IMG_0022|r3|n30|b600|BDA-EHHO-VC-Calibrated,IMG_0022,148089.jpg,3,BDA-EHHO-VC-Calibrated,3,30,600,292501658,4.616865273746405,237,163,63,600,True,29.72012829995947,10,10,4.616865273746405,nan,nan,0,154,146,0.5133333333333333,515,1288,515,0.7143649473100389
IMG_0022|r3|n30|b600|BEHHO-VC-Calibrated,IMG_0022,148089.jpg,3,BEHHO-VC-Calibrated,4,30,600,292501658,4.6163498832987475,243,231,63,600,True,34.26375719998032,20,20,4.6163498832987475,0.8911481481481479,0.865925925925926,0,0,0,nan,572,1231,572,0.6827509706045479
IMG_0022|r4|n30|b600|BDA-EHHO-VC-Calibrated,IMG_0022,148089.jpg,4,BDA-EHHO-VC-Calibrated,1,30,600,1556716924,4.621313561360949,2,230,60,600,True,29.859380199981388,10,10,4.621313561360949,nan,nan,0,153,147,0.51,506,1297,506,0.7193566278424848
IMG_0022|r4|n30|b600|BEHHO-VC-Calibrated,IMG_0022,148089.jpg,4,BEHHO-VC-Calibrated,2,30,600,1556716924,4.620802438903838,2,162,34,600,True,33.16082270001061,20,20,4.620802438903838,0.8743148148148148,0.8766666666666666,0,0,0,nan,526,1277,526,0.7082640044370494
IMG_0022|r4|n30|b600|EHHO-VC,IMG_0022,148089.jpg,4,EHHO-VC,3,30,600,1556716924,4.6215550339188045,150,233,34,600,True,25.261257399979513,14,14,4.6215550339188045,0.44617124668702884,0.41467213543681186,0,0,0,nan,423,1377,423,0.765
IMG_0022|r4|n30|b600|HHO-VC,IMG_0022,148089.jpg,4,HHO-VC,4,30,600,1556716924,4.621682913941101,148,220,34,600,True,23.016595799999777,12,12,4.621682913941101,nan,nan,0,0,0,nan,399,1401,399,0.7783333333333333
IMG_0022|r5|n30|b600|BEHHO-VC-Calibrated,IMG_0022,148089.jpg,5,BEHHO-VC-Calibrated,1,30,600,1291561711,4.622053440554056,2,64,225,600,True,32.05012229998829,20,20,4.622053440554056,0.834611111111111,0.732037037037037,0,0,0,nan,521,1282,521,0.7110371602884082
IMG_0022|r5|n30|b600|EHHO-VC,IMG_0022,148089.jpg,5,EHHO-VC,2,30,600,1291561711,4.623785288826411,2,2,2,600,True,11.2856111000292,13,13,4.623785288826411,0.12363256148722325,0.00109058601675904,6,0,0,nan,198,1602,198,0.89
IMG_0022|r5|n30|b600|BDA-EHHO-VC-Calibrated,IMG_0022,148089.jpg,5,BDA-EHHO-VC-Calibrated,3,30,600,1291561711,4.621710500953374,3,6,255,600,True,31.228654299979098,10,10,4.621710500953374,nan,nan,0,131,169,0.43666666666666665,503,1300,503,0.7210205213533001
IMG_0022|r5|n30|b600|HHO-VC,IMG_0022,148089.jpg,5,HHO-VC,4,30,600,1291561711,4.623785288826411,2,2,2,600,True,9.116810400038958,12,12,4.623785288826411,nan,nan,0,0,0,nan,156,1644,156,0.9133333333333333
IMG_0023|r1|n30|b600|HHO-VC,IMG_0023,156065.jpg,1,HHO-VC,1,30,600,2090870896,4.862000706702214,252,253,65,600,True,25.974748600041494,12,12,4.862000706702214,nan,nan,0,0,0,nan,418,1382,418,0.7677777777777778
IMG_0023|r1|n30|b600|BDA-EHHO-VC-Calibrated,IMG_0023,156065.jpg,1,BDA-EHHO-VC-Calibrated,2,30,600,2090870896,4.861817059686188,181,222,37,600,True,28.924424700031523,10,10,4.861817059686188,nan,nan,0,137,163,0.45666666666666667,497,1306,497,0.7243483083749307
IMG_0023|r1|n30|b600|EHHO-VC,IMG_0023,156065.jpg,1,EHHO-VC,3,30,600,2090870896,4.861918830585474,248,251,65,600,True,24.255569299974013,14,14,4.861918830585474,0.46967833161528594,0.5111083192391056,0,0,0,nan,452,1348,452,0.7488888888888889
IMG_0023|r1|n30|b600|BEHHO-VC-Calibrated,IMG_0023,156065.jpg,1,BEHHO-VC-Calibrated,4,30,600,2090870896,4.862027525780298,180,246,13,600,True,32.39811050001299,20,20,4.862027525780298,0.9326203703703703,0.9648148148148148,0,0,0,nan,586,1217,586,0.6749861342207432
IMG_0023|r2|n30|b600|EHHO-VC,IMG_0023,156065.jpg,2,EHHO-VC,1,30,600,736750200,4.860479500586455,6,6,15,600,True,12.838983300025575,13,13,4.860479500586455,0.10960584518380742,0.061471138109309084,1,0,0,nan,217,1583,217,0.8794444444444445
IMG_0023|r2|n30|b600|HHO-VC,IMG_0023,156065.jpg,2,HHO-VC,2,30,600,736750200,4.860479500586455,6,6,15,600,True,11.533872900006827,11,11,4.860479500586455,nan,nan,0,0,0,nan,200,1600,200,0.8888888888888888
IMG_0023|r2|n30|b600|BEHHO-VC-Calibrated,IMG_0023,156065.jpg,2,BEHHO-VC-Calibrated,3,30,600,736750200,4.860817904545079,100,52,13,600,True,37.43763369997032,20,20,4.860817904545079,0.9252685185185184,0.9362962962962963,0,0,0,nan,615,1188,615,0.6589018302828619
IMG_0023|r2|n30|b600|BDA-EHHO-VC-Calibrated,IMG_0023,156065.jpg,2,BDA-EHHO-VC-Calibrated,4,30,600,736750200,4.86001733409448,76,53,5,600,True,29.21384029998444,10,10,4.86001733409448,nan,nan,0,161,139,0.5366666666666666,498,1305,498,0.7237936772046589
IMG_0023|r3|n30|b600|EHHO-VC,IMG_0023,156065.jpg,3,EHHO-VC,1,30,600,738117875,4.865437237498764,13,136,39,600,True,21.44185889995424,13,13,4.865437237498764,0.2753673873969593,0.26770532321326496,0,0,0,nan,348,1452,348,0.8066666666666666
IMG_0023|r3|n30|b600|BDA-EHHO-VC-Calibrated,IMG_0023,156065.jpg,3,BDA-EHHO-VC-Calibrated,2,30,600,738117875,4.86636272476563,11,249,94,600,True,28.794941000000108,10,10,4.86636272476563,nan,nan,0,137,163,0.45666666666666667,473,1330,473,0.7376594564614531
IMG_0023|r3|n30|b600|BEHHO-VC-Calibrated,IMG_0023,156065.jpg,3,BEHHO-VC-Calibrated,3,30,600,738117875,4.86591154939838,2,64,8,600,True,29.90446890000021,20,20,4.86591154939838,0.7998055555555555,0.45333333333333337,2,0,0,nan,495,1308,495,0.7254575707154742
IMG_0023|r3|n30|b600|HHO-VC,IMG_0023,156065.jpg,3,HHO-VC,4,30,600,738117875,4.8663368105573435,95,100,40,600,True,22.666899500007275,11,11,4.8663368105573435,nan,nan,0,0,0,nan,379,1421,379,0.7894444444444444
IMG_0023|r4|n30|b600|EHHO-VC,IMG_0023,156065.jpg,4,EHHO-VC,1,30,600,369117242,4.865975429623128,41,83,13,600,True,17.7414063999895,13,13,4.865975429623128,0.21180053499233584,0.15240669306419588,0,0,0,nan,285,1515,285,0.8416666666666667
IMG_0023|r4|n30|b600|HHO-VC,IMG_0023,156065.jpg,4,HHO-VC,2,30,600,369117242,4.865857857421166,43,87,13,600,True,16.43925749999471,12,12,4.865857857421166,nan,nan,0,0,0,nan,271,1529,271,0.8494444444444444
IMG_0023|r4|n30|b600|BDA-EHHO-VC-Calibrated,IMG_0023,156065.jpg,4,BDA-EHHO-VC-Calibrated,3,30,600,369117242,4.866277840673505,2,83,14,600,True,30.954915800015442,10,10,4.866277840673505,nan,nan,0,154,146,0.5133333333333333,499,1304,499,0.7232390460343872
IMG_0023|r4|n30|b600|BEHHO-VC-Calibrated,IMG_0023,156065.jpg,4,BEHHO-VC-Calibrated,4,30,600,369117242,4.866577535164958,199,87,14,600,True,37.73726309998892,20,20,4.866577535164958,0.9339537037037037,0.9431481481481482,0,0,0,nan,603,1200,603,0.6655574043261231
IMG_0023|r5|n30|b600|BEHHO-VC-Calibrated,IMG_0023,156065.jpg,5,BEHHO-VC-Calibrated,1,30,600,2099742995,4.863355792313329,208,4,64,600,True,30.941367299994454,20,20,4.863355792313329,0.8658888888888889,0.8257407407407408,0,0,0,nan,545,1258,545,0.6977260122018858
IMG_0023|r5|n30|b600|HHO-VC,IMG_0023,156065.jpg,5,HHO-VC,2,30,600,2099742995,4.863116076700048,210,18,4,600,True,16.220444199978374,11,11,4.863116076700048,nan,nan,0,0,0,nan,266,1534,266,0.8522222222222222
IMG_0023|r5|n30|b600|EHHO-VC,IMG_0023,156065.jpg,5,EHHO-VC,3,30,600,2099742995,4.863045313531768,207,18,4,600,True,17.57648499996867,13,13,4.863045313531768,0.34493178259669993,0.34473672852147474,0,0,0,nan,293,1507,293,0.8372222222222222
IMG_0023|r5|n30|b600|BDA-EHHO-VC-Calibrated,IMG_0023,156065.jpg,5,BDA-EHHO-VC-Calibrated,4,30,600,2099742995,4.8628128957168455,226,8,21,600,True,30.15911829995457,10,10,4.8628128957168455,nan,nan,0,144,156,0.48,506,1297,506,0.7193566278424848
IMG_0024|r1|n30|b600|BDA-EHHO-VC-Calibrated,IMG_0024,157055.jpg,1,BDA-EHHO-VC-Calibrated,1,30,600,507527074,5.017181118700962,244,197,220,600,True,26.52772430004552,10,10,5.017310667051,nan,nan,0,150,150,0.5,462,1341,462,0.7437603993344426
IMG_0024|r1|n30|b600|HHO-VC,IMG_0024,157055.jpg,1,HHO-VC,2,30,600,507527074,5.017539188536939,215,181,232,600,True,27.655238900042605,11,11,5.017539188536939,nan,nan,0,0,0,nan,442,1358,442,0.7544444444444445
IMG_0024|r1|n30|b600|EHHO-VC,IMG_0024,157055.jpg,1,EHHO-VC,3,30,600,507527074,5.017409716482859,235,197,253,600,True,30.896604500012472,13,13,5.017409716482859,0.5653787548900004,0.6918994489744345,0,0,0,nan,485,1315,485,0.7305555555555555
IMG_0024|r1|n30|b600|BEHHO-VC-Calibrated,IMG_0024,157055.jpg,1,BEHHO-VC-Calibrated,4,30,600,507527074,5.017428830468975,238,228,213,600,True,31.128800600010436,20,20,5.017428830468975,0.8862685185185185,0.965925925925926,0,0,0,nan,523,1280,523,0.7099278979478647
IMG_0024|r2|n30|b600|BEHHO-VC-Calibrated,IMG_0024,157055.jpg,2,BEHHO-VC-Calibrated,1,30,600,685953527,5.014040472125938,255,255,252,600,True,26.079932799970265,20,20,5.014040472125938,0.768888888888889,0.6253703703703704,3,0,0,nan,429,1374,429,0.762063227953411
IMG_0024|r2|n30|b600|HHO-VC,IMG_0024,157055.jpg,2,HHO-VC,2,30,600,685953527,5.013851030426207,252,251,252,600,True,27.06060259998776,11,11,5.013851030426207,nan,nan,0,0,0,nan,435,1365,435,0.7583333333333333
IMG_0024|r2|n30|b600|BDA-EHHO-VC-Calibrated,IMG_0024,157055.jpg,2,BDA-EHHO-VC-Calibrated,3,30,600,685953527,5.013850091296695,209,239,5,600,True,29.94097120000515,10,10,5.013850091296695,nan,nan,0,159,141,0.53,492,1311,492,0.7271214642262895
IMG_0024|r2|n30|b600|EHHO-VC,IMG_0024,157055.jpg,2,EHHO-VC,4,30,600,685953527,5.01383035730009,253,252,252,600,True,26.375055300013628,13,13,5.01383035730009,0.5891981650281259,0.6719644911614677,0,0,0,nan,491,1309,491,0.7272222222222222
IMG_0024|r3|n30|b600|EHHO-VC,IMG_0024,157055.jpg,3,EHHO-VC,1,30,600,2019872566,5.0190060205611315,5,3,2,600,True,11.653167799988296,13,13,5.0190060205611315,0.11397393195223857,0.04962232889046518,5,0,0,nan,207,1593,207,0.885
IMG_0024|r3|n30|b600|BEHHO-VC-Calibrated,IMG_0024,157055.jpg,3,BEHHO-VC-Calibrated,2,30,600,2019872566,5.019074376640069,5,84,245,600,True,33.75909860001411,20,20,5.019074376640069,0.9106296296296297,0.8783333333333333,0,0,0,nan,553,1250,553,0.6932889628397116
IMG_0024|r3|n30|b600|BDA-EHHO-VC-Calibrated,IMG_0024,157055.jpg,3,BDA-EHHO-VC-Calibrated,3,30,600,2019872566,5.019277237637638,5,185,235,600,True,26.06687179999426,10,10,5.019724951557027,nan,nan,0,149,151,0.49666666666666665,495,1308,495,0.7254575707154742
IMG_0024|r3|n30|b600|HHO-VC,IMG_0024,157055.jpg,3,HHO-VC,4,30,600,2019872566,5.019510500928642,3,3,2,600,True,9.093619699997362,11,11,5.019510500928642,nan,nan,0,0,0,nan,162,1638,162,0.91
IMG_0024|r4|n30|b600|HHO-VC,IMG_0024,157055.jpg,4,HHO-VC,1,30,600,325144972,5.019175323322195,3,5,157,600,True,13.206402699986938,11,11,5.019175323322195,nan,nan,0,0,0,nan,245,1555,245,0.8638888888888889
IMG_0024|r4|n30|b600|EHHO-VC,IMG_0024,157055.jpg,4,EHHO-VC,2,30,600,325144972,5.019932219285301,2,2,5,600,True,11.16522140003508,13,13,5.019932219285301,0.15149094844174057,0.024574734795845217,4,0,0,nan,219,1581,219,0.8783333333333333
IMG_0024|r4|n30|b600|BEHHO-VC-Calibrated,IMG_0024,157055.jpg,4,BEHHO-VC-Calibrated,3,30,600,325144972,5.019677935699527,3,2,16,600,True,26.119668299972545,20,20,5.019677935699527,0.7885092592592593,0.8214814814814814,2,0,0,nan,477,1326,477,0.7354409317803661
IMG_0024|r4|n30|b600|BDA-EHHO-VC-Calibrated,IMG_0024,157055.jpg,4,BDA-EHHO-VC-Calibrated,4,30,600,325144972,5.020085822749123,6,2,167,600,True,28.030030000023544,10,10,5.020085822749123,nan,nan,0,147,153,0.49,496,1307,496,0.7249029395452025
IMG_0024|r5|n30|b600|BDA-EHHO-VC-Calibrated,IMG_0024,157055.jpg,5,BDA-EHHO-VC-Calibrated,1,30,600,2079825851,5.01754306521869,4,10,169,600,True,31.383626399969216,10,10,5.0179630979862235,nan,nan,0,143,157,0.4766666666666667,508,1295,508,0.7182473655019412
IMG_0024|r5|n30|b600|EHHO-VC,IMG_0024,157055.jpg,5,EHHO-VC,2,30,600,2079825851,5.0171535818559025,2,131,12,600,True,15.661337599973194,14,14,5.0171535818559025,0.24278375559545834,0.2201263554431621,0,0,0,nan,267,1533,267,0.8516666666666667
IMG_0024|r5|n30|b600|BEHHO-VC-Calibrated,IMG_0024,157055.jpg,5,BEHHO-VC-Calibrated,3,30,600,2079825851,5.017281953966421,4,129,12,600,True,28.614298700005747,20,20,5.017281953966421,0.7569351851851851,0.612037037037037,4,0,0,nan,476,1327,476,0.7359955629506378
IMG_0024|r5|n30|b600|HHO-VC,IMG_0024,157055.jpg,5,HHO-VC,4,30,600,2079825851,5.0171535818559025,2,131,12,600,True,16.237900499952957,12,12,5.0171535818559025,nan,nan,0,0,0,nan,267,1533,267,0.8516666666666667
IMG_0025|r1|n30|b600|BDA-EHHO-VC-Calibrated,IMG_0025,159008.jpg,1,BDA-EHHO-VC-Calibrated,1,30,600,434285657,4.416995525212542,65,64,9,600,True,29.395914599997923,10,10,4.416995525212542,nan,nan,0,142,158,0.47333333333333333,498,1305,498,0.7237936772046589
IMG_0025|r1|n30|b600|HHO-VC,IMG_0025,159008.jpg,1,HHO-VC,2,30,600,434285657,4.417624163420887,69,40,2,600,True,12.127881399996113,12,12,4.417624163420887,nan,nan,0,0,0,nan,266,1534,266,0.8522222222222222
IMG_0025|r1|n30|b600|EHHO-VC,IMG_0025,159008.jpg,1,EHHO-VC,3,30,600,434285657,4.4174548737651484,48,30,2,600,True,13.056987199990544,14,14,4.4174548737651484,0.19762757647830637,0.10284019380051472,0,0,0,nan,294,1506,294,0.8366666666666667
IMG_0025|r1|n30|b600|BEHHO-VC-Calibrated,IMG_0025,159008.jpg,1,BEHHO-VC-Calibrated,4,30,600,434285657,4.417564451140071,68,64,2,600,True,24.793523899978027,20,20,4.417564451140071,0.8878888888888887,0.9083333333333332,0,0,0,nan,548,1255,548,0.6960621186910705
IMG_0025|r2|n30|b600|HHO-VC,IMG_0025,159008.jpg,2,HHO-VC,1,30,600,874526453,4.421710411290049,2,2,2,600,True,8.65383299998939,11,11,4.421710411290049,nan,nan,0,0,0,nan,193,1607,193,0.8927777777777778
IMG_0025|r2|n30|b600|BDA-EHHO-VC-Calibrated,IMG_0025,159008.jpg,2,BDA-EHHO-VC-Calibrated,2,30,600,874526453,4.421062568655861,2,2,132,600,True,23.015089299995452,10,10,4.421062568655861,nan,nan,0,136,164,0.4533333333333333,496,1307,496,0.7249029395452025
IMG_0025|r2|n30|b600|BEHHO-VC-Calibrated,IMG_0025,159008.jpg,2,BEHHO-VC-Calibrated,3,30,600,874526453,4.420774604773039,2,2,206,600,True,20.17270599998301,20,20,4.420774604773039,0.778638888888889,0.622962962962963,4,0,0,nan,478,1325,478,0.7348863006100943
IMG_0025|r2|n30|b600|EHHO-VC,IMG_0025,159008.jpg,2,EHHO-VC,4,30,600,874526453,4.421710411290049,2,2,2,600,True,11.252848500036635,13,13,4.421710411290049,0.14614529524741798,0.12908425856460695,4,0,0,nan,235,1565,235,0.8694444444444445
IMG_0025|r3|n30|b600|HHO-VC,IMG_0025,159008.jpg,3,HHO-VC,1,30,600,573505132,4.41346416902853,9,177,135,600,True,15.894142300006934,12,12,4.41346416902853,nan,nan,0,0,0,nan,362,1438,362,0.7988888888888889
IMG_0025|r3|n30|b600|BDA-EHHO-VC-Calibrated,IMG_0025,159008.jpg,3,BDA-EHHO-VC-Calibrated,2,30,600,573505132,4.413431638392012,15,184,141,600,True,27.591877500002738,10,10,4.413431638392012,nan,nan,0,154,146,0.5133333333333333,502,1301,502,0.7215751525235718
IMG_0025|r3|n30|b600|BEHHO-VC-Calibrated,IMG_0025,159008.jpg,3,BEHHO-VC-Calibrated,3,30,600,573505132,4.4140689588138935,5,180,160,600,True,31.810690099955536,20,20,4.4140689588138935,0.8736111111111111,0.9022222222222221,0,0,0,nan,550,1253,550,0.694952856350527
IMG_0025|r3|n30|b600|EHHO-VC,IMG_0025,159008.jpg,3,EHHO-VC,4,30,600,573505132,4.41327280339094,10,184,139,600,True,22.26467220002087,13,13,4.41327280339094,0.3904141895333302,0.3814224323481545,0,0,0,nan,386,1414,386,0.7855555555555556
IMG_0025|r4|n30|b600|BDA-EHHO-VC-Calibrated,IMG_0025,159008.jpg,4,BDA-EHHO-VC-Calibrated,1,30,600,1070259837,4.414217498876217,221,115,97,600,True,28.289224400010426,10,10,4.414217498876217,nan,nan,0,144,156,0.48,496,1307,496,0.7249029395452025
IMG_0025|r4|n30|b600|HHO-VC,IMG_0025,159008.jpg,4,HHO-VC,2,30,600,1070259837,4.414478337487469,214,8,98,600,True,19.85437119996641,12,12,4.414478337487469,nan,nan,0,0,0,nan,356,1444,356,0.8022222222222222
IMG_0025|r4|n30|b600|BEHHO-VC-Calibrated,IMG_0025,159008.jpg,4,BEHHO-VC-Calibrated,3,30,600,1070259837,4.414183449258527,241,47,105,600,True,38.54376960004447,20,20,4.414183449258527,0.9395555555555555,0.9298148148148148,0,0,0,nan,639,1164,639,0.6455906821963394
IMG_0025|r4|n30|b600|EHHO-VC,IMG_0025,159008.jpg,4,EHHO-VC,4,30,600,1070259837,4.414478337487469,214,8,98,600,True,20.925991200027056,14,14,4.414478337487469,0.38817653466708396,0.3300143205561125,0,0,0,nan,363,1437,363,0.7983333333333333
IMG_0025|r5|n30|b600|HHO-VC,IMG_0025,159008.jpg,5,HHO-VC,1,30,600,990003289,4.412433502064567,140,83,133,600,True,25.456944600038696,11,11,4.412433502064567,nan,nan,0,0,0,nan,420,1380,420,0.7666666666666667
IMG_0025|r5|n30|b600|EHHO-VC,IMG_0025,159008.jpg,5,EHHO-VC,2,30,600,990003289,4.412433502064567,140,83,133,600,True,23.972400199971162,13,13,4.412433502064567,0.38237051279366435,0.37844389231176995,0,0,0,nan,443,1357,443,0.7538888888888889
IMG_0025|r5|n30|b600|BDA-EHHO-VC-Calibrated,IMG_0025,159008.jpg,5,BDA-EHHO-VC-Calibrated,3,30,600,990003289,4.412541192840606,138,106,151,600,True,28.76695279998239,10,10,4.412541192840606,nan,nan,0,141,159,0.47,504,1299,504,0.7204658901830283
IMG_0025|r5|n30|b600|BEHHO-VC-Calibrated,IMG_0025,159008.jpg,5,BEHHO-VC-Calibrated,4,30,600,990003289,4.412357235540082,215,86,159,600,True,31.21179090003716,20,20,4.412357235540082,0.8701759259259259,0.8194444444444443,0,0,0,nan,504,1299,504,0.7204658901830283
IMG_0026|r1|n30|b600|EHHO-VC,IMG_0026,160068.jpg,1,EHHO-VC,1,30,600,1445797156,4.866043770316086,40,128,118,600,True,20.532359800010454,14,14,4.866043770316086,0.32574108026393916,0.2821967165761354,0,0,0,nan,431,1369,431,0.7605555555555555
IMG_0026|r1|n30|b600|HHO-VC,IMG_0026,160068.jpg,1,HHO-VC,2,30,600,1445797156,4.866043770316086,40,128,118,600,True,20.879837099986617,12,12,4.866043770316086,nan,nan,0,0,0,nan,397,1403,397,0.7794444444444445
IMG_0026|r1|n30|b600|BEHHO-VC-Calibrated,IMG_0026,160068.jpg,1,BEHHO-VC-Calibrated,3,30,600,1445797156,4.866350778858065,105,140,58,600,True,28.683252300019376,20,20,4.866350778858065,0.8822314814814813,0.8181481481481482,0,0,0,nan,530,1273,530,0.7060454797559623
IMG_0026|r1|n30|b600|BDA-EHHO-VC-Calibrated,IMG_0026,160068.jpg,1,BDA-EHHO-VC-Calibrated,4,30,600,1445797156,4.8649108540031625,36,242,58,600,True,27.680941300000995,10,10,4.8649108540031625,nan,nan,0,144,156,0.48,500,1303,500,0.7226844148641154
IMG_0026|r2|n30|b600|EHHO-VC,IMG_0026,160068.jpg,2,EHHO-VC,1,30,600,2108955168,4.863654673654339,2,9,255,600,True,14.458218400017358,13,13,4.863654673654339,0.3253250864824885,0.2571098997579067,0,0,0,nan,260,1540,260,0.8555555555555555
IMG_0026|r2|n30|b600|BDA-EHHO-VC-Calibrated,IMG_0026,160068.jpg,2,BDA-EHHO-VC-Calibrated,2,30,600,2108955168,4.864801564601331,2,12,232,600,True,27.603305800003,10,10,4.864801564601331,nan,nan,0,132,168,0.44,487,1316,487,0.7298946200776484
IMG_0026|r2|n30|b600|BEHHO-VC-Calibrated,IMG_0026,160068.jpg,2,BEHHO-VC-Calibrated,3,30,600,2108955168,4.864156255758221,2,8,4,600,True,29.8974678000086,20,20,4.864156255758221,0.7974629629629632,0.830925925925926,7,0,0,nan,504,1299,504,0.7204658901830283
IMG_0026|r2|n30|b600|HHO-VC,IMG_0026,160068.jpg,2,HHO-VC,4,30,600,2108955168,4.8635081655626164,2,9,233,600,True,15.409477800014429,11,11,4.8635081655626164,nan,nan,0,0,0,nan,262,1538,262,0.8544444444444445
IMG_0026|r3|n30|b600|BEHHO-VC-Calibrated,IMG_0026,160068.jpg,3,BEHHO-VC-Calibrated,1,30,600,569037734,4.8672792844359565,3,11,151,600,True,35.73588049999671,20,20,4.8672792844359565,0.9253055555555557,0.9072222222222223,0,0,0,nan,611,1192,611,0.6611203549639489
IMG_0026|r3|n30|b600|HHO-VC,IMG_0026,160068.jpg,3,HHO-VC,2,30,600,569037734,4.865900291285182,8,3,3,600,True,15.369483800022863,11,11,4.865900291285182,nan,nan,0,0,0,nan,276,1524,276,0.8466666666666667
IMG_0026|r3|n30|b600|EHHO-VC,IMG_0026,160068.jpg,3,EHHO-VC,3,30,600,569037734,4.866614849106224,23,12,3,600,True,15.244435599946883,13,13,4.866614849106224,0.18374760609647214,0.041236884041164316,0,0,0,nan,271,1529,271,0.8494444444444444
IMG_0026|r3|n30|b600|BDA-EHHO-VC-Calibrated,IMG_0026,160068.jpg,3,BDA-EHHO-VC-Calibrated,4,30,600,569037734,4.867557002652117,2,49,86,600,True,28.906932000012603,10,10,4.867557002652117,nan,nan,0,138,162,0.46,500,1303,500,0.7226844148641154
IMG_0026|r4|n30|b600|HHO-VC,IMG_0026,160068.jpg,4,HHO-VC,1,30,600,1760373377,4.861587729561675,11,2,2,600,True,12.608142599987332,11,11,4.861587729561675,nan,nan,0,0,0,nan,219,1581,219,0.8783333333333333
IMG_0026|r4|n30|b600|BDA-EHHO-VC-Calibrated,IMG_0026,160068.jpg,4,BDA-EHHO-VC-Calibrated,2,30,600,1760373377,4.861987910268942,29,27,2,600,True,31.649309500004165,10,10,4.861987910268942,nan,nan,0,145,155,0.48333333333333334,524,1279,524,0.7093732667775929
IMG_0026|r4|n30|b600|BEHHO-VC-Calibrated,IMG_0026,160068.jpg,4,BEHHO-VC-Calibrated,3,30,600,1760373377,4.861650512653767,72,2,2,600,True,26.17985030001728,20,20,4.861650512653767,0.685138888888889,0.6890740740740741,9,0,0,nan,444,1359,444,0.7537437603993344
IMG_0026|r4|n30|b600|EHHO-VC,IMG_0026,160068.jpg,4,EHHO-VC,4,30,600,1760373377,4.8613250915367505,29,2,2,600,True,12.489073699980509,13,13,4.8613250915367505,0.17688343713126964,0.1223033501884853,0,0,0,nan,221,1579,221,0.8772222222222222
IMG_0026|r5|n30|b600|BDA-EHHO-VC-Calibrated,IMG_0026,160068.jpg,5,BDA-EHHO-VC-Calibrated,1,30,600,151945924,4.86311884701458,203,60,2,600,True,29.506530899961945,10,10,4.86311884701458,nan,nan,0,135,165,0.45,504,1299,504,0.7204658901830283
IMG_0026|r5|n30|b600|HHO-VC,IMG_0026,160068.jpg,5,HHO-VC,2,30,600,151945924,4.864619381914422,2,2,2,600,True,8.676431400002912,12,12,4.864619381914422,nan,nan,0,0,0,nan,153,1647,153,0.915
IMG_0026|r5|n30|b600|EHHO-VC,IMG_0026,160068.jpg,5,EHHO-VC,3,30,600,151945924,4.864619381914422,2,2,2,600,True,10.165095200005453,13,13,4.864619381914422,0.10922904416587403,0.06865102992271231,5,0,0,nan,198,1602,198,0.89
IMG_0026|r5|n30|b600|BEHHO-VC-Calibrated,IMG_0026,160068.jpg,5,BEHHO-VC-Calibrated,4,30,600,151945924,4.862205793398828,206,2,2,600,True,24.53394749999279,20,20,4.862205793398828,0.7783055555555556,0.8635185185185185,4,0,0,nan,455,1348,455,0.747642817526345
IMG_0027|r1|n30|b600|EHHO-VC,IMG_0027,16077.jpg,1,EHHO-VC,1,30,600,31291429,5.042593953177623,195,254,199,600,True,27.291206099966075,13,13,5.042593953177623,0.5655292993768548,0.45504633914797704,0,0,0,nan,477,1323,477,0.735
IMG_0027|r1|n30|b600|BEHHO-VC-Calibrated,IMG_0027,16077.jpg,1,BEHHO-VC-Calibrated,2,30,600,31291429,5.042731534242496,192,230,175,600,True,36.279893499973696,20,20,5.042731534242496,0.939861111111111,0.9337037037037037,0,0,0,nan,622,1181,622,0.6550194120909595
IMG_0027|r1|n30|b600|HHO-VC,IMG_0027,16077.jpg,1,HHO-VC,3,30,600,31291429,5.042614624080796,168,246,204,600,True,25.210780500026885,11,11,5.042614624080796,nan,nan,0,0,0,nan,431,1369,431,0.7605555555555555
IMG_0027|r1|n30|b600|BDA-EHHO-VC-Calibrated,IMG_0027,16077.jpg,1,BDA-EHHO-VC-Calibrated,4,30,600,31291429,5.043037355986931,196,47,214,600,True,28.39881789998617,10,10,5.043037355986931,nan,nan,0,151,149,0.5033333333333333,500,1303,500,0.7226844148641154
IMG_0027|r2|n30|b600|HHO-VC,IMG_0027,16077.jpg,2,HHO-VC,1,30,600,2077463455,5.0339144454128535,12,3,6,600,True,12.731819599983282,12,12,5.0339144454128535,nan,nan,0,0,0,nan,258,1542,258,0.8566666666666667
IMG_0027|r2|n30|b600|BEHHO-VC-Calibrated,IMG_0027,16077.jpg,2,BEHHO-VC-Calibrated,2,30,600,2077463455,5.035341318425204,118,3,101,600,True,29.706824199995026,20,20,5.035341318425204,0.8722037037037037,0.9148148148148149,0,0,0,nan,524,1279,524,0.7093732667775929
IMG_0027|r2|n30|b600|EHHO-VC,IMG_0027,16077.jpg,2,EHHO-VC,3,30,600,2077463455,5.033708396426238,67,3,6,600,True,12.45473930001026,14,14,5.033708396426238,0.17013878937253105,0.13185709143138452,0,0,0,nan,215,1585,215,0.8805555555555555
IMG_0027|r2|n30|b600|BDA-EHHO-VC-Calibrated,IMG_0027,16077.jpg,2,BDA-EHHO-VC-Calibrated,4,30,600,2077463455,5.0340710290937825,41,3,12,600,True,29.874299699964467,10,10,5.034838548689684,nan,nan,0,160,140,0.5333333333333333,528,1275,528,0.7071547420965059
IMG_0027|r3|n30|b600|BEHHO-VC-Calibrated,IMG_0027,16077.jpg,3,BEHHO-VC-Calibrated,1,30,600,1958253300,5.040412755917212,141,5,2,600,True,32.4567746000248,20,20,5.040412755917212,0.8675462962962962,0.8587037037037039,0,0,0,nan,538,1265,538,0.7016084303937882
IMG_0027|r3|n30|b600|HHO-VC,IMG_0027,16077.jpg,3,HHO-VC,2,30,600,1958253300,5.040403038513467,113,76,2,600,True,21.02435309998691,11,11,5.040403038513467,nan,nan,0,0,0,nan,346,1454,346,0.8077777777777778
IMG_0027|r3|n30|b600|BDA-EHHO-VC-Calibrated,IMG_0027,16077.jpg,3,BDA-EHHO-VC-Calibrated,3,30,600,1958253300,5.0405067501643055,118,78,2,600,True,26.678556500002742,10,10,5.0405067501643055,nan,nan,0,134,166,0.44666666666666666,500,1303,500,0.7226844148641154
IMG_0027|r3|n30|b600|EHHO-VC,IMG_0027,16077.jpg,3,EHHO-VC,4,30,600,1958253300,5.04068917560748,56,51,2,600,True,18.158006100042257,13,13,5.04068917560748,0.2574524220559435,0.13212241871893296,0,0,0,nan,326,1474,326,0.8188888888888889
IMG_0027|r4|n30|b600|EHHO-VC,IMG_0027,16077.jpg,4,EHHO-VC,1,30,600,1131176157,5.037554643832821,249,75,255,600,True,27.25888410001062,14,14,5.037554643832821,0.4863521527256883,0.6038734344824515,0,0,0,nan,461,1339,461,0.7438888888888889
IMG_0027|r4|n30|b600|BDA-EHHO-VC-Calibrated,IMG_0027,16077.jpg,4,BDA-EHHO-VC-Calibrated,2,30,600,1131176157,5.036975215775491,2,22,100,600,True,28.8109734999598,10,10,5.036975215775491,nan,nan,0,138,162,0.46,507,1296,507,0.718801996672213
IMG_0027|r4|n30|b600|HHO-VC,IMG_0027,16077.jpg,4,HHO-VC,3,30,600,1131176157,5.037871018796969,141,42,255,600,True,22.631283900002018,12,12,5.037871018796969,nan,nan,0,0,0,nan,393,1407,393,0.7816666666666666
IMG_0027|r4|n30|b600|BEHHO-VC-Calibrated,IMG_0027,16077.jpg,4,BEHHO-VC-Calibrated,4,30,600,1131176157,5.037736594764044,2,64,81,600,True,31.16785450000316,20,20,5.037736594764044,0.8538055555555555,0.8657407407407408,0,0,0,nan,546,1257,546,0.697171381031614
IMG_0027|r5|n30|b600|HHO-VC,IMG_0027,16077.jpg,5,HHO-VC,1,30,600,1410565269,5.04040558863267,8,254,2,600,True,12.347746999992523,12,12,5.04040558863267,nan,nan,0,0,0,nan,265,1535,265,0.8527777777777777
IMG_0027|r5|n30|b600|BDA-EHHO-VC-Calibrated,IMG_0027,16077.jpg,5,BDA-EHHO-VC-Calibrated,2,30,600,1410565269,5.042061467824651,33,246,2,600,True,28.778905600018334,10,10,5.042381107148056,nan,nan,0,143,157,0.4766666666666667,503,1300,503,0.7210205213533001
IMG_0027|r5|n30|b600|BEHHO-VC-Calibrated,IMG_0027,16077.jpg,5,BEHHO-VC-Calibrated,3,30,600,1410565269,5.041764254632548,8,4,2,600,True,24.000022799998987,20,20,5.041764254632548,0.5734629629629631,0.3307407407407408,12,0,0,nan,402,1401,402,0.7770382695507487
IMG_0027|r5|n30|b600|EHHO-VC,IMG_0027,16077.jpg,5,EHHO-VC,4,30,600,1410565269,5.04040558863267,8,254,2,600,True,16.51028629997745,14,14,5.04040558863267,0.3622313077634624,0.3928000901434808,0,0,0,nan,271,1529,271,0.8494444444444444
IMG_0028|r1|n30|b600|BEHHO-VC-Calibrated,IMG_0028,163085.jpg,1,BEHHO-VC-Calibrated,1,30,600,1045049547,4.984800587266652,4,65,54,600,True,32.583842499996535,20,20,4.984800587266652,0.890962962962963,0.9325925925925925,0,0,0,nan,583,1220,583,0.6766500277315585
IMG_0028|r1|n30|b600|BDA-EHHO-VC-Calibrated,IMG_0028,163085.jpg,1,BDA-EHHO-VC-Calibrated,2,30,600,1045049547,4.9853713988344355,4,108,71,600,True,29.40433829999529,10,10,4.985560505992539,nan,nan,0,151,149,0.5033333333333333,518,1285,518,0.7127010537992235
IMG_0028|r1|n30|b600|HHO-VC,IMG_0028,163085.jpg,1,HHO-VC,3,30,600,1045049547,4.985860975739789,2,100,26,600,True,17.71257259999402,12,12,4.985860975739789,nan,nan,0,0,0,nan,291,1509,291,0.8383333333333334
IMG_0028|r1|n30|b600|EHHO-VC,IMG_0028,163085.jpg,1,EHHO-VC,4,30,600,1045049547,4.985806428498388,2,101,23,600,True,17.285061399976257,14,14,4.985806428498388,0.2596544910691449,0.19249399466725947,0,0,0,nan,296,1504,296,0.8355555555555556
IMG_0028|r2|n30|b600|EHHO-VC,IMG_0028,163085.jpg,2,EHHO-VC,1,30,600,1593296519,4.984461388215854,2,6,2,600,True,9.246871500043198,14,14,4.984461388215854,0.09698525533925259,0.07580566754482355,5,0,0,nan,194,1606,194,0.8922222222222222
IMG_0028|r2|n30|b600|HHO-VC,IMG_0028,163085.jpg,2,HHO-VC,2,30,600,1593296519,4.984461388215854,2,6,2,600,True,9.711274100001901,12,12,4.984461388215854,nan,nan,0,0,0,nan,170,1630,170,0.9055555555555556
IMG_0028|r2|n30|b600|BDA-EHHO-VC-Calibrated,IMG_0028,163085.jpg,2,BDA-EHHO-VC-Calibrated,3,30,600,1593296519,4.98494328312496,2,64,2,600,True,29.312794500030577,10,10,4.985288442280523,nan,nan,0,139,161,0.4633333333333333,483,1320,483,0.7321131447587355
IMG_0028|r2|n30|b600|BEHHO-VC-Calibrated,IMG_0028,163085.jpg,2,BEHHO-VC-Calibrated,4,30,600,1593296519,4.984535289999248,2,33,2,600,True,22.267116500006523,20,20,4.984535289999248,0.6418981481481482,0.6238888888888889,12,0,0,nan,435,1368,435,0.7587354409317804
IMG_0028|r3|n30|b600|BEHHO-VC-Calibrated,IMG_0028,163085.jpg,3,BEHHO-VC-Calibrated,1,30,600,1678254406,4.983254391118682,255,239,247,600,True,27.700129899953026,20,20,4.983254391118682,0.8261203703703703,0.8094444444444445,1,0,0,nan,505,1298,505,0.7199112590127565
IMG_0028|r3|n30|b600|EHHO-VC,IMG_0028,163085.jpg,3,EHHO-VC,2,30,600,1678254406,4.983265781231469,255,239,255,600,True,27.10802629997488,13,13,4.983265781231469,0.5676804324542319,0.6001288057937822,0,0,0,nan,475,1325,475,0.7361111111111112
IMG_0028|r3|n30|b600|HHO-VC,IMG_0028,163085.jpg,3,HHO-VC,3,30,600,1678254406,4.983272096504995,255,241,255,600,True,24.249928599980194,11,11,4.983272096504995,nan,nan,0,0,0,nan,434,1366,434,0.7588888888888888
IMG_0028|r3|n30|b600|BDA-EHHO-VC-Calibrated,IMG_0028,163085.jpg,3,BDA-EHHO-VC-Calibrated,4,30,600,1678254406,4.9834073318582774,209,170,199,600,True,27.907929800043348,10,10,4.9834073318582774,nan,nan,0,153,147,0.51,507,1296,507,0.718801996672213
IMG_0028|r4|n30|b600|BEHHO-VC-Calibrated,IMG_0028,163085.jpg,4,BEHHO-VC-Calibrated,1,30,600,518687100,4.984841560486938,4,2,180,600,True,28.689271299983375,20,20,4.984841560486938,0.7278148148148149,0.7103703703703704,8,0,0,nan,488,1315,488,0.7293399889073766
IMG_0028|r4|n30|b600|HHO-VC,IMG_0028,163085.jpg,4,HHO-VC,2,30,600,518687100,4.985997670958963,2,2,2,600,True,8.17086549999658,12,12,4.985997670958963,nan,nan,0,0,0,nan,148,1652,148,0.9177777777777778
IMG_0028|r4|n30|b600|BDA-EHHO-VC-Calibrated,IMG_0028,163085.jpg,4,BDA-EHHO-VC-Calibrated,3,30,600,518687100,4.985358708204571,31,6,183,600,True,29.04350600001635,10,10,4.985358708204571,nan,nan,0,141,159,0.47,509,1294,509,0.7176927343316695
IMG_0028|r4|n30|b600|EHHO-VC,IMG_0028,163085.jpg,4,EHHO-VC,4,30,600,518687100,4.985674914293425,5,2,2,600,True,11.635939699946903,14,14,4.985674914293425,0.12594108315388186,0.008756582089986214,5,0,0,nan,206,1594,206,0.8855555555555555
IMG_0028|r5|n30|b600|HHO-VC,IMG_0028,163085.jpg,5,HHO-VC,1,30,600,1026521226,4.985983527433434,46,229,34,600,True,18.018098499975167,11,11,4.985983527433434,nan,nan,0,0,0,nan,333,1467,333,0.815
IMG_0028|r5|n30|b600|EHHO-VC,IMG_0028,163085.jpg,5,EHHO-VC,2,30,600,1026521226,4.985983527433434,46,229,34,600,True,19.649873100046534,13,13,4.985983527433434,0.35200902259157985,0.4162963859925089,0,0,0,nan,345,1455,345,0.8083333333333333
IMG_0028|r5|n30|b600|BEHHO-VC-Calibrated,IMG_0028,163085.jpg,5,BEHHO-VC-Calibrated,3,30,600,1026521226,4.986287836365927,72,4,34,600,True,31.010285500029568,20,20,4.986287836365927,0.8841574074074074,0.9075925925925926,0,0,0,nan,538,1265,538,0.7016084303937882
IMG_0028|r5|n30|b600|BDA-EHHO-VC-Calibrated,IMG_0028,163085.jpg,5,BDA-EHHO-VC-Calibrated,4,30,600,1026521226,4.986177123278669,74,245,15,600,True,29.5385611000238,10,10,4.986177123278669,nan,nan,0,162,138,0.54,499,1304,499,0.7232390460343872
IMG_0029|r1|n30|b600|EHHO-VC,IMG_0029,167062.jpg,1,EHHO-VC,1,30,600,1137037270,3.4051348001475907,5,116,182,600,True,19.64638919994468,13,13,3.4051348001475907,0.39835609108826603,0.4452289802748446,0,0,0,nan,364,1436,364,0.7977777777777778
IMG_0029|r1|n30|b600|HHO-VC,IMG_0029,167062.jpg,1,HHO-VC,2,30,600,1137037270,3.405175056768164,5,141,221,600,True,17.979080000019167,11,11,3.405175056768164,nan,nan,0,0,0,nan,333,1467,333,0.815
IMG_0029|r1|n30|b600|BDA-EHHO-VC-Calibrated,IMG_0029,167062.jpg,1,BDA-EHHO-VC-Calibrated,3,30,600,1137037270,3.4046639268791714,5,211,184,600,True,28.256217899965122,10,10,3.404940795946288,nan,nan,0,135,165,0.45,509,1294,509,0.7176927343316695
IMG_0029|r1|n30|b600|BEHHO-VC-Calibrated,IMG_0029,167062.jpg,1,BEHHO-VC-Calibrated,4,30,600,1137037270,3.4046319491495907,5,221,161,600,True,27.253590199979953,20,20,3.4046319491495907,0.9051296296296296,0.9364814814814815,0,0,0,nan,541,1262,541,0.6999445368829729
IMG_0029|r2|n30|b600|BEHHO-VC-Calibrated,IMG_0029,167062.jpg,2,BEHHO-VC-Calibrated,1,30,600,804646307,3.4066805620809872,205,57,220,600,True,32.92526099999668,20,20,3.4066805620809872,0.9487685185185187,0.9555555555555554,0,0,0,nan,631,1172,631,0.6500277315585136
IMG_0029|r2|n30|b600|BDA-EHHO-VC-Calibrated,IMG_0029,167062.jpg,2,BDA-EHHO-VC-Calibrated,2,30,600,804646307,3.4061677976313134,37,52,246,600,True,25.057236500026193,10,10,3.4061677976313134,nan,nan,0,152,148,0.5066666666666667,491,1312,491,0.7276760953965613
IMG_0029|r2|n30|b600|HHO-VC,IMG_0029,167062.jpg,2,HHO-VC,3,30,600,804646307,3.405866699136149,255,63,241,600,True,22.530049099994358,12,12,3.405866699136149,nan,nan,0,0,0,nan,424,1376,424,0.7644444444444445
IMG_0029|r2|n30|b600|EHHO-VC,IMG_0029,167062.jpg,2,EHHO-VC,4,30,600,804646307,3.4059801606926645,228,57,226,600,True,22.728755699994508,14,14,3.4059801606926645,0.4973190414490257,0.4442001670298911,0,0,0,nan,450,1350,450,0.75
IMG_0029|r3|n30|b600|HHO-VC,IMG_0029,167062.jpg,3,HHO-VC,1,30,600,1370338169,3.41571544957732,173,169,165,600,True,23.10661220003385,12,12,3.41571544957732,nan,nan,0,0,0,nan,461,1339,461,0.7438888888888889
IMG_0029|r3|n30|b600|BDA-EHHO-VC-Calibrated,IMG_0029,167062.jpg,3,BDA-EHHO-VC-Calibrated,2,30,600,1370338169,3.4153121970955347,157,203,249,600,True,27.67137349996483,10,10,3.4153801253448477,nan,nan,0,156,144,0.52,505,1298,505,0.7199112590127565
IMG_0029|r3|n30|b600|EHHO-VC,IMG_0029,167062.jpg,3,EHHO-VC,3,30,600,1370338169,3.4155364417419922,170,171,167,600,True,28.669289499986917,14,14,3.4155364417419922,0.49148528648256434,0.5421869185165273,0,0,0,nan,495,1305,495,0.725
IMG_0029|r3|n30|b600|BEHHO-VC-Calibrated,IMG_0029,167062.jpg,3,BEHHO-VC-Calibrated,4,30,600,1370338169,3.4153385913814063,159,187,235,600,True,25.60917889996199,20,20,3.4153385913814063,0.8341759259259259,0.84,0,0,0,nan,460,1343,460,0.7448696616749861
IMG_0029|r4|n30|b600|BDA-EHHO-VC-Calibrated,IMG_0029,167062.jpg,4,BDA-EHHO-VC-Calibrated,1,30,600,2091025123,3.4078016947994434,253,191,22,600,True,28.385604599956423,10,10,3.4078016947994434,nan,nan,0,156,144,0.52,486,1317,486,0.7304492512479202
IMG_0029|r4|n30|b600|HHO-VC,IMG_0029,167062.jpg,4,HHO-VC,2,30,600,2091025123,3.407789425510469,238,222,3,600,True,21.010830299986992,11,11,3.407789425510469,nan,nan,0,0,0,nan,379,1421,379,0.7894444444444444
IMG_0029|r4|n30|b600|BEHHO-VC-Calibrated,IMG_0029,167062.jpg,4,BEHHO-VC-Calibrated,3,30,600,2091025123,3.4083693902026972,244,197,24,600,True,32.78326039999956,20,20,3.4083693902026972,0.9422314814814815,0.9453703703703704,0,0,0,nan,624,1179,624,0.653910149750416
IMG_0029|r4|n30|b600|EHHO-VC,IMG_0029,167062.jpg,4,EHHO-VC,4,30,600,2091025123,3.4080135406275964,215,222,5,600,True,21.25066679995507,13,13,3.4080135406275964,0.4588741577741931,0.4411242848652532,0,0,0,nan,394,1406,394,0.7811111111111111
IMG_0029|r5|n30|b600|BDA-EHHO-VC-Calibrated,IMG_0029,167062.jpg,5,BDA-EHHO-VC-Calibrated,1,30,600,1983243451,3.398681551031111,204,200,37,600,True,26.073252599977423,10,10,3.398681551031111,nan,nan,0,141,159,0.47,499,1304,499,0.7232390460343872
IMG_0029|r5|n30|b600|BEHHO-VC-Calibrated,IMG_0029,167062.jpg,5,BEHHO-VC-Calibrated,2,30,600,1983243451,3.398526131649687,4,65,33,600,True,28.432154699985404,20,20,3.398526131649687,0.8539814814814815,0.8703703703703703,3,0,0,nan,532,1271,532,0.7049362174154188
IMG_0029|r5|n30|b600|HHO-VC,IMG_0029,167062.jpg,5,HHO-VC,3,30,600,1983243451,3.39794022250131,10,199,37,600,True,16.787809900008142,12,12,3.39794022250131,nan,nan,0,0,0,nan,310,1490,310,0.8277777777777777
IMG_0029|r5|n30|b600|EHHO-VC,IMG_0029,167062.jpg,5,EHHO-VC,4,30,600,1983243451,3.39794022250131,10,199,37,600,True,15.601853500003926,13,13,3.39794022250131,0.3559166053184464,0.38183140543073485,0,0,0,nan,314,1486,314,0.8255555555555556
IMG_0030|r1|n30|b600|BDA-EHHO-VC-Calibrated,IMG_0030,167083.jpg,1,BDA-EHHO-VC-Calibrated,1,30,600,1025441815,4.849681839596319,142,6,112,600,True,30.489098299993202,10,10,4.849681839596319,nan,nan,0,136,164,0.4533333333333333,519,1284,519,0.7121464226289518
IMG_0030|r1|n30|b600|EHHO-VC,IMG_0030,167083.jpg,1,EHHO-VC,2,30,600,1025441815,4.849751751891559,163,228,100,600,True,27.206162700022105,14,14,4.849751751891559,0.48412486764166957,0.5146373342654899,0,0,0,nan,475,1325,475,0.7361111111111112
IMG_0030|r1|n30|b600|HHO-VC,IMG_0030,167083.jpg,1,HHO-VC,3,30,600,1025441815,4.849751751891559,163,228,100,600,True,25.011475100007374,12,12,4.849751751891559,nan,nan,0,0,0,nan,425,1375,425,0.7638888888888888
IMG_0030|r1|n30|b600|BEHHO-VC-Calibrated,IMG_0030,167083.jpg,1,BEHHO-VC-Calibrated,4,30,600,1025441815,4.84989693070935,14,191,69,600,True,36.58122719998937,20,20,4.84989693070935,0.9539537037037036,0.9657407407407407,0,0,0,nan,642,1161,642,0.6439267886855241
IMG_0030|r2|n30|b600|EHHO-VC,IMG_0030,167083.jpg,2,EHHO-VC,1,30,600,475635317,4.85338920925762,36,33,3,600,True,21.347614000027534,13,13,4.85338920925762,0.23899166926465015,0.09153210446026211,0,0,0,nan,347,1453,347,0.8072222222222222
IMG_0030|r2|n30|b600|HHO-VC,IMG_0030,167083.jpg,2,HHO-VC,2,30,600,475635317,4.853680852387661,68,37,2,600,True,16.409220699977595,11,11,4.853680852387661,nan,nan,0,0,0,nan,313,1487,313,0.8261111111111111
IMG_0030|r2|n30|b600|BEHHO-VC-Calibrated,IMG_0030,167083.jpg,2,BEHHO-VC-Calibrated,3,30,600,475635317,4.853417044226637,42,64,3,600,True,29.97582389996387,20,20,4.853417044226637,0.8271111111111111,0.8329629629629629,3,0,0,nan,517,1286,517,0.7132556849694953
IMG_0030|r2|n30|b600|BDA-EHHO-VC-Calibrated,IMG_0030,167083.jpg,2,BDA-EHHO-VC-Calibrated,4,30,600,475635317,4.853463351833662,36,64,2,600,True,31.744637999974657,10,10,4.853463351833662,nan,nan,0,162,138,0.54,503,1300,503,0.7210205213533001
IMG_0030|r3|n30|b600|BEHHO-VC-Calibrated,IMG_0030,167083.jpg,3,BEHHO-VC-Calibrated,1,30,600,846904553,4.851874732589244,2,114,11,600,True,28.431834399991203,20,20,4.851874732589244,0.7892037037037036,0.759074074074074,3,0,0,nan,457,1346,457,0.7465335551858014
IMG_0030|r3|n30|b600|HHO-VC,IMG_0030,167083.jpg,3,HHO-VC,2,30,600,846904553,4.851916920983286,194,223,34,600,True,21.616052399971522,12,12,4.851916920983286,nan,nan,0,0,0,nan,392,1408,392,0.7822222222222223
IMG_0030|r3|n30|b600|BDA-EHHO-VC-Calibrated,IMG_0030,167083.jpg,3,BDA-EHHO-VC-Calibrated,3,30,600,846904553,4.851098719784493,190,146,11,600,True,30.02191330003552,10,10,4.851098719784493,nan,nan,0,158,142,0.5266666666666666,495,1308,495,0.7254575707154742
IMG_0030|r3|n30|b600|EHHO-VC,IMG_0030,167083.jpg,3,EHHO-VC,4,30,600,846904553,4.85165164077931,50,55,11,600,True,18.20979210000951,13,13,4.85165164077931,0.2618370785644736,0.1454009533969566,0,0,0,nan,349,1451,349,0.8061111111111111
IMG_0030|r4|n30|b600|EHHO-VC,IMG_0030,167083.jpg,4,EHHO-VC,1,30,600,1282725504,4.854610281001392,2,2,2,600,True,11.30380029999651,14,14,4.854610281001392,0.11593050011390722,0.00801175158748329,5,0,0,nan,189,1611,189,0.895
IMG_0030|r4|n30|b600|HHO-VC,IMG_0030,167083.jpg,4,HHO-VC,2,30,600,1282725504,4.854610281001392,2,2,2,600,True,9.656059100001585,12,12,4.854610281001392,nan,nan,0,0,0,nan,151,1649,151,0.9161111111111111
IMG_0030|r4|n30|b600|BEHHO-VC-Calibrated,IMG_0030,167083.jpg,4,BEHHO-VC-Calibrated,3,30,600,1282725504,4.854289079067812,237,255,255,600,True,27.94626930000959,20,20,4.854289079067812,0.7846018518518518,0.7848148148148147,4,0,0,nan,513,1290,513,0.7154742096505824
IMG_0030|r4|n30|b600|BDA-EHHO-VC-Calibrated,IMG_0030,167083.jpg,4,BDA-EHHO-VC-Calibrated,4,30,600,1282725504,4.85442186883308,227,253,253,600,True,29.287498100020457,10,10,4.85442186883308,nan,nan,0,144,156,0.48,499,1304,499,0.7232390460343872
IMG_0030|r5|n30|b600|EHHO-VC,IMG_0030,167083.jpg,5,EHHO-VC,1,30,600,9784332,4.851691285225765,6,2,10,600,True,15.890803499962203,14,14,4.851691285225765,0.19805433649204637,0.15011895721974122,1,0,0,nan,308,1492,308,0.8288888888888889
IMG_0030|r5|n30|b600|BEHHO-VC-Calibrated,IMG_0030,167083.jpg,5,BEHHO-VC-Calibrated,2,30,600,9784332,4.851922653111941,6,2,152,600,True,33.201533500046935,20,20,4.851922653111941,0.81375,0.8198148148148148,3,0,0,nan,554,1249,554,0.6927343316694399
IMG_0030|r5|n30|b600|BDA-EHHO-VC-Calibrated,IMG_0030,167083.jpg,5,BDA-EHHO-VC-Calibrated,3,30,600,9784332,4.851549783997686,6,75,195,600,True,29.367677200003527,10,10,4.851549783997686,nan,nan,0,137,163,0.45666666666666667,510,1293,510,0.7171381031613977
IMG_0030|r5|n30|b600|HHO-VC,IMG_0030,167083.jpg,5,HHO-VC,4,30,600,9784332,4.852199242662317,3,2,10,600,True,16.9748874999932,12,12,4.852199242662317,nan,nan,0,0,0,nan,300,1500,300,0.8333333333333334
IMG_0031|r1|n30|b600|EHHO-VC,IMG_0031,170057.jpg,1,EHHO-VC,1,30,600,2110972731,5.42640430945545,144,153,39,600,True,23.735473300039303,13,13,5.42640430945545,0.37232031990137515,0.31741194748891094,0,0,0,nan,426,1374,426,0.7633333333333333
IMG_0031|r1|n30|b600|BDA-EHHO-VC-Calibrated,IMG_0031,170057.jpg,1,BDA-EHHO-VC-Calibrated,2,30,600,2110972731,5.426235736824265,35,155,60,600,True,29.454230700037442,10,10,5.426235736824265,nan,nan,0,156,144,0.52,492,1311,492,0.7271214642262895
IMG_0031|r1|n30|b600|HHO-VC,IMG_0031,170057.jpg,1,HHO-VC,3,30,600,2110972731,5.426487190090758,140,150,39,600,True,21.59218650002731,12,12,5.426487190090758,nan,nan,0,0,0,nan,392,1408,392,0.7822222222222223
IMG_0031|r1|n30|b600|BEHHO-VC-Calibrated,IMG_0031,170057.jpg,1,BEHHO-VC-Calibrated,4,30,600,2110972731,5.426663855910434,15,184,39,600,True,35.198297399969306,20,20,5.426663855910434,0.9390555555555556,0.9633333333333333,0,0,0,nan,631,1172,631,0.6500277315585136
IMG_0031|r2|n30|b600|HHO-VC,IMG_0031,170057.jpg,2,HHO-VC,1,30,600,762664209,5.4263350156373775,255,255,255,600,True,26.98972660000436,11,11,5.4263350156373775,nan,nan,0,0,0,nan,442,1358,442,0.7544444444444445
IMG_0031|r2|n30|b600|EHHO-VC,IMG_0031,170057.jpg,2,EHHO-VC,2,30,600,762664209,5.4263350156373775,255,255,255,600,True,28.31429259997094,13,13,5.4263350156373775,0.568210110220534,0.5292534291115302,0,0,0,nan,470,1330,470,0.7388888888888889
IMG_0031|r2|n30|b600|BEHHO-VC-Calibrated,IMG_0031,170057.jpg,2,BEHHO-VC-Calibrated,3,30,600,762664209,5.426097712522132,255,255,223,600,True,20.62135859997943,20,20,5.426097712522132,0.48367592592592584,0.5281481481481481,16,0,0,nan,359,1444,359,0.8008874098724348
IMG_0031|r2|n30|b600|BDA-EHHO-VC-Calibrated,IMG_0031,170057.jpg,2,BDA-EHHO-VC-Calibrated,4,30,600,762664209,5.426444032777108,121,99,243,600,True,28.661554599995725,10,10,5.426488037134711,nan,nan,0,141,159,0.47,487,1316,487,0.7298946200776484
IMG_0031|r3|n30|b600|BDA-EHHO-VC-Calibrated,IMG_0031,170057.jpg,3,BDA-EHHO-VC-Calibrated,1,30,600,640738169,5.4291169416426115,148,2,54,600,True,27.60676009999588,10,10,5.4295254237174495,nan,nan,0,149,151,0.49666666666666665,501,1302,501,0.7221297836938436
IMG_0031|r3|n30|b600|BEHHO-VC-Calibrated,IMG_0031,170057.jpg,3,BEHHO-VC-Calibrated,2,30,600,640738169,5.428656199055207,2,2,36,600,True,27.00244870001916,20,20,5.428656199055207,0.7583796296296297,0.6498148148148148,7,0,0,nan,480,1323,480,0.7337770382695508
IMG_0031|r3|n30|b600|HHO-VC,IMG_0031,170057.jpg,3,HHO-VC,3,30,600,640738169,5.429915035371576,3,3,3,600,True,8.093101999955252,12,12,5.429915035371576,nan,nan,0,0,0,nan,155,1645,155,0.9138888888888889
IMG_0031|r3|n30|b600|EHHO-VC,IMG_0031,170057.jpg,3,EHHO-VC,4,30,600,640738169,5.429850170057908,6,6,6,600,True,12.178852599987295,14,14,5.429850170057908,0.11743332801934868,0.16785582171072652,6,0,0,nan,201,1599,201,0.8883333333333333
IMG_0031|r4|n30|b600|BEHHO-VC-Calibrated,IMG_0031,170057.jpg,4,BEHHO-VC-Calibrated,1,30,600,1632939650,5.42555648178838,63,237,66,600,True,32.4414703999646,20,20,5.42555648178838,0.9319351851851854,0.9422222222222222,0,0,0,nan,601,1202,601,0.6666666666666666
IMG_0031|r4|n30|b600|EHHO-VC,IMG_0031,170057.jpg,4,EHHO-VC,2,30,600,1632939650,5.425208940301654,3,241,255,600,True,16.822286700014956,13,13,5.425208940301654,0.49504393838270466,0.5655467067665445,0,0,0,nan,342,1458,342,0.81
IMG_0031|r4|n30|b600|BDA-EHHO-VC-Calibrated,IMG_0031,170057.jpg,4,BDA-EHHO-VC-Calibrated,3,30,600,1632939650,5.425436166103114,12,233,254,600,True,30.712878399994224,10,10,5.425436166103114,nan,nan,0,153,147,0.51,513,1290,513,0.7154742096505824
IMG_0031|r4|n30|b600|HHO-VC,IMG_0031,170057.jpg,4,HHO-VC,4,30,600,1632939650,5.425208940301654,3,241,255,600,True,19.59090200002538,11,11,5.425208940301654,nan,nan,0,0,0,nan,324,1476,324,0.82
IMG_0031|r5|n30|b600|BDA-EHHO-VC-Calibrated,IMG_0031,170057.jpg,5,BDA-EHHO-VC-Calibrated,1,30,600,442174557,5.421410971887812,229,65,16,600,True,27.328507199999876,10,10,5.42145868014799,nan,nan,0,144,156,0.48,489,1314,489,0.7287853577371048
IMG_0031|r5|n30|b600|EHHO-VC,IMG_0031,170057.jpg,5,EHHO-VC,2,30,600,442174557,5.422287735108061,201,253,56,600,True,20.342428200005088,14,14,5.422287735108061,0.4952296955289244,0.5119926218522884,0,0,0,nan,438,1362,438,0.7566666666666667
IMG_0031|r5|n30|b600|HHO-VC,IMG_0031,170057.jpg,5,HHO-VC,3,30,600,442174557,5.422363359622026,202,255,56,600,True,18.46922700002324,12,12,5.422363359622026,nan,nan,0,0,0,nan,404,1396,404,0.7755555555555556
IMG_0031|r5|n30|b600|BEHHO-VC-Calibrated,IMG_0031,170057.jpg,5,BEHHO-VC-Calibrated,4,30,600,442174557,5.422090404824449,128,64,16,600,True,21.81441230000928,20,20,5.422090404824449,0.7986018518518518,0.6998148148148148,3,0,0,nan,498,1305,498,0.7237936772046589
IMG_0032|r1|n30|b600|BEHHO-VC-Calibrated,IMG_0032,175032.jpg,1,BEHHO-VC-Calibrated,1,30,600,576138604,5.213143233154308,8,32,2,600,True,21.852549699950032,20,20,5.213143233154308,0.7615,0.6998148148148148,4,0,0,nan,480,1323,480,0.7337770382695508
IMG_0032|r1|n30|b600|BDA-EHHO-VC-Calibrated,IMG_0032,175032.jpg,1,BDA-EHHO-VC-Calibrated,2,30,600,576138604,5.213380401026153,253,229,2,600,True,22.954830800008494,10,10,5.21343638264002,nan,nan,0,158,142,0.5266666666666666,520,1283,520,0.71159179145868
IMG_0032|r1|n30|b600|HHO-VC,IMG_0032,175032.jpg,1,HHO-VC,3,30,600,576138604,5.213102267347369,36,3,2,600,True,9.081110800034367,11,11,5.213102267347369,nan,nan,0,0,0,nan,172,1628,172,0.9044444444444445
IMG_0032|r1|n30|b600|EHHO-VC,IMG_0032,175032.jpg,1,EHHO-VC,4,30,600,576138604,5.2129001196124936,21,3,2,600,True,7.443970199965406,13,13,5.2129001196124936,0.1000125626531294,0.03547205306610576,0,0,0,nan,165,1635,165,0.9083333333333333
IMG_0032|r2|n30|b600|BDA-EHHO-VC-Calibrated,IMG_0032,175032.jpg,2,BDA-EHHO-VC-Calibrated,1,30,600,176468503,5.214072160552161,243,252,235,600,True,27.941705200006254,10,10,5.214276040976972,nan,nan,0,135,165,0.45,506,1297,506,0.7193566278424848
IMG_0032|r2|n30|b600|HHO-VC,IMG_0032,175032.jpg,2,HHO-VC,2,30,600,176468503,5.213841690566662,255,255,193,600,True,25.065551300009247,11,11,5.213841690566662,nan,nan,0,0,0,nan,437,1363,437,0.7572222222222222
IMG_0032|r2|n30|b600|EHHO-VC,IMG_0032,175032.jpg,2,EHHO-VC,3,30,600,176468503,5.213841690566662,255,255,193,600,True,28.17168989998754,13,13,5.213841690566662,0.6084871610288618,0.6161990030908963,0,0,0,nan,481,1319,481,0.7327777777777778
IMG_0032|r2|n30|b600|BEHHO-VC-Calibrated,IMG_0032,175032.jpg,2,BEHHO-VC-Calibrated,4,30,600,176468503,5.213850384405367,255,255,191,600,True,26.807507399993483,20,20,5.213850384405367,0.773324074074074,0.8887037037037038,5,0,0,nan,468,1335,468,0.740432612312812
IMG_0032|r3|n30|b600|HHO-VC,IMG_0032,175032.jpg,3,HHO-VC,1,30,600,328676203,5.215315883630186,37,56,12,600,True,14.908530000015162,12,12,5.215315883630186,nan,nan,0,0,0,nan,295,1505,295,0.8361111111111111
IMG_0032|r3|n30|b600|EHHO-VC,IMG_0032,175032.jpg,3,EHHO-VC,2,30,600,328676203,5.215315883630186,37,56,12,600,True,20.529854099964723,14,14,5.215315883630186,0.23651568570796164,0.1384991876747323,0,0,0,nan,356,1444,356,0.8022222222222222
IMG_0032|r3|n30|b600|BEHHO-VC-Calibrated,IMG_0032,175032.jpg,3,BEHHO-VC-Calibrated,3,30,600,328676203,5.215737448589823,48,130,12,600,True,33.839932599978056,20,20,5.215737448589823,0.8888981481481484,0.8246296296296297,0,0,0,nan,559,1244,559,0.689961175818081
IMG_0032|r3|n30|b600|BDA-EHHO-VC-Calibrated,IMG_0032,175032.jpg,3,BDA-EHHO-VC-Calibrated,4,30,600,328676203,5.215305714377274,142,164,12,600,True,29.879983699996956,10,10,5.215305714377274,nan,nan,0,135,165,0.45,508,1295,508,0.7182473655019412
IMG_0032|r4|n30|b600|HHO-VC,IMG_0032,175032.jpg,4,HHO-VC,1,30,600,1092380347,5.214104861291015,46,2,2,600,True,12.123546599992551,11,11,5.214104861291015,nan,nan,0,0,0,nan,220,1580,220,0.8777777777777778
IMG_0032|r4|n30|b600|EHHO-VC,IMG_0032,175032.jpg,4,EHHO-VC,2,30,600,1092380347,5.214104861291015,46,2,2,600,True,11.929649600002449,13,13,5.214104861291015,0.1565322775161084,0.10346748207601733,0,0,0,nan,222,1578,222,0.8766666666666667
IMG_0032|r4|n30|b600|BEHHO-VC-Calibrated,IMG_0032,175032.jpg,4,BEHHO-VC-Calibrated,3,30,600,1092380347,5.213868048286932,71,64,2,600,True,20.244681599957403,20,20,5.213868048286932,0.6452500000000001,0.6642592592592593,13,0,0,nan,365,1438,365,0.7975596228508042
IMG_0032|r4|n30|b600|BDA-EHHO-VC-Calibrated,IMG_0032,175032.jpg,4,BDA-EHHO-VC-Calibrated,4,30,600,1092380347,5.214045184689167,111,20,2,600,True,29.40591749997111,10,10,5.214045184689167,nan,nan,0,144,156,0.48,487,1316,487,0.7298946200776484
IMG_0032|r5|n30|b600|BDA-EHHO-VC-Calibrated,IMG_0032,175032.jpg,5,BDA-EHHO-VC-Calibrated,1,30,600,56996064,5.215261524299663,126,130,5,600,True,31.94017590000294,10,10,5.2153405590942326,nan,nan,0,154,146,0.5133333333333333,519,1284,519,0.7121464226289518
IMG_0032|r5|n30|b600|EHHO-VC,IMG_0032,175032.jpg,5,EHHO-VC,2,30,600,56996064,5.215471731416586,38,255,95,600,True,21.262474399991333,14,14,5.215471731416586,0.39962143876896566,0.37766489037354334,0,0,0,nan,393,1407,393,0.7816666666666666
IMG_0032|r5|n30|b600|BEHHO-VC-Calibrated,IMG_0032,175032.jpg,5,BEHHO-VC-Calibrated,3,30,600,56996064,5.215079884542258,36,129,5,600,True,33.75502440001583,20,20,5.215079884542258,0.9305555555555556,0.9064814814814813,0,0,0,nan,628,1175,628,0.6516916250693289
IMG_0032|r5|n30|b600|HHO-VC,IMG_0032,175032.jpg,5,HHO-VC,4,30,600,56996064,5.215503532527301,21,217,41,600,True,18.625646299973596,12,12,5.215503532527301,nan,nan,0,0,0,nan,338,1462,338,0.8122222222222222
IMG_0033|r1|n30|b600|HHO-VC,IMG_0033,175043.jpg,1,HHO-VC,1,30,600,119763122,5.45020746299782,4,2,2,600,True,10.941393600020092,11,11,5.45020746299782,nan,nan,0,0,0,nan,178,1622,178,0.9011111111111111
IMG_0033|r1|n30|b600|BEHHO-VC-Calibrated,IMG_0033,175043.jpg,1,BEHHO-VC-Calibrated,2,30,600,119763122,5.450190712500837,2,4,2,600,True,20.724936500017066,20,20,5.450190712500837,0.562425925925926,0.5687037037037038,15,0,0,nan,382,1421,382,0.7881308929561841
IMG_0033|r1|n30|b600|BDA-EHHO-VC-Calibrated,IMG_0033,175043.jpg,1,BDA-EHHO-VC-Calibrated,3,30,600,119763122,5.450771142485091,4,208,174,600,True,28.257745900016744,10,10,5.451172126130802,nan,nan,0,135,165,0.45,489,1314,489,0.7287853577371048
IMG_0033|r1|n30|b600|EHHO-VC,IMG_0033,175043.jpg,1,EHHO-VC,4,30,600,119763122,5.45020746299782,4,2,2,600,True,11.935806999972556,13,13,5.45020746299782,0.10782941387250229,0.003502619344717245,6,0,0,nan,211,1589,211,0.8827777777777778
IMG_0033|r2|n30|b600|EHHO-VC,IMG_0033,175043.jpg,2,EHHO-VC,1,30,600,1104232195,5.4490942270941956,7,3,200,600,True,16.55771730002016,13,13,5.4490942270941956,0.33538806174837116,0.3581761148096241,0,0,0,nan,290,1510,290,0.8388888888888889
IMG_0033|r2|n30|b600|BEHHO-VC-Calibrated,IMG_0033,175043.jpg,2,BEHHO-VC-Calibrated,2,30,600,1104232195,5.449221577074542,7,2,252,600,True,35.5686273999745,20,20,5.449221577074542,0.9199074074074074,0.9742592592592593,0,0,0,nan,620,1183,620,0.656128674431503
IMG_0033|r2|n30|b600|HHO-VC,IMG_0033,175043.jpg,2,HHO-VC,3,30,600,1104232195,5.449002341880681,7,3,205,600,True,15.842477400030475,11,11,5.449002341880681,nan,nan,0,0,0,nan,274,1526,274,0.8477777777777777
IMG_0033|r2|n30|b600|BDA-EHHO-VC-Calibrated,IMG_0033,175043.jpg,2,BDA-EHHO-VC-Calibrated,4,30,600,1104232195,5.44943464244453,131,198,210,600,True,29.047757300024386,10,10,5.449478431126567,nan,nan,0,146,154,0.4866666666666667,504,1299,504,0.7204658901830283
IMG_0033|r3|n30|b600|EHHO-VC,IMG_0033,175043.jpg,3,EHHO-VC,1,30,600,287983176,5.448764854966297,189,106,160,600,True,29.843390699999873,13,13,5.448764854966297,0.46610734734912906,0.45361915237321604,0,0,0,nan,473,1327,473,0.7372222222222222
IMG_0033|r3|n30|b600|HHO-VC,IMG_0033,175043.jpg,3,HHO-VC,2,30,600,287983176,5.448631498082744,191,108,162,600,True,26.222649800009094,12,12,5.448631498082744,nan,nan,0,0,0,nan,441,1359,441,0.755
IMG_0033|r3|n30|b600|BDA-EHHO-VC-Calibrated,IMG_0033,175043.jpg,3,BDA-EHHO-VC-Calibrated,3,30,600,287983176,5.4489012393286975,198,106,184,600,True,29.16072179999901,10,10,5.4489012393286975,nan,nan,0,151,149,0.5033333333333333,494,1309,494,0.726012201885746
IMG_0033|r3|n30|b600|BEHHO-VC-Calibrated,IMG_0033,175043.jpg,3,BEHHO-VC-Calibrated,4,30,600,287983176,5.4490274663493485,205,108,197,600,True,32.299246899958234,20,20,5.4490274663493485,0.8912407407407408,0.8640740740740741,0,0,0,nan,506,1297,506,0.7193566278424848
IMG_0033|r4|n30|b600|HHO-VC,IMG_0033,175043.jpg,4,HHO-VC,1,30,600,1608243968,5.448305648587542,195,248,192,600,True,26.09455900004832,11,11,5.448305648587542,nan,nan,0,0,0,nan,451,1349,451,0.7494444444444445
IMG_0033|r4|n30|b600|BEHHO-VC-Calibrated,IMG_0033,175043.jpg,4,BEHHO-VC-Calibrated,2,30,600,1608243968,5.448483726715581,186,249,243,600,True,30.449462899996433,20,20,5.448483726715581,0.8710925925925924,0.9687037037037037,2,0,0,nan,556,1247,556,0.6916250693288963
IMG_0033|r4|n30|b600|EHHO-VC,IMG_0033,175043.jpg,4,EHHO-VC,3,30,600,1608243968,5.448540041026887,211,248,209,600,True,29.53835839999374,13,13,5.448540041026887,0.5820457049137542,0.5808314585668086,0,0,0,nan,491,1309,491,0.7272222222222222
IMG_0033|r4|n30|b600|BDA-EHHO-VC-Calibrated,IMG_0033,175043.jpg,4,BDA-EHHO-VC-Calibrated,4,30,600,1608243968,5.448700658871121,192,2,172,600,True,28.818171999999322,10,10,5.448700658871121,nan,nan,0,144,156,0.48,494,1309,494,0.726012201885746
IMG_0033|r5|n30|b600|BDA-EHHO-VC-Calibrated,IMG_0033,175043.jpg,5,BDA-EHHO-VC-Calibrated,1,30,600,1626211932,5.449415650725267,29,2,5,600,True,26.852347799984273,10,10,5.449415650725267,nan,nan,0,133,167,0.44333333333333336,500,1303,500,0.7226844148641154
IMG_0033|r5|n30|b600|HHO-VC,IMG_0033,175043.jpg,5,HHO-VC,2,30,600,1626211932,5.450512418261155,2,2,5,600,True,11.14228390000062,12,12,5.450512418261155,nan,nan,0,0,0,nan,204,1596,204,0.8866666666666667
IMG_0033|r5|n30|b600|BEHHO-VC-Calibrated,IMG_0033,175043.jpg,5,BEHHO-VC-Calibrated,3,30,600,1626211932,5.4493231741146415,106,2,5,600,True,26.325454299978446,20,20,5.4493231741146415,0.8043981481481483,0.8224074074074075,4,0,0,nan,481,1322,481,0.733222407099279
IMG_0033|r5|n30|b600|EHHO-VC,IMG_0033,175043.jpg,5,EHHO-VC,4,30,600,1626211932,5.450512418261155,2,2,5,600,True,12.749127399991266,13,13,5.450512418261155,0.14810398349949352,0.08965909231904257,4,0,0,nan,234,1566,234,0.87
IMG_0034|r1|n30|b600|EHHO-VC,IMG_0034,182053.jpg,1,EHHO-VC,1,30,600,1049524487,5.271154759462423,10,14,2,600,True,11.501954399980605,13,13,5.271154759462423,0.12090994019262133,0.062384290215886325,2,0,0,nan,212,1588,212,0.8822222222222222
IMG_0034|r1|n30|b600|BDA-EHHO-VC-Calibrated,IMG_0034,182053.jpg,1,BDA-EHHO-VC-Calibrated,2,30,600,1049524487,5.271626709034646,19,249,2,600,True,29.062706500000786,10,10,5.271626709034646,nan,nan,0,158,142,0.5266666666666666,493,1310,493,0.7265668330560178
IMG_0034|r1|n30|b600|BEHHO-VC-Calibrated,IMG_0034,182053.jpg,1,BEHHO-VC-Calibrated,3,30,600,1049524487,5.271228706326704,20,128,2,600,True,28.763957099989057,20,20,5.271228706326704,0.8095648148148147,0.7255555555555556,4,0,0,nan,517,1286,517,0.7132556849694953
IMG_0034|r1|n30|b600|HHO-VC,IMG_0034,182053.jpg,1,HHO-VC,4,30,600,1049524487,5.271560761876638,10,6,2,600,True,14.435849700006656,11,11,5.271560761876638,nan,nan,0,0,0,nan,242,1558,242,0.8655555555555555
IMG_0034|r2|n30|b600|BEHHO-VC-Calibrated,IMG_0034,182053.jpg,2,BEHHO-VC-Calibrated,1,30,600,950738205,5.270464122420394,84,3,32,600,True,24.532555799989495,20,20,5.270464122420394,0.7655925925925926,0.7557407407407407,8,0,0,nan,482,1321,482,0.7326677759290072
IMG_0034|r2|n30|b600|HHO-VC,IMG_0034,182053.jpg,2,HHO-VC,2,30,600,950738205,5.270073038909827,65,3,63,600,True,15.390767099976074,11,11,5.270073038909827,nan,nan,0,0,0,nan,265,1535,265,0.8527777777777777
IMG_0034|r2|n30|b600|BDA-EHHO-VC-Calibrated,IMG_0034,182053.jpg,2,BDA-EHHO-VC-Calibrated,3,30,600,950738205,5.270206155144932,92,3,100,600,True,28.345340800005943,10,10,5.270440340405895,nan,nan,0,138,162,0.46,488,1315,488,0.7293399889073766
IMG_0034|r2|n30|b600|EHHO-VC,IMG_0034,182053.jpg,2,EHHO-VC,4,30,600,950738205,5.26999704969544,64,3,63,600,True,15.24118939996697,13,13,5.26999704969544,0.17648866777287792,0.16812197912476004,0,0,0,nan,275,1525,275,0.8472222222222222
IMG_0034|r3|n30|b600|EHHO-VC,IMG_0034,182053.jpg,3,EHHO-VC,1,30,600,232638079,5.269481636585363,248,172,205,600,True,28.825864300015382,13,13,5.269481636585363,0.5607194836081612,0.5640061249732973,0,0,0,nan,483,1317,483,0.7316666666666667
IMG_0034|r3|n30|b600|BEHHO-VC-Calibrated,IMG_0034,182053.jpg,3,BEHHO-VC-Calibrated,2,30,600,232638079,5.269603810838036,163,2,149,600,True,29.162495700002182,20,20,5.269603810838036,0.9146111111111113,0.9151851851851852,0,0,0,nan,583,1220,583,0.6766500277315585
IMG_0034|r3|n30|b600|BDA-EHHO-VC-Calibrated,IMG_0034,182053.jpg,3,BDA-EHHO-VC-Calibrated,3,30,600,232638079,5.269630764141755,247,175,220,600,True,25.764717100013513,10,10,5.269630764141755,nan,nan,0,140,160,0.4666666666666667,473,1330,473,0.7376594564614531
IMG_0034|r3|n30|b600|HHO-VC,IMG_0034,182053.jpg,3,HHO-VC,4,30,600,232638079,5.269481636585363,248,172,205,600,True,23.316000499995425,11,11,5.269481636585363,nan,nan,0,0,0,nan,440,1360,440,0.7555555555555555
IMG_0034|r4|n30|b600|EHHO-VC,IMG_0034,182053.jpg,4,EHHO-VC,1,30,600,1465186694,5.271984198953296,154,252,2,600,True,19.164490399998613,13,13,5.271984198953296,0.49096327026119285,0.47615424898948683,0,0,0,nan,356,1444,356,0.8022222222222222
IMG_0034|r4|n30|b600|HHO-VC,IMG_0034,182053.jpg,4,HHO-VC,2,30,600,1465186694,5.2720521513954095,156,250,2,600,True,17.389447399997152,11,11,5.2720521513954095,nan,nan,0,0,0,nan,340,1460,340,0.8111111111111111
IMG_0034|r4|n30|b600|BEHHO-VC-Calibrated,IMG_0034,182053.jpg,4,BEHHO-VC-Calibrated,3,30,600,1465186694,5.272707041277667,202,17,2,600,True,29.121360199991614,20,20,5.272707041277667,0.8942407407407409,0.9287037037037037,0,0,0,nan,557,1246,557,0.6910704381586246
IMG_0034|r4|n30|b600|BDA-EHHO-VC-Calibrated,IMG_0034,182053.jpg,4,BDA-EHHO-VC-Calibrated,4,30,600,1465186694,5.273015836092159,169,32,2,600,True,23.17289460002212,10,10,5.273310727752262,nan,nan,0,152,148,0.5066666666666667,494,1309,494,0.726012201885746
IMG_0034|r5|n30|b600|BEHHO-VC-Calibrated,IMG_0034,182053.jpg,5,BEHHO-VC-Calibrated,1,30,600,1132281085,5.273763537519519,202,218,12,600,True,32.22944770002505,20,20,5.273763537519519,0.8900925925925927,0.8359259259259259,0,0,0,nan,560,1243,560,0.6894065446478093
IMG_0034|r5|n30|b600|BDA-EHHO-VC-Calibrated,IMG_0034,182053.jpg,5,BDA-EHHO-VC-Calibrated,2,30,600,1132281085,5.273403370271686,12,104,8,600,True,29.855956299987156,10,10,5.273601975203381,nan,nan,0,164,136,0.5466666666666666,505,1298,505,0.7199112590127565
IMG_0034|r5|n30|b600|EHHO-VC,IMG_0034,182053.jpg,5,EHHO-VC,3,30,600,1132281085,5.273460824400452,21,242,87,600,True,22.804285799968056,14,14,5.273460824400452,0.38472267148975325,0.4248317430783173,0,0,0,nan,376,1424,376,0.7911111111111111
IMG_0034|r5|n30|b600|HHO-VC,IMG_0034,182053.jpg,5,HHO-VC,4,30,600,1132281085,5.272972529175794,3,74,23,600,True,18.95208629994886,12,12,5.272972529175794,nan,nan,0,0,0,nan,312,1488,312,0.8266666666666667
IMG_0035|r1|n30|b600|BEHHO-VC-Calibrated,IMG_0035,189080.jpg,1,BEHHO-VC-Calibrated,1,30,600,822497008,4.731659303180985,64,42,15,600,True,31.20026879996294,20,20,4.731659303180985,0.8869907407407405,0.8918518518518518,0,0,0,nan,538,1265,538,0.7016084303937882
IMG_0035|r1|n30|b600|BDA-EHHO-VC-Calibrated,IMG_0035,189080.jpg,1,BDA-EHHO-VC-Calibrated,2,30,600,822497008,4.73163387904675,34,96,2,600,True,27.511422300012782,10,10,4.73163387904675,nan,nan,0,146,154,0.4866666666666667,495,1308,495,0.7254575707154742
IMG_0035|r1|n30|b600|EHHO-VC,IMG_0035,189080.jpg,1,EHHO-VC,3,30,600,822497008,4.732057160254237,2,55,2,600,True,9.657779200002551,13,13,4.732057160254237,0.14506347425940014,0.08505838922608049,0,0,0,nan,212,1588,212,0.8822222222222222
IMG_0035|r1|n30|b600|HHO-VC,IMG_0035,189080.jpg,1,HHO-VC,4,30,600,822497008,4.732057160254237,2,55,2,600,True,12.459890300000552,11,11,4.732057160254237,nan,nan,0,0,0,nan,211,1589,211,0.8827777777777778
IMG_0035|r2|n30|b600|HHO-VC,IMG_0035,189080.jpg,2,HHO-VC,1,30,600,489095686,4.728701339033454,196,133,212,600,True,23.7522728999611,11,11,4.728701339033454,nan,nan,0,0,0,nan,460,1340,460,0.7444444444444445
IMG_0035|r2|n30|b600|BEHHO-VC-Calibrated,IMG_0035,189080.jpg,2,BEHHO-VC-Calibrated,2,30,600,489095686,4.728648434536313,6,227,212,600,True,31.67871860001469,20,20,4.728648434536313,0.9179907407407407,0.9346296296296296,0,0,0,nan,558,1245,558,0.6905158069883528
IMG_0035|r2|n30|b600|BDA-EHHO-VC-Calibrated,IMG_0035,189080.jpg,2,BDA-EHHO-VC-Calibrated,3,30,600,489095686,4.728670183576633,210,177,154,600,True,26.286860099993646,10,10,4.728670183576633,nan,nan,0,144,156,0.48,490,1313,490,0.7282307265668331
IMG_0035|r2|n30|b600|EHHO-VC,IMG_0035,189080.jpg,2,EHHO-VC,4,30,600,489095686,4.728582002198035,207,137,224,600,True,26.978582400013693,13,13,4.728582002198035,0.5082067232489252,0.592319226228141,0,0,0,nan,495,1305,495,0.725
IMG_0035|r3|n30|b600|BDA-EHHO-VC-Calibrated,IMG_0035,189080.jpg,3,BDA-EHHO-VC-Calibrated,1,30,600,966275618,4.732022205469801,5,26,227,600,True,26.131294100021478,10,10,4.732022205469801,nan,nan,0,151,149,0.5033333333333333,498,1305,498,0.7237936772046589
IMG_0035|r3|n30|b600|EHHO-VC,IMG_0035,189080.jpg,3,EHHO-VC,2,30,600,966275618,4.7326047766119546,4,5,5,600,True,10.11047100002179,13,13,4.7326047766119546,0.10126217048564758,0.01085159976209892,5,0,0,nan,183,1617,183,0.8983333333333333
IMG_0035|r3|n30|b600|HHO-VC,IMG_0035,189080.jpg,3,HHO-VC,3,30,600,966275618,4.733663531324841,4,2,3,600,True,8.524809400027152,12,12,4.733663531324841,nan,nan,0,0,0,nan,151,1649,151,0.9161111111111111
IMG_0035|r3|n30|b600|BEHHO-VC-Calibrated,IMG_0035,189080.jpg,3,BEHHO-VC-Calibrated,4,30,600,966275618,4.732415467809205,4,32,2,600,True,28.108500600035768,20,20,4.732415467809205,0.7314444444444445,0.29185185185185186,6,0,0,nan,473,1330,473,0.7376594564614531
IMG_0035|r4|n30|b600|BEHHO-VC-Calibrated,IMG_0035,189080.jpg,4,BEHHO-VC-Calibrated,1,30,600,202846030,4.733684314588733,254,255,255,600,True,26.728574199951254,20,20,4.733684314588733,0.6837592592592593,0.38666666666666666,8,0,0,nan,427,1376,427,0.7631724902939545
IMG_0035|r4|n30|b600|EHHO-VC,IMG_0035,189080.jpg,4,EHHO-VC,2,30,600,202846030,4.733684314588733,254,255,255,600,True,26.874196299992036,13,13,4.733684314588733,0.5808572436139144,0.5843071996226479,0,0,0,nan,475,1325,475,0.7361111111111112
IMG_0035|r4|n30|b600|BDA-EHHO-VC-Calibrated,IMG_0035,189080.jpg,4,BDA-EHHO-VC-Calibrated,3,30,600,202846030,4.732624451569333,225,4,164,600,True,27.430250099976547,10,10,4.732624451569333,nan,nan,0,150,150,0.5,482,1321,482,0.7326677759290072
IMG_0035|r4|n30|b600|HHO-VC,IMG_0035,189080.jpg,4,HHO-VC,4,30,600,202846030,4.733684314588733,254,255,255,600,True,25.1476740000071,11,11,4.733684314588733,nan,nan,0,0,0,nan,434,1366,434,0.7588888888888888
IMG_0035|r5|n30|b600|BDA-EHHO-VC-Calibrated,IMG_0035,189080.jpg,5,BDA-EHHO-VC-Calibrated,1,30,600,2076407037,4.735677397936178,85,4,4,600,True,29.939325999992434,10,10,4.735677397936178,nan,nan,0,144,156,0.48,525,1278,525,0.7088186356073212
IMG_0035|r5|n30|b600|HHO-VC,IMG_0035,189080.jpg,5,HHO-VC,2,30,600,2076407037,4.736376519952072,44,57,8,600,True,15.481133900000714,12,12,4.736376519952072,nan,nan,0,0,0,nan,274,1526,274,0.8477777777777777
IMG_0035|r5|n30|b600|EHHO-VC,IMG_0035,189080.jpg,5,EHHO-VC,3,30,600,2076407037,4.736237337568167,86,107,8,600,True,18.6811360999709,13,13,4.736237337568167,0.2518409919684387,0.24278633944348055,0,0,0,nan,328,1472,328,0.8177777777777778
IMG_0035|r5|n30|b600|BEHHO-VC-Calibrated,IMG_0035,189080.jpg,5,BEHHO-VC-Calibrated,4,30,600,2076407037,4.736412592121709,64,2,8,600,True,27.908407800015993,20,20,4.736412592121709,0.7524166666666667,0.30666666666666664,7,0,0,nan,510,1293,510,0.7171381031613977
IMG_0036|r1|n30|b600|EHHO-VC,IMG_0036,19021.jpg,1,EHHO-VC,1,30,600,240526278,4.980156169055847,134,178,79,600,True,25.56910040002549,13,13,4.980156169055847,0.4214533865188409,0.41083799144134164,0,0,0,nan,463,1337,463,0.7427777777777778
IMG_0036|r1|n30|b600|BEHHO-VC-Calibrated,IMG_0036,19021.jpg,1,BEHHO-VC-Calibrated,2,30,600,240526278,4.980331026482658,141,147,4,600,True,31.269619399972726,20,20,4.980331026482658,0.889888888888889,0.919074074074074,0,0,0,nan,547,1256,547,0.6966167498613423
IMG_0036|r1|n30|b600|HHO-VC,IMG_0036,19021.jpg,1,HHO-VC,3,30,600,240526278,4.980849037518206,134,173,102,600,True,25.137233899964485,11,11,4.980849037518206,nan,nan,0,0,0,nan,433,1367,433,0.7594444444444445
IMG_0036|r1|n30|b600|BDA-EHHO-VC-Calibrated,IMG_0036,19021.jpg,1,BDA-EHHO-VC-Calibrated,4,30,600,240526278,4.980303174900982,136,138,4,600,True,27.965907000005245,10,10,4.980303174900982,nan,nan,0,165,135,0.55,492,1311,492,0.7271214642262895
IMG_0036|r2|n30|b600|BEHHO-VC-Calibrated,IMG_0036,19021.jpg,2,BEHHO-VC-Calibrated,1,30,600,783239286,4.980918495504107,2,2,18,600,True,23.07122599997092,20,20,4.980918495504107,0.6619907407407408,0.5057407407407407,11,0,0,nan,438,1365,438,0.757071547420965
IMG_0036|r2|n30|b600|BDA-EHHO-VC-Calibrated,IMG_0036,19021.jpg,2,BDA-EHHO-VC-Calibrated,2,30,600,783239286,4.981030248363564,86,101,18,600,True,29.3402294999687,10,10,4.981030248363564,nan,nan,0,139,161,0.4633333333333333,491,1312,491,0.7276760953965613
IMG_0036|r2|n30|b600|HHO-VC,IMG_0036,19021.jpg,2,HHO-VC,3,30,600,783239286,4.980492182049603,2,3,9,600,True,10.621214499988127,11,11,4.980492182049603,nan,nan,0,0,0,nan,195,1605,195,0.8916666666666667
IMG_0036|r2|n30|b600|EHHO-VC,IMG_0036,19021.jpg,2,EHHO-VC,4,30,600,783239286,4.980482807317202,3,3,9,600,True,13.145920599985402,13,13,4.980482807317202,0.12387997480008944,0.012621319461196084,4,0,0,nan,225,1575,225,0.875
IMG_0036|r3|n30|b600|HHO-VC,IMG_0036,19021.jpg,3,HHO-VC,1,30,600,681627517,4.976202799808193,2,27,32,600,True,11.384574199968483,12,12,4.976202799808193,nan,nan,0,0,0,nan,218,1582,218,0.8788888888888889
IMG_0036|r3|n30|b600|BDA-EHHO-VC-Calibrated,IMG_0036,19021.jpg,3,BDA-EHHO-VC-Calibrated,2,30,600,681627517,4.975949523787811,2,116,35,600,True,29.672530199983157,10,10,4.975949523787811,nan,nan,0,145,155,0.48333333333333334,498,1305,498,0.7237936772046589
IMG_0036|r3|n30|b600|EHHO-VC,IMG_0036,19021.jpg,3,EHHO-VC,3,30,600,681627517,4.975802876255949,2,52,31,600,True,12.771960499987472,14,14,4.975802876255949,0.16854132063646882,0.12608787090026552,0,0,0,nan,257,1543,257,0.8572222222222222
IMG_0036|r3|n30|b600|BEHHO-VC-Calibrated,IMG_0036,19021.jpg,3,BEHHO-VC-Calibrated,4,30,600,681627517,4.976071550066719,2,21,35,600,True,31.488035399990622,20,20,4.976071550066719,0.8980925925925927,0.9168518518518519,0,0,0,nan,563,1240,563,0.687742651136994
IMG_0036|r4|n30|b600|EHHO-VC,IMG_0036,19021.jpg,4,EHHO-VC,1,30,600,1232283376,4.980161421366784,179,2,2,600,True,15.56807109998772,13,13,4.980161421366784,0.31709987220088726,0.3161322014357888,0,0,0,nan,266,1534,266,0.8522222222222222
IMG_0036|r4|n30|b600|HHO-VC,IMG_0036,19021.jpg,4,HHO-VC,2,30,600,1232283376,4.980161421366784,179,2,2,600,True,13.177646399999503,11,11,4.980161421366784,nan,nan,0,0,0,nan,248,1552,248,0.8622222222222222
IMG_0036|r4|n30|b600|BEHHO-VC-Calibrated,IMG_0036,19021.jpg,4,BEHHO-VC-Calibrated,3,30,600,1232283376,4.980409240221559,192,2,2,600,True,29.80836600001203,20,20,4.980409240221559,0.8089629629629629,0.6574074074074074,4,0,0,nan,523,1280,523,0.7099278979478647
IMG_0036|r4|n30|b600|BDA-EHHO-VC-Calibrated,IMG_0036,19021.jpg,4,BDA-EHHO-VC-Calibrated,4,30,600,1232283376,4.9812364001328895,88,2,2,600,True,30.03548530000262,10,10,4.9812364001328895,nan,nan,0,147,153,0.49,516,1287,516,0.7138103161397671
IMG_0036|r5|n30|b600|BDA-EHHO-VC-Calibrated,IMG_0036,19021.jpg,5,BDA-EHHO-VC-Calibrated,1,30,600,1083066815,4.980126644707738,244,238,34,600,True,27.473890300025232,10,10,4.980126644707738,nan,nan,0,148,152,0.49333333333333335,497,1306,497,0.7243483083749307
IMG_0036|r5|n30|b600|HHO-VC,IMG_0036,19021.jpg,5,HHO-VC,2,30,600,1083066815,4.980045026103213,254,253,62,600,True,23.890133299981244,12,12,4.980045026103213,nan,nan,0,0,0,nan,404,1396,404,0.7755555555555556
IMG_0036|r5|n30|b600|EHHO-VC,IMG_0036,19021.jpg,5,EHHO-VC,3,30,600,1083066815,4.979891422242452,226,228,62,600,True,23.972790899977554,13,13,4.979891422242452,0.5052702039980785,0.5234571344378793,0,0,0,nan,442,1358,442,0.7544444444444445
IMG_0036|r5|n30|b600|BEHHO-VC-Calibrated,IMG_0036,19021.jpg,5,BEHHO-VC-Calibrated,4,30,600,1083066815,4.9799431803382594,254,229,15,600,True,30.35371540003689,20,20,4.9799431803382594,0.8942037037037037,0.8433333333333333,0,0,0,nan,530,1273,530,0.7060454797559623
IMG_0037|r1|n30|b600|BEHHO-VC-Calibrated,IMG_0037,196073.jpg,1,BEHHO-VC-Calibrated,1,30,600,1155453323,5.890355651963016,32,141,224,600,True,31.760782600031234,20,20,5.890355651963016,0.8847777777777777,0.8144444444444444,0,0,0,nan,542,1261,542,0.6993899057127011
IMG_0037|r1|n30|b600|HHO-VC,IMG_0037,196073.jpg,1,HHO-VC,2,30,600,1155453323,5.890450877906164,32,105,94,600,True,19.706469499971718,12,12,5.890450877906164,nan,nan,0,0,0,nan,386,1414,386,0.7855555555555556
IMG_0037|r1|n30|b600|EHHO-VC,IMG_0037,196073.jpg,1,EHHO-VC,3,30,600,1155453323,5.890450525516033,32,106,94,600,True,22.22956539998995,13,13,5.890450525516033,0.31944274407098355,0.31549405075925346,0,0,0,nan,414,1386,414,0.77
IMG_0037|r1|n30|b600|BDA-EHHO-VC-Calibrated,IMG_0037,196073.jpg,1,BDA-EHHO-VC-Calibrated,4,30,600,1155453323,5.890534525656139,2,200,93,600,True,29.494950199965388,10,10,5.890534525656139,nan,nan,0,149,151,0.49666666666666665,490,1313,490,0.7282307265668331
IMG_0037|r2|n30|b600|EHHO-VC,IMG_0037,196073.jpg,2,EHHO-VC,1,30,600,1013051689,5.888837609696069,250,6,112,600,True,20.575321200012695,13,13,5.888837609696069,0.4301538211073014,0.3953348030684139,0,0,0,nan,352,1448,352,0.8044444444444444
IMG_0037|r2|n30|b600|BDA-EHHO-VC-Calibrated,IMG_0037,196073.jpg,2,BDA-EHHO-VC-Calibrated,2,30,600,1013051689,5.889015158160045,156,8,93,600,True,29.13187199999811,10,10,5.889015158160045,nan,nan,0,152,148,0.5066666666666667,497,1306,497,0.7243483083749307
IMG_0037|r2|n30|b600|HHO-VC,IMG_0037,196073.jpg,2,HHO-VC,3,30,600,1013051689,5.8887556590029675,250,6,94,600,True,19.00521570001729,11,11,5.8887556590029675,nan,nan,0,0,0,nan,314,1486,314,0.8255555555555556
IMG_0037|r2|n30|b600|BEHHO-VC-Calibrated,IMG_0037,196073.jpg,2,BEHHO-VC-Calibrated,4,30,600,1013051689,5.889210966850375,249,112,95,600,True,29.25244000001112,20,20,5.889210966850375,0.868,0.8542592592592593,0,0,0,nan,515,1288,515,0.7143649473100389
IMG_0037|r3|n30|b600|BDA-EHHO-VC-Calibrated,IMG_0037,196073.jpg,3,BDA-EHHO-VC-Calibrated,1,30,600,500337754,5.892773576196639,233,149,254,600,True,29.496520400047302,10,10,5.892773576196639,nan,nan,0,156,144,0.52,484,1319,484,0.7315585135884637
IMG_0037|r3|n30|b600|HHO-VC,IMG_0037,196073.jpg,3,HHO-VC,2,30,600,500337754,5.892569007108253,255,255,255,600,True,23.240820200007875,11,11,5.892569007108253,nan,nan,0,0,0,nan,419,1381,419,0.7672222222222222
IMG_0037|r3|n30|b600|BEHHO-VC-Calibrated,IMG_0037,196073.jpg,3,BEHHO-VC-Calibrated,3,30,600,500337754,5.892515654806651,255,255,251,600,True,20.075636000023223,20,20,5.892515654806651,0.551138888888889,0.34962962962962957,15,0,0,nan,365,1438,365,0.7975596228508042
IMG_0037|r3|n30|b600|EHHO-VC,IMG_0037,196073.jpg,3,EHHO-VC,4,30,600,500337754,5.892569007108253,255,255,255,600,True,25.462575700017624,13,13,5.892569007108253,0.5791580992042654,0.5770404656940943,0,0,0,nan,452,1348,452,0.7488888888888889
IMG_0037|r4|n30|b600|BEHHO-VC-Calibrated,IMG_0037,196073.jpg,4,BEHHO-VC-Calibrated,1,30,600,1178659365,5.891291075294863,208,2,2,600,True,25.777632200042717,20,20,5.891291075294863,0.6923240740740739,0.8225925925925925,10,0,0,nan,459,1344,459,0.7454242928452579
IMG_0037|r4|n30|b600|HHO-VC,IMG_0037,196073.jpg,4,HHO-VC,2,30,600,1178659365,5.891091806048176,88,2,2,600,True,12.23008900001878,12,12,5.891091806048176,nan,nan,0,0,0,nan,211,1589,211,0.8827777777777778
IMG_0037|r4|n30|b600|EHHO-VC,IMG_0037,196073.jpg,4,EHHO-VC,3,30,600,1178659365,5.891091806048176,88,2,2,600,True,12.972869999997783,14,14,5.891091806048176,0.19405583469770812,0.14892200595325572,0,0,0,nan,221,1579,221,0.8772222222222222
IMG_0037|r4|n30|b600|BDA-EHHO-VC-Calibrated,IMG_0037,196073.jpg,4,BDA-EHHO-VC-Calibrated,4,30,600,1178659365,5.8913788634829585,96,40,2,600,True,25.91920740000205,10,10,5.8913788634829585,nan,nan,0,152,148,0.5066666666666667,499,1304,499,0.7232390460343872
IMG_0037|r5|n30|b600|BDA-EHHO-VC-Calibrated,IMG_0037,196073.jpg,5,BDA-EHHO-VC-Calibrated,1,30,600,40279959,5.890930581110427,142,17,4,600,True,27.807330399984494,10,10,5.890930581110427,nan,nan,0,158,142,0.5266666666666666,500,1303,500,0.7226844148641154
IMG_0037|r5|n30|b600|HHO-VC,IMG_0037,196073.jpg,5,HHO-VC,2,30,600,40279959,5.8907316625371635,123,135,4,600,True,19.314041599980555,11,11,5.8907316625371635,nan,nan,0,0,0,nan,334,1466,334,0.8144444444444444
IMG_0037|r5|n30|b600|BEHHO-VC-Calibrated,IMG_0037,196073.jpg,5,BEHHO-VC-Calibrated,3,30,600,40279959,5.890978035802209,26,8,4,600,True,33.24566539999796,20,20,5.890978035802209,0.882638888888889,0.8479629629629629,0,0,0,nan,586,1217,586,0.6749861342207432
IMG_0037|r5|n30|b600|EHHO-VC,IMG_0037,196073.jpg,5,EHHO-VC,4,30,600,40279959,5.8907316625371635,123,135,4,600,True,19.538999499985948,13,13,5.8907316625371635,0.3386010947165431,0.37178673262637957,0,0,0,nan,365,1435,365,0.7972222222222223
IMG_0038|r1|n30|b600|EHHO-VC,IMG_0038,197017.jpg,1,EHHO-VC,1,30,600,76590709,4.9844481048261375,9,200,151,600,True,21.849810700048693,13,13,4.9844481048261375,0.41869998493606114,0.3727017580386167,0,0,0,nan,386,1414,386,0.7855555555555556
IMG_0038|r1|n30|b600|BEHHO-VC-Calibrated,IMG_0038,197017.jpg,1,BEHHO-VC-Calibrated,2,30,600,76590709,4.983642372524103,9,2,160,600,True,30.401668399979826,20,20,4.983642372524103,0.8382777777777777,0.7977777777777778,1,0,0,nan,545,1258,545,0.6977260122018858
IMG_0038|r1|n30|b600|HHO-VC,IMG_0038,197017.jpg,1,HHO-VC,3,30,600,76590709,4.984399550516817,9,199,158,600,True,19.705632099998184,11,11,4.984399550516817,nan,nan,0,0,0,nan,365,1435,365,0.7972222222222223
IMG_0038|r1|n30|b600|BDA-EHHO-VC-Calibrated,IMG_0038,197017.jpg,1,BDA-EHHO-VC-Calibrated,4,30,600,76590709,4.983745165127709,9,40,18,600,True,30.037757900019642,10,10,4.983745165127709,nan,nan,0,152,148,0.5066666666666667,490,1313,490,0.7282307265668331
IMG_0038|r2|n30|b600|BEHHO-VC-Calibrated,IMG_0038,197017.jpg,2,BEHHO-VC-Calibrated,1,30,600,1748913062,4.988809629871929,2,2,227,600,True,35.800829600018915,20,20,4.988809629871929,0.9411018518518517,0.9538888888888888,0,0,0,nan,621,1182,621,0.6555740432612313
IMG_0038|r2|n30|b600|HHO-VC,IMG_0038,197017.jpg,2,HHO-VC,2,30,600,1748913062,4.988084461090126,236,3,13,600,True,12.752086899999995,11,11,4.988084461090126,nan,nan,0,0,0,nan,249,1551,249,0.8616666666666667
IMG_0038|r2|n30|b600|BDA-EHHO-VC-Calibrated,IMG_0038,197017.jpg,2,BDA-EHHO-VC-Calibrated,3,30,600,1748913062,4.98788547608459,3,2,168,600,True,26.004514600033872,10,10,4.98788547608459,nan,nan,0,154,146,0.5133333333333333,488,1315,488,0.7293399889073766
IMG_0038|r2|n30|b600|EHHO-VC,IMG_0038,197017.jpg,2,EHHO-VC,4,30,600,1748913062,4.988160045882254,252,3,13,600,True,13.966910000017378,13,13,4.988160045882254,0.3537571125345203,0.28255120020380103,0,0,0,nan,258,1542,258,0.8566666666666667
IMG_0038|r3|n30|b600|EHHO-VC,IMG_0038,197017.jpg,3,EHHO-VC,1,30,600,1939488408,4.9853416383193006,147,5,5,600,True,13.019608500006143,13,13,4.9853416383193006,0.2811622106679947,0.2687946046918455,0,0,0,nan,260,1540,260,0.8555555555555555
IMG_0038|r3|n30|b600|HHO-VC,IMG_0038,197017.jpg,3,HHO-VC,2,30,600,1939488408,4.987218441857446,140,2,2,600,True,13.72414080001181,11,11,4.987218441857446,nan,nan,0,0,0,nan,237,1563,237,0.8683333333333333
IMG_0038|r3|n30|b600|BEHHO-VC-Calibrated,IMG_0038,197017.jpg,3,BEHHO-VC-Calibrated,3,30,600,1939488408,4.986570931073987,130,100,4,600,True,31.277395999990404,20,20,4.986570931073987,0.8323703703703705,0.8074074074074075,1,0,0,nan,540,1263,540,0.7004991680532446
IMG_0038|r3|n30|b600|BDA-EHHO-VC-Calibrated,IMG_0038,197017.jpg,3,BDA-EHHO-VC-Calibrated,4,30,600,1939488408,4.985463011484582,8,5,5,600,True,26.472072300035506,10,10,4.985463011484582,nan,nan,0,143,157,0.4766666666666667,493,1310,493,0.7265668330560178
IMG_0038|r4|n30|b600|BEHHO-VC-Calibrated,IMG_0038,197017.jpg,4,BEHHO-VC-Calibrated,1,30,600,424193989,4.984286978779159,2,3,64,600,True,29.064251200004946,20,20,4.984286978779159,0.7539907407407407,0.7833333333333333,7,0,0,nan,499,1304,499,0.7232390460343872
IMG_0038|r4|n30|b600|EHHO-VC,IMG_0038,197017.jpg,4,EHHO-VC,2,30,600,424193989,4.983595042098716,3,5,12,600,True,11.719621099997312,13,13,4.983595042098716,0.11242107938548081,0.08071069665226778,3,0,0,nan,211,1589,211,0.8827777777777778
IMG_0038|r4|n30|b600|HHO-VC,IMG_0038,197017.jpg,4,HHO-VC,3,30,600,424193989,4.983595042098716,3,5,12,600,True,9.709026800002903,11,11,4.983595042098716,nan,nan,0,0,0,nan,195,1605,195,0.8916666666666667
IMG_0038|r4|n30|b600|BDA-EHHO-VC-Calibrated,IMG_0038,197017.jpg,4,BDA-EHHO-VC-Calibrated,4,30,600,424193989,4.984191956543265,72,4,69,600,True,27.072985300037544,10,10,4.984549955324478,nan,nan,0,153,147,0.51,493,1310,493,0.7265668330560178
IMG_0038|r5|n30|b600|BEHHO-VC-Calibrated,IMG_0038,197017.jpg,5,BEHHO-VC-Calibrated,1,30,600,804510765,4.98799927282525,64,2,2,600,True,23.392469500016887,20,20,4.98799927282525,0.649324074074074,0.5446296296296297,13,0,0,nan,414,1389,414,0.7703826955074875
IMG_0038|r5|n30|b600|BDA-EHHO-VC-Calibrated,IMG_0038,197017.jpg,5,BDA-EHHO-VC-Calibrated,2,30,600,804510765,4.987343557573146,228,3,188,600,True,30.66282800002955,10,10,4.987343557573146,nan,nan,0,149,151,0.49666666666666665,501,1302,501,0.7221297836938436
IMG_0038|r5|n30|b600|EHHO-VC,IMG_0038,197017.jpg,5,EHHO-VC,3,30,600,804510765,4.987351911927387,249,2,2,600,True,14.075174400000833,14,14,4.987351911927387,0.35004458628682666,0.3581369476040244,0,0,0,nan,258,1542,258,0.8566666666666667
IMG_0038|r5|n30|b600|HHO-VC,IMG_0038,197017.jpg,5,HHO-VC,4,30,600,804510765,4.987351911927387,249,2,2,600,True,13.230225600011181,12,12,4.987351911927387,nan,nan,0,0,0,nan,244,1556,244,0.8644444444444445
IMG_0039|r1|n30|b600|BDA-EHHO-VC-Calibrated,IMG_0039,208001.jpg,1,BDA-EHHO-VC-Calibrated,1,30,600,1712766573,4.903048817644465,235,116,45,600,True,23.53737520001596,10,10,4.903048817644465,nan,nan,0,147,153,0.49,510,1293,510,0.7171381031613977
IMG_0039|r1|n30|b600|BEHHO-VC-Calibrated,IMG_0039,208001.jpg,1,BEHHO-VC-Calibrated,2,30,600,1712766573,4.902763744239655,188,122,20,600,True,29.241864599986002,20,20,4.902763744239655,0.9521203703703703,0.9653703703703703,0,0,0,nan,641,1162,641,0.6444814198557959
IMG_0039|r1|n30|b600|HHO-VC,IMG_0039,208001.jpg,1,HHO-VC,3,30,600,1712766573,4.9034078732173745,151,142,35,600,True,17.372194299998228,11,11,4.9034078732173745,nan,nan,0,0,0,nan,391,1409,391,0.7827777777777778
IMG_0039|r1|n30|b600|EHHO-VC,IMG_0039,208001.jpg,1,EHHO-VC,4,30,600,1712766573,4.903331712043489,150,140,35,600,True,19.06096830003662,14,14,4.903331712043489,0.3835479642296337,0.35004258079263256,0,0,0,nan,425,1375,425,0.7638888888888888
IMG_0039|r2|n30|b600|HHO-VC,IMG_0039,208001.jpg,2,HHO-VC,1,30,600,1598261812,4.907251248233336,7,77,177,600,True,14.549643200007267,12,12,4.907251248233336,nan,nan,0,0,0,nan,334,1466,334,0.8144444444444444
IMG_0039|r2|n30|b600|BEHHO-VC-Calibrated,IMG_0039,208001.jpg,2,BEHHO-VC-Calibrated,2,30,600,1598261812,4.907609872459987,2,2,128,600,True,23.260405700013507,20,20,4.907609872459987,0.772537037037037,0.6172222222222222,6,0,0,nan,481,1322,481,0.733222407099279
IMG_0039|r2|n30|b600|EHHO-VC,IMG_0039,208001.jpg,2,EHHO-VC,3,30,600,1598261812,4.906508638873757,4,77,161,600,True,21.173534900008235,14,14,4.906508638873757,0.3272960809997628,0.300278918047237,0,0,0,nan,355,1445,355,0.8027777777777778
IMG_0039|r2|n30|b600|BDA-EHHO-VC-Calibrated,IMG_0039,208001.jpg,2,BDA-EHHO-VC-Calibrated,4,30,600,1598261812,4.907788605629229,82,2,159,600,True,25.84147360001225,10,10,4.907788605629229,nan,nan,0,134,166,0.44666666666666666,489,1314,489,0.7287853577371048
IMG_0039|r3|n30|b600|EHHO-VC,IMG_0039,208001.jpg,3,EHHO-VC,1,30,600,400345208,4.910705975665384,184,143,61,600,True,24.484183299995493,14,14,4.910705975665384,0.45111866828275576,0.4039535348190166,0,0,0,nan,451,1349,451,0.7494444444444445
IMG_0039|r3|n30|b600|HHO-VC,IMG_0039,208001.jpg,3,HHO-VC,2,30,600,400345208,4.911258128293811,247,179,77,600,True,23.029489399981685,11,11,4.911258128293811,nan,nan,0,0,0,nan,412,1388,412,0.7711111111111111
IMG_0039|r3|n30|b600|BDA-EHHO-VC-Calibrated,IMG_0039,208001.jpg,3,BDA-EHHO-VC-Calibrated,3,30,600,400345208,4.9103697721675035,186,108,4,600,True,26.043601699988358,10,10,4.9103697721675035,nan,nan,0,147,153,0.49,480,1323,480,0.7337770382695508
IMG_0039|r3|n30|b600|BEHHO-VC-Calibrated,IMG_0039,208001.jpg,3,BEHHO-VC-Calibrated,4,30,600,400345208,4.910529428179232,223,201,11,600,True,30.81253380002454,20,20,4.910529428179232,0.8475185185185184,0.7631481481481481,0,0,0,nan,502,1301,502,0.7215751525235718
IMG_0039|r4|n30|b600|HHO-VC,IMG_0039,208001.jpg,4,HHO-VC,1,30,600,1724213900,4.907005378693512,14,3,2,600,True,9.249840200005565,11,11,4.907005378693512,nan,nan,0,0,0,nan,165,1635,165,0.9083333333333333
IMG_0039|r4|n30|b600|BDA-EHHO-VC-Calibrated,IMG_0039,208001.jpg,4,BDA-EHHO-VC-Calibrated,2,30,600,1724213900,4.9075726581680215,179,8,35,600,True,27.86972010001773,10,10,4.9075726581680215,nan,nan,0,166,134,0.5533333333333333,496,1307,496,0.7249029395452025
IMG_0039|r4|n30|b600|EHHO-VC,IMG_0039,208001.jpg,4,EHHO-VC,3,30,600,1724213900,4.907005378693512,14,3,2,600,True,10.888092999986839,13,13,4.907005378693512,0.10309505226255647,0.023989839849645485,2,0,0,nan,190,1610,190,0.8944444444444445
IMG_0039|r4|n30|b600|BEHHO-VC-Calibrated,IMG_0039,208001.jpg,4,BEHHO-VC-Calibrated,4,30,600,1724213900,4.9074696972345775,20,8,2,600,True,24.37163149996195,20,20,4.9074696972345775,0.621824074074074,0.46148148148148155,13,0,0,nan,411,1392,411,0.7720465890183028
IMG_0039|r5|n30|b600|EHHO-VC,IMG_0039,208001.jpg,5,EHHO-VC,1,30,600,277958075,4.90101628614396,16,102,12,600,True,15.385027299984358,14,14,4.90101628614396,0.23170923839648375,0.19891321511134347,0,0,0,nan,264,1536,264,0.8533333333333334
IMG_0039|r5|n30|b600|HHO-VC,IMG_0039,208001.jpg,5,HHO-VC,2,30,600,277958075,4.90101628614396,16,102,12,600,True,15.291042199998628,12,12,4.90101628614396,nan,nan,0,0,0,nan,257,1543,257,0.8572222222222222
IMG_0039|r5|n30|b600|BEHHO-VC-Calibrated,IMG_0039,208001.jpg,5,BEHHO-VC-Calibrated,3,30,600,277958075,4.901481014876105,61,167,38,600,True,32.99247469997499,20,20,4.901481014876105,0.9349629629629629,0.9220370370370371,0,0,0,nan,584,1219,584,0.6760953965612867
IMG_0039|r5|n30|b600|BDA-EHHO-VC-Calibrated,IMG_0039,208001.jpg,5,BDA-EHHO-VC-Calibrated,4,30,600,277958075,4.899914826718141,32,91,39,600,True,31.332776800030842,10,10,4.899914826718141,nan,nan,0,146,154,0.4866666666666667,522,1281,522,0.7104825291181365
IMG_0040|r1|n30|b600|EHHO-VC,IMG_0040,210088.jpg,1,EHHO-VC,1,30,600,802176972,5.299506380062464,162,13,116,600,True,20.14365280000493,13,13,5.299506380062464,0.3549154152015677,0.32123098925903215,0,0,0,nan,370,1430,370,0.7944444444444444
IMG_0040|r1|n30|b600|HHO-VC,IMG_0040,210088.jpg,1,HHO-VC,2,30,600,802176972,5.299602814903727,158,7,97,600,True,19.316018900019117,11,11,5.299602814903727,nan,nan,0,0,0,nan,338,1462,338,0.8122222222222222
IMG_0040|r1|n30|b600|BDA-EHHO-VC-Calibrated,IMG_0040,210088.jpg,1,BDA-EHHO-VC-Calibrated,3,30,600,802176972,5.299672115163035,168,16,22,600,True,25.814981700037606,10,10,5.299672115163035,nan,nan,0,143,157,0.4766666666666667,478,1325,478,0.7348863006100943
IMG_0040|r1|n30|b600|BEHHO-VC-Calibrated,IMG_0040,210088.jpg,1,BEHHO-VC-Calibrated,4,30,600,802176972,5.299442260237146,240,15,11,600,True,30.2727449000231,20,20,5.299442260237146,0.8875092592592594,0.9037037037037038,0,0,0,nan,530,1273,530,0.7060454797559623
IMG_0040|r2|n30|b600|BEHHO-VC-Calibrated,IMG_0040,210088.jpg,2,BEHHO-VC-Calibrated,1,30,600,2107595836,5.299857302648429,2,2,8,600,True,24.425467499997467,20,20,5.299857302648429,0.6231851851851853,0.4953703703703704,14,0,0,nan,409,1394,409,0.7731558513588463
IMG_0040|r2|n30|b600|EHHO-VC,IMG_0040,210088.jpg,2,EHHO-VC,2,30,600,2107595836,5.29950206529818,3,3,8,600,True,11.379894899961073,13,13,5.29950206529818,0.10092686018406644,0.013134295560623066,4,0,0,nan,186,1614,186,0.8966666666666666
IMG_0040|r2|n30|b600|BDA-EHHO-VC-Calibrated,IMG_0040,210088.jpg,2,BDA-EHHO-VC-Calibrated,3,30,600,2107595836,5.299826025119269,2,45,23,600,True,30.057442000019364,10,10,5.299826025119269,nan,nan,0,161,139,0.5366666666666666,499,1304,499,0.7232390460343872
IMG_0040|r2|n30|b600|HHO-VC,IMG_0040,210088.jpg,2,HHO-VC,4,30,600,2107595836,5.299553564009084,2,6,8,600,True,9.656726900022477,11,11,5.299553564009084,nan,nan,0,0,0,nan,175,1625,175,0.9027777777777778
IMG_0040|r3|n30|b600|BDA-EHHO-VC-Calibrated,IMG_0040,210088.jpg,3,BDA-EHHO-VC-Calibrated,1,30,600,1915294742,5.301582093006435,72,240,162,600,True,29.147745500027668,10,10,5.301582093006435,nan,nan,0,161,139,0.5366666666666666,505,1298,505,0.7199112590127565
IMG_0040|r3|n30|b600|BEHHO-VC-Calibrated,IMG_0040,210088.jpg,3,BEHHO-VC-Calibrated,2,30,600,1915294742,5.301076072561436,7,212,164,600,True,31.976552099979017,20,20,5.301076072561436,0.9177222222222223,0.9072222222222223,0,0,0,nan,586,1217,586,0.6749861342207432
IMG_0040|r3|n30|b600|EHHO-VC,IMG_0040,210088.jpg,3,EHHO-VC,3,30,600,1915294742,5.301470650298522,73,139,241,600,True,26.309582000016235,13,13,5.301470650298522,0.4418542436977276,0.5572725542564633,0,0,0,nan,443,1357,443,0.7538888888888889
IMG_0040|r3|n30|b600|HHO-VC,IMG_0040,210088.jpg,3,HHO-VC,4,30,600,1915294742,5.301445249058498,74,139,242,600,True,24.740810799994506,11,11,5.301445249058498,nan,nan,0,0,0,nan,426,1374,426,0.7633333333333333
IMG_0040|r4|n30|b600|BDA-EHHO-VC-Calibrated,IMG_0040,210088.jpg,4,BDA-EHHO-VC-Calibrated,1,30,600,148487101,5.302399910702215,140,47,238,600,True,25.858806199976243,10,10,5.302408876515397,nan,nan,0,146,154,0.4866666666666667,479,1324,479,0.7343316694398225
IMG_0040|r4|n30|b600|HHO-VC,IMG_0040,210088.jpg,4,HHO-VC,2,30,600,148487101,5.302772851787345,153,128,133,600,True,27.782568500027992,11,11,5.302772851787345,nan,nan,0,0,0,nan,479,1321,479,0.7338888888888889
IMG_0040|r4|n30|b600|EHHO-VC,IMG_0040,210088.jpg,4,EHHO-VC,3,30,600,148487101,5.302858409241017,144,120,123,600,True,29.73068370000692,13,13,5.302858409241017,0.4580901775946194,0.4655575658213046,0,0,0,nan,508,1292,508,0.7177777777777777
IMG_0040|r4|n30|b600|BEHHO-VC-Calibrated,IMG_0040,210088.jpg,4,BEHHO-VC-Calibrated,4,30,600,148487101,5.302144314342095,219,4,182,600,True,34.42286790005164,20,20,5.302144314342095,0.9469814814814812,0.9396296296296297,0,0,0,nan,627,1176,627,0.6522462562396006
IMG_0040|r5|n30|b600|BEHHO-VC-Calibrated,IMG_0040,210088.jpg,5,BEHHO-VC-Calibrated,1,30,600,96848419,5.303995924667782,2,18,39,600,True,23.950263100035954,20,20,5.303995924667782,0.7427592592592592,0.6144444444444445,5,0,0,nan,445,1358,445,0.7531891292290627
IMG_0040|r5|n30|b600|EHHO-VC,IMG_0040,210088.jpg,5,EHHO-VC,2,30,600,96848419,5.303773499935765,2,9,20,600,True,10.14004800003022,13,13,5.303773499935765,0.11499687607022237,0.029459548791053107,0,0,0,nan,197,1603,197,0.8905555555555555
IMG_0040|r5|n30|b600|BDA-EHHO-VC-Calibrated,IMG_0040,210088.jpg,5,BDA-EHHO-VC-Calibrated,3,30,600,96848419,5.3052818959435895,2,88,18,600,True,28.884780700027477,10,10,5.3052818959435895,nan,nan,0,146,154,0.4866666666666667,493,1310,493,0.7265668330560178
IMG_0040|r5|n30|b600|HHO-VC,IMG_0040,210088.jpg,5,HHO-VC,4,30,600,96848419,5.303943568281585,2,2,27,600,True,11.65957720001461,11,11,5.303943568281585,nan,nan,0,0,0,nan,189,1611,189,0.895
IMG_0041|r1|n30|b600|BEHHO-VC-Calibrated,IMG_0041,21077.jpg,1,BEHHO-VC-Calibrated,1,30,600,416022512,5.301373979738624,8,2,41,600,True,28.22165490000043,20,20,5.301373979738624,0.8210740740740741,0.8285185185185187,2,0,0,nan,509,1294,509,0.7176927343316695
IMG_0041|r1|n30|b600|EHHO-VC,IMG_0041,21077.jpg,1,EHHO-VC,2,30,600,416022512,5.30145063215148,11,2,2,600,True,8.961948900017887,14,14,5.30145063215148,0.09348213211522369,0.08128387344939383,6,0,0,nan,176,1624,176,0.9022222222222223
IMG_0041|r1|n30|b600|BDA-EHHO-VC-Calibrated,IMG_0041,21077.jpg,1,BDA-EHHO-VC-Calibrated,3,30,600,416022512,5.30140615119467,6,2,169,600,True,20.68677149998257,10,10,5.30140615119467,nan,nan,0,149,151,0.49666666666666665,503,1300,503,0.7210205213533001
IMG_0041|r1|n30|b600|HHO-VC,IMG_0041,21077.jpg,1,HHO-VC,4,30,600,416022512,5.30145063215148,11,2,2,600,True,5.178092000016477,12,12,5.30145063215148,nan,nan,0,0,0,nan,149,1651,149,0.9172222222222223
IMG_0041|r2|n30|b600|HHO-VC,IMG_0041,21077.jpg,2,HHO-VC,1,30,600,523336598,5.306257019345729,2,2,2,600,True,5.297465400013607,11,11,5.306257019345729,nan,nan,0,0,0,nan,147,1653,147,0.9183333333333333
IMG_0041|r2|n30|b600|BDA-EHHO-VC-Calibrated,IMG_0041,21077.jpg,2,BDA-EHHO-VC-Calibrated,2,30,600,523336598,5.305879978768899,2,170,234,600,True,26.751829899963923,10,10,5.305879978768899,nan,nan,0,147,153,0.49,502,1301,502,0.7215751525235718
IMG_0041|r2|n30|b600|EHHO-VC,IMG_0041,21077.jpg,2,EHHO-VC,3,30,600,523336598,5.305521306242557,5,5,4,600,True,10.231165000004694,13,13,5.305521306242557,0.11840648428952247,0.013481647653207267,4,0,0,nan,187,1613,187,0.8961111111111111
IMG_0041|r2|n30|b600|BEHHO-VC-Calibrated,IMG_0041,21077.jpg,2,BEHHO-VC-Calibrated,4,30,600,523336598,5.305429784040798,5,196,2,600,True,27.939032900030725,20,20,5.305429784040798,0.8211666666666668,0.7694444444444444,3,0,0,nan,481,1322,481,0.733222407099279
IMG_0041|r3|n30|b600|EHHO-VC,IMG_0041,21077.jpg,3,EHHO-VC,1,30,600,1026923000,5.30300087152945,5,77,5,600,True,13.986494400014635,13,13,5.30300087152945,0.19928308894138744,0.1500172769301235,0,0,0,nan,250,1550,250,0.8611111111111112
IMG_0041|r3|n30|b600|BEHHO-VC-Calibrated,IMG_0041,21077.jpg,3,BEHHO-VC-Calibrated,2,30,600,1026923000,5.303091263819935,22,202,2,600,True,32.88219850003952,20,20,5.303091263819935,0.9113981481481479,0.9322222222222223,0,0,0,nan,559,1244,559,0.689961175818081
IMG_0041|r3|n30|b600|BDA-EHHO-VC-Calibrated,IMG_0041,21077.jpg,3,BDA-EHHO-VC-Calibrated,3,30,600,1026923000,5.303350578718982,72,218,5,600,True,28.244789899967145,10,10,5.303377885892747,nan,nan,0,163,137,0.5433333333333333,485,1318,485,0.7310038824181919
IMG_0041|r3|n30|b600|HHO-VC,IMG_0041,21077.jpg,3,HHO-VC,4,30,600,1026923000,5.303017550873,5,50,5,600,True,13.419332100020256,11,11,5.303017550873,nan,nan,0,0,0,nan,238,1562,238,0.8677777777777778
IMG_0041|r4|n30|b600|BEHHO-VC-Calibrated,IMG_0041,21077.jpg,4,BEHHO-VC-Calibrated,1,30,600,298088648,5.298500315080438,2,8,8,600,True,24.112748000014108,20,20,5.298500315080438,0.7255740740740741,0.5783333333333334,11,0,0,nan,414,1389,414,0.7703826955074875
IMG_0041|r4|n30|b600|EHHO-VC,IMG_0041,21077.jpg,4,EHHO-VC,2,30,600,298088648,5.298870481752779,14,144,123,600,True,21.27918569999747,13,13,5.298870481752779,0.39298745343844765,0.3863063615903067,0,0,0,nan,385,1415,385,0.7861111111111111
IMG_0041|r4|n30|b600|BDA-EHHO-VC-Calibrated,IMG_0041,21077.jpg,4,BDA-EHHO-VC-Calibrated,3,30,600,298088648,5.2987241423878535,2,8,152,600,True,27.583490600052755,10,10,5.2987241423878535,nan,nan,0,155,145,0.5166666666666667,490,1313,490,0.7282307265668331
IMG_0041|r4|n30|b600|HHO-VC,IMG_0041,21077.jpg,4,HHO-VC,4,30,600,298088648,5.298854044776463,14,156,123,600,True,19.862772499967832,11,11,5.298854044776463,nan,nan,0,0,0,nan,357,1443,357,0.8016666666666666
IMG_0041|r5|n30|b600|EHHO-VC,IMG_0041,21077.jpg,5,EHHO-VC,1,30,600,1959961160,5.301411214703678,7,107,116,600,True,18.286331099981908,13,13,5.301411214703678,0.30858853168406486,0.2569717902511239,0,0,0,nan,331,1469,331,0.8161111111111111
IMG_0041|r5|n30|b600|BDA-EHHO-VC-Calibrated,IMG_0041,21077.jpg,5,BDA-EHHO-VC-Calibrated,2,30,600,1959961160,5.30092641187755,127,64,17,600,True,30.186795699992217,10,10,5.301160271470382,nan,nan,0,145,155,0.48333333333333334,497,1306,497,0.7243483083749307
IMG_0041|r5|n30|b600|BEHHO-VC-Calibrated,IMG_0041,21077.jpg,5,BEHHO-VC-Calibrated,3,30,600,1959961160,5.301402109902388,31,51,47,600,True,33.635957000020426,20,20,5.301402109902388,0.9147870370370372,0.9166666666666666,0,0,0,nan,585,1218,585,0.6755407653910149
IMG_0041|r5|n30|b600|HHO-VC,IMG_0041,21077.jpg,5,HHO-VC,4,30,600,1959961160,5.3014344359720145,7,112,120,600,True,19.411453299981076,11,11,5.3014344359720145,nan,nan,0,0,0,nan,339,1461,339,0.8116666666666666
IMG_0042|r1|n30|b600|EHHO-VC,IMG_0042,216081.jpg,1,EHHO-VC,1,30,600,1785817286,4.590235521632866,6,117,10,600,True,11.610837600019295,14,14,4.590235521632866,0.23406280506589558,0.2293459470698835,0,0,0,nan,243,1557,243,0.865
IMG_0042|r1|n30|b600|HHO-VC,IMG_0042,216081.jpg,1,HHO-VC,2,30,600,1785817286,4.590235521632866,6,117,10,600,True,13.38792020000983,12,12,4.590235521632866,nan,nan,0,0,0,nan,250,1550,250,0.8611111111111112
IMG_0042|r1|n30|b600|BEHHO-VC-Calibrated,IMG_0042,216081.jpg,1,BEHHO-VC-Calibrated,3,30,600,1785817286,4.588925735744231,14,2,23,600,True,24.845328699972015,20,20,4.588925735744231,0.7758055555555556,0.8016666666666666,2,0,0,nan,464,1339,464,0.7426511369938991
IMG_0042|r1|n30|b600|BDA-EHHO-VC-Calibrated,IMG_0042,216081.jpg,1,BDA-EHHO-VC-Calibrated,4,30,600,1785817286,4.588608814724722,141,2,10,600,True,28.65170930000022,10,10,4.588608814724722,nan,nan,0,154,146,0.5133333333333333,511,1292,511,0.7165834719911259
IMG_0042|r2|n30|b600|EHHO-VC,IMG_0042,216081.jpg,2,EHHO-VC,1,30,600,1462821028,4.587024907923713,2,249,41,600,True,16.637356899969745,13,13,4.587024907923713,0.3660147825569298,0.3870112454419331,0,0,0,nan,274,1526,274,0.8477777777777777
IMG_0042|r2|n30|b600|BEHHO-VC-Calibrated,IMG_0042,216081.jpg,2,BEHHO-VC-Calibrated,2,30,600,1462821028,4.587954768034589,2,179,38,600,True,28.92116059997352,20,20,4.587954768034589,0.7554259259259261,0.904074074074074,7,0,0,nan,485,1318,485,0.7310038824181919
IMG_0042|r2|n30|b600|BDA-EHHO-VC-Calibrated,IMG_0042,216081.jpg,2,BDA-EHHO-VC-Calibrated,3,30,600,1462821028,4.587347833761188,4,249,43,600,True,27.493195299990475,10,10,4.587347833761188,nan,nan,0,145,155,0.48333333333333334,496,1307,496,0.7249029395452025
IMG_0042|r2|n30|b600|HHO-VC,IMG_0042,216081.jpg,2,HHO-VC,4,30,600,1462821028,4.587002621008939,2,255,41,600,True,15.73030320001999,11,11,4.587002621008939,nan,nan,0,0,0,nan,276,1524,276,0.8466666666666667
IMG_0042|r3|n30|b600|EHHO-VC,IMG_0042,216081.jpg,3,EHHO-VC,1,30,600,235872055,4.5850578623532625,70,20,4,600,True,11.935044200043194,13,13,4.5850578623532625,0.18979769203042793,0.13521095055186197,0,0,0,nan,267,1533,267,0.8516666666666667
IMG_0042|r3|n30|b600|BEHHO-VC-Calibrated,IMG_0042,216081.jpg,3,BEHHO-VC-Calibrated,2,30,600,235872055,4.586280233213959,16,8,4,600,True,22.41923660004977,20,20,4.586280233213959,0.672712962962963,0.5627777777777778,11,0,0,nan,431,1372,431,0.7609539656128674
IMG_0042|r3|n30|b600|BDA-EHHO-VC-Calibrated,IMG_0042,216081.jpg,3,BDA-EHHO-VC-Calibrated,3,30,600,235872055,4.5860184126444485,80,20,4,600,True,23.74229289998766,10,10,4.5860184126444485,nan,nan,0,149,151,0.49666666666666665,513,1290,513,0.7154742096505824
IMG_0042|r3|n30|b600|HHO-VC,IMG_0042,216081.jpg,3,HHO-VC,4,30,600,235872055,4.585871275423105,95,26,4,600,True,14.403181099973153,11,11,4.585871275423105,nan,nan,0,0,0,nan,265,1535,265,0.8527777777777777
IMG_0042|r4|n30|b600|HHO-VC,IMG_0042,216081.jpg,4,HHO-VC,1,30,600,594773021,4.589990226913867,115,38,57,600,True,17.958026300009806,12,12,4.589990226913867,nan,nan,0,0,0,nan,335,1465,335,0.8138888888888889
IMG_0042|r4|n30|b600|EHHO-VC,IMG_0042,216081.jpg,4,EHHO-VC,2,30,600,594773021,4.589621836696109,49,17,26,600,True,15.363986900018062,14,14,4.589621836696109,0.16113839418834353,0.09044849588934696,0,0,0,nan,278,1522,278,0.8455555555555555
IMG_0042|r4|n30|b600|BDA-EHHO-VC-Calibrated,IMG_0042,216081.jpg,4,BDA-EHHO-VC-Calibrated,3,30,600,594773021,4.59051283592701,59,226,66,600,True,26.267257599974982,10,10,4.59051283592701,nan,nan,0,160,140,0.5333333333333333,490,1313,490,0.7282307265668331
IMG_0042|r4|n30|b600|BEHHO-VC-Calibrated,IMG_0042,216081.jpg,4,BEHHO-VC-Calibrated,4,30,600,594773021,4.589542474778921,51,78,22,600,True,28.659265399968717,20,20,4.589542474778921,0.8769722222222223,0.8875925925925926,0,0,0,nan,523,1280,523,0.7099278979478647
IMG_0042|r5|n30|b600|BDA-EHHO-VC-Calibrated,IMG_0042,216081.jpg,5,BDA-EHHO-VC-Calibrated,1,30,600,1280920019,4.591395582923767,214,228,8,600,True,27.067676300008316,10,10,4.591395582923767,nan,nan,0,161,139,0.5366666666666666,491,1312,491,0.7276760953965613
IMG_0042|r5|n30|b600|HHO-VC,IMG_0042,216081.jpg,5,HHO-VC,2,30,600,1280920019,4.592048459399684,2,117,2,600,True,16.336510799999814,11,11,4.592048459399684,nan,nan,0,0,0,nan,276,1524,276,0.8466666666666667
IMG_0042|r5|n30|b600|EHHO-VC,IMG_0042,216081.jpg,5,EHHO-VC,3,30,600,1280920019,4.592157352929388,2,122,2,600,True,15.352582300023641,13,13,4.592157352929388,0.2981707233312379,0.19552060462964085,0,0,0,nan,291,1509,291,0.8383333333333334
IMG_0042|r5|n30|b600|BEHHO-VC-Calibrated,IMG_0042,216081.jpg,5,BEHHO-VC-Calibrated,4,30,600,1280920019,4.591439807755065,20,178,8,600,True,36.105594800028484,20,20,4.591439807755065,0.9356296296296296,0.9320370370370371,0,0,0,nan,629,1174,629,0.6511369938990571
IMG_0043|r1|n30|b600|EHHO-VC,IMG_0043,219090.jpg,1,EHHO-VC,1,30,600,1608145277,5.252057150034525,169,95,2,600,True,19.127856299979612,13,13,5.252057150034525,0.3004096437656918,0.2899220193491617,0,0,0,nan,347,1453,347,0.8072222222222222
IMG_0043|r1|n30|b600|BDA-EHHO-VC-Calibrated,IMG_0043,219090.jpg,1,BDA-EHHO-VC-Calibrated,2,30,600,1608145277,5.252435441673293,40,92,2,600,True,27.90941149997525,10,10,5.252435441673293,nan,nan,0,146,154,0.4866666666666667,503,1300,503,0.7210205213533001
IMG_0043|r1|n30|b600|BEHHO-VC-Calibrated,IMG_0043,219090.jpg,1,BEHHO-VC-Calibrated,3,30,600,1608145277,5.251834408862032,2,92,2,600,True,26.079344899975695,20,20,5.251834408862032,0.7228611111111112,0.752962962962963,7,0,0,nan,459,1344,459,0.7454242928452579
IMG_0043|r1|n30|b600|HHO-VC,IMG_0043,219090.jpg,1,HHO-VC,4,30,600,1608145277,5.251791869720219,6,19,2,600,True,10.404443999985233,11,11,5.251791869720219,nan,nan,0,0,0,nan,215,1585,215,0.8805555555555555
IMG_0043|r2|n30|b600|EHHO-VC,IMG_0043,219090.jpg,2,EHHO-VC,1,30,600,1956215107,5.249842186881019,178,203,52,600,True,21.060394799977075,13,13,5.249842186881019,0.45973285744171843,0.46943564255970455,0,0,0,nan,440,1360,440,0.7555555555555555
IMG_0043|r2|n30|b600|BDA-EHHO-VC-Calibrated,IMG_0043,219090.jpg,2,BDA-EHHO-VC-Calibrated,2,30,600,1956215107,5.249464668173588,247,247,53,600,True,27.3936961000436,10,10,5.249464668173588,nan,nan,0,135,165,0.45,486,1317,486,0.7304492512479202
IMG_0043|r2|n30|b600|BEHHO-VC-Calibrated,IMG_0043,219090.jpg,2,BEHHO-VC-Calibrated,3,30,600,1956215107,5.250102792259182,251,246,24,600,True,31.983384000021033,20,20,5.250102792259182,0.9205370370370369,0.9244444444444445,0,0,0,nan,594,1209,594,0.670549084858569
IMG_0043|r2|n30|b600|HHO-VC,IMG_0043,219090.jpg,2,HHO-VC,4,30,600,1956215107,5.249842186881019,178,203,52,600,True,22.247404799971264,11,11,5.249842186881019,nan,nan,0,0,0,nan,400,1400,400,0.7777777777777778
IMG_0043|r3|n30|b600|BEHHO-VC-Calibrated,IMG_0043,219090.jpg,3,BEHHO-VC-Calibrated,1,30,600,96051272,5.252382084358331,7,2,2,600,True,29.89128989999881,20,20,5.252382084358331,0.819138888888889,0.9551851851851851,4,0,0,nan,540,1263,540,0.7004991680532446
IMG_0043|r3|n30|b600|HHO-VC,IMG_0043,219090.jpg,3,HHO-VC,2,30,600,96051272,5.25193406803395,194,2,2,600,True,14.294323299953248,12,12,5.25193406803395,nan,nan,0,0,0,nan,253,1547,253,0.8594444444444445
IMG_0043|r3|n30|b600|BDA-EHHO-VC-Calibrated,IMG_0043,219090.jpg,3,BDA-EHHO-VC-Calibrated,3,30,600,96051272,5.252929716000755,190,3,62,600,True,27.926707500009798,10,10,5.253054522463181,nan,nan,0,143,157,0.4766666666666667,494,1309,494,0.726012201885746
IMG_0043|r3|n30|b600|EHHO-VC,IMG_0043,219090.jpg,3,EHHO-VC,4,30,600,96051272,5.251907831779705,191,2,2,600,True,13.96373889996903,13,13,5.251907831779705,0.30698173980798715,0.3279411391712327,0,0,0,nan,256,1544,256,0.8577777777777778
IMG_0043|r4|n30|b600|BEHHO-VC-Calibrated,IMG_0043,219090.jpg,4,BEHHO-VC-Calibrated,1,30,600,1144482096,5.252948555814299,83,128,2,600,True,25.5637560999603,20,20,5.252948555814299,0.7850277777777778,0.8305555555555556,5,0,0,nan,456,1347,456,0.7470881863560732
IMG_0043|r4|n30|b600|EHHO-VC,IMG_0043,219090.jpg,4,EHHO-VC,2,30,600,1144482096,5.253064483389218,85,61,2,600,True,18.20695500000147,14,14,5.253064483389218,0.3012624552012602,0.20212598534194098,0,0,0,nan,358,1442,358,0.8011111111111111
IMG_0043|r4|n30|b600|BDA-EHHO-VC-Calibrated,IMG_0043,219090.jpg,4,BDA-EHHO-VC-Calibrated,3,30,600,1144482096,5.253476828017855,204,72,15,600,True,29.98795360000804,10,10,5.253476828017855,nan,nan,0,148,152,0.49333333333333335,503,1300,503,0.7210205213533001
IMG_0043|r4|n30|b600|HHO-VC,IMG_0043,219090.jpg,4,HHO-VC,4,30,600,1144482096,5.252894690549556,51,31,2,600,True,19.598225800029468,12,12,5.252894690549556,nan,nan,0,0,0,nan,345,1455,345,0.8083333333333333
IMG_0043|r5|n30|b600|EHHO-VC,IMG_0043,219090.jpg,5,EHHO-VC,1,30,600,1758889387,5.24926680780311,2,4,2,600,True,23.418061599950306,13,13,5.24926680780311,0.33847998629692594,0.014326062601612424,2,0,0,nan,411,1389,411,0.7716666666666666
IMG_0043|r5|n30|b600|HHO-VC,IMG_0043,219090.jpg,5,HHO-VC,2,30,600,1758889387,5.248883539255055,146,212,84,600,True,23.74019599996973,12,12,5.248883539255055,nan,nan,0,0,0,nan,434,1366,434,0.7588888888888888
IMG_0043|r5|n30|b600|BEHHO-VC-Calibrated,IMG_0043,219090.jpg,5,BEHHO-VC-Calibrated,3,30,600,1758889387,5.2487884651699455,144,8,2,600,True,24.873192899976857,20,20,5.2487884651699455,0.675675925925926,0.7422222222222222,14,0,0,nan,429,1374,429,0.762063227953411
IMG_0043|r5|n30|b600|BDA-EHHO-VC-Calibrated,IMG_0043,219090.jpg,5,BDA-EHHO-VC-Calibrated,4,30,600,1758889387,5.249183748905389,146,212,149,600,True,29.186532300023828,10,10,5.249183748905389,nan,nan,0,137,163,0.45666666666666667,487,1316,487,0.7298946200776484
IMG_0044|r1|n30|b600|BDA-EHHO-VC-Calibrated,IMG_0044,220075.jpg,1,BDA-EHHO-VC-Calibrated,1,30,600,588071056,4.82871529238228,8,201,2,600,True,29.94874050002545,10,10,4.82871529238228,nan,nan,0,150,150,0.5,501,1302,501,0.7221297836938436
IMG_0044|r1|n30|b600|HHO-VC,IMG_0044,220075.jpg,1,HHO-VC,2,30,600,588071056,4.829058460004162,7,7,2,600,True,13.94019069999922,11,11,4.829058460004162,nan,nan,0,0,0,nan,260,1540,260,0.8555555555555555
IMG_0044|r1|n30|b600|BEHHO-VC-Calibrated,IMG_0044,220075.jpg,1,BEHHO-VC-Calibrated,3,30,600,588071056,4.829911538452889,8,2,2,600,True,23.502979599987157,20,20,4.829911538452889,0.6245555555555556,0.6461111111111112,14,0,0,nan,433,1370,433,0.7598447032723239
IMG_0044|r1|n30|b600|EHHO-VC,IMG_0044,220075.jpg,1,EHHO-VC,4,30,600,588071056,4.829058460004162,7,7,2,600,True,15.897097400040366,14,14,4.829058460004162,0.1747282241360546,0.03732425127521302,2,0,0,nan,281,1519,281,0.8438888888888889
IMG_0044|r2|n30|b600|BEHHO-VC-Calibrated,IMG_0044,220075.jpg,2,BEHHO-VC-Calibrated,1,30,600,1217049924,4.831348195851413,247,37,145,600,True,34.919017800013535,20,20,4.831348195851413,0.9481574074074073,0.9501851851851851,0,0,0,nan,645,1158,645,0.6422628951747088
IMG_0044|r2|n30|b600|EHHO-VC,IMG_0044,220075.jpg,2,EHHO-VC,2,30,600,1217049924,4.831761079710313,203,46,149,600,True,23.962679099990055,13,13,4.831761079710313,0.4363797376173235,0.4359764456850159,0,0,0,nan,441,1359,441,0.755
IMG_0044|r2|n30|b600|HHO-VC,IMG_0044,220075.jpg,2,HHO-VC,3,30,600,1217049924,4.831773775243043,197,45,145,600,True,22.12600480002584,11,11,4.831773775243043,nan,nan,0,0,0,nan,414,1386,414,0.77
IMG_0044|r2|n30|b600|BDA-EHHO-VC-Calibrated,IMG_0044,220075.jpg,2,BDA-EHHO-VC-Calibrated,4,30,600,1217049924,4.8315656302433725,31,10,145,600,True,26.46779109997442,10,10,4.8315656302433725,nan,nan,0,152,148,0.5066666666666667,491,1312,491,0.7276760953965613
IMG_0044|r3|n30|b600|BDA-EHHO-VC-Calibrated,IMG_0044,220075.jpg,3,BDA-EHHO-VC-Calibrated,1,30,600,1483223125,4.829076313537086,27,137,2,600,True,28.3578911999939,10,10,4.8291530225070325,nan,nan,0,154,146,0.5133333333333333,494,1309,494,0.726012201885746
IMG_0044|r3|n30|b600|EHHO-VC,IMG_0044,220075.jpg,3,EHHO-VC,2,30,600,1483223125,4.82898066139298,2,7,2,600,True,11.295935200003441,13,13,4.82898066139298,0.12503678068248048,0.010775106230356301,5,0,0,nan,213,1587,213,0.8816666666666667
IMG_0044|r3|n30|b600|HHO-VC,IMG_0044,220075.jpg,3,HHO-VC,3,30,600,1483223125,4.82898066139298,2,7,2,600,True,10.888329999987036,11,11,4.82898066139298,nan,nan,0,0,0,nan,174,1626,174,0.9033333333333333
IMG_0044|r3|n30|b600|BEHHO-VC-Calibrated,IMG_0044,220075.jpg,3,BEHHO-VC-Calibrated,4,30,600,1483223125,4.828496780008883,255,73,2,600,True,35.52987890003715,20,20,4.828496780008883,0.9244722222222223,0.9264814814814816,0,0,0,nan,573,1230,573,0.6821963394342762
IMG_0044|r4|n30|b600|BEHHO-VC-Calibrated,IMG_0044,220075.jpg,4,BEHHO-VC-Calibrated,1,30,600,1675409365,4.826876426063535,86,238,41,600,True,34.915915700024925,20,20,4.826876426063535,0.9413796296296295,0.9640740740740741,0,0,0,nan,617,1186,617,0.6577925679423183
IMG_0044|r4|n30|b600|EHHO-VC,IMG_0044,220075.jpg,4,EHHO-VC,2,30,600,1675409365,4.827295568326027,107,255,255,600,True,28.28773400001228,13,13,4.827295568326027,0.47797242868765033,0.508360777610154,0,0,0,nan,485,1315,485,0.7305555555555555
IMG_0044|r4|n30|b600|HHO-VC,IMG_0044,220075.jpg,4,HHO-VC,3,30,600,1675409365,4.827248362189864,107,234,249,600,True,25.71694509999361,12,12,4.827248362189864,nan,nan,0,0,0,nan,452,1348,452,0.7488888888888889
IMG_0044|r4|n30|b600|BDA-EHHO-VC-Calibrated,IMG_0044,220075.jpg,4,BDA-EHHO-VC-Calibrated,4,30,600,1675409365,4.82698643376957,41,251,4,600,True,29.54141919995891,10,10,4.82698643376957,nan,nan,0,146,154,0.4866666666666667,513,1290,513,0.7154742096505824
IMG_0044|r5|n30|b600|BDA-EHHO-VC-Calibrated,IMG_0044,220075.jpg,5,BDA-EHHO-VC-Calibrated,1,30,600,1521188448,4.827387195724881,71,78,148,600,True,24.705173599999398,10,10,4.827387195724881,nan,nan,0,152,148,0.5066666666666667,488,1315,488,0.7293399889073766
IMG_0044|r5|n30|b600|BEHHO-VC-Calibrated,IMG_0044,220075.jpg,5,BEHHO-VC-Calibrated,2,30,600,1521188448,4.827350888184848,173,13,164,600,True,33.56392650003545,20,20,4.827350888184848,0.9348981481481481,0.9187037037037036,0,0,0,nan,597,1206,597,0.6688851913477537
IMG_0044|r5|n30|b600|EHHO-VC,IMG_0044,220075.jpg,5,EHHO-VC,3,30,600,1521188448,4.826950579899964,215,13,139,600,True,20.31233029998839,13,13,4.826950579899964,0.4201900149459182,0.4553554715871396,0,0,0,nan,395,1405,395,0.7805555555555556
IMG_0044|r5|n30|b600|HHO-VC,IMG_0044,220075.jpg,5,HHO-VC,4,30,600,1521188448,4.827129166495271,244,13,151,600,True,18.40832439996302,11,11,4.827129166495271,nan,nan,0,0,0,nan,354,1446,354,0.8033333333333333
IMG_0045|r1|n30|b600|BEHHO-VC-Calibrated,IMG_0045,223061.jpg,1,BEHHO-VC-Calibrated,1,30,600,38629741,5.063576032680822,253,33,144,600,True,33.92982580000535,20,20,5.063576032680822,0.9483425925925925,0.9507407407407408,0,0,0,nan,612,1191,612,0.6605657237936772
IMG_0045|r1|n30|b600|BDA-EHHO-VC-Calibrated,IMG_0045,223061.jpg,1,BDA-EHHO-VC-Calibrated,2,30,600,38629741,5.062948225015453,9,33,162,600,True,30.62060099997325,10,10,5.062948225015453,nan,nan,0,157,143,0.5233333333333333,512,1291,512,0.7160288408208542
IMG_0045|r1|n30|b600|HHO-VC,IMG_0045,223061.jpg,1,HHO-VC,3,30,600,38629741,5.063511303369179,162,52,172,600,True,22.219065199955367,11,11,5.063511303369179,nan,nan,0,0,0,nan,396,1404,396,0.78
IMG_0045|r1|n30|b600|EHHO-VC,IMG_0045,223061.jpg,1,EHHO-VC,4,30,600,38629741,5.063511303369179,162,52,172,600,True,23.76323419995606,13,13,5.063511303369179,0.39979746040142117,0.3329878997709683,0,0,0,nan,434,1366,434,0.7588888888888888
IMG_0045|r2|n30|b600|EHHO-VC,IMG_0045,223061.jpg,2,EHHO-VC,1,30,600,904265068,5.053390215477165,84,212,255,600,True,24.01542780001182,13,13,5.053390215477165,0.5044544066784054,0.5035249623718605,0,0,0,nan,429,1371,429,0.7616666666666667
IMG_0045|r2|n30|b600|HHO-VC,IMG_0045,223061.jpg,2,HHO-VC,2,30,600,904265068,5.053491484624599,94,255,255,600,True,22.165432000008877,11,11,5.053491484624599,nan,nan,0,0,0,nan,403,1397,403,0.7761111111111111
IMG_0045|r2|n30|b600|BDA-EHHO-VC-Calibrated,IMG_0045,223061.jpg,2,BDA-EHHO-VC-Calibrated,3,30,600,904265068,5.053355851023772,6,225,248,600,True,27.58992619998753,10,10,5.053355851023772,nan,nan,0,131,169,0.43666666666666665,513,1290,513,0.7154742096505824
IMG_0045|r2|n30|b600|BEHHO-VC-Calibrated,IMG_0045,223061.jpg,2,BEHHO-VC-Calibrated,4,30,600,904265068,5.053480394177625,75,245,247,600,True,34.54774389998056,20,20,5.053480394177625,0.9200277777777778,0.9531481481481482,0,0,0,nan,615,1188,615,0.6589018302828619
IMG_0045|r3|n30|b600|BDA-EHHO-VC-Calibrated,IMG_0045,223061.jpg,3,BDA-EHHO-VC-Calibrated,1,30,600,490882036,5.061453994830727,244,255,50,600,True,29.282313300005626,10,10,5.061453994830727,nan,nan,0,154,146,0.5133333333333333,504,1299,504,0.7204658901830283
IMG_0045|r3|n30|b600|HHO-VC,IMG_0045,223061.jpg,3,HHO-VC,2,30,600,490882036,5.060880564444466,236,239,25,600,True,21.728756199998315,12,12,5.060880564444466,nan,nan,0,0,0,nan,389,1411,389,0.7838888888888889
IMG_0045|r3|n30|b600|BEHHO-VC-Calibrated,IMG_0045,223061.jpg,3,BEHHO-VC-Calibrated,3,30,600,490882036,5.060384478301423,3,255,111,600,True,34.12312509998446,20,20,5.060384478301423,0.9501203703703703,0.9455555555555556,0,0,0,nan,623,1180,623,0.6544647809206877
IMG_0045|r3|n30|b600|EHHO-VC,IMG_0045,223061.jpg,3,EHHO-VC,4,30,600,490882036,5.060048250026802,3,255,57,600,True,18.193816799961496,14,14,5.060048250026802,0.36869260610279736,0.35464034884876294,0,0,0,nan,330,1470,330,0.8166666666666667
IMG_0045|r4|n30|b600|HHO-VC,IMG_0045,223061.jpg,4,HHO-VC,1,30,600,771108241,5.054172765082058,17,227,186,600,True,21.30342060001567,11,11,5.054172765082058,nan,nan,0,0,0,nan,388,1412,388,0.7844444444444445
IMG_0045|r4|n30|b600|BDA-EHHO-VC-Calibrated,IMG_0045,223061.jpg,4,BDA-EHHO-VC-Calibrated,2,30,600,771108241,5.05347121023165,64,208,9,600,True,29.07909810001729,10,10,5.05347121023165,nan,nan,0,151,149,0.5033333333333333,505,1298,505,0.7199112590127565
IMG_0045|r4|n30|b600|BEHHO-VC-Calibrated,IMG_0045,223061.jpg,4,BEHHO-VC-Calibrated,3,30,600,771108241,5.0532857429264055,41,237,36,600,True,27.513976800022647,20,20,5.0532857429264055,0.8677129629629631,0.8303703703703702,0,0,0,nan,498,1305,498,0.7237936772046589
IMG_0045|r4|n30|b600|EHHO-VC,IMG_0045,223061.jpg,4,EHHO-VC,4,30,600,771108241,5.054144390770531,16,222,162,600,True,20.868610799952876,13,13,5.054144390770531,0.41976924474818095,0.4094404658982178,0,0,0,nan,410,1390,410,0.7722222222222223
IMG_0045|r5|n30|b600|HHO-VC,IMG_0045,223061.jpg,5,HHO-VC,1,30,600,208406162,5.060481411443713,4,3,3,600,True,9.697140600008424,12,12,5.060481411443713,nan,nan,0,0,0,nan,165,1635,165,0.9083333333333333
IMG_0045|r5|n30|b600|BEHHO-VC-Calibrated,IMG_0045,223061.jpg,5,BEHHO-VC-Calibrated,2,30,600,208406162,5.060251208237083,9,4,7,600,True,29.100947199971415,20,20,5.060251208237083,0.81975,0.8968518518518517,2,0,0,nan,524,1279,524,0.7093732667775929
IMG_0045|r5|n30|b600|EHHO-VC,IMG_0045,223061.jpg,5,EHHO-VC,3,30,600,208406162,5.060184920381146,4,4,4,600,True,10.266926100011915,14,14,5.060184920381146,0.10278221086378007,0.01584386367998432,5,0,0,nan,182,1618,182,0.8988888888888888
IMG_0045|r5|n30|b600|BDA-EHHO-VC-Calibrated,IMG_0045,223061.jpg,5,BDA-EHHO-VC-Calibrated,4,30,600,208406162,5.06196400289858,10,4,244,600,True,27.973129099991638,10,10,5.06196400289858,nan,nan,0,151,149,0.5033333333333333,483,1320,483,0.7321131447587355
IMG_0046|r1|n30|b600|HHO-VC,IMG_0046,227092.jpg,1,HHO-VC,1,30,600,2126046602,5.6937157920629105,18,2,16,600,True,10.604380699980538,12,12,5.6937157920629105,nan,nan,0,0,0,nan,203,1597,203,0.8872222222222222
IMG_0046|r1|n30|b600|BDA-EHHO-VC-Calibrated,IMG_0046,227092.jpg,1,BDA-EHHO-VC-Calibrated,2,30,600,2126046602,5.693824362836149,47,52,32,600,True,28.544692200026475,10,10,5.693824362836149,nan,nan,0,141,159,0.47,500,1303,500,0.7226844148641154
IMG_0046|r1|n30|b600|EHHO-VC,IMG_0046,227092.jpg,1,EHHO-VC,3,30,600,2126046602,5.6937157920629105,18,2,16,600,True,10.831180399982259,14,14,5.6937157920629105,0.10685927237119741,0.0409217822551622,0,0,0,nan,208,1592,208,0.8844444444444445
IMG_0046|r1|n30|b600|BEHHO-VC-Calibrated,IMG_0046,227092.jpg,1,BEHHO-VC-Calibrated,4,30,600,2126046602,5.69370224816647,50,64,16,600,True,26.728317200031597,20,20,5.69370224816647,0.8034629629629629,0.6770370370370372,0,0,0,nan,504,1299,504,0.7204658901830283
IMG_0046|r2|n30|b600|BDA-EHHO-VC-Calibrated,IMG_0046,227092.jpg,2,BDA-EHHO-VC-Calibrated,1,30,600,405037581,5.69070002425065,2,2,70,600,True,29.85219889995642,10,10,5.69070002425065,nan,nan,0,141,159,0.47,481,1322,481,0.733222407099279
IMG_0046|r2|n30|b600|BEHHO-VC-Calibrated,IMG_0046,227092.jpg,2,BEHHO-VC-Calibrated,2,30,600,405037581,5.690801356182931,2,2,65,600,True,24.051835499994922,20,20,5.690801356182931,0.6963333333333332,0.5855555555555556,9,0,0,nan,446,1357,446,0.7526344980587909
IMG_0046|r2|n30|b600|EHHO-VC,IMG_0046,227092.jpg,2,EHHO-VC,3,30,600,405037581,5.691059289257917,2,97,31,600,True,14.716462000040337,13,13,5.691059289257917,0.23889623115136027,0.21876548484474662,0,0,0,nan,290,1510,290,0.8388888888888889
IMG_0046|r2|n30|b600|HHO-VC,IMG_0046,227092.jpg,2,HHO-VC,4,30,600,405037581,5.690979306045111,2,138,43,600,True,16.695191800012253,12,12,5.690979306045111,nan,nan,0,0,0,nan,289,1511,289,0.8394444444444444
IMG_0046|r3|n30|b600|EHHO-VC,IMG_0046,227092.jpg,3,EHHO-VC,1,30,600,111356508,5.692059315180746,41,43,103,600,True,18.53363600000739,14,14,5.692059315180746,0.23403335242402226,0.19192568013765296,0,0,0,nan,345,1455,345,0.8083333333333333
IMG_0046|r3|n30|b600|HHO-VC,IMG_0046,227092.jpg,3,HHO-VC,2,30,600,111356508,5.692059315180746,41,43,103,600,True,18.15064920001896,12,12,5.692059315180746,nan,nan,0,0,0,nan,335,1465,335,0.8138888888888889
IMG_0046|r3|n30|b600|BEHHO-VC-Calibrated,IMG_0046,227092.jpg,3,BEHHO-VC-Calibrated,3,30,600,111356508,5.69182034040534,40,73,136,600,True,31.463851700013038,20,20,5.69182034040534,0.855185185185185,0.9140740740740741,1,0,0,nan,547,1256,547,0.6966167498613423
IMG_0046|r3|n30|b600|BDA-EHHO-VC-Calibrated,IMG_0046,227092.jpg,3,BDA-EHHO-VC-Calibrated,4,30,600,111356508,5.691483598958484,36,10,149,600,True,29.21494120004354,10,10,5.691483598958484,nan,nan,0,145,155,0.48333333333333334,490,1313,490,0.7282307265668331
IMG_0046|r4|n30|b600|BEHHO-VC-Calibrated,IMG_0046,227092.jpg,4,BEHHO-VC-Calibrated,1,30,600,991004843,5.69046943447346,127,253,255,600,True,25.682754900015425,20,20,5.69046943447346,0.738037037037037,0.5885185185185184,4,0,0,nan,441,1362,441,0.7554076539101497
IMG_0046|r4|n30|b600|EHHO-VC,IMG_0046,227092.jpg,4,EHHO-VC,2,30,600,991004843,5.690379320783696,41,253,253,600,True,24.223815199977253,14,14,5.690379320783696,0.46972508579717714,0.5210208504638029,0,0,0,nan,421,1379,421,0.7661111111111111
IMG_0046|r4|n30|b600|BDA-EHHO-VC-Calibrated,IMG_0046,227092.jpg,4,BDA-EHHO-VC-Calibrated,3,30,600,991004843,5.690396094777133,145,154,249,600,True,30.533335399988573,10,10,5.690396094777133,nan,nan,0,146,154,0.4866666666666667,477,1326,477,0.7354409317803661
IMG_0046|r4|n30|b600|HHO-VC,IMG_0046,227092.jpg,4,HHO-VC,4,30,600,991004843,5.690437427189991,41,255,255,600,True,20.4801279999665,12,12,5.690437427189991,nan,nan,0,0,0,nan,384,1416,384,0.7866666666666666
IMG_0046|r5|n30|b600|EHHO-VC,IMG_0046,227092.jpg,5,EHHO-VC,1,30,600,116789329,5.692344867107345,19,216,192,600,True,23.597137700009625,13,13,5.692344867107345,0.478245287639688,0.49699834098688483,0,0,0,nan,410,1390,410,0.7722222222222223
IMG_0046|r5|n30|b600|HHO-VC,IMG_0046,227092.jpg,5,HHO-VC,2,30,600,116789329,5.69234413995517,19,221,197,600,True,21.663747900049202,11,11,5.69234413995517,nan,nan,0,0,0,nan,381,1419,381,0.7883333333333333
IMG_0046|r5|n30|b600|BEHHO-VC-Calibrated,IMG_0046,227092.jpg,5,BEHHO-VC-Calibrated,3,30,600,116789329,5.69241811272311,32,2,2,600,True,21.22702469996875,20,20,5.69241811272311,0.5940648148148149,0.4138888888888889,14,0,0,nan,411,1392,411,0.7720465890183028
IMG_0046|r5|n30|b600|BDA-EHHO-VC-Calibrated,IMG_0046,227092.jpg,5,BDA-EHHO-VC-Calibrated,4,30,600,116789329,5.692402031965687,32,4,2,600,True,28.344401200010907,10,10,5.69241811272311,nan,nan,0,147,153,0.49,516,1287,516,0.7138103161397671
IMG_0047|r1|n30|b600|HHO-VC,IMG_0047,229036.jpg,1,HHO-VC,1,30,600,2004080665,5.055779673469522,100,2,172,600,True,19.432886800030246,12,12,5.055779673469522,nan,nan,0,0,0,nan,354,1446,354,0.8033333333333333
IMG_0047|r1|n30|b600|EHHO-VC,IMG_0047,229036.jpg,1,EHHO-VC,2,30,600,2004080665,5.055774919846346,100,2,171,600,True,21.588556699978653,13,13,5.055774919846346,0.3671492595182669,0.3506229122304304,0,0,0,nan,377,1423,377,0.7905555555555556
IMG_0047|r1|n30|b600|BEHHO-VC-Calibrated,IMG_0047,229036.jpg,1,BEHHO-VC-Calibrated,3,30,600,2004080665,5.056150281230954,38,4,212,600,True,30.322479100024793,20,20,5.056150281230954,0.8171481481481482,0.7414814814814815,2,0,0,nan,513,1290,513,0.7154742096505824
IMG_0047|r1|n30|b600|BDA-EHHO-VC-Calibrated,IMG_0047,229036.jpg,1,BDA-EHHO-VC-Calibrated,4,30,600,2004080665,5.055884461606616,135,2,168,600,True,30.65896679996513,10,10,5.055983808018089,nan,nan,0,145,155,0.48333333333333334,518,1285,518,0.7127010537992235
IMG_0047|r2|n30|b600|BEHHO-VC-Calibrated,IMG_0047,229036.jpg,2,BEHHO-VC-Calibrated,1,30,600,328156271,5.0565740562232095,2,2,6,600,True,21.315070499957073,20,20,5.0565740562232095,0.7147222222222223,0.7518518518518519,8,0,0,nan,451,1352,451,0.7498613422074321
IMG_0047|r2|n30|b600|BDA-EHHO-VC-Calibrated,IMG_0047,229036.jpg,2,BDA-EHHO-VC-Calibrated,2,30,600,328156271,5.057054202434868,5,2,143,600,True,20.91808630002197,10,10,5.057054202434868,nan,nan,0,144,156,0.48,512,1291,512,0.7160288408208542
IMG_0047|r2|n30|b600|HHO-VC,IMG_0047,229036.jpg,2,HHO-VC,3,30,600,328156271,5.0565740562232095,2,2,6,600,True,5.6783658000058495,11,11,5.0565740562232095,nan,nan,0,0,0,nan,153,1647,153,0.915
IMG_0047|r2|n30|b600|EHHO-VC,IMG_0047,229036.jpg,2,EHHO-VC,4,30,600,328156271,5.0565740562232095,2,2,6,600,True,8.757406599994283,13,13,5.0565740562232095,0.13399493474725058,0.01110616126088127,4,0,0,nan,209,1591,209,0.8838888888888888
IMG_0047|r3|n30|b600|BDA-EHHO-VC-Calibrated,IMG_0047,229036.jpg,3,BDA-EHHO-VC-Calibrated,1,30,600,505515587,5.058737096075784,131,182,4,600,True,22.19942419999279,10,10,5.058737096075784,nan,nan,0,140,160,0.4666666666666667,479,1324,479,0.7343316694398225
IMG_0047|r3|n30|b600|HHO-VC,IMG_0047,229036.jpg,3,HHO-VC,2,30,600,505515587,5.0600154413263825,72,188,255,600,True,18.757329899992328,11,11,5.0600154413263825,nan,nan,0,0,0,nan,420,1380,420,0.7666666666666667
IMG_0047|r3|n30|b600|BEHHO-VC-Calibrated,IMG_0047,229036.jpg,3,BEHHO-VC-Calibrated,3,30,600,505515587,5.0586413360552065,17,3,5,600,True,22.754042399988975,20,20,5.0586413360552065,0.8634722222222223,0.9074074074074074,0,0,0,nan,529,1274,529,0.7066001109262341
IMG_0047|r3|n30|b600|EHHO-VC,IMG_0047,229036.jpg,3,EHHO-VC,4,30,600,505515587,5.0599685106371055,73,188,255,600,True,22.694777900003828,13,13,5.0599685106371055,0.457719272343969,0.41944034110596823,0,0,0,nan,449,1351,449,0.7505555555555555
IMG_0047|r4|n30|b600|BDA-EHHO-VC-Calibrated,IMG_0047,229036.jpg,4,BDA-EHHO-VC-Calibrated,1,30,600,1045427918,5.054145093335572,128,212,2,600,True,27.188789499981795,10,10,5.054145093335572,nan,nan,0,145,155,0.48333333333333334,480,1323,480,0.7337770382695508
IMG_0047|r4|n30|b600|BEHHO-VC-Calibrated,IMG_0047,229036.jpg,4,BEHHO-VC-Calibrated,2,30,600,1045427918,5.054269327314915,10,210,2,600,True,28.339667799999006,20,20,5.054269327314915,0.8141666666666666,0.6727777777777778,3,0,0,nan,516,1287,516,0.7138103161397671
IMG_0047|r4|n30|b600|EHHO-VC,IMG_0047,229036.jpg,4,EHHO-VC,3,30,600,1045427918,5.054161126923617,123,23,2,600,True,17.76618369994685,13,13,5.054161126923617,0.26368938367661204,0.2527123483008322,0,0,0,nan,303,1497,303,0.8316666666666667
IMG_0047|r4|n30|b600|HHO-VC,IMG_0047,229036.jpg,4,HHO-VC,4,30,600,1045427918,5.054161126923617,123,23,2,600,True,15.940014699997846,11,11,5.054161126923617,nan,nan,0,0,0,nan,288,1512,288,0.84
IMG_0047|r5|n30|b600|HHO-VC,IMG_0047,229036.jpg,5,HHO-VC,1,30,600,2017572793,5.062430242002075,23,43,2,600,True,15.793619600008242,12,12,5.062430242002075,nan,nan,0,0,0,nan,264,1536,264,0.8533333333333334
IMG_0047|r5|n30|b600|BEHHO-VC-Calibrated,IMG_0047,229036.jpg,5,BEHHO-VC-Calibrated,2,30,600,2017572793,5.0628354675167815,16,192,2,600,True,28.219838300021365,20,20,5.0628354675167815,0.8200462962962962,0.7957407407407407,2,0,0,nan,486,1317,486,0.7304492512479202
IMG_0047|r5|n30|b600|EHHO-VC,IMG_0047,229036.jpg,5,EHHO-VC,3,30,600,2017572793,5.06296685713292,16,43,2,600,True,13.140377899981104,14,14,5.06296685713292,0.17983780601645608,0.0982121917319268,0,0,0,nan,252,1548,252,0.86
IMG_0047|r5|n30|b600|BDA-EHHO-VC-Calibrated,IMG_0047,229036.jpg,5,BDA-EHHO-VC-Calibrated,4,30,600,2017572793,5.062578952021094,23,65,2,600,True,27.90385410003364,10,10,5.062578952021094,nan,nan,0,138,162,0.46,492,1311,492,0.7271214642262895
IMG_0048|r1|n30|b600|BDA-EHHO-VC-Calibrated,IMG_0048,236037.jpg,1,BDA-EHHO-VC-Calibrated,1,30,600,139343538,5.5179881839946106,242,19,2,600,True,28.060956200002693,10,10,5.5179881839946106,nan,nan,0,152,148,0.5066666666666667,495,1308,495,0.7254575707154742
IMG_0048|r1|n30|b600|HHO-VC,IMG_0048,236037.jpg,1,HHO-VC,2,30,600,139343538,5.518504687357249,20,3,3,600,True,13.306879500043578,12,12,5.518504687357249,nan,nan,0,0,0,nan,233,1567,233,0.8705555555555555
IMG_0048|r1|n30|b600|BEHHO-VC-Calibrated,IMG_0048,236037.jpg,1,BEHHO-VC-Calibrated,3,30,600,139343538,5.5177500989706045,40,19,2,600,True,35.79320200002985,20,20,5.5177500989706045,0.9328796296296297,0.9340740740740742,0,0,0,nan,619,1184,619,0.6566833056017748
IMG_0048|r1|n30|b600|EHHO-VC,IMG_0048,236037.jpg,1,EHHO-VC,4,30,600,139343538,5.5179860653022486,30,3,2,600,True,14.092480799998157,14,14,5.5179860653022486,0.16200796301295478,0.054917753777841916,0,0,0,nan,242,1558,242,0.8655555555555555
IMG_0048|r2|n30|b600|EHHO-VC,IMG_0048,236037.jpg,2,EHHO-VC,1,30,600,1616256394,5.519658528342056,3,6,39,600,True,14.45662650000304,14,14,5.519658528342056,0.21386842143857335,0.07816573917709445,0,0,0,nan,270,1530,270,0.85
IMG_0048|r2|n30|b600|BDA-EHHO-VC-Calibrated,IMG_0048,236037.jpg,2,BDA-EHHO-VC-Calibrated,2,30,600,1616256394,5.5193359306547505,2,152,97,600,True,28.364576299965847,10,10,5.5193359306547505,nan,nan,0,141,159,0.47,513,1290,513,0.7154742096505824
IMG_0048|r2|n30|b600|BEHHO-VC-Calibrated,IMG_0048,236037.jpg,2,BEHHO-VC-Calibrated,3,30,600,1616256394,5.519171143579993,2,67,98,600,True,25.947254800004885,20,20,5.519171143579993,0.7934351851851852,0.7411111111111112,3,0,0,nan,468,1335,468,0.740432612312812
IMG_0048|r2|n30|b600|HHO-VC,IMG_0048,236037.jpg,2,HHO-VC,4,30,600,1616256394,5.519159570373606,2,22,202,600,True,16.40793499996653,11,11,5.519159570373606,nan,nan,0,0,0,nan,284,1516,284,0.8422222222222222
IMG_0048|r3|n30|b600|EHHO-VC,IMG_0048,236037.jpg,3,EHHO-VC,1,30,600,625216857,5.517074117840958,180,46,3,600,True,17.99582489999011,14,14,5.517074117840958,0.35808474038598154,0.32411733598840625,0,0,0,nan,318,1482,318,0.8233333333333334
IMG_0048|r3|n30|b600|BEHHO-VC-Calibrated,IMG_0048,236037.jpg,3,BEHHO-VC-Calibrated,2,30,600,625216857,5.51758653779509,201,250,2,600,True,34.24206570000388,20,20,5.51758653779509,0.9318333333333333,0.9196296296296295,0,0,0,nan,593,1210,593,0.6711037160288408
IMG_0048|r3|n30|b600|BDA-EHHO-VC-Calibrated,IMG_0048,236037.jpg,3,BDA-EHHO-VC-Calibrated,3,30,600,625216857,5.517273033231423,183,62,2,600,True,29.54579389997525,10,10,5.517273033231423,nan,nan,0,145,155,0.48333333333333334,507,1296,507,0.718801996672213
IMG_0048|r3|n30|b600|HHO-VC,IMG_0048,236037.jpg,3,HHO-VC,4,30,600,625216857,5.517110075733707,201,46,3,600,True,18.549058299977332,12,12,5.517110075733707,nan,nan,0,0,0,nan,312,1488,312,0.8266666666666667
IMG_0048|r4|n30|b600|HHO-VC,IMG_0048,236037.jpg,4,HHO-VC,1,30,600,975391771,5.5167475036584195,52,39,2,600,True,25.059134599985555,12,12,5.5167475036584195,nan,nan,0,0,0,nan,418,1382,418,0.7677777777777778
IMG_0048|r4|n30|b600|BDA-EHHO-VC-Calibrated,IMG_0048,236037.jpg,4,BDA-EHHO-VC-Calibrated,2,30,600,975391771,5.516683926636078,80,246,2,600,True,29.400307600037195,10,10,5.516683926636078,nan,nan,0,152,148,0.5066666666666667,485,1318,485,0.7310038824181919
IMG_0048|r4|n30|b600|EHHO-VC,IMG_0048,236037.jpg,4,EHHO-VC,3,30,600,975391771,5.516910544888828,229,180,255,600,True,28.924016999953892,14,14,5.516910544888828,0.5177356462690749,0.6039634683860675,0,0,0,nan,492,1308,492,0.7266666666666667
IMG_0048|r4|n30|b600|BEHHO-VC-Calibrated,IMG_0048,236037.jpg,4,BEHHO-VC-Calibrated,4,30,600,975391771,5.5167423983034025,34,4,2,600,True,30.707409699971322,20,20,5.5167423983034025,0.7998333333333335,0.8166666666666668,3,0,0,nan,529,1274,529,0.7066001109262341
IMG_0048|r5|n30|b600|BEHHO-VC-Calibrated,IMG_0048,236037.jpg,5,BEHHO-VC-Calibrated,1,30,600,402230152,5.516857139066737,8,165,6,600,True,33.64618599996902,20,20,5.516857139066737,0.9194166666666665,0.8848148148148148,0,0,0,nan,567,1236,567,0.6855241264559068
IMG_0048|r5|n30|b600|BDA-EHHO-VC-Calibrated,IMG_0048,236037.jpg,5,BDA-EHHO-VC-Calibrated,2,30,600,402230152,5.516636496205383,34,234,3,600,True,30.419075299985707,10,10,5.516971504532031,nan,nan,0,150,150,0.5,509,1294,509,0.7176927343316695
IMG_0048|r5|n30|b600|HHO-VC,IMG_0048,236037.jpg,5,HHO-VC,3,30,600,402230152,5.51632876507169,8,186,3,600,True,14.592187499976717,11,11,5.51632876507169,nan,nan,0,0,0,nan,267,1533,267,0.8516666666666667
IMG_0048|r5|n30|b600|EHHO-VC,IMG_0048,236037.jpg,5,EHHO-VC,4,30,600,402230152,5.516315663387647,8,180,3,600,True,16.768267999985255,13,13,5.516315663387647,0.29469899752769285,0.2654083352734424,0,0,0,nan,280,1520,280,0.8444444444444444
IMG_0049|r1|n30|b600|HHO-VC,IMG_0049,24077.jpg,1,HHO-VC,1,30,600,939269654,4.595957393694268,218,135,189,600,True,26.328645100002177,12,12,4.595957393694268,nan,nan,0,0,0,nan,445,1355,445,0.7527777777777778
IMG_0049|r1|n30|b600|BEHHO-VC-Calibrated,IMG_0049,24077.jpg,1,BEHHO-VC-Calibrated,2,30,600,939269654,4.594414906187012,2,130,4,600,True,27.212383700010832,20,20,4.594414906187012,0.6867777777777778,0.8799999999999999,10,0,0,nan,466,1337,466,0.7415418746533555
IMG_0049|r1|n30|b600|BDA-EHHO-VC-Calibrated,IMG_0049,24077.jpg,1,BDA-EHHO-VC-Calibrated,3,30,600,939269654,4.595464975715667,240,242,10,600,True,28.36004670005059,10,10,4.595464975715667,nan,nan,0,145,155,0.48333333333333334,489,1314,489,0.7287853577371048
IMG_0049|r1|n30|b600|EHHO-VC,IMG_0049,24077.jpg,1,EHHO-VC,4,30,600,939269654,4.594508319170692,3,7,4,600,True,17.48252149997279,13,13,4.594508319170692,0.2246238740816218,0.09564584797278948,3,0,0,nan,299,1501,299,0.8338888888888889
IMG_0049|r2|n30|b600|EHHO-VC,IMG_0049,24077.jpg,2,EHHO-VC,1,30,600,69529773,4.59426424388867,5,23,100,600,True,17.756776099966373,13,13,4.59426424388867,0.2517191942274358,0.1998219595382857,0,0,0,nan,286,1514,286,0.8411111111111111
IMG_0049|r2|n30|b600|HHO-VC,IMG_0049,24077.jpg,2,HHO-VC,2,30,600,69529773,4.594646718592735,6,23,144,600,True,16.324769800005015,11,11,4.594646718592735,nan,nan,0,0,0,nan,279,1521,279,0.845
IMG_0049|r2|n30|b600|BDA-EHHO-VC-Calibrated,IMG_0049,24077.jpg,2,BDA-EHHO-VC-Calibrated,3,30,600,69529773,4.595065035017842,128,10,92,600,True,30.285746400011703,10,10,4.595065035017842,nan,nan,0,148,152,0.49333333333333335,505,1298,505,0.7199112590127565
IMG_0049|r2|n30|b600|BEHHO-VC-Calibrated,IMG_0049,24077.jpg,2,BEHHO-VC-Calibrated,4,30,600,69529773,4.594393675745358,7,16,32,600,True,25.986499099992216,20,20,4.594393675745358,0.8077777777777777,0.7216666666666667,0,0,0,nan,501,1302,501,0.7221297836938436
IMG_0049|r3|n30|b600|BEHHO-VC-Calibrated,IMG_0049,24077.jpg,3,BEHHO-VC-Calibrated,1,30,600,2047873176,4.59677083502021,2,5,160,600,True,32.04146119998768,20,20,4.59677083502021,0.8938425925925925,0.8344444444444444,0,0,0,nan,586,1217,586,0.6749861342207432
IMG_0049|r3|n30|b600|BDA-EHHO-VC-Calibrated,IMG_0049,24077.jpg,3,BDA-EHHO-VC-Calibrated,2,30,600,2047873176,4.596427452884952,2,215,222,600,True,28.055877699982375,10,10,4.596605028316547,nan,nan,0,138,162,0.46,506,1297,506,0.7193566278424848
IMG_0049|r3|n30|b600|HHO-VC,IMG_0049,24077.jpg,3,HHO-VC,3,30,600,2047873176,4.595087660384076,2,9,20,600,True,15.911735199973918,11,11,4.595087660384076,nan,nan,0,0,0,nan,295,1505,295,0.8361111111111111
IMG_0049|r3|n30|b600|EHHO-VC,IMG_0049,24077.jpg,3,EHHO-VC,4,30,600,2047873176,4.595358576674795,2,14,20,600,True,15.686717700038571,13,13,4.595358576674795,0.1806951560644307,0.051581348354015656,0,0,0,nan,278,1522,278,0.8455555555555555
IMG_0049|r4|n30|b600|BEHHO-VC-Calibrated,IMG_0049,24077.jpg,4,BEHHO-VC-Calibrated,1,30,600,291645652,4.600760134557369,6,192,100,600,True,32.80274809995899,20,20,4.600760134557369,0.8454907407407408,0.482962962962963,3,0,0,nan,543,1260,543,0.6988352745424293
IMG_0049|r4|n30|b600|BDA-EHHO-VC-Calibrated,IMG_0049,24077.jpg,4,BDA-EHHO-VC-Calibrated,2,30,600,291645652,4.602117868496415,241,204,60,600,True,30.07844000001205,10,10,4.602277904316054,nan,nan,0,156,144,0.52,502,1301,502,0.7215751525235718
IMG_0049|r4|n30|b600|HHO-VC,IMG_0049,24077.jpg,4,HHO-VC,3,30,600,291645652,4.601606868499354,2,2,3,600,True,10.138024299987592,11,11,4.601606868499354,nan,nan,0,0,0,nan,165,1635,165,0.9083333333333333
IMG_0049|r4|n30|b600|EHHO-VC,IMG_0049,24077.jpg,4,EHHO-VC,4,30,600,291645652,4.600794769785303,6,7,11,600,True,11.442426800029352,13,13,4.600794769785303,0.11828868250117809,0.03202967924314561,3,0,0,nan,203,1597,203,0.8872222222222222
IMG_0049|r5|n30|b600|EHHO-VC,IMG_0049,24077.jpg,5,EHHO-VC,1,30,600,473609787,4.592313287949801,9,34,5,600,True,12.794698100013193,14,14,4.592313287949801,0.1122905345998966,0.07649051994080618,3,0,0,nan,210,1590,210,0.8833333333333333
IMG_0049|r5|n30|b600|BEHHO-VC-Calibrated,IMG_0049,24077.jpg,5,BEHHO-VC-Calibrated,2,30,600,473609787,4.592608354001997,8,34,2,600,True,24.462245999951847,20,20,4.592608354001997,0.7502962962962962,0.5562962962962963,6,0,0,nan,431,1372,431,0.7609539656128674
IMG_0049|r5|n30|b600|BDA-EHHO-VC-Calibrated,IMG_0049,24077.jpg,5,BDA-EHHO-VC-Calibrated,3,30,600,473609787,4.592659635860163,3,32,4,600,True,26.035761400009505,10,10,4.592659635860163,nan,nan,0,150,150,0.5,488,1315,488,0.7293399889073766
IMG_0049|r5|n30|b600|HHO-VC,IMG_0049,24077.jpg,5,HHO-VC,4,30,600,473609787,4.593381639118385,3,3,3,600,True,6.529580799979158,12,12,4.593381639118385,nan,nan,0,0,0,nan,142,1658,142,0.9211111111111111
IMG_0050|r1|n30|b600|HHO-VC,IMG_0050,241004.jpg,1,HHO-VC,1,30,600,1371822312,4.624646354612341,13,7,26,600,True,11.267860400024801,11,11,4.624646354612341,nan,nan,0,0,0,nan,199,1601,199,0.8894444444444445
IMG_0050|r1|n30|b600|BEHHO-VC-Calibrated,IMG_0050,241004.jpg,1,BEHHO-VC-Calibrated,2,30,600,1371822312,4.6247677875204385,64,4,3,600,True,23.661588300019503,20,20,4.6247677875204385,0.6876296296296297,0.648888888888889,13,0,0,nan,441,1362,441,0.7554076539101497
IMG_0050|r1|n30|b600|BDA-EHHO-VC-Calibrated,IMG_0050,241004.jpg,1,BDA-EHHO-VC-Calibrated,3,30,600,1371822312,4.624358556068118,69,33,48,600,True,27.639862800017,10,10,4.624465957322634,nan,nan,0,132,168,0.44,486,1317,486,0.7304492512479202
IMG_0050|r1|n30|b600|EHHO-VC,IMG_0050,241004.jpg,1,EHHO-VC,4,30,600,1371822312,4.624646354612341,13,7,26,600,True,10.213731299969368,13,13,4.624646354612341,0.10065732780326477,0.047007902388362895,0,0,0,nan,182,1618,182,0.8988888888888888
IMG_0050|r2|n30|b600|BEHHO-VC-Calibrated,IMG_0050,241004.jpg,2,BEHHO-VC-Calibrated,1,30,600,83052239,4.62025126760034,5,130,98,600,True,32.274123599985614,20,20,4.62025126760034,0.9222037037037036,0.9553703703703703,0,0,0,nan,601,1202,601,0.6666666666666666
IMG_0050|r2|n30|b600|BDA-EHHO-VC-Calibrated,IMG_0050,241004.jpg,2,BDA-EHHO-VC-Calibrated,2,30,600,83052239,4.620562448762443,2,56,40,600,True,14.794633899990004,10,10,4.620562448762443,nan,nan,0,156,144,0.52,485,1318,485,0.7310038824181919
IMG_0050|r2|n30|b600|EHHO-VC,IMG_0050,241004.jpg,2,EHHO-VC,3,30,600,83052239,4.6203891866685325,2,67,36,600,True,11.349526299978606,14,14,4.6203891866685325,0.17331856224326006,0.1291430463586537,0,0,0,nan,256,1544,256,0.8577777777777778
IMG_0050|r2|n30|b600|HHO-VC,IMG_0050,241004.jpg,2,HHO-VC,4,30,600,83052239,4.620327116928298,2,57,34,600,True,11.138017299992498,12,12,4.620327116928298,nan,nan,0,0,0,nan,250,1550,250,0.8611111111111112
IMG_0050|r3|n30|b600|BEHHO-VC-Calibrated,IMG_0050,241004.jpg,3,BEHHO-VC-Calibrated,1,30,600,1138101324,4.624255642134124,2,76,16,600,True,16.969220699975267,20,20,4.624255642134124,0.7219537037037037,0.5533333333333333,7,0,0,nan,403,1400,403,0.776483638380477
IMG_0050|r3|n30|b600|EHHO-VC,IMG_0050,241004.jpg,3,EHHO-VC,2,30,600,1138101324,4.623850307522875,2,79,9,600,True,12.019069199974183,14,14,4.623850307522875,0.20211895965196566,0.13938412146804602,0,0,0,nan,255,1545,255,0.8583333333333333
IMG_0050|r3|n30|b600|BDA-EHHO-VC-Calibrated,IMG_0050,241004.jpg,3,BDA-EHHO-VC-Calibrated,3,30,600,1138101324,4.624609287480422,2,66,103,600,True,23.48153639998054,10,10,4.624609287480422,nan,nan,0,147,153,0.49,509,1294,509,0.7176927343316695
IMG_0050|r3|n30|b600|HHO-VC,IMG_0050,241004.jpg,3,HHO-VC,4,30,600,1138101324,4.624052086039736,2,76,5,600,True,9.238017400028184,12,12,4.624052086039736,nan,nan,0,0,0,nan,224,1576,224,0.8755555555555555
IMG_0050|r4|n30|b600|HHO-VC,IMG_0050,241004.jpg,4,HHO-VC,1,30,600,139719164,4.6221200841137176,2,2,2,600,True,5.1961045999778435,11,11,4.6221200841137176,nan,nan,0,0,0,nan,136,1664,136,0.9244444444444444
IMG_0050|r4|n30|b600|BEHHO-VC-Calibrated,IMG_0050,241004.jpg,4,BEHHO-VC-Calibrated,2,30,600,139719164,4.621575386347584,2,4,2,600,True,26.14110949996393,20,20,4.621575386347584,0.7845,0.9503703703703703,3,0,0,nan,484,1319,484,0.7315585135884637
IMG_0050|r4|n30|b600|BDA-EHHO-VC-Calibrated,IMG_0050,241004.jpg,4,BDA-EHHO-VC-Calibrated,3,30,600,139719164,4.6228330231127215,2,60,212,600,True,19.819706599984784,10,10,4.6228330231127215,nan,nan,0,135,165,0.45,461,1342,461,0.7443150305047144
IMG_0050|r4|n30|b600|EHHO-VC,IMG_0050,241004.jpg,4,EHHO-VC,4,30,600,139719164,4.621256237445459,2,3,2,600,True,6.942601599963382,13,13,4.621256237445459,0.0866793117740504,0.09586556561401034,6,0,0,nan,167,1633,167,0.9072222222222223
IMG_0050|r5|n30|b600|HHO-VC,IMG_0050,241004.jpg,5,HHO-VC,1,30,600,247767852,4.620296175734301,5,4,5,600,True,11.864261900016572,11,11,4.620296175734301,nan,nan,0,0,0,nan,311,1489,311,0.8272222222222222
IMG_0050|r5|n30|b600|EHHO-VC,IMG_0050,241004.jpg,5,EHHO-VC,2,30,600,247767852,4.620256508992621,5,3,4,600,True,14.200365800003055,14,14,4.620256508992621,0.14896660481824048,0.08468479570792486,3,0,0,nan,319,1481,319,0.8227777777777778
IMG_0050|r5|n30|b600|BDA-EHHO-VC-Calibrated,IMG_0050,241004.jpg,5,BDA-EHHO-VC-Calibrated,3,30,600,247767852,4.620480714951741,5,81,115,600,True,17.807081400009338,10,10,4.620480714951741,nan,nan,0,156,144,0.52,510,1293,510,0.7171381031613977
IMG_0050|r5|n30|b600|BEHHO-VC-Calibrated,IMG_0050,241004.jpg,5,BEHHO-VC-Calibrated,4,30,600,247767852,4.621139940049479,253,108,2,600,True,18.198842599987984,20,20,4.621139940049479,0.8968518518518518,0.8709259259259259,0,0,0,nan,541,1262,541,0.6999445368829729
IMG_0051|r1|n30|b600|BDA-EHHO-VC-Calibrated,IMG_0051,241048.jpg,1,BDA-EHHO-VC-Calibrated,1,30,600,1961612768,4.918644053460498,56,19,158,600,True,22.938757799973246,10,10,4.918644053460498,nan,nan,0,150,150,0.5,505,1298,505,0.7199112590127565
IMG_0051|r1|n30|b600|HHO-VC,IMG_0051,241048.jpg,1,HHO-VC,2,30,600,1961612768,4.9190220816767445,26,109,165,600,True,17.878926099976525,12,12,4.9190220816767445,nan,nan,0,0,0,nan,387,1413,387,0.785
IMG_0051|r1|n30|b600|BEHHO-VC-Calibrated,IMG_0051,241048.jpg,1,BEHHO-VC-Calibrated,3,30,600,1961612768,4.9191200061519735,64,26,48,600,True,23.44044410000788,20,20,4.9191200061519735,0.7706759259259258,0.8207407407407407,3,0,0,nan,449,1354,449,0.7509706045479756
IMG_0051|r1|n30|b600|EHHO-VC,IMG_0051,241048.jpg,1,EHHO-VC,4,30,600,1961612768,4.919192548737999,26,106,160,600,True,20.247739799960982,14,14,4.919192548737999,0.3564388847344933,0.3829763435976334,0,0,0,nan,396,1404,396,0.78
IMG_0051|r2|n30|b600|EHHO-VC,IMG_0051,241048.jpg,2,EHHO-VC,1,30,600,1297567261,4.915576439372397,3,3,3,600,True,10.811686000030022,13,13,4.915576439372397,0.11306654145490544,0.04773271637597903,5,0,0,nan,212,1588,212,0.8822222222222222
IMG_0051|r2|n30|b600|BEHHO-VC-Calibrated,IMG_0051,241048.jpg,2,BEHHO-VC-Calibrated,2,30,600,1297567261,4.916244811276495,2,2,3,600,True,20.434963000006974,20,20,4.916244811276495,0.644537037037037,0.5722222222222223,13,0,0,nan,422,1381,422,0.7659456461453134
IMG_0051|r2|n30|b600|BDA-EHHO-VC-Calibrated,IMG_0051,241048.jpg,2,BDA-EHHO-VC-Calibrated,3,30,600,1297567261,4.915998907052242,3,4,2,600,True,24.6914641999756,10,10,4.915998907052242,nan,nan,0,149,151,0.49666666666666665,516,1287,516,0.7138103161397671
IMG_0051|r2|n30|b600|HHO-VC,IMG_0051,241048.jpg,2,HHO-VC,4,30,600,1297567261,4.915576439372397,3,3,3,600,True,9.079748399963137,12,12,4.915576439372397,nan,nan,0,0,0,nan,152,1648,152,0.9155555555555556
IMG_0051|r3|n30|b600|HHO-VC,IMG_0051,241048.jpg,3,HHO-VC,1,30,600,940440688,4.92111098407032,6,14,12,600,True,13.0320033999742,11,11,4.92111098407032,nan,nan,0,0,0,nan,242,1558,242,0.8655555555555555
IMG_0051|r3|n30|b600|BDA-EHHO-VC-Calibrated,IMG_0051,241048.jpg,3,BDA-EHHO-VC-Calibrated,2,30,600,940440688,4.921801314092416,18,40,208,600,True,24.63507939997362,10,10,4.921801314092416,nan,nan,0,154,146,0.5133333333333333,484,1319,484,0.7315585135884637
IMG_0051|r3|n30|b600|EHHO-VC,IMG_0051,241048.jpg,3,EHHO-VC,3,30,600,940440688,4.921213401743165,7,31,12,600,True,11.631300600012764,13,13,4.921213401743165,0.1310262178838233,0.06507943065172472,0,0,0,nan,232,1568,232,0.8711111111111111
IMG_0051|r3|n30|b600|BEHHO-VC-Calibrated,IMG_0051,241048.jpg,3,BEHHO-VC-Calibrated,4,30,600,940440688,4.922075929459783,64,2,32,600,True,31.350217300001532,20,20,4.922075929459783,0.8556759259259261,0.5990740740740741,3,0,0,nan,582,1221,582,0.6772046589018302
IMG_0051|r4|n30|b600|HHO-VC,IMG_0051,241048.jpg,4,HHO-VC,1,30,600,1142607502,4.913443980923872,2,2,16,600,True,10.170578500023112,11,11,4.913443980923872,nan,nan,0,0,0,nan,211,1589,211,0.8827777777777778
IMG_0051|r4|n30|b600|BDA-EHHO-VC-Calibrated,IMG_0051,241048.jpg,4,BDA-EHHO-VC-Calibrated,2,30,600,1142607502,4.913503184447585,3,2,8,600,True,23.904326100018807,10,10,4.9149026368752535,nan,nan,0,142,158,0.47333333333333333,513,1290,513,0.7154742096505824
IMG_0051|r4|n30|b600|BEHHO-VC-Calibrated,IMG_0051,241048.jpg,4,BEHHO-VC-Calibrated,3,30,600,1142607502,4.914174053332238,2,2,8,600,True,18.10605529998429,20,20,4.914174053332238,0.6004351851851851,0.26185185185185184,10,0,0,nan,428,1375,428,0.7626178591236827
IMG_0051|r4|n30|b600|EHHO-VC,IMG_0051,241048.jpg,4,EHHO-VC,4,30,600,1142607502,4.913292480314502,3,3,55,600,True,12.967230200010817,13,13,4.913292480314502,0.1536475447512849,0.08868884384233983,0,0,0,nan,219,1581,219,0.8783333333333333
IMG_0051|r5|n30|b600|EHHO-VC,IMG_0051,241048.jpg,5,EHHO-VC,1,30,600,535131376,4.914147017658938,2,9,2,600,True,9.854102900018916,12,12,4.914147017658938,0.1257191837035385,0.0808390286115885,3,0,0,nan,194,1606,194,0.8922222222222222
IMG_0051|r5|n30|b600|BEHHO-VC-Calibrated,IMG_0051,241048.jpg,5,BEHHO-VC-Calibrated,2,30,600,535131376,4.914489723235105,48,8,2,600,True,20.648773699998856,20,20,4.914489723235105,0.6349814814814814,0.7144444444444445,12,0,0,nan,409,1394,409,0.7731558513588463
IMG_0051|r5|n30|b600|HHO-VC,IMG_0051,241048.jpg,5,HHO-VC,3,30,600,535131376,4.914147017658938,2,9,2,600,True,12.186438000004273,11,11,4.914147017658938,nan,nan,0,0,0,nan,179,1621,179,0.9005555555555556
IMG_0051|r5|n30|b600|BDA-EHHO-VC-Calibrated,IMG_0051,241048.jpg,5,BDA-EHHO-VC-Calibrated,4,30,600,535131376,4.915061066676713,194,25,2,600,True,28.325971300015226,10,10,4.915935242884288,nan,nan,0,153,147,0.51,500,1303,500,0.7226844148641154
IMG_0052|r1|n30|b600|HHO-VC,IMG_0052,253027.jpg,1,HHO-VC,1,30,600,1324686493,5.366033376293383,17,203,135,600,True,20.8019123999984,11,11,5.366033376293383,nan,nan,0,0,0,nan,380,1420,380,0.7888888888888889
IMG_0052|r1|n30|b600|BDA-EHHO-VC-Calibrated,IMG_0052,253027.jpg,1,BDA-EHHO-VC-Calibrated,2,30,600,1324686493,5.366201170913203,73,235,134,600,True,29.91631070000585,10,10,5.366201170913203,nan,nan,0,142,158,0.47333333333333333,517,1286,517,0.7132556849694953
IMG_0052|r1|n30|b600|BEHHO-VC-Calibrated,IMG_0052,253027.jpg,1,BEHHO-VC-Calibrated,3,30,600,1324686493,5.366140100110908,40,207,136,600,True,26.05930119997356,20,20,5.366140100110908,0.8622962962962963,0.8150000000000001,0,0,0,nan,523,1280,523,0.7099278979478647
IMG_0052|r1|n30|b600|EHHO-VC,IMG_0052,253027.jpg,1,EHHO-VC,4,30,600,1324686493,5.366007539925057,29,228,186,600,True,20.715079199988395,13,13,5.366007539925057,0.4449233102714184,0.4040483811593394,0,0,0,nan,431,1369,431,0.7605555555555555
IMG_0052|r2|n30|b600|EHHO-VC,IMG_0052,253027.jpg,2,EHHO-VC,1,30,600,246631709,5.367587158211184,2,26,2,600,True,10.222418599994853,13,13,5.367587158211184,0.16656636892975,0.051355910502467565,0,0,0,nan,243,1557,243,0.865
IMG_0052|r2|n30|b600|BDA-EHHO-VC-Calibrated,IMG_0052,253027.jpg,2,BDA-EHHO-VC-Calibrated,2,30,600,246631709,5.366456378432726,38,178,2,600,True,16.38508959999308,10,10,5.366456378432726,nan,nan,0,144,156,0.48,506,1297,506,0.7193566278424848
IMG_0052|r2|n30|b600|BEHHO-VC-Calibrated,IMG_0052,253027.jpg,2,BEHHO-VC-Calibrated,3,30,600,246631709,5.366459253743014,8,97,2,600,True,20.81080680002924,20,20,5.366459253743014,0.7747685185185185,0.6548148148148148,5,0,0,nan,492,1311,492,0.7271214642262895
IMG_0052|r2|n30|b600|HHO-VC,IMG_0052,253027.jpg,2,HHO-VC,4,30,600,246631709,5.367574218474154,2,43,2,600,True,10.826642800006084,11,11,5.367574218474154,nan,nan,0,0,0,nan,251,1549,251,0.8605555555555555
IMG_0052|r3|n30|b600|EHHO-VC,IMG_0052,253027.jpg,3,EHHO-VC,1,30,600,1129041242,5.373268750759909,27,5,71,600,True,10.504111399990506,13,13,5.373268750759909,0.1703632757571501,0.1590022874569078,0,0,0,nan,243,1557,243,0.865
IMG_0052|r3|n30|b600|BEHHO-VC-Calibrated,IMG_0052,253027.jpg,3,BEHHO-VC-Calibrated,2,30,600,1129041242,5.372843759720955,64,2,2,600,True,18.27984450000804,20,20,5.372843759720955,0.6231388888888889,0.3790740740740741,15,0,0,nan,401,1402,401,0.7775929007210205
IMG_0052|r3|n30|b600|BDA-EHHO-VC-Calibrated,IMG_0052,253027.jpg,3,BDA-EHHO-VC-Calibrated,3,30,600,1129041242,5.373175223055597,16,2,2,600,True,22.799887700006366,10,10,5.373175223055597,nan,nan,0,140,160,0.4666666666666667,498,1305,498,0.7237936772046589
IMG_0052|r3|n30|b600|HHO-VC,IMG_0052,253027.jpg,3,HHO-VC,4,30,600,1129041242,5.3734518356557635,11,2,47,600,True,9.35260380001273,11,11,5.3734518356557635,nan,nan,0,0,0,nan,213,1587,213,0.8816666666666667
IMG_0052|r4|n30|b600|BDA-EHHO-VC-Calibrated,IMG_0052,253027.jpg,4,BDA-EHHO-VC-Calibrated,1,30,600,1723739887,5.371151738697151,65,198,234,600,True,22.01797099999385,10,10,5.371151738697151,nan,nan,0,158,142,0.5266666666666666,506,1297,506,0.7193566278424848
IMG_0052|r4|n30|b600|BEHHO-VC-Calibrated,IMG_0052,253027.jpg,4,BEHHO-VC-Calibrated,2,30,600,1723739887,5.371365466014043,28,144,7,600,True,24.50422719999915,20,20,5.371365466014043,0.8580092592592592,0.840185185185185,0,0,0,nan,506,1297,506,0.7193566278424848
IMG_0052|r4|n30|b600|EHHO-VC,IMG_0052,253027.jpg,4,EHHO-VC,3,30,600,1723739887,5.370805771184796,32,196,14,600,True,16.53246840002248,13,13,5.370805771184796,0.3467315678159792,0.2619856153546538,0,0,0,nan,320,1480,320,0.8222222222222222
IMG_0052|r4|n30|b600|HHO-VC,IMG_0052,253027.jpg,4,HHO-VC,4,30,600,1723739887,5.370989389911055,32,201,14,600,True,20.929841799952555,11,11,5.370989389911055,nan,nan,0,0,0,nan,313,1487,313,0.8261111111111111
IMG_0052|r5|n30|b600|BEHHO-VC-Calibrated,IMG_0052,253027.jpg,5,BEHHO-VC-Calibrated,1,30,600,1796719480,5.371537342810054,219,65,134,600,True,34.09452380001312,20,20,5.371537342810054,0.908074074074074,0.8705555555555554,0,0,0,nan,561,1242,561,0.6888519134775375
IMG_0052|r5|n30|b600|HHO-VC,IMG_0052,253027.jpg,5,HHO-VC,2,30,600,1796719480,5.3718331238137615,230,247,138,600,True,24.121300400001928,11,11,5.3718331238137615,nan,nan,0,0,0,nan,452,1348,452,0.7488888888888889
IMG_0052|r5|n30|b600|BDA-EHHO-VC-Calibrated,IMG_0052,253027.jpg,5,BDA-EHHO-VC-Calibrated,3,30,600,1796719480,5.371597025478536,193,5,132,600,True,24.929055300017353,10,10,5.371597025478536,nan,nan,0,147,153,0.49,489,1314,489,0.7287853577371048
IMG_0052|r5|n30|b600|EHHO-VC,IMG_0052,253027.jpg,5,EHHO-VC,4,30,600,1796719480,5.371830382579662,231,247,138,600,True,22.368385100038722,13,13,5.371830382579662,0.5560374880102649,0.5717559052577009,0,0,0,nan,476,1324,476,0.7355555555555555
IMG_0053|r1|n30|b600|EHHO-VC,IMG_0053,253055.jpg,1,EHHO-VC,1,30,600,1185244817,4.585661352521304,2,3,20,600,True,10.943504399969243,13,13,4.585661352521304,0.17528702296132714,0.033770968446538846,0,0,0,nan,216,1584,216,0.88
IMG_0053|r1|n30|b600|BDA-EHHO-VC-Calibrated,IMG_0053,253055.jpg,1,BDA-EHHO-VC-Calibrated,2,30,600,1185244817,4.58792764891009,149,36,50,600,True,22.406240799988154,10,10,4.58792764891009,nan,nan,0,150,150,0.5,466,1337,466,0.7415418746533555
IMG_0053|r1|n30|b600|BEHHO-VC-Calibrated,IMG_0053,253055.jpg,1,BEHHO-VC-Calibrated,3,30,600,1185244817,4.586655289569433,2,2,16,600,True,20.469055099994875,20,20,4.586655289569433,0.6146388888888888,0.48574074074074075,14,0,0,nan,417,1386,417,0.7687188019966722
IMG_0053|r1|n30|b600|HHO-VC,IMG_0053,253055.jpg,1,HHO-VC,4,30,600,1185244817,4.585801634345814,2,2,7,600,True,3.8075468000024557,11,11,4.585801634345814,nan,nan,0,0,0,nan,217,1583,217,0.8794444444444445
IMG_0053|r2|n30|b600|HHO-VC,IMG_0053,253055.jpg,2,HHO-VC,1,30,600,322793293,4.587232760787366,2,2,2,600,True,5.854947699990589,11,11,4.587232760787366,nan,nan,0,0,0,nan,163,1637,163,0.9094444444444445
IMG_0053|r2|n30|b600|BEHHO-VC-Calibrated,IMG_0053,253055.jpg,2,BEHHO-VC-Calibrated,2,30,600,322793293,4.587116888812928,17,2,2,600,True,16.573364900017623,20,20,4.587116888812928,0.6219907407407407,0.6164814814814815,13,0,0,nan,423,1380,423,0.7653910149750416
IMG_0053|r2|n30|b600|EHHO-VC,IMG_0053,253055.jpg,2,EHHO-VC,3,30,600,322793293,4.587232760787366,2,2,2,600,True,7.273955799988471,13,13,4.587232760787366,0.11886152111993627,0.05171222592132569,5,0,0,nan,201,1599,201,0.8883333333333333
IMG_0053|r2|n30|b600|BDA-EHHO-VC-Calibrated,IMG_0053,253055.jpg,2,BDA-EHHO-VC-Calibrated,4,30,600,322793293,4.587200327087151,2,2,64,600,True,19.87818810000317,10,10,4.587200327087151,nan,nan,0,148,152,0.49333333333333335,491,1312,491,0.7276760953965613
IMG_0053|r3|n30|b600|HHO-VC,IMG_0053,253055.jpg,3,HHO-VC,1,30,600,896560067,4.585569997209916,141,96,43,600,True,14.227976499998476,11,11,4.585569997209916,nan,nan,0,0,0,nan,387,1413,387,0.785
IMG_0053|r3|n30|b600|BEHHO-VC-Calibrated,IMG_0053,253055.jpg,3,BEHHO-VC-Calibrated,2,30,600,896560067,4.584548618862441,12,168,72,600,True,22.27575380000053,20,20,4.584548618862441,0.8534907407407406,0.831111111111111,2,0,0,nan,537,1266,537,0.7021630615640599
IMG_0053|r3|n30|b600|EHHO-VC,IMG_0053,253055.jpg,3,EHHO-VC,3,30,600,896560067,4.5854950524368405,139,94,43,600,True,19.190663099987432,13,13,4.5854950524368405,0.33271118313734976,0.30552765039005364,0,0,0,nan,416,1384,416,0.7688888888888888
IMG_0053|r3|n30|b600|BDA-EHHO-VC-Calibrated,IMG_0053,253055.jpg,3,BDA-EHHO-VC-Calibrated,4,30,600,896560067,4.585061650916054,11,244,35,600,True,27.04612819995964,10,10,4.585061650916054,nan,nan,0,163,137,0.5433333333333333,488,1315,488,0.7293399889073766
IMG_0053|r4|n30|b600|BDA-EHHO-VC-Calibrated,IMG_0053,253055.jpg,4,BDA-EHHO-VC-Calibrated,1,30,600,955477070,4.578706739772419,4,11,33,600,True,18.369886000000406,10,10,4.578706739772419,nan,nan,0,151,149,0.5033333333333333,487,1316,487,0.7298946200776484
IMG_0053|r4|n30|b600|HHO-VC,IMG_0053,253055.jpg,4,HHO-VC,2,30,600,955477070,4.5790691415994305,4,70,23,600,True,9.025751000037417,12,12,4.5790691415994305,nan,nan,0,0,0,nan,248,1552,248,0.8622222222222222
IMG_0053|r4|n30|b600|BEHHO-VC-Calibrated,IMG_0053,253055.jpg,4,BEHHO-VC-Calibrated,3,30,600,955477070,4.57865175054097,3,154,23,600,True,22.42432530003134,20,20,4.57865175054097,0.9299722222222224,0.918148148148148,0,0,0,nan,578,1225,578,0.6794231835829173
IMG_0053|r4|n30|b600|EHHO-VC,IMG_0053,253055.jpg,4,EHHO-VC,4,30,600,955477070,4.579005953350851,4,124,43,600,True,10.342067299992777,13,13,4.579005953350851,0.17883422594701365,0.22344917356133978,0,0,0,nan,278,1522,278,0.8455555555555555
IMG_0053|r5|n30|b600|EHHO-VC,IMG_0053,253055.jpg,5,EHHO-VC,1,30,600,1965025883,4.586581176727003,11,3,2,600,True,8.677420300024096,13,13,4.586581176727003,0.12616123083257108,0.09873000147651094,4,0,0,nan,215,1585,215,0.8805555555555555
IMG_0053|r5|n30|b600|BDA-EHHO-VC-Calibrated,IMG_0053,253055.jpg,5,BDA-EHHO-VC-Calibrated,2,30,600,1965025883,4.588011998105828,39,8,70,600,True,19.965333500003908,10,10,4.588011998105828,nan,nan,0,135,165,0.45,492,1311,492,0.7271214642262895
IMG_0053|r5|n30|b600|BEHHO-VC-Calibrated,IMG_0053,253055.jpg,5,BEHHO-VC-Calibrated,3,30,600,1965025883,4.588052995282932,136,3,56,600,True,24.5023750999826,20,20,4.588052995282932,0.8513055555555555,0.7922222222222223,2,0,0,nan,593,1210,593,0.6711037160288408
IMG_0053|r5|n30|b600|HHO-VC,IMG_0053,253055.jpg,5,HHO-VC,4,30,600,1965025883,4.586267974663616,11,3,4,600,True,9.070844200032298,11,11,4.586267974663616,nan,nan,0,0,0,nan,197,1603,197,0.8905555555555555
IMG_0054|r1|n30|b600|BEHHO-VC-Calibrated,IMG_0054,260058.jpg,1,BEHHO-VC-Calibrated,1,30,600,1986971700,5.4480941958430655,4,16,2,600,True,18.91340110002784,20,20,5.4480941958430655,0.603537037037037,0.3559259259259259,13,0,0,nan,389,1414,389,0.7842484747642817
IMG_0054|r1|n30|b600|EHHO-VC,IMG_0054,260058.jpg,1,EHHO-VC,2,30,600,1986971700,5.4482522575270975,6,2,2,600,True,10.152758099953644,13,13,5.4482522575270975,0.12459305338811603,0.012227992632515792,4,0,0,nan,194,1606,194,0.8922222222222222
IMG_0054|r1|n30|b600|BDA-EHHO-VC-Calibrated,IMG_0054,260058.jpg,1,BDA-EHHO-VC-Calibrated,3,30,600,1986971700,5.4479531628964795,4,6,75,600,True,27.76862029999029,10,10,5.4479531628964795,nan,nan,0,149,151,0.49666666666666665,492,1311,492,0.7271214642262895
IMG_0054|r1|n30|b600|HHO-VC,IMG_0054,260058.jpg,1,HHO-VC,4,30,600,1986971700,5.4482522575270975,6,2,2,600,True,6.982505600026343,12,12,5.4482522575270975,nan,nan,0,0,0,nan,169,1631,169,0.9061111111111111
IMG_0054|r2|n30|b600|BEHHO-VC-Calibrated,IMG_0054,260058.jpg,2,BEHHO-VC-Calibrated,1,30,600,2043017640,5.449429562121232,3,202,111,600,True,27.06178790004924,20,20,5.449429562121232,0.9240092592592593,0.9514814814814815,0,0,0,nan,631,1172,631,0.6500277315585136
IMG_0054|r2|n30|b600|BDA-EHHO-VC-Calibrated,IMG_0054,260058.jpg,2,BDA-EHHO-VC-Calibrated,2,30,600,2043017640,5.4489991891729455,3,2,48,600,True,20.294353000004776,10,10,5.4489991891729455,nan,nan,0,137,163,0.45666666666666667,480,1323,480,0.7337770382695508
IMG_0054|r2|n30|b600|HHO-VC,IMG_0054,260058.jpg,2,HHO-VC,3,30,600,2043017640,5.450099224541428,197,177,213,600,True,20.535596199973952,12,12,5.450099224541428,nan,nan,0,0,0,nan,479,1321,479,0.7338888888888889
IMG_0054|r2|n30|b600|EHHO-VC,IMG_0054,260058.jpg,2,EHHO-VC,4,30,600,2043017640,5.448953658416186,3,2,30,600,True,17.44453609996708,13,13,5.448953658416186,0.4673223277874685,0.06560411463241293,0,0,0,nan,453,1347,453,0.7483333333333333
IMG_0054|r3|n30|b600|BDA-EHHO-VC-Calibrated,IMG_0054,260058.jpg,3,BDA-EHHO-VC-Calibrated,1,30,600,129992709,5.452795134589798,224,3,190,600,True,19.10368710005423,10,10,5.452795134589798,nan,nan,0,129,171,0.43,460,1343,460,0.7448696616749861
IMG_0054|r3|n30|b600|HHO-VC,IMG_0054,260058.jpg,3,HHO-VC,2,30,600,129992709,5.4499316418968995,3,2,2,600,True,5.981935799994972,12,12,5.4499316418968995,nan,nan,0,0,0,nan,141,1659,141,0.9216666666666666
IMG_0054|r3|n30|b600|BEHHO-VC-Calibrated,IMG_0054,260058.jpg,3,BEHHO-VC-Calibrated,3,30,600,129992709,5.4499316418968995,3,2,2,600,True,21.335606499982532,20,20,5.4499316418968995,0.7117222222222221,0.8238888888888889,7,0,0,nan,471,1332,471,0.7387687188019967
IMG_0054|r3|n30|b600|EHHO-VC,IMG_0054,260058.jpg,3,EHHO-VC,4,30,600,129992709,5.450064068144968,3,3,3,600,True,9.311150999972597,13,13,5.450064068144968,0.11249962620786472,0.002270020450507093,5,0,0,nan,175,1625,175,0.9027777777777778
IMG_0054|r4|n30|b600|EHHO-VC,IMG_0054,260058.jpg,4,EHHO-VC,1,30,600,1830895017,5.445016631020823,2,179,188,600,True,20.62254720000783,13,13,5.445016631020823,0.4401763950320215,0.3539847911442425,0,0,0,nan,377,1423,377,0.7905555555555556
IMG_0054|r4|n30|b600|BDA-EHHO-VC-Calibrated,IMG_0054,260058.jpg,4,BDA-EHHO-VC-Calibrated,2,30,600,1830895017,5.445201491186541,2,191,192,600,True,29.273889400006738,10,10,5.445322372816726,nan,nan,0,149,151,0.49666666666666665,524,1279,524,0.7093732667775929
IMG_0054|r4|n30|b600|BEHHO-VC-Calibrated,IMG_0054,260058.jpg,4,BEHHO-VC-Calibrated,3,30,600,1830895017,5.4459028375466305,2,34,201,600,True,29.779329399985727,20,20,5.4459028375466305,0.9398333333333335,0.965,0,0,0,nan,603,1200,603,0.6655574043261231
IMG_0054|r4|n30|b600|HHO-VC,IMG_0054,260058.jpg,4,HHO-VC,4,30,600,1830895017,5.445137714737463,2,250,192,600,True,9.643769400019664,12,12,5.445137714737463,nan,nan,0,0,0,nan,320,1480,320,0.8222222222222222
IMG_0054|r5|n30|b600|BEHHO-VC-Calibrated,IMG_0054,260058.jpg,5,BEHHO-VC-Calibrated,1,30,600,767124326,5.45069152702104,174,223,165,600,True,16.268234900024254,20,20,5.45069152702104,0.9244259259259261,0.8922222222222222,0,0,0,nan,595,1208,595,0.6699944536882972
IMG_0054|r5|n30|b600|HHO-VC,IMG_0054,260058.jpg,5,HHO-VC,2,30,600,767124326,5.450812260512737,176,174,205,600,True,21.301467599987518,12,12,5.450812260512737,nan,nan,0,0,0,nan,509,1291,509,0.7172222222222222
IMG_0054|r5|n30|b600|BDA-EHHO-VC-Calibrated,IMG_0054,260058.jpg,5,BDA-EHHO-VC-Calibrated,3,30,600,767124326,5.450299211283169,3,220,223,600,True,17.1838578999741,10,10,5.450299211283169,nan,nan,0,151,149,0.5033333333333333,488,1315,488,0.7293399889073766
IMG_0054|r5|n30|b600|EHHO-VC,IMG_0054,260058.jpg,5,EHHO-VC,4,30,600,767124326,5.450812260512737,176,174,205,600,True,14.610564999980852,13,13,5.450812260512737,0.5070295188171873,0.4315751905005964,0,0,0,nan,534,1266,534,0.7033333333333334
IMG_0055|r1|n30|b600|BDA-EHHO-VC-Calibrated,IMG_0055,271035.jpg,1,BDA-EHHO-VC-Calibrated,1,30,600,516836348,5.209821279082667,15,2,13,600,True,28.521071600029245,10,10,5.210084313172236,nan,nan,0,145,155,0.48333333333333334,496,1307,496,0.7249029395452025
IMG_0055|r1|n30|b600|HHO-VC,IMG_0055,271035.jpg,1,HHO-VC,2,30,600,516836348,5.209368680725551,68,5,19,600,True,9.671435800031759,11,11,5.209368680725551,nan,nan,0,0,0,nan,273,1527,273,0.8483333333333334
IMG_0055|r1|n30|b600|BEHHO-VC-Calibrated,IMG_0055,271035.jpg,1,BEHHO-VC-Calibrated,3,30,600,516836348,5.209987972388973,8,2,16,600,True,15.940654200036079,20,20,5.209987972388973,0.7902870370370371,0.744074074074074,5,0,0,nan,491,1312,491,0.7276760953965613
IMG_0055|r1|n30|b600|EHHO-VC,IMG_0055,271035.jpg,1,EHHO-VC,4,30,600,516836348,5.210020153825711,57,2,13,600,True,5.767347299959511,12,12,5.210020153825711,0.1867042099889541,0.09419487987978732,0,0,0,nan,263,1537,263,0.8538888888888889
IMG_0055|r2|n30|b600|BDA-EHHO-VC-Calibrated,IMG_0055,271035.jpg,2,BDA-EHHO-VC-Calibrated,1,30,600,877815850,5.211619953898549,139,20,6,600,True,12.358525799994823,10,10,5.211619953898549,nan,nan,0,127,173,0.42333333333333334,490,1313,490,0.7282307265668331
IMG_0055|r2|n30|b600|HHO-VC,IMG_0055,271035.jpg,2,HHO-VC,2,30,600,877815850,5.211362843247021,2,38,6,600,True,4.200259500008542,12,12,5.211362843247021,nan,nan,0,0,0,nan,202,1598,202,0.8877777777777778
IMG_0055|r2|n30|b600|EHHO-VC,IMG_0055,271035.jpg,2,EHHO-VC,3,30,600,877815850,5.212065477050236,2,38,2,600,True,7.337500199966598,14,14,5.212065477050236,0.11526894335365667,0.06873154322210365,0,0,0,nan,199,1601,199,0.8894444444444445
IMG_0055|r2|n30|b600|BEHHO-VC-Calibrated,IMG_0055,271035.jpg,2,BEHHO-VC-Calibrated,4,30,600,877815850,5.212619121453349,2,48,2,600,True,13.682754100009333,20,20,5.212619121453349,0.6636388888888888,0.8477777777777776,12,0,0,nan,447,1356,447,0.7520798668885191
IMG_0055|r3|n30|b600|BDA-EHHO-VC-Calibrated,IMG_0055,271035.jpg,3,BDA-EHHO-VC-Calibrated,1,30,600,1713978804,5.212411025188308,2,85,11,600,True,22.957925399998203,10,10,5.212411025188308,nan,nan,0,141,159,0.47,496,1307,496,0.7249029395452025
IMG_0055|r3|n30|b600|HHO-VC,IMG_0055,271035.jpg,3,HHO-VC,2,30,600,1713978804,5.211928459964164,2,15,11,600,True,9.364767400023993,11,11,5.211928459964164,nan,nan,0,0,0,nan,208,1592,208,0.8844444444444445
IMG_0055|r3|n30|b600|EHHO-VC,IMG_0055,271035.jpg,3,EHHO-VC,3,30,600,1713978804,5.211945305109265,2,20,11,600,True,8.949095599993598,13,13,5.211945305109265,0.1119112657135367,0.03246049783693482,0,0,0,nan,208,1592,208,0.8844444444444445
IMG_0055|r3|n30|b600|BEHHO-VC-Calibrated,IMG_0055,271035.jpg,3,BEHHO-VC-Calibrated,4,30,600,1713978804,5.212396438398577,2,8,24,600,True,26.83305209997343,20,20,5.212396438398577,0.7788796296296295,0.7020370370370371,4,0,0,nan,470,1333,470,0.7393233499722685
IMG_0055|r4|n30|b600|EHHO-VC,IMG_0055,271035.jpg,4,EHHO-VC,1,30,600,271848548,5.213942367789747,2,2,140,600,True,14.392976800038014,12,12,5.213942367789747,0.2745483168094306,0.25668312959964784,0,0,0,nan,258,1542,258,0.8566666666666667
IMG_0055|r4|n30|b600|BDA-EHHO-VC-Calibrated,IMG_0055,271035.jpg,4,BDA-EHHO-VC-Calibrated,2,30,600,271848548,5.213423656648412,7,12,148,600,True,21.834811499982607,10,10,5.213423656648412,nan,nan,0,136,164,0.4533333333333333,491,1312,491,0.7276760953965613
IMG_0055|r4|n30|b600|HHO-VC,IMG_0055,271035.jpg,4,HHO-VC,3,30,600,271848548,5.213942367789747,2,2,140,600,True,8.750276099948678,10,10,5.213942367789747,nan,nan,0,0,0,nan,238,1562,238,0.8677777777777778
IMG_0055|r4|n30|b600|BEHHO-VC-Calibrated,IMG_0055,271035.jpg,4,BEHHO-VC-Calibrated,4,30,600,271848548,5.214021888011525,2,2,132,600,True,22.348568300018087,20,20,5.214021888011525,0.8244537037037037,0.7531481481481482,3,0,0,nan,545,1258,545,0.6977260122018858
IMG_0055|r5|n30|b600|EHHO-VC,IMG_0055,271035.jpg,5,EHHO-VC,1,30,600,1347933395,5.211594185401073,47,165,120,600,True,17.864977499993984,14,14,5.211594185401073,0.3851094812782893,0.39965771394045124,0,0,0,nan,447,1353,447,0.7516666666666667
IMG_0055|r5|n30|b600|HHO-VC,IMG_0055,271035.jpg,5,HHO-VC,2,30,600,1347933395,5.211360033240453,47,164,124,600,True,15.573289900028612,12,12,5.211360033240453,nan,nan,0,0,0,nan,397,1403,397,0.7794444444444445
IMG_0055|r5|n30|b600|BDA-EHHO-VC-Calibrated,IMG_0055,271035.jpg,5,BDA-EHHO-VC-Calibrated,3,30,600,1347933395,5.210856699406505,65,14,60,600,True,18.231382099969778,10,10,5.210856699406505,nan,nan,0,128,172,0.4266666666666667,480,1323,480,0.7337770382695508
IMG_0055|r5|n30|b600|BEHHO-VC-Calibrated,IMG_0055,271035.jpg,5,BEHHO-VC-Calibrated,4,30,600,1347933395,5.210760175003514,32,2,3,600,True,20.732560799981,20,20,5.210760175003514,0.7580462962962962,0.7122222222222222,8,0,0,nan,453,1350,453,0.7487520798668885
IMG_0056|r1|n30|b600|BEHHO-VC-Calibrated,IMG_0056,285079.jpg,1,BEHHO-VC-Calibrated,1,30,600,881228756,4.943704533263313,64,16,132,600,True,25.308481599960942,20,20,4.943704533263313,0.9041851851851852,0.7885185185185186,0,0,0,nan,557,1246,557,0.6910704381586246
IMG_0056|r1|n30|b600|EHHO-VC,IMG_0056,285079.jpg,1,EHHO-VC,2,30,600,881228756,4.942767541029358,11,9,131,600,True,10.065639699983876,13,13,4.942767541029358,0.28629535624239044,0.26499731490114764,0,0,0,nan,296,1504,296,0.8355555555555556
IMG_0056|r1|n30|b600|BDA-EHHO-VC-Calibrated,IMG_0056,285079.jpg,1,BDA-EHHO-VC-Calibrated,3,30,600,881228756,4.9428620348119265,7,10,183,600,True,24.07462149998173,10,10,4.9428620348119265,nan,nan,0,144,156,0.48,492,1311,492,0.7271214642262895
IMG_0056|r1|n30|b600|HHO-VC,IMG_0056,285079.jpg,1,HHO-VC,4,30,600,881228756,4.942823488823616,11,10,131,600,True,17.066550599993207,11,11,4.942823488823616,nan,nan,0,0,0,nan,275,1525,275,0.8472222222222222
IMG_0056|r2|n30|b600|HHO-VC,IMG_0056,285079.jpg,2,HHO-VC,1,30,600,1867682033,4.944156821500463,30,107,11,600,True,18.41909250000026,12,12,4.944156821500463,nan,nan,0,0,0,nan,316,1484,316,0.8244444444444444
IMG_0056|r2|n30|b600|BDA-EHHO-VC-Calibrated,IMG_0056,285079.jpg,2,BDA-EHHO-VC-Calibrated,2,30,600,1867682033,4.944118371276773,52,175,4,600,True,28.120474600000307,10,10,4.944118371276773,nan,nan,0,145,155,0.48333333333333334,491,1312,491,0.7276760953965613
IMG_0056|r2|n30|b600|EHHO-VC,IMG_0056,285079.jpg,2,EHHO-VC,3,30,600,1867682033,4.943885410144152,35,97,11,600,True,13.223018000018783,14,14,4.943885410144152,0.293151139471122,0.17564560384080996,0,0,0,nan,330,1470,330,0.8166666666666667
IMG_0056|r2|n30|b600|BEHHO-VC-Calibrated,IMG_0056,285079.jpg,2,BEHHO-VC-Calibrated,4,30,600,1867682033,4.945158937343081,15,180,10,600,True,27.29375130002154,20,20,4.945158937343081,0.9166018518518518,0.9198148148148148,0,0,0,nan,573,1230,573,0.6821963394342762
IMG_0056|r3|n30|b600|BEHHO-VC-Calibrated,IMG_0056,285079.jpg,3,BEHHO-VC-Calibrated,1,30,600,2097879217,4.945365324891408,137,92,3,600,True,35.9717061999836,20,20,4.945365324891408,0.9436481481481481,0.9261111111111111,0,0,0,nan,621,1182,621,0.6555740432612313
IMG_0056|r3|n30|b600|BDA-EHHO-VC-Calibrated,IMG_0056,285079.jpg,3,BDA-EHHO-VC-Calibrated,2,30,600,2097879217,4.945442888434911,235,198,180,600,True,24.054501399979927,10,10,4.945442888434911,nan,nan,0,140,160,0.4666666666666667,504,1299,504,0.7204658901830283
IMG_0056|r3|n30|b600|HHO-VC,IMG_0056,285079.jpg,3,HHO-VC,3,30,600,2097879217,4.9454252178760925,192,225,20,600,True,14.255232400028035,11,11,4.9454252178760925,nan,nan,0,0,0,nan,391,1409,391,0.7827777777777778
IMG_0056|r3|n30|b600|EHHO-VC,IMG_0056,285079.jpg,3,EHHO-VC,4,30,600,2097879217,4.945173530629636,16,18,3,600,True,10.156481399957556,13,13,4.945173530629636,0.20346390222127014,0.033453792031339726,0,0,0,nan,307,1493,307,0.8294444444444444
IMG_0056|r4|n30|b600|BDA-EHHO-VC-Calibrated,IMG_0056,285079.jpg,4,BDA-EHHO-VC-Calibrated,1,30,600,612891481,4.941513425978671,243,23,2,600,True,13.790890000003856,10,10,4.941747885657002,nan,nan,0,146,154,0.4866666666666667,489,1314,489,0.7287853577371048
IMG_0056|r4|n30|b600|BEHHO-VC-Calibrated,IMG_0056,285079.jpg,4,BEHHO-VC-Calibrated,2,30,600,612891481,4.941576557866405,2,29,2,600,True,17.00202429998899,20,20,4.941576557866405,0.8724722222222223,0.9042592592592592,0,0,0,nan,512,1291,512,0.7160288408208542
IMG_0056|r4|n30|b600|HHO-VC,IMG_0056,285079.jpg,4,HHO-VC,3,30,600,612891481,4.941693791607519,239,214,2,600,True,12.30771259998437,11,11,4.941693791607519,nan,nan,0,0,0,nan,346,1454,346,0.8077777777777778
IMG_0056|r4|n30|b600|EHHO-VC,IMG_0056,285079.jpg,4,EHHO-VC,4,30,600,612891481,4.941589916371568,236,204,2,600,True,18.689324099977966,13,13,4.941589916371568,0.46600506767819333,0.508849439455721,0,0,0,nan,363,1437,363,0.7983333333333333
IMG_0056|r5|n30|b600|EHHO-VC,IMG_0056,285079.jpg,5,EHHO-VC,1,30,600,2135730303,4.949375186952666,198,105,255,600,True,21.329225000052247,14,14,4.949375186952666,0.4930588094486933,0.5590704135386705,0,0,0,nan,480,1320,480,0.7333333333333333
IMG_0056|r5|n30|b600|BEHHO-VC-Calibrated,IMG_0056,285079.jpg,5,BEHHO-VC-Calibrated,2,30,600,2135730303,4.948830591276525,175,5,209,600,True,30.32904799998505,20,20,4.948830591276525,0.8936203703703702,0.8864814814814815,0,0,0,nan,535,1268,535,0.7032723239046035
IMG_0056|r5|n30|b600|BDA-EHHO-VC-Calibrated,IMG_0056,285079.jpg,5,BDA-EHHO-VC-Calibrated,3,30,600,2135730303,4.948851434921862,169,13,193,600,True,22.810538200021256,10,10,4.948851434921862,nan,nan,0,147,153,0.49,491,1312,491,0.7276760953965613
IMG_0056|r5|n30|b600|HHO-VC,IMG_0056,285079.jpg,5,HHO-VC,4,30,600,2135730303,4.949337444000815,181,94,254,600,True,20.99294430000009,12,12,4.949337444000815,nan,nan,0,0,0,nan,452,1348,452,0.7488888888888889
IMG_0057|r1|n30|b600|BDA-EHHO-VC-Calibrated,IMG_0057,291000.jpg,1,BDA-EHHO-VC-Calibrated,1,30,600,768717127,5.209765967187981,16,92,4,600,True,11.525962899962906,10,10,5.209765967187981,nan,nan,0,147,153,0.49,495,1308,495,0.7254575707154742
IMG_0057|r1|n30|b600|HHO-VC,IMG_0057,291000.jpg,1,HHO-VC,2,30,600,768717127,5.210032636367266,99,49,15,600,True,11.313948099967092,12,12,5.210032636367266,nan,nan,0,0,0,nan,362,1438,362,0.7988888888888889
IMG_0057|r1|n30|b600|EHHO-VC,IMG_0057,291000.jpg,1,EHHO-VC,3,30,600,768717127,5.210096631199067,81,51,22,600,True,10.861292899993714,13,13,5.210096631199067,0.3050751828619743,0.17869467389024257,0,0,0,nan,390,1410,390,0.7833333333333333
IMG_0057|r1|n30|b600|BEHHO-VC-Calibrated,IMG_0057,291000.jpg,1,BEHHO-VC-Calibrated,4,30,600,768717127,5.209278484972539,98,49,3,600,True,11.460636399977375,20,20,5.209278484972539,0.8428055555555558,0.851111111111111,0,0,0,nan,500,1303,500,0.7226844148641154
IMG_0057|r2|n30|b600|BEHHO-VC-Calibrated,IMG_0057,291000.jpg,2,BEHHO-VC-Calibrated,1,30,600,846602438,5.1992248494865825,226,208,2,600,True,12.529223199991975,20,20,5.1992248494865825,0.7975092592592593,0.8825925925925926,1,0,0,nan,477,1326,477,0.7354409317803661
IMG_0057|r2|n30|b600|EHHO-VC,IMG_0057,291000.jpg,2,EHHO-VC,2,30,600,846602438,5.199186000157753,13,29,2,600,True,7.033148999966215,13,13,5.199186000157753,0.2635965836345839,0.058631680473140074,0,0,0,nan,322,1478,322,0.8211111111111111
IMG_0057|r2|n30|b600|HHO-VC,IMG_0057,291000.jpg,2,HHO-VC,3,30,600,846602438,5.1991353624205745,20,44,2,600,True,7.824282700021286,11,11,5.1991353624205745,nan,nan,0,0,0,nan,299,1501,299,0.8338888888888889
IMG_0057|r2|n30|b600|BDA-EHHO-VC-Calibrated,IMG_0057,291000.jpg,2,BDA-EHHO-VC-Calibrated,4,30,600,846602438,5.199240789898874,223,204,15,600,True,13.409423400007654,10,10,5.199240789898874,nan,nan,0,168,132,0.56,516,1287,516,0.7138103161397671
IMG_0057|r3|n30|b600|BDA-EHHO-VC-Calibrated,IMG_0057,291000.jpg,3,BDA-EHHO-VC-Calibrated,1,30,600,1303109277,5.201484116670778,217,2,8,600,True,12.780871799972374,10,10,5.201484116670778,nan,nan,0,166,134,0.5533333333333333,507,1296,507,0.718801996672213
IMG_0057|r3|n30|b600|EHHO-VC,IMG_0057,291000.jpg,3,EHHO-VC,2,30,600,1303109277,5.20024066984501,250,2,145,600,True,9.681479400023818,13,13,5.20024066984501,0.4154087605906294,0.4086233065106215,0,0,0,nan,376,1424,376,0.7911111111111111
IMG_0057|r3|n30|b600|HHO-VC,IMG_0057,291000.jpg,3,HHO-VC,3,30,600,1303109277,5.200364454661943,255,2,145,600,True,8.567812900000717,12,12,5.200364454661943,nan,nan,0,0,0,nan,344,1456,344,0.8088888888888889
IMG_0057|r3|n30|b600|BEHHO-VC-Calibrated,IMG_0057,291000.jpg,3,BEHHO-VC-Calibrated,4,30,600,1303109277,5.201041270998196,16,2,8,600,True,16.421248200000264,20,20,5.201041270998196,0.8247129629629629,0.44851851851851854,2,0,0,nan,530,1273,530,0.7060454797559623
IMG_0057|r4|n30|b600|EHHO-VC,IMG_0057,291000.jpg,4,EHHO-VC,1,30,600,911155955,5.201199147037808,2,2,3,600,True,4.796712199982721,14,14,5.201199147037808,0.11629060982181935,0.0036549980988594796,5,0,0,nan,198,1602,198,0.89
IMG_0057|r4|n30|b600|BEHHO-VC-Calibrated,IMG_0057,291000.jpg,4,BEHHO-VC-Calibrated,2,30,600,911155955,5.20109373531541,68,2,3,600,True,10.662770399998408,20,20,5.20109373531541,0.7627037037037037,0.7855555555555555,5,0,0,nan,503,1300,503,0.7210205213533001
IMG_0057|r4|n30|b600|BDA-EHHO-VC-Calibrated,IMG_0057,291000.jpg,4,BDA-EHHO-VC-Calibrated,3,30,600,911155955,5.201454990781766,114,2,2,600,True,9.796763800026383,10,10,5.201454990781766,nan,nan,0,155,145,0.5166666666666667,463,1340,463,0.7432057681641708
IMG_0057|r4|n30|b600|HHO-VC,IMG_0057,291000.jpg,4,HHO-VC,4,30,600,911155955,5.2018397509688254,2,2,2,600,True,2.788243799994234,11,11,5.2018397509688254,nan,nan,0,0,0,nan,153,1647,153,0.915
IMG_0057|r5|n30|b600|EHHO-VC,IMG_0057,291000.jpg,5,EHHO-VC,1,30,600,1706881159,5.200729892036741,2,2,16,600,True,3.934165099984966,13,13,5.200729892036741,0.14334986041556874,0.028063385449258727,1,0,0,nan,216,1584,216,0.88
IMG_0057|r5|n30|b600|HHO-VC,IMG_0057,291000.jpg,5,HHO-VC,2,30,600,1706881159,5.200475140489942,4,2,16,600,True,3.6902287999982946,11,11,5.200475140489942,nan,nan,0,0,0,nan,208,1592,208,0.8844444444444445
IMG_0057|r5|n30|b600|BDA-EHHO-VC-Calibrated,IMG_0057,291000.jpg,5,BDA-EHHO-VC-Calibrated,3,30,600,1706881159,5.201247571611188,29,2,16,600,True,9.195701799995732,10,10,5.201247571611188,nan,nan,0,141,159,0.47,503,1300,503,0.7210205213533001
IMG_0057|r5|n30|b600|BEHHO-VC-Calibrated,IMG_0057,291000.jpg,5,BEHHO-VC-Calibrated,4,30,600,1706881159,5.200729892036741,2,2,16,600,True,10.666787099966314,20,20,5.200729892036741,0.7856666666666666,0.6738888888888889,7,0,0,nan,527,1276,527,0.7077093732667776
IMG_0058|r1|n30|b600|BDA-EHHO-VC-Calibrated,IMG_0058,295087.jpg,1,BDA-EHHO-VC-Calibrated,1,30,600,1287382237,5.006132498819074,146,13,2,600,True,11.911849799973425,10,10,5.006132498819074,nan,nan,0,156,144,0.52,503,1300,503,0.7210205213533001
IMG_0058|r1|n30|b600|BEHHO-VC-Calibrated,IMG_0058,295087.jpg,1,BEHHO-VC-Calibrated,2,30,600,1287382237,5.006393280612811,2,2,5,600,True,16.73654740001075,20,20,5.006393280612811,0.6852222222222222,0.5698148148148149,11,0,0,nan,429,1374,429,0.762063227953411
IMG_0058|r1|n30|b600|EHHO-VC,IMG_0058,295087.jpg,1,EHHO-VC,3,30,600,1287382237,5.006044476746678,3,2,2,600,True,5.4114169999957085,13,13,5.006044476746678,0.11768273163369879,0.012706838073223809,4,0,0,nan,211,1589,211,0.8827777777777778
IMG_0058|r1|n30|b600|HHO-VC,IMG_0058,295087.jpg,1,HHO-VC,4,30,600,1287382237,5.006044476746678,3,2,2,600,True,3.6034305000212044,11,11,5.006044476746678,nan,nan,0,0,0,nan,171,1629,171,0.905
IMG_0058|r2|n30|b600|EHHO-VC,IMG_0058,295087.jpg,2,EHHO-VC,1,30,600,1019121466,4.998920728912041,2,2,2,600,True,4.8573587000137195,13,13,4.998920728912041,0.1114012516811802,0.01643950251297809,7,0,0,nan,194,1606,194,0.8922222222222222
IMG_0058|r2|n30|b600|BDA-EHHO-VC-Calibrated,IMG_0058,295087.jpg,2,BDA-EHHO-VC-Calibrated,2,30,600,1019121466,4.997518353322481,152,2,10,600,True,25.24645789997885,10,10,4.997518353322481,nan,nan,0,144,156,0.48,491,1312,491,0.7276760953965613
IMG_0058|r2|n30|b600|HHO-VC,IMG_0058,295087.jpg,2,HHO-VC,3,30,600,1019121466,4.998920728912041,2,2,2,600,True,8.30141640000511,11,11,4.998920728912041,nan,nan,0,0,0,nan,154,1646,154,0.9144444444444444
IMG_0058|r2|n30|b600|BEHHO-VC-Calibrated,IMG_0058,295087.jpg,2,BEHHO-VC-Calibrated,4,30,600,1019121466,4.997774167540302,5,2,70,600,True,26.030826699978206,20,20,4.997774167540302,0.8207222222222221,0.8007407407407406,0,0,0,nan,501,1302,501,0.7221297836938436
IMG_0058|r3|n30|b600|BEHHO-VC-Calibrated,IMG_0058,295087.jpg,3,BEHHO-VC-Calibrated,1,30,600,1079834395,5.001974087348181,2,2,9,600,True,20.506251899991184,20,20,5.001974087348181,0.5751944444444445,0.455925925925926,16,0,0,nan,400,1403,400,0.7781475318912923
IMG_0058|r3|n30|b600|HHO-VC,IMG_0058,295087.jpg,3,HHO-VC,2,30,600,1079834395,5.000948379008414,3,74,217,600,True,9.939629599975888,11,11,5.000948379008414,nan,nan,0,0,0,nan,333,1467,333,0.815
IMG_0058|r3|n30|b600|BDA-EHHO-VC-Calibrated,IMG_0058,295087.jpg,3,BDA-EHHO-VC-Calibrated,3,30,600,1079834395,5.0017090851002655,4,2,9,600,True,14.80167870002333,10,10,5.0017090851002655,nan,nan,0,144,156,0.48,502,1301,502,0.7215751525235718
IMG_0058|r3|n30|b600|EHHO-VC,IMG_0058,295087.jpg,3,EHHO-VC,4,30,600,1079834395,5.00095585047122,2,2,3,600,True,6.8120564999990165,13,13,5.00095585047122,0.18306062743117732,0.11573028436711445,4,0,0,nan,242,1558,242,0.8655555555555555
IMG_0058|r4|n30|b600|BDA-EHHO-VC-Calibrated,IMG_0058,295087.jpg,4,BDA-EHHO-VC-Calibrated,1,30,600,418330205,4.999407320975721,229,19,70,600,True,13.273360199993476,10,10,4.999407320975721,nan,nan,0,141,159,0.47,494,1309,494,0.726012201885746
IMG_0058|r4|n30|b600|EHHO-VC,IMG_0058,295087.jpg,4,EHHO-VC,2,30,600,418330205,4.998876042618332,120,13,215,600,True,8.940066200040746,13,13,4.998876042618332,0.41443693449402935,0.39613056133837343,0,0,0,nan,362,1438,362,0.7988888888888889
IMG_0058|r4|n30|b600|HHO-VC,IMG_0058,295087.jpg,4,HHO-VC,3,30,600,418330205,4.998876042618332,120,13,215,600,True,8.609472799987998,11,11,4.998876042618332,nan,nan,0,0,0,nan,344,1456,344,0.8088888888888889
IMG_0058|r4|n30|b600|BEHHO-VC-Calibrated,IMG_0058,295087.jpg,4,BEHHO-VC-Calibrated,4,30,600,418330205,4.999549223440301,4,9,196,600,True,24.61753410001984,20,20,4.999549223440301,0.9260833333333333,0.9370370370370371,0,0,0,nan,579,1224,579,0.6788685524126455
IMG_0058|r5|n30|b600|HHO-VC,IMG_0058,295087.jpg,5,HHO-VC,1,30,600,1110004269,4.999101046552,49,3,35,600,True,12.24118010001257,11,11,4.999101046552,nan,nan,0,0,0,nan,257,1543,257,0.8572222222222222
IMG_0058|r5|n30|b600|EHHO-VC,IMG_0058,295087.jpg,5,EHHO-VC,2,30,600,1110004269,4.999058877336475,146,3,44,600,True,9.598067099985201,13,13,4.999058877336475,0.28376604253492277,0.2657166169376848,0,0,0,nan,323,1477,323,0.8205555555555556
IMG_0058|r5|n30|b600|BEHHO-VC-Calibrated,IMG_0058,295087.jpg,5,BEHHO-VC-Calibrated,3,30,600,1110004269,4.999770616890729,24,3,21,600,True,20.234827900014352,20,20,4.999770616890729,0.9001851851851852,0.9301851851851852,0,0,0,nan,573,1230,573,0.6821963394342762
IMG_0058|r5|n30|b600|BDA-EHHO-VC-Calibrated,IMG_0058,295087.jpg,5,BDA-EHHO-VC-Calibrated,4,30,600,1110004269,4.998990270226639,36,3,26,600,True,24.651234699995257,10,10,4.998990270226639,nan,nan,0,141,159,0.47,493,1310,493,0.7265668330560178
IMG_0059|r1|n30|b600|EHHO-VC,IMG_0059,296007.jpg,1,EHHO-VC,1,30,600,112469177,5.681176872506568,156,60,216,600,True,18.540364100015722,14,14,5.681176872506568,0.426373256408969,0.41332165439333723,0,0,0,nan,445,1355,445,0.7527777777777778
IMG_0059|r1|n30|b600|BEHHO-VC-Calibrated,IMG_0059,296007.jpg,1,BEHHO-VC-Calibrated,2,30,600,112469177,5.68122583630533,144,196,217,600,True,23.817558600043412,20,20,5.68122583630533,0.8895000000000002,0.9114814814814816,0,0,0,nan,552,1251,552,0.6938435940099834
IMG_0059|r1|n30|b600|HHO-VC,IMG_0059,296007.jpg,1,HHO-VC,3,30,600,112469177,5.681222965410535,157,61,214,600,True,14.290821100003086,12,12,5.681222965410535,nan,nan,0,0,0,nan,392,1408,392,0.7822222222222223
IMG_0059|r1|n30|b600|BDA-EHHO-VC-Calibrated,IMG_0059,296007.jpg,1,BDA-EHHO-VC-Calibrated,4,30,600,112469177,5.680969575180401,52,71,215,600,True,19.049739099980798,10,10,5.680969575180401,nan,nan,0,141,159,0.47,511,1292,511,0.7165834719911259
IMG_0059|r2|n30|b600|EHHO-VC,IMG_0059,296007.jpg,2,EHHO-VC,1,30,600,694172611,5.685346347985625,16,2,233,600,True,10.101447299995925,13,13,5.685346347985625,0.37341361348085655,0.3730770141431457,0,0,0,nan,263,1537,263,0.8538888888888889
IMG_0059|r2|n30|b600|BEHHO-VC-Calibrated,IMG_0059,296007.jpg,2,BEHHO-VC-Calibrated,2,30,600,694172611,5.685768990676611,16,2,2,600,True,18.484615099965595,20,20,5.685768990676611,0.7276481481481482,0.5801851851851852,10,0,0,nan,482,1321,482,0.7326677759290072
IMG_0059|r2|n30|b600|HHO-VC,IMG_0059,296007.jpg,2,HHO-VC,3,30,600,694172611,5.685300279944957,14,2,194,600,True,9.431094100000337,12,12,5.685300279944957,nan,nan,0,0,0,nan,255,1545,255,0.8583333333333333
IMG_0059|r2|n30|b600|BDA-EHHO-VC-Calibrated,IMG_0059,296007.jpg,2,BDA-EHHO-VC-Calibrated,4,30,600,694172611,5.685846688868165,56,2,254,600,True,20.25440570001956,10,10,5.686136670905636,nan,nan,0,143,157,0.4766666666666667,491,1312,491,0.7276760953965613
IMG_0059|r3|n30|b600|BEHHO-VC-Calibrated,IMG_0059,296007.jpg,3,BEHHO-VC-Calibrated,1,30,600,465916990,5.683857895295827,121,180,85,600,True,29.752292199991643,20,20,5.683857895295827,0.8990833333333332,0.8590740740740741,0,0,0,nan,563,1240,563,0.687742651136994
IMG_0059|r3|n30|b600|HHO-VC,IMG_0059,296007.jpg,3,HHO-VC,2,30,600,465916990,5.68374179767353,140,231,76,600,True,26.726623099995777,12,12,5.68374179767353,nan,nan,0,0,0,nan,441,1359,441,0.755
IMG_0059|r3|n30|b600|EHHO-VC,IMG_0059,296007.jpg,3,EHHO-VC,3,30,600,465916990,5.683734676290391,136,224,74,600,True,30.04391999996733,14,14,5.683734676290391,0.4465286556107823,0.43754627697088766,0,0,0,nan,457,1343,457,0.7461111111111111
IMG_0059|r3|n30|b600|BDA-EHHO-VC-Calibrated,IMG_0059,296007.jpg,3,BDA-EHHO-VC-Calibrated,4,30,600,465916990,5.683583882681535,127,223,180,600,True,28.933455000049435,10,10,5.683583882681535,nan,nan,0,144,156,0.48,469,1334,469,0.7398779811425402
IMG_0059|r4|n30|b600|HHO-VC,IMG_0059,296007.jpg,4,HHO-VC,1,30,600,1577663321,5.678736174833543,109,249,22,600,True,21.851046699972358,11,11,5.678736174833543,nan,nan,0,0,0,nan,361,1439,361,0.7994444444444444
IMG_0059|r4|n30|b600|BEHHO-VC-Calibrated,IMG_0059,296007.jpg,4,BEHHO-VC-Calibrated,2,30,600,1577663321,5.679105577449451,237,251,28,600,True,34.25020809995476,20,20,5.679105577449451,0.9369629629629627,0.9094444444444444,0,0,0,nan,624,1179,624,0.653910149750416
IMG_0059|r4|n30|b600|BDA-EHHO-VC-Calibrated,IMG_0059,296007.jpg,4,BDA-EHHO-VC-Calibrated,3,30,600,1577663321,5.678835839867044,118,229,2,600,True,31.891734700009692,10,10,5.678835839867044,nan,nan,0,152,148,0.5066666666666667,488,1315,488,0.7293399889073766
IMG_0059|r4|n30|b600|EHHO-VC,IMG_0059,296007.jpg,4,EHHO-VC,4,30,600,1577663321,5.678870713041832,112,249,28,600,True,23.570701499993447,13,13,5.678870713041832,0.4317578305629089,0.4580554279961373,0,0,0,nan,399,1401,399,0.7783333333333333
IMG_0059|r5|n30|b600|BEHHO-VC-Calibrated,IMG_0059,296007.jpg,5,BEHHO-VC-Calibrated,1,30,600,1724963478,5.68393797720006,4,2,32,600,True,18.429020699986722,20,20,5.68393797720006,0.6318240740740741,0.4750000000000001,13,0,0,nan,374,1429,374,0.7925679423183583
IMG_0059|r5|n30|b600|HHO-VC,IMG_0059,296007.jpg,5,HHO-VC,2,30,600,1724963478,5.684081302183586,2,2,26,600,True,9.324697700038087,11,11,5.684081302183586,nan,nan,0,0,0,nan,248,1552,248,0.8622222222222222
IMG_0059|r5|n30|b600|BDA-EHHO-VC-Calibrated,IMG_0059,296007.jpg,5,BDA-EHHO-VC-Calibrated,3,30,600,1724963478,5.684573979555071,4,196,33,600,True,23.282649200002197,10,10,5.684573979555071,nan,nan,0,135,165,0.45,502,1301,502,0.7215751525235718
IMG_0059|r5|n30|b600|EHHO-VC,IMG_0059,296007.jpg,5,EHHO-VC,4,30,600,1724963478,5.68387643798663,2,2,52,600,True,10.874382200010587,13,13,5.68387643798663,0.15711527138707637,0.11492121726608043,0,0,0,nan,249,1551,249,0.8616666666666667
IMG_0060|r1|n30|b600|BEHHO-VC-Calibrated,IMG_0060,296059.jpg,1,BEHHO-VC-Calibrated,1,30,600,950964770,5.2863939309557315,2,134,112,600,True,24.8888059000019,20,20,5.2863939309557315,0.8386111111111111,0.7866666666666667,0,0,0,nan,467,1336,467,0.7409872434830838
IMG_0060|r1|n30|b600|HHO-VC,IMG_0060,296059.jpg,1,HHO-VC,2,30,600,950964770,5.286056614601754,2,249,115,600,True,19.90321269998094,11,11,5.286056614601754,nan,nan,0,0,0,nan,342,1458,342,0.81
IMG_0060|r1|n30|b600|EHHO-VC,IMG_0060,296059.jpg,1,EHHO-VC,3,30,600,950964770,5.286051049088375,2,251,115,600,True,25.236240199999884,13,13,5.286051049088375,0.44461127232492387,0.43620530734992297,0,0,0,nan,361,1439,361,0.7994444444444444
IMG_0060|r1|n30|b600|BDA-EHHO-VC-Calibrated,IMG_0060,296059.jpg,1,BDA-EHHO-VC-Calibrated,4,30,600,950964770,5.28706075252638,27,253,120,600,True,39.698208899993915,10,10,5.28706075252638,nan,nan,0,150,150,0.5,499,1304,499,0.7232390460343872
IMG_0060|r2|n30|b600|HHO-VC,IMG_0060,296059.jpg,2,HHO-VC,1,30,600,524758054,5.288124221320654,18,178,3,600,True,19.469968100020196,11,11,5.288124221320654,nan,nan,0,0,0,nan,265,1535,265,0.8527777777777777
IMG_0060|r2|n30|b600|BEHHO-VC-Calibrated,IMG_0060,296059.jpg,2,BEHHO-VC-Calibrated,2,30,600,524758054,5.288963601654671,97,7,2,600,True,36.73872800002573,20,20,5.288963601654671,0.8952407407407408,0.9190740740740742,0,0,0,nan,573,1230,573,0.6821963394342762
IMG_0060|r2|n30|b600|EHHO-VC,IMG_0060,296059.jpg,2,EHHO-VC,3,30,600,524758054,5.287858759820053,16,21,3,600,True,17.24217189999763,13,13,5.287858759820053,0.12192390431201468,0.04764099883390099,0,0,0,nan,224,1576,224,0.8755555555555555
IMG_0060|r2|n30|b600|BDA-EHHO-VC-Calibrated,IMG_0060,296059.jpg,2,BDA-EHHO-VC-Calibrated,4,30,600,524758054,5.2888493485734,78,19,3,600,True,31.868309100042097,10,10,5.2891233504824156,nan,nan,0,142,158,0.47333333333333333,490,1313,490,0.7282307265668331
IMG_0060|r3|n30|b600|BEHHO-VC-Calibrated,IMG_0060,296059.jpg,3,BEHHO-VC-Calibrated,1,30,600,956828450,5.2886799401055296,2,2,4,600,True,23.218439400021452,20,20,5.2886799401055296,0.6148333333333333,0.5942592592592593,14,0,0,nan,402,1401,402,0.7770382695507487
IMG_0060|r3|n30|b600|HHO-VC,IMG_0060,296059.jpg,3,HHO-VC,2,30,600,956828450,5.289131100971406,2,2,2,600,True,14.712913500028662,11,11,5.289131100971406,nan,nan,0,0,0,nan,173,1627,173,0.9038888888888889
IMG_0060|r3|n30|b600|BDA-EHHO-VC-Calibrated,IMG_0060,296059.jpg,3,BDA-EHHO-VC-Calibrated,3,30,600,956828450,5.288227752950152,218,2,205,600,True,44.47083449998172,10,10,5.288227752950152,nan,nan,0,155,145,0.5166666666666667,496,1307,496,0.7249029395452025
IMG_0060|r3|n30|b600|EHHO-VC,IMG_0060,296059.jpg,3,EHHO-VC,4,30,600,956828450,5.289131100971406,2,2,2,600,True,16.077913200017065,13,13,5.289131100971406,0.11960547519369398,0.009450832844207101,5,0,0,nan,191,1609,191,0.8938888888888888
IMG_0060|r4|n30|b600|HHO-VC,IMG_0060,296059.jpg,4,HHO-VC,1,30,600,1300381932,5.292519577946871,46,193,215,600,True,33.03496429999359,11,11,5.292519577946871,nan,nan,0,0,0,nan,400,1400,400,0.7777777777777778
IMG_0060|r4|n30|b600|BEHHO-VC-Calibrated,IMG_0060,296059.jpg,4,BEHHO-VC-Calibrated,2,30,600,1300381932,5.292640304227854,175,223,255,600,True,40.83701309998287,20,20,5.292640304227854,0.8137962962962962,0.7874074074074073,2,0,0,nan,518,1285,518,0.7127010537992235
IMG_0060|r4|n30|b600|EHHO-VC,IMG_0060,296059.jpg,4,EHHO-VC,3,30,600,1300381932,5.292296225805301,46,211,255,600,True,36.09550840000156,13,13,5.292296225805301,0.4959710143026585,0.5675796956529975,0,0,0,nan,423,1377,423,0.765
IMG_0060|r4|n30|b600|BDA-EHHO-VC-Calibrated,IMG_0060,296059.jpg,4,BDA-EHHO-VC-Calibrated,4,30,600,1300381932,5.292394126638661,87,221,254,600,True,34.79169819998788,10,10,5.292394126638661,nan,nan,0,143,157,0.4766666666666667,510,1293,510,0.7171381031613977
IMG_0060|r5|n30|b600|BDA-EHHO-VC-Calibrated,IMG_0060,296059.jpg,5,BDA-EHHO-VC-Calibrated,1,30,600,1031266669,5.283530391075758,181,19,206,600,True,39.294764399994165,10,10,5.283530391075758,nan,nan,0,136,164,0.4533333333333333,469,1334,469,0.7398779811425402
IMG_0060|r5|n30|b600|EHHO-VC,IMG_0060,296059.jpg,5,EHHO-VC,2,30,600,1031266669,5.283632428730694,245,7,181,600,True,32.39543739997316,13,13,5.283632428730694,0.4606725131429305,0.49747236709889925,0,0,0,nan,376,1424,376,0.7911111111111111
IMG_0060|r5|n30|b600|HHO-VC,IMG_0060,296059.jpg,5,HHO-VC,3,30,600,1031266669,5.283615802348607,245,19,173,600,True,32.48055300000124,11,11,5.283615802348607,nan,nan,0,0,0,nan,376,1424,376,0.7911111111111111
IMG_0060|r5|n30|b600|BEHHO-VC-Calibrated,IMG_0060,296059.jpg,5,BEHHO-VC-Calibrated,4,30,600,1031266669,5.284062868980482,209,25,166,600,True,48.64973599999212,20,20,5.284062868980482,0.9473055555555556,0.9614814814814815,0,0,0,nan,647,1156,647,0.6411536328341653
IMG_0061|r1|n30|b600|BEHHO-VC-Calibrated,IMG_0061,299086.jpg,1,BEHHO-VC-Calibrated,1,30,600,1015596022,5.569468983011302,122,24,9,600,True,46.66819190001115,20,20,5.569468983011302,0.8855462962962963,0.887962962962963,0,0,0,nan,601,1202,601,0.6666666666666666
IMG_0061|r1|n30|b600|EHHO-VC,IMG_0061,299086.jpg,1,EHHO-VC,2,30,600,1015596022,5.569627149442991,229,255,46,600,True,31.030353499983903,13,13,5.569627149442991,0.485887527276024,0.5813931456933773,0,0,0,nan,400,1400,400,0.7777777777777778
IMG_0061|r1|n30|b600|HHO-VC,IMG_0061,299086.jpg,1,HHO-VC,3,30,600,1015596022,5.569607714084985,234,255,46,600,True,29.79247280000709,11,11,5.569607714084985,nan,nan,0,0,0,nan,374,1426,374,0.7922222222222223
IMG_0061|r1|n30|b600|BDA-EHHO-VC-Calibrated,IMG_0061,299086.jpg,1,BDA-EHHO-VC-Calibrated,4,30,600,1015596022,5.569300720758581,231,249,14,600,True,39.358328100002836,10,10,5.569300720758581,nan,nan,0,140,160,0.4666666666666667,484,1319,484,0.7315585135884637
IMG_0061|r2|n30|b600|BEHHO-VC-Calibrated,IMG_0061,299086.jpg,2,BEHHO-VC-Calibrated,1,30,600,936532765,5.567988600792002,38,34,198,600,True,46.66407140000956,20,20,5.567988600792002,0.8886203703703706,0.9527777777777778,1,0,0,nan,556,1247,556,0.6916250693288963
IMG_0061|r2|n30|b600|BDA-EHHO-VC-Calibrated,IMG_0061,299086.jpg,2,BDA-EHHO-VC-Calibrated,2,30,600,936532765,5.567356702575015,35,2,199,600,True,31.427292500040494,10,10,5.567356702575015,nan,nan,0,151,149,0.5033333333333333,516,1287,516,0.7138103161397671
IMG_0061|r2|n30|b600|EHHO-VC,IMG_0061,299086.jpg,2,EHHO-VC,3,30,600,936532765,5.568459518371024,100,243,183,600,True,15.6928753000102,13,13,5.568459518371024,0.41690582462902054,0.5037602409633644,0,0,0,nan,475,1325,475,0.7361111111111112
IMG_0061|r2|n30|b600|HHO-VC,IMG_0061,299086.jpg,2,HHO-VC,4,30,600,936532765,5.567704494181336,92,24,94,600,True,18.072322499996517,11,11,5.567704494181336,nan,nan,0,0,0,nan,364,1436,364,0.7977777777777778
IMG_0061|r3|n30|b600|EHHO-VC,IMG_0061,299086.jpg,3,EHHO-VC,1,30,600,915235049,5.568519996423329,53,129,250,600,True,21.71765200002119,14,14,5.568519996423329,0.4252448603727684,0.3606520581699364,0,0,0,nan,430,1370,430,0.7611111111111111
IMG_0061|r3|n30|b600|HHO-VC,IMG_0061,299086.jpg,3,HHO-VC,2,30,600,915235049,5.568472117442369,58,102,255,600,True,12.438753299997188,12,12,5.568472117442369,nan,nan,0,0,0,nan,384,1416,384,0.7866666666666666
IMG_0061|r3|n30|b600|BDA-EHHO-VC-Calibrated,IMG_0061,299086.jpg,3,BDA-EHHO-VC-Calibrated,3,30,600,915235049,5.568266084753322,53,72,248,600,True,10.472401099978015,10,10,5.568266084753322,nan,nan,0,147,153,0.49,486,1317,486,0.7304492512479202
IMG_0061|r3|n30|b600|BEHHO-VC-Calibrated,IMG_0061,299086.jpg,3,BEHHO-VC-Calibrated,4,30,600,915235049,5.568963057483077,32,175,247,600,True,17.548269699967932,20,20,5.568963057483077,0.8962129629629629,0.977037037037037,0,0,0,nan,593,1210,593,0.6711037160288408
IMG_0061|r4|n30|b600|EHHO-VC,IMG_0061,299086.jpg,4,EHHO-VC,1,30,600,1729034237,5.568420789457931,4,60,2,600,True,5.951280800043605,13,13,5.568420789457931,0.19368992784377614,0.12895781870821496,0,0,0,nan,233,1567,233,0.8705555555555555
IMG_0061|r4|n30|b600|HHO-VC,IMG_0061,299086.jpg,4,HHO-VC,2,30,600,1729034237,5.568420789457931,4,60,2,600,True,6.982306800025981,12,12,5.568420789457931,nan,nan,0,0,0,nan,224,1576,224,0.8755555555555555
IMG_0061|r4|n30|b600|BDA-EHHO-VC-Calibrated,IMG_0061,299086.jpg,4,BDA-EHHO-VC-Calibrated,3,30,600,1729034237,5.568520665562978,2,138,5,600,True,18.587593200034462,10,10,5.568520665562978,nan,nan,0,140,160,0.4666666666666667,496,1307,496,0.7249029395452025
IMG_0061|r4|n30|b600|BEHHO-VC-Calibrated,IMG_0061,299086.jpg,4,BEHHO-VC-Calibrated,4,30,600,1729034237,5.568176534114279,121,61,5,600,True,30.609392200014554,20,20,5.568176534114279,0.8975462962962965,0.855,0,0,0,nan,575,1228,575,0.6810870770937326
IMG_0061|r5|n30|b600|BDA-EHHO-VC-Calibrated,IMG_0061,299086.jpg,5,BDA-EHHO-VC-Calibrated,1,30,600,605135241,5.569714097883522,152,107,3,600,True,9.901507700036746,10,10,5.569746723823594,nan,nan,0,134,166,0.44666666666666666,503,1300,503,0.7210205213533001
IMG_0061|r5|n30|b600|EHHO-VC,IMG_0061,299086.jpg,5,EHHO-VC,2,30,600,605135241,5.569687535252819,7,11,3,600,True,7.772283699945547,13,13,5.569687535252819,0.42405697071255166,0.4030838540513841,0,0,0,nan,390,1410,390,0.7833333333333333
IMG_0061|r5|n30|b600|HHO-VC,IMG_0061,299086.jpg,5,HHO-VC,3,30,600,605135241,5.569757253969159,18,32,3,600,True,8.286513700033538,11,11,5.569757253969159,nan,nan,0,0,0,nan,336,1464,336,0.8133333333333334
IMG_0061|r5|n30|b600|BEHHO-VC-Calibrated,IMG_0061,299086.jpg,5,BEHHO-VC-Calibrated,4,30,600,605135241,5.569698282871946,118,170,3,600,True,17.17612109996844,20,20,5.569698282871946,0.9121296296296295,0.9337037037037037,0,0,0,nan,581,1222,581,0.677759290072102
IMG_0062|r1|n30|b600|BEHHO-VC-Calibrated,IMG_0062,300091.jpg,1,BEHHO-VC-Calibrated,1,30,600,66434817,5.100171579664713,16,9,2,600,True,14.407020499987993,20,20,5.100171579664713,0.848787037037037,0.6566666666666666,1,0,0,nan,544,1259,544,0.6982806433721576
IMG_0062|r1|n30|b600|EHHO-VC,IMG_0062,300091.jpg,1,EHHO-VC,2,30,600,66434817,5.1013920137489785,2,22,2,600,True,7.501402899972163,14,14,5.1013920137489785,0.11416634463528,0.03351536181513267,1,0,0,nan,188,1612,188,0.8955555555555555
IMG_0062|r1|n30|b600|BDA-EHHO-VC-Calibrated,IMG_0062,300091.jpg,1,BDA-EHHO-VC-Calibrated,3,30,600,66434817,5.101248456660767,40,21,2,600,True,17.18307540001115,10,10,5.101479891324141,nan,nan,0,134,166,0.44666666666666666,502,1301,502,0.7215751525235718
IMG_0062|r1|n30|b600|HHO-VC,IMG_0062,300091.jpg,1,HHO-VC,4,30,600,66434817,5.10170652234422,2,17,2,600,True,3.9296849999809638,12,12,5.10170652234422,nan,nan,0,0,0,nan,188,1612,188,0.8955555555555555
IMG_0062|r2|n30|b600|EHHO-VC,IMG_0062,300091.jpg,2,EHHO-VC,1,30,600,1372709591,5.097066238883638,11,8,2,600,True,7.748873099975754,13,13,5.097066238883638,0.1618739739013287,0.026588211091687717,0,0,0,nan,258,1542,258,0.8566666666666667
IMG_0062|r2|n30|b600|BEHHO-VC-Calibrated,IMG_0062,300091.jpg,2,BEHHO-VC-Calibrated,2,30,600,1372709591,5.096358725306667,11,248,164,600,True,24.065948600007687,20,20,5.096358725306667,0.8658796296296295,0.7657407407407408,0,0,0,nan,562,1241,562,0.6882972823072657
IMG_0062|r2|n30|b600|HHO-VC,IMG_0062,300091.jpg,2,HHO-VC,3,30,600,1372709591,5.097905186403107,41,26,2,600,True,14.969206899986602,11,11,5.097905186403107,nan,nan,0,0,0,nan,340,1460,340,0.8111111111111111
IMG_0062|r2|n30|b600|BDA-EHHO-VC-Calibrated,IMG_0062,300091.jpg,2,BDA-EHHO-VC-Calibrated,4,30,600,1372709591,5.096976749292717,30,214,189,600,True,23.17885979998391,10,10,5.096976749292717,nan,nan,0,148,152,0.49333333333333335,491,1312,491,0.7276760953965613
IMG_0062|r3|n30|b600|HHO-VC,IMG_0062,300091.jpg,3,HHO-VC,1,30,600,480176475,5.098268019565919,248,2,126,600,True,16.602194599981885,12,12,5.098268019565919,nan,nan,0,0,0,nan,352,1448,352,0.8044444444444444
IMG_0062|r3|n30|b600|BDA-EHHO-VC-Calibrated,IMG_0062,300091.jpg,3,BDA-EHHO-VC-Calibrated,2,30,600,480176475,5.097568832507958,19,2,192,600,True,11.857116899976972,10,10,5.097568832507958,nan,nan,0,161,139,0.5366666666666666,491,1312,491,0.7276760953965613
IMG_0062|r3|n30|b600|BEHHO-VC-Calibrated,IMG_0062,300091.jpg,3,BEHHO-VC-Calibrated,3,30,600,480176475,5.097759168546417,13,2,144,600,True,20.943081100005656,20,20,5.097759168546417,0.8937037037037037,0.8811111111111112,0,0,0,nan,585,1218,585,0.6755407653910149
IMG_0062|r3|n30|b600|EHHO-VC,IMG_0062,300091.jpg,3,EHHO-VC,4,30,600,480176475,5.098268019565919,248,2,126,600,True,14.324735900037922,14,14,5.098268019565919,0.4500588075325722,0.4343130774102495,0,0,0,nan,369,1431,369,0.795
IMG_0062|r4|n30|b600|HHO-VC,IMG_0062,300091.jpg,4,HHO-VC,1,30,600,1903850537,5.096242140136108,38,2,8,600,True,8.143405100039672,11,11,5.096242140136108,nan,nan,0,0,0,nan,193,1607,193,0.8927777777777778
IMG_0062|r4|n30|b600|BEHHO-VC-Calibrated,IMG_0062,300091.jpg,4,BEHHO-VC-Calibrated,2,30,600,1903850537,5.09710508202847,33,2,51,600,True,22.715121699962765,20,20,5.09710508202847,0.8175555555555556,0.7407407407407408,0,0,0,nan,515,1288,515,0.7143649473100389
IMG_0062|r4|n30|b600|EHHO-VC,IMG_0062,300091.jpg,4,EHHO-VC,3,30,600,1903850537,5.096576800496909,13,2,8,600,True,5.069648800010327,13,13,5.096576800496909,0.09782100021919171,0.025920751020074784,2,0,0,nan,200,1600,200,0.8888888888888888
IMG_0062|r4|n30|b600|BDA-EHHO-VC-Calibrated,IMG_0062,300091.jpg,4,BDA-EHHO-VC-Calibrated,4,30,600,1903850537,5.0966284611421315,159,2,13,600,True,9.337052499991842,10,10,5.0966284611421315,nan,nan,0,152,148,0.5066666666666667,510,1293,510,0.7171381031613977
IMG_0062|r5|n30|b600|EHHO-VC,IMG_0062,300091.jpg,5,EHHO-VC,1,30,600,854792408,5.10045300676331,255,11,246,600,True,6.885514200024772,14,14,5.10045300676331,0.4858591078616695,0.4712741269695347,0,0,0,nan,375,1425,375,0.7916666666666666
IMG_0062|r5|n30|b600|BDA-EHHO-VC-Calibrated,IMG_0062,300091.jpg,5,BDA-EHHO-VC-Calibrated,2,30,600,854792408,5.100344045043251,219,61,215,600,True,9.323541500023566,10,10,5.100536931864888,nan,nan,0,144,156,0.48,511,1292,511,0.7165834719911259
IMG_0062|r5|n30|b600|BEHHO-VC-Calibrated,IMG_0062,300091.jpg,5,BEHHO-VC-Calibrated,3,30,600,854792408,5.100267655141079,219,99,217,600,True,16.36284739995608,20,20,5.100267655141079,0.9053611111111112,0.9622222222222222,0,0,0,nan,548,1255,548,0.6960621186910705
IMG_0062|r5|n30|b600|HHO-VC,IMG_0062,300091.jpg,5,HHO-VC,4,30,600,854792408,5.100372440408736,220,13,220,600,True,15.569788500026334,12,12,5.100372440408736,nan,nan,0,0,0,nan,369,1431,369,0.795
IMG_0063|r1|n30|b600|BEHHO-VC-Calibrated,IMG_0063,302008.jpg,1,BEHHO-VC-Calibrated,1,30,600,1075571698,4.044986498616946,61,254,39,600,True,25.959477999946102,20,20,4.044986498616946,0.9404074074074075,0.9705555555555555,0,0,0,nan,595,1208,595,0.6699944536882972
IMG_0063|r1|n30|b600|HHO-VC,IMG_0063,302008.jpg,1,HHO-VC,2,30,600,1075571698,4.046110478621106,60,161,158,600,True,19.500282799999695,12,12,4.046110478621106,nan,nan,0,0,0,nan,419,1381,419,0.7672222222222222
IMG_0063|r1|n30|b600|EHHO-VC,IMG_0063,302008.jpg,1,EHHO-VC,3,30,600,1075571698,4.045013486815338,2,75,26,600,True,16.30985859996872,14,14,4.045013486815338,0.2552162841888919,0.16722938673308033,0,0,0,nan,339,1461,339,0.8116666666666666
IMG_0063|r1|n30|b600|BDA-EHHO-VC-Calibrated,IMG_0063,302008.jpg,1,BDA-EHHO-VC-Calibrated,4,30,600,1075571698,4.04532140821061,5,209,7,600,True,23.214945000014268,10,10,4.04532140821061,nan,nan,0,159,141,0.53,489,1314,489,0.7287853577371048
IMG_0063|r2|n30|b600|EHHO-VC,IMG_0063,302008.jpg,2,EHHO-VC,1,30,600,569089891,4.037843910643148,10,244,53,600,True,14.365264300024137,13,13,4.037843910643148,0.38620270126705747,0.39695140904175347,0,0,0,nan,323,1477,323,0.8205555555555556
IMG_0063|r2|n30|b600|BEHHO-VC-Calibrated,IMG_0063,302008.jpg,2,BEHHO-VC-Calibrated,2,30,600,569089891,4.037085478207256,2,2,14,600,True,23.818685600010213,20,20,4.037085478207256,0.7635370370370371,0.7233333333333333,5,0,0,nan,453,1350,453,0.7487520798668885
IMG_0063|r2|n30|b600|HHO-VC,IMG_0063,302008.jpg,2,HHO-VC,3,30,600,569089891,4.037843910643148,10,244,53,600,True,13.126204299973324,11,11,4.037843910643148,nan,nan,0,0,0,nan,316,1484,316,0.8244444444444444
IMG_0063|r2|n30|b600|BDA-EHHO-VC-Calibrated,IMG_0063,302008.jpg,2,BDA-EHHO-VC-Calibrated,4,30,600,569089891,4.038099160806863,74,230,14,600,True,21.889296899957117,10,10,4.038099160806863,nan,nan,0,155,145,0.5166666666666667,501,1302,501,0.7221297836938436
IMG_0063|r3|n30|b600|HHO-VC,IMG_0063,302008.jpg,3,HHO-VC,1,30,600,1472563826,4.037988792833712,16,211,170,600,True,14.998562699998729,12,12,4.037988792833712,nan,nan,0,0,0,nan,392,1408,392,0.7822222222222223
IMG_0063|r3|n30|b600|EHHO-VC,IMG_0063,302008.jpg,3,EHHO-VC,2,30,600,1472563826,4.038024058792936,38,156,193,600,True,15.897790500021074,13,13,4.038024058792936,0.4337167444495475,0.44752277405523533,0,0,0,nan,419,1381,419,0.7672222222222222
IMG_0063|r3|n30|b600|BDA-EHHO-VC-Calibrated,IMG_0063,302008.jpg,3,BDA-EHHO-VC-Calibrated,3,30,600,1472563826,4.036781052239324,11,143,192,600,True,21.376984900038224,10,10,4.036781052239324,nan,nan,0,154,146,0.5133333333333333,529,1274,529,0.7066001109262341
IMG_0063|r3|n30|b600|BEHHO-VC-Calibrated,IMG_0063,302008.jpg,3,BEHHO-VC-Calibrated,4,30,600,1472563826,4.0370326080888725,11,231,251,600,True,25.7853331999504,20,20,4.0370326080888725,0.9146203703703705,0.8535185185185186,0,0,0,nan,575,1228,575,0.6810870770937326
IMG_0063|r4|n30|b600|BDA-EHHO-VC-Calibrated,IMG_0063,302008.jpg,4,BDA-EHHO-VC-Calibrated,1,30,600,144514971,4.036864784774142,3,226,93,600,True,24.633767399995122,10,10,4.038171189795638,nan,nan,0,133,167,0.44333333333333336,494,1309,494,0.726012201885746
IMG_0063|r4|n30|b600|HHO-VC,IMG_0063,302008.jpg,4,HHO-VC,2,30,600,144514971,4.039233467271977,31,184,116,600,True,11.343849400000181,11,11,4.039233467271977,nan,nan,0,0,0,nan,375,1425,375,0.7916666666666666
IMG_0063|r4|n30|b600|BEHHO-VC-Calibrated,IMG_0063,302008.jpg,4,BEHHO-VC-Calibrated,3,30,600,144514971,4.038184884962198,3,165,46,600,True,13.616816699970514,20,20,4.038184884962198,0.9081296296296297,0.8709259259259259,0,0,0,nan,564,1239,564,0.6871880199667221
IMG_0063|r4|n30|b600|EHHO-VC,IMG_0063,302008.jpg,4,EHHO-VC,4,30,600,144514971,4.039233467271977,31,184,116,600,True,10.940068199997768,13,13,4.039233467271977,0.3826899836317364,0.4043922775646358,0,0,0,nan,407,1393,407,0.7738888888888888
IMG_0063|r5|n30|b600|BEHHO-VC-Calibrated,IMG_0063,302008.jpg,5,BEHHO-VC-Calibrated,1,30,600,338726934,4.042485157046057,6,48,72,600,True,21.28325550002046,20,20,4.042485157046057,0.8683055555555557,0.8305555555555556,0,0,0,nan,547,1256,547,0.6966167498613423
IMG_0063|r5|n30|b600|HHO-VC,IMG_0063,302008.jpg,5,HHO-VC,2,30,600,338726934,4.043879941063687,68,124,157,600,True,7.923670899996068,11,11,4.043879941063687,nan,nan,0,0,0,nan,413,1387,413,0.7705555555555555
IMG_0063|r5|n30|b600|BDA-EHHO-VC-Calibrated,IMG_0063,302008.jpg,5,BDA-EHHO-VC-Calibrated,3,30,600,338726934,4.042983518559695,65,67,66,600,True,9.241748200030997,10,10,4.042983518559695,nan,nan,0,139,161,0.4633333333333333,480,1323,480,0.7337770382695508
IMG_0063|r5|n30|b600|EHHO-VC,IMG_0063,302008.jpg,5,EHHO-VC,4,30,600,338726934,4.043879941063687,68,124,157,600,True,9.295884100021794,13,13,4.043879941063687,0.3892936527109466,0.4032608251463918,0,0,0,nan,450,1350,450,0.75
IMG_0064|r1|n30|b600|BEHHO-VC-Calibrated,IMG_0064,304034.jpg,1,BEHHO-VC-Calibrated,1,30,600,37257835,5.041778758399823,136,2,2,600,True,12.409425300022122,20,20,5.041778758399823,0.6393796296296296,0.5401851851851852,13,0,0,nan,434,1369,434,0.7592900721020521
IMG_0064|r1|n30|b600|HHO-VC,IMG_0064,304034.jpg,1,HHO-VC,2,30,600,37257835,5.042500724058142,2,2,2,600,True,6.113328000006732,11,11,5.042500724058142,nan,nan,0,0,0,nan,185,1615,185,0.8972222222222223
IMG_0064|r1|n30|b600|BDA-EHHO-VC-Calibrated,IMG_0064,304034.jpg,1,BDA-EHHO-VC-Calibrated,3,30,600,37257835,5.042465787011751,237,81,2,600,True,19.927890599996317,10,10,5.042573563413112,nan,nan,0,161,139,0.5366666666666666,501,1302,501,0.7221297836938436
IMG_0064|r1|n30|b600|EHHO-VC,IMG_0064,304034.jpg,1,EHHO-VC,4,30,600,37257835,5.042500724058142,2,2,2,600,True,7.466826100018807,14,14,5.042500724058142,0.13372249894714955,0.03477483309959138,5,0,0,nan,216,1584,216,0.88
IMG_0064|r2|n30|b600|EHHO-VC,IMG_0064,304034.jpg,2,EHHO-VC,1,30,600,2030758386,5.0423911157585755,3,124,4,600,True,11.202358899987303,13,13,5.0423911157585755,0.29892353975411423,0.24883559370241087,0,0,0,nan,282,1518,282,0.8433333333333334
IMG_0064|r2|n30|b600|BEHHO-VC-Calibrated,IMG_0064,304034.jpg,2,BEHHO-VC-Calibrated,2,30,600,2030758386,5.041577990099727,3,2,18,600,True,21.609148400020786,20,20,5.041577990099727,0.6923703703703704,0.7777777777777778,9,0,0,nan,421,1382,421,0.7665002773155851
IMG_0064|r2|n30|b600|BDA-EHHO-VC-Calibrated,IMG_0064,304034.jpg,2,BDA-EHHO-VC-Calibrated,3,30,600,2030758386,5.041826868547734,52,2,4,600,True,22.47821329999715,10,10,5.041826868547734,nan,nan,0,139,161,0.4633333333333333,484,1319,484,0.7315585135884637
IMG_0064|r2|n30|b600|HHO-VC,IMG_0064,304034.jpg,2,HHO-VC,4,30,600,2030758386,5.041083290520774,3,2,7,600,True,10.986635599983856,11,11,5.041083290520774,nan,nan,0,0,0,nan,211,1589,211,0.8827777777777778
IMG_0064|r3|n30|b600|HHO-VC,IMG_0064,304034.jpg,3,HHO-VC,1,30,600,919690925,5.0382639087537635,87,28,2,600,True,9.852342199999839,11,11,5.0382639087537635,nan,nan,0,0,0,nan,269,1531,269,0.8505555555555555
IMG_0064|r3|n30|b600|EHHO-VC,IMG_0064,304034.jpg,3,EHHO-VC,2,30,600,919690925,5.038317353572299,65,28,2,600,True,7.452317800023593,13,13,5.038317353572299,0.16925374955799066,0.10867245733045898,0,0,0,nan,247,1553,247,0.8627777777777778
IMG_0064|r3|n30|b600|BDA-EHHO-VC-Calibrated,IMG_0064,304034.jpg,3,BDA-EHHO-VC-Calibrated,3,30,600,919690925,5.039156329254751,20,55,101,600,True,13.286108399974182,10,10,5.03920306761171,nan,nan,0,150,150,0.5,467,1336,467,0.7409872434830838
IMG_0064|r3|n30|b600|BEHHO-VC-Calibrated,IMG_0064,304034.jpg,3,BEHHO-VC-Calibrated,4,30,600,919690925,5.0385087702331255,32,40,2,600,True,12.844358899979852,20,20,5.0385087702331255,0.8174444444444445,0.6416666666666667,1,0,0,nan,478,1325,478,0.7348863006100943
IMG_0064|r4|n30|b600|BEHHO-VC-Calibrated,IMG_0064,304034.jpg,4,BEHHO-VC-Calibrated,1,30,600,790910806,5.04131055098017,2,4,3,600,True,11.348045999999158,20,20,5.04131055098017,0.6988518518518518,0.8033333333333333,11,0,0,nan,458,1345,458,0.7459789240155297
IMG_0064|r4|n30|b600|BDA-EHHO-VC-Calibrated,IMG_0064,304034.jpg,4,BDA-EHHO-VC-Calibrated,2,30,600,790910806,5.041479244215049,2,64,9,600,True,13.856594199954998,10,10,5.041479244215049,nan,nan,0,146,154,0.4866666666666667,489,1314,489,0.7287853577371048
IMG_0064|r4|n30|b600|HHO-VC,IMG_0064,304034.jpg,4,HHO-VC,3,30,600,790910806,5.0411249377580045,2,2,3,600,True,3.924516599974595,12,12,5.0411249377580045,nan,nan,0,0,0,nan,209,1591,209,0.8838888888888888
IMG_0064|r4|n30|b600|EHHO-VC,IMG_0064,304034.jpg,4,EHHO-VC,4,30,600,790910806,5.041208518975215,3,4,3,600,True,4.3825877999770455,13,13,5.041208518975215,0.10834951933815905,0.028395449883900577,5,0,0,nan,224,1576,224,0.8755555555555555
IMG_0064|r5|n30|b600|BDA-EHHO-VC-Calibrated,IMG_0064,304034.jpg,5,BDA-EHHO-VC-Calibrated,1,30,600,265521630,5.038922510544899,12,196,21,600,True,10.662904799974058,10,10,5.038922510544899,nan,nan,0,139,161,0.4633333333333333,486,1317,486,0.7304492512479202
IMG_0064|r5|n30|b600|EHHO-VC,IMG_0064,304034.jpg,5,EHHO-VC,2,30,600,265521630,5.039448935018101,165,255,71,600,True,14.044566700002179,13,13,5.039448935018101,0.47194426335466655,0.479435248797547,0,0,0,nan,441,1359,441,0.755
IMG_0064|r5|n30|b600|BEHHO-VC-Calibrated,IMG_0064,304034.jpg,5,BEHHO-VC-Calibrated,3,30,600,265521630,5.039101379462713,12,231,28,600,True,19.479295399971306,20,20,5.039101379462713,0.9097129629629629,0.9218518518518518,0,0,0,nan,573,1230,573,0.6821963394342762
IMG_0064|r5|n30|b600|HHO-VC,IMG_0064,304034.jpg,5,HHO-VC,4,30,600,265521630,5.039457029305713,171,254,62,600,True,17.229226500028744,11,11,5.039457029305713,nan,nan,0,0,0,nan,412,1388,412,0.7711111111111111
IMG_0065|r1|n30|b600|BEHHO-VC-Calibrated,IMG_0065,304074.jpg,1,BEHHO-VC-Calibrated,1,30,600,100455794,5.2471747124151,2,2,2,600,True,19.93454930000007,20,20,5.2471747124151,0.5488518518518519,0.4781481481481482,15,0,0,nan,373,1430,373,0.79312257348863
IMG_0065|r1|n30|b600|HHO-VC,IMG_0065,304074.jpg,1,HHO-VC,2,30,600,100455794,5.2471747124151,2,2,2,600,True,4.567712400050368,12,12,5.2471747124151,nan,nan,0,0,0,nan,167,1633,167,0.9072222222222223
IMG_0065|r1|n30|b600|EHHO-VC,IMG_0065,304074.jpg,1,EHHO-VC,3,30,600,100455794,5.2471747124151,2,2,2,600,True,5.67953269998543,14,14,5.2471747124151,0.11197475796405033,0.0034470023629188874,5,0,0,nan,201,1599,201,0.8883333333333333
IMG_0065|r1|n30|b600|BDA-EHHO-VC-Calibrated,IMG_0065,304074.jpg,1,BDA-EHHO-VC-Calibrated,4,30,600,100455794,5.24731299947176,3,2,2,600,True,13.751699899963569,10,10,5.24731299947176,nan,nan,0,145,155,0.48333333333333334,500,1303,500,0.7226844148641154
IMG_0065|r2|n30|b600|EHHO-VC,IMG_0065,304074.jpg,2,EHHO-VC,1,30,600,1280846735,5.243807739798407,2,6,2,600,True,6.604272400029004,13,13,5.243807739798407,0.2968156155760508,0.01345638851764303,1,0,0,nan,258,1542,258,0.8566666666666667
IMG_0065|r2|n30|b600|HHO-VC,IMG_0065,304074.jpg,2,HHO-VC,2,30,600,1280846735,5.244069464638617,2,11,2,600,True,8.34458039997844,11,11,5.244069464638617,nan,nan,0,0,0,nan,225,1575,225,0.875
IMG_0065|r2|n30|b600|BEHHO-VC-Calibrated,IMG_0065,304074.jpg,2,BEHHO-VC-Calibrated,3,30,600,1280846735,5.243900325125737,4,11,2,600,True,18.91502740001306,20,20,5.243900325125737,0.742425925925926,0.6801851851851852,5,0,0,nan,478,1325,478,0.7348863006100943
IMG_0065|r2|n30|b600|BDA-EHHO-VC-Calibrated,IMG_0065,304074.jpg,2,BDA-EHHO-VC-Calibrated,4,30,600,1280846735,5.244465420400025,4,181,2,600,True,8.989059099985752,10,10,5.244465420400025,nan,nan,0,152,148,0.5066666666666667,460,1343,460,0.7448696616749861
IMG_0065|r3|n30|b600|EHHO-VC,IMG_0065,304074.jpg,3,EHHO-VC,1,30,600,770939637,5.241504799039576,50,65,201,600,True,11.585988200036809,13,13,5.241504799039576,0.36694812448244757,0.37724601810486663,0,0,0,nan,401,1399,401,0.7772222222222223
IMG_0065|r3|n30|b600|BEHHO-VC-Calibrated,IMG_0065,304074.jpg,3,BEHHO-VC-Calibrated,2,30,600,770939637,5.24120529498664,150,129,8,600,True,16.31897449999815,20,20,5.24120529498664,0.929925925925926,0.945925925925926,0,0,0,nan,593,1210,593,0.6711037160288408
IMG_0065|r3|n30|b600|BDA-EHHO-VC-Calibrated,IMG_0065,304074.jpg,3,BDA-EHHO-VC-Calibrated,3,30,600,770939637,5.240994768595491,84,48,6,600,True,20.279956500045955,10,10,5.240994768595491,nan,nan,0,149,151,0.49666666666666665,496,1307,496,0.7249029395452025
IMG_0065|r3|n30|b600|HHO-VC,IMG_0065,304074.jpg,3,HHO-VC,4,30,600,770939637,5.241484842862966,50,65,197,600,True,19.949644900043495,11,11,5.241484842862966,nan,nan,0,0,0,nan,374,1426,374,0.7922222222222223
IMG_0065|r4|n30|b600|BDA-EHHO-VC-Calibrated,IMG_0065,304074.jpg,4,BDA-EHHO-VC-Calibrated,1,30,600,46981285,5.247344758323273,59,10,48,600,True,21.51259709999431,10,10,5.247344758323273,nan,nan,0,140,160,0.4666666666666667,489,1314,489,0.7287853577371048
IMG_0065|r4|n30|b600|HHO-VC,IMG_0065,304074.jpg,4,HHO-VC,2,30,600,46981285,5.24809303856494,8,186,93,600,True,16.977856700017583,12,12,5.24809303856494,nan,nan,0,0,0,nan,370,1430,370,0.7944444444444444
IMG_0065|r4|n30|b600|EHHO-VC,IMG_0065,304074.jpg,4,EHHO-VC,3,30,600,46981285,5.246751165913772,4,3,11,600,True,13.68076870002551,14,14,5.246751165913772,0.15352945144499316,0.05467444060202149,4,0,0,nan,241,1559,241,0.8661111111111112
IMG_0065|r4|n30|b600|BEHHO-VC-Calibrated,IMG_0065,304074.jpg,4,BEHHO-VC-Calibrated,4,30,600,46981285,5.2472497807698515,59,2,72,600,True,22.71573090000311,20,20,5.2472497807698515,0.7567037037037038,0.7124074074074075,5,0,0,nan,469,1334,469,0.7398779811425402
IMG_0065|r5|n30|b600|BDA-EHHO-VC-Calibrated,IMG_0065,304074.jpg,5,BDA-EHHO-VC-Calibrated,1,30,600,1719419409,5.244217758099683,2,5,128,600,True,13.165492600004654,10,10,5.244217758099683,nan,nan,0,133,167,0.44333333333333336,488,1315,488,0.7293399889073766
IMG_0065|r5|n30|b600|HHO-VC,IMG_0065,304074.jpg,5,HHO-VC,2,30,600,1719419409,5.242769683512417,2,4,255,600,True,7.152880200010259,12,12,5.242769683512417,nan,nan,0,0,0,nan,240,1560,240,0.8666666666666667
IMG_0065|r5|n30|b600|BEHHO-VC-Calibrated,IMG_0065,304074.jpg,5,BEHHO-VC-Calibrated,3,30,600,1719419409,5.2434951235842995,2,5,32,600,True,12.425523400015663,20,20,5.2434951235842995,0.7708425925925926,0.66,3,0,0,nan,495,1308,495,0.7254575707154742
IMG_0065|r5|n30|b600|EHHO-VC,IMG_0065,304074.jpg,5,EHHO-VC,4,30,600,1719419409,5.242769683512417,2,4,255,600,True,5.679635900014546,14,14,5.242769683512417,0.35028587426947677,0.32057780675420433,0,0,0,nan,244,1556,244,0.8644444444444445
IMG_0066|r1|n30|b600|BEHHO-VC-Calibrated,IMG_0066,306005.jpg,1,BEHHO-VC-Calibrated,1,30,600,1385733898,4.428753147292436,16,2,2,600,True,9.508977100020275,20,20,4.428753147292436,0.5830740740740741,0.490925925925926,11,0,0,nan,428,1375,428,0.7626178591236827
IMG_0066|r1|n30|b600|BDA-EHHO-VC-Calibrated,IMG_0066,306005.jpg,1,BDA-EHHO-VC-Calibrated,2,30,600,1385733898,4.428753147292436,16,2,2,600,True,17.159727699996438,10,10,4.428753147292436,nan,nan,0,133,167,0.44333333333333336,500,1303,500,0.7226844148641154
IMG_0066|r1|n30|b600|EHHO-VC,IMG_0066,306005.jpg,1,EHHO-VC,3,30,600,1385733898,4.429746581858084,2,2,2,600,True,4.574761199997738,14,14,4.429746581858084,0.11094717967251201,0.004112721830281083,4,0,0,nan,190,1610,190,0.8944444444444445
IMG_0066|r1|n30|b600|HHO-VC,IMG_0066,306005.jpg,1,HHO-VC,4,30,600,1385733898,4.429746581858084,2,2,2,600,True,3.540157899959013,12,12,4.429746581858084,nan,nan,0,0,0,nan,161,1639,161,0.9105555555555556
IMG_0066|r2|n30|b600|BDA-EHHO-VC-Calibrated,IMG_0066,306005.jpg,2,BDA-EHHO-VC-Calibrated,1,30,600,311943025,4.425768187065036,2,66,2,600,True,17.50607449997915,10,10,4.425768187065036,nan,nan,0,142,158,0.47333333333333333,480,1323,480,0.7337770382695508
IMG_0066|r2|n30|b600|EHHO-VC,IMG_0066,306005.jpg,2,EHHO-VC,2,30,600,311943025,4.426029972811044,2,2,2,600,True,7.58568010001909,13,13,4.426029972811044,0.09551531276379374,0.007282870625421054,5,0,0,nan,197,1603,197,0.8905555555555555
IMG_0066|r2|n30|b600|HHO-VC,IMG_0066,306005.jpg,2,HHO-VC,3,30,600,311943025,4.426029972811044,2,2,2,600,True,5.26561150001362,11,11,4.426029972811044,nan,nan,0,0,0,nan,157,1643,157,0.9127777777777778
IMG_0066|r2|n30|b600|BEHHO-VC-Calibrated,IMG_0066,306005.jpg,2,BEHHO-VC-Calibrated,4,30,600,311943025,4.425768187065036,2,66,2,600,True,19.449698699987493,20,20,4.425768187065036,0.6943981481481482,0.916111111111111,8,0,0,nan,448,1355,448,0.7515252357182474
IMG_0066|r3|n30|b600|BDA-EHHO-VC-Calibrated,IMG_0066,306005.jpg,3,BDA-EHHO-VC-Calibrated,1,30,600,283720044,4.426487208540525,52,223,255,600,True,22.599209200008772,10,10,4.426487208540525,nan,nan,0,156,144,0.52,520,1283,520,0.71159179145868
IMG_0066|r3|n30|b600|BEHHO-VC-Calibrated,IMG_0066,306005.jpg,3,BEHHO-VC-Calibrated,2,30,600,283720044,4.427054426977123,50,244,12,600,True,18.20501699997112,20,20,4.427054426977123,0.8849629629629631,0.878148148148148,0,0,0,nan,534,1269,534,0.7038269550748752
IMG_0066|r3|n30|b600|EHHO-VC,IMG_0066,306005.jpg,3,EHHO-VC,3,30,600,283720044,4.426050624327753,50,205,255,600,True,19.456976899993606,13,13,4.426050624327753,0.5014684270760017,0.4928976597767531,0,0,0,nan,418,1382,418,0.7677777777777778
IMG_0066|r3|n30|b600|HHO-VC,IMG_0066,306005.jpg,3,HHO-VC,4,30,600,283720044,4.426050624327753,50,205,255,600,True,19.594193600001745,12,12,4.426050624327753,nan,nan,0,0,0,nan,398,1402,398,0.7788888888888889
IMG_0066|r4|n30|b600|EHHO-VC,IMG_0066,306005.jpg,4,EHHO-VC,1,30,600,377061846,4.425210818050723,54,32,37,600,True,16.776988099969458,13,13,4.425210818050723,0.22968551514526298,0.1400653146549805,0,0,0,nan,372,1428,372,0.7933333333333333
IMG_0066|r4|n30|b600|HHO-VC,IMG_0066,306005.jpg,4,HHO-VC,2,30,600,377061846,4.425400173430275,55,32,38,600,True,17.199225999996997,11,11,4.425400173430275,nan,nan,0,0,0,nan,360,1440,360,0.8
IMG_0066|r4|n30|b600|BEHHO-VC-Calibrated,IMG_0066,306005.jpg,4,BEHHO-VC-Calibrated,3,30,600,377061846,4.423697378944945,27,83,104,600,True,26.158471799979452,20,20,4.423697378944945,0.9072499999999998,0.8707407407407407,0,0,0,nan,567,1236,567,0.6855241264559068
IMG_0066|r4|n30|b600|BDA-EHHO-VC-Calibrated,IMG_0066,306005.jpg,4,BDA-EHHO-VC-Calibrated,4,30,600,377061846,4.424979979022926,213,36,115,600,True,16.121544800000265,10,10,4.424979979022926,nan,nan,0,133,167,0.44333333333333336,489,1314,489,0.7287853577371048
IMG_0066|r5|n30|b600|BEHHO-VC-Calibrated,IMG_0066,306005.jpg,5,BEHHO-VC-Calibrated,1,30,600,1691715330,4.423757560923133,67,15,19,600,True,20.092564800055698,20,20,4.423757560923133,0.8857685185185185,0.908148148148148,0,0,0,nan,577,1226,577,0.6799778147531891
IMG_0066|r5|n30|b600|HHO-VC,IMG_0066,306005.jpg,5,HHO-VC,2,30,600,1691715330,4.422825395887508,80,15,55,600,True,10.231020700011868,12,12,4.422825395887508,nan,nan,0,0,0,nan,281,1519,281,0.8438888888888889
IMG_0066|r5|n30|b600|EHHO-VC,IMG_0066,306005.jpg,5,EHHO-VC,3,30,600,1691715330,4.42291772442609,83,15,58,600,True,14.529334800026845,13,13,4.42291772442609,0.21209564112124868,0.18982103071747733,0,0,0,nan,306,1494,306,0.83
IMG_0066|r5|n30|b600|BDA-EHHO-VC-Calibrated,IMG_0066,306005.jpg,5,BDA-EHHO-VC-Calibrated,4,30,600,1691715330,4.422867324672783,10,15,25,600,True,24.022019999974873,10,10,4.422867324672783,nan,nan,0,149,151,0.49666666666666665,512,1291,512,0.7160288408208542
IMG_0067|r1|n30|b600|BEHHO-VC-Calibrated,IMG_0067,3096.jpg,1,BEHHO-VC-Calibrated,1,30,600,1459148308,5.813701913541148,20,6,145,600,True,27.96955760003766,20,20,5.813701913541148,0.8928055555555556,0.8661111111111112,0,0,0,nan,597,1206,597,0.6688851913477537
IMG_0067|r1|n30|b600|HHO-VC,IMG_0067,3096.jpg,1,HHO-VC,2,30,600,1459148308,5.813900728121136,217,49,160,600,True,14.246487499971408,11,11,5.813900728121136,nan,nan,0,0,0,nan,397,1403,397,0.7794444444444445
IMG_0067|r1|n30|b600|EHHO-VC,IMG_0067,3096.jpg,1,EHHO-VC,3,30,600,1459148308,5.81394420502252,224,53,162,600,True,12.922588700021151,13,13,5.81394420502252,0.46391073179570247,0.38632320170958906,0,0,0,nan,430,1370,430,0.7611111111111111
IMG_0067|r1|n30|b600|BDA-EHHO-VC-Calibrated,IMG_0067,3096.jpg,1,BDA-EHHO-VC-Calibrated,4,30,600,1459148308,5.8138084269885075,250,6,135,600,True,14.56467849999899,10,10,5.8138084269885075,nan,nan,0,140,160,0.4666666666666667,500,1303,500,0.7226844148641154
IMG_0067|r2|n30|b600|EHHO-VC,IMG_0067,3096.jpg,2,EHHO-VC,1,30,600,733607609,5.813783150210969,14,145,120,600,True,9.753923100011889,13,13,5.813783150210969,0.29270016469903326,0.3522155212214714,0,0,0,nan,360,1440,360,0.8
IMG_0067|r2|n30|b600|BDA-EHHO-VC-Calibrated,IMG_0067,3096.jpg,2,BDA-EHHO-VC-Calibrated,2,30,600,733607609,5.813835459078774,10,98,94,600,True,13.444196299999021,10,10,5.813835459078774,nan,nan,0,151,149,0.5033333333333333,503,1300,503,0.7210205213533001
IMG_0067|r2|n30|b600|BEHHO-VC-Calibrated,IMG_0067,3096.jpg,2,BEHHO-VC-Calibrated,3,30,600,733607609,5.813642297493445,14,24,112,600,True,12.651810500014108,20,20,5.813642297493445,0.8670277777777777,0.8642592592592592,0,0,0,nan,504,1299,504,0.7204658901830283
IMG_0067|r2|n30|b600|HHO-VC,IMG_0067,3096.jpg,2,HHO-VC,4,30,600,733607609,5.813766615694031,14,133,112,600,True,8.60492479999084,12,12,5.813766615694031,nan,nan,0,0,0,nan,357,1443,357,0.8016666666666666
IMG_0067|r3|n30|b600|EHHO-VC,IMG_0067,3096.jpg,3,EHHO-VC,1,30,600,1198503069,5.8128019927783106,163,136,109,600,True,15.732485599990468,12,12,5.8128019927783106,0.40200415986398014,0.3237633456930608,0,0,0,nan,479,1321,479,0.7338888888888889
IMG_0067|r3|n30|b600|BDA-EHHO-VC-Calibrated,IMG_0067,3096.jpg,3,BDA-EHHO-VC-Calibrated,2,30,600,1198503069,5.812792069253075,188,84,2,600,True,15.353213499998674,10,10,5.812792069253075,nan,nan,0,152,148,0.5066666666666667,494,1309,494,0.726012201885746
IMG_0067|r3|n30|b600|BEHHO-VC-Calibrated,IMG_0067,3096.jpg,3,BEHHO-VC-Calibrated,3,30,600,1198503069,5.81268310088894,158,31,117,600,True,18.77508890000172,20,20,5.81268310088894,0.9172407407407406,0.9233333333333333,0,0,0,nan,577,1226,577,0.6799778147531891
IMG_0067|r3|n30|b600|HHO-VC,IMG_0067,3096.jpg,3,HHO-VC,4,30,600,1198503069,5.812867483464488,169,146,70,600,True,14.984103099966887,11,11,5.812867483464488,nan,nan,0,0,0,nan,433,1367,433,0.7594444444444445
IMG_0067|r4|n30|b600|BEHHO-VC-Calibrated,IMG_0067,3096.jpg,4,BEHHO-VC-Calibrated,1,30,600,1950835378,5.8119934975107155,2,8,2,600,True,12.309818000008818,20,20,5.8119934975107155,0.7145740740740741,0.7298148148148149,11,0,0,nan,486,1317,486,0.7304492512479202
IMG_0067|r4|n30|b600|EHHO-VC,IMG_0067,3096.jpg,4,EHHO-VC,2,30,600,1950835378,5.812427612389331,2,2,2,600,True,4.9415442000026815,13,13,5.812427612389331,0.09345332952361166,0.01495252853223261,5,0,0,nan,159,1641,159,0.9116666666666666
IMG_0067|r4|n30|b600|BDA-EHHO-VC-Calibrated,IMG_0067,3096.jpg,4,BDA-EHHO-VC-Calibrated,3,30,600,1950835378,5.81207632203051,13,23,2,600,True,9.294659900013357,10,10,5.81207632203051,nan,nan,0,141,159,0.47,497,1306,497,0.7243483083749307
IMG_0067|r4|n30|b600|HHO-VC,IMG_0067,3096.jpg,4,HHO-VC,4,30,600,1950835378,5.812427612389331,2,2,2,600,True,2.1974512000451796,11,11,5.812427612389331,nan,nan,0,0,0,nan,118,1682,118,0.9344444444444444
IMG_0067|r5|n30|b600|HHO-VC,IMG_0067,3096.jpg,5,HHO-VC,1,30,600,745948236,5.812044246538576,205,109,138,600,True,13.65540129999863,11,11,5.812044246538576,nan,nan,0,0,0,nan,438,1362,438,0.7566666666666667
IMG_0067|r5|n30|b600|BDA-EHHO-VC-Calibrated,IMG_0067,3096.jpg,5,BDA-EHHO-VC-Calibrated,2,30,600,745948236,5.812034206883958,203,112,221,600,True,12.32071519998135,10,10,5.812034206883958,nan,nan,0,122,178,0.4066666666666667,492,1311,492,0.7271214642262895
IMG_0067|r5|n30|b600|BEHHO-VC-Calibrated,IMG_0067,3096.jpg,5,BEHHO-VC-Calibrated,3,30,600,745948236,5.812026750257959,205,163,140,600,True,10.423302099981811,20,20,5.812026750257959,0.9217962962962962,0.869074074074074,0,0,0,nan,570,1233,570,0.6838602329450915
IMG_0067|r5|n30|b600|EHHO-VC,IMG_0067,3096.jpg,5,EHHO-VC,4,30,600,745948236,5.812019414617136,203,109,140,600,True,15.608954299998004,13,13,5.812019414617136,0.47685231188595095,0.4709914847486853,0,0,0,nan,471,1329,471,0.7383333333333333
IMG_0068|r1|n30|b600|BDA-EHHO-VC-Calibrated,IMG_0068,33039.jpg,1,BDA-EHHO-VC-Calibrated,1,30,600,498856922,5.065325455639983,101,12,184,600,True,25.942233900015708,10,10,5.065325455639983,nan,nan,0,153,147,0.51,476,1327,476,0.7359955629506378
IMG_0068|r1|n30|b600|EHHO-VC,IMG_0068,33039.jpg,1,EHHO-VC,2,30,600,498856922,5.065822741059247,122,225,7,600,True,20.186017700005323,13,13,5.065822741059247,0.430956131124944,0.4836785213731165,0,0,0,nan,368,1432,368,0.7955555555555556
IMG_0068|r1|n30|b600|HHO-VC,IMG_0068,33039.jpg,1,HHO-VC,3,30,600,498856922,5.064949857215979,12,13,7,600,True,11.042506199970376,11,11,5.064949857215979,nan,nan,0,0,0,nan,210,1590,210,0.8833333333333333
IMG_0068|r1|n30|b600|BEHHO-VC-Calibrated,IMG_0068,33039.jpg,1,BEHHO-VC-Calibrated,4,30,600,498856922,5.065443878221806,20,14,91,600,True,35.331670699990354,20,20,5.065443878221806,0.9259629629629629,0.9192592592592591,0,0,0,nan,594,1209,594,0.670549084858569
IMG_0068|r2|n30|b600|EHHO-VC,IMG_0068,33039.jpg,2,EHHO-VC,1,30,600,990332170,5.065703212809139,2,10,138,600,True,16.021463599987328,13,13,5.065703212809139,0.2777434034623909,0.23813260501862418,0,0,0,nan,271,1529,271,0.8494444444444444
IMG_0068|r2|n30|b600|BEHHO-VC-Calibrated,IMG_0068,33039.jpg,2,BEHHO-VC-Calibrated,2,30,600,990332170,5.065916001639907,2,64,38,600,True,24.266426499991212,20,20,5.065916001639907,0.7730833333333335,0.63,5,0,0,nan,486,1317,486,0.7304492512479202
IMG_0068|r2|n30|b600|HHO-VC,IMG_0068,33039.jpg,2,HHO-VC,3,30,600,990332170,5.065707960367185,2,10,123,600,True,13.622376299987081,11,11,5.065707960367185,nan,nan,0,0,0,nan,274,1526,274,0.8477777777777777
IMG_0068|r2|n30|b600|BDA-EHHO-VC-Calibrated,IMG_0068,33039.jpg,2,BDA-EHHO-VC-Calibrated,4,30,600,990332170,5.066011507019784,2,75,98,600,True,25.08590909995837,10,10,5.066011507019784,nan,nan,0,154,146,0.5133333333333333,503,1300,503,0.7210205213533001
IMG_0068|r3|n30|b600|BEHHO-VC-Calibrated,IMG_0068,33039.jpg,3,BEHHO-VC-Calibrated,1,30,600,846284083,5.064573848761726,3,111,14,600,True,23.88307799998438,20,20,5.064573848761726,0.8710185185185185,0.8550000000000001,0,0,0,nan,505,1298,505,0.7199112590127565
IMG_0068|r3|n30|b600|EHHO-VC,IMG_0068,33039.jpg,3,EHHO-VC,2,30,600,846284083,5.064851517029008,12,7,13,600,True,14.092542900005355,13,13,5.064851517029008,0.28237296378762183,0.03385296563279508,0,0,0,nan,370,1430,370,0.7944444444444444
IMG_0068|r3|n30|b600|BDA-EHHO-VC-Calibrated,IMG_0068,33039.jpg,3,BDA-EHHO-VC-Calibrated,3,30,600,846284083,5.064846349156748,3,8,52,600,True,14.99081920000026,10,10,5.064846349156748,nan,nan,0,142,158,0.47333333333333333,481,1322,481,0.733222407099279
IMG_0068|r3|n30|b600|HHO-VC,IMG_0068,33039.jpg,3,HHO-VC,4,30,600,846284083,5.06580493704399,252,53,255,600,True,11.704833400028292,11,11,5.06580493704399,nan,nan,0,0,0,nan,405,1395,405,0.775
IMG_0068|r4|n30|b600|BEHHO-VC-Calibrated,IMG_0068,33039.jpg,4,BEHHO-VC-Calibrated,1,30,600,154414880,5.072080913253576,36,48,2,600,True,14.56068429996958,20,20,5.072080913253576,0.8516666666666666,0.8703703703703702,0,0,0,nan,541,1262,541,0.6999445368829729
IMG_0068|r4|n30|b600|EHHO-VC,IMG_0068,33039.jpg,4,EHHO-VC,2,30,600,154414880,5.072214093005813,13,152,190,600,True,9.690978400001768,13,13,5.072214093005813,0.4091001827641397,0.4270846918489254,0,0,0,nan,392,1408,392,0.7822222222222223
IMG_0068|r4|n30|b600|HHO-VC,IMG_0068,33039.jpg,4,HHO-VC,3,30,600,154414880,5.071269604383951,13,13,2,600,True,7.000793999992311,12,12,5.071269604383951,nan,nan,0,0,0,nan,264,1536,264,0.8533333333333334
IMG_0068|r4|n30|b600|BDA-EHHO-VC-Calibrated,IMG_0068,33039.jpg,4,BDA-EHHO-VC-Calibrated,4,30,600,154414880,5.071644367381062,6,50,2,600,True,12.745442499988712,10,10,5.071644367381062,nan,nan,0,141,159,0.47,500,1303,500,0.7226844148641154
IMG_0068|r5|n30|b600|BDA-EHHO-VC-Calibrated,IMG_0068,33039.jpg,5,BDA-EHHO-VC-Calibrated,1,30,600,1929641918,5.066893057855117,38,7,91,600,True,15.211463499988895,10,10,5.066893057855117,nan,nan,0,146,154,0.4866666666666667,493,1310,493,0.7265668330560178
IMG_0068|r5|n30|b600|BEHHO-VC-Calibrated,IMG_0068,33039.jpg,5,BEHHO-VC-Calibrated,2,30,600,1929641918,5.0668626932994005,2,130,9,600,True,14.070176900015213,20,20,5.0668626932994005,0.6743148148148148,0.6996296296296297,12,0,0,nan,434,1369,434,0.7592900721020521
IMG_0068|r5|n30|b600|EHHO-VC,IMG_0068,33039.jpg,5,EHHO-VC,3,30,600,1929641918,5.06657870338223,5,3,9,600,True,7.602287200046703,13,13,5.06657870338223,0.16564483420962173,0.04190291899544096,4,0,0,nan,254,1546,254,0.8588888888888889
IMG_0068|r5|n30|b600|HHO-VC,IMG_0068,33039.jpg,5,HHO-VC,4,30,600,1929641918,5.065874975261846,4,6,9,600,True,7.293513600016013,11,11,5.065874975261846,nan,nan,0,0,0,nan,203,1597,203,0.8872222222222222
IMG_0069|r1|n30|b600|HHO-VC,IMG_0069,351093.jpg,1,HHO-VC,1,30,600,1717600361,4.186286090686258,255,195,201,600,True,16.375901400053408,12,12,4.186286090686258,nan,nan,0,0,0,nan,453,1347,453,0.7483333333333333
IMG_0069|r1|n30|b600|BEHHO-VC-Calibrated,IMG_0069,351093.jpg,1,BEHHO-VC-Calibrated,2,30,600,1717600361,4.185712260002186,2,219,159,600,True,21.527507700026035,20,20,4.185712260002186,0.8677685185185187,0.8550000000000001,0,0,0,nan,530,1273,530,0.7060454797559623
IMG_0069|r1|n30|b600|BDA-EHHO-VC-Calibrated,IMG_0069,351093.jpg,1,BDA-EHHO-VC-Calibrated,3,30,600,1717600361,4.185211595096136,2,176,204,600,True,17.110763500037137,10,10,4.185211595096136,nan,nan,0,146,154,0.4866666666666667,510,1293,510,0.7171381031613977
IMG_0069|r1|n30|b600|EHHO-VC,IMG_0069,351093.jpg,1,EHHO-VC,4,30,600,1717600361,4.186241901805451,254,195,201,600,True,13.299649900000077,14,14,4.186241901805451,0.5725596585626253,0.6066539184974233,0,0,0,nan,481,1319,481,0.7327777777777778
IMG_0069|r2|n30|b600|BDA-EHHO-VC-Calibrated,IMG_0069,351093.jpg,2,BDA-EHHO-VC-Calibrated,1,30,600,1592285438,4.185955839021943,60,2,13,600,True,12.585378799994942,10,10,4.18597037266358,nan,nan,0,141,159,0.47,503,1300,503,0.7210205213533001
IMG_0069|r2|n30|b600|HHO-VC,IMG_0069,351093.jpg,2,HHO-VC,2,30,600,1592285438,4.185746630899264,5,98,2,600,True,5.874350199999753,12,12,4.185746630899264,nan,nan,0,0,0,nan,236,1564,236,0.8688888888888889
IMG_0069|r2|n30|b600|BEHHO-VC-Calibrated,IMG_0069,351093.jpg,2,BEHHO-VC-Calibrated,3,30,600,1592285438,4.185162150988684,5,2,2,600,True,12.52862949995324,20,20,4.185162150988684,0.6827407407407408,0.5992592592592593,8,0,0,nan,459,1344,459,0.7454242928452579
IMG_0069|r2|n30|b600|EHHO-VC,IMG_0069,351093.jpg,2,EHHO-VC,4,30,600,1592285438,4.185735086238654,5,114,2,600,True,6.530408199992962,14,14,4.185735086238654,0.21353083888144994,0.2284555147623353,0,0,0,nan,243,1557,243,0.865
IMG_0069|r3|n30|b600|BDA-EHHO-VC-Calibrated,IMG_0069,351093.jpg,3,BDA-EHHO-VC-Calibrated,1,30,600,2091705848,4.185068385147983,214,49,32,600,True,16.547748400014825,10,10,4.185068385147983,nan,nan,0,157,143,0.5233333333333333,498,1305,498,0.7237936772046589
IMG_0069|r3|n30|b600|HHO-VC,IMG_0069,351093.jpg,3,HHO-VC,2,30,600,2091705848,4.184728770467273,4,181,32,600,True,6.068840499967337,11,11,4.184728770467273,nan,nan,0,0,0,nan,294,1506,294,0.8366666666666667
IMG_0069|r3|n30|b600|BEHHO-VC-Calibrated,IMG_0069,351093.jpg,3,BEHHO-VC-Calibrated,3,30,600,2091705848,4.185573412402756,62,122,181,600,True,11.081325999984983,20,20,4.185573412402756,0.9381296296296296,0.943888888888889,0,0,0,nan,605,1198,605,0.6644481419855796
IMG_0069|r3|n30|b600|EHHO-VC,IMG_0069,351093.jpg,3,EHHO-VC,4,30,600,2091705848,4.1846290472488565,4,186,32,600,True,5.410674599988852,13,13,4.1846290472488565,0.35104035445010556,0.3237765785906681,0,0,0,nan,296,1504,296,0.8355555555555556
IMG_0069|r4|n30|b600|BDA-EHHO-VC-Calibrated,IMG_0069,351093.jpg,4,BDA-EHHO-VC-Calibrated,1,30,600,1402377241,4.185801404176288,58,8,2,600,True,16.16754300001776,10,10,4.186484938436711,nan,nan,0,148,152,0.49333333333333335,523,1280,523,0.7099278979478647
IMG_0069|r4|n30|b600|BEHHO-VC-Calibrated,IMG_0069,351093.jpg,4,BEHHO-VC-Calibrated,2,30,600,1402377241,4.185540445755424,72,4,2,600,True,10.417894400015939,20,20,4.185540445755424,0.7345555555555555,0.44407407407407407,7,0,0,nan,470,1333,470,0.7393233499722685
IMG_0069|r4|n30|b600|HHO-VC,IMG_0069,351093.jpg,4,HHO-VC,3,30,600,1402377241,4.185433120879476,101,4,2,600,True,4.289544900006149,11,11,4.185433120879476,nan,nan,0,0,0,nan,227,1573,227,0.8738888888888889
IMG_0069|r4|n30|b600|EHHO-VC,IMG_0069,351093.jpg,4,EHHO-VC,4,30,600,1402377241,4.185069368449999,36,4,2,600,True,4.1934730999637395,13,13,4.185069368449999,0.16189922423783992,0.05745308321839034,0,0,0,nan,221,1579,221,0.8772222222222222
IMG_0069|r5|n30|b600|BEHHO-VC-Calibrated,IMG_0069,351093.jpg,5,BEHHO-VC-Calibrated,1,30,600,852633968,4.190246576441031,17,2,147,600,True,11.474818999995477,20,20,4.190246576441031,0.9153796296296296,0.9211111111111111,0,0,0,nan,583,1220,583,0.6766500277315585
IMG_0069|r5|n30|b600|HHO-VC,IMG_0069,351093.jpg,5,HHO-VC,2,30,600,852633968,4.189509576722561,71,2,22,600,True,5.113566800020635,11,11,4.189509576722561,nan,nan,0,0,0,nan,212,1588,212,0.8822222222222222
IMG_0069|r5|n30|b600|BDA-EHHO-VC-Calibrated,IMG_0069,351093.jpg,5,BDA-EHHO-VC-Calibrated,3,30,600,852633968,4.190147757405438,72,2,136,600,True,11.54192550003063,10,10,4.190147757405438,nan,nan,0,126,174,0.42,481,1322,481,0.733222407099279
IMG_0069|r5|n30|b600|EHHO-VC,IMG_0069,351093.jpg,5,EHHO-VC,4,30,600,852633968,4.189563268309409,71,2,21,600,True,5.210711599967908,13,13,4.189563268309409,0.1515572194390211,0.13167682466757152,0,0,0,nan,218,1582,218,0.8788888888888889
IMG_0070|r1|n30|b600|BDA-EHHO-VC-Calibrated,IMG_0070,361010.jpg,1,BDA-EHHO-VC-Calibrated,1,30,600,1898741002,4.907531348137769,120,110,5,600,True,13.571303000033367,10,10,4.907531348137769,nan,nan,0,156,144,0.52,494,1309,494,0.726012201885746
IMG_0070|r1|n30|b600|HHO-VC,IMG_0070,361010.jpg,1,HHO-VC,2,30,600,1898741002,4.90598393699819,154,13,5,600,True,7.5292423000209965,11,11,4.90598393699819,nan,nan,0,0,0,nan,284,1516,284,0.8422222222222222
IMG_0070|r1|n30|b600|EHHO-VC,IMG_0070,361010.jpg,1,EHHO-VC,3,30,600,1898741002,4.90598393699819,154,13,5,600,True,5.881989500019699,13,13,4.90598393699819,0.2926022369249855,0.2921128708538908,0,0,0,nan,291,1509,291,0.8383333333333334
IMG_0070|r1|n30|b600|BEHHO-VC-Calibrated,IMG_0070,361010.jpg,1,BEHHO-VC-Calibrated,4,30,600,1898741002,4.908382857652302,132,24,2,600,True,16.312426000018604,20,20,4.908382857652302,0.9551296296296294,0.9748148148148147,0,0,0,nan,644,1159,644,0.6428175263449806
IMG_0070|r2|n30|b600|BDA-EHHO-VC-Calibrated,IMG_0070,361010.jpg,2,BDA-EHHO-VC-Calibrated,1,30,600,1949239689,4.9008662673202865,24,155,9,600,True,11.312836700002663,10,10,4.901122539705853,nan,nan,0,134,166,0.44666666666666666,498,1305,498,0.7237936772046589
IMG_0070|r2|n30|b600|BEHHO-VC-Calibrated,IMG_0070,361010.jpg,2,BEHHO-VC-Calibrated,2,30,600,1949239689,4.900736657977762,11,148,90,600,True,12.337291700008791,20,20,4.900736657977762,0.923185185185185,0.9105555555555555,0,0,0,nan,570,1233,570,0.6838602329450915
IMG_0070|r2|n30|b600|HHO-VC,IMG_0070,361010.jpg,2,HHO-VC,3,30,600,1949239689,4.90111628421804,47,158,28,600,True,7.342138400010299,12,12,4.90111628421804,nan,nan,0,0,0,nan,338,1462,338,0.8122222222222222
IMG_0070|r2|n30|b600|EHHO-VC,IMG_0070,361010.jpg,2,EHHO-VC,4,30,600,1949239689,4.900917392749295,47,157,28,600,True,9.316217699961271,14,14,4.900917392749295,0.29909960621913584,0.27689095033022215,0,0,0,nan,364,1436,364,0.7977777777777778
IMG_0070|r3|n30|b600|BEHHO-VC-Calibrated,IMG_0070,361010.jpg,3,BEHHO-VC-Calibrated,1,30,600,1056758984,4.911191571502473,14,196,2,600,True,14.183561599988025,20,20,4.911191571502473,0.8212685185185185,0.8153703703703702,0,0,0,nan,486,1317,486,0.7304492512479202
IMG_0070|r3|n30|b600|EHHO-VC,IMG_0070,361010.jpg,3,EHHO-VC,2,30,600,1056758984,4.910828298107983,7,2,2,600,True,5.338850400003139,13,13,4.910828298107983,0.10729439947837838,0.008586310037857585,5,0,0,nan,187,1613,187,0.8961111111111111
IMG_0070|r3|n30|b600|BDA-EHHO-VC-Calibrated,IMG_0070,361010.jpg,3,BDA-EHHO-VC-Calibrated,3,30,600,1056758984,4.911319307325036,14,228,2,600,True,23.63270030001877,10,10,4.911319307325036,nan,nan,0,165,135,0.55,480,1323,480,0.7337770382695508
IMG_0070|r3|n30|b600|HHO-VC,IMG_0070,361010.jpg,3,HHO-VC,4,30,600,1056758984,4.910828298107983,7,2,2,600,True,8.095309600001201,12,12,4.910828298107983,nan,nan,0,0,0,nan,170,1630,170,0.9055555555555556
IMG_0070|r4|n30|b600|HHO-VC,IMG_0070,361010.jpg,4,HHO-VC,1,30,600,1351279496,4.913402347869804,126,17,3,600,True,12.43665729998611,12,12,4.913402347869804,nan,nan,0,0,0,nan,253,1547,253,0.8594444444444445
IMG_0070|r4|n30|b600|EHHO-VC,IMG_0070,361010.jpg,4,EHHO-VC,2,30,600,1351279496,4.913832240526899,121,14,3,600,True,13.414644699951168,14,14,4.913832240526899,0.28440436108971284,0.20464077510960363,0,0,0,nan,270,1530,270,0.85
IMG_0070|r4|n30|b600|BDA-EHHO-VC-Calibrated,IMG_0070,361010.jpg,4,BDA-EHHO-VC-Calibrated,3,30,600,1351279496,4.913770852547231,102,4,7,600,True,22.67286420002347,10,10,4.913770852547231,nan,nan,0,156,144,0.52,503,1300,503,0.7210205213533001
IMG_0070|r4|n30|b600|BEHHO-VC-Calibrated,IMG_0070,361010.jpg,4,BEHHO-VC-Calibrated,4,30,600,1351279496,4.91497245474421,137,17,62,600,True,24.958418599970173,20,20,4.91497245474421,0.9123425925925928,0.93,0,0,0,nan,595,1208,595,0.6699944536882972
IMG_0070|r5|n30|b600|BEHHO-VC-Calibrated,IMG_0070,361010.jpg,5,BEHHO-VC-Calibrated,1,30,600,1735010996,4.908244770400942,69,32,34,600,True,19.331126800039783,20,20,4.908244770400942,0.7328611111111112,0.6212962962962963,6,0,0,nan,453,1350,453,0.7487520798668885
IMG_0070|r5|n30|b600|BDA-EHHO-VC-Calibrated,IMG_0070,361010.jpg,5,BDA-EHHO-VC-Calibrated,2,30,600,1735010996,4.908166995937768,24,40,14,600,True,25.830341699998826,10,10,4.908166995937768,nan,nan,0,154,146,0.5133333333333333,522,1281,522,0.7104825291181365
IMG_0070|r5|n30|b600|HHO-VC,IMG_0070,361010.jpg,5,HHO-VC,3,30,600,1735010996,4.90791803954678,36,21,17,600,True,15.390539999993052,11,11,4.90791803954678,nan,nan,0,0,0,nan,317,1483,317,0.8238888888888889
IMG_0070|r5|n30|b600|EHHO-VC,IMG_0070,361010.jpg,5,EHHO-VC,4,30,600,1735010996,4.908120320741081,61,30,14,600,True,13.860943200008478,13,13,4.908120320741081,0.18637934961967548,0.12233257491601242,0,0,0,nan,295,1505,295,0.8361111111111111
IMG_0071|r1|n30|b600|BEHHO-VC-Calibrated,IMG_0071,37073.jpg,1,BEHHO-VC-Calibrated,1,30,600,1919125099,5.290910473451518,32,4,2,600,True,22.540246600052342,20,20,5.290910473451518,0.6873333333333334,0.5985185185185186,11,0,0,nan,441,1362,441,0.7554076539101497
IMG_0071|r1|n30|b600|BDA-EHHO-VC-Calibrated,IMG_0071,37073.jpg,1,BDA-EHHO-VC-Calibrated,2,30,600,1919125099,5.290963095793867,32,40,4,600,True,23.98653120000381,10,10,5.290963095793867,nan,nan,0,161,139,0.5366666666666666,478,1325,478,0.7348863006100943
IMG_0071|r1|n30|b600|EHHO-VC,IMG_0071,37073.jpg,1,EHHO-VC,3,30,600,1919125099,5.291057302398315,12,15,13,600,True,7.864575399958994,13,13,5.291057302398315,0.09796554790861609,0.04530430557457476,3,0,0,nan,204,1596,204,0.8866666666666667
IMG_0071|r1|n30|b600|HHO-VC,IMG_0071,37073.jpg,1,HHO-VC,4,30,600,1919125099,5.291414106646143,33,14,13,600,True,9.306892099964898,11,11,5.291414106646143,nan,nan,0,0,0,nan,218,1582,218,0.8788888888888889
IMG_0071|r2|n30|b600|BDA-EHHO-VC-Calibrated,IMG_0071,37073.jpg,2,BDA-EHHO-VC-Calibrated,1,30,600,1795515000,5.288351054965356,22,215,8,600,True,23.46720200002892,10,10,5.288351054965356,nan,nan,0,153,147,0.51,531,1272,531,0.7054908485856906
IMG_0071|r2|n30|b600|BEHHO-VC-Calibrated,IMG_0071,37073.jpg,2,BEHHO-VC-Calibrated,2,30,600,1795515000,5.288513069479834,31,197,182,600,True,23.311125800013542,20,20,5.288513069479834,0.8512222222222222,0.791111111111111,0,0,0,nan,504,1299,504,0.7204658901830283
IMG_0071|r2|n30|b600|HHO-VC,IMG_0071,37073.jpg,2,HHO-VC,3,30,600,1795515000,5.288823062400223,2,2,4,600,True,8.219842999998946,11,11,5.288823062400223,nan,nan,0,0,0,nan,176,1624,176,0.9022222222222223
IMG_0071|r2|n30|b600|EHHO-VC,IMG_0071,37073.jpg,2,EHHO-VC,4,30,600,1795515000,5.288823062400223,2,2,4,600,True,10.374723799992353,13,13,5.288823062400223,0.19273006131916037,0.07175771006469513,2,0,0,nan,225,1575,225,0.875
IMG_0071|r3|n30|b600|BDA-EHHO-VC-Calibrated,IMG_0071,37073.jpg,3,BDA-EHHO-VC-Calibrated,1,30,600,1424209788,5.284643775977738,218,131,145,600,True,21.865520799998194,10,10,5.284643775977738,nan,nan,0,145,155,0.48333333333333334,496,1307,496,0.7249029395452025
IMG_0071|r3|n30|b600|BEHHO-VC-Calibrated,IMG_0071,37073.jpg,3,BEHHO-VC-Calibrated,2,30,600,1424209788,5.285046862088353,188,2,152,600,True,24.946612100000493,20,20,5.285046862088353,0.9068703703703702,0.9451851851851852,0,0,0,nan,561,1242,561,0.6888519134775375
IMG_0071|r3|n30|b600|EHHO-VC,IMG_0071,37073.jpg,3,EHHO-VC,3,30,600,1424209788,5.284588652914171,134,2,145,600,True,16.106043300009333,14,14,5.284588652914171,0.35397427624777317,0.3046634193963195,0,0,0,nan,355,1445,355,0.8027777777777778
IMG_0071|r3|n30|b600|HHO-VC,IMG_0071,37073.jpg,3,HHO-VC,4,30,600,1424209788,5.284588652914171,134,2,145,600,True,9.244540799991228,12,12,5.284588652914171,nan,nan,0,0,0,nan,320,1480,320,0.8222222222222222
IMG_0071|r4|n30|b600|EHHO-VC,IMG_0071,37073.jpg,4,EHHO-VC,1,30,600,1234209795,5.290475521372335,143,2,192,600,True,18.007720299996436,13,13,5.290475521372335,0.42223993731774995,0.39404377320646333,0,0,0,nan,378,1422,378,0.79
IMG_0071|r4|n30|b600|BEHHO-VC-Calibrated,IMG_0071,37073.jpg,4,BEHHO-VC-Calibrated,2,30,600,1234209795,5.289501592253629,13,244,232,600,True,20.030424600001425,20,20,5.289501592253629,0.9066018518518518,0.907962962962963,0,0,0,nan,575,1228,575,0.6810870770937326
IMG_0071|r4|n30|b600|BDA-EHHO-VC-Calibrated,IMG_0071,37073.jpg,4,BDA-EHHO-VC-Calibrated,3,30,600,1234209795,5.290227775556258,28,172,237,600,True,23.294760199962184,10,10,5.290227775556258,nan,nan,0,143,157,0.4766666666666667,495,1308,495,0.7254575707154742
IMG_0071|r4|n30|b600|HHO-VC,IMG_0071,37073.jpg,4,HHO-VC,4,30,600,1234209795,5.290475521372335,143,2,192,600,True,15.229801499983296,11,11,5.290475521372335,nan,nan,0,0,0,nan,367,1433,367,0.7961111111111111
IMG_0071|r5|n30|b600|BDA-EHHO-VC-Calibrated,IMG_0071,37073.jpg,5,BDA-EHHO-VC-Calibrated,1,30,600,596786037,5.289291313122123,17,191,173,600,True,12.238129500008654,10,10,5.289291313122123,nan,nan,0,145,155,0.48333333333333334,502,1301,502,0.7215751525235718
IMG_0071|r5|n30|b600|HHO-VC,IMG_0071,37073.jpg,5,HHO-VC,2,30,600,596786037,5.28803129322501,3,84,2,600,True,7.431056100002024,11,11,5.28803129322501,nan,nan,0,0,0,nan,248,1552,248,0.8622222222222222
IMG_0071|r5|n30|b600|BEHHO-VC-Calibrated,IMG_0071,37073.jpg,5,BEHHO-VC-Calibrated,3,30,600,596786037,5.287895505679898,8,85,2,600,True,17.442521699995268,20,20,5.287895505679898,0.7932407407407407,0.8327777777777777,3,0,0,nan,442,1361,442,0.754853022739878
IMG_0071|r5|n30|b600|EHHO-VC,IMG_0071,37073.jpg,5,EHHO-VC,4,30,600,596786037,5.288105849299416,3,83,2,600,True,5.5629782999749295,13,13,5.288105849299416,0.17645546116850602,0.10271535840326343,0,0,0,nan,227,1573,227,0.8738888888888889
IMG_0072|r1|n30|b600|BEHHO-VC-Calibrated,IMG_0072,376043.jpg,1,BEHHO-VC-Calibrated,1,30,600,662443228,5.429031213104255,2,34,10,600,True,14.366207799990661,20,20,5.429031213104255,0.9226574074074076,0.9281481481481482,0,0,0,nan,581,1222,581,0.677759290072102
IMG_0072|r1|n30|b600|HHO-VC,IMG_0072,376043.jpg,1,HHO-VC,2,30,600,662443228,5.429309968473892,33,54,193,600,True,10.74806199996965,11,11,5.429309968473892,nan,nan,0,0,0,nan,356,1444,356,0.8022222222222222
IMG_0072|r1|n30|b600|BDA-EHHO-VC-Calibrated,IMG_0072,376043.jpg,1,BDA-EHHO-VC-Calibrated,3,30,600,662443228,5.429183333242746,64,9,10,600,True,12.19909850001568,10,10,5.429183333242746,nan,nan,0,143,157,0.4766666666666667,498,1305,498,0.7237936772046589
IMG_0072|r1|n30|b600|EHHO-VC,IMG_0072,376043.jpg,1,EHHO-VC,4,30,600,662443228,5.429258253115671,2,2,10,600,True,6.267126900027506,14,14,5.429258253115671,0.20047993783315982,0.10827171657925337,3,0,0,nan,307,1493,307,0.8294444444444444
IMG_0072|r2|n30|b600|BDA-EHHO-VC-Calibrated,IMG_0072,376043.jpg,2,BDA-EHHO-VC-Calibrated,1,30,600,25423963,5.42792971644045,102,2,152,600,True,13.379717400006484,10,10,5.42792971644045,nan,nan,0,144,156,0.48,489,1314,489,0.7287853577371048
IMG_0072|r2|n30|b600|EHHO-VC,IMG_0072,376043.jpg,2,EHHO-VC,2,30,600,25423963,5.427706921190942,79,4,186,600,True,8.823766600049566,13,13,5.427706921190942,0.3386392297992772,0.39692745989182365,0,0,0,nan,351,1449,351,0.805
IMG_0072|r2|n30|b600|HHO-VC,IMG_0072,376043.jpg,2,HHO-VC,3,30,600,25423963,5.427735890907034,70,2,186,600,True,11.128045600024052,11,11,5.427735890907034,nan,nan,0,0,0,nan,341,1459,341,0.8105555555555556
IMG_0072|r2|n30|b600|BEHHO-VC-Calibrated,IMG_0072,376043.jpg,2,BEHHO-VC-Calibrated,4,30,600,25423963,5.428083764430267,33,2,177,600,True,18.762540699972305,20,20,5.428083764430267,0.8583425925925925,0.8474074074074074,0,0,0,nan,540,1263,540,0.7004991680532446
IMG_0072|r3|n30|b600|BEHHO-VC-Calibrated,IMG_0072,376043.jpg,3,BEHHO-VC-Calibrated,1,30,600,760451864,5.431545394931033,218,24,3,600,True,17.362993600021582,20,20,5.431545394931033,0.8976296296296298,0.9457407407407407,0,0,0,nan,567,1236,567,0.6855241264559068
IMG_0072|r3|n30|b600|EHHO-VC,IMG_0072,376043.jpg,3,EHHO-VC,2,30,600,760451864,5.4314995518256,233,242,6,600,True,7.03764150000643,13,13,5.4314995518256,0.48323933921321516,0.5108497908769817,0,0,0,nan,386,1414,386,0.7855555555555556
IMG_0072|r3|n30|b600|BDA-EHHO-VC-Calibrated,IMG_0072,376043.jpg,3,BDA-EHHO-VC-Calibrated,3,30,600,760451864,5.431978586347465,254,155,6,600,True,10.891376700019464,10,10,5.431978586347465,nan,nan,0,150,150,0.5,513,1290,513,0.7154742096505824
IMG_0072|r3|n30|b600|HHO-VC,IMG_0072,376043.jpg,3,HHO-VC,4,30,600,760451864,5.431597354860755,234,242,3,600,True,15.386877699987963,12,12,5.431597354860755,nan,nan,0,0,0,nan,373,1427,373,0.7927777777777778
IMG_0072|r4|n30|b600|BEHHO-VC-Calibrated,IMG_0072,376043.jpg,4,BEHHO-VC-Calibrated,1,30,600,139200929,5.42587119418516,20,120,248,600,True,30.48944959999062,20,20,5.42587119418516,0.9434537037037037,0.987962962962963,0,0,0,nan,618,1185,618,0.6572379367720466
IMG_0072|r4|n30|b600|HHO-VC,IMG_0072,376043.jpg,4,HHO-VC,2,30,600,139200929,5.4259292162292,33,183,206,600,True,18.138453200052027,12,12,5.4259292162292,nan,nan,0,0,0,nan,398,1402,398,0.7788888888888889
IMG_0072|r4|n30|b600|EHHO-VC,IMG_0072,376043.jpg,4,EHHO-VC,3,30,600,139200929,5.4259292162292,33,183,206,600,True,15.163032000011299,14,14,5.4259292162292,0.4475411528428174,0.3859105386944272,0,0,0,nan,440,1360,440,0.7555555555555555
IMG_0072|r4|n30|b600|BDA-EHHO-VC-Calibrated,IMG_0072,376043.jpg,4,BDA-EHHO-VC-Calibrated,4,30,600,139200929,5.426041345896844,29,16,132,600,True,14.488764100009575,10,10,5.426041345896844,nan,nan,0,147,153,0.49,468,1335,468,0.740432612312812
IMG_0072|r5|n30|b600|HHO-VC,IMG_0072,376043.jpg,5,HHO-VC,1,30,600,211529168,5.43276460726359,4,4,4,600,True,6.739329600008205,12,12,5.43276460726359,nan,nan,0,0,0,nan,152,1648,152,0.9155555555555556
IMG_0072|r5|n30|b600|EHHO-VC,IMG_0072,376043.jpg,5,EHHO-VC,2,30,600,211529168,5.431865403865264,5,2,2,600,True,8.42489610001212,13,13,5.431865403865264,0.09667269546250655,0.02443389663166852,6,0,0,nan,184,1616,184,0.8977777777777778
IMG_0072|r5|n30|b600|BDA-EHHO-VC-Calibrated,IMG_0072,376043.jpg,5,BDA-EHHO-VC-Calibrated,3,30,600,211529168,5.432656804055913,5,98,48,600,True,23.638105100020766,10,10,5.432656804055913,nan,nan,0,144,156,0.48,513,1290,513,0.7154742096505824
IMG_0072|r5|n30|b600|BEHHO-VC-Calibrated,IMG_0072,376043.jpg,5,BEHHO-VC-Calibrated,4,30,600,211529168,5.432081442000336,4,2,2,600,True,21.947266299976036,20,20,5.432081442000336,0.8175648148148149,0.8035185185185184,5,0,0,nan,524,1279,524,0.7093732667775929
IMG_0073|r1|n30|b600|BDA-EHHO-VC-Calibrated,IMG_0073,38082.jpg,1,BDA-EHHO-VC-Calibrated,1,30,600,2112527290,5.273194139134937,13,88,217,600,True,23.348357899987604,10,10,5.273194139134937,nan,nan,0,145,155,0.48333333333333334,491,1312,491,0.7276760953965613
IMG_0073|r1|n30|b600|HHO-VC,IMG_0073,38082.jpg,1,HHO-VC,2,30,600,2112527290,5.272124701402425,13,2,192,600,True,12.600039499986451,11,11,5.272124701402425,nan,nan,0,0,0,nan,262,1538,262,0.8544444444444445
IMG_0073|r1|n30|b600|BEHHO-VC-Calibrated,IMG_0073,38082.jpg,1,BEHHO-VC-Calibrated,3,30,600,2112527290,5.2731764978408,2,2,244,600,True,19.444366099953186,20,20,5.2731764978408,0.7024629629629631,0.7494444444444444,9,0,0,nan,420,1383,420,0.7670549084858569
IMG_0073|r1|n30|b600|EHHO-VC,IMG_0073,38082.jpg,1,EHHO-VC,4,30,600,2112527290,5.272129758726365,13,2,191,600,True,13.598070900014136,12,12,5.272129758726365,0.3297082528726493,0.32256515181194323,0,0,0,nan,264,1536,264,0.8533333333333334
IMG_0073|r2|n30|b600|HHO-VC,IMG_0073,38082.jpg,2,HHO-VC,1,30,600,1605729317,5.270411572994051,8,161,116,600,True,17.777815900044516,11,11,5.270411572994051,nan,nan,0,0,0,nan,357,1443,357,0.8016666666666666
IMG_0073|r2|n30|b600|BDA-EHHO-VC-Calibrated,IMG_0073,38082.jpg,2,BDA-EHHO-VC-Calibrated,2,30,600,1605729317,5.270437330640155,5,153,146,600,True,23.476681599975564,10,10,5.270784707073988,nan,nan,0,144,156,0.48,493,1310,493,0.7265668330560178
IMG_0073|r2|n30|b600|EHHO-VC,IMG_0073,38082.jpg,2,EHHO-VC,3,30,600,1605729317,5.270331478336474,5,190,113,600,True,19.41497610002989,13,13,5.270331478336474,0.35618519772278934,0.36946105838288895,0,0,0,nan,364,1436,364,0.7977777777777778
IMG_0073|r2|n30|b600|BEHHO-VC-Calibrated,IMG_0073,38082.jpg,2,BEHHO-VC-Calibrated,4,30,600,1605729317,5.270744863050003,5,191,158,600,True,26.361228800029494,20,20,5.270744863050003,0.810138888888889,0.9457407407407407,4,0,0,nan,484,1319,484,0.7315585135884637
IMG_0073|r3|n30|b600|HHO-VC,IMG_0073,38082.jpg,3,HHO-VC,1,30,600,104372283,5.275061787828938,2,8,2,600,True,9.55545520002488,11,11,5.275061787828938,nan,nan,0,0,0,nan,170,1630,170,0.9055555555555556
IMG_0073|r3|n30|b600|BEHHO-VC-Calibrated,IMG_0073,38082.jpg,3,BEHHO-VC-Calibrated,2,30,600,104372283,5.275312251410571,26,27,2,600,True,33.22802460001549,20,20,5.275312251410571,0.9009722222222221,0.8918518518518518,0,0,0,nan,545,1258,545,0.6977260122018858
IMG_0073|r3|n30|b600|BDA-EHHO-VC-Calibrated,IMG_0073,38082.jpg,3,BDA-EHHO-VC-Calibrated,3,30,600,104372283,5.27541967133935,15,131,2,600,True,27.065765500010457,10,10,5.27541967133935,nan,nan,0,151,149,0.5033333333333333,480,1323,480,0.7337770382695508
IMG_0073|r3|n30|b600|EHHO-VC,IMG_0073,38082.jpg,3,EHHO-VC,4,30,600,104372283,5.275061787828938,2,8,2,600,True,11.356165799952578,13,13,5.275061787828938,0.13343274728159857,0.06363161372139481,3,0,0,nan,203,1597,203,0.8872222222222222
IMG_0073|r4|n30|b600|BEHHO-VC-Calibrated,IMG_0073,38082.jpg,4,BEHHO-VC-Calibrated,1,30,600,1229327393,5.272690189620029,13,7,74,600,True,27.68258310004603,20,20,5.272690189620029,0.9010092592592593,0.8724074074074073,0,0,0,nan,548,1255,548,0.6960621186910705
IMG_0073|r4|n30|b600|HHO-VC,IMG_0073,38082.jpg,4,HHO-VC,2,30,600,1229327393,5.272698075351776,3,15,7,600,True,14.060655599983875,12,12,5.272698075351776,nan,nan,0,0,0,nan,256,1544,256,0.8577777777777778
IMG_0073|r4|n30|b600|EHHO-VC,IMG_0073,38082.jpg,4,EHHO-VC,3,30,600,1229327393,5.272219808443084,3,15,10,600,True,14.75742929999251,13,13,5.272219808443084,0.17686583005486906,0.0306960570759235,0,0,0,nan,314,1486,314,0.8255555555555556
IMG_0073|r4|n30|b600|BDA-EHHO-VC-Calibrated,IMG_0073,38082.jpg,4,BDA-EHHO-VC-Calibrated,4,30,600,1229327393,5.272678459344427,2,233,182,600,True,23.090683299989905,10,10,5.273032016359246,nan,nan,0,155,145,0.5166666666666667,475,1328,475,0.7365501941209096
IMG_0073|r5|n30|b600|HHO-VC,IMG_0073,38082.jpg,5,HHO-VC,1,30,600,1490519636,5.2724695607335414,83,218,146,600,True,19.20141830004286,11,11,5.2724695607335414,nan,nan,0,0,0,nan,438,1362,438,0.7566666666666667
IMG_0073|r5|n30|b600|BEHHO-VC-Calibrated,IMG_0073,38082.jpg,5,BEHHO-VC-Calibrated,2,30,600,1490519636,5.271622922050103,2,2,144,600,True,19.303138499963097,20,20,5.271622922050103,0.6317037037037038,0.6581481481481481,15,0,0,nan,417,1386,417,0.7687188019966722
IMG_0073|r5|n30|b600|BDA-EHHO-VC-Calibrated,IMG_0073,38082.jpg,5,BDA-EHHO-VC-Calibrated,3,30,600,1490519636,5.271125982332214,2,253,227,600,True,22.011596800002735,10,10,5.271125982332214,nan,nan,0,146,154,0.4866666666666667,476,1327,476,0.7359955629506378
IMG_0073|r5|n30|b600|EHHO-VC,IMG_0073,38082.jpg,5,EHHO-VC,4,30,600,1490519636,5.271646074810413,2,2,7,600,True,15.548503899946809,13,13,5.271646074810413,0.2278639016102032,0.009622082263292005,2,0,0,nan,345,1455,345,0.8083333333333333
IMG_0074|r1|n30|b600|BDA-EHHO-VC-Calibrated,IMG_0074,38092.jpg,1,BDA-EHHO-VC-Calibrated,1,30,600,599991429,4.96227773199625,70,75,62,600,True,24.748274600016885,10,10,4.962439959444343,nan,nan,0,145,155,0.48333333333333334,514,1289,514,0.7149195784803106
IMG_0074|r1|n30|b600|EHHO-VC,IMG_0074,38092.jpg,1,EHHO-VC,2,30,600,599991429,4.962068723108293,119,8,62,600,True,17.260194099973887,13,13,4.962068723108293,0.24896118903278158,0.2188930951888717,0,0,0,nan,308,1492,308,0.8288888888888889
IMG_0074|r1|n30|b600|BEHHO-VC-Calibrated,IMG_0074,38092.jpg,1,BEHHO-VC-Calibrated,3,30,600,599991429,4.962626390693782,18,75,71,600,True,28.64248390001012,20,20,4.962626390693782,0.8490833333333333,0.7390740740740741,0,0,0,nan,493,1310,493,0.7265668330560178
IMG_0074|r1|n30|b600|HHO-VC,IMG_0074,38092.jpg,1,HHO-VC,4,30,600,599991429,4.962021095545928,120,8,62,600,True,18.229284400003962,12,12,4.962021095545928,nan,nan,0,0,0,nan,301,1499,301,0.8327777777777777
IMG_0074|r2|n30|b600|BEHHO-VC-Calibrated,IMG_0074,38092.jpg,2,BEHHO-VC-Calibrated,1,30,600,1750212209,4.970088213339506,98,8,22,600,True,25.309073799988255,20,20,4.970088213339506,0.7620925925925927,0.7562962962962964,5,0,0,nan,442,1361,442,0.754853022739878
IMG_0074|r2|n30|b600|HHO-VC,IMG_0074,38092.jpg,2,HHO-VC,2,30,600,1750212209,4.970224631839418,255,193,22,600,True,20.858039000013378,10,10,4.970224631839418,nan,nan,0,0,0,nan,346,1454,346,0.8077777777777778
IMG_0074|r2|n30|b600|EHHO-VC,IMG_0074,38092.jpg,2,EHHO-VC,3,30,600,1750212209,4.970194689068748,255,196,22,600,True,22.35072789998958,13,13,4.970194689068748,0.4714556031044721,0.4919476379911056,0,0,0,nan,367,1433,367,0.7961111111111111
IMG_0074|r2|n30|b600|BDA-EHHO-VC-Calibrated,IMG_0074,38092.jpg,2,BDA-EHHO-VC-Calibrated,4,30,600,1750212209,4.970373803885041,246,186,21,600,True,29.282951699977275,10,10,4.970373803885041,nan,nan,0,142,158,0.47333333333333333,506,1297,506,0.7193566278424848
IMG_0074|r3|n30|b600|BEHHO-VC-Calibrated,IMG_0074,38092.jpg,3,BEHHO-VC-Calibrated,1,30,600,1089275945,4.9679058535776806,52,86,151,600,True,29.34020049998071,20,20,4.9679058535776806,0.9177870370370371,0.8838888888888888,0,0,0,nan,563,1240,563,0.687742651136994
IMG_0074|r3|n30|b600|EHHO-VC,IMG_0074,38092.jpg,3,EHHO-VC,2,30,600,1089275945,4.968107188408618,214,41,149,600,True,23.698000799980946,13,13,4.968107188408618,0.45271208432954324,0.3990280972983043,0,0,0,nan,444,1356,444,0.7533333333333333
IMG_0074|r3|n30|b600|HHO-VC,IMG_0074,38092.jpg,3,HHO-VC,3,30,600,1089275945,4.9684974522701575,74,2,47,600,True,20.185260400001425,11,11,4.9684974522701575,nan,nan,0,0,0,nan,351,1449,351,0.805
IMG_0074|r3|n30|b600|BDA-EHHO-VC-Calibrated,IMG_0074,38092.jpg,3,BDA-EHHO-VC-Calibrated,4,30,600,1089275945,4.967791077527038,185,41,158,600,True,27.96730280003976,10,10,4.967791077527038,nan,nan,0,142,158,0.47333333333333333,494,1309,494,0.726012201885746
IMG_0074|r4|n30|b600|BEHHO-VC-Calibrated,IMG_0074,38092.jpg,4,BEHHO-VC-Calibrated,1,30,600,421333691,4.956307681644644,8,208,2,600,True,36.174724699987564,20,20,4.956307681644644,0.8775092592592593,0.7396296296296296,0,0,0,nan,580,1223,580,0.6783139212423738
IMG_0074|r4|n30|b600|EHHO-VC,IMG_0074,38092.jpg,4,EHHO-VC,2,30,600,421333691,4.956775656968547,2,3,2,600,True,12.603850300016347,13,13,4.956775656968547,0.12148866713489122,0.15156985364904324,5,0,0,nan,217,1583,217,0.8794444444444445
IMG_0074|r4|n30|b600|BDA-EHHO-VC-Calibrated,IMG_0074,38092.jpg,4,BDA-EHHO-VC-Calibrated,3,30,600,421333691,4.957466353097536,7,167,95,600,True,26.539227799978107,10,10,4.957466353097536,nan,nan,0,149,151,0.49666666666666665,487,1316,487,0.7298946200776484
IMG_0074|r4|n30|b600|HHO-VC,IMG_0074,38092.jpg,4,HHO-VC,4,30,600,421333691,4.956775656968547,2,3,2,600,True,10.564327400003094,11,11,4.956775656968547,nan,nan,0,0,0,nan,196,1604,196,0.8911111111111111
IMG_0074|r5|n30|b600|BDA-EHHO-VC-Calibrated,IMG_0074,38092.jpg,5,BDA-EHHO-VC-Calibrated,1,30,600,772896276,4.964532324423979,237,252,255,600,True,32.095060000021476,10,10,4.964532324423979,nan,nan,0,140,160,0.4666666666666667,502,1301,502,0.7215751525235718
IMG_0074|r5|n30|b600|HHO-VC,IMG_0074,38092.jpg,5,HHO-VC,2,30,600,772896276,4.964190984489934,255,251,255,600,True,23.343965400010347,12,12,4.964190984489934,nan,nan,0,0,0,nan,423,1377,423,0.765
IMG_0074|r5|n30|b600|EHHO-VC,IMG_0074,38092.jpg,5,EHHO-VC,3,30,600,772896276,4.964207302076003,255,221,255,600,True,27.313419300015084,14,14,4.964207302076003,0.6025956657362982,0.6610891351248717,0,0,0,nan,469,1331,469,0.7394444444444445
IMG_0074|r5|n30|b600|BEHHO-VC-Calibrated,IMG_0074,38092.jpg,5,BEHHO-VC-Calibrated,4,30,600,772896276,4.964125305884688,255,247,251,600,True,22.856327999965288,20,20,4.964125305884688,0.7351666666666666,0.748888888888889,8,0,0,nan,453,1350,453,0.7487520798668885
IMG_0075|r1|n30|b600|HHO-VC,IMG_0075,385039.jpg,1,HHO-VC,1,30,600,1122099843,4.863474270071562,2,2,2,600,True,8.926704599987715,12,12,4.863474270071562,nan,nan,0,0,0,nan,166,1634,166,0.9077777777777778
IMG_0075|r1|n30|b600|BDA-EHHO-VC-Calibrated,IMG_0075,385039.jpg,1,BDA-EHHO-VC-Calibrated,2,30,600,1122099843,4.864601589008783,127,47,2,600,True,27.617873000039253,10,10,4.864601589008783,nan,nan,0,152,148,0.5066666666666667,519,1284,519,0.7121464226289518
IMG_0075|r1|n30|b600|EHHO-VC,IMG_0075,385039.jpg,1,EHHO-VC,3,30,600,1122099843,4.863474270071562,2,2,2,600,True,11.945447900041472,14,14,4.863474270071562,0.11766408629324225,0.014921528520114878,4,0,0,nan,196,1604,196,0.8911111111111111
IMG_0075|r1|n30|b600|BEHHO-VC-Calibrated,IMG_0075,385039.jpg,1,BEHHO-VC-Calibrated,4,30,600,1122099843,4.863474270071562,2,2,2,600,True,21.03686029999517,20,20,4.863474270071562,0.5909722222222222,0.7285185185185186,13,0,0,nan,381,1422,381,0.7886855241264559
IMG_0075|r2|n30|b600|HHO-VC,IMG_0075,385039.jpg,2,HHO-VC,1,30,600,1249693844,4.865425621159665,30,248,226,600,True,22.241932999982964,12,12,4.865425621159665,nan,nan,0,0,0,nan,379,1421,379,0.7894444444444444
IMG_0075|r2|n30|b600|BEHHO-VC-Calibrated,IMG_0075,385039.jpg,2,BEHHO-VC-Calibrated,2,30,600,1249693844,4.865574354066406,251,255,249,600,True,24.405765799980145,20,20,4.865574354066406,0.6777037037037037,0.672037037037037,11,0,0,nan,416,1387,416,0.769273433166944
IMG_0075|r2|n30|b600|BDA-EHHO-VC-Calibrated,IMG_0075,385039.jpg,2,BDA-EHHO-VC-Calibrated,3,30,600,1249693844,4.8660655045931485,235,223,247,600,True,27.429168699949514,10,10,4.8660655045931485,nan,nan,0,148,152,0.49333333333333335,496,1307,496,0.7249029395452025
IMG_0075|r2|n30|b600|EHHO-VC,IMG_0075,385039.jpg,2,EHHO-VC,4,30,600,1249693844,4.8654409678130595,30,255,249,600,True,24.464936600008514,13,13,4.8654409678130595,0.49289360251860376,0.422735853148357,0,0,0,nan,410,1390,410,0.7722222222222223
IMG_0075|r3|n30|b600|BDA-EHHO-VC-Calibrated,IMG_0075,385039.jpg,3,BDA-EHHO-VC-Calibrated,1,30,600,1285156368,4.86543216254069,25,15,173,600,True,30.066008599998895,10,10,4.86543216254069,nan,nan,0,156,144,0.52,503,1300,503,0.7210205213533001
IMG_0075|r3|n30|b600|BEHHO-VC-Calibrated,IMG_0075,385039.jpg,3,BEHHO-VC-Calibrated,2,30,600,1285156368,4.865547649244738,2,8,156,600,True,21.489537000015844,20,20,4.865547649244738,0.6575185185185185,0.5485185185185185,15,0,0,nan,396,1407,396,0.7803660565723793
IMG_0075|r3|n30|b600|EHHO-VC,IMG_0075,385039.jpg,3,EHHO-VC,3,30,600,1285156368,4.865808414720326,2,2,184,600,True,16.512862999981735,13,13,4.865808414720326,0.31551496737931156,0.3003804315403056,0,0,0,nan,283,1517,283,0.8427777777777777
IMG_0075|r3|n30|b600|HHO-VC,IMG_0075,385039.jpg,3,HHO-VC,4,30,600,1285156368,4.8654752976902245,2,32,184,600,True,17.106502400012687,11,11,4.8654752976902245,nan,nan,0,0,0,nan,298,1502,298,0.8344444444444444
IMG_0075|r4|n30|b600|BEHHO-VC-Calibrated,IMG_0075,385039.jpg,4,BEHHO-VC-Calibrated,1,30,600,200689456,4.859897157156354,106,4,253,600,True,35.828650999988895,20,20,4.859897157156354,0.9014537037037036,0.9394444444444444,0,0,0,nan,589,1214,589,0.6733222407099279
IMG_0075|r4|n30|b600|BDA-EHHO-VC-Calibrated,IMG_0075,385039.jpg,4,BDA-EHHO-VC-Calibrated,2,30,600,200689456,4.860096152473424,93,115,237,600,True,26.277751400019042,10,10,4.860096152473424,nan,nan,0,137,163,0.45666666666666667,479,1324,479,0.7343316694398225
IMG_0075|r4|n30|b600|EHHO-VC,IMG_0075,385039.jpg,4,EHHO-VC,3,30,600,200689456,4.859610179138708,88,7,73,600,True,20.18538909999188,13,13,4.859610179138708,0.25682604463951636,0.2133204701059945,0,0,0,nan,325,1475,325,0.8194444444444444
IMG_0075|r4|n30|b600|HHO-VC,IMG_0075,385039.jpg,4,HHO-VC,4,30,600,200689456,4.859626855243635,89,7,73,600,True,15.35517890000483,11,11,4.859626855243635,nan,nan,0,0,0,nan,307,1493,307,0.8294444444444444
IMG_0075|r5|n30|b600|EHHO-VC,IMG_0075,385039.jpg,5,EHHO-VC,1,30,600,837413893,4.85848317931377,78,38,2,600,True,17.420680699986406,13,13,4.85848317931377,0.24005479298646337,0.15839995800012088,0,0,0,nan,300,1500,300,0.8333333333333334
IMG_0075|r5|n30|b600|BEHHO-VC-Calibrated,IMG_0075,385039.jpg,5,BEHHO-VC-Calibrated,2,30,600,837413893,4.858539797173428,116,19,2,600,True,25.984969899989665,20,20,4.858539797173428,0.7795092592592592,0.7148148148148148,4,0,0,nan,460,1343,460,0.7448696616749861
IMG_0075|r5|n30|b600|HHO-VC,IMG_0075,385039.jpg,5,HHO-VC,3,30,600,837413893,4.858456729945277,19,3,2,600,True,15.077193400007673,12,12,4.858456729945277,nan,nan,0,0,0,nan,279,1521,279,0.845
IMG_0075|r5|n30|b600|BDA-EHHO-VC-Calibrated,IMG_0075,385039.jpg,5,BDA-EHHO-VC-Calibrated,4,30,600,837413893,4.858483089747292,76,77,2,600,True,29.531396200007293,10,10,4.858483089747292,nan,nan,0,149,151,0.49666666666666665,474,1329,474,0.7371048252911814
IMG_0076|r1|n30|b600|EHHO-VC,IMG_0076,41033.jpg,1,EHHO-VC,1,30,600,812843997,4.879813776937292,132,104,13,600,True,23.791255599993747,14,14,4.879813776937292,0.3189858262939362,0.2834986980306619,0,0,0,nan,374,1426,374,0.7922222222222223
IMG_0076|r1|n30|b600|BEHHO-VC-Calibrated,IMG_0076,41033.jpg,1,BEHHO-VC-Calibrated,2,30,600,812843997,4.879168727682875,246,2,15,600,True,31.77045479998924,20,20,4.879168727682875,0.8970648148148148,0.7777777777777777,0,0,0,nan,589,1214,589,0.6733222407099279
IMG_0076|r1|n30|b600|BDA-EHHO-VC-Calibrated,IMG_0076,41033.jpg,1,BDA-EHHO-VC-Calibrated,3,30,600,812843997,4.880120058514877,144,2,32,600,True,28.86770170001546,10,10,4.880120058514877,nan,nan,0,146,154,0.4866666666666667,486,1317,486,0.7304492512479202
IMG_0076|r1|n30|b600|HHO-VC,IMG_0076,41033.jpg,1,HHO-VC,4,30,600,812843997,4.879704857632063,136,108,13,600,True,20.2076434000046,12,12,4.879704857632063,nan,nan,0,0,0,nan,361,1439,361,0.7994444444444444
IMG_0076|r2|n30|b600|BEHHO-VC-Calibrated,IMG_0076,41033.jpg,2,BEHHO-VC-Calibrated,1,30,600,905657912,4.877504923700013,4,150,16,600,True,31.119318300043233,20,20,4.877504923700013,0.8793240740740741,0.8624074074074075,0,0,0,nan,516,1287,516,0.7138103161397671
IMG_0076|r2|n30|b600|BDA-EHHO-VC-Calibrated,IMG_0076,41033.jpg,2,BDA-EHHO-VC-Calibrated,2,30,600,905657912,4.8758792923754966,233,151,4,600,True,31.37583190004807,10,10,4.8758792923754966,nan,nan,0,148,152,0.49333333333333335,509,1294,509,0.7176927343316695
IMG_0076|r2|n30|b600|HHO-VC,IMG_0076,41033.jpg,2,HHO-VC,3,30,600,905657912,4.877750581279067,58,157,179,600,True,25.729326199973002,12,12,4.877750581279067,nan,nan,0,0,0,nan,422,1378,422,0.7655555555555555
IMG_0076|r2|n30|b600|EHHO-VC,IMG_0076,41033.jpg,2,EHHO-VC,4,30,600,905657912,4.878026050067041,51,157,180,600,True,24.159945700026583,13,13,4.878026050067041,0.4180395834538096,0.445973178528334,0,0,0,nan,438,1362,438,0.7566666666666667
IMG_0076|r3|n30|b600|BEHHO-VC-Calibrated,IMG_0076,41033.jpg,3,BEHHO-VC-Calibrated,1,30,600,441428703,4.8819963573248675,16,5,2,600,True,29.139312400016934,20,20,4.8819963573248675,0.8298888888888889,0.8392592592592593,0,0,0,nan,469,1334,469,0.7398779811425402
IMG_0076|r3|n30|b600|HHO-VC,IMG_0076,41033.jpg,3,HHO-VC,2,30,600,441428703,4.882008184861904,14,2,2,600,True,10.573652899998706,12,12,4.882008184861904,nan,nan,0,0,0,nan,175,1625,175,0.9027777777777778
IMG_0076|r3|n30|b600|EHHO-VC,IMG_0076,41033.jpg,3,EHHO-VC,3,30,600,441428703,4.882008184861904,14,2,2,600,True,10.36894640000537,13,13,4.882008184861904,0.11999464580996919,0.029380565100765883,4,0,0,nan,179,1621,179,0.9005555555555556
IMG_0076|r3|n30|b600|BDA-EHHO-VC-Calibrated,IMG_0076,41033.jpg,3,BDA-EHHO-VC-Calibrated,4,30,600,441428703,4.881167625271119,206,3,2,600,True,27.818615600001067,10,10,4.881167625271119,nan,nan,0,150,150,0.5,471,1332,471,0.7387687188019967
IMG_0076|r4|n30|b600|EHHO-VC,IMG_0076,41033.jpg,4,EHHO-VC,1,30,600,1337656299,4.881283852749896,2,2,2,600,True,12.525913099991158,13,13,4.881283852749896,0.12491665706525779,0.17959396815165968,6,0,0,nan,221,1579,221,0.8772222222222222
IMG_0076|r4|n30|b600|HHO-VC,IMG_0076,41033.jpg,4,HHO-VC,2,30,600,1337656299,4.881283852749896,2,2,2,600,True,9.557861700013746,11,11,4.881283852749896,nan,nan,0,0,0,nan,169,1631,169,0.9061111111111111
IMG_0076|r4|n30|b600|BDA-EHHO-VC-Calibrated,IMG_0076,41033.jpg,4,BDA-EHHO-VC-Calibrated,3,30,600,1337656299,4.880114618981917,4,2,170,600,True,29.552396500017494,10,10,4.880114618981917,nan,nan,0,153,147,0.51,496,1307,496,0.7249029395452025
IMG_0076|r4|n30|b600|BEHHO-VC-Calibrated,IMG_0076,41033.jpg,4,BEHHO-VC-Calibrated,4,30,600,1337656299,4.880212690206823,4,32,2,600,True,27.3466185000143,20,20,4.880212690206823,0.6986203703703705,0.7794444444444446,11,0,0,nan,449,1354,449,0.7509706045479756
IMG_0076|r5|n30|b600|HHO-VC,IMG_0076,41033.jpg,5,HHO-VC,1,30,600,1929619324,4.880275687122792,83,3,11,600,True,15.374085600022227,11,11,4.880275687122792,nan,nan,0,0,0,nan,243,1557,243,0.865
IMG_0076|r5|n30|b600|BEHHO-VC-Calibrated,IMG_0076,41033.jpg,5,BEHHO-VC-Calibrated,2,30,600,1929619324,4.882072863771108,36,2,2,600,True,26.270662599999923,20,20,4.882072863771108,0.7568796296296296,0.751111111111111,7,0,0,nan,471,1332,471,0.7387687188019967
IMG_0076|r5|n30|b600|EHHO-VC,IMG_0076,41033.jpg,5,EHHO-VC,3,30,600,1929619324,4.88031080160451,39,3,4,600,True,13.553241599991452,13,13,4.88031080160451,0.15845497959366567,0.06928734143846756,0,0,0,nan,229,1571,229,0.8727777777777778
IMG_0076|r5|n30|b600|BDA-EHHO-VC-Calibrated,IMG_0076,41033.jpg,5,BDA-EHHO-VC-Calibrated,4,30,600,1929619324,4.880425027552454,225,3,14,600,True,29.365564699983224,10,10,4.880425027552454,nan,nan,0,145,155,0.48333333333333334,489,1314,489,0.7287853577371048
IMG_0077|r1|n30|b600|HHO-VC,IMG_0077,41069.jpg,1,HHO-VC,1,30,600,1332441575,5.337305676420276,2,3,2,600,True,9.47926459996961,11,11,5.337305676420276,nan,nan,0,0,0,nan,149,1651,149,0.9172222222222223
IMG_0077|r1|n30|b600|BDA-EHHO-VC-Calibrated,IMG_0077,41069.jpg,1,BDA-EHHO-VC-Calibrated,2,30,600,1332441575,5.337622424562241,2,2,23,600,True,27.395893700013403,10,10,5.337622424562241,nan,nan,0,143,157,0.4766666666666667,499,1304,499,0.7232390460343872
IMG_0077|r1|n30|b600|BEHHO-VC-Calibrated,IMG_0077,41069.jpg,1,BEHHO-VC-Calibrated,3,30,600,1332441575,5.337079758357452,2,2,10,600,True,30.15383840003051,20,20,5.337079758357452,0.7210555555555556,0.7907407407407407,9,0,0,nan,480,1323,480,0.7337770382695508
IMG_0077|r1|n30|b600|EHHO-VC,IMG_0077,41069.jpg,1,EHHO-VC,4,30,600,1332441575,5.337421519869943,2,2,2,600,True,9.718710699991789,13,13,5.337421519869943,0.108182062050058,0.001296295335734477,5,0,0,nan,187,1613,187,0.8961111111111111
IMG_0077|r2|n30|b600|BEHHO-VC-Calibrated,IMG_0077,41069.jpg,2,BEHHO-VC-Calibrated,1,30,600,439600760,5.335863427574899,2,2,32,600,True,28.49605870002415,20,20,5.335863427574899,0.6312314814814816,0.49833333333333335,10,0,0,nan,499,1304,499,0.7232390460343872
IMG_0077|r2|n30|b600|HHO-VC,IMG_0077,41069.jpg,2,HHO-VC,2,30,600,439600760,5.335165526897623,2,2,13,600,True,16.01985349995084,11,11,5.335165526897623,nan,nan,0,0,0,nan,242,1558,242,0.8655555555555555
IMG_0077|r2|n30|b600|EHHO-VC,IMG_0077,41069.jpg,2,EHHO-VC,3,30,600,439600760,5.336132414899597,70,2,49,600,True,17.483678599994164,13,13,5.336132414899597,0.24077129976251682,0.16523930534377917,0,0,0,nan,323,1477,323,0.8205555555555556
IMG_0077|r2|n30|b600|BDA-EHHO-VC-Calibrated,IMG_0077,41069.jpg,2,BDA-EHHO-VC-Calibrated,4,30,600,439600760,5.336365405101776,2,63,50,600,True,30.042173199995887,10,10,5.336365405101776,nan,nan,0,135,165,0.45,491,1312,491,0.7276760953965613
IMG_0077|r3|n30|b600|HHO-VC,IMG_0077,41069.jpg,3,HHO-VC,1,30,600,1213115984,5.3446932205563655,3,254,3,600,True,13.874015600013081,12,12,5.3446932205563655,nan,nan,0,0,0,nan,229,1571,229,0.8727777777777778
IMG_0077|r3|n30|b600|BDA-EHHO-VC-Calibrated,IMG_0077,41069.jpg,3,BDA-EHHO-VC-Calibrated,2,30,600,1213115984,5.343453883395926,3,250,20,600,True,30.238471299991943,10,10,5.343453883395926,nan,nan,0,142,158,0.47333333333333333,475,1328,475,0.7365501941209096
IMG_0077|r3|n30|b600|BEHHO-VC-Calibrated,IMG_0077,41069.jpg,3,BEHHO-VC-Calibrated,3,30,600,1213115984,5.344847170772197,2,34,20,600,True,27.007461400004104,20,20,5.344847170772197,0.6912222222222223,0.7585185185185185,12,0,0,nan,448,1355,448,0.7515252357182474
IMG_0077|r3|n30|b600|EHHO-VC,IMG_0077,41069.jpg,3,EHHO-VC,4,30,600,1213115984,5.344256318974897,3,255,2,600,True,12.624448099988513,14,14,5.344256318974897,0.36504397939517685,0.3807080601274743,0,0,0,nan,233,1567,233,0.8705555555555555
IMG_0077|r4|n30|b600|BEHHO-VC-Calibrated,IMG_0077,41069.jpg,4,BEHHO-VC-Calibrated,1,30,600,463260275,5.3419369266600505,2,53,12,600,True,29.049648199987132,20,20,5.3419369266600505,0.8139537037037037,0.865925925925926,1,0,0,nan,512,1291,512,0.7160288408208542
IMG_0077|r4|n30|b600|BDA-EHHO-VC-Calibrated,IMG_0077,41069.jpg,4,BDA-EHHO-VC-Calibrated,2,30,600,463260275,5.341972835549247,2,221,84,600,True,26.465813599992543,10,10,5.341972835549247,nan,nan,0,144,156,0.48,504,1299,504,0.7204658901830283
IMG_0077|r4|n30|b600|HHO-VC,IMG_0077,41069.jpg,4,HHO-VC,3,30,600,463260275,5.3419313280933975,2,36,58,600,True,13.258263600000646,11,11,5.3419313280933975,nan,nan,0,0,0,nan,232,1568,232,0.8711111111111111
IMG_0077|r4|n30|b600|EHHO-VC,IMG_0077,41069.jpg,4,EHHO-VC,4,30,600,463260275,5.342226002736695,2,36,60,600,True,14.590459000028204,13,13,5.342226002736695,0.15706221124824676,0.094122397016239,0,0,0,nan,241,1559,241,0.8661111111111112
IMG_0077|r5|n30|b600|BEHHO-VC-Calibrated,IMG_0077,41069.jpg,5,BEHHO-VC-Calibrated,1,30,600,205182924,5.337580857821002,2,8,144,600,True,28.566956599999685,20,20,5.337580857821002,0.7736851851851851,0.588888888888889,4,0,0,nan,466,1337,466,0.7415418746533555
IMG_0077|r5|n30|b600|BDA-EHHO-VC-Calibrated,IMG_0077,41069.jpg,5,BDA-EHHO-VC-Calibrated,2,30,600,205182924,5.3379184932603225,2,243,40,600,True,29.602115100016817,10,10,5.33796563851373,nan,nan,0,136,164,0.4533333333333333,503,1300,503,0.7210205213533001
IMG_0077|r5|n30|b600|EHHO-VC,IMG_0077,41069.jpg,5,EHHO-VC,3,30,600,205182924,5.3375436453326195,3,8,35,600,True,17.25383669999428,13,13,5.3375436453326195,0.16260057467567848,0.07278579920911496,0,0,0,nan,259,1541,259,0.8561111111111112
IMG_0077|r5|n30|b600|HHO-VC,IMG_0077,41069.jpg,5,HHO-VC,4,30,600,205182924,5.3375436453326195,3,8,35,600,True,14.063733800023329,11,11,5.3375436453326195,nan,nan,0,0,0,nan,250,1550,250,0.8611111111111112
IMG_0078|r1|n30|b600|EHHO-VC,IMG_0078,42012.jpg,1,EHHO-VC,1,30,600,1307039137,4.884673558523485,8,100,187,600,True,23.057944700005464,13,13,4.884673558523485,0.38426278223454075,0.40794060313445557,0,0,0,nan,372,1428,372,0.7933333333333333
IMG_0078|r1|n30|b600|BEHHO-VC-Calibrated,IMG_0078,42012.jpg,1,BEHHO-VC-Calibrated,2,30,600,1307039137,4.884376524666836,8,166,196,600,True,32.68209419999039,20,20,4.884376524666836,0.8798240740740741,0.835,0,0,0,nan,552,1251,552,0.6938435940099834
IMG_0078|r1|n30|b600|BDA-EHHO-VC-Calibrated,IMG_0078,42012.jpg,1,BDA-EHHO-VC-Calibrated,3,30,600,1307039137,4.884750634916777,226,249,187,600,True,32.84390170004917,10,10,4.884750634916777,nan,nan,0,150,150,0.5,511,1292,511,0.7165834719911259
IMG_0078|r1|n30|b600|HHO-VC,IMG_0078,42012.jpg,1,HHO-VC,4,30,600,1307039137,4.88478243790419,8,91,171,600,True,20.029342000023462,11,11,4.88478243790419,nan,nan,0,0,0,nan,352,1448,352,0.8044444444444444
IMG_0078|r2|n30|b600|BEHHO-VC-Calibrated,IMG_0078,42012.jpg,2,BEHHO-VC-Calibrated,1,30,600,1381302400,4.883994078920797,255,251,255,600,True,25.525359400024172,20,20,4.883994078920797,0.7711296296296296,0.8066666666666666,6,0,0,nan,469,1334,469,0.7398779811425402
IMG_0078|r2|n30|b600|BDA-EHHO-VC-Calibrated,IMG_0078,42012.jpg,2,BDA-EHHO-VC-Calibrated,2,30,600,1381302400,4.883755444911354,121,255,255,600,True,28.900404100015294,10,10,4.883755444911354,nan,nan,0,140,160,0.4666666666666667,494,1309,494,0.726012201885746
IMG_0078|r2|n30|b600|HHO-VC,IMG_0078,42012.jpg,2,HHO-VC,3,30,600,1381302400,4.884048778935457,255,255,255,600,True,20.38892019999912,10,10,4.884048778935457,nan,nan,0,0,0,nan,413,1387,413,0.7705555555555555
IMG_0078|r2|n30|b600|EHHO-VC,IMG_0078,42012.jpg,2,EHHO-VC,4,30,600,1381302400,4.883559430368053,139,255,255,600,True,28.015969400003087,13,13,4.883559430368053,0.5354466512358207,0.5735901781654306,0,0,0,nan,473,1327,473,0.7372222222222222
IMG_0078|r3|n30|b600|HHO-VC,IMG_0078,42012.jpg,3,HHO-VC,1,30,600,1996718571,4.88793664610689,10,3,7,600,True,17.62206900003366,11,11,4.88793664610689,nan,nan,0,0,0,nan,310,1490,310,0.8277777777777777
IMG_0078|r3|n30|b600|EHHO-VC,IMG_0078,42012.jpg,3,EHHO-VC,2,30,600,1996718571,4.888458829868302,237,3,135,600,True,18.488780699961353,13,13,4.888458829868302,0.3645951708781204,0.4732594946785989,0,0,0,nan,365,1435,365,0.7972222222222223
IMG_0078|r3|n30|b600|BDA-EHHO-VC-Calibrated,IMG_0078,42012.jpg,3,BDA-EHHO-VC-Calibrated,3,30,600,1996718571,4.889556316642543,64,8,37,600,True,22.288631899980828,10,10,4.889556316642543,nan,nan,0,149,151,0.49666666666666665,493,1310,493,0.7265668330560178
IMG_0078|r3|n30|b600|BEHHO-VC-Calibrated,IMG_0078,42012.jpg,3,BEHHO-VC-Calibrated,4,30,600,1996718571,4.888087342432274,219,10,7,600,True,23.851931800018065,20,20,4.888087342432274,0.8960185185185183,0.942037037037037,0,0,0,nan,566,1237,566,0.6860787576261785
IMG_0078|r4|n30|b600|EHHO-VC,IMG_0078,42012.jpg,4,EHHO-VC,1,30,600,141667806,4.889016421917664,2,2,232,600,True,11.470570100005716,13,13,4.889016421917664,0.3527951567686667,0.3121558280260361,0,0,0,nan,265,1535,265,0.8527777777777777
IMG_0078|r4|n30|b600|BEHHO-VC-Calibrated,IMG_0078,42012.jpg,4,BEHHO-VC-Calibrated,2,30,600,141667806,4.8902630426765965,20,2,2,600,True,17.828164500009734,20,20,4.8902630426765965,0.5975833333333334,0.5068518518518519,15,0,0,nan,415,1388,415,0.7698280643372157
IMG_0078|r4|n30|b600|HHO-VC,IMG_0078,42012.jpg,4,HHO-VC,3,30,600,141667806,4.889016421917664,2,2,232,600,True,10.40526830003364,11,11,4.889016421917664,nan,nan,0,0,0,nan,251,1549,251,0.8605555555555555
IMG_0078|r4|n30|b600|BDA-EHHO-VC-Calibrated,IMG_0078,42012.jpg,4,BDA-EHHO-VC-Calibrated,4,30,600,141667806,4.889138785694084,28,2,233,600,True,21.073180599953048,10,10,4.889512716345457,nan,nan,0,170,130,0.5666666666666667,483,1320,483,0.7321131447587355
IMG_0078|r5|n30|b600|BDA-EHHO-VC-Calibrated,IMG_0078,42012.jpg,5,BDA-EHHO-VC-Calibrated,1,30,600,1011487890,4.886728500367762,37,4,16,600,True,24.993776899995282,10,10,4.886728500367762,nan,nan,0,147,153,0.49,509,1294,509,0.7176927343316695
IMG_0078|r5|n30|b600|EHHO-VC,IMG_0078,42012.jpg,5,EHHO-VC,2,30,600,1011487890,4.887019453322579,126,227,16,600,True,21.671194099995773,13,13,4.887019453322579,0.4155491277459996,0.4236820237222571,0,0,0,nan,388,1412,388,0.7844444444444445
IMG_0078|r5|n30|b600|HHO-VC,IMG_0078,42012.jpg,5,HHO-VC,3,30,600,1011487890,4.886961283451011,122,220,16,600,True,19.395325499994215,11,11,4.886961283451011,nan,nan,0,0,0,nan,344,1456,344,0.8088888888888889
IMG_0078|r5|n30|b600|BEHHO-VC-Calibrated,IMG_0078,42012.jpg,5,BEHHO-VC-Calibrated,4,30,600,1011487890,4.887179033012813,16,160,16,600,True,24.585775200044736,20,20,4.887179033012813,0.6577222222222222,0.54,14,0,0,nan,414,1389,414,0.7703826955074875
IMG_0079|r1|n30|b600|BDA-EHHO-VC-Calibrated,IMG_0079,42049.jpg,1,BDA-EHHO-VC-Calibrated,1,30,600,899995929,5.031938650986493,48,2,16,600,True,25.58510510000633,10,10,5.031938650986493,nan,nan,0,155,145,0.5166666666666667,478,1325,478,0.7348863006100943
IMG_0079|r1|n30|b600|EHHO-VC,IMG_0079,42049.jpg,1,EHHO-VC,2,30,600,899995929,5.03371514333577,56,231,173,600,True,25.03253660001792,13,13,5.03371514333577,0.45572358798457263,0.482402211270165,0,0,0,nan,443,1357,443,0.7538888888888889
IMG_0079|r1|n30|b600|BEHHO-VC-Calibrated,IMG_0079,42049.jpg,1,BEHHO-VC-Calibrated,3,30,600,899995929,5.03232899729542,48,228,58,600,True,32.77904789999593,20,20,5.03232899729542,0.9329629629629632,0.9342592592592592,0,0,0,nan,577,1226,577,0.6799778147531891
IMG_0079|r1|n30|b600|HHO-VC,IMG_0079,42049.jpg,1,HHO-VC,4,30,600,899995929,5.033873087679775,51,202,154,600,True,21.205081599997357,11,11,5.033873087679775,nan,nan,0,0,0,nan,405,1395,405,0.775
IMG_0079|r2|n30|b600|BDA-EHHO-VC-Calibrated,IMG_0079,42049.jpg,2,BDA-EHHO-VC-Calibrated,1,30,600,1790862420,5.030154519182549,73,3,237,600,True,30.626129899988882,10,10,5.030154519182549,nan,nan,0,146,154,0.4866666666666667,502,1301,502,0.7215751525235718
IMG_0079|r2|n30|b600|BEHHO-VC-Calibrated,IMG_0079,42049.jpg,2,BEHHO-VC-Calibrated,2,30,600,1790862420,5.032047739285948,160,3,105,600,True,30.123956799972802,20,20,5.032047739285948,0.8446666666666667,0.7896296296296296,0,0,0,nan,551,1252,551,0.6943982251802552
IMG_0079|r2|n30|b600|HHO-VC,IMG_0079,42049.jpg,2,HHO-VC,3,30,600,1790862420,5.03001935506371,3,3,114,600,True,10.388527800037991,11,11,5.03001935506371,nan,nan,0,0,0,nan,226,1574,226,0.8744444444444445
IMG_0079|r2|n30|b600|EHHO-VC,IMG_0079,42049.jpg,2,EHHO-VC,4,30,600,1790862420,5.029718889918413,2,3,103,600,True,11.90830680000363,13,13,5.029718889918413,0.228222872595934,0.22473314412007692,0,0,0,nan,233,1567,233,0.8705555555555555
IMG_0079|r3|n30|b600|HHO-VC,IMG_0079,42049.jpg,3,HHO-VC,1,30,600,48697711,5.0264143362443745,66,7,19,600,True,17.62367770000128,12,12,5.0264143362443745,nan,nan,0,0,0,nan,351,1449,351,0.805
IMG_0079|r3|n30|b600|BDA-EHHO-VC-Calibrated,IMG_0079,42049.jpg,3,BDA-EHHO-VC-Calibrated,2,30,600,48697711,5.025938046571,107,7,5,600,True,27.22863219998544,10,10,5.026218996197868,nan,nan,0,146,154,0.4866666666666667,508,1295,508,0.7182473655019412
IMG_0079|r3|n30|b600|BEHHO-VC-Calibrated,IMG_0079,42049.jpg,3,BEHHO-VC-Calibrated,3,30,600,48697711,5.027304441304854,132,4,12,600,True,29.901728600030765,20,20,5.027304441304854,0.8334722222222222,0.9025925925925925,1,0,0,nan,523,1280,523,0.7099278979478647
IMG_0079|r3|n30|b600|EHHO-VC,IMG_0079,42049.jpg,3,EHHO-VC,4,30,600,48697711,5.025962112684445,125,7,7,600,True,17.50849229999585,13,13,5.025962112684445,0.2710742966642246,0.22197040871791993,0,0,0,nan,338,1462,338,0.8122222222222222
IMG_0079|r4|n30|b600|HHO-VC,IMG_0079,42049.jpg,4,HHO-VC,1,30,600,1773063152,5.024428235123984,2,5,2,600,True,15.962783699971624,11,11,5.024428235123984,nan,nan,0,0,0,nan,344,1456,344,0.8088888888888889
IMG_0079|r4|n30|b600|EHHO-VC,IMG_0079,42049.jpg,4,EHHO-VC,2,30,600,1773063152,5.022555408917252,3,5,3,600,True,11.48669620003784,13,13,5.022555408917252,0.14388144522897978,0.02026846405924221,5,0,0,nan,244,1556,244,0.8644444444444445
IMG_0079|r4|n30|b600|BEHHO-VC-Calibrated,IMG_0079,42049.jpg,4,BEHHO-VC-Calibrated,3,30,600,1773063152,5.023304583913187,108,5,12,600,True,31.49895269999979,20,20,5.023304583913187,0.8736944444444443,0.7548148148148147,0,0,0,nan,573,1230,573,0.6821963394342762
IMG_0079|r4|n30|b600|BDA-EHHO-VC-Calibrated,IMG_0079,42049.jpg,4,BDA-EHHO-VC-Calibrated,4,30,600,1773063152,5.024726942920956,89,5,174,600,True,23.499176700017415,10,10,5.024726942920956,nan,nan,0,159,141,0.53,509,1294,509,0.7176927343316695
IMG_0079|r5|n30|b600|HHO-VC,IMG_0079,42049.jpg,5,HHO-VC,1,30,600,727201633,5.029460814819015,92,2,92,600,True,15.453648400027305,11,11,5.029460814819015,nan,nan,0,0,0,nan,357,1443,357,0.8016666666666666
IMG_0079|r5|n30|b600|EHHO-VC,IMG_0079,42049.jpg,5,EHHO-VC,2,30,600,727201633,5.028440506435952,255,160,255,600,True,24.35323090001475,13,13,5.028440506435952,0.5531349572446428,0.6627245506964642,0,0,0,nan,478,1322,478,0.7344444444444445
IMG_0079|r5|n30|b600|BDA-EHHO-VC-Calibrated,IMG_0079,42049.jpg,5,BDA-EHHO-VC-Calibrated,3,30,600,727201633,5.0283210344780125,196,159,14,600,True,27.396465300000273,10,10,5.028438993468522,nan,nan,0,145,155,0.48333333333333334,486,1317,486,0.7304492512479202
IMG_0079|r5|n30|b600|BEHHO-VC-Calibrated,IMG_0079,42049.jpg,5,BEHHO-VC-Calibrated,4,30,600,727201633,5.028233847885793,135,10,36,600,True,32.029274599975906,20,20,5.028233847885793,0.8456018518518519,0.8131481481481483,3,0,0,nan,559,1244,559,0.689961175818081
IMG_0080|r1|n30|b600|BDA-EHHO-VC-Calibrated,IMG_0080,43074.jpg,1,BDA-EHHO-VC-Calibrated,1,30,600,1467286947,4.750974897016623,88,139,80,600,True,29.69298659998458,10,10,4.750974897016623,nan,nan,0,132,168,0.44,477,1326,477,0.7354409317803661
IMG_0080|r1|n30|b600|HHO-VC,IMG_0080,43074.jpg,1,HHO-VC,2,30,600,1467286947,4.750340593444016,9,167,248,600,True,19.017546900024172,11,11,4.750340593444016,nan,nan,0,0,0,nan,341,1459,341,0.8105555555555556
IMG_0080|r1|n30|b600|BEHHO-VC-Calibrated,IMG_0080,43074.jpg,1,BEHHO-VC-Calibrated,3,30,600,1467286947,4.750480074903834,57,119,239,600,True,29.64740780001739,20,20,4.750480074903834,0.9090833333333332,0.9374074074074074,0,0,0,nan,563,1240,563,0.687742651136994
IMG_0080|r1|n30|b600|EHHO-VC,IMG_0080,43074.jpg,1,EHHO-VC,4,30,600,1467286947,4.750398020027341,9,165,234,600,True,19.125166599988006,13,13,4.750398020027341,0.47119546820421604,0.4273844352492816,0,0,0,nan,376,1424,376,0.7911111111111111
IMG_0080|r2|n30|b600|BEHHO-VC-Calibrated,IMG_0080,43074.jpg,2,BEHHO-VC-Calibrated,1,30,600,1942516079,4.749746733839951,191,119,189,600,True,30.760058900050353,20,20,4.749746733839951,0.8772685185185184,0.9011111111111111,1,0,0,nan,557,1246,557,0.6910704381586246
IMG_0080|r2|n30|b600|BDA-EHHO-VC-Calibrated,IMG_0080,43074.jpg,2,BDA-EHHO-VC-Calibrated,2,30,600,1942516079,4.748820690671486,157,10,192,600,True,27.953844300005585,10,10,4.749413785908392,nan,nan,0,149,151,0.49666666666666665,493,1310,493,0.7265668330560178
IMG_0080|r2|n30|b600|HHO-VC,IMG_0080,43074.jpg,2,HHO-VC,3,30,600,1942516079,4.748742538455517,135,3,199,600,True,20.65669600002002,12,12,4.748742538455517,nan,nan,0,0,0,nan,370,1430,370,0.7944444444444444
IMG_0080|r2|n30|b600|EHHO-VC,IMG_0080,43074.jpg,2,EHHO-VC,4,30,600,1942516079,4.7487874993188885,158,3,246,600,True,21.680339200014714,14,14,4.7487874993188885,0.42242589110491496,0.47895046923607476,0,0,0,nan,372,1428,372,0.7933333333333333
IMG_0080|r3|n30|b600|HHO-VC,IMG_0080,43074.jpg,3,HHO-VC,1,30,600,326798318,4.748374712228375,46,3,182,600,True,17.382722999958787,11,11,4.748374712228375,nan,nan,0,0,0,nan,281,1519,281,0.8438888888888889
IMG_0080|r3|n30|b600|BDA-EHHO-VC-Calibrated,IMG_0080,43074.jpg,3,BDA-EHHO-VC-Calibrated,2,30,600,326798318,4.748296162647841,50,63,17,600,True,27.214748200029135,10,10,4.748296162647841,nan,nan,0,142,158,0.47333333333333333,512,1291,512,0.7160288408208542
IMG_0080|r3|n30|b600|BEHHO-VC-Calibrated,IMG_0080,43074.jpg,3,BEHHO-VC-Calibrated,3,30,600,326798318,4.748554861649511,64,16,17,600,True,33.49275689997012,20,20,4.748554861649511,0.8401111111111111,0.9487037037037037,0,0,0,nan,533,1270,533,0.704381586245147
IMG_0080|r3|n30|b600|EHHO-VC,IMG_0080,43074.jpg,3,EHHO-VC,4,30,600,326798318,4.748374712228375,46,3,182,600,True,16.26020580000477,13,13,4.748374712228375,0.3369813234387099,0.35613733655302915,0,0,0,nan,292,1508,292,0.8377777777777777
IMG_0080|r4|n30|b600|BDA-EHHO-VC-Calibrated,IMG_0080,43074.jpg,4,BDA-EHHO-VC-Calibrated,1,30,600,2135916732,4.74731914113662,235,197,154,600,True,29.350886599975638,10,10,4.74731914113662,nan,nan,0,142,158,0.47333333333333333,495,1308,495,0.7254575707154742
IMG_0080|r4|n30|b600|EHHO-VC,IMG_0080,43074.jpg,4,EHHO-VC,2,30,600,2135916732,4.747658123211018,166,159,138,600,True,28.423642999958247,13,13,4.747658123211018,0.48032756966545886,0.5068013097220243,0,0,0,nan,502,1298,502,0.7211111111111111
IMG_0080|r4|n30|b600|HHO-VC,IMG_0080,43074.jpg,4,HHO-VC,3,30,600,2135916732,4.747751763099992,186,178,154,600,True,26.45777189999353,11,11,4.747751763099992,nan,nan,0,0,0,nan,460,1340,460,0.7444444444444445
IMG_0080|r4|n30|b600|BEHHO-VC-Calibrated,IMG_0080,43074.jpg,4,BEHHO-VC-Calibrated,4,30,600,2135916732,4.747590954376094,216,243,188,600,True,36.35384320002049,20,20,4.747590954376094,0.897925925925926,0.8850000000000001,0,0,0,nan,590,1213,590,0.6727676095396561
IMG_0080|r5|n30|b600|BEHHO-VC-Calibrated,IMG_0080,43074.jpg,5,BEHHO-VC-Calibrated,1,30,600,1266735386,4.746810051350569,223,237,18,600,True,27.557562300004065,20,20,4.746810051350569,0.8825370370370372,0.8592592592592593,0,0,0,nan,528,1275,528,0.7071547420965059
IMG_0080|r5|n30|b600|EHHO-VC,IMG_0080,43074.jpg,5,EHHO-VC,2,30,600,1266735386,4.746767206728004,211,4,4,600,True,13.440755399991758,13,13,4.746767206728004,0.31397326151840027,0.3714409260692077,0,0,0,nan,267,1533,267,0.8516666666666667
IMG_0080|r5|n30|b600|HHO-VC,IMG_0080,43074.jpg,5,HHO-VC,3,30,600,1266735386,4.7475923009544925,210,10,13,600,True,13.667543499963358,11,11,4.7475923009544925,nan,nan,0,0,0,nan,269,1531,269,0.8505555555555555
IMG_0080|r5|n30|b600|BDA-EHHO-VC-Calibrated,IMG_0080,43074.jpg,5,BDA-EHHO-VC-Calibrated,4,30,600,1266735386,4.747150324669071,209,237,47,600,True,29.633867600001395,10,10,4.747183506772726,nan,nan,0,158,142,0.5266666666666666,505,1298,505,0.7199112590127565
IMG_0081|r1|n30|b600|BDA-EHHO-VC-Calibrated,IMG_0081,45096.jpg,1,BDA-EHHO-VC-Calibrated,1,30,600,1931220485,3.8172380332072327,35,11,43,600,True,22.58340360003058,10,10,3.8172380332072327,nan,nan,0,145,155,0.48333333333333334,485,1318,485,0.7310038824181919
IMG_0081|r1|n30|b600|HHO-VC,IMG_0081,45096.jpg,1,HHO-VC,2,30,600,1931220485,3.8150552121405172,7,247,247,600,True,20.536341600003652,12,12,3.8150552121405172,nan,nan,0,0,0,nan,391,1409,391,0.7827777777777778
IMG_0081|r1|n30|b600|BEHHO-VC-Calibrated,IMG_0081,45096.jpg,1,BEHHO-VC-Calibrated,3,30,600,1931220485,3.817076846671347,58,251,248,600,True,33.99010350002209,20,20,3.817076846671347,0.9225092592592594,0.9205555555555556,0,0,0,nan,587,1216,587,0.6744315030504714
IMG_0081|r1|n30|b600|EHHO-VC,IMG_0081,45096.jpg,1,EHHO-VC,4,30,600,1931220485,3.8150552121405172,7,247,247,600,True,22.061752400011756,14,14,3.8150552121405172,0.47498557486147897,0.45000758059375884,0,0,0,nan,391,1409,391,0.7827777777777778
IMG_0081|r2|n30|b600|BDA-EHHO-VC-Calibrated,IMG_0081,45096.jpg,2,BDA-EHHO-VC-Calibrated,1,30,600,1635451335,3.812789242491346,105,152,11,600,True,29.75599289999809,10,10,3.8145626953478033,nan,nan,0,143,157,0.4766666666666667,497,1306,497,0.7243483083749307
IMG_0081|r2|n30|b600|BEHHO-VC-Calibrated,IMG_0081,45096.jpg,2,BEHHO-VC-Calibrated,2,30,600,1635451335,3.812266734042691,2,4,4,600,True,25.47013919998426,20,20,3.812266734042691,0.7892962962962963,0.8185185185185185,5,0,0,nan,489,1314,489,0.7287853577371048
IMG_0081|r2|n30|b600|HHO-VC,IMG_0081,45096.jpg,2,HHO-VC,3,30,600,1635451335,3.8135462524303265,3,150,131,600,True,18.639895399974193,12,12,3.8135462524303265,nan,nan,0,0,0,nan,352,1448,352,0.8044444444444444
IMG_0081|r2|n30|b600|EHHO-VC,IMG_0081,45096.jpg,2,EHHO-VC,4,30,600,1635451335,3.811694091606237,3,7,4,600,True,15.833163500006776,14,14,3.811694091606237,0.1757003067198837,0.018831571674015515,3,0,0,nan,276,1524,276,0.8466666666666667
IMG_0081|r3|n30|b600|EHHO-VC,IMG_0081,45096.jpg,3,EHHO-VC,1,30,600,464006495,3.815348198562802,45,215,159,600,True,25.69519300002139,13,13,3.815348198562802,0.4225300237769911,0.445071767220454,0,0,0,nan,449,1351,449,0.7505555555555555
IMG_0081|r3|n30|b600|HHO-VC,IMG_0081,45096.jpg,3,HHO-VC,2,30,600,464006495,3.815104574667768,45,179,141,600,True,22.603311599988956,11,11,3.815104574667768,nan,nan,0,0,0,nan,404,1396,404,0.7755555555555556
IMG_0081|r3|n30|b600|BEHHO-VC-Calibrated,IMG_0081,45096.jpg,3,BEHHO-VC-Calibrated,3,30,600,464006495,3.8152505979141047,4,153,139,600,True,33.879169999971054,20,20,3.8152505979141047,0.9441666666666666,0.9398148148148149,0,0,0,nan,635,1168,635,0.6478092068774265
IMG_0081|r3|n30|b600|BDA-EHHO-VC-Calibrated,IMG_0081,45096.jpg,3,BDA-EHHO-VC-Calibrated,4,30,600,464006495,3.8158509956108837,46,187,138,600,True,27.658951200020965,10,10,3.8158509956108837,nan,nan,0,161,139,0.5366666666666666,516,1287,516,0.7138103161397671
IMG_0081|r4|n30|b600|BDA-EHHO-VC-Calibrated,IMG_0081,45096.jpg,4,BDA-EHHO-VC-Calibrated,1,30,600,1627970734,3.80837688729447,27,124,254,600,True,29.276472900004592,10,10,3.80837688729447,nan,nan,0,134,166,0.44666666666666666,503,1300,503,0.7210205213533001
IMG_0081|r4|n30|b600|EHHO-VC,IMG_0081,45096.jpg,4,EHHO-VC,2,30,600,1627970734,3.8075746480066055,6,60,250,600,True,16.70099779998418,14,14,3.8075746480066055,0.3669818387814132,0.35175123117782425,0,0,0,nan,341,1459,341,0.8105555555555556
IMG_0081|r4|n30|b600|HHO-VC,IMG_0081,45096.jpg,4,HHO-VC,3,30,600,1627970734,3.8089246557495087,6,20,83,600,True,14.663361500017345,12,12,3.8089246557495087,nan,nan,0,0,0,nan,257,1543,257,0.8572222222222222
IMG_0081|r4|n30|b600|BEHHO-VC-Calibrated,IMG_0081,45096.jpg,4,BEHHO-VC-Calibrated,4,30,600,1627970734,3.8088613029541345,28,26,253,600,True,24.946600499970373,20,20,3.8088613029541345,0.8851666666666667,0.7831481481481481,0,0,0,nan,496,1307,496,0.7249029395452025
IMG_0081|r5|n30|b600|HHO-VC,IMG_0081,45096.jpg,5,HHO-VC,1,30,600,1136634020,3.8128320085343943,80,24,109,600,True,20.7973243999877,12,12,3.8128320085343943,nan,nan,0,0,0,nan,356,1444,356,0.8022222222222222
IMG_0081|r5|n30|b600|BDA-EHHO-VC-Calibrated,IMG_0081,45096.jpg,5,BDA-EHHO-VC-Calibrated,2,30,600,1136634020,3.8122281021704,87,28,23,600,True,25.522695799998473,10,10,3.8122281021704,nan,nan,0,145,155,0.48333333333333334,503,1300,503,0.7210205213533001
IMG_0081|r5|n30|b600|EHHO-VC,IMG_0081,45096.jpg,5,EHHO-VC,3,30,600,1136634020,3.8130453985426893,80,29,118,600,True,20.752431700006127,14,14,3.8130453985426893,0.2961609991638471,0.2981445334303977,0,0,0,nan,389,1411,389,0.7838888888888889
IMG_0081|r5|n30|b600|BEHHO-VC-Calibrated,IMG_0081,45096.jpg,5,BEHHO-VC-Calibrated,4,30,600,1136634020,3.814049924466545,5,29,24,600,True,31.46009219996631,20,20,3.814049924466545,0.9023611111111111,0.8620370370370369,0,0,0,nan,550,1253,550,0.694952856350527
IMG_0082|r1|n30|b600|HHO-VC,IMG_0082,54082.jpg,1,HHO-VC,1,30,600,607258134,5.481730933713865,24,27,13,600,True,19.563515999994706,12,12,5.481730933713865,nan,nan,0,0,0,nan,324,1476,324,0.82
IMG_0082|r1|n30|b600|EHHO-VC,IMG_0082,54082.jpg,1,EHHO-VC,2,30,600,607258134,5.482378044765897,57,70,13,600,True,20.58459009998478,13,13,5.482378044765897,0.24893849836680618,0.18843756890429014,0,0,0,nan,370,1430,370,0.7944444444444444
IMG_0082|r1|n30|b600|BEHHO-VC-Calibrated,IMG_0082,54082.jpg,1,BEHHO-VC-Calibrated,3,30,600,607258134,5.4817827138689985,237,6,97,600,True,23.017452300002333,20,20,5.4817827138689985,0.8352407407407407,0.8959259259259259,3,0,0,nan,520,1283,520,0.71159179145868
IMG_0082|r1|n30|b600|BDA-EHHO-VC-Calibrated,IMG_0082,54082.jpg,1,BDA-EHHO-VC-Calibrated,4,30,600,607258134,5.481516152970994,4,10,82,600,True,18.183827199973166,10,10,5.481516152970994,nan,nan,0,141,159,0.47,481,1322,481,0.733222407099279
IMG_0082|r2|n30|b600|HHO-VC,IMG_0082,54082.jpg,2,HHO-VC,1,30,600,1159234756,5.485031508979415,2,2,2,600,True,4.593462800025009,11,11,5.485031508979415,nan,nan,0,0,0,nan,141,1659,141,0.9216666666666666
IMG_0082|r2|n30|b600|BEHHO-VC-Calibrated,IMG_0082,54082.jpg,2,BEHHO-VC-Calibrated,2,30,600,1159234756,5.484758827695143,2,64,2,600,True,15.708120900031645,20,20,5.484758827695143,0.5609074074074074,0.29555555555555557,16,0,0,nan,400,1403,400,0.7781475318912923
IMG_0082|r2|n30|b600|EHHO-VC,IMG_0082,54082.jpg,2,EHHO-VC,3,30,600,1159234756,5.485031508979415,2,2,2,600,True,9.730668200005312,13,13,5.485031508979415,0.09707047251656564,0.06512640231872877,6,0,0,nan,181,1619,181,0.8994444444444445
IMG_0082|r2|n30|b600|BDA-EHHO-VC-Calibrated,IMG_0082,54082.jpg,2,BDA-EHHO-VC-Calibrated,4,30,600,1159234756,5.485127358387083,32,101,2,600,True,26.274348200007807,10,10,5.485149291917658,nan,nan,0,136,164,0.4533333333333333,487,1316,487,0.7298946200776484
IMG_0082|r3|n30|b600|BDA-EHHO-VC-Calibrated,IMG_0082,54082.jpg,3,BDA-EHHO-VC-Calibrated,1,30,600,2035365103,5.485997581442887,176,3,177,600,True,27.5024534999975,10,10,5.485997581442887,nan,nan,0,150,150,0.5,506,1297,506,0.7193566278424848
IMG_0082|r3|n30|b600|BEHHO-VC-Calibrated,IMG_0082,54082.jpg,3,BEHHO-VC-Calibrated,2,30,600,2035365103,5.485029748806727,2,3,2,600,True,23.72256500000367,20,20,5.485029748806727,0.7380555555555556,0.5585185185185185,7,0,0,nan,432,1371,432,0.7603993344425957
IMG_0082|r3|n30|b600|EHHO-VC,IMG_0082,54082.jpg,3,EHHO-VC,3,30,600,2035365103,5.484527173078401,3,3,2,600,True,11.602765100018587,13,13,5.484527173078401,0.11154016004291897,0.005059955662476805,6,0,0,nan,195,1605,195,0.8916666666666667
IMG_0082|r3|n30|b600|HHO-VC,IMG_0082,54082.jpg,3,HHO-VC,4,30,600,2035365103,5.4851796706576765,3,3,3,600,True,9.92272580001736,11,11,5.4851796706576765,nan,nan,0,0,0,nan,175,1625,175,0.9027777777777778
IMG_0082|r4|n30|b600|BEHHO-VC-Calibrated,IMG_0082,54082.jpg,4,BEHHO-VC-Calibrated,1,30,600,992681990,5.484368231286287,16,184,35,600,True,31.2183495000354,20,20,5.484368231286287,0.9018796296296296,0.8737037037037038,0,0,0,nan,552,1251,552,0.6938435940099834
IMG_0082|r4|n30|b600|HHO-VC,IMG_0082,54082.jpg,4,HHO-VC,2,30,600,992681990,5.48433855530817,6,5,48,600,True,13.599145099986345,12,12,5.48433855530817,nan,nan,0,0,0,nan,228,1572,228,0.8733333333333333
IMG_0082|r4|n30|b600|EHHO-VC,IMG_0082,54082.jpg,4,EHHO-VC,3,30,600,992681990,5.484363867489485,5,8,48,600,True,13.21668429998681,13,13,5.484363867489485,0.15204093047192674,0.0775198720636428,0,0,0,nan,233,1567,233,0.8705555555555555
IMG_0082|r4|n30|b600|BDA-EHHO-VC-Calibrated,IMG_0082,54082.jpg,4,BDA-EHHO-VC-Calibrated,4,30,600,992681990,5.4840301558973605,6,184,80,600,True,29.57093210000312,10,10,5.4840301558973605,nan,nan,0,150,150,0.5,487,1316,487,0.7298946200776484
IMG_0082|r5|n30|b600|EHHO-VC,IMG_0082,54082.jpg,5,EHHO-VC,1,30,600,855034024,5.48263009941197,2,4,4,600,True,10.442747299966868,13,13,5.48263009941197,0.0940283022527945,0.05763270433544974,5,0,0,nan,178,1622,178,0.9011111111111111
IMG_0082|r5|n30|b600|HHO-VC,IMG_0082,54082.jpg,5,HHO-VC,2,30,600,855034024,5.48263009941197,2,4,4,600,True,11.16500909999013,12,12,5.48263009941197,nan,nan,0,0,0,nan,177,1623,177,0.9016666666666666
IMG_0082|r5|n30|b600|BDA-EHHO-VC-Calibrated,IMG_0082,54082.jpg,5,BDA-EHHO-VC-Calibrated,3,30,600,855034024,5.483142891885265,2,22,212,600,True,24.388555600016844,10,10,5.483142891885265,nan,nan,0,131,169,0.43666666666666665,475,1328,475,0.7365501941209096
IMG_0082|r5|n30|b600|BEHHO-VC-Calibrated,IMG_0082,54082.jpg,5,BEHHO-VC-Calibrated,4,30,600,855034024,5.482891949660452,2,88,4,600,True,28.970728899992537,20,20,5.482891949660452,0.8441018518518517,0.6522222222222224,2,0,0,nan,516,1287,516,0.7138103161397671
IMG_0083|r1|n30|b600|BEHHO-VC-Calibrated,IMG_0083,55073.jpg,1,BEHHO-VC-Calibrated,1,30,600,1459630632,4.587890852713731,169,121,20,600,True,35.367338700045366,20,20,4.587890852713731,0.9413796296296295,0.925185185185185,0,0,0,nan,600,1203,600,0.6672212978369384
IMG_0083|r1|n30|b600|HHO-VC,IMG_0083,55073.jpg,1,HHO-VC,2,30,600,1459630632,4.587652912305268,230,255,20,600,True,21.463443299988285,12,12,4.587652912305268,nan,nan,0,0,0,nan,380,1420,380,0.7888888888888889
IMG_0083|r1|n30|b600|EHHO-VC,IMG_0083,55073.jpg,1,EHHO-VC,3,30,600,1459630632,4.5878712372460155,203,227,20,600,True,22.770493799995165,14,14,4.5878712372460155,0.4796955602822293,0.4320553931769052,0,0,0,nan,410,1390,410,0.7722222222222223
IMG_0083|r1|n30|b600|BDA-EHHO-VC-Calibrated,IMG_0083,55073.jpg,1,BDA-EHHO-VC-Calibrated,4,30,600,1459630632,4.588112404707008,12,105,14,600,True,30.441291000053752,10,10,4.588112404707008,nan,nan,0,143,157,0.4766666666666667,491,1312,491,0.7276760953965613
IMG_0083|r2|n30|b600|BDA-EHHO-VC-Calibrated,IMG_0083,55073.jpg,2,BDA-EHHO-VC-Calibrated,1,30,600,1236131178,4.583596557946076,26,201,191,600,True,30.307296800019685,10,10,4.583596557946076,nan,nan,0,149,151,0.49666666666666665,495,1308,495,0.7254575707154742
IMG_0083|r2|n30|b600|BEHHO-VC-Calibrated,IMG_0083,55073.jpg,2,BEHHO-VC-Calibrated,2,30,600,1236131178,4.583692832255192,119,4,231,600,True,33.13199969998095,20,20,4.583692832255192,0.9149259259259258,0.9249999999999999,0,0,0,nan,568,1235,568,0.684969495285635
IMG_0083|r2|n30|b600|HHO-VC,IMG_0083,55073.jpg,2,HHO-VC,3,30,600,1236131178,4.583400511875344,39,193,220,600,True,23.313051000004634,11,11,4.583400511875344,nan,nan,0,0,0,nan,408,1392,408,0.7733333333333333
IMG_0083|r2|n30|b600|EHHO-VC,IMG_0083,55073.jpg,2,EHHO-VC,4,30,600,1236131178,4.583332199690107,39,193,221,600,True,27.509852800052613,13,13,4.583332199690107,0.48193683345055405,0.5283578074885681,0,0,0,nan,430,1370,430,0.7611111111111111
IMG_0083|r3|n30|b600|HHO-VC,IMG_0083,55073.jpg,3,HHO-VC,1,30,600,950237481,4.590249954345494,2,34,22,600,True,14.179042599978857,11,11,4.590249954345494,nan,nan,0,0,0,nan,251,1549,251,0.8605555555555555
IMG_0083|r3|n30|b600|BEHHO-VC-Calibrated,IMG_0083,55073.jpg,3,BEHHO-VC-Calibrated,2,30,600,950237481,4.590197626831574,2,192,8,600,True,24.125115200004075,20,20,4.590197626831574,0.6950092592592594,0.4711111111111111,12,0,0,nan,421,1382,421,0.7665002773155851
IMG_0083|r3|n30|b600|EHHO-VC,IMG_0083,55073.jpg,3,EHHO-VC,3,30,600,950237481,4.590468667389569,2,175,182,600,True,24.38605950004421,13,13,4.590468667389569,0.430623169677795,0.4804265913783183,0,0,0,nan,390,1410,390,0.7833333333333333
IMG_0083|r3|n30|b600|BDA-EHHO-VC-Calibrated,IMG_0083,55073.jpg,3,BDA-EHHO-VC-Calibrated,4,30,600,950237481,4.590284745533678,2,216,127,600,True,31.20264709996991,10,10,4.590750753029648,nan,nan,0,153,147,0.51,493,1310,493,0.7265668330560178
IMG_0083|r4|n30|b600|HHO-VC,IMG_0083,55073.jpg,4,HHO-VC,1,30,600,1301028393,4.589206440382755,2,2,2,600,True,8.351679499959573,12,12,4.589206440382755,nan,nan,0,0,0,nan,141,1659,141,0.9216666666666666
IMG_0083|r4|n30|b600|BDA-EHHO-VC-Calibrated,IMG_0083,55073.jpg,4,BDA-EHHO-VC-Calibrated,2,30,600,1301028393,4.5868540771864454,120,99,2,600,True,31.065477600030135,10,10,4.5868540771864454,nan,nan,0,140,160,0.4666666666666667,515,1288,515,0.7143649473100389
IMG_0083|r4|n30|b600|BEHHO-VC-Calibrated,IMG_0083,55073.jpg,4,BEHHO-VC-Calibrated,3,30,600,1301028393,4.586788129885826,8,40,2,600,True,26.50382919999538,20,20,4.586788129885826,0.7575740740740741,0.5690740740740741,3,0,0,nan,460,1343,460,0.7448696616749861
IMG_0083|r4|n30|b600|EHHO-VC,IMG_0083,55073.jpg,4,EHHO-VC,4,30,600,1301028393,4.586547505335996,5,3,2,600,True,10.053091200010385,13,13,4.586547505335996,0.11219131158511458,0.008984746575272361,4,0,0,nan,227,1573,227,0.8738888888888889
IMG_0083|r5|n30|b600|HHO-VC,IMG_0083,55073.jpg,5,HHO-VC,1,30,600,1839225456,4.584081690005884,62,17,25,600,True,17.4877298999927,10,10,4.584081690005884,nan,nan,0,0,0,nan,299,1501,299,0.8338888888888889
IMG_0083|r5|n30|b600|BDA-EHHO-VC-Calibrated,IMG_0083,55073.jpg,5,BDA-EHHO-VC-Calibrated,2,30,600,1839225456,4.583993501984142,168,149,26,600,True,30.269761400006246,10,10,4.584015665228539,nan,nan,0,160,140,0.5333333333333333,507,1296,507,0.718801996672213
IMG_0083|r5|n30|b600|EHHO-VC,IMG_0083,55073.jpg,5,EHHO-VC,3,30,600,1839225456,4.584466571887731,78,59,76,600,True,24.36164600000484,12,12,4.584466571887731,0.25928816340706673,0.20163598223178264,0,0,0,nan,366,1434,366,0.7966666666666666
IMG_0083|r5|n30|b600|BEHHO-VC-Calibrated,IMG_0083,55073.jpg,5,BEHHO-VC-Calibrated,4,30,600,1839225456,4.5841064409222385,112,115,25,600,True,41.17259659996489,20,20,4.5841064409222385,0.9559537037037037,0.965925925925926,0,0,0,nan,678,1125,678,0.6239600665557404
IMG_0084|r1|n30|b600|EHHO-VC,IMG_0084,58060.jpg,1,EHHO-VC,1,30,600,1555351405,4.168577435025488,145,80,12,600,True,19.593915099976584,13,13,4.168577435025488,0.3110769387315896,0.3563959402196968,0,0,0,nan,352,1448,352,0.8044444444444444
IMG_0084|r1|n30|b600|BDA-EHHO-VC-Calibrated,IMG_0084,58060.jpg,1,BDA-EHHO-VC-Calibrated,2,30,600,1555351405,4.1682425055077035,144,49,11,600,True,28.551121999975294,10,10,4.1682425055077035,nan,nan,0,156,144,0.52,495,1308,495,0.7254575707154742
IMG_0084|r1|n30|b600|HHO-VC,IMG_0084,58060.jpg,1,HHO-VC,3,30,600,1555351405,4.168304154030601,140,79,12,600,True,17.922250500007067,11,11,4.168304154030601,nan,nan,0,0,0,nan,328,1472,328,0.8177777777777778
IMG_0084|r1|n30|b600|BEHHO-VC-Calibrated,IMG_0084,58060.jpg,1,BEHHO-VC-Calibrated,4,30,600,1555351405,4.168000236097073,4,212,29,600,True,28.71428090002155,20,20,4.168000236097073,0.9084999999999999,0.8666666666666666,0,0,0,nan,575,1228,575,0.6810870770937326
IMG_0084|r2|n30|b600|BEHHO-VC-Calibrated,IMG_0084,58060.jpg,2,BEHHO-VC-Calibrated,1,30,600,125703465,4.166649332989366,2,64,4,600,True,22.180643200001214,20,20,4.166649332989366,0.6827407407407408,0.5925925925925927,10,0,0,nan,439,1364,439,0.7565169162506933
IMG_0084|r2|n30|b600|BDA-EHHO-VC-Calibrated,IMG_0084,58060.jpg,2,BDA-EHHO-VC-Calibrated,2,30,600,125703465,4.167012203978583,26,208,215,600,True,30.070698399969842,10,10,4.167030277870913,nan,nan,0,147,153,0.49,499,1304,499,0.7232390460343872
IMG_0084|r2|n30|b600|HHO-VC,IMG_0084,58060.jpg,2,HHO-VC,3,30,600,125703465,4.16624844433861,205,221,4,600,True,21.04867310001282,11,11,4.16624844433861,nan,nan,0,0,0,nan,345,1455,345,0.8083333333333333
IMG_0084|r2|n30|b600|EHHO-VC,IMG_0084,58060.jpg,2,EHHO-VC,4,30,600,125703465,4.1664558623336205,29,29,4,600,True,23.885331099969335,13,13,4.1664558623336205,0.3983448768954832,0.06651012953734117,0,0,0,nan,400,1400,400,0.7777777777777778
IMG_0084|r3|n30|b600|HHO-VC,IMG_0084,58060.jpg,3,HHO-VC,1,30,600,672038333,4.168569385069426,12,3,3,600,True,12.947778899979312,12,12,4.168569385069426,nan,nan,0,0,0,nan,240,1560,240,0.8666666666666667
IMG_0084|r3|n30|b600|BDA-EHHO-VC-Calibrated,IMG_0084,58060.jpg,3,BDA-EHHO-VC-Calibrated,2,30,600,672038333,4.1673560500187685,19,252,6,600,True,29.554588300001342,10,10,4.1673560500187685,nan,nan,0,151,149,0.5033333333333333,504,1299,504,0.7204658901830283
IMG_0084|r3|n30|b600|BEHHO-VC-Calibrated,IMG_0084,58060.jpg,3,BEHHO-VC-Calibrated,3,30,600,672038333,4.167622987316264,24,192,4,600,True,23.547571500006597,20,20,4.167622987316264,0.922537037037037,0.8975925925925926,1,0,0,nan,612,1191,612,0.6605657237936772
IMG_0084|r3|n30|b600|EHHO-VC,IMG_0084,58060.jpg,3,EHHO-VC,4,30,600,672038333,4.16884373518834,12,2,2,600,True,16.996036900032777,13,13,4.16884373518834,0.4183208637391855,0.06292172925334708,0,0,0,nan,397,1403,397,0.7794444444444445
IMG_0084|r4|n30|b600|HHO-VC,IMG_0084,58060.jpg,4,HHO-VC,1,30,600,1823654925,4.169880312085773,114,215,97,600,True,18.22882189997472,11,11,4.169880312085773,nan,nan,0,0,0,nan,440,1360,440,0.7555555555555555
IMG_0084|r4|n30|b600|BDA-EHHO-VC-Calibrated,IMG_0084,58060.jpg,4,BDA-EHHO-VC-Calibrated,2,30,600,1823654925,4.168739682303771,156,74,96,600,True,20.999041499977466,10,10,4.168739682303771,nan,nan,0,145,155,0.48333333333333334,500,1303,500,0.7226844148641154
IMG_0084|r4|n30|b600|BEHHO-VC-Calibrated,IMG_0084,58060.jpg,4,BEHHO-VC-Calibrated,3,30,600,1823654925,4.169121504802251,230,4,84,600,True,25.466657100012526,20,20,4.169121504802251,0.9415370370370371,0.952962962962963,0,0,0,nan,623,1180,623,0.6544647809206877
IMG_0084|r4|n30|b600|EHHO-VC,IMG_0084,58060.jpg,4,EHHO-VC,4,30,600,1823654925,4.169880312085773,114,215,97,600,True,22.776291300018784,13,13,4.169880312085773,0.500226298255792,0.4715464345573377,0,0,0,nan,470,1330,470,0.7388888888888889
IMG_0084|r5|n30|b600|EHHO-VC,IMG_0084,58060.jpg,5,EHHO-VC,1,30,600,472393165,4.167307890216381,34,48,9,600,True,20.67558869998902,13,13,4.167307890216381,0.2854208469866557,0.10076531688084893,0,0,0,nan,368,1432,368,0.7955555555555556
IMG_0084|r5|n30|b600|HHO-VC,IMG_0084,58060.jpg,5,HHO-VC,2,30,600,472393165,4.168337024883283,130,188,35,600,True,19.71718849998433,11,11,4.168337024883283,nan,nan,0,0,0,nan,372,1428,372,0.7933333333333333
IMG_0084|r5|n30|b600|BDA-EHHO-VC-Calibrated,IMG_0084,58060.jpg,5,BDA-EHHO-VC-Calibrated,3,30,600,472393165,4.167968601895474,46,103,31,600,True,27.282927300024312,10,10,4.167968601895474,nan,nan,0,140,160,0.4666666666666667,505,1298,505,0.7199112590127565
IMG_0084|r5|n30|b600|BEHHO-VC-Calibrated,IMG_0084,58060.jpg,5,BEHHO-VC-Calibrated,4,30,600,472393165,4.1662920372602485,70,8,32,600,True,25.403142800030764,20,20,4.1662920372602485,0.7642407407407408,0.840925925925926,5,0,0,nan,488,1315,488,0.7293399889073766
IMG_0085|r1|n30|b600|BEHHO-VC-Calibrated,IMG_0085,62096.jpg,1,BEHHO-VC-Calibrated,1,30,600,1338975105,4.295288760001723,73,246,84,600,True,31.34619800001383,20,20,4.295288760001723,0.9016759259259262,0.8990740740740741,0,0,0,nan,559,1244,559,0.689961175818081
IMG_0085|r1|n30|b600|EHHO-VC,IMG_0085,62096.jpg,1,EHHO-VC,2,30,600,1338975105,4.295199389444699,26,253,50,600,True,18.619170200021472,14,14,4.295199389444699,0.38273480926139386,0.41125989860353607,0,0,0,nan,335,1465,335,0.8138888888888889
IMG_0085|r1|n30|b600|HHO-VC,IMG_0085,62096.jpg,1,HHO-VC,3,30,600,1338975105,4.29506983131283,26,242,50,600,True,19.187242200016044,12,12,4.29506983131283,nan,nan,0,0,0,nan,329,1471,329,0.8172222222222222
IMG_0085|r1|n30|b600|BDA-EHHO-VC-Calibrated,IMG_0085,62096.jpg,1,BDA-EHHO-VC-Calibrated,4,30,600,1338975105,4.2952213906984165,26,248,36,600,True,29.96367329999339,10,10,4.2952213906984165,nan,nan,0,146,154,0.4866666666666667,501,1302,501,0.7221297836938436
IMG_0085|r2|n30|b600|EHHO-VC,IMG_0085,62096.jpg,2,EHHO-VC,1,30,600,11288586,4.3005765180129245,7,10,14,600,True,12.45791910000844,13,13,4.3005765180129245,0.14304583004947538,0.026483638989685355,1,0,0,nan,236,1564,236,0.8688888888888889
IMG_0085|r2|n30|b600|BDA-EHHO-VC-Calibrated,IMG_0085,62096.jpg,2,BDA-EHHO-VC-Calibrated,2,30,600,11288586,4.300324932601193,2,24,7,600,True,25.682925200031605,10,10,4.300324932601193,nan,nan,0,158,142,0.5266666666666666,476,1327,476,0.7359955629506378
IMG_0085|r2|n30|b600|HHO-VC,IMG_0085,62096.jpg,2,HHO-VC,3,30,600,11288586,4.301032150517968,3,3,8,600,True,9.053506100026425,11,11,4.301032150517968,nan,nan,0,0,0,nan,211,1589,211,0.8827777777777778
IMG_0085|r2|n30|b600|BEHHO-VC-Calibrated,IMG_0085,62096.jpg,2,BEHHO-VC-Calibrated,4,30,600,11288586,4.300660533571585,2,32,8,600,True,28.973233700031415,20,20,4.300660533571585,0.8345740740740741,0.7611111111111111,2,0,0,nan,544,1259,544,0.6982806433721576
IMG_0085|r3|n30|b600|HHO-VC,IMG_0085,62096.jpg,3,HHO-VC,1,30,600,1224891318,4.295766351079048,54,9,27,600,True,11.555277800012846,11,11,4.295766351079048,nan,nan,0,0,0,nan,221,1579,221,0.8772222222222222
IMG_0085|r3|n30|b600|BDA-EHHO-VC-Calibrated,IMG_0085,62096.jpg,3,BDA-EHHO-VC-Calibrated,2,30,600,1224891318,4.297359750135775,154,53,27,600,True,27.1813105000183,10,10,4.297371733370162,nan,nan,0,154,146,0.5133333333333333,499,1304,499,0.7232390460343872
IMG_0085|r3|n30|b600|EHHO-VC,IMG_0085,62096.jpg,3,EHHO-VC,3,30,600,1224891318,4.296015848397935,56,9,27,600,True,13.49832160002552,13,13,4.296015848397935,0.15419449001459673,0.14184149782695077,0,0,0,nan,230,1570,230,0.8722222222222222
IMG_0085|r3|n30|b600|BEHHO-VC-Calibrated,IMG_0085,62096.jpg,3,BEHHO-VC-Calibrated,4,30,600,1224891318,4.296944949469464,200,9,65,600,True,24.532085700018797,20,20,4.296944949469464,0.7887777777777777,0.7472222222222222,3,0,0,nan,500,1303,500,0.7226844148641154
IMG_0085|r4|n30|b600|EHHO-VC,IMG_0085,62096.jpg,4,EHHO-VC,1,30,600,678425621,4.295412052102884,187,8,240,600,True,21.337716900045052,13,13,4.295412052102884,0.4563332162336918,0.4393047948156735,0,0,0,nan,384,1416,384,0.7866666666666666
IMG_0085|r4|n30|b600|HHO-VC,IMG_0085,62096.jpg,4,HHO-VC,2,30,600,678425621,4.295009682345354,194,11,240,600,True,18.822627299989108,12,12,4.295009682345354,nan,nan,0,0,0,nan,372,1428,372,0.7933333333333333
IMG_0085|r4|n30|b600|BEHHO-VC-Calibrated,IMG_0085,62096.jpg,4,BEHHO-VC-Calibrated,3,30,600,678425621,4.296197002736807,176,21,28,600,True,23.74236460000975,20,20,4.296197002736807,0.8016574074074073,0.8249999999999998,2,0,0,nan,451,1352,451,0.7498613422074321
IMG_0085|r4|n30|b600|BDA-EHHO-VC-Calibrated,IMG_0085,62096.jpg,4,BDA-EHHO-VC-Calibrated,4,30,600,678425621,4.295716542360096,151,8,188,600,True,28.845662000006996,10,10,4.295716542360096,nan,nan,0,150,150,0.5,514,1289,514,0.7149195784803106
IMG_0085|r5|n30|b600|BDA-EHHO-VC-Calibrated,IMG_0085,62096.jpg,5,BDA-EHHO-VC-Calibrated,1,30,600,493941660,4.291424808448899,13,43,201,600,True,28.25599490001332,10,10,4.291424808448899,nan,nan,0,144,156,0.48,484,1319,484,0.7315585135884637
IMG_0085|r5|n30|b600|HHO-VC,IMG_0085,62096.jpg,5,HHO-VC,2,30,600,493941660,4.292046789862961,179,54,241,600,True,21.215020400006324,11,11,4.292046789862961,nan,nan,0,0,0,nan,400,1400,400,0.7777777777777778
IMG_0085|r5|n30|b600|EHHO-VC,IMG_0085,62096.jpg,5,EHHO-VC,3,30,600,493941660,4.292055992189886,167,48,218,600,True,21.651776700047776,13,13,4.292055992189886,0.45679615482063957,0.4625778030108444,0,0,0,nan,440,1360,440,0.7555555555555555
IMG_0085|r5|n30|b600|BEHHO-VC-Calibrated,IMG_0085,62096.jpg,5,BEHHO-VC-Calibrated,4,30,600,493941660,4.291700453293576,20,7,4,600,True,27.695287599985022,20,20,4.291700453293576,0.9209444444444443,0.8987037037037037,0,0,0,nan,574,1229,574,0.6816417082640044
IMG_0086|r1|n30|b600|EHHO-VC,IMG_0086,65033.jpg,1,EHHO-VC,1,30,600,1563816646,4.827795445444168,81,172,197,600,True,24.76776850002352,13,13,4.827795445444168,0.46877415859427757,0.4736898850886663,0,0,0,nan,476,1324,476,0.7355555555555555
IMG_0086|r1|n30|b600|BDA-EHHO-VC-Calibrated,IMG_0086,65033.jpg,1,BDA-EHHO-VC-Calibrated,2,30,600,1563816646,4.827321530768594,12,2,37,600,True,28.42324210004881,10,10,4.827321530768594,nan,nan,0,158,142,0.5266666666666666,505,1298,505,0.7199112590127565
IMG_0086|r1|n30|b600|HHO-VC,IMG_0086,65033.jpg,1,HHO-VC,3,30,600,1563816646,4.827639421642617,3,27,43,600,True,19.503108499979135,11,11,4.827639421642617,nan,nan,0,0,0,nan,387,1413,387,0.785
IMG_0086|r1|n30|b600|BEHHO-VC-Calibrated,IMG_0086,65033.jpg,1,BEHHO-VC-Calibrated,4,30,600,1563816646,4.826521432707562,72,2,5,600,True,33.45958209998207,20,20,4.826521432707562,0.853425925925926,0.8292592592592593,2,0,0,nan,540,1263,540,0.7004991680532446
IMG_0086|r2|n30|b600|HHO-VC,IMG_0086,65033.jpg,2,HHO-VC,1,30,600,612604958,4.824848201322836,176,226,203,600,True,27.096896499977447,11,11,4.824848201322836,nan,nan,0,0,0,nan,457,1343,457,0.7461111111111111
IMG_0086|r2|n30|b600|BEHHO-VC-Calibrated,IMG_0086,65033.jpg,2,BEHHO-VC-Calibrated,2,30,600,612604958,4.824244736572476,181,253,154,600,True,32.82106250000652,20,20,4.824244736572476,0.9185925925925925,0.9192592592592592,0,0,0,nan,577,1226,577,0.6799778147531891
IMG_0086|r2|n30|b600|BDA-EHHO-VC-Calibrated,IMG_0086,65033.jpg,2,BDA-EHHO-VC-Calibrated,3,30,600,612604958,4.8243082769670504,4,2,5,600,True,26.505629600025713,10,10,4.8243082769670504,nan,nan,0,148,152,0.49333333333333335,485,1318,485,0.7310038824181919
IMG_0086|r2|n30|b600|EHHO-VC,IMG_0086,65033.jpg,2,EHHO-VC,4,30,600,612604958,4.824848201322836,176,226,203,600,True,28.913042000029236,13,13,4.824848201322836,0.5330128463255079,0.5578476514105636,0,0,0,nan,510,1290,510,0.7166666666666667
IMG_0086|r3|n30|b600|EHHO-VC,IMG_0086,65033.jpg,3,EHHO-VC,1,30,600,402438563,4.826640083257524,8,2,2,600,True,12.462018500023987,14,14,4.826640083257524,0.12229661172312027,0.15175235175812352,5,0,0,nan,213,1587,213,0.8816666666666667
IMG_0086|r3|n30|b600|HHO-VC,IMG_0086,65033.jpg,3,HHO-VC,2,30,600,402438563,4.826608284196471,8,3,2,600,True,9.61422460002359,11,11,4.826608284196471,nan,nan,0,0,0,nan,196,1604,196,0.8911111111111111
IMG_0086|r3|n30|b600|BDA-EHHO-VC-Calibrated,IMG_0086,65033.jpg,3,BDA-EHHO-VC-Calibrated,3,30,600,402438563,4.827204989490416,23,34,2,600,True,28.221069300023373,10,10,4.827322561221959,nan,nan,0,139,161,0.4633333333333333,471,1332,471,0.7387687188019967
IMG_0086|r3|n30|b600|BEHHO-VC-Calibrated,IMG_0086,65033.jpg,3,BEHHO-VC-Calibrated,4,30,600,402438563,4.826953619999185,5,96,2,600,True,25.25919970002724,20,20,4.826953619999185,0.79925,0.7268518518518517,0,0,0,nan,439,1364,439,0.7565169162506933
IMG_0086|r4|n30|b600|HHO-VC,IMG_0086,65033.jpg,4,HHO-VC,1,30,600,606682740,4.823101588383827,72,102,3,600,True,20.84387720003724,12,12,4.823101588383827,nan,nan,0,0,0,nan,323,1477,323,0.8205555555555556
IMG_0086|r4|n30|b600|BEHHO-VC-Calibrated,IMG_0086,65033.jpg,4,BEHHO-VC-Calibrated,2,30,600,606682740,4.823357148035078,230,51,248,600,True,35.423046300013084,20,20,4.823357148035078,0.9294722222222221,0.9257407407407406,0,0,0,nan,616,1187,616,0.6583471991125901
IMG_0086|r4|n30|b600|EHHO-VC,IMG_0086,65033.jpg,4,EHHO-VC,3,30,600,606682740,4.823101588383827,72,102,3,600,True,19.46840539999539,14,14,4.823101588383827,0.2599161839752816,0.21173453024480843,0,0,0,nan,338,1462,338,0.8122222222222222
IMG_0086|r4|n30|b600|BDA-EHHO-VC-Calibrated,IMG_0086,65033.jpg,4,BDA-EHHO-VC-Calibrated,4,30,600,606682740,4.82309863500496,72,40,155,600,True,29.966063300031237,10,10,4.82309863500496,nan,nan,0,150,150,0.5,480,1323,480,0.7337770382695508
IMG_0086|r5|n30|b600|HHO-VC,IMG_0086,65033.jpg,5,HHO-VC,1,30,600,393076578,4.824878417143213,20,137,7,600,True,18.028005200030748,11,11,4.824878417143213,nan,nan,0,0,0,nan,327,1473,327,0.8183333333333334
IMG_0086|r5|n30|b600|BEHHO-VC-Calibrated,IMG_0086,65033.jpg,5,BEHHO-VC-Calibrated,2,30,600,393076578,4.825228832924629,48,116,73,600,True,34.14299000002211,20,20,4.825228832924629,0.9237222222222222,0.8996296296296297,0,0,0,nan,606,1197,606,0.6638935108153078
IMG_0086|r5|n30|b600|BDA-EHHO-VC-Calibrated,IMG_0086,65033.jpg,5,BDA-EHHO-VC-Calibrated,3,30,600,393076578,4.825699971796543,94,174,73,600,True,27.494613500020932,10,10,4.825699971796543,nan,nan,0,139,161,0.4633333333333333,478,1325,478,0.7348863006100943
IMG_0086|r5|n30|b600|EHHO-VC,IMG_0086,65033.jpg,5,EHHO-VC,4,30,600,393076578,4.8248620167779395,20,152,7,600,True,19.45469789998606,14,14,4.8248620167779395,0.313348536845227,0.24704459564332787,0,0,0,nan,339,1461,339,0.8116666666666666
IMG_0087|r1|n30|b600|HHO-VC,IMG_0087,66053.jpg,1,HHO-VC,1,30,600,1388006725,4.701418610079692,74,41,175,600,True,21.346338899980765,11,11,4.701418610079692,nan,nan,0,0,0,nan,355,1445,355,0.8027777777777778
IMG_0087|r1|n30|b600|EHHO-VC,IMG_0087,66053.jpg,1,EHHO-VC,2,30,600,1388006725,4.700227453931486,28,11,2,600,True,17.098907299980056,13,13,4.700227453931486,0.21845652244866864,0.06538192202549432,0,0,0,nan,313,1487,313,0.8261111111111111
IMG_0087|r1|n30|b600|BDA-EHHO-VC-Calibrated,IMG_0087,66053.jpg,1,BDA-EHHO-VC-Calibrated,3,30,600,1388006725,4.700804505735846,59,14,2,600,True,26.460315600037575,10,10,4.700804505735846,nan,nan,0,153,147,0.51,513,1290,513,0.7154742096505824
IMG_0087|r1|n30|b600|BEHHO-VC-Calibrated,IMG_0087,66053.jpg,1,BEHHO-VC-Calibrated,4,30,600,1388006725,4.70110648133479,32,18,160,600,True,33.06754060002277,20,20,4.70110648133479,0.9219351851851851,0.9501851851851851,0,0,0,nan,610,1193,610,0.6616749861342207
IMG_0087|r2|n30|b600|EHHO-VC,IMG_0087,66053.jpg,2,EHHO-VC,1,30,600,511218350,4.704598597356131,2,2,2,600,True,9.833017299999483,13,13,4.704598597356131,0.11489400500581096,0.0016727920322324788,4,0,0,nan,176,1624,176,0.9022222222222223
IMG_0087|r2|n30|b600|BDA-EHHO-VC-Calibrated,IMG_0087,66053.jpg,2,BDA-EHHO-VC-Calibrated,2,30,600,511218350,4.704598597356131,2,2,2,600,True,29.54251599998679,10,10,4.704598597356131,nan,nan,0,151,149,0.5033333333333333,490,1313,490,0.7282307265668331
IMG_0087|r2|n30|b600|HHO-VC,IMG_0087,66053.jpg,2,HHO-VC,3,30,600,511218350,4.704598597356131,2,2,2,600,True,8.77305229997728,11,11,4.704598597356131,nan,nan,0,0,0,nan,148,1652,148,0.9177777777777778
IMG_0087|r2|n30|b600|BEHHO-VC-Calibrated,IMG_0087,66053.jpg,2,BEHHO-VC-Calibrated,4,30,600,511218350,4.704093658038786,2,3,2,600,True,26.142644500010647,20,20,4.704093658038786,0.6592962962962964,0.5927777777777778,14,0,0,nan,429,1374,429,0.762063227953411
IMG_0087|r3|n30|b600|HHO-VC,IMG_0087,66053.jpg,3,HHO-VC,1,30,600,399367729,4.707722545992806,4,5,4,600,True,9.50394869997399,12,12,4.707722545992806,nan,nan,0,0,0,nan,176,1624,176,0.9022222222222223
IMG_0087|r3|n30|b600|BDA-EHHO-VC-Calibrated,IMG_0087,66053.jpg,3,BDA-EHHO-VC-Calibrated,2,30,600,399367729,4.707950492062973,106,117,4,600,True,28.991710699978285,10,10,4.707994173420096,nan,nan,0,153,147,0.51,512,1291,512,0.7160288408208542
IMG_0087|r3|n30|b600|EHHO-VC,IMG_0087,66053.jpg,3,EHHO-VC,3,30,600,399367729,4.707830389251842,2,5,4,600,True,11.471805900044274,13,13,4.707830389251842,0.10392083071206598,0.021513967391100848,4,0,0,nan,197,1603,197,0.8905555555555555
IMG_0087|r3|n30|b600|BEHHO-VC-Calibrated,IMG_0087,66053.jpg,3,BEHHO-VC-Calibrated,4,30,600,399367729,4.706874000059632,17,2,4,600,True,24.779479300021194,20,20,4.706874000059632,0.6861574074074075,0.5420370370370371,11,0,0,nan,429,1374,429,0.762063227953411
IMG_0087|r4|n30|b600|HHO-VC,IMG_0087,66053.jpg,4,HHO-VC,1,30,600,2112384858,4.702831440576883,6,255,255,600,True,19.306830400018953,11,11,4.702831440576883,nan,nan,0,0,0,nan,358,1442,358,0.8011111111111111
IMG_0087|r4|n30|b600|EHHO-VC,IMG_0087,66053.jpg,4,EHHO-VC,2,30,600,2112384858,4.702831440576883,6,255,255,600,True,22.14515890000621,13,13,4.702831440576883,0.4494438931598785,0.42164177059270574,0,0,0,nan,383,1417,383,0.7872222222222223
IMG_0087|r4|n30|b600|BDA-EHHO-VC-Calibrated,IMG_0087,66053.jpg,4,BDA-EHHO-VC-Calibrated,3,30,600,2112384858,4.703464829224005,16,86,226,600,True,24.843536900007166,10,10,4.703464829224005,nan,nan,0,137,163,0.45666666666666667,474,1329,474,0.7371048252911814
IMG_0087|r4|n30|b600|BEHHO-VC-Calibrated,IMG_0087,66053.jpg,4,BEHHO-VC-Calibrated,4,30,600,2112384858,4.703627046802753,4,73,2,600,True,27.45583579997765,20,20,4.703627046802753,0.8029259259259259,0.7868518518518518,2,0,0,nan,520,1283,520,0.71159179145868
IMG_0087|r5|n30|b600|BDA-EHHO-VC-Calibrated,IMG_0087,66053.jpg,5,BDA-EHHO-VC-Calibrated,1,30,600,94073473,4.707729099669922,66,2,81,600,True,25.76896219997434,10,10,4.707729099669922,nan,nan,0,149,151,0.49666666666666665,505,1298,505,0.7199112590127565
IMG_0087|r5|n30|b600|EHHO-VC,IMG_0087,66053.jpg,5,EHHO-VC,2,30,600,94073473,4.7064584665285105,8,2,61,600,True,13.382068400038406,13,13,4.7064584665285105,0.16268280468230528,0.10507199299494459,0,0,0,nan,216,1584,216,0.88
IMG_0087|r5|n30|b600|HHO-VC,IMG_0087,66053.jpg,5,HHO-VC,3,30,600,94073473,4.706269683268268,10,2,76,600,True,13.447698700008914,11,11,4.706269683268268,nan,nan,0,0,0,nan,223,1577,223,0.8761111111111111
IMG_0087|r5|n30|b600|BEHHO-VC-Calibrated,IMG_0087,66053.jpg,5,BEHHO-VC-Calibrated,4,30,600,94073473,4.706365249299721,20,2,76,600,True,23.36497659998713,20,20,4.706365249299721,0.7080925925925927,0.6296296296296297,11,0,0,nan,419,1384,419,0.7676095396561287
IMG_0088|r1|n30|b600|EHHO-VC,IMG_0088,69015.jpg,1,EHHO-VC,1,30,600,1052734550,4.556769596523345,5,60,5,600,True,22.80306170001859,13,13,4.556769596523345,0.39235834803564157,0.10699360276584872,0,0,0,nan,418,1382,418,0.7677777777777778
IMG_0088|r1|n30|b600|BDA-EHHO-VC-Calibrated,IMG_0088,69015.jpg,1,BDA-EHHO-VC-Calibrated,2,30,600,1052734550,4.557926749839319,5,38,57,600,True,28.130502800049726,10,10,4.557926749839319,nan,nan,0,139,161,0.4633333333333333,493,1310,493,0.7265668330560178
IMG_0088|r1|n30|b600|BEHHO-VC-Calibrated,IMG_0088,69015.jpg,1,BEHHO-VC-Calibrated,3,30,600,1052734550,4.557114055602338,69,34,64,600,True,34.954733399965335,20,20,4.557114055602338,0.9260277777777779,0.9566666666666667,0,0,0,nan,596,1207,596,0.6694398225180255
IMG_0088|r1|n30|b600|HHO-VC,IMG_0088,69015.jpg,1,HHO-VC,4,30,600,1052734550,4.556833416476455,4,60,5,600,True,17.509692599996924,12,12,4.556833416476455,nan,nan,0,0,0,nan,289,1511,289,0.8394444444444444
IMG_0088|r2|n30|b600|EHHO-VC,IMG_0088,69015.jpg,2,EHHO-VC,1,30,600,830041664,4.55165845281193,112,190,30,600,True,24.030033499991987,13,13,4.55165845281193,0.38820582392221126,0.4111203183093427,0,0,0,nan,379,1421,379,0.7894444444444444
IMG_0088|r2|n30|b600|BDA-EHHO-VC-Calibrated,IMG_0088,69015.jpg,2,BDA-EHHO-VC-Calibrated,2,30,600,830041664,4.551810362436263,68,188,32,600,True,26.071730399969965,10,10,4.551810362436263,nan,nan,0,156,144,0.52,504,1299,504,0.7204658901830283
IMG_0088|r2|n30|b600|BEHHO-VC-Calibrated,IMG_0088,69015.jpg,2,BEHHO-VC-Calibrated,3,30,600,830041664,4.5518286735359625,130,185,10,600,True,35.89733760000672,20,20,4.5518286735359625,0.8859814814814815,0.8418518518518517,0,0,0,nan,575,1228,575,0.6810870770937326
IMG_0088|r2|n30|b600|HHO-VC,IMG_0088,69015.jpg,2,HHO-VC,4,30,600,830041664,4.55165845281193,112,190,30,600,True,19.949143500009086,11,11,4.55165845281193,nan,nan,0,0,0,nan,357,1443,357,0.8016666666666666
IMG_0088|r3|n30|b600|BEHHO-VC-Calibrated,IMG_0088,69015.jpg,3,BEHHO-VC-Calibrated,1,30,600,1058807320,4.557089198136527,140,178,2,600,True,34.61191219999455,20,20,4.557089198136527,0.9379166666666665,0.9614814814814814,0,0,0,nan,652,1151,652,0.6383804769828064
IMG_0088|r3|n30|b600|HHO-VC,IMG_0088,69015.jpg,3,HHO-VC,2,30,600,1058807320,4.556601198440495,2,7,2,600,True,10.370413099997677,11,11,4.556601198440495,nan,nan,0,0,0,nan,163,1637,163,0.9094444444444445
IMG_0088|r3|n30|b600|EHHO-VC,IMG_0088,69015.jpg,3,EHHO-VC,3,30,600,1058807320,4.556601198440495,2,7,2,600,True,11.245374199992511,13,13,4.556601198440495,0.10110895821335439,0.014453555396394275,5,0,0,nan,188,1612,188,0.8955555555555555
IMG_0088|r3|n30|b600|BDA-EHHO-VC-Calibrated,IMG_0088,69015.jpg,3,BDA-EHHO-VC-Calibrated,4,30,600,1058807320,4.556182576674243,18,128,2,600,True,25.940221900003962,10,10,4.556182576674243,nan,nan,0,137,163,0.45666666666666667,484,1319,484,0.7315585135884637
IMG_0088|r4|n30|b600|BEHHO-VC-Calibrated,IMG_0088,69015.jpg,4,BEHHO-VC-Calibrated,1,30,600,2135049630,4.556289004931564,90,93,83,600,True,36.54816090001259,20,20,4.556289004931564,0.9399629629629628,0.9444444444444443,0,0,0,nan,603,1200,603,0.6655574043261231
IMG_0088|r4|n30|b600|HHO-VC,IMG_0088,69015.jpg,4,HHO-VC,2,30,600,2135049630,4.555323295561482,129,77,6,600,True,18.505319599993527,11,11,4.555323295561482,nan,nan,0,0,0,nan,305,1495,305,0.8305555555555556
IMG_0088|r4|n30|b600|EHHO-VC,IMG_0088,69015.jpg,4,EHHO-VC,3,30,600,2135049630,4.555323295561482,129,77,6,600,True,19.20220540004084,13,13,4.555323295561482,0.2993317462564424,0.26182401675526035,0,0,0,nan,348,1452,348,0.8066666666666666
IMG_0088|r4|n30|b600|BDA-EHHO-VC-Calibrated,IMG_0088,69015.jpg,4,BDA-EHHO-VC-Calibrated,4,30,600,2135049630,4.556449282445119,50,21,92,600,True,29.417413900024258,10,10,4.556449282445119,nan,nan,0,144,156,0.48,504,1299,504,0.7204658901830283
IMG_0088|r5|n30|b600|BDA-EHHO-VC-Calibrated,IMG_0088,69015.jpg,5,BDA-EHHO-VC-Calibrated,1,30,600,1341441811,4.556292884920664,129,14,42,600,True,32.84195610001916,10,10,4.556292884920664,nan,nan,0,142,158,0.47333333333333333,516,1287,516,0.7138103161397671
IMG_0088|r5|n30|b600|EHHO-VC,IMG_0088,69015.jpg,5,EHHO-VC,2,30,600,1341441811,4.556798199863141,19,14,12,600,True,16.7729678999749,13,13,4.556798199863141,0.21814819804368885,0.15665099675391328,0,0,0,nan,341,1459,341,0.8105555555555556
IMG_0088|r5|n30|b600|HHO-VC,IMG_0088,69015.jpg,5,HHO-VC,3,30,600,1341441811,4.556798199863141,19,14,12,600,True,20.92218369996408,11,11,4.556798199863141,nan,nan,0,0,0,nan,332,1468,332,0.8155555555555556
IMG_0088|r5|n30|b600|BEHHO-VC-Calibrated,IMG_0088,69015.jpg,5,BEHHO-VC-Calibrated,4,30,600,1341441811,4.556901526920639,32,66,33,600,True,30.93123089999426,20,20,4.556901526920639,0.8754814814814814,0.8905555555555554,0,0,0,nan,548,1255,548,0.6960621186910705
IMG_0089|r1|n30|b600|BDA-EHHO-VC-Calibrated,IMG_0089,69020.jpg,1,BDA-EHHO-VC-Calibrated,1,30,600,1662537223,5.422492582053877,212,212,55,600,True,30.488357299997006,10,10,5.422581596726917,nan,nan,0,152,148,0.5066666666666667,476,1327,476,0.7359955629506378
IMG_0089|r1|n30|b600|BEHHO-VC-Calibrated,IMG_0089,69020.jpg,1,BEHHO-VC-Calibrated,2,30,600,1662537223,5.4224508928830035,222,255,63,600,True,29.74453560000984,20,20,5.4224508928830035,0.8588425925925925,0.8381481481481483,0,0,0,nan,501,1302,501,0.7221297836938436
IMG_0089|r1|n30|b600|HHO-VC,IMG_0089,69020.jpg,1,HHO-VC,3,30,600,1662537223,5.422212439786406,174,248,60,600,True,24.829395100008696,11,11,5.422212439786406,nan,nan,0,0,0,nan,430,1370,430,0.7611111111111111
IMG_0089|r1|n30|b600|EHHO-VC,IMG_0089,69020.jpg,1,EHHO-VC,4,30,600,1662537223,5.422204030511882,174,247,60,600,True,26.865044599981047,13,13,5.422204030511882,0.4560206404521964,0.47392277542345185,0,0,0,nan,468,1332,468,0.74
IMG_0089|r2|n30|b600|BEHHO-VC-Calibrated,IMG_0089,69020.jpg,2,BEHHO-VC-Calibrated,1,30,600,1268725511,5.422055975482448,2,12,2,600,True,30.032241900044028,20,20,5.422055975482448,0.7860555555555555,0.6755555555555555,6,0,0,nan,509,1294,509,0.7176927343316695
IMG_0089|r2|n30|b600|BDA-EHHO-VC-Calibrated,IMG_0089,69020.jpg,2,BDA-EHHO-VC-Calibrated,2,30,600,1268725511,5.422718241915329,2,20,2,600,True,28.080927299975883,10,10,5.422718241915329,nan,nan,0,132,168,0.44,492,1311,492,0.7271214642262895
IMG_0089|r2|n30|b600|EHHO-VC,IMG_0089,69020.jpg,2,EHHO-VC,3,30,600,1268725511,5.422538541320485,2,4,2,600,True,11.455382100015413,13,13,5.422538541320485,0.11044280324116885,0.004484313264516966,6,0,0,nan,181,1619,181,0.8994444444444445
IMG_0089|r2|n30|b600|HHO-VC,IMG_0089,69020.jpg,2,HHO-VC,4,30,600,1268725511,5.422055975482448,2,12,2,600,True,10.436209200008307,11,11,5.422055975482448,nan,nan,0,0,0,nan,177,1623,177,0.9016666666666666
IMG_0089|r3|n30|b600|HHO-VC,IMG_0089,69020.jpg,3,HHO-VC,1,30,600,407966871,5.425136041008689,255,32,2,600,True,16.968040800013114,11,11,5.425136041008689,nan,nan,0,0,0,nan,265,1535,265,0.8527777777777777
IMG_0089|r3|n30|b600|BEHHO-VC-Calibrated,IMG_0089,69020.jpg,3,BEHHO-VC-Calibrated,2,30,600,407966871,5.4255148886794275,4,40,2,600,True,28.29529530002037,20,20,5.4255148886794275,0.7750833333333333,0.8546296296296297,7,0,0,nan,473,1330,473,0.7376594564614531
IMG_0089|r3|n30|b600|BDA-EHHO-VC-Calibrated,IMG_0089,69020.jpg,3,BDA-EHHO-VC-Calibrated,3,30,600,407966871,5.425893592935398,5,66,2,600,True,28.65580950002186,10,10,5.425893592935398,nan,nan,0,145,155,0.48333333333333334,496,1307,496,0.7249029395452025
IMG_0089|r3|n30|b600|EHHO-VC,IMG_0089,69020.jpg,3,EHHO-VC,4,30,600,407966871,5.425818518886676,3,8,2,600,True,10.42514420003863,13,13,5.425818518886676,0.12163027642161733,0.030509434137182226,5,0,0,nan,200,1600,200,0.8888888888888888
IMG_0089|r4|n30|b600|BEHHO-VC-Calibrated,IMG_0089,69020.jpg,4,BEHHO-VC-Calibrated,1,30,600,618278297,5.422462791465097,6,16,2,600,True,29.847113399999216,20,20,5.422462791465097,0.8535740740740743,0.8455555555555557,0,0,0,nan,547,1256,547,0.6966167498613423
IMG_0089|r4|n30|b600|HHO-VC,IMG_0089,69020.jpg,4,HHO-VC,2,30,600,618278297,5.422439768402079,9,162,2,600,True,15.176192299986724,11,11,5.422439768402079,nan,nan,0,0,0,nan,252,1548,252,0.86
IMG_0089|r4|n30|b600|BDA-EHHO-VC-Calibrated,IMG_0089,69020.jpg,4,BDA-EHHO-VC-Calibrated,3,30,600,618278297,5.4228494094794035,198,75,2,600,True,30.925712600001134,10,10,5.4228494094794035,nan,nan,0,155,145,0.5166666666666667,496,1307,496,0.7249029395452025
IMG_0089|r4|n30|b600|EHHO-VC,IMG_0089,69020.jpg,4,EHHO-VC,4,30,600,618278297,5.422340184313392,17,83,2,600,True,16.268427299975883,13,13,5.422340184313392,0.24799202859609443,0.15932154817627214,0,0,0,nan,270,1530,270,0.85
IMG_0089|r5|n30|b600|BEHHO-VC-Calibrated,IMG_0089,69020.jpg,5,BEHHO-VC-Calibrated,1,30,600,2137455912,5.422875774757421,94,255,255,600,True,29.17307899997104,20,20,5.422875774757421,0.8244351851851853,0.8422222222222221,1,0,0,nan,510,1293,510,0.7171381031613977
IMG_0089|r5|n30|b600|EHHO-VC,IMG_0089,69020.jpg,5,EHHO-VC,2,30,600,2137455912,5.422267950469407,9,255,255,600,True,22.417962900013663,13,13,5.422267950469407,0.4877449597401242,0.5420613470526834,0,0,0,nan,373,1427,373,0.7927777777777778
IMG_0089|r5|n30|b600|HHO-VC,IMG_0089,69020.jpg,5,HHO-VC,3,30,600,2137455912,5.422267950469407,9,255,255,600,True,18.171532699954696,11,11,5.422267950469407,nan,nan,0,0,0,nan,343,1457,343,0.8094444444444444
IMG_0089|r5|n30|b600|BDA-EHHO-VC-Calibrated,IMG_0089,69020.jpg,5,BDA-EHHO-VC-Calibrated,4,30,600,2137455912,5.423432520474106,2,163,9,600,True,29.92273590003606,10,10,5.423432520474106,nan,nan,0,141,159,0.47,477,1326,477,0.7354409317803661
IMG_0090|r1|n30|b600|EHHO-VC,IMG_0090,69040.jpg,1,EHHO-VC,1,30,600,408909808,5.196880403538283,2,2,2,600,True,11.252134800015483,13,13,5.196880403538283,0.07966237973576434,0.0003397510259698973,5,0,0,nan,177,1623,177,0.9016666666666666
IMG_0090|r1|n30|b600|BDA-EHHO-VC-Calibrated,IMG_0090,69040.jpg,1,BDA-EHHO-VC-Calibrated,2,30,600,408909808,5.196975779402685,160,6,2,600,True,28.769158299954142,10,10,5.197252348084448,nan,nan,0,146,154,0.4866666666666667,487,1316,487,0.7298946200776484
IMG_0090|r1|n30|b600|HHO-VC,IMG_0090,69040.jpg,1,HHO-VC,3,30,600,408909808,5.196713430612996,3,2,2,600,True,9.02732009999454,10,10,5.196713430612996,nan,nan,0,0,0,nan,151,1649,151,0.9161111111111111
IMG_0090|r1|n30|b600|BEHHO-VC-Calibrated,IMG_0090,69040.jpg,1,BEHHO-VC-Calibrated,4,30,600,408909808,5.196583221801565,5,2,2,600,True,27.535014100023545,20,20,5.196583221801565,0.7072129629629631,0.8568518518518519,9,0,0,nan,454,1349,454,0.7481974486966168
IMG_0090|r2|n30|b600|EHHO-VC,IMG_0090,69040.jpg,2,EHHO-VC,1,30,600,1226412812,5.198250223085299,95,16,176,600,True,20.908204399980605,13,13,5.198250223085299,0.3299912568281957,0.3549359543803928,0,0,0,nan,372,1428,372,0.7933333333333333
IMG_0090|r2|n30|b600|HHO-VC,IMG_0090,69040.jpg,2,HHO-VC,2,30,600,1226412812,5.198070265321378,87,16,160,600,True,20.901060800009873,11,11,5.198070265321378,nan,nan,0,0,0,nan,359,1441,359,0.8005555555555556
IMG_0090|r2|n30|b600|BEHHO-VC-Calibrated,IMG_0090,69040.jpg,2,BEHHO-VC-Calibrated,3,30,600,1226412812,5.198555510078163,63,39,210,600,True,34.08195219998015,20,20,5.198555510078163,0.903888888888889,0.9237037037037036,0,0,0,nan,579,1224,579,0.6788685524126455
IMG_0090|r2|n30|b600|BDA-EHHO-VC-Calibrated,IMG_0090,69040.jpg,2,BDA-EHHO-VC-Calibrated,4,30,600,1226412812,5.198586592845953,83,133,148,600,True,22.487829600053374,10,10,5.198586592845953,nan,nan,0,157,143,0.5233333333333333,485,1318,485,0.7310038824181919
IMG_0090|r3|n30|b600|BDA-EHHO-VC-Calibrated,IMG_0090,69040.jpg,3,BDA-EHHO-VC-Calibrated,1,30,600,1837588450,5.196508431431,238,43,7,600,True,22.859245500003453,10,10,5.196508431431,nan,nan,0,154,146,0.5133333333333333,503,1300,503,0.7210205213533001
IMG_0090|r3|n30|b600|BEHHO-VC-Calibrated,IMG_0090,69040.jpg,3,BEHHO-VC-Calibrated,2,30,600,1837588450,5.197408854404764,167,236,7,600,True,30.583662900025956,20,20,5.197408854404764,0.936787037037037,0.9387037037037037,0,0,0,nan,635,1168,635,0.6478092068774265
IMG_0090|r3|n30|b600|EHHO-VC,IMG_0090,69040.jpg,3,EHHO-VC,3,30,600,1837588450,5.1972378889788775,250,250,11,600,True,17.250762399984524,13,13,5.1972378889788775,0.458071530796396,0.51411588122488,0,0,0,nan,369,1431,369,0.795
IMG_0090|r3|n30|b600|HHO-VC,IMG_0090,69040.jpg,3,HHO-VC,4,30,600,1837588450,5.196848229057621,254,254,7,600,True,16.931225900014397,11,11,5.196848229057621,nan,nan,0,0,0,nan,344,1456,344,0.8088888888888889
IMG_0090|r4|n30|b600|EHHO-VC,IMG_0090,69040.jpg,4,EHHO-VC,1,30,600,1079812957,5.199788035215952,2,2,2,600,True,11.717950300022494,13,13,5.199788035215952,0.09772984241949033,0.0855922220660791,5,0,0,nan,200,1600,200,0.8888888888888888
IMG_0090|r4|n30|b600|BDA-EHHO-VC-Calibrated,IMG_0090,69040.jpg,4,BDA-EHHO-VC-Calibrated,2,30,600,1079812957,5.19942336351216,248,76,2,600,True,31.95399469998665,10,10,5.19942336351216,nan,nan,0,144,156,0.48,517,1286,517,0.7132556849694953
IMG_0090|r4|n30|b600|BEHHO-VC-Calibrated,IMG_0090,69040.jpg,4,BEHHO-VC-Calibrated,3,30,600,1079812957,5.198540001708461,212,6,2,600,True,29.506147200008854,20,20,5.198540001708461,0.8370740740740741,0.5853703703703704,2,0,0,nan,560,1243,560,0.6894065446478093
IMG_0090|r4|n30|b600|HHO-VC,IMG_0090,69040.jpg,4,HHO-VC,4,30,600,1079812957,5.199788035215952,2,2,2,600,True,8.873754100000951,11,11,5.199788035215952,nan,nan,0,0,0,nan,154,1646,154,0.9144444444444444
IMG_0090|r5|n30|b600|BEHHO-VC-Calibrated,IMG_0090,69040.jpg,5,BEHHO-VC-Calibrated,1,30,600,1455217298,5.200760637396265,6,195,2,600,True,32.490594700037036,20,20,5.200760637396265,0.9228055555555553,0.9396296296296297,0,0,0,nan,572,1231,572,0.6827509706045479
IMG_0090|r5|n30|b600|EHHO-VC,IMG_0090,69040.jpg,5,EHHO-VC,2,30,600,1455217298,5.201035853648567,3,3,3,600,True,13.98354439996183,13,13,5.201035853648567,0.14098508541476418,0.12293473472739054,4,0,0,nan,236,1564,236,0.8688888888888889
IMG_0090|r5|n30|b600|BDA-EHHO-VC-Calibrated,IMG_0090,69040.jpg,5,BDA-EHHO-VC-Calibrated,3,30,600,1455217298,5.200320377813623,9,242,2,600,True,32.15054570004577,10,10,5.200320377813623,nan,nan,0,155,145,0.5166666666666667,500,1303,500,0.7226844148641154
IMG_0090|r5|n30|b600|HHO-VC,IMG_0090,69040.jpg,5,HHO-VC,4,30,600,1455217298,5.200237913017048,21,6,81,600,True,17.10601270000916,11,11,5.200237913017048,nan,nan,0,0,0,nan,288,1512,288,0.84
IMG_0091|r1|n30|b600|BEHHO-VC-Calibrated,IMG_0091,76053.jpg,1,BEHHO-VC-Calibrated,1,30,600,1889162899,5.480050507319542,17,2,2,600,True,25.3911201999872,20,20,5.480050507319542,0.6536944444444445,0.6483333333333334,11,0,0,nan,428,1375,428,0.7626178591236827
IMG_0091|r1|n30|b600|BDA-EHHO-VC-Calibrated,IMG_0091,76053.jpg,1,BDA-EHHO-VC-Calibrated,2,30,600,1889162899,5.480238808900874,18,2,8,600,True,28.491934599995147,10,10,5.480546459921083,nan,nan,0,157,143,0.5233333333333333,505,1298,505,0.7199112590127565
IMG_0091|r1|n30|b600|HHO-VC,IMG_0091,76053.jpg,1,HHO-VC,3,30,600,1889162899,5.479993943850633,44,2,2,600,True,10.241260999988299,12,12,5.479993943850633,nan,nan,0,0,0,nan,233,1567,233,0.8705555555555555
IMG_0091|r1|n30|b600|EHHO-VC,IMG_0091,76053.jpg,1,EHHO-VC,4,30,600,1889162899,5.479993943850633,44,2,2,600,True,12.67219249997288,14,14,5.479993943850633,0.15208055049999178,0.08652442793767331,0,0,0,nan,232,1568,232,0.8711111111111111
IMG_0091|r2|n30|b600|BEHHO-VC-Calibrated,IMG_0091,76053.jpg,2,BEHHO-VC-Calibrated,1,30,600,10885094,5.480856773646089,106,240,51,600,True,35.662067400000524,20,20,5.480856773646089,0.9051666666666666,0.8992592592592592,0,0,0,nan,575,1228,575,0.6810870770937326
IMG_0091|r2|n30|b600|HHO-VC,IMG_0091,76053.jpg,2,HHO-VC,2,30,600,10885094,5.480951331842971,106,250,60,600,True,22.151708999997936,11,11,5.480951331842971,nan,nan,0,0,0,nan,378,1422,378,0.79
IMG_0091|r2|n30|b600|BDA-EHHO-VC-Calibrated,IMG_0091,76053.jpg,2,BDA-EHHO-VC-Calibrated,3,30,600,10885094,5.480198952392715,5,17,48,600,True,31.00031549995765,10,10,5.480495124285397,nan,nan,0,155,145,0.5166666666666667,522,1281,522,0.7104825291181365
IMG_0091|r2|n30|b600|EHHO-VC,IMG_0091,76053.jpg,2,EHHO-VC,4,30,600,10885094,5.4809353226877375,6,17,4,600,True,20.45498310000403,13,13,5.4809353226877375,0.25067998168241173,0.039981123637051,0,0,0,nan,357,1443,357,0.8016666666666666
IMG_0091|r3|n30|b600|EHHO-VC,IMG_0091,76053.jpg,3,EHHO-VC,1,30,600,1796060084,5.475904835953607,34,255,170,600,True,21.865188399970066,14,14,5.475904835953607,0.4656637879283378,0.4970082597096377,0,0,0,nan,431,1369,431,0.7605555555555555
IMG_0091|r3|n30|b600|HHO-VC,IMG_0091,76053.jpg,3,HHO-VC,2,30,600,1796060084,5.475980315276857,33,239,164,600,True,23.937562199949753,12,12,5.475980315276857,nan,nan,0,0,0,nan,398,1402,398,0.7788888888888889
IMG_0091|r3|n30|b600|BEHHO-VC-Calibrated,IMG_0091,76053.jpg,3,BEHHO-VC-Calibrated,3,30,600,1796060084,5.47599448534115,104,254,169,600,True,32.98616520001087,20,20,5.47599448534115,0.8921111111111111,0.9138888888888888,0,0,0,nan,555,1248,555,0.6921797004991681
IMG_0091|r3|n30|b600|BDA-EHHO-VC-Calibrated,IMG_0091,76053.jpg,3,BDA-EHHO-VC-Calibrated,4,30,600,1796060084,5.475859443053719,212,222,8,600,True,28.177576099988073,10,10,5.475859443053719,nan,nan,0,156,144,0.52,489,1314,489,0.7287853577371048
IMG_0091|r4|n30|b600|EHHO-VC,IMG_0091,76053.jpg,4,EHHO-VC,1,30,600,1574750015,5.4812348612697415,3,76,2,600,True,17.20234940003138,14,14,5.4812348612697415,0.250919557080715,0.1229598875325436,0,0,0,nan,339,1461,339,0.8116666666666666
IMG_0091|r4|n30|b600|BEHHO-VC-Calibrated,IMG_0091,76053.jpg,4,BEHHO-VC-Calibrated,2,30,600,1574750015,5.480964101847168,139,64,38,600,True,33.94095659995219,20,20,5.480964101847168,0.9179537037037037,0.9333333333333332,0,0,0,nan,564,1239,564,0.6871880199667221
IMG_0091|r4|n30|b600|BDA-EHHO-VC-Calibrated,IMG_0091,76053.jpg,4,BDA-EHHO-VC-Calibrated,3,30,600,1574750015,5.4811025950653125,202,103,2,600,True,29.64789490000112,10,10,5.4811025950653125,nan,nan,0,140,160,0.4666666666666667,500,1303,500,0.7226844148641154
IMG_0091|r4|n30|b600|HHO-VC,IMG_0091,76053.jpg,4,HHO-VC,4,30,600,1574750015,5.481154012739457,10,91,2,600,True,22.823688599979505,12,12,5.481154012739457,nan,nan,0,0,0,nan,373,1427,373,0.7927777777777778
IMG_0091|r5|n30|b600|HHO-VC,IMG_0091,76053.jpg,5,HHO-VC,1,30,600,970353732,5.482682697536954,2,2,101,600,True,11.686723200022243,12,12,5.482682697536954,nan,nan,0,0,0,nan,234,1566,234,0.87
IMG_0091|r5|n30|b600|BEHHO-VC-Calibrated,IMG_0091,76053.jpg,5,BEHHO-VC-Calibrated,2,30,600,970353732,5.482539196798975,6,2,144,600,True,27.813865299976896,20,20,5.482539196798975,0.8632777777777779,0.8574074074074073,1,0,0,nan,547,1256,547,0.6966167498613423
IMG_0091|r5|n30|b600|EHHO-VC,IMG_0091,76053.jpg,5,EHHO-VC,3,30,600,970353732,5.482682697536954,2,2,101,600,True,14.565630199969746,13,13,5.482682697536954,0.21804650972002146,0.2110829051480591,0,0,0,nan,244,1556,244,0.8644444444444445
IMG_0091|r5|n30|b600|BDA-EHHO-VC-Calibrated,IMG_0091,76053.jpg,5,BDA-EHHO-VC-Calibrated,4,30,600,970353732,5.482787334490425,111,2,116,600,True,28.981451599975117,10,10,5.482787334490425,nan,nan,0,132,168,0.44,490,1313,490,0.7282307265668331
IMG_0092|r1|n30|b600|EHHO-VC,IMG_0092,78004.jpg,1,EHHO-VC,1,30,600,239834514,4.790793957133567,4,62,237,600,True,20.905942300043534,14,14,4.790793957133567,0.3661729276936602,0.3951276905344664,0,0,0,nan,351,1449,351,0.805
IMG_0092|r1|n30|b600|HHO-VC,IMG_0092,78004.jpg,1,HHO-VC,2,30,600,239834514,4.7905303551569185,4,62,229,600,True,15.45056550001027,12,12,4.7905303551569185,nan,nan,0,0,0,nan,332,1468,332,0.8155555555555556
IMG_0092|r1|n30|b600|BDA-EHHO-VC-Calibrated,IMG_0092,78004.jpg,1,BDA-EHHO-VC-Calibrated,3,30,600,239834514,4.791054335748911,4,16,129,600,True,31.462957700015977,10,10,4.791054335748911,nan,nan,0,152,148,0.5066666666666667,517,1286,517,0.7132556849694953
IMG_0092|r1|n30|b600|BEHHO-VC-Calibrated,IMG_0092,78004.jpg,1,BEHHO-VC-Calibrated,4,30,600,239834514,4.790058513437306,4,24,145,600,True,32.15866219997406,20,20,4.790058513437306,0.8479259259259259,0.7527777777777778,1,0,0,nan,551,1252,551,0.6943982251802552
IMG_0092|r2|n30|b600|HHO-VC,IMG_0092,78004.jpg,2,HHO-VC,1,30,600,691953026,4.789211788077833,227,2,32,600,True,17.241278200002853,12,12,4.789211788077833,nan,nan,0,0,0,nan,297,1503,297,0.835
IMG_0092|r2|n30|b600|BDA-EHHO-VC-Calibrated,IMG_0092,78004.jpg,2,BDA-EHHO-VC-Calibrated,2,30,600,691953026,4.788958871948599,213,5,65,600,True,29.016691499971785,10,10,4.788958871948599,nan,nan,0,146,154,0.4866666666666667,505,1298,505,0.7199112590127565
IMG_0092|r2|n30|b600|BEHHO-VC-Calibrated,IMG_0092,78004.jpg,2,BEHHO-VC-Calibrated,3,30,600,691953026,4.789217456179139,182,66,68,600,True,29.77317739999853,20,20,4.789217456179139,0.8837314814814816,0.8829629629629631,0,0,0,nan,513,1290,513,0.7154742096505824
IMG_0092|r2|n30|b600|EHHO-VC,IMG_0092,78004.jpg,2,EHHO-VC,4,30,600,691953026,4.788264268499749,198,5,32,600,True,16.269443700031843,14,14,4.788264268499749,0.33607679119395806,0.3196719619861879,0,0,0,nan,296,1504,296,0.8355555555555556
IMG_0092|r3|n30|b600|BDA-EHHO-VC-Calibrated,IMG_0092,78004.jpg,3,BDA-EHHO-VC-Calibrated,1,30,600,3101916,4.796238183572606,2,2,20,600,True,29.333163300005253,10,10,4.796238183572606,nan,nan,0,146,154,0.4866666666666667,486,1317,486,0.7304492512479202
IMG_0092|r3|n30|b600|EHHO-VC,IMG_0092,78004.jpg,3,EHHO-VC,2,30,600,3101916,4.79481781250074,14,2,47,600,True,13.308368000027258,14,14,4.79481781250074,0.14865649824296137,0.08420331837789914,0,0,0,nan,239,1561,239,0.8672222222222222
IMG_0092|r3|n30|b600|BEHHO-VC-Calibrated,IMG_0092,78004.jpg,3,BEHHO-VC-Calibrated,3,30,600,3101916,4.796353544403945,64,2,48,600,True,30.726634000020567,20,20,4.796353544403945,0.7780833333333333,0.706111111111111,3,0,0,nan,511,1292,511,0.7165834719911259
IMG_0092|r3|n30|b600|HHO-VC,IMG_0092,78004.jpg,3,HHO-VC,4,30,600,3101916,4.795320523284363,14,2,46,600,True,10.926720899995416,12,12,4.795320523284363,nan,nan,0,0,0,nan,235,1565,235,0.8694444444444445
IMG_0092|r4|n30|b600|HHO-VC,IMG_0092,78004.jpg,4,HHO-VC,1,30,600,5374562,4.795824728246838,63,30,109,600,True,18.174626699998043,11,11,4.795824728246838,nan,nan,0,0,0,nan,340,1460,340,0.8111111111111111
IMG_0092|r4|n30|b600|BDA-EHHO-VC-Calibrated,IMG_0092,78004.jpg,4,BDA-EHHO-VC-Calibrated,2,30,600,5374562,4.793917152675832,165,39,2,600,True,24.816646700026467,10,10,4.794017120882377,nan,nan,0,149,151,0.49666666666666665,496,1307,496,0.7249029395452025
IMG_0092|r4|n30|b600|BEHHO-VC-Calibrated,IMG_0092,78004.jpg,4,BEHHO-VC-Calibrated,3,30,600,5374562,4.794038643818004,228,49,2,600,True,31.64962729997933,20,20,4.794038643818004,0.8620648148148149,0.7859259259259259,1,0,0,nan,527,1276,527,0.7077093732667776
IMG_0092|r4|n30|b600|EHHO-VC,IMG_0092,78004.jpg,4,EHHO-VC,4,30,600,5374562,4.795625824978433,107,30,166,600,True,20.487191599968355,13,13,4.795625824978433,0.34441209166989345,0.39610861612582116,0,0,0,nan,396,1404,396,0.78
IMG_0092|r5|n30|b600|BEHHO-VC-Calibrated,IMG_0092,78004.jpg,5,BEHHO-VC-Calibrated,1,30,600,1591980627,4.79704807811908,74,201,9,600,True,29.80115359998308,20,20,4.79704807811908,0.8393333333333335,0.846111111111111,2,0,0,nan,525,1278,525,0.7088186356073212
IMG_0092|r5|n30|b600|EHHO-VC,IMG_0092,78004.jpg,5,EHHO-VC,2,30,600,1591980627,4.796258101841097,79,3,5,600,True,14.624353600025643,13,13,4.796258101841097,0.22552850327149981,0.14884124321787492,0,0,0,nan,254,1546,254,0.8588888888888889
IMG_0092|r5|n30|b600|HHO-VC,IMG_0092,78004.jpg,5,HHO-VC,3,30,600,1591980627,4.796549963394567,76,2,4,600,True,13.255645699973684,12,12,4.796549963394567,nan,nan,0,0,0,nan,229,1571,229,0.8727777777777778
IMG_0092|r5|n30|b600|BDA-EHHO-VC-Calibrated,IMG_0092,78004.jpg,5,BDA-EHHO-VC-Calibrated,4,30,600,1591980627,4.79642761718919,212,38,9,600,True,26.529731600021478,10,10,4.79642761718919,nan,nan,0,142,158,0.47333333333333333,510,1293,510,0.7171381031613977
IMG_0093|r1|n30|b600|EHHO-VC,IMG_0093,8023.jpg,1,EHHO-VC,1,30,600,608669448,5.664637197044482,38,3,28,600,True,21.162845399987418,14,14,5.664637197044482,0.27801884033443697,0.08987168210990594,0,0,0,nan,380,1420,380,0.7888888888888889
IMG_0093|r1|n30|b600|HHO-VC,IMG_0093,8023.jpg,1,HHO-VC,2,30,600,608669448,5.66493697697652,32,3,12,600,True,10.557310500007588,12,12,5.66493697697652,nan,nan,0,0,0,nan,218,1582,218,0.8788888888888889
IMG_0093|r1|n30|b600|BEHHO-VC-Calibrated,IMG_0093,8023.jpg,1,BEHHO-VC-Calibrated,3,30,600,608669448,5.664868898124759,3,178,159,600,True,26.857161300024018,20,20,5.664868898124759,0.8382314814814814,0.8753703703703705,0,0,0,nan,515,1288,515,0.7143649473100389
IMG_0093|r1|n30|b600|BDA-EHHO-VC-Calibrated,IMG_0093,8023.jpg,1,BDA-EHHO-VC-Calibrated,4,30,600,608669448,5.6646301840444435,12,69,30,600,True,28.01702829997521,10,10,5.664649086948683,nan,nan,0,144,156,0.48,476,1327,476,0.7359955629506378
IMG_0093|r2|n30|b600|HHO-VC,IMG_0093,8023.jpg,2,HHO-VC,1,30,600,1745845075,5.665819226585984,206,100,132,600,True,24.122331799997482,11,11,5.665819226585984,nan,nan,0,0,0,nan,438,1362,438,0.7566666666666667
IMG_0093|r2|n30|b600|BDA-EHHO-VC-Calibrated,IMG_0093,8023.jpg,2,BDA-EHHO-VC-Calibrated,2,30,600,1745845075,5.664941804076896,126,2,133,600,True,27.904486100014765,10,10,5.664941804076896,nan,nan,0,147,153,0.49,502,1301,502,0.7215751525235718
IMG_0093|r2|n30|b600|BEHHO-VC-Calibrated,IMG_0093,8023.jpg,2,BEHHO-VC-Calibrated,3,30,600,1745845075,5.665099325364429,128,2,128,600,True,24.35190770000918,20,20,5.665099325364429,0.7929444444444445,0.5668518518518519,3,0,0,nan,477,1326,477,0.7354409317803661
IMG_0093|r2|n30|b600|EHHO-VC,IMG_0093,8023.jpg,2,EHHO-VC,4,30,600,1745845075,5.66580569715493,204,100,132,600,True,27.044092099997215,13,13,5.66580569715493,0.42976360241236083,0.4100564415937484,0,0,0,nan,483,1317,483,0.7316666666666667
IMG_0093|r3|n30|b600|HHO-VC,IMG_0093,8023.jpg,3,HHO-VC,1,30,600,516499553,5.664991640027746,26,219,2,600,True,15.579074600012973,11,11,5.664991640027746,nan,nan,0,0,0,nan,292,1508,292,0.8377777777777777
IMG_0093|r3|n30|b600|EHHO-VC,IMG_0093,8023.jpg,3,EHHO-VC,2,30,600,516499553,5.664991640027746,26,219,2,600,True,15.773905200010631,13,13,5.664991640027746,0.3567556017297052,0.2992345877725376,0,0,0,nan,310,1490,310,0.8277777777777777
IMG_0093|r3|n30|b600|BEHHO-VC-Calibrated,IMG_0093,8023.jpg,3,BEHHO-VC-Calibrated,3,30,600,516499553,5.665165035730976,48,224,3,600,True,36.32913580001332,20,20,5.665165035730976,0.9562314814814815,0.9462962962962962,0,0,0,nan,657,1146,657,0.6356073211314476
IMG_0093|r3|n30|b600|BDA-EHHO-VC-Calibrated,IMG_0093,8023.jpg,3,BDA-EHHO-VC-Calibrated,4,30,600,516499553,5.664852549118083,23,224,3,600,True,28.823168899980374,10,10,5.664852549118083,nan,nan,0,147,153,0.49,512,1291,512,0.7160288408208542
IMG_0093|r4|n30|b600|EHHO-VC,IMG_0093,8023.jpg,4,EHHO-VC,1,30,600,968013324,5.6643199771716555,12,43,8,600,True,18.086732299998403,13,13,5.6643199771716555,0.2196292821443062,0.057022994510561434,0,0,0,nan,324,1476,324,0.82
IMG_0093|r4|n30|b600|BEHHO-VC-Calibrated,IMG_0093,8023.jpg,4,BEHHO-VC-Calibrated,2,30,600,968013324,5.664578802060485,126,50,8,600,True,28.90068429999519,20,20,5.664578802060485,0.8529907407407407,0.9077777777777777,0,0,0,nan,511,1292,511,0.7165834719911259
IMG_0093|r4|n30|b600|HHO-VC,IMG_0093,8023.jpg,4,HHO-VC,3,30,600,968013324,5.664466660830878,17,83,8,600,True,17.137650999997277,11,11,5.664466660830878,nan,nan,0,0,0,nan,328,1472,328,0.8177777777777778
IMG_0093|r4|n30|b600|BDA-EHHO-VC-Calibrated,IMG_0093,8023.jpg,4,BDA-EHHO-VC-Calibrated,4,30,600,968013324,5.664663174523933,136,81,8,600,True,28.90018749999581,10,10,5.664663174523933,nan,nan,0,146,154,0.4866666666666667,498,1305,498,0.7237936772046589
IMG_0093|r5|n30|b600|EHHO-VC,IMG_0093,8023.jpg,5,EHHO-VC,1,30,600,300376310,5.665175251323021,150,2,199,600,True,21.389826900034677,13,13,5.665175251323021,0.41018275392899517,0.42233840271153245,0,0,0,nan,364,1436,364,0.7977777777777778
IMG_0093|r5|n30|b600|BEHHO-VC-Calibrated,IMG_0093,8023.jpg,5,BEHHO-VC-Calibrated,2,30,600,300376310,5.664812559283881,5,37,195,600,True,32.85377469996456,20,20,5.664812559283881,0.8980925925925926,0.8827777777777778,0,0,0,nan,571,1232,571,0.6833056017748197
IMG_0093|r5|n30|b600|BDA-EHHO-VC-Calibrated,IMG_0093,8023.jpg,5,BDA-EHHO-VC-Calibrated,3,30,600,300376310,5.664869746179515,4,251,169,600,True,30.346643600030802,10,10,5.664869746179515,nan,nan,0,154,146,0.5133333333333333,517,1286,517,0.7132556849694953
IMG_0093|r5|n30|b600|HHO-VC,IMG_0093,8023.jpg,5,HHO-VC,4,30,600,300376310,5.665198248104453,149,2,198,600,True,19.233880499959923,11,11,5.665198248104453,nan,nan,0,0,0,nan,339,1461,339,0.8116666666666666
IMG_0094|r1|n30|b600|BDA-EHHO-VC-Calibrated,IMG_0094,85048.jpg,1,BDA-EHHO-VC-Calibrated,1,30,600,602282348,5.053122540807806,214,30,237,600,True,28.118554599990603,10,10,5.053122540807806,nan,nan,0,130,170,0.43333333333333335,515,1288,515,0.7143649473100389
IMG_0094|r1|n30|b600|HHO-VC,IMG_0094,85048.jpg,1,HHO-VC,2,30,600,602282348,5.05407437623315,215,30,15,600,True,16.918262300023343,12,12,5.05407437623315,nan,nan,0,0,0,nan,303,1497,303,0.8316666666666667
IMG_0094|r1|n30|b600|BEHHO-VC-Calibrated,IMG_0094,85048.jpg,1,BEHHO-VC-Calibrated,3,30,600,602282348,5.0539039942426935,158,30,24,600,True,30.64532180002425,20,20,5.0539039942426935,0.9033425925925925,0.9285185185185186,0,0,0,nan,544,1259,544,0.6982806433721576
IMG_0094|r1|n30|b600|EHHO-VC,IMG_0094,85048.jpg,1,EHHO-VC,4,30,600,602282348,5.0536214104656905,222,31,16,600,True,17.15950409998186,13,13,5.0536214104656905,0.34730358885824575,0.2937979042608727,0,0,0,nan,312,1488,312,0.8266666666666667
IMG_0094|r2|n30|b600|EHHO-VC,IMG_0094,85048.jpg,2,EHHO-VC,1,30,600,541527491,5.050630581660452,20,2,20,600,True,12.219241800019518,13,13,5.050630581660452,0.12427230072601551,0.05972272532782437,0,0,0,nan,236,1564,236,0.8688888888888889
IMG_0094|r2|n30|b600|HHO-VC,IMG_0094,85048.jpg,2,HHO-VC,2,30,600,541527491,5.050565821818111,28,2,20,600,True,13.185252700001001,11,11,5.050565821818111,nan,nan,0,0,0,nan,237,1563,237,0.8683333333333333
IMG_0094|r2|n30|b600|BEHHO-VC-Calibrated,IMG_0094,85048.jpg,2,BEHHO-VC-Calibrated,3,30,600,541527491,5.050868804720547,3,2,21,600,True,26.69660120003391,20,20,5.050868804720547,0.7863240740740742,0.6112962962962963,3,0,0,nan,486,1317,486,0.7304492512479202
IMG_0094|r2|n30|b600|BDA-EHHO-VC-Calibrated,IMG_0094,85048.jpg,2,BDA-EHHO-VC-Calibrated,4,30,600,541527491,5.050669251833055,36,2,20,600,True,27.584471999958623,10,10,5.050669251833055,nan,nan,0,158,142,0.5266666666666666,495,1308,495,0.7254575707154742
IMG_0094|r3|n30|b600|BEHHO-VC-Calibrated,IMG_0094,85048.jpg,3,BEHHO-VC-Calibrated,1,30,600,2011124722,5.048422832017686,2,4,139,600,True,27.617509700008668,20,20,5.048422832017686,0.7268796296296298,0.7872222222222222,10,0,0,nan,446,1357,446,0.7526344980587909
IMG_0094|r3|n30|b600|EHHO-VC,IMG_0094,85048.jpg,3,EHHO-VC,2,30,600,2011124722,5.048494007658872,2,2,4,600,True,11.122606000048108,13,13,5.048494007658872,0.11211671931017088,0.003940255634346919,6,0,0,nan,202,1598,202,0.8877777777777778
IMG_0094|r3|n30|b600|BDA-EHHO-VC-Calibrated,IMG_0094,85048.jpg,3,BDA-EHHO-VC-Calibrated,3,30,600,2011124722,5.048398175041871,2,4,132,600,True,25.527570599981118,10,10,5.048398175041871,nan,nan,0,143,157,0.4766666666666667,492,1311,492,0.7271214642262895
IMG_0094|r3|n30|b600|HHO-VC,IMG_0094,85048.jpg,3,HHO-VC,4,30,600,2011124722,5.04899286576519,2,2,3,600,True,9.729808400035836,11,11,5.04899286576519,nan,nan,0,0,0,nan,164,1636,164,0.9088888888888889
IMG_0094|r4|n30|b600|BEHHO-VC-Calibrated,IMG_0094,85048.jpg,4,BEHHO-VC-Calibrated,1,30,600,175689182,5.048355031504053,9,4,2,600,True,24.062308900000062,20,20,5.048355031504053,0.7767777777777777,0.7885185185185186,3,0,0,nan,436,1367,436,0.7581808097615086
IMG_0094|r4|n30|b600|EHHO-VC,IMG_0094,85048.jpg,4,EHHO-VC,2,30,600,175689182,5.048569171086318,5,4,3,600,True,13.129819500027224,13,13,5.048569171086318,0.13031400753300998,0.019658536673825555,4,0,0,nan,222,1578,222,0.8766666666666667
IMG_0094|r4|n30|b600|BDA-EHHO-VC-Calibrated,IMG_0094,85048.jpg,4,BDA-EHHO-VC-Calibrated,3,30,600,175689182,5.049519087390469,5,2,10,600,True,27.988221000006888,10,10,5.049519087390469,nan,nan,0,162,138,0.54,501,1302,501,0.7221297836938436
IMG_0094|r4|n30|b600|HHO-VC,IMG_0094,85048.jpg,4,HHO-VC,4,30,600,175689182,5.049045785560161,3,4,3,600,True,9.84671240003081,11,11,5.049045785560161,nan,nan,0,0,0,nan,187,1613,187,0.8961111111111111
IMG_0094|r5|n30|b600|BEHHO-VC-Calibrated,IMG_0094,85048.jpg,5,BEHHO-VC-Calibrated,1,30,600,945723566,5.055189506506374,2,144,2,600,True,23.491524099954404,20,20,5.055189506506374,0.634962962962963,0.5609259259259259,13,0,0,nan,410,1393,410,0.7726012201885746
IMG_0094|r5|n30|b600|BDA-EHHO-VC-Calibrated,IMG_0094,85048.jpg,5,BDA-EHHO-VC-Calibrated,2,30,600,945723566,5.0549979717584375,4,164,3,600,True,29.074828399985563,10,10,5.0549979717584375,nan,nan,0,142,158,0.47333333333333333,495,1308,495,0.7254575707154742
IMG_0094|r5|n30|b600|HHO-VC,IMG_0094,85048.jpg,5,HHO-VC,3,30,600,945723566,5.054910551761558,2,2,3,600,True,7.797596599964891,12,12,5.054910551761558,nan,nan,0,0,0,nan,164,1636,164,0.9088888888888889
IMG_0094|r5|n30|b600|EHHO-VC,IMG_0094,85048.jpg,5,EHHO-VC,4,30,600,945723566,5.054910551761558,2,2,3,600,True,14.393829999957234,14,14,5.054910551761558,0.1682715072219664,0.07347668652926981,4,0,0,nan,250,1550,250,0.8611111111111112
IMG_0095|r1|n30|b600|EHHO-VC,IMG_0095,86000.jpg,1,EHHO-VC,1,30,600,1068461536,5.143728005148664,4,151,34,600,True,17.25995310000144,14,14,5.143728005148664,0.3150754135115786,0.29995397159179016,0,0,0,nan,306,1494,306,0.83
IMG_0095|r1|n30|b600|HHO-VC,IMG_0095,86000.jpg,1,HHO-VC,2,30,600,1068461536,5.143661173158053,4,145,32,600,True,16.791943999996874,12,12,5.143661173158053,nan,nan,0,0,0,nan,289,1511,289,0.8394444444444444
IMG_0095|r1|n30|b600|BEHHO-VC-Calibrated,IMG_0095,86000.jpg,1,BEHHO-VC-Calibrated,3,30,600,1068461536,5.143765774643843,4,128,16,600,True,23.43930630001705,20,20,5.143765774643843,0.7432962962962963,0.4996296296296297,4,0,0,nan,445,1358,445,0.7531891292290627
IMG_0095|r1|n30|b600|BDA-EHHO-VC-Calibrated,IMG_0095,86000.jpg,1,BDA-EHHO-VC-Calibrated,4,30,600,1068461536,5.143520531640048,4,160,32,600,True,28.354271599964704,10,10,5.143520531640048,nan,nan,0,144,156,0.48,489,1314,489,0.7287853577371048
IMG_0095|r2|n30|b600|EHHO-VC,IMG_0095,86000.jpg,2,EHHO-VC,1,30,600,1896912856,5.145116474032697,67,9,84,600,True,19.49054760002764,14,14,5.145116474032697,0.26885184611917406,0.24070247913873122,0,0,0,nan,341,1459,341,0.8105555555555556
IMG_0095|r2|n30|b600|BDA-EHHO-VC-Calibrated,IMG_0095,86000.jpg,2,BDA-EHHO-VC-Calibrated,2,30,600,1896912856,5.14477013847094,115,97,239,600,True,22.88696949998848,10,10,5.14477013847094,nan,nan,0,153,147,0.51,489,1314,489,0.7287853577371048
IMG_0095|r2|n30|b600|BEHHO-VC-Calibrated,IMG_0095,86000.jpg,2,BEHHO-VC-Calibrated,3,30,600,1896912856,5.14541123180468,28,95,229,600,True,25.24728910002159,20,20,5.14541123180468,0.9173055555555557,0.9225925925925926,0,0,0,nan,570,1233,570,0.6838602329450915
IMG_0095|r2|n30|b600|HHO-VC,IMG_0095,86000.jpg,2,HHO-VC,4,30,600,1896912856,5.145046904033235,118,8,130,600,True,15.715738300001249,13,13,5.145046904033235,nan,nan,0,0,0,nan,357,1443,357,0.8016666666666666
IMG_0095|r3|n30|b600|BDA-EHHO-VC-Calibrated,IMG_0095,86000.jpg,3,BDA-EHHO-VC-Calibrated,1,30,600,2054270897,5.142046323789841,26,12,183,600,True,21.32895080000162,10,10,5.142046323789841,nan,nan,0,149,151,0.49666666666666665,500,1303,500,0.7226844148641154
IMG_0095|r3|n30|b600|HHO-VC,IMG_0095,86000.jpg,3,HHO-VC,2,30,600,2054270897,5.142048665020437,27,41,93,600,True,13.318283000029624,11,11,5.142048665020437,nan,nan,0,0,0,nan,301,1499,301,0.8327777777777777
IMG_0095|r3|n30|b600|EHHO-VC,IMG_0095,86000.jpg,3,EHHO-VC,3,30,600,2054270897,5.142019812424702,6,12,33,600,True,13.951700900041033,13,13,5.142019812424702,0.17933485262711515,0.05492106607878859,0,0,0,nan,294,1506,294,0.8366666666666667
IMG_0095|r3|n30|b600|BEHHO-VC-Calibrated,IMG_0095,86000.jpg,3,BEHHO-VC-Calibrated,4,30,600,2054270897,5.1416864631988055,4,34,84,600,True,28.55857079999987,20,20,5.1416864631988055,0.8721851851851852,0.8051851851851852,0,0,0,nan,546,1257,546,0.697171381031614
IMG_0095|r4|n30|b600|BDA-EHHO-VC-Calibrated,IMG_0095,86000.jpg,4,BDA-EHHO-VC-Calibrated,1,30,600,831628968,5.144337845710756,88,3,36,600,True,28.366090400028042,10,10,5.144337845710756,nan,nan,0,151,149,0.5033333333333333,490,1313,490,0.7282307265668331
IMG_0095|r4|n30|b600|HHO-VC,IMG_0095,86000.jpg,4,HHO-VC,2,30,600,831628968,5.14271478629473,23,3,7,600,True,8.642545099952258,11,11,5.14271478629473,nan,nan,0,0,0,nan,182,1618,182,0.8988888888888888
IMG_0095|r4|n30|b600|EHHO-VC,IMG_0095,86000.jpg,4,EHHO-VC,3,30,600,831628968,5.143942702944264,13,2,2,600,True,10.602263100037817,13,13,5.143942702944264,0.10779394695877922,0.11908503854609481,3,0,0,nan,188,1612,188,0.8955555555555555
IMG_0095|r4|n30|b600|BEHHO-VC-Calibrated,IMG_0095,86000.jpg,4,BEHHO-VC-Calibrated,4,30,600,831628968,5.143848862063354,74,2,4,600,True,29.15773530001752,20,20,5.143848862063354,0.803037037037037,0.7983333333333333,1,0,0,nan,489,1314,489,0.7287853577371048
IMG_0095|r5|n30|b600|HHO-VC,IMG_0095,86000.jpg,5,HHO-VC,1,30,600,1399591569,5.140840818549761,94,45,141,600,True,19.241623500012793,11,11,5.140840818549761,nan,nan,0,0,0,nan,361,1439,361,0.7994444444444444
IMG_0095|r5|n30|b600|EHHO-VC,IMG_0095,86000.jpg,5,EHHO-VC,2,30,600,1399591569,5.140843597756443,114,53,164,600,True,20.8805946999928,13,13,5.140843597756443,0.37831211964374084,0.38719486009961346,0,0,0,nan,425,1375,425,0.7638888888888888
IMG_0095|r5|n30|b600|BEHHO-VC-Calibrated,IMG_0095,86000.jpg,5,BEHHO-VC-Calibrated,3,30,600,1399591569,5.140937614194929,109,67,139,600,True,32.49073910003062,20,20,5.140937614194929,0.9455462962962962,0.962037037037037,0,0,0,nan,635,1168,635,0.6478092068774265
IMG_0095|r5|n30|b600|BDA-EHHO-VC-Calibrated,IMG_0095,86000.jpg,5,BDA-EHHO-VC-Calibrated,4,30,600,1399591569,5.14021933037206,3,67,195,600,True,29.45436079998035,10,10,5.14021933037206,nan,nan,0,142,158,0.47333333333333333,492,1311,492,0.7271214642262895
IMG_0096|r1|n30|b600|BDA-EHHO-VC-Calibrated,IMG_0096,86016.jpg,1,BDA-EHHO-VC-Calibrated,1,30,600,914348216,5.3702301369480905,70,16,6,600,True,27.685625999991316,10,10,5.37036808813311,nan,nan,0,126,174,0.42,490,1313,490,0.7282307265668331
IMG_0096|r1|n30|b600|BEHHO-VC-Calibrated,IMG_0096,86016.jpg,1,BEHHO-VC-Calibrated,2,30,600,914348216,5.370424178156724,64,2,8,600,True,29.4321665999596,20,20,5.370424178156724,0.7808796296296296,0.7546296296296297,4,0,0,nan,451,1352,451,0.7498613422074321
IMG_0096|r1|n30|b600|EHHO-VC,IMG_0096,86016.jpg,1,EHHO-VC,3,30,600,914348216,5.370560847527421,93,110,6,600,True,23.298270200029947,13,13,5.370560847527421,0.3660798945173721,0.317774806855481,0,0,0,nan,382,1418,382,0.7877777777777778
IMG_0096|r1|n30|b600|HHO-VC,IMG_0096,86016.jpg,1,HHO-VC,4,30,600,914348216,5.370369532566485,124,154,6,600,True,21.15512570005376,11,11,5.370369532566485,nan,nan,0,0,0,nan,366,1434,366,0.7966666666666666
IMG_0096|r2|n30|b600|EHHO-VC,IMG_0096,86016.jpg,2,EHHO-VC,1,30,600,350543474,5.374781000275583,2,17,2,600,True,11.014084599970374,13,13,5.374781000275583,0.10748764392319912,0.02697165123639634,0,0,0,nan,192,1608,192,0.8933333333333333
IMG_0096|r2|n30|b600|BDA-EHHO-VC-Calibrated,IMG_0096,86016.jpg,2,BDA-EHHO-VC-Calibrated,2,30,600,350543474,5.374198474319658,3,236,10,600,True,33.09788050001953,10,10,5.374198474319658,nan,nan,0,139,161,0.4633333333333333,506,1297,506,0.7193566278424848
IMG_0096|r2|n30|b600|HHO-VC,IMG_0096,86016.jpg,2,HHO-VC,3,30,600,350543474,5.374781000275583,2,17,2,600,True,8.51252549997298,11,11,5.374781000275583,nan,nan,0,0,0,nan,195,1605,195,0.8916666666666667
IMG_0096|r2|n30|b600|BEHHO-VC-Calibrated,IMG_0096,86016.jpg,2,BEHHO-VC-Calibrated,4,30,600,350543474,5.374243574063037,3,234,36,600,True,30.025513200031128,20,20,5.374243574063037,0.8836574074074074,0.8462962962962962,0,0,0,nan,535,1268,535,0.7032723239046035
IMG_0096|r3|n30|b600|BEHHO-VC-Calibrated,IMG_0096,86016.jpg,3,BEHHO-VC-Calibrated,1,30,600,1280902477,5.375645187850277,75,161,18,600,True,30.474187800020445,20,20,5.375645187850277,0.8627592592592592,0.880925925925926,0,0,0,nan,519,1284,519,0.7121464226289518
IMG_0096|r3|n30|b600|BDA-EHHO-VC-Calibrated,IMG_0096,86016.jpg,3,BDA-EHHO-VC-Calibrated,2,30,600,1280902477,5.376034153871276,151,111,18,600,True,27.875857799954247,10,10,5.376034153871276,nan,nan,0,156,144,0.52,470,1333,470,0.7393233499722685
IMG_0096|r3|n30|b600|EHHO-VC,IMG_0096,86016.jpg,3,EHHO-VC,3,30,600,1280902477,5.375918282151242,162,112,18,600,True,22.72236499999417,13,13,5.375918282151242,0.34782565640110474,0.3967314043683506,0,0,0,nan,402,1398,402,0.7766666666666666
IMG_0096|r3|n30|b600|HHO-VC,IMG_0096,86016.jpg,3,HHO-VC,4,30,600,1280902477,5.375961233481855,162,111,18,600,True,20.931398199987598,12,12,5.375961233481855,nan,nan,0,0,0,nan,360,1440,360,0.8
IMG_0096|r4|n30|b600|BDA-EHHO-VC-Calibrated,IMG_0096,86016.jpg,4,BDA-EHHO-VC-Calibrated,1,30,600,1622172394,5.374230063831573,14,211,2,600,True,17.2550906999968,10,10,5.374230063831573,nan,nan,0,143,157,0.4766666666666667,494,1309,494,0.726012201885746
IMG_0096|r4|n30|b600|EHHO-VC,IMG_0096,86016.jpg,4,EHHO-VC,2,30,600,1622172394,5.37437201065271,14,2,2,600,True,3.686390399991069,13,13,5.37437201065271,0.09876504267225815,0.026588265394342305,2,0,0,nan,204,1596,204,0.8866666666666667
IMG_0096|r4|n30|b600|HHO-VC,IMG_0096,86016.jpg,4,HHO-VC,3,30,600,1622172394,5.37437201065271,14,2,2,600,True,3.3731235000304878,11,11,5.37437201065271,nan,nan,0,0,0,nan,192,1608,192,0.8933333333333333
IMG_0096|r4|n30|b600|BEHHO-VC-Calibrated,IMG_0096,86016.jpg,4,BEHHO-VC-Calibrated,4,30,600,1622172394,5.374687274083215,16,224,2,600,True,9.434029099997133,20,20,5.374687274083215,0.8378425925925926,0.8848148148148148,0,0,0,nan,529,1274,529,0.7066001109262341
IMG_0096|r5|n30|b600|BEHHO-VC-Calibrated,IMG_0096,86016.jpg,5,BEHHO-VC-Calibrated,1,30,600,568260851,5.380204388786038,164,6,2,600,True,12.989546499971766,20,20,5.380204388786038,0.870824074074074,0.8333333333333334,0,0,0,nan,527,1276,527,0.7077093732667776
IMG_0096|r5|n30|b600|BDA-EHHO-VC-Calibrated,IMG_0096,86016.jpg,5,BDA-EHHO-VC-Calibrated,2,30,600,568260851,5.379671686072789,3,6,69,600,True,21.290172300010454,10,10,5.379671686072789,nan,nan,0,155,145,0.5166666666666667,494,1309,494,0.726012201885746
IMG_0096|r5|n30|b600|HHO-VC,IMG_0096,86016.jpg,5,HHO-VC,3,30,600,568260851,5.380117345092206,4,6,12,600,True,8.735105300031137,11,11,5.380117345092206,nan,nan,0,0,0,nan,225,1575,225,0.875
IMG_0096|r5|n30|b600|EHHO-VC,IMG_0096,86016.jpg,5,EHHO-VC,4,30,600,568260851,5.380117345092206,4,6,12,600,True,11.555116500006989,14,14,5.380117345092206,0.11289994596252818,0.019125047412032845,3,0,0,nan,253,1547,253,0.8594444444444445
IMG_0097|r1|n30|b600|EHHO-VC,IMG_0097,86068.jpg,1,EHHO-VC,1,30,600,650128429,5.729692379356325,2,3,2,600,True,7.437349900021218,13,13,5.729692379356325,0.11972981162639812,0.06063443344406831,4,0,0,nan,195,1605,195,0.8916666666666667
IMG_0097|r1|n30|b600|HHO-VC,IMG_0097,86068.jpg,1,HHO-VC,2,30,600,650128429,5.729672197138995,4,3,4,600,True,5.749126899987459,11,11,5.729672197138995,nan,nan,0,0,0,nan,166,1634,166,0.9077777777777778
IMG_0097|r1|n30|b600|BEHHO-VC-Calibrated,IMG_0097,86068.jpg,1,BEHHO-VC-Calibrated,3,30,600,650128429,5.728557898711874,2,6,20,600,True,20.507848599983845,20,20,5.728557898711874,0.7664722222222222,0.697962962962963,5,0,0,nan,489,1314,489,0.7287853577371048
IMG_0097|r1|n30|b600|BDA-EHHO-VC-Calibrated,IMG_0097,86068.jpg,1,BDA-EHHO-VC-Calibrated,4,30,600,650128429,5.728878368189197,2,170,36,600,True,19.66184090002207,10,10,5.728878368189197,nan,nan,0,141,159,0.47,492,1311,492,0.7271214642262895
IMG_0097|r2|n30|b600|BEHHO-VC-Calibrated,IMG_0097,86068.jpg,2,BEHHO-VC-Calibrated,1,30,600,44551262,5.728589014106745,8,8,5,600,True,21.160339199996088,20,20,5.728589014106745,0.8171851851851851,0.523888888888889,1,0,0,nan,543,1260,543,0.6988352745424293
IMG_0097|r2|n30|b600|HHO-VC,IMG_0097,86068.jpg,2,HHO-VC,2,30,600,44551262,5.728769286883061,3,5,3,600,True,5.669675400014967,11,11,5.728769286883061,nan,nan,0,0,0,nan,148,1652,148,0.9177777777777778
IMG_0097|r2|n30|b600|EHHO-VC,IMG_0097,86068.jpg,2,EHHO-VC,3,30,600,44551262,5.728769286883061,3,5,3,600,True,4.110153699992225,13,13,5.728769286883061,0.10244495658218063,0.017217429305130493,4,0,0,nan,193,1607,193,0.8927777777777778
IMG_0097|r2|n30|b600|BDA-EHHO-VC-Calibrated,IMG_0097,86068.jpg,2,BDA-EHHO-VC-Calibrated,4,30,600,44551262,5.728656116060793,67,2,39,600,True,25.623255499987863,10,10,5.728656116060793,nan,nan,0,145,155,0.48333333333333334,488,1315,488,0.7293399889073766
IMG_0097|r3|n30|b600|BEHHO-VC-Calibrated,IMG_0097,86068.jpg,3,BEHHO-VC-Calibrated,1,30,600,1096450107,5.725016794718104,223,227,52,600,True,20.386470999976154,20,20,5.725016794718104,0.9052129629629629,0.9194444444444444,0,0,0,nan,571,1232,571,0.6833056017748197
IMG_0097|r3|n30|b600|EHHO-VC,IMG_0097,86068.jpg,3,EHHO-VC,2,30,600,1096450107,5.725063381569954,169,214,108,600,True,22.990251199982595,14,14,5.725063381569954,0.4820213824965011,0.5112941980912817,0,0,0,nan,483,1317,483,0.7316666666666667
IMG_0097|r3|n30|b600|HHO-VC,IMG_0097,86068.jpg,3,HHO-VC,3,30,600,1096450107,5.724944253449146,135,205,73,600,True,29.046804999990854,12,12,5.724944253449146,nan,nan,0,0,0,nan,442,1358,442,0.7544444444444445
IMG_0097|r3|n30|b600|BDA-EHHO-VC-Calibrated,IMG_0097,86068.jpg,3,BDA-EHHO-VC-Calibrated,4,30,600,1096450107,5.724910248795259,168,229,18,600,True,23.19251769996481,10,10,5.724910248795259,nan,nan,0,150,150,0.5,505,1298,505,0.7199112590127565
IMG_0097|r4|n30|b600|BDA-EHHO-VC-Calibrated,IMG_0097,86068.jpg,4,BDA-EHHO-VC-Calibrated,1,30,600,1248034589,5.726355451985924,46,3,32,600,True,18.425937900028657,10,10,5.726355451985924,nan,nan,0,146,154,0.4866666666666667,485,1318,485,0.7310038824181919
IMG_0097|r4|n30|b600|HHO-VC,IMG_0097,86068.jpg,4,HHO-VC,2,30,600,1248034589,5.725726091273253,55,14,249,600,True,5.895747400005348,11,11,5.725726091273253,nan,nan,0,0,0,nan,318,1482,318,0.8233333333333334
IMG_0097|r4|n30|b600|EHHO-VC,IMG_0097,86068.jpg,4,EHHO-VC,3,30,600,1248034589,5.725900942703251,63,14,251,600,True,10.730797199998051,13,13,5.725900942703251,0.3796889049006301,0.41742273306357913,0,0,0,nan,336,1464,336,0.8133333333333334
IMG_0097|r4|n30|b600|BEHHO-VC-Calibrated,IMG_0097,86068.jpg,4,BEHHO-VC-Calibrated,4,30,600,1248034589,5.726137234978054,56,2,232,600,True,20.613902500015683,20,20,5.726137234978054,0.8532592592592592,0.8940740740740741,1,0,0,nan,553,1250,553,0.6932889628397116
IMG_0097|r5|n30|b600|HHO-VC,IMG_0097,86068.jpg,5,HHO-VC,1,30,600,1284865543,5.727524154082393,3,7,3,600,True,7.984923299984075,12,12,5.727524154082393,nan,nan,0,0,0,nan,181,1619,181,0.8994444444444445
IMG_0097|r5|n30|b600|BDA-EHHO-VC-Calibrated,IMG_0097,86068.jpg,5,BDA-EHHO-VC-Calibrated,2,30,600,1284865543,5.727131908710132,52,96,2,600,True,22.461781899968628,10,10,5.727131908710132,nan,nan,0,148,152,0.49333333333333335,512,1291,512,0.7160288408208542
IMG_0097|r5|n30|b600|BEHHO-VC-Calibrated,IMG_0097,86068.jpg,5,BEHHO-VC-Calibrated,3,30,600,1284865543,5.727263758556166,48,96,2,600,True,23.462919000012334,20,20,5.727263758556166,0.7722685185185185,0.6620370370370371,2,0,0,nan,440,1363,440,0.7559622850804215
IMG_0097|r5|n30|b600|EHHO-VC,IMG_0097,86068.jpg,5,EHHO-VC,4,30,600,1284865543,5.727174143552072,44,99,80,600,True,20.525562099996023,14,14,5.727174143552072,0.24849225832155847,0.24620614065729823,0,0,0,nan,350,1450,350,0.8055555555555556
IMG_0098|r1|n30|b600|BEHHO-VC-Calibrated,IMG_0098,87046.jpg,1,BEHHO-VC-Calibrated,1,30,600,1691737112,5.313415330639171,233,32,240,600,True,31.872679399966728,20,20,5.313415330639171,0.9573703703703705,0.9657407407407407,0,0,0,nan,631,1172,631,0.6500277315585136
IMG_0098|r1|n30|b600|BDA-EHHO-VC-Calibrated,IMG_0098,87046.jpg,1,BDA-EHHO-VC-Calibrated,2,30,600,1691737112,5.3135423560849295,215,26,160,600,True,24.186467199993785,10,10,5.3136278135503465,nan,nan,0,144,156,0.48,495,1308,495,0.7254575707154742
IMG_0098|r1|n30|b600|HHO-VC,IMG_0098,87046.jpg,1,HHO-VC,3,30,600,1691737112,5.313576131667422,9,121,81,600,True,16.12870640004985,11,11,5.313576131667422,nan,nan,0,0,0,nan,319,1481,319,0.8227777777777778
IMG_0098|r1|n30|b600|EHHO-VC,IMG_0098,87046.jpg,1,EHHO-VC,4,30,600,1691737112,5.313580856863056,9,102,70,600,True,14.343982200021856,13,13,5.313580856863056,0.2557455542911162,0.21720673996991394,0,0,0,nan,347,1453,347,0.8072222222222222
IMG_0098|r2|n30|b600|BDA-EHHO-VC-Calibrated,IMG_0098,87046.jpg,2,BDA-EHHO-VC-Calibrated,1,30,600,382569979,5.3115150927424155,233,4,2,600,True,13.616593100014143,10,10,5.311991790027561,nan,nan,0,156,144,0.52,506,1297,506,0.7193566278424848
IMG_0098|r2|n30|b600|BEHHO-VC-Calibrated,IMG_0098,87046.jpg,2,BEHHO-VC-Calibrated,2,30,600,382569979,5.311709440423606,20,2,2,600,True,15.271542300004512,20,20,5.311709440423606,0.848712962962963,0.6783333333333333,0,0,0,nan,518,1285,518,0.7127010537992235
IMG_0098|r2|n30|b600|EHHO-VC,IMG_0098,87046.jpg,2,EHHO-VC,3,30,600,382569979,5.311059989833152,11,2,2,600,True,7.034871399984695,13,13,5.311059989833152,0.15260298358449484,0.10119222727714457,2,0,0,nan,234,1566,234,0.87
IMG_0098|r2|n30|b600|HHO-VC,IMG_0098,87046.jpg,2,HHO-VC,4,30,600,382569979,5.311059989833152,11,2,2,600,True,6.140718899958301,11,11,5.311059989833152,nan,nan,0,0,0,nan,245,1555,245,0.8638888888888889
IMG_0098|r3|n30|b600|BDA-EHHO-VC-Calibrated,IMG_0098,87046.jpg,3,BDA-EHHO-VC-Calibrated,1,30,600,1466526814,5.303654487528379,243,242,2,600,True,14.117843299987726,10,10,5.303854127389402,nan,nan,0,143,157,0.4766666666666667,509,1294,509,0.7176927343316695
IMG_0098|r3|n30|b600|HHO-VC,IMG_0098,87046.jpg,3,HHO-VC,2,30,600,1466526814,5.303399993729524,39,193,2,600,True,6.622888500045519,11,11,5.303399993729524,nan,nan,0,0,0,nan,285,1515,285,0.8416666666666667
IMG_0098|r3|n30|b600|BEHHO-VC-Calibrated,IMG_0098,87046.jpg,3,BEHHO-VC-Calibrated,3,30,600,1466526814,5.303982771405207,25,157,7,600,True,16.191193800012115,20,20,5.303982771405207,0.8766388888888889,0.8607407407407407,0,0,0,nan,517,1286,517,0.7132556849694953
IMG_0098|r3|n30|b600|EHHO-VC,IMG_0098,87046.jpg,3,EHHO-VC,4,30,600,1466526814,5.303399993729524,39,193,2,600,True,9.915777499962132,13,13,5.303399993729524,0.3390653811353529,0.31504086060989506,0,0,0,nan,296,1504,296,0.8355555555555556
IMG_0098|r4|n30|b600|HHO-VC,IMG_0098,87046.jpg,4,HHO-VC,1,30,600,1959129852,5.309859603196251,255,16,5,600,True,8.563560100039467,12,12,5.309859603196251,nan,nan,0,0,0,nan,262,1538,262,0.8544444444444445
IMG_0098|r4|n30|b600|BDA-EHHO-VC-Calibrated,IMG_0098,87046.jpg,4,BDA-EHHO-VC-Calibrated,2,30,600,1959129852,5.309791424360404,80,159,3,600,True,12.073409400007222,10,10,5.309791424360404,nan,nan,0,144,156,0.48,503,1300,503,0.7210205213533001
IMG_0098|r4|n30|b600|EHHO-VC,IMG_0098,87046.jpg,4,EHHO-VC,3,30,600,1959129852,5.309543286710155,227,16,5,600,True,5.7466133999987505,13,13,5.309543286710155,0.3759732152558663,0.30931674558092515,0,0,0,nan,277,1523,277,0.8461111111111111
IMG_0098|r4|n30|b600|BEHHO-VC-Calibrated,IMG_0098,87046.jpg,4,BEHHO-VC-Calibrated,4,30,600,1959129852,5.309972304378114,71,222,5,600,True,17.30879159999313,20,20,5.309972304378114,0.9107407407407407,0.8801851851851851,0,0,0,nan,551,1252,551,0.6943982251802552
IMG_0098|r5|n30|b600|BEHHO-VC-Calibrated,IMG_0098,87046.jpg,5,BEHHO-VC-Calibrated,1,30,600,1979817402,5.303334042660464,47,15,75,600,True,21.13683409994701,20,20,5.303334042660464,0.9057777777777778,0.8996296296296297,0,0,0,nan,555,1248,555,0.6921797004991681
IMG_0098|r5|n30|b600|HHO-VC,IMG_0098,87046.jpg,5,HHO-VC,2,30,600,1979817402,5.303450591344148,184,174,113,600,True,8.346854300005361,11,11,5.303450591344148,nan,nan,0,0,0,nan,435,1365,435,0.7583333333333333
IMG_0098|r5|n30|b600|BDA-EHHO-VC-Calibrated,IMG_0098,87046.jpg,5,BDA-EHHO-VC-Calibrated,3,30,600,1979817402,5.302840307590428,191,9,78,600,True,9.080581800022628,10,10,5.302840307590428,nan,nan,0,129,171,0.43,482,1321,482,0.7326677759290072
IMG_0098|r5|n30|b600|EHHO-VC,IMG_0098,87046.jpg,5,EHHO-VC,4,30,600,1979817402,5.303450591344148,184,174,113,600,True,9.548798999981955,13,13,5.303450591344148,0.47758814913703646,0.4511236411782995,0,0,0,nan,473,1327,473,0.7372222222222222
IMG_0099|r1|n30|b600|HHO-VC,IMG_0099,89072.jpg,1,HHO-VC,1,30,600,705922048,5.258708365506459,12,8,32,600,True,5.072471599967685,11,11,5.258708365506459,nan,nan,0,0,0,nan,209,1591,209,0.8838888888888888
IMG_0099|r1|n30|b600|EHHO-VC,IMG_0099,89072.jpg,1,EHHO-VC,2,30,600,705922048,5.258760829842779,15,8,32,600,True,5.01367489999393,13,13,5.258760829842779,0.13156375886020177,0.06136702408379446,0,0,0,nan,210,1590,210,0.8833333333333333
IMG_0099|r1|n30|b600|BDA-EHHO-VC-Calibrated,IMG_0099,89072.jpg,1,BDA-EHHO-VC-Calibrated,3,30,600,705922048,5.259154236807453,2,15,78,600,True,12.27051780000329,10,10,5.259164553764337,nan,nan,0,149,151,0.49666666666666665,500,1303,500,0.7226844148641154
IMG_0099|r1|n30|b600|BEHHO-VC-Calibrated,IMG_0099,89072.jpg,1,BEHHO-VC-Calibrated,4,30,600,705922048,5.258401256025818,2,8,4,600,True,10.035058700013906,20,20,5.258401256025818,0.5836944444444445,0.7450000000000001,15,0,0,nan,405,1398,405,0.7753743760399334
IMG_0099|r2|n30|b600|EHHO-VC,IMG_0099,89072.jpg,2,EHHO-VC,1,30,600,1132174202,5.2576817398659035,2,6,6,600,True,5.839809700031765,13,13,5.2576817398659035,0.14279541878055999,0.07909447535702485,1,0,0,nan,240,1560,240,0.8666666666666667
IMG_0099|r2|n30|b600|BDA-EHHO-VC-Calibrated,IMG_0099,89072.jpg,2,BDA-EHHO-VC-Calibrated,2,30,600,1132174202,5.258075131226273,243,89,16,600,True,12.074265600007493,10,10,5.258075131226273,nan,nan,0,156,144,0.52,483,1320,483,0.7321131447587355
IMG_0099|r2|n30|b600|BEHHO-VC-Calibrated,IMG_0099,89072.jpg,2,BEHHO-VC-Calibrated,3,30,600,1132174202,5.2579239244247695,8,4,124,600,True,11.800445700006094,20,20,5.2579239244247695,0.8314722222222223,0.7307407407407407,0,0,0,nan,474,1329,474,0.7371048252911814
IMG_0099|r2|n30|b600|HHO-VC,IMG_0099,89072.jpg,2,HHO-VC,4,30,600,1132174202,5.2576817398659035,2,6,6,600,True,5.730521299992688,11,11,5.2576817398659035,nan,nan,0,0,0,nan,233,1567,233,0.8705555555555555
IMG_0099|r3|n30|b600|BEHHO-VC-Calibrated,IMG_0099,89072.jpg,3,BEHHO-VC-Calibrated,1,30,600,1830661161,5.258871467100576,240,128,2,600,True,14.893880199990235,20,20,5.258871467100576,0.8958611111111111,0.7979629629629631,0,0,0,nan,604,1199,604,0.6650027731558513
IMG_0099|r3|n30|b600|BDA-EHHO-VC-Calibrated,IMG_0099,89072.jpg,3,BDA-EHHO-VC-Calibrated,2,30,600,1830661161,5.257524266922965,248,11,2,600,True,12.38570520002395,10,10,5.257524266922965,nan,nan,0,131,169,0.43666666666666665,496,1307,496,0.7249029395452025
IMG_0099|r3|n30|b600|HHO-VC,IMG_0099,89072.jpg,3,HHO-VC,3,30,600,1830661161,5.258981676180898,214,11,206,600,True,8.977499000029638,11,11,5.258981676180898,nan,nan,0,0,0,nan,363,1437,363,0.7983333333333333
IMG_0099|r3|n30|b600|EHHO-VC,IMG_0099,89072.jpg,3,EHHO-VC,4,30,600,1830661161,5.259031939970307,214,11,208,600,True,9.690661799977534,13,13,5.259031939970307,0.4702713346070811,0.4273605723252482,0,0,0,nan,389,1411,389,0.7838888888888889
IMG_0099|r4|n30|b600|EHHO-VC,IMG_0099,89072.jpg,4,EHHO-VC,1,30,600,2113747372,5.258902790426043,4,3,7,600,True,5.992313100025058,13,13,5.258902790426043,0.11995752669345996,0.09467612630709196,4,0,0,nan,247,1553,247,0.8627777777777778
IMG_0099|r4|n30|b600|HHO-VC,IMG_0099,89072.jpg,4,HHO-VC,2,30,600,2113747372,5.259638905540948,2,2,7,600,True,5.0502559000160545,11,11,5.259638905540948,nan,nan,0,0,0,nan,204,1596,204,0.8866666666666667
IMG_0099|r4|n30|b600|BDA-EHHO-VC-Calibrated,IMG_0099,89072.jpg,4,BDA-EHHO-VC-Calibrated,3,30,600,2113747372,5.259422693954357,59,10,43,600,True,13.058639099996071,10,10,5.259422693954357,nan,nan,0,142,158,0.47333333333333333,481,1322,481,0.733222407099279
IMG_0099|r4|n30|b600|BEHHO-VC-Calibrated,IMG_0099,89072.jpg,4,BEHHO-VC-Calibrated,4,30,600,2113747372,5.2595798664868125,82,41,147,600,True,20.951792199979536,20,20,5.2595798664868125,0.9115092592592593,0.9442592592592592,0,0,0,nan,594,1209,594,0.670549084858569
IMG_0099|r5|n30|b600|BEHHO-VC-Calibrated,IMG_0099,89072.jpg,5,BEHHO-VC-Calibrated,1,30,600,172911601,5.2598603313133605,160,31,7,600,True,32.63724149996415,20,20,5.2598603313133605,0.9387314814814814,0.8768518518518519,0,0,0,nan,615,1188,615,0.6589018302828619
IMG_0099|r5|n30|b600|EHHO-VC,IMG_0099,89072.jpg,5,EHHO-VC,2,30,600,172911601,5.26012672508021,171,113,79,600,True,25.413272899982985,13,13,5.26012672508021,0.3797897714250164,0.32869450973078257,0,0,0,nan,436,1364,436,0.7577777777777778
IMG_0099|r5|n30|b600|BDA-EHHO-VC-Calibrated,IMG_0099,89072.jpg,5,BDA-EHHO-VC-Calibrated,3,30,600,172911601,5.259265510561296,15,11,32,600,True,28.283014800050296,10,10,5.259265510561296,nan,nan,0,153,147,0.51,481,1322,481,0.733222407099279
IMG_0099|r5|n30|b600|HHO-VC,IMG_0099,89072.jpg,5,HHO-VC,4,30,600,172911601,5.259420392775804,40,15,7,600,True,15.229484600014985,10,10,5.259420392775804,nan,nan,0,0,0,nan,340,1460,340,0.8111111111111111
IMG_0100|r1|n30|b600|HHO-VC,IMG_0100,97033.jpg,1,HHO-VC,1,30,600,404834256,4.612879257596418,3,50,64,600,True,9.020680400019046,12,12,4.612879257596418,nan,nan,0,0,0,nan,234,1566,234,0.87
IMG_0100|r1|n30|b600|BEHHO-VC-Calibrated,IMG_0100,97033.jpg,1,BEHHO-VC-Calibrated,2,30,600,404834256,4.61303564224272,2,230,201,600,True,15.244876700046007,20,20,4.61303564224272,0.8690277777777776,0.840185185185185,0,0,0,nan,532,1271,532,0.7049362174154188
IMG_0100|r1|n30|b600|EHHO-VC,IMG_0100,97033.jpg,1,EHHO-VC,3,30,600,404834256,4.612987441670469,3,41,52,600,True,5.441837500024121,13,13,4.612987441670469,0.1548511413230365,0.09457923832810175,0,0,0,nan,231,1569,231,0.8716666666666667
IMG_0100|r1|n30|b600|BDA-EHHO-VC-Calibrated,IMG_0100,97033.jpg,1,BDA-EHHO-VC-Calibrated,4,30,600,404834256,4.612547119715564,3,98,144,600,True,11.877072700008284,10,10,4.612547119715564,nan,nan,0,136,164,0.4533333333333333,494,1309,494,0.726012201885746
IMG_0100|r2|n30|b600|EHHO-VC,IMG_0100,97033.jpg,2,EHHO-VC,1,30,600,2076804871,4.614928131794794,21,3,58,600,True,6.575090900005307,13,13,4.614928131794794,0.2102573511952233,0.10497821138924758,0,0,0,nan,280,1520,280,0.8444444444444444
IMG_0100|r2|n30|b600|BEHHO-VC-Calibrated,IMG_0100,97033.jpg,2,BEHHO-VC-Calibrated,2,30,600,2076804871,4.615195115758136,185,3,13,600,True,13.372261800046545,20,20,4.615195115758136,0.9058425925925926,0.9124074074074073,0,0,0,nan,556,1247,556,0.6916250693288963
IMG_0100|r2|n30|b600|BDA-EHHO-VC-Calibrated,IMG_0100,97033.jpg,2,BDA-EHHO-VC-Calibrated,3,30,600,2076804871,4.6154730679449925,48,5,16,600,True,11.439259800012223,10,10,4.615838159812053,nan,nan,0,142,158,0.47333333333333333,481,1322,481,0.733222407099279
IMG_0100|r2|n30|b600|HHO-VC,IMG_0100,97033.jpg,2,HHO-VC,4,30,600,2076804871,4.614686640746731,25,3,75,600,True,6.511522100016009,11,11,4.614686640746731,nan,nan,0,0,0,nan,277,1523,277,0.8461111111111111
IMG_0100|r3|n30|b600|BDA-EHHO-VC-Calibrated,IMG_0100,97033.jpg,3,BDA-EHHO-VC-Calibrated,1,30,600,1888482944,4.611555853005835,68,41,4,600,True,11.208485500013921,10,10,4.611555853005835,nan,nan,0,129,171,0.43,472,1331,472,0.7382140876317249
IMG_0100|r3|n30|b600|BEHHO-VC-Calibrated,IMG_0100,97033.jpg,3,BEHHO-VC-Calibrated,2,30,600,1888482944,4.611053184341852,192,40,8,600,True,13.494511600001715,20,20,4.611053184341852,0.920675925925926,0.888888888888889,0,0,0,nan,563,1240,563,0.687742651136994
IMG_0100|r3|n30|b600|HHO-VC,IMG_0100,97033.jpg,3,HHO-VC,3,30,600,1888482944,4.6118730886237715,74,39,24,600,True,6.689015599957202,12,12,4.6118730886237715,nan,nan,0,0,0,nan,285,1515,285,0.8416666666666667
IMG_0100|r3|n30|b600|EHHO-VC,IMG_0100,97033.jpg,3,EHHO-VC,4,30,600,1888482944,4.611791326272395,119,63,39,600,True,7.869129200000316,14,14,4.611791326272395,0.22659964804848748,0.25010781939362786,0,0,0,nan,329,1471,329,0.8172222222222222
IMG_0100|r4|n30|b600|BEHHO-VC-Calibrated,IMG_0100,97033.jpg,4,BEHHO-VC-Calibrated,1,30,600,1622109666,4.6117116780802485,2,8,2,600,True,9.49260779999895,20,20,4.6117116780802485,0.7239537037037038,0.6557407407407406,7,0,0,nan,397,1406,397,0.7798114254021076
IMG_0100|r4|n30|b600|BDA-EHHO-VC-Calibrated,IMG_0100,97033.jpg,4,BDA-EHHO-VC-Calibrated,2,30,600,1622109666,4.6127971055833825,6,205,64,600,True,12.279466100037098,10,10,4.6127971055833825,nan,nan,0,151,149,0.5033333333333333,501,1302,501,0.7221297836938436
IMG_0100|r4|n30|b600|HHO-VC,IMG_0100,97033.jpg,4,HHO-VC,3,30,600,1622109666,4.6121883379821185,2,186,21,600,True,6.586977300001308,12,12,4.6121883379821185,nan,nan,0,0,0,nan,276,1524,276,0.8466666666666667
IMG_0100|r4|n30|b600|EHHO-VC,IMG_0100,97033.jpg,4,EHHO-VC,4,30,600,1622109666,4.612153117471249,2,181,21,600,True,7.040395000018179,13,13,4.612153117471249,0.3019442498722992,0.31335441841367223,0,0,0,nan,287,1513,287,0.8405555555555555
IMG_0100|r5|n30|b600|HHO-VC,IMG_0100,97033.jpg,5,HHO-VC,1,30,600,1137471933,4.617588641412156,4,8,4,600,True,6.436896200000774,11,11,4.617588641412156,nan,nan,0,0,0,nan,265,1535,265,0.8527777777777777
IMG_0100|r5|n30|b600|EHHO-VC,IMG_0100,97033.jpg,5,EHHO-VC,2,30,600,1137471933,4.617588641412156,4,8,4,600,True,6.972204599995166,13,13,4.617588641412156,0.20499024081206263,0.010038907138219958,3,0,0,nan,282,1518,282,0.8433333333333334
IMG_0100|r5|n30|b600|BDA-EHHO-VC-Calibrated,IMG_0100,97033.jpg,5,BDA-EHHO-VC-Calibrated,3,30,600,1137471933,4.617821184623902,8,124,32,600,True,12.121119000017643,10,10,4.617821184623902,nan,nan,0,143,157,0.4766666666666667,493,1310,493,0.7265668330560178
IMG_0100|r5|n30|b600|BEHHO-VC-Calibrated,IMG_0100,97033.jpg,5,BEHHO-VC-Calibrated,4,30,600,1137471933,4.617982797710542,4,226,98,600,True,12.75583809998352,20,20,4.617982797710542,0.8803703703703702,0.822962962962963,0,0,0,nan,515,1288,515,0.7143649473100389
