experiment_id,run_index,algorithm,set_size,hypervolume,igd,epsilon_additive,mean_nn_distance,reference_front_size
IMG_0001,1,HHO-VC,1,0.15925032478278442,0.6125928164469974,0.7566073980681762,0.0,53
IMG_0001,1,EHHO-VC,1,0.2519868923385833,0.5386304949265353,0.6395759717313334,0.0,53
IMG_0001,1,BEHHO-VC-Calibrated,1,0.1187747817361429,0.5894420442822065,0.7922466825987627,0.0,53
IMG_0001,1,BDA-EHHO-VC-Calibrated,1,0.22635463791433014,0.4864511127413515,0.611307420494635,0.0,53
IMG_0001,1,MO-BDA-EHHO-VC,50,0.8895094145496049,0.006338234839146145,0.06768558951965073,0.15602809412242347,53
IMG_0001,2,HHO-VC,1,0.15879099280220524,0.6761827943514781,0.8169291338582677,0.0,50
IMG_0001,2,EHHO-VC,1,0.14245617518645978,0.647432541697204,0.8110236220472441,0.0,50
IMG_0001,2,BEHHO-VC-Calibrated,1,0.14296112082791754,0.6210718377951236,0.7775590551181101,0.0,50
IMG_0001,2,BDA-EHHO-VC-Calibrated,1,0.2140516523459553,0.5881182406310494,0.7185039370078741,0.0,50
IMG_0001,2,MO-BDA-EHHO-VC,49,1.0230606309802004,0.0012443388128251308,0.01874214885305782,0.12049225134423337,50
IMG_0001,3,HHO-VC,1,0.010193335384549375,1.2095526501975684,0.9629057187015467,0.0,43
IMG_0001,3,EHHO-VC,1,0.010193335384549375,1.2095526501975684,0.9629057187015467,0.0,43
IMG_0001,3,BEHHO-VC-Calibrated,1,0.003284638864227249,1.2401162208241805,1.0,0.0,43
IMG_0001,3,BDA-EHHO-VC-Calibrated,1,0.005290983000608453,1.1764164801737411,1.0,0.0,43
IMG_0001,3,MO-BDA-EHHO-VC,43,0.9990052613579314,0.0,0.0,0.13800214839233804,43
IMG_0001,4,HHO-VC,1,0.2727893914186699,0.46927555162958146,0.6195652173911895,0.0,62
IMG_0001,4,EHHO-VC,1,0.14513041112858105,0.6039878252847237,0.779951100244499,0.0,62
IMG_0001,4,BEHHO-VC-Calibrated,1,0.06143134706745848,0.7877716595191916,1.0,0.0,62
IMG_0001,4,BDA-EHHO-VC-Calibrated,1,0.2516038434241424,0.44317520209447747,0.5232273838630807,0.0,62
IMG_0001,4,MO-BDA-EHHO-VC,61,0.9280929107432941,0.0024943456571191697,0.04156479217603909,0.12130694856318625,62
IMG_0001,5,HHO-VC,1,0.05845279447074798,0.6393957245459277,0.8973509933774834,0.0,43
IMG_0001,5,EHHO-VC,1,0.2213981304330995,0.47963617546269244,0.6217598752963531,0.0,43
IMG_0001,5,BEHHO-VC-Calibrated,1,0.0519121607775444,0.6506559757261494,0.9167867724824307,0.0,43
IMG_0001,5,BDA-EHHO-VC-Calibrated,1,0.03423246576968007,0.6916684194913632,1.0,0.0,43
IMG_0001,5,MO-BDA-EHHO-VC,43,1.015638419829636,0.0,0.0,0.17319618015802704,43
IMG_0002,1,HHO-VC,1,0.04439893469402697,0.7717768921474861,0.9686192900835721,0.0,17
IMG_0002,1,EHHO-VC,1,0.04439893469402697,0.7717768921474861,0.9686192900835721,0.0,17
IMG_0002,1,BEHHO-VC-Calibrated,1,0.0030732071947603586,1.0143920024927902,1.0,0.0,17
IMG_0002,1,BDA-EHHO-VC-Calibrated,1,0.017897358120135456,0.8582114358181155,0.8461231707164814,0.0,17
IMG_0002,1,MO-BDA-EHHO-VC,17,1.044230454353522,0.0,0.0,0.34237049058231167,17
IMG_0002,2,HHO-VC,1,0.028947684313052495,0.8718169308292999,1.0,0.0,34
IMG_0002,2,EHHO-VC,1,0.028947684313052495,0.8718169308292999,1.0,0.0,34
IMG_0002,2,BEHHO-VC-Calibrated,1,0.04128843612621881,0.8538515754166772,0.905815397883776,0.0,34
IMG_0002,2,BDA-EHHO-VC-Calibrated,1,0.11061946077712859,0.7934220290247161,0.7751583998401254,0.0,34
IMG_0002,2,MO-BDA-EHHO-VC,31,1.0430784198560266,0.05127658740935518,0.038888888888888806,0.17585281971208128,34
IMG_0002,3,HHO-VC,1,0.12403842904571115,0.6958573011002449,0.7343532684283332,0.0,27
IMG_0002,3,EHHO-VC,1,0.18661630620422265,0.7347984440001147,0.6717663421418267,0.0,27
IMG_0002,3,BEHHO-VC-Calibrated,1,0.09373141781910356,0.8059654261757323,0.9295774647887324,0.0,27
IMG_0002,3,BDA-EHHO-VC-Calibrated,1,0.25819187429798024,0.5849271695152178,0.5661971830985916,0.0,27
IMG_0002,3,MO-BDA-EHHO-VC,24,0.8064647297557298,0.04515219792044884,0.10355455658400645,0.19551279749269504,27
IMG_0002,4,HHO-VC,1,0.37969550957284093,0.5240572347292032,0.5807860262009092,0.0,40
IMG_0002,4,EHHO-VC,1,0.4849190779804744,0.5464654707509325,0.5116116537465266,0.0,40
IMG_0002,4,BEHHO-VC-Calibrated,1,0.10080599647325256,0.7121719179504848,0.8193829251082246,0.0,40
IMG_0002,4,BDA-EHHO-VC-Calibrated,1,0.17248994651237118,0.638870488676295,0.8624454148472345,0.0,40
IMG_0002,4,MO-BDA-EHHO-VC,40,1.0889783095985857,0.005892668884515999,0.03349282296650722,0.1610949139750974,40
IMG_0002,5,HHO-VC,1,0.1469627335500045,0.7929873012741521,0.6514718837473333,0.0,48
IMG_0002,5,EHHO-VC,1,0.1469627335500045,0.7929873012741521,0.6514718837473333,0.0,48
IMG_0002,5,BEHHO-VC-Calibrated,1,0.1469627335500045,0.7929873012741521,0.6514718837473333,0.0,48
IMG_0002,5,BDA-EHHO-VC-Calibrated,1,0.03543351079321155,0.7315939422345532,0.948412698412508,0.0,48
IMG_0002,5,MO-BDA-EHHO-VC,45,1.0660811194582587,0.01922509958799351,0.0015847860538827745,0.1395684243251808,48
IMG_0003,1,HHO-VC,1,0.22769555392242347,0.6026706319974018,0.642440708071829,0.0,47
IMG_0003,1,EHHO-VC,1,0.04770349207410892,0.7954047964787794,0.9498705154127041,0.0,47
IMG_0003,1,BEHHO-VC-Calibrated,1,0.28290560398243525,0.5656508757583993,0.5970344748998149,0.0,47
IMG_0003,1,BDA-EHHO-VC-Calibrated,1,0.1930131929381184,0.6184030550943476,0.6461711060544525,0.0,47
IMG_0003,1,MO-BDA-EHHO-VC,45,0.9430862307554979,0.00560319667301252,0.033478893740946813,0.16375687915752654,47
IMG_0003,2,HHO-VC,1,0.11864764584211948,0.5585940455686289,0.7907542579076112,0.0,26
IMG_0003,2,EHHO-VC,1,0.1662605377831961,0.5259320425018505,0.6228710462285814,0.0,26
IMG_0003,2,BEHHO-VC-Calibrated,1,0.13702637136612575,0.5673329090268526,0.6114206944680758,0.0,26
IMG_0003,2,BDA-EHHO-VC-Calibrated,1,0.04080089784436914,0.6596839310930174,1.0,0.0,26
IMG_0003,2,MO-BDA-EHHO-VC,26,1.152211092232905,0.0,0.0,0.2110522222805315,26
IMG_0003,3,HHO-VC,1,0.012912377817175044,1.2147341039030233,1.0,0.0,36
IMG_0003,3,EHHO-VC,1,0.10907325199051482,0.7755208776061483,0.8407729057579577,0.0,36
IMG_0003,3,BEHHO-VC-Calibrated,1,0.03042744542625896,1.0001269110763948,1.0,0.0,36
IMG_0003,3,BDA-EHHO-VC-Calibrated,1,0.13255648769571,0.7481941372201814,0.7280435294166697,0.0,36
IMG_0003,3,MO-BDA-EHHO-VC,32,0.8429099344241576,0.041076682043219306,0.19843342036549227,0.18411873631678746,36
IMG_0003,4,HHO-VC,1,0.03333472381313305,0.8999265467561139,0.9620462046204621,0.0,32
IMG_0003,4,EHHO-VC,1,0.03219946386095373,0.9049623412347021,0.9603960396039604,0.0,32
IMG_0003,4,BEHHO-VC-Calibrated,1,0.11273400701409321,0.7681549435281305,0.7079207920792079,0.0,32
IMG_0003,4,BDA-EHHO-VC-Calibrated,1,0.030243551544838022,0.924584725284094,1.0,0.0,32
IMG_0003,4,MO-BDA-EHHO-VC,32,1.2414245853412467,0.0,0.0,0.1983255088808185,32
IMG_0003,5,HHO-VC,1,0.1018833957673678,0.7080875821645881,0.764430577223152,0.0,31
IMG_0003,5,EHHO-VC,1,0.4608666961863189,0.56707704787568,0.434737688517428,0.0,31
IMG_0003,5,BEHHO-VC-Calibrated,1,0.07994543363602287,0.8442525326016895,0.8922521171869059,0.0,31
IMG_0003,5,BDA-EHHO-VC-Calibrated,1,0.08225687541972823,0.715961992629961,0.844875453818964,0.0,31
IMG_0003,5,MO-BDA-EHHO-VC,29,0.8815556701885829,0.024968717924025427,0.13988095238095227,0.18236398372339638,31
IMG_0004,1,HHO-VC,1,0.05356974449701996,1.102311913773636,0.8661971830985917,0.0,37
IMG_0004,1,EHHO-VC,1,0.036651098069473184,1.1128762361470077,0.89906103286385,0.0,37
IMG_0004,1,BEHHO-VC-Calibrated,1,0.024480289730411626,0.961403927116543,1.0,0.0,37
IMG_0004,1,BDA-EHHO-VC-Calibrated,1,0.0212132609815119,0.7069748330436464,1.0,0.0,37
IMG_0004,1,MO-BDA-EHHO-VC,36,0.9299173837886939,0.014301101569481561,0.08372465725695126,0.1468043659993155,37
IMG_0004,2,HHO-VC,1,0.008961720588525469,0.9028487018806322,0.9898218829516893,0.0,33
IMG_0004,2,EHHO-VC,1,0.013508611959724736,0.8735075838377463,0.9389312977100371,0.0,33
IMG_0004,2,BEHHO-VC-Calibrated,1,0.07669931450916678,0.6491442116595965,0.9440203562342048,0.0,33
IMG_0004,2,BDA-EHHO-VC-Calibrated,1,0.005723597714298513,0.9912151488629154,1.0,0.0,33
IMG_0004,2,MO-BDA-EHHO-VC,33,0.8833497879967142,0.0,0.0,0.2217729822540025,33
IMG_0004,3,HHO-VC,1,0.015502778865198576,1.1095397025723872,1.0,0.0,40
IMG_0004,3,EHHO-VC,1,0.019898487809093365,1.0990638612789576,0.9970674486803518,0.0,40
IMG_0004,3,BEHHO-VC-Calibrated,1,0.12708118741238347,0.5640679178388531,0.6279523665035002,0.0,40
IMG_0004,3,BDA-EHHO-VC-Calibrated,1,0.058979134067465924,0.7790957296925296,0.7834522411349507,0.0,40
IMG_0004,3,MO-BDA-EHHO-VC,40,0.9889537566928462,0.0,0.0,0.1482881880187294,40
IMG_0004,4,HHO-VC,1,0.003860395472508645,1.0719187770653384,1.0,0.0,35
IMG_0004,4,EHHO-VC,1,0.003860395472508645,1.0719187770653384,1.0,0.0,35
IMG_0004,4,BEHHO-VC-Calibrated,1,0.012701886584415106,0.9294155093951361,0.9574468085107043,0.0,35
IMG_0004,4,BDA-EHHO-VC-Calibrated,1,0.1670419471042378,0.4876932889983416,0.5921570406453351,0.0,35
IMG_0004,4,MO-BDA-EHHO-VC,33,0.7635873426386721,0.041834973505415304,0.01818181818181827,0.19660230480048288,35
IMG_0004,5,HHO-VC,1,0.0062341335207779375,1.0585789599674165,1.0,0.0,39
IMG_0004,5,EHHO-VC,1,0.0062341335207779375,1.0585789599674165,1.0,0.0,39
IMG_0004,5,BEHHO-VC-Calibrated,1,0.0062341335207779375,1.0585789599674165,1.0,0.0,39
IMG_0004,5,BDA-EHHO-VC-Calibrated,1,0.07190793946816049,0.7504874027295388,0.7265077138849656,0.0,39
IMG_0004,5,MO-BDA-EHHO-VC,36,1.0453266918488384,0.02503038463761369,0.04120879120879121,0.13280953979142157,39
IMG_0005,1,HHO-VC,1,0.010932692116561183,0.9624472317038438,1.0,0.0,22
IMG_0005,1,EHHO-VC,1,0.009736282718634212,0.9721328242273074,0.9939879759519038,0.0,22
IMG_0005,1,BEHHO-VC-Calibrated,1,0.06981155503598117,0.6898956097854364,0.770925068714982,0.0,22
IMG_0005,1,BDA-EHHO-VC-Calibrated,1,0.0574246548405422,0.7015391595464829,0.7795355001792693,0.0,22
IMG_0005,1,MO-BDA-EHHO-VC,22,0.9156963363050009,0.0,0.0,0.2120811250241865,22
IMG_0005,2,HHO-VC,1,0.003889270577310205,1.1369837107036807,0.9914163090128756,0.0,16
IMG_0005,2,EHHO-VC,1,0.003889270577310205,1.1369837107036807,0.9914163090128756,0.0,16
IMG_0005,2,BEHHO-VC-Calibrated,1,0.01234967287732308,0.9190283424268036,1.0,0.0,16
IMG_0005,2,BDA-EHHO-VC-Calibrated,1,0.024840503497141665,0.8452257485649888,0.9045050189123273,0.0,16
IMG_0005,2,MO-BDA-EHHO-VC,16,1.055334602177048,0.0,0.0,0.25195356852174944,16
IMG_0005,3,HHO-VC,1,0.24387806301431453,0.8393617221619603,0.7077475484833569,0.0,17
IMG_0005,3,EHHO-VC,1,0.03894111244946886,0.7976004674207352,0.8709677419351289,0.0,17
IMG_0005,3,BEHHO-VC-Calibrated,1,0.013899686873183752,0.9055578325265752,0.9193548387092272,0.0,17
IMG_0005,3,BDA-EHHO-VC-Calibrated,1,0.01220734936386029,0.8866118723576871,1.0,0.0,17
IMG_0005,3,MO-BDA-EHHO-VC,17,0.9291149289122985,0.021593992121167194,0.26696832579185537,0.3227534817753702,17
IMG_0005,4,HHO-VC,1,0.26047410689303957,0.5132083177310783,0.5938375350141482,0.0,17
IMG_0005,4,EHHO-VC,1,0.26047410689303957,0.5132083177310783,0.5938375350141482,0.0,17
IMG_0005,4,BEHHO-VC-Calibrated,1,0.20192148449625555,0.5385055034763597,0.5210084033616026,0.0,17
IMG_0005,4,BDA-EHHO-VC-Calibrated,1,0.24324988249381896,0.6143619468121623,0.6918767507004385,0.0,17
IMG_0005,4,MO-BDA-EHHO-VC,16,0.7697400496023379,0.03786149942743829,0.07187500000000002,0.2493410496524531,17
IMG_0005,5,HHO-VC,1,0.16081791808600648,0.505257933880275,0.6072961373390134,0.0,16
IMG_0005,5,EHHO-VC,1,0.27655145713126417,0.5770078908786398,0.5815217391304349,0.0,16
IMG_0005,5,BEHHO-VC-Calibrated,1,0.46264687290093015,0.7821209189304476,0.532608695652174,0.0,16
IMG_0005,5,BDA-EHHO-VC-Calibrated,1,0.12699070428438725,0.6096959971134108,0.7092391304347827,0.0,16
IMG_0005,5,MO-BDA-EHHO-VC,16,0.6313587352338739,0.06394022824698636,0.4399141630900908,0.2594399824267306,16
IMG_0006,1,HHO-VC,1,0.029334211495673296,0.875691630561209,0.9007936507936508,0.0,20
IMG_0006,1,EHHO-VC,1,0.021294820438796016,0.9520132607085813,1.0,0.0,20
IMG_0006,1,BEHHO-VC-Calibrated,1,0.02489887068135436,0.8141178875976746,1.0,0.0,20
IMG_0006,1,BDA-EHHO-VC-Calibrated,1,0.040589383914952724,0.835737763615725,0.8244575936884985,0.0,20
IMG_0006,1,MO-BDA-EHHO-VC,20,0.8694667096464944,0.0,0.0,0.27249451373283506,20
IMG_0006,2,HHO-VC,1,0.15682219744744622,0.8412307553433328,0.9172772789901543,0.0,49
IMG_0006,2,EHHO-VC,1,0.15682219744744622,0.8412307553433328,0.9172772789901543,0.0,49
IMG_0006,2,BEHHO-VC-Calibrated,1,0.23566808141892576,0.6753756738883205,0.7527386061619784,0.0,49
IMG_0006,2,BDA-EHHO-VC-Calibrated,1,0.15923710682277753,0.7221799302519778,0.8359652801612668,0.0,49
IMG_0006,2,MO-BDA-EHHO-VC,45,0.6921857904820266,0.025978694066172224,0.27718434066311953,0.17934543687077245,49
IMG_0006,3,HHO-VC,1,0.16754727413927908,0.6464216522867064,0.8494318181818653,0.0,15
IMG_0006,3,EHHO-VC,1,0.16754727413927908,0.6464216522867064,0.8494318181818653,0.0,15
IMG_0006,3,BEHHO-VC-Calibrated,1,0.06691310158177702,0.7133317560326426,0.846590909091151,0.0,15
IMG_0006,3,BDA-EHHO-VC-Calibrated,1,0.3376108444485784,0.5612449265260485,0.5750008069934607,0.0,15
IMG_0006,3,MO-BDA-EHHO-VC,14,0.9305284886594762,0.012534563435564056,0.0005622315016879931,0.3429288244444511,15
IMG_0006,4,HHO-VC,1,0.26974899021862825,0.6938603608694112,0.7397656898192384,0.0,31
IMG_0006,4,EHHO-VC,1,0.26974899021862825,0.6938603608694112,0.7397656898192384,0.0,31
IMG_0006,4,BEHHO-VC-Calibrated,1,0.3596620782403745,0.5447575092088168,0.5620745361962848,0.0,31
IMG_0006,4,BDA-EHHO-VC-Calibrated,1,0.14974058792685171,0.516820173327608,0.670965783387443,0.0,31
IMG_0006,4,MO-BDA-EHHO-VC,31,0.7410338003944281,0.02081187314913531,0.23250329907765704,0.1869018920202657,31
IMG_0006,5,HHO-VC,1,0.3752242007700162,0.5692077467991752,0.426646549088366,0.0,18
IMG_0006,5,EHHO-VC,1,0.014084598385636353,1.0558483639849865,1.0,0.0,18
IMG_0006,5,BEHHO-VC-Calibrated,1,0.13986848248395045,0.8202592049447056,0.787878787878788,0.0,18
IMG_0006,5,BDA-EHHO-VC-Calibrated,1,0.11380053396869175,0.758154291734489,0.7111111111111111,0.0,18
IMG_0006,5,MO-BDA-EHHO-VC,17,1.136142435886846,0.03287091400901017,0.059620596205865795,0.19873526492457147,18
IMG_0007,1,HHO-VC,1,0.004188345785033697,1.208121955530439,1.0,0.0,21
IMG_0007,1,EHHO-VC,1,0.22422543711714166,0.5868108212181055,0.6053215077605322,0.0,21
IMG_0007,1,BEHHO-VC-Calibrated,1,0.10894568892162239,0.7367393459034054,0.7405764966740578,0.0,21
IMG_0007,1,BDA-EHHO-VC-Calibrated,1,0.1389163766267279,0.6826685222739144,0.6917960088691797,0.0,21
IMG_0007,1,MO-BDA-EHHO-VC,21,1.2097057950828258,0.0,0.0,0.18950127909541267,21
IMG_0007,2,HHO-VC,1,0.0006414219704079737,1.3599102407119739,1.0,0.0,30
IMG_0007,2,EHHO-VC,1,0.0006414219704079737,1.3599102407119739,1.0,0.0,30
IMG_0007,2,BEHHO-VC-Calibrated,1,0.0024448872701515593,1.1718376038688312,1.0,0.0,30
IMG_0007,2,BDA-EHHO-VC-Calibrated,1,0.005974045979146146,1.1310835651369062,0.8849557522123894,0.0,30
IMG_0007,2,MO-BDA-EHHO-VC,30,1.0959836957630391,0.0,0.0,0.16833057802775628,30
IMG_0007,3,HHO-VC,1,0.003777108420308629,1.1834495231453521,1.0,0.0,27
IMG_0007,3,EHHO-VC,1,0.003823324388373521,1.1697470162156287,0.9948717948717949,0.0,27
IMG_0007,3,BEHHO-VC-Calibrated,1,0.008114062773792596,1.0462741512851734,1.0,0.0,27
IMG_0007,3,BDA-EHHO-VC-Calibrated,1,0.013364608484657868,0.9410048975210229,0.9918367346938872,0.0,27
IMG_0007,3,MO-BDA-EHHO-VC,27,0.9919958442232923,0.0,0.0,0.18925727886393226,27
IMG_0007,4,HHO-VC,1,0.17355953953130113,0.7416928129612027,0.6622691292874173,0.0,18
IMG_0007,4,EHHO-VC,1,0.008027188667599577,1.0595251490990405,1.0,0.0,18
IMG_0007,4,BEHHO-VC-Calibrated,1,0.08930013916821165,0.8312101537294566,0.7127021416089666,0.0,18
IMG_0007,4,BDA-EHHO-VC-Calibrated,1,0.07819824354431339,0.7994615394969246,0.9313984168866458,0.0,18
IMG_0007,4,MO-BDA-EHHO-VC,18,1.1973943822186135,0.0,0.0,0.3160448608740832,18
IMG_0007,5,HHO-VC,1,0.1137716077982791,0.5876681107095445,0.7110760682243658,0.0,25
IMG_0007,5,EHHO-VC,1,0.07575667412469884,0.7107794434578856,0.9088683978056611,0.0,25
IMG_0007,5,BEHHO-VC-Calibrated,1,0.17397732314095093,0.6533765823259869,0.6138625213811768,0.0,25
IMG_0007,5,BDA-EHHO-VC-Calibrated,1,0.039764811683327066,0.6384272337946594,1.0,0.0,25
IMG_0007,5,MO-BDA-EHHO-VC,23,0.6568765497870886,0.02271965656576671,0.10000000000000007,0.27088294310707933,25
IMG_0008,1,HHO-VC,1,0.13052510897054936,0.5910021911962103,0.6815286624203822,0.0,29
IMG_0008,1,EHHO-VC,1,0.15895594900168314,0.5895020129545646,0.6496815286624205,0.0,29
IMG_0008,1,BEHHO-VC-Calibrated,1,0.05175658364171608,0.744168326308796,0.8510904163606049,0.0,29
IMG_0008,1,BDA-EHHO-VC-Calibrated,1,0.03415018301591868,1.060539082196862,1.0,0.0,29
IMG_0008,1,MO-BDA-EHHO-VC,28,0.5809470343685242,0.01954311616835976,0.3162201065481812,0.19427384043203458,29
IMG_0008,2,HHO-VC,1,0.12979757131085237,0.6708971033575485,0.7971473851029043,0.0,17
IMG_0008,2,EHHO-VC,1,0.0003179904198846955,1.400812273107239,1.0,0.0,17
IMG_0008,2,BEHHO-VC-Calibrated,1,0.2993233179954772,0.431167440732583,0.5863708399365108,0.0,17
IMG_0008,2,BDA-EHHO-VC-Calibrated,1,0.22367013262719185,0.48630212206258583,0.6164817749603403,0.0,17
IMG_0008,2,MO-BDA-EHHO-VC,17,1.1932929261102174,0.0,0.0,0.23431803854250188,17
IMG_0008,3,HHO-VC,1,0.012198903849973904,1.0029952600146412,0.9314159292035397,0.0,19
IMG_0008,3,EHHO-VC,1,0.28756806203856894,0.5634890265189988,0.7392241379310533,0.0,19
IMG_0008,3,BEHHO-VC-Calibrated,1,0.03158703333140882,0.8357095509799093,1.0,0.0,19
IMG_0008,3,BDA-EHHO-VC-Calibrated,1,0.02006637410133899,1.0448732172811812,0.9247787610619468,0.0,19
IMG_0008,3,MO-BDA-EHHO-VC,18,1.0340696559461586,0.01735044509223971,0.10775862068976794,0.2694796816001389,19
IMG_0008,4,HHO-VC,1,0.20755291020682395,0.5045150252879845,0.5495283722131263,0.0,17
IMG_0008,4,EHHO-VC,1,0.20755291020682395,0.5045150252879845,0.5495283722131263,0.0,17
IMG_0008,4,BEHHO-VC-Calibrated,1,0.0019622929706961936,1.1702448176369724,1.0,0.0,17
IMG_0008,4,BDA-EHHO-VC-Calibrated,1,0.009595206274859597,0.7396939556818651,1.0,0.0,17
IMG_0008,4,MO-BDA-EHHO-VC,15,0.5987081134313282,0.022655328058521235,0.11860465116277519,0.27074312546787976,17
IMG_0008,5,HHO-VC,1,0.046799823184952974,0.6821850540897587,0.9267676767676216,0.0,29
IMG_0008,5,EHHO-VC,1,0.10529550835471398,0.6261919441583786,0.8838383838382359,0.0,29
IMG_0008,5,BEHHO-VC-Calibrated,1,0.05731958430692313,0.6306506486743435,0.8888888888887346,0.0,29
IMG_0008,5,BDA-EHHO-VC-Calibrated,1,0.10757625555070703,0.6158776132423838,0.5984848484846896,0.0,29
IMG_0008,5,MO-BDA-EHHO-VC,28,0.8040196713043076,0.005759171103494704,0.0450606585788562,0.19330866294009746,29
IMG_0009,1,HHO-VC,1,0.11032858071118729,0.5544382538434559,0.8750000000000383,0.0,15
IMG_0009,1,EHHO-VC,1,0.11032858071118729,0.5544382538434559,0.8750000000000383,0.0,15
IMG_0009,1,BEHHO-VC-Calibrated,1,0.20549695993615408,0.6785533853678554,0.881355932203565,0.0,15
IMG_0009,1,BDA-EHHO-VC-Calibrated,1,0.009422988585614231,0.9552145656846439,1.0,0.0,15
IMG_0009,1,MO-BDA-EHHO-VC,12,0.7025970223594389,0.023820929870768597,0.1918077227800117,0.3436079808858472,15
IMG_0009,2,HHO-VC,1,0.37168821763403015,0.5987143290129062,0.7618449982872124,0.0,8
IMG_0009,2,EHHO-VC,1,0.37168821763403015,0.5987143290129062,0.7618449982872124,0.0,8
IMG_0009,2,BEHHO-VC-Calibrated,1,0.05144695248356149,0.7544728946471215,0.7893982808023258,0.0,8
IMG_0009,2,BDA-EHHO-VC-Calibrated,1,0.00011319986930684175,1.4105516316911346,1.0,0.0,8
IMG_0009,2,MO-BDA-EHHO-VC,6,0.6419513675977999,0.07318128733008618,0.16332378223490535,0.5526240973147692,8
IMG_0009,3,HHO-VC,1,0.16503430473844355,0.751139468841968,0.8888888888887841,0.0,7
IMG_0009,3,EHHO-VC,1,0.16503430473844355,0.751139468841968,0.8888888888887841,0.0,7
IMG_0009,3,BEHHO-VC-Calibrated,1,0.062168635013399136,0.7823918833875455,1.0,0.0,7
IMG_0009,3,BDA-EHHO-VC-Calibrated,1,0.029070015514388852,0.8276740921208912,1.0,0.0,7
IMG_0009,3,MO-BDA-EHHO-VC,6,0.24612951505319863,0.12238893666509489,0.15081615745357443,0.6256294174116511,7
IMG_0009,4,HHO-VC,1,0.031150276287055995,0.7240126027738569,0.91527777777764,0.0,16
IMG_0009,4,EHHO-VC,1,0.22097144583481498,0.544701832911922,0.6388888888889406,0.0,16
IMG_0009,4,BEHHO-VC-Calibrated,1,0.05081708837935271,0.7168303128742697,0.8513888888888558,0.0,16
IMG_0009,4,BDA-EHHO-VC-Calibrated,1,0.014302614101788978,0.9676291430995969,1.0,0.0,16
IMG_0009,4,MO-BDA-EHHO-VC,14,0.7202422747839731,0.04830979348575092,0.07076923076923082,0.22243804031579192,16
IMG_0009,5,HHO-VC,1,0.30773750402847366,0.6764057516545319,0.6602688238707864,0.0,16
IMG_0009,5,EHHO-VC,1,0.00775719457326985,0.926218776726048,1.0,0.0,16
IMG_0009,5,BEHHO-VC-Calibrated,1,0.0012419891514753572,1.108381003929419,1.0,0.0,16
IMG_0009,5,BDA-EHHO-VC-Calibrated,1,0.009649442686913617,0.9703380896622913,0.9531249999999997,0.0,16
IMG_0009,5,MO-BDA-EHHO-VC,14,0.6043430975391022,0.05375884225493119,0.06196540169476426,0.3365397411134314,16
IMG_0010,1,HHO-VC,1,0.03314752570662289,0.706174374198484,0.9060700061390268,0.0,30
IMG_0010,1,EHHO-VC,1,0.01888917693100532,0.7478612258957374,1.0,0.0,30
IMG_0010,1,BEHHO-VC-Calibrated,1,0.0726324937748637,0.6307148661909723,0.6915016878284828,0.0,30
IMG_0010,1,BDA-EHHO-VC-Calibrated,1,0.04524478311392171,0.7091385780259929,0.7642857142856121,0.0,30
IMG_0010,1,MO-BDA-EHHO-VC,30,0.8116034372001784,0.0,0.0,0.18580709544690915,30
IMG_0010,2,HHO-VC,1,0.0006045527988988921,1.1909878820078441,1.0,0.0,28
IMG_0010,2,EHHO-VC,1,0.0006045527988988921,1.1909878820078441,1.0,0.0,28
IMG_0010,2,BEHHO-VC-Calibrated,1,0.15609402547585868,0.6824110136340076,0.7138689725333047,0.0,28
IMG_0010,2,BDA-EHHO-VC-Calibrated,1,0.22124281241809624,0.4952465650909185,0.5244755244756055,0.0,28
IMG_0010,2,MO-BDA-EHHO-VC,27,0.9578925857982135,0.012848489270176637,0.020979020978979745,0.19775061438867644,28
IMG_0010,3,HHO-VC,1,0.29846065584509857,0.7215713543898103,0.5726648563623741,0.0,38
IMG_0010,3,EHHO-VC,1,0.16274086848866992,0.5614329163339714,0.7799326857670889,0.0,38
IMG_0010,3,BEHHO-VC-Calibrated,1,0.360348718097619,0.7517830550478352,0.5689810766347139,0.0,38
IMG_0010,3,BDA-EHHO-VC-Calibrated,1,0.10947195334294055,0.7452457467829777,0.7441004926446203,0.0,38
IMG_0010,3,MO-BDA-EHHO-VC,34,0.6697593336127529,0.02535726647772418,0.18965517241376056,0.1992355190299808,38
IMG_0010,4,HHO-VC,1,0.31897335324595155,0.4357616715584319,0.5121233092851806,0.0,35
IMG_0010,4,EHHO-VC,1,0.31897335324595155,0.4357616715584319,0.5121233092851806,0.0,35
IMG_0010,4,BEHHO-VC-Calibrated,1,0.20170842546708945,0.47691625602906934,0.7443644784050023,0.0,35
IMG_0010,4,BDA-EHHO-VC-Calibrated,1,0.02398302374340697,0.7385684057902623,1.0,0.0,35
IMG_0010,4,MO-BDA-EHHO-VC,33,0.9575185035437198,0.00588226833806412,0.03155747786455734,0.1473466347793733,35
IMG_0010,5,HHO-VC,1,0.012842555658399668,1.088928763690115,1.0,0.0,42
IMG_0010,5,EHHO-VC,1,0.01960467503714605,0.9596167392102048,1.0,0.0,42
IMG_0010,5,BEHHO-VC-Calibrated,1,0.0271374875582846,0.8664033083654947,0.8690243322583662,0.0,42
IMG_0010,5,BDA-EHHO-VC-Calibrated,1,0.049103489442979036,0.7948200222538837,0.7981481481481184,0.0,42
IMG_0010,5,MO-BDA-EHHO-VC,40,0.955188250086431,0.023709156451115147,0.08300395256917006,0.1328754239774057,42
IMG_0011,1,HHO-VC,1,0.4101330007645515,0.47886500339066523,0.40451671582394516,0.0,23
IMG_0011,1,EHHO-VC,1,0.5357795778590321,0.5656384522201459,0.4397769087827082,0.0,23
IMG_0011,1,BEHHO-VC-Calibrated,1,0.020971809812024456,0.9322725430095032,1.0,0.0,23
IMG_0011,1,BDA-EHHO-VC-Calibrated,1,0.11028593716166038,0.6122031865747537,0.6727586775884503,0.0,23
IMG_0011,1,MO-BDA-EHHO-VC,21,0.9757468999484746,0.018016264129162046,0.18062827225117734,0.2331937660212616,23
IMG_0011,2,HHO-VC,1,0.030750811435157597,0.8612438287763853,0.8973305954824341,0.0,40
IMG_0011,2,EHHO-VC,1,0.09793614845233067,0.5468141418807896,0.7262975040332755,0.0,40
IMG_0011,2,BEHHO-VC-Calibrated,1,0.054491016114067974,0.9519437437487397,0.9000545280695973,0.0,40
IMG_0011,2,BDA-EHHO-VC-Calibrated,1,0.046823166631405275,0.6698997550974755,0.8594589946415458,0.0,40
IMG_0011,2,MO-BDA-EHHO-VC,38,0.8629175659306808,0.011648702461560394,0.05249343832020995,0.17057793995823456,40
IMG_0011,3,HHO-VC,1,0.21414844648645104,0.4487840413252899,0.6373052853210737,0.0,37
IMG_0011,3,EHHO-VC,1,0.21414844648645104,0.4487840413252899,0.6373052853210737,0.0,37
IMG_0011,3,BEHHO-VC-Calibrated,1,0.4361091169022029,0.7915871445224312,0.4325513196480939,0.0,37
IMG_0011,3,BDA-EHHO-VC-Calibrated,1,0.3972673474979085,0.7545110086345669,0.4017595307917889,0.0,37
IMG_0011,3,MO-BDA-EHHO-VC,33,0.763599611915928,0.035092962159947574,0.36472405475148556,0.18500710068168338,37
IMG_0011,4,HHO-VC,1,0.28124839367572263,0.5311747830217176,0.6095890410959743,0.0,21
IMG_0011,4,EHHO-VC,1,0.08825292999567995,0.6736820824456451,0.8801369863013117,0.0,21
IMG_0011,4,BEHHO-VC-Calibrated,1,0.007248961128584661,0.964940710891158,1.0,0.0,21
IMG_0011,4,BDA-EHHO-VC-Calibrated,1,0.3276689930029021,0.5157914106562421,0.5215600698832514,0.0,21
IMG_0011,4,MO-BDA-EHHO-VC,20,1.0489115079013485,0.003952427598516328,0.055374592833876135,0.28643397317043895,21
IMG_0011,5,HHO-VC,1,0.020203277343400078,0.820264558652356,0.938709677419355,0.0,21
IMG_0011,5,EHHO-VC,1,0.03956530408649785,0.7436270211540913,0.9161290322580644,0.0,21
IMG_0011,5,BEHHO-VC-Calibrated,1,0.08915319600903082,0.7334522721923917,0.7335164835166917,0.0,21
IMG_0011,5,BDA-EHHO-VC-Calibrated,1,0.012208026878207757,0.863948947006407,1.0,0.0,21
IMG_0011,5,MO-BDA-EHHO-VC,21,0.9231572153312458,0.0,0.0,0.22501781859008887,21
IMG_0012,1,HHO-VC,1,0.004369335074672351,1.0534641383446464,1.0,0.0,36
IMG_0012,1,EHHO-VC,1,0.004979368741035739,1.0440221128519833,0.9980879541108987,0.0,36
IMG_0012,1,BEHHO-VC-Calibrated,1,0.06142420354849079,0.6967722831877804,0.8536585365853571,0.0,36
IMG_0012,1,BDA-EHHO-VC-Calibrated,1,0.0733126306868296,0.6764027523115211,0.8348968105063266,0.0,36
IMG_0012,1,MO-BDA-EHHO-VC,36,1.001955533612008,0.0,0.0,0.16407553062294028,36
IMG_0012,2,HHO-VC,1,0.34616047674540873,0.5660891357589297,0.5170275531426083,0.0,25
IMG_0012,2,EHHO-VC,1,0.38000949521208804,0.6531098531566034,0.5039034836354995,0.0,25
IMG_0012,2,BEHHO-VC-Calibrated,1,0.28358122440918954,0.5238128221682024,0.5055711866635699,0.0,25
IMG_0012,2,BDA-EHHO-VC-Calibrated,1,0.11071831946328452,0.5603595402823016,0.5770020987043805,0.0,25
IMG_0012,2,MO-BDA-EHHO-VC,22,0.7570136305380986,0.0349150241294162,0.06620209059233464,0.23979893821452755,25
IMG_0012,3,HHO-VC,1,0.02443621104566553,0.9055238208010504,0.8571428571428571,0.0,31
IMG_0012,3,EHHO-VC,1,0.020769316362892483,0.9153804583715209,0.8598382749326144,0.0,31
IMG_0012,3,BEHHO-VC-Calibrated,1,0.018632406830417936,0.9415643985413858,1.0,0.0,31
IMG_0012,3,BDA-EHHO-VC-Calibrated,1,0.02837185750824109,0.877627634433,0.9433962264150944,0.0,31
IMG_0012,3,MO-BDA-EHHO-VC,31,0.7879672388439302,0.0,0.0,0.15669203858514363,31
IMG_0012,4,HHO-VC,1,0.11808429430807932,1.0173949217867595,0.7860696517412936,0.0,35
IMG_0012,4,EHHO-VC,1,0.08213616839034547,0.8009985381985559,0.7197346600331676,0.0,35
IMG_0012,4,BEHHO-VC-Calibrated,1,0.001996267804239245,1.319730443858205,1.0,0.0,35
IMG_0012,4,BDA-EHHO-VC-Calibrated,1,0.05997999326437248,0.9032327035395454,0.7844112769485905,0.0,35
IMG_0012,4,MO-BDA-EHHO-VC,33,0.744994801945024,0.013639586224367306,0.23889029753477667,0.13081460170821854,35
IMG_0012,5,HHO-VC,1,0.03286080544462253,0.847731145576756,0.8533903938491341,0.0,30
IMG_0012,5,EHHO-VC,1,0.03027453196925965,0.8592048202692738,0.868415197643519,0.0,30
IMG_0012,5,BEHHO-VC-Calibrated,1,0.009008459418138026,1.1098482546987916,1.0,0.0,30
IMG_0012,5,BDA-EHHO-VC-Calibrated,1,0.00538946395957878,1.1704228587292411,1.0,0.0,30
IMG_0012,5,MO-BDA-EHHO-VC,30,1.2089229842724762,0.0,0.0,0.19491109267906587,30
IMG_0013,1,HHO-VC,1,0.12659972735699343,0.4854032932834439,0.6625514403292181,0.0,82
IMG_0013,1,EHHO-VC,1,0.057938408089467645,0.5344617368697094,0.7900943396224888,0.0,82
IMG_0013,1,BEHHO-VC-Calibrated,1,0.01638072933766486,0.7075892785937677,1.0,0.0,82
IMG_0013,1,BDA-EHHO-VC-Calibrated,1,0.2749119090003468,0.577004320559528,0.5495283018867031,0.0,82
IMG_0013,1,MO-BDA-EHHO-VC,79,1.0254909470371936,0.0041033823023389066,0.08266113519133177,0.12221964856538624,82
IMG_0013,2,HHO-VC,1,0.17915896666204006,0.5763804783667267,0.8229426433916321,0.0,65
IMG_0013,2,EHHO-VC,1,0.17915896666204006,0.5763804783667267,0.8229426433916321,0.0,65
IMG_0013,2,BEHHO-VC-Calibrated,1,0.28511132918177373,0.542781269787194,0.6209476309229409,0.0,65
IMG_0013,2,BDA-EHHO-VC-Calibrated,1,0.1969410977917057,0.5034045899541633,0.5649494777849559,0.0,65
IMG_0013,2,MO-BDA-EHHO-VC,63,1.028689724626981,0.0038998849354910346,0.06346967559943581,0.12367756222759815,65
IMG_0013,3,HHO-VC,1,0.04741492272702497,0.9154711295630301,0.8398330866444871,0.0,80
IMG_0013,3,EHHO-VC,1,0.1655083678987519,0.7225437161781396,0.6560761844734003,0.0,80
IMG_0013,3,BEHHO-VC-Calibrated,1,0.1256548305476002,0.7064868451154227,0.6661722796067799,0.0,80
IMG_0013,3,BDA-EHHO-VC-Calibrated,1,0.15378405486335256,0.7215830119845815,0.6928719149930124,0.0,80
IMG_0013,3,MO-BDA-EHHO-VC,78,1.0567449697053224,0.005063713900902889,0.04098360655737704,0.11960522097935627,80
IMG_0013,4,HHO-VC,1,0.2539944432260338,0.5831896480790922,0.46440243957096616,0.0,70
IMG_0013,4,EHHO-VC,1,0.20562904359180068,0.6041951916114692,0.5408163265303976,0.0,70
IMG_0013,4,BEHHO-VC-Calibrated,1,0.4240330749302611,0.750657830901224,0.4610961402172056,0.0,70
IMG_0013,4,BDA-EHHO-VC-Calibrated,1,0.1615006738470395,0.698199345246295,0.691836734693704,0.0,70
IMG_0013,4,MO-BDA-EHHO-VC,68,0.8552399270473297,0.010097194285731137,0.12556181703077596,0.11649177250936085,70
IMG_0013,5,HHO-VC,1,0.07643025980956487,0.6136783611021268,0.8955843953334295,0.0,71
IMG_0013,5,EHHO-VC,1,0.1397009603101101,0.542481391014103,0.6916499354357208,0.0,71
IMG_0013,5,BEHHO-VC-Calibrated,1,0.11645643378466043,0.5550253276892937,0.724074949586336,0.0,71
IMG_0013,5,BDA-EHHO-VC-Calibrated,1,0.22309189101493962,0.6163825950213021,0.6367848115548519,0.0,71
IMG_0013,5,MO-BDA-EHHO-VC,68,0.8712105863471098,0.006697911369379801,0.06251832236744437,0.12921528419508507,71
IMG_0014,1,HHO-VC,1,0.2531871131061848,0.8923332374934237,0.7707270145198246,0.0,58
IMG_0014,1,EHHO-VC,1,0.2531871131061848,0.8923332374934237,0.7707270145198246,0.0,58
IMG_0014,1,BEHHO-VC-Calibrated,1,0.401806383185815,0.6815759050068171,0.42011834319526625,0.0,58
IMG_0014,1,BDA-EHHO-VC-Calibrated,1,0.21907264732041676,0.47605844432599287,0.6594169362498064,0.0,58
IMG_0014,1,MO-BDA-EHHO-VC,54,0.8371505063293512,0.01528705304977696,0.1600660066005187,0.15966268371255166,58
IMG_0014,2,HHO-VC,1,0.1048257070287828,0.6991806925277674,0.7292035398230089,0.0,40
IMG_0014,2,EHHO-VC,1,0.09684199773517195,0.7049782311781808,0.7433628318584072,0.0,40
IMG_0014,2,BEHHO-VC-Calibrated,1,0.1161298186193085,0.6696889778200358,0.6955752212389382,0.0,40
IMG_0014,2,BDA-EHHO-VC-Calibrated,1,0.027298759823429147,0.7762558854531827,1.0,0.0,40
IMG_0014,2,MO-BDA-EHHO-VC,40,0.9942638246010497,0.0,0.0,0.17828563602003986,40
IMG_0014,3,HHO-VC,1,0.05170299667437919,0.7262825403793197,0.770621990291991,0.0,61
IMG_0014,3,EHHO-VC,1,0.04733762691442961,0.742842711869309,0.8035714285715287,0.0,61
IMG_0014,3,BEHHO-VC-Calibrated,1,0.034310903627165615,0.7742872219992406,0.8341836734694362,0.0,61
IMG_0014,3,BDA-EHHO-VC-Calibrated,1,0.19215100486456108,0.47449531634998776,0.7205988893521972,0.0,61
IMG_0014,3,MO-BDA-EHHO-VC,61,0.9027326904890187,0.0,0.0,0.12932445465872625,61
IMG_0014,4,HHO-VC,1,0.020410212877054076,0.775287737815997,0.9208731241473397,0.0,61
IMG_0014,4,EHHO-VC,1,0.02994693458986219,0.7336965347940619,0.9045020463847203,0.0,61
IMG_0014,4,BEHHO-VC-Calibrated,1,0.0031885811480674405,0.9495305363138358,1.0,0.0,61
IMG_0014,4,BDA-EHHO-VC-Calibrated,1,0.1229366580699524,0.46868763503753735,0.7980178715348759,0.0,61
IMG_0014,4,MO-BDA-EHHO-VC,61,0.9500479488865093,0.0,0.0,0.14753358999787058,61
IMG_0014,5,HHO-VC,1,0.1033202431339686,0.5408746545708599,0.6525699460240335,0.0,63
IMG_0014,5,EHHO-VC,1,0.1033202431339686,0.5408746545708599,0.6525699460240335,0.0,63
IMG_0014,5,BEHHO-VC-Calibrated,1,0.06475549006662067,0.8812080869728962,0.881770211826363,0.0,63
IMG_0014,5,BDA-EHHO-VC-Calibrated,1,0.0964851707887414,0.5389783878932686,0.8019417475728154,0.0,63
IMG_0014,5,MO-BDA-EHHO-VC,63,0.8957517940080438,0.0,0.0,0.12501324589244628,63
IMG_0015,1,HHO-VC,1,0.005744296826038482,1.0252998629275722,1.0,0.0,19
IMG_0015,1,EHHO-VC,1,0.009966525824764375,0.9804560437006367,0.9832535885167465,0.0,19
IMG_0015,1,BEHHO-VC-Calibrated,1,0.012222846451097098,0.8656789989659895,0.9596977329975475,0.0,19
IMG_0015,1,BDA-EHHO-VC-Calibrated,1,0.01311806508847261,1.0274334773090334,1.0,0.0,19
IMG_0015,1,MO-BDA-EHHO-VC,19,0.8730233835351706,0.0,0.0,0.2624210000969655,19
IMG_0015,2,HHO-VC,1,0.006668590263778202,0.985982710048314,1.0,0.0,33
IMG_0015,2,EHHO-VC,1,0.006668590263778202,0.985982710048314,1.0,0.0,33
IMG_0015,2,BEHHO-VC-Calibrated,1,0.3337030022984042,0.49343602144575927,0.4967880085653863,0.0,33
IMG_0015,2,BDA-EHHO-VC-Calibrated,1,0.1554525365376537,0.6246964565253974,0.7384615384615386,0.0,33
IMG_0015,2,MO-BDA-EHHO-VC,33,0.9646299371495813,0.0,0.0,0.19991763029927348,33
IMG_0015,3,HHO-VC,1,0.00704364478597562,1.2012460612598073,1.0,0.0,25
IMG_0015,3,EHHO-VC,1,0.005830117791058948,1.2229342795672857,0.9984939759036144,0.0,25
IMG_0015,3,BEHHO-VC-Calibrated,1,0.003666396607209583,1.274875818923674,0.9570135746605476,0.0,25
IMG_0015,3,BDA-EHHO-VC-Calibrated,1,0.0017932597695945467,1.2981566802472315,1.0,0.0,25
IMG_0015,3,MO-BDA-EHHO-VC,25,1.3179650523199118,0.0,0.0,0.1841159692569617,25
IMG_0015,4,HHO-VC,1,0.0008326356510575496,1.327892556959676,1.0,0.0,21
IMG_0015,4,EHHO-VC,1,0.12442691862577565,0.6379696764401429,0.8026241385655721,0.0,21
IMG_0015,4,BEHHO-VC-Calibrated,1,0.02059153015055562,1.0062578924070953,0.807264522887892,0.0,21
IMG_0015,4,BDA-EHHO-VC-Calibrated,1,0.48555167105088726,0.5227896747871226,0.4701142663421127,0.0,21
IMG_0015,4,MO-BDA-EHHO-VC,20,1.019260157882544,0.027840544226442717,0.08532845261945093,0.23740472855454456,21
IMG_0015,5,HHO-VC,1,0.21510398991798155,0.47683215237825866,0.5417754569189887,0.0,39
IMG_0015,5,EHHO-VC,1,0.2865285458630826,0.501296142181814,0.519582245430687,0.0,39
IMG_0015,5,BEHHO-VC-Calibrated,1,0.010898616985461056,0.8513650335168907,1.0,0.0,39
IMG_0015,5,BDA-EHHO-VC-Calibrated,1,0.15729744825813177,0.6240183624874052,0.7911227154046794,0.0,39
IMG_0015,5,MO-BDA-EHHO-VC,38,0.7572158971016598,0.0033340493693675265,0.050686259921356336,0.13883369421824457,39
IMG_0016,1,HHO-VC,1,0.04224319791418118,0.7719893656936364,0.8497109826589595,0.0,43
IMG_0016,1,EHHO-VC,1,0.017322220934516405,0.8550275705590688,1.0,0.0,43
IMG_0016,1,BEHHO-VC-Calibrated,1,0.02158578112233075,0.8395653659145428,0.9956647398843929,0.0,43
IMG_0016,1,BDA-EHHO-VC-Calibrated,1,0.1530456428762449,0.5933727555804152,0.6647398843930636,0.0,43
IMG_0016,1,MO-BDA-EHHO-VC,42,0.932040250861667,0.0055791052613858114,0.07390991908715361,0.18036339484194247,43
IMG_0016,2,HHO-VC,1,0.2498731896274075,0.5649431391970577,0.5613207547169826,0.0,55
IMG_0016,2,EHHO-VC,1,0.33300658584333387,0.48501984099206047,0.45911949685541065,0.0,55
IMG_0016,2,BEHHO-VC-Calibrated,1,0.08869464244573033,0.6034426097092177,0.7,0.0,55
IMG_0016,2,BDA-EHHO-VC-Calibrated,1,0.1138954466472756,0.6026884373900411,0.7884615384615383,0.0,55
IMG_0016,2,MO-BDA-EHHO-VC,53,0.9979438353919133,0.003866308046584056,0.09230769230769245,0.15678476768473648,55
IMG_0016,3,HHO-VC,1,0.051280573211307134,0.956953300916949,1.0,0.0,44
IMG_0016,3,EHHO-VC,1,0.13869409313010495,0.6125408023836093,0.785195936139294,0.0,44
IMG_0016,3,BEHHO-VC-Calibrated,1,0.23126442828093832,0.5403570428551554,0.6560232220608353,0.0,44
IMG_0016,3,BDA-EHHO-VC-Calibrated,1,0.1475738493079078,0.5454358958188605,0.5608765821128046,0.0,44
IMG_0016,3,MO-BDA-EHHO-VC,41,0.7088406469446166,0.02230193567061355,0.11408199643493769,0.14413486457721877,44
IMG_0016,4,HHO-VC,1,0.05611375992335096,0.8841017518542029,0.9744671400002001,0.0,29
IMG_0016,4,EHHO-VC,1,0.05611375992335096,0.8841017518542029,0.9744671400002001,0.0,29
IMG_0016,4,BEHHO-VC-Calibrated,1,0.021484666066088766,0.9380961815228817,1.0,0.0,29
IMG_0016,4,BDA-EHHO-VC-Calibrated,1,0.01937531454705649,0.8845903307237833,0.8538011695906436,0.0,29
IMG_0016,4,MO-BDA-EHHO-VC,27,0.8808341379630904,0.027566997046646696,0.023391812865496898,0.19324019847429616,29
IMG_0016,5,HHO-VC,1,0.0007238668434315715,1.2877423660050427,1.0,0.0,30
IMG_0016,5,EHHO-VC,1,0.00852200816388575,1.09778145474588,0.9135338345863395,0.0,30
IMG_0016,5,BEHHO-VC-Calibrated,1,0.17435188611911934,0.7054477029013143,0.6946127101945322,0.0,30
IMG_0016,5,BDA-EHHO-VC-Calibrated,1,0.03530216669143747,1.027761913627784,0.8589743589743589,0.0,30
IMG_0016,5,MO-BDA-EHHO-VC,30,1.2793825919244908,0.0,0.0,0.14499543688116245,30
IMG_0017,1,HHO-VC,1,0.07114726255868559,0.6114014591531296,0.7258805513015814,0.0,36
IMG_0017,1,EHHO-VC,1,0.06246577251951796,0.6487841318652279,0.7212863705972634,0.0,36
IMG_0017,1,BEHHO-VC-Calibrated,1,0.26093474347996554,0.5966074354986526,0.6476439597584434,0.0,36
IMG_0017,1,BDA-EHHO-VC-Calibrated,1,0.13620625430806477,0.5207979776553474,0.6523736600306482,0.0,36
IMG_0017,1,MO-BDA-EHHO-VC,35,0.8497494706350416,0.008138142203440618,0.0776699029126213,0.2195427427411742,36
IMG_0017,2,HHO-VC,1,0.010696089338659889,1.07311488143238,1.0,0.0,18
IMG_0017,2,EHHO-VC,1,0.026675312594341784,0.7916254807183774,1.0,0.0,18
IMG_0017,2,BEHHO-VC-Calibrated,1,0.02128255144308718,0.8255992901979327,1.0,0.0,18
IMG_0017,2,BDA-EHHO-VC-Calibrated,1,0.06027535970944088,0.8727840414272153,0.7817589576547233,0.0,18
IMG_0017,2,MO-BDA-EHHO-VC,16,1.0103344955143219,0.01854905690914066,0.02280130293159629,0.2825707355691215,18
IMG_0017,3,HHO-VC,1,0.026898872172880155,0.7641210748860944,0.8492307692308146,0.0,14
IMG_0017,3,EHHO-VC,1,0.0280443047951935,0.7437723325484956,0.9191501395560361,0.0,14
IMG_0017,3,BEHHO-VC-Calibrated,1,0.01162219593716881,0.9586320108445087,0.8464419475655434,0.0,14
IMG_0017,3,BDA-EHHO-VC-Calibrated,1,0.019207887741135844,0.8881007510197639,0.8326726105407761,0.0,14
IMG_0017,3,MO-BDA-EHHO-VC,14,0.9475692824513516,0.0,0.0,0.281538688213777,14
IMG_0017,4,HHO-VC,1,0.07385364164120921,0.951548483430573,0.908902691511244,0.0,15
IMG_0017,4,EHHO-VC,1,0.07385364164120921,0.951548483430573,0.908902691511244,0.0,15
IMG_0017,4,BEHHO-VC-Calibrated,1,0.11772160442030237,0.7960411609362799,0.8095101362945518,0.0,15
IMG_0017,4,BDA-EHHO-VC-Calibrated,1,0.10372379756376159,0.8735860640464589,0.8836201664260379,0.0,15
IMG_0017,4,MO-BDA-EHHO-VC,15,0.8246294878716915,0.0,0.0,0.3208207796190244,15
IMG_0017,5,HHO-VC,1,0.0327849398390234,0.8591370895552916,0.9827160493827161,0.0,13
IMG_0017,5,EHHO-VC,1,0.028979201364094903,0.8444571862913565,1.0,0.0,13
IMG_0017,5,BEHHO-VC-Calibrated,1,0.0201733708829019,0.9926329751126632,1.0,0.0,13
IMG_0017,5,BDA-EHHO-VC-Calibrated,1,0.3280893672203239,0.5999846702570012,0.4813528352022657,0.0,13
IMG_0017,5,MO-BDA-EHHO-VC,10,0.9459603676787135,0.06293619729764302,0.0763865769769568,0.385277224525675,13
IMG_0018,1,HHO-VC,1,0.24913971391911474,0.5697260319767364,0.6902485659655831,0.0,53
IMG_0018,1,EHHO-VC,1,0.24913971391911474,0.5697260319767364,0.6902485659655831,0.0,53
IMG_0018,1,BEHHO-VC-Calibrated,1,0.3171944601972772,0.5514050349696032,0.558317399617591,0.0,53
IMG_0018,1,BDA-EHHO-VC-Calibrated,1,0.14491750620434413,0.5744904539147947,0.6738532879602391,0.0,53
IMG_0018,1,MO-BDA-EHHO-VC,52,1.0983852050024137,0.00262225962342302,0.03076923076919555,0.14989471395036244,53
IMG_0018,2,HHO-VC,1,0.35631724403716286,0.6435934078077514,0.45344827586206904,0.0,51
IMG_0018,2,EHHO-VC,1,0.425797566361015,0.6369979220324868,0.34310344827586214,0.0,51
IMG_0018,2,BEHHO-VC-Calibrated,1,0.2636615949131641,0.5716048255527584,0.4529914090017508,0.0,51
IMG_0018,2,BDA-EHHO-VC-Calibrated,1,0.42257900171213364,0.6217581988831435,0.37563546933767494,0.0,51
IMG_0018,2,MO-BDA-EHHO-VC,48,0.9552009519424556,0.011493795071193377,0.10620690444568359,0.1216593347894922,51
IMG_0018,3,HHO-VC,1,0.3457235919300539,0.7527066668899467,0.5876865671641701,0.0,45
IMG_0018,3,EHHO-VC,1,0.1983014456301227,0.7018780461437971,0.7276119402986608,0.0,45
IMG_0018,3,BEHHO-VC-Calibrated,1,0.09608145592191666,0.6973530494478005,0.8781609195402302,0.0,45
IMG_0018,3,BDA-EHHO-VC-Calibrated,1,0.5745127910830417,0.6695543333740808,0.32851761129803814,0.0,45
IMG_0018,3,MO-BDA-EHHO-VC,44,0.9897673063354425,0.011693794470044537,0.07126436781609186,0.1744268467998199,45
IMG_0018,4,HHO-VC,1,0.21278596123638907,0.7882025129993101,0.8304067920052861,0.0,56
IMG_0018,4,EHHO-VC,1,0.21278596123638907,0.7882025129993101,0.8304067920052861,0.0,56
IMG_0018,4,BEHHO-VC-Calibrated,1,0.2107394511629302,0.7852760589005892,0.8248384424318905,0.0,56
IMG_0018,4,BDA-EHHO-VC-Calibrated,1,0.3000049179450695,0.5912652311215858,0.56362854258879,0.0,56
IMG_0018,4,MO-BDA-EHHO-VC,53,1.088805925185858,0.008860219135542542,0.06361829025844927,0.1356073543649378,56
IMG_0018,5,HHO-VC,1,0.10418896144993671,0.693761852592624,0.854581673306773,0.0,46
IMG_0018,5,EHHO-VC,1,0.0713040012870268,0.7338907986387023,0.8824701195219125,0.0,46
IMG_0018,5,BEHHO-VC-Calibrated,1,0.054865272407614976,0.7152166301488638,0.9009174311925782,0.0,46
IMG_0018,5,BDA-EHHO-VC-Calibrated,1,0.3023560696778441,0.5860306533575974,0.6314741035856574,0.0,46
IMG_0018,5,MO-BDA-EHHO-VC,46,0.9264460448461959,0.0,0.0,0.13859884112363655,46
IMG_0019,1,HHO-VC,1,0.2387818637395556,0.5945161469735821,0.7226277372262774,0.0,42
IMG_0019,1,EHHO-VC,1,0.3269432688173463,0.6219062136611802,0.6459854014598541,0.0,42
IMG_0019,1,BEHHO-VC-Calibrated,1,0.298203006385366,0.5029861596201449,0.4800358600203114,0.0,42
IMG_0019,1,BDA-EHHO-VC-Calibrated,1,0.39636945860783984,0.5000335039749688,0.4837676115878908,0.0,42
IMG_0019,1,MO-BDA-EHHO-VC,40,1.111882167570518,0.004257736466873822,0.06751824817518248,0.14616211687593403,42
IMG_0019,2,HHO-VC,1,0.1000454427178636,0.9127419475113059,1.0,0.0,55
IMG_0019,2,EHHO-VC,1,0.1000454427178636,0.9127419475113059,1.0,0.0,55
IMG_0019,2,BEHHO-VC-Calibrated,1,0.22364219749859607,0.6457933266999437,0.7153996101364523,0.0,55
IMG_0019,2,BDA-EHHO-VC-Calibrated,1,0.28319839160562293,0.650862126407301,0.7037037037037036,0.0,55
IMG_0019,2,MO-BDA-EHHO-VC,53,1.187582942422718,0.018778728252775653,0.07694128411716551,0.14260232454856767,55
IMG_0019,3,HHO-VC,1,0.10803506762551815,0.6374446547786778,0.8121951219513462,0.0,39
IMG_0019,3,EHHO-VC,1,0.2558122297578184,0.548392105458702,0.4951219512195179,0.0,39
IMG_0019,3,BEHHO-VC-Calibrated,1,0.2897392534592101,0.5084307704764497,0.5219512195123104,0.0,39
IMG_0019,3,BDA-EHHO-VC-Calibrated,1,0.030236063056625153,0.8139164867546718,0.9462365591397849,0.0,39
IMG_0019,3,MO-BDA-EHHO-VC,38,0.9942686171062805,0.004997999626781883,0.018817204301075224,0.1881767312220961,39
IMG_0019,4,HHO-VC,1,0.16374537114740678,0.5586581030943196,0.7849264705882353,0.0,71
IMG_0019,4,EHHO-VC,1,0.2435655871323528,0.5627024122759945,0.6911764705882354,0.0,71
IMG_0019,4,BEHHO-VC-Calibrated,1,0.10197485415609495,0.7258425326595326,0.7518382352941178,0.0,71
IMG_0019,4,BDA-EHHO-VC-Calibrated,1,0.16822639513617488,0.4634090149693443,0.6485900216919526,0.0,71
IMG_0019,4,MO-BDA-EHHO-VC,70,0.9148470599841585,0.007849610518073081,0.08676789587869888,0.13531014594262733,71
IMG_0019,5,HHO-VC,1,0.12991023755977765,0.47831308916230364,0.645985401459617,0.0,46
IMG_0019,5,EHHO-VC,1,0.2099017554373555,0.4695335793230389,0.4820513289759444,0.0,46
IMG_0019,5,BEHHO-VC-Calibrated,1,0.01986322641458901,0.8932857440969401,1.0,0.0,46
IMG_0019,5,BDA-EHHO-VC-Calibrated,1,0.07186136258654631,0.7512039145680756,0.8502624237782631,0.0,46
IMG_0019,5,MO-BDA-EHHO-VC,45,0.9887397737571789,0.004376770392493995,0.006079027355623101,0.148139205816406,46
IMG_0020,1,HHO-VC,1,0.0717349341489579,0.7547446224259652,0.8082788671023965,0.0,19
IMG_0020,1,EHHO-VC,1,0.0698945052599803,0.7518451508419952,0.8061002178649237,0.0,19
IMG_0020,1,BEHHO-VC-Calibrated,1,0.20016801781893473,0.6888016831049714,0.6165577342047929,0.0,19
IMG_0020,1,BDA-EHHO-VC-Calibrated,1,0.03045121764599089,0.971165016104503,1.0,0.0,19
IMG_0020,1,MO-BDA-EHHO-VC,16,0.6057922167963158,0.10094558878926999,0.21865889212808148,0.2852763330429915,19
IMG_0020,2,HHO-VC,1,0.40002502793898576,0.5903017145485892,0.3915789473685504,0.0,36
IMG_0020,2,EHHO-VC,1,0.08744939392367636,0.7637444420925082,0.8373333333333334,0.0,36
IMG_0020,2,BEHHO-VC-Calibrated,1,0.025662738333512645,0.8680027498563516,1.0,0.0,36
IMG_0020,2,BDA-EHHO-VC-Calibrated,1,0.04934734565430512,0.8027724662073037,0.8719999999999999,0.0,36
IMG_0020,2,MO-BDA-EHHO-VC,35,1.0999943709607247,0.0031023486619085007,0.023157894736647755,0.19945231519376028,36
IMG_0020,3,HHO-VC,1,0.01254627349736842,0.8673876849515068,0.8849647931058027,0.0,39
IMG_0020,3,EHHO-VC,1,0.015810580427995356,0.8519182654506599,0.8774706151015649,0.0,39
IMG_0020,3,BEHHO-VC-Calibrated,1,0.02343327884599086,0.9081814172638306,0.8779840848806366,0.0,39
IMG_0020,3,BDA-EHHO-VC-Calibrated,1,0.003202830956181982,1.046689477305061,1.0,0.0,39
IMG_0020,3,MO-BDA-EHHO-VC,39,0.7904299529229577,0.0,0.0,0.20998051718852465,39
IMG_0020,4,HHO-VC,1,0.01120133943212093,0.9645195447607238,1.0,0.0,42
IMG_0020,4,EHHO-VC,1,0.01771290336947555,0.9423109774749708,0.9863945578231291,0.0,42
IMG_0020,4,BEHHO-VC-Calibrated,1,0.03136597213375159,0.8537259824382089,1.0,0.0,42
IMG_0020,4,BDA-EHHO-VC-Calibrated,1,0.00518950742700547,0.9418567376201271,1.0,0.0,42
IMG_0020,4,MO-BDA-EHHO-VC,42,1.0214739881937127,0.0,0.0,0.13678326576598285,42
IMG_0020,5,HHO-VC,1,0.018824131189213594,0.8448222541715547,0.8312560834997174,0.0,19
IMG_0020,5,EHHO-VC,1,0.03773632346022871,0.777234815569486,0.7935222672064778,0.0,19
IMG_0020,5,BEHHO-VC-Calibrated,1,0.016410050431320686,0.7726734332967217,1.0,0.0,19
IMG_0020,5,BDA-EHHO-VC-Calibrated,1,0.09552297351136385,0.5925947020696946,0.6721311475408531,0.0,19
IMG_0020,5,MO-BDA-EHHO-VC,19,0.7885766226540761,0.0,0.0,0.26582186570483546,19
IMG_0021,1,HHO-VC,1,0.00901724208803346,0.8785088788173555,0.9965277777777777,0.0,30
IMG_0021,1,EHHO-VC,1,0.004970422163234699,0.9145778804240705,1.0,0.0,30
IMG_0021,1,BEHHO-VC-Calibrated,1,0.06463269856434295,0.6384682543812813,0.7740205681543401,0.0,30
IMG_0021,1,BDA-EHHO-VC-Calibrated,1,0.004568728665326246,0.9162410384061918,1.0,0.0,30
IMG_0021,1,MO-BDA-EHHO-VC,30,0.8411167669835039,0.0,0.0,0.1785803952326771,30
IMG_0021,2,HHO-VC,1,0.08845575019039094,0.5685394619187378,0.7842401500937729,0.0,36
IMG_0021,2,EHHO-VC,1,0.06862993796977002,0.8420975982173957,0.8132946847222432,0.0,36
IMG_0021,2,BEHHO-VC-Calibrated,1,0.4596604503499345,0.7041756827765807,0.45602985176212957,0.0,36
IMG_0021,2,BDA-EHHO-VC-Calibrated,1,0.049349932311715736,0.7334113063112814,1.0,0.0,36
IMG_0021,2,MO-BDA-EHHO-VC,33,0.7591835425791655,0.02383853475210134,0.2344632768361582,0.22620056872346608,36
IMG_0021,3,HHO-VC,1,0.008574650845271738,0.9411404896763436,1.0,0.0,31
IMG_0021,3,EHHO-VC,1,0.008574650845271738,0.9411404896763436,1.0,0.0,31
IMG_0021,3,BEHHO-VC-Calibrated,1,0.018895920261848845,1.1276597703884952,1.0,0.0,31
IMG_0021,3,BDA-EHHO-VC-Calibrated,1,0.013222646543990867,0.8924781637689755,1.0,0.0,31
IMG_0021,3,MO-BDA-EHHO-VC,29,1.1239587696949527,0.0,0.0,0.17834627704917957,31
IMG_0021,4,HHO-VC,1,0.12898930497173106,0.695543902982807,0.8260540309321908,0.0,18
IMG_0021,4,EHHO-VC,1,0.12533444160252552,0.7103328010642476,0.8418993521378093,0.0,18
IMG_0021,4,BEHHO-VC-Calibrated,1,0.1224794372809684,0.759382556119942,0.6940298507462687,0.0,18
IMG_0021,4,BDA-EHHO-VC-Calibrated,1,0.0342745702395542,0.9816037912756909,1.0,0.0,18
IMG_0021,4,MO-BDA-EHHO-VC,17,1.0041238833219452,0.048235207899131126,0.08791863717666487,0.2136429707529679,18
IMG_0021,5,HHO-VC,1,0.07589862285499246,0.638448499812365,0.8101440714681044,0.0,24
IMG_0021,5,EHHO-VC,1,0.10015772354904677,0.5841613681415514,0.7935222672064679,0.0,24
IMG_0021,5,BEHHO-VC-Calibrated,1,0.054456727716042735,0.7850259905365031,0.933275450607463,0.0,24
IMG_0021,5,BDA-EHHO-VC-Calibrated,1,0.023229026416700688,0.9946414365938546,1.0,0.0,24
IMG_0021,5,MO-BDA-EHHO-VC,24,1.0902820472568004,0.0,0.0,0.16711729994652655,24
IMG_0022,1,HHO-VC,1,0.005942580769232619,1.0969282243944132,0.9918200408997954,0.0,21
IMG_0022,1,EHHO-VC,1,0.005395417510270309,1.104133000831905,1.0,0.0,21
IMG_0022,1,BEHHO-VC-Calibrated,1,0.12488561668311544,0.6927945223167532,0.7035573122529166,0.0,21
IMG_0022,1,BDA-EHHO-VC-Calibrated,1,0.011405018031471158,0.9849264214982667,1.0,0.0,21
IMG_0022,1,MO-BDA-EHHO-VC,21,1.080832246202685,0.0,0.0,0.17192595022326693,21
IMG_0022,2,HHO-VC,1,0.055651979468634934,0.9458528707855197,0.8673946957878316,0.0,31
IMG_0022,2,EHHO-VC,1,0.034444869593713165,1.0446808310081908,1.0,0.0,31
IMG_0022,2,BEHHO-VC-Calibrated,1,0.06787977031706915,0.8713803736884371,0.7680098289413774,0.0,31
IMG_0022,2,BDA-EHHO-VC-Calibrated,1,0.05047602521513299,1.0393539217459913,0.9734789391575662,0.0,31
IMG_0022,2,MO-BDA-EHHO-VC,31,1.3011311848284315,0.0,0.0,0.1621340632139784,31
IMG_0022,3,HHO-VC,1,0.01152528172331716,1.0012869998301224,0.9582542694497154,0.0,22
IMG_0022,3,EHHO-VC,1,0.01152528172331716,1.0012869998301224,0.9582542694497154,0.0,22
IMG_0022,3,BEHHO-VC-Calibrated,1,0.011348194326152097,1.0242568119582243,1.0,0.0,22
IMG_0022,3,BDA-EHHO-VC-Calibrated,1,0.02383035868453301,0.9032620604070004,0.907094594594427,0.0,22
IMG_0022,3,MO-BDA-EHHO-VC,22,0.7336457541013301,0.0,0.0,0.18062245789867729,22
IMG_0022,4,HHO-VC,1,0.2621489416413462,0.6613906349467983,0.5371900826446281,0.0,28
IMG_0022,4,EHHO-VC,1,0.19958643720750474,0.6531084854217364,0.6384439359269681,0.0,28
IMG_0022,4,BEHHO-VC-Calibrated,1,0.12368507728395083,0.7411915440428951,0.7564084155775241,0.0,28
IMG_0022,4,BDA-EHHO-VC-Calibrated,1,0.10719208914111351,0.93470292977172,0.9230947843294417,0.0,28
IMG_0022,4,MO-BDA-EHHO-VC,27,0.8084761175223424,0.041513481263495265,0.26086956521733184,0.18487570005086268,28
IMG_0022,5,HHO-VC,1,0.006401818625456199,0.9246738636742142,1.0,0.0,27
IMG_0022,5,EHHO-VC,1,0.006401818625456199,0.9246738636742142,1.0,0.0,27
IMG_0022,5,BEHHO-VC-Calibrated,1,0.014691163082561902,0.9900819079118865,0.9340532514254921,0.0,27
IMG_0022,5,BDA-EHHO-VC-Calibrated,1,0.017907337319745555,0.9393033932699276,0.9270623009540557,0.0,27
IMG_0022,5,MO-BDA-EHHO-VC,25,0.968308460364827,0.03240061541682339,0.00821917808219182,0.22614369658318548,27
IMG_0023,1,HHO-VC,1,0.03232974729833543,0.9492965053351542,1.0,0.0,20
IMG_0023,1,EHHO-VC,1,0.02749893861916278,0.9554906716251225,0.9893617021276596,0.0,20
IMG_0023,1,BEHHO-VC-Calibrated,1,0.09889396106183644,0.7760214015333902,0.7677304964539008,0.0,20
IMG_0023,1,BDA-EHHO-VC-Calibrated,1,0.05313371864787183,0.865117254258131,0.938524590164287,0.0,20
IMG_0023,1,MO-BDA-EHHO-VC,20,1.0385347743623405,0.0,0.0,0.22107661057818348,20
IMG_0023,2,HHO-VC,1,0.7804153630597218,0.7291319061875697,0.2665341517919393,0.0,24
IMG_0023,2,EHHO-VC,1,0.7804153630597218,0.7291319061875697,0.2665341517919393,0.0,24
IMG_0023,2,BEHHO-VC-Calibrated,1,0.07919987400370405,0.7995383568060652,1.0,0.0,24
IMG_0023,2,BDA-EHHO-VC-Calibrated,1,0.07612340231392445,0.627025552149811,0.8050314465408803,0.0,24
IMG_0023,2,MO-BDA-EHHO-VC,22,0.9921359677146079,0.029880810360722182,0.138766519823735,0.27273075329238333,24
IMG_0023,3,HHO-VC,1,0.10735119421254374,0.5185170744953389,0.7365697603453445,0.0,40
IMG_0023,3,EHHO-VC,1,0.05182735794170872,0.58205531632303,0.9788885336503995,0.0,40
IMG_0023,3,BEHHO-VC-Calibrated,1,0.2785098918766034,0.6602920007201184,0.5854407963480042,0.0,40
IMG_0023,3,BDA-EHHO-VC-Calibrated,1,0.033528275445955914,0.7495316460460294,0.9028871391076114,0.0,40
IMG_0023,3,MO-BDA-EHHO-VC,39,0.7913788886020717,0.003957034858351695,0.04240127758591272,0.16157136585364354,40
IMG_0023,4,HHO-VC,1,0.33751893783684633,0.5380383518605025,0.46179401993350033,0.0,33
IMG_0023,4,EHHO-VC,1,0.25042494379761127,0.5302589312962485,0.6046511627906478,0.0,33
IMG_0023,4,BEHHO-VC-Calibrated,1,0.019999781027508788,0.8403688607626041,1.0,0.0,33
IMG_0023,4,BDA-EHHO-VC-Calibrated,1,0.04149475056996368,0.6704102912715107,0.9119601328903972,0.0,33
IMG_0023,4,MO-BDA-EHHO-VC,33,0.8458203859432752,0.00546259266517688,0.12292358803990944,0.2017726120107489,33
IMG_0023,5,HHO-VC,1,0.05113467525683441,0.8665337706858163,0.9677631833731537,0.0,31
IMG_0023,5,EHHO-VC,1,0.06909221645090935,0.8165980300663052,0.9182961186708595,0.0,31
IMG_0023,5,BEHHO-VC-Calibrated,1,0.0370470694135404,0.7706239557144526,0.7833827893175074,0.0,31
IMG_0023,5,BDA-EHHO-VC-Calibrated,1,0.05671928590973141,0.719205920482061,0.7743692152043667,0.0,31
IMG_0023,5,MO-BDA-EHHO-VC,29,0.8379459759217084,0.03626329723608321,0.09977324263052788,0.20314807512031502,31
IMG_0024,1,HHO-VC,1,0.04297103183537896,0.7175290906095548,0.9149253731343284,0.0,50
IMG_0024,1,EHHO-VC,1,0.01005140990788768,0.8017922056382194,1.0,0.0,50
IMG_0024,1,BEHHO-VC-Calibrated,1,0.013696564358516048,0.813650982064128,0.991044776119403,0.0,50
IMG_0024,1,BDA-EHHO-VC-Calibrated,1,0.03221958589768228,0.7478553803049627,0.9641791044776119,0.0,50
IMG_0024,1,MO-BDA-EHHO-VC,50,0.881822010349085,0.0,0.0,0.1427410804323435,50
IMG_0024,2,HHO-VC,1,0.04243890913362581,0.8305181759663831,0.9907407407407406,0.0,57
IMG_0024,2,EHHO-VC,1,0.04192182126532941,0.8278336200603474,0.9933862433862434,0.0,57
IMG_0024,2,BEHHO-VC-Calibrated,1,0.05228619814632895,0.8365651457946506,1.0,0.0,57
IMG_0024,2,BDA-EHHO-VC-Calibrated,1,0.25747902755558494,0.5821650989609575,0.5912698412698413,0.0,57
IMG_0024,2,MO-BDA-EHHO-VC,53,0.9114887417757827,0.024135323975235646,0.06649088837321379,0.12526721409879765,57
IMG_0024,3,HHO-VC,1,0.06054511368702997,0.8997391408343903,0.8277090848219693,0.0,75
IMG_0024,3,EHHO-VC,1,0.08110811054332187,0.8738848162512681,0.8147155692948986,0.0,75
IMG_0024,3,BEHHO-VC-Calibrated,1,0.22640937683380058,0.5204996967005125,0.5312587900418021,0.0,75
IMG_0024,3,BDA-EHHO-VC-Calibrated,1,0.2714976593826956,0.8132309280557317,0.6629746835443038,0.0,75
IMG_0024,3,MO-BDA-EHHO-VC,72,0.7827408486349705,0.011419891132317396,0.12332439678285152,0.13087634881087024,75
IMG_0024,4,HHO-VC,1,0.018110123797953646,0.8306293603324746,1.0,0.0,47
IMG_0024,4,EHHO-VC,1,0.008454467748570288,1.16043440725976,0.9489352364995817,0.0,47
IMG_0024,4,BEHHO-VC-Calibrated,1,0.07093445085471871,0.9300216324890053,0.862818452254298,0.0,47
IMG_0024,4,BDA-EHHO-VC-Calibrated,1,0.05911607028648438,0.7304178824381458,0.7579242883178762,0.0,47
IMG_0024,4,MO-BDA-EHHO-VC,45,1.1023230087870703,0.017471512194728988,0.07619047619047613,0.11445431548799719,47
IMG_0024,5,HHO-VC,1,0.3106206909379515,0.5099528938467739,0.42382870241839504,0.0,40
IMG_0024,5,EHHO-VC,1,0.3106206909379515,0.5099528938467739,0.42382870241839504,0.0,40
IMG_0024,5,BEHHO-VC-Calibrated,1,0.31433986755668764,0.4723878841562084,0.6507748761678123,0.0,40
IMG_0024,5,BDA-EHHO-VC-Calibrated,1,0.320882328930636,0.46598462471315416,0.4396984924623117,0.0,40
IMG_0024,5,MO-BDA-EHHO-VC,39,1.1107031630097504,0.004085930811762656,0.07583823738545059,0.12887242504054203,40
IMG_0025,1,HHO-VC,1,0.26031307166290407,0.5972454595470899,0.475409836065574,0.0,17
IMG_0025,1,EHHO-VC,1,0.10242470868870421,0.5913473427874564,0.791000951618759,0.0,17
IMG_0025,1,BEHHO-VC-Calibrated,1,0.2133178186262675,0.7014949450164786,0.6010928961748634,0.0,17
IMG_0025,1,BDA-EHHO-VC-Calibrated,1,0.2710885462561648,0.6146760131227015,0.6229508196721313,0.0,17
IMG_0025,1,MO-BDA-EHHO-VC,13,0.7110511741943611,0.09082343619913376,0.19770310112344416,0.3323392170397913,17
IMG_0025,2,HHO-VC,1,0.07480180679164647,1.0373003339065172,0.8546640301140607,0.0,23
IMG_0025,2,EHHO-VC,1,0.07480180679164647,1.0373003339065172,0.8546640301140607,0.0,23
IMG_0025,2,BEHHO-VC-Calibrated,1,0.030234130529780634,0.9890577090639575,1.0,0.0,23
IMG_0025,2,BDA-EHHO-VC-Calibrated,1,0.09542978359841911,0.8862826671718999,0.9105022059397876,0.0,23
IMG_0025,2,MO-BDA-EHHO-VC,20,0.6648524448247841,0.06996047260176738,0.27943078913331515,0.24281437594550326,23
IMG_0025,3,HHO-VC,1,0.004441216711826191,1.1167618120309237,0.9347442680776029,0.0,13
IMG_0025,3,EHHO-VC,1,0.0012207951098682237,1.2270773799379535,0.9631901840490797,0.0,13
IMG_0025,3,BEHHO-VC-Calibrated,1,0.0003840401655058577,1.3124738648683103,1.0,0.0,13
IMG_0025,3,BDA-EHHO-VC-Calibrated,1,0.0011847096166893536,1.2244298334008925,1.0,0.0,13
IMG_0025,3,MO-BDA-EHHO-VC,13,1.0173182371270608,0.0,0.0,0.25104996554748266,13
IMG_0025,4,HHO-VC,1,0.11126332415746797,0.7743625872251481,0.7322274881516587,0.0,18
IMG_0025,4,EHHO-VC,1,0.11126332415746797,0.7743625872251481,0.7322274881516587,0.0,18
IMG_0025,4,BEHHO-VC-Calibrated,1,0.06063709025422401,0.8859399212827408,0.90521327014218,0.0,18
IMG_0025,4,BDA-EHHO-VC-Calibrated,1,0.026283461461630034,0.9749016597869714,1.0,0.0,18
IMG_0025,4,MO-BDA-EHHO-VC,16,1.0696707213439758,0.07120293139269881,0.06796116504822194,0.2514831526457375,18
IMG_0025,5,HHO-VC,1,0.04029646321321198,0.8059198709965798,0.8713602821914286,0.0,21
IMG_0025,5,EHHO-VC,1,0.04029646321321198,0.8059198709965798,0.8713602821914286,0.0,21
IMG_0025,5,BEHHO-VC-Calibrated,1,0.01769186792657108,1.0342952798163807,1.0,0.0,21
IMG_0025,5,BDA-EHHO-VC-Calibrated,1,0.03175385639107951,0.8556622137509067,0.8568281938325989,0.0,21
IMG_0025,5,MO-BDA-EHHO-VC,20,0.7876032553563708,0.02221873273002925,0.007050528789640704,0.2193288160993503,21
IMG_0026,1,HHO-VC,1,0.014001318533695978,0.8792863010646894,0.9977924944810898,0.0,18
IMG_0026,1,EHHO-VC,1,0.014001318533695978,0.8792863010646894,0.9977924944810898,0.0,18
IMG_0026,1,BEHHO-VC-Calibrated,1,0.199222689750519,0.6186390051352341,0.6293103448275862,0.0,18
IMG_0026,1,BDA-EHHO-VC-Calibrated,1,0.19359818764404316,0.7533667319126869,0.7004310344827587,0.0,18
IMG_0026,1,MO-BDA-EHHO-VC,17,0.9490598409223339,0.01834018084751745,0.16556291390715833,0.3474223377394058,18
IMG_0026,2,HHO-VC,1,0.001860786875685661,1.2126768639772798,1.0,0.0,23
IMG_0026,2,EHHO-VC,1,0.0014688713472345558,1.211229183844127,1.0,0.0,23
IMG_0026,2,BEHHO-VC-Calibrated,1,0.12836867543304592,0.6777988013085376,0.7179930795848876,0.0,23
IMG_0026,2,BDA-EHHO-VC-Calibrated,1,0.01094988500450449,1.0759815474737198,0.9512759757107864,0.0,23
IMG_0026,2,MO-BDA-EHHO-VC,22,1.0656735317567851,0.007543874224300103,0.03076923076923081,0.2120060973761614,23
IMG_0026,3,HHO-VC,1,0.0801910001205323,0.6426679879483366,0.8096202898344154,0.0,33
IMG_0026,3,EHHO-VC,1,0.08859383506063435,0.6254580685539154,0.9183417085425954,0.0,33
IMG_0026,3,BEHHO-VC-Calibrated,1,0.06595058045397752,1.0470697461594567,1.0,0.0,33
IMG_0026,3,BDA-EHHO-VC-Calibrated,1,0.2667707575598432,0.7615599699054402,0.6463671501862063,0.0,33
IMG_0026,3,MO-BDA-EHHO-VC,29,0.6913143674666351,0.047086268438928325,0.2902010050250613,0.1598008535975054,33
IMG_0026,4,HHO-VC,1,0.19155672430649517,0.7631574462433074,0.659217877094866,0.0,27
IMG_0026,4,EHHO-VC,1,0.2102281587320929,0.7281419259284683,0.6612175104713065,0.0,27
IMG_0026,4,BEHHO-VC-Calibrated,1,0.13345285597358575,0.7811886003128137,0.6762574729613566,0.0,27
IMG_0026,4,BDA-EHHO-VC-Calibrated,1,0.1766719674525654,0.5738849652378268,0.6145869343618571,0.0,27
IMG_0026,4,MO-BDA-EHHO-VC,24,0.9140819693549932,0.028855836513441594,0.1275679910268816,0.23776079135184391,27
IMG_0026,5,HHO-VC,1,0.03999367350383322,0.8981684725335884,1.0,0.0,34
IMG_0026,5,EHHO-VC,1,0.03999367350383322,0.8981684725335884,1.0,0.0,34
IMG_0026,5,BEHHO-VC-Calibrated,1,0.023513743210687502,0.9378590989772327,0.9151214521111113,0.0,34
IMG_0026,5,BDA-EHHO-VC-Calibrated,1,0.012547220427800494,0.9358880164376885,0.8271799518507207,0.0,34
IMG_0026,5,MO-BDA-EHHO-VC,32,0.9697778082307946,0.0,0.0,0.19620072657306928,34
IMG_0027,1,HHO-VC,1,0.007227549289397896,1.04625440629048,0.9907749077489648,0.0,39
IMG_0027,1,EHHO-VC,1,0.005254520562134349,1.1068081326694643,1.0,0.0,39
IMG_0027,1,BEHHO-VC-Calibrated,1,0.030584325727613198,0.9714588924522038,0.9205607476635514,0.0,39
IMG_0027,1,BDA-EHHO-VC-Calibrated,1,0.045357862503507373,0.7726165864908191,0.8339483394834296,0.0,39
IMG_0027,1,MO-BDA-EHHO-VC,39,0.9042694556185705,0.0,0.0,0.15865683312270476,39
IMG_0027,2,HHO-VC,1,0.08768290220008793,0.7245922585939835,0.6861431301286494,0.0,31
IMG_0027,2,EHHO-VC,1,0.10073385699571165,0.6893171381523144,0.7619651312083521,0.0,31
IMG_0027,2,BEHHO-VC-Calibrated,1,0.00838517652932776,0.9728207126434214,1.0,0.0,31
IMG_0027,2,BDA-EHHO-VC-Calibrated,1,0.08030906683338654,0.6137060674728926,0.7555012224939175,0.0,31
IMG_0027,2,MO-BDA-EHHO-VC,30,0.636307406285588,0.0028874881582941687,0.035204410422902566,0.18412202773155345,31
IMG_0027,3,HHO-VC,1,0.03759017826534033,0.9612881595698,0.8527508090614251,0.0,31
IMG_0027,3,EHHO-VC,1,0.07738556602158883,0.754190109576416,0.8236245954692445,0.0,31
IMG_0027,3,BEHHO-VC-Calibrated,1,0.007458390756199329,1.0707718666096915,1.0,0.0,31
IMG_0027,3,BDA-EHHO-VC-Calibrated,1,0.026338509344655918,0.957186948020182,0.8818770226536057,0.0,31
IMG_0027,3,MO-BDA-EHHO-VC,31,0.9327022872460572,0.0,0.0,0.1735933099741843,31
IMG_0027,4,HHO-VC,1,0.06508707524871113,0.6795091721700635,0.7468581687612208,0.0,33
IMG_0027,4,EHHO-VC,1,0.026968526799758644,0.9112057677262618,1.0,0.0,33
IMG_0027,4,BEHHO-VC-Calibrated,1,0.0972162070378404,0.5782759265058769,0.7597597597596928,0.0,33
IMG_0027,4,BDA-EHHO-VC-Calibrated,1,0.11003437416590682,0.6197329420391308,0.7073557224312963,0.0,33
IMG_0027,4,MO-BDA-EHHO-VC,31,0.8205375849572979,0.016275723276178294,0.04788754624871239,0.2206418503261095,33
IMG_0027,5,HHO-VC,1,0.030126849874119017,0.9687540048323818,0.9370370370370368,0.0,24
IMG_0027,5,EHHO-VC,1,0.030126849874119017,0.9687540048323818,0.9370370370370368,0.0,24
IMG_0027,5,BEHHO-VC-Calibrated,1,0.24434386680963904,0.8292463594178116,0.6956091238086081,0.0,24
IMG_0027,5,BDA-EHHO-VC-Calibrated,1,0.02820131608506018,0.8885628630169707,1.0,0.0,24
IMG_0027,5,MO-BDA-EHHO-VC,24,1.0547271980684751,0.021889646835242322,0.2518518518518518,0.21605388891821378,24
IMG_0028,1,HHO-VC,1,0.031623686728942044,0.7777942624704829,1.0,0.0,27
IMG_0028,1,EHHO-VC,1,0.04027487898973551,0.7648246295728647,0.9618736383442072,0.0,27
IMG_0028,1,BEHHO-VC-Calibrated,1,0.14969605501009023,0.6190009555201607,0.6143790849672051,0.0,27
IMG_0028,1,BDA-EHHO-VC-Calibrated,1,0.0603430129414923,0.7069373145988278,0.8115468409585378,0.0,27
IMG_0028,1,MO-BDA-EHHO-VC,27,0.7395427130728497,0.0,0.0,0.17042673371375383,27
IMG_0028,2,HHO-VC,1,0.046342749708111974,0.7877298364609949,0.8498731523660389,0.0,46
IMG_0028,2,EHHO-VC,1,0.046342749708111974,0.7877298364609949,0.8498731523660389,0.0,46
IMG_0028,2,BEHHO-VC-Calibrated,1,0.07476981895571516,0.802823580255012,0.8692946058092055,0.0,46
IMG_0028,2,BDA-EHHO-VC-Calibrated,1,0.09340789608344009,0.7698680453339556,0.8070539419089052,0.0,46
IMG_0028,2,MO-BDA-EHHO-VC,42,0.8401468409942519,0.01804806140394417,0.08536585365853658,0.19611738318457628,46
IMG_0028,3,HHO-VC,1,0.00790949757895572,1.034181342633695,1.0,0.0,42
IMG_0028,3,EHHO-VC,1,0.007979841005518287,1.0328340492878814,0.9972413793103446,0.0,42
IMG_0028,3,BEHHO-VC-Calibrated,1,0.011906702095803658,1.024251186781568,0.986206896551724,0.0,42
IMG_0028,3,BDA-EHHO-VC-Calibrated,1,0.07171904465394183,0.8864158962393128,0.8557715531617034,0.0,42
IMG_0028,3,MO-BDA-EHHO-VC,41,0.9537998356705568,0.008803595487429637,0.06491942679032767,0.1588068091421935,42
IMG_0028,4,HHO-VC,1,0.15734506900061399,0.9722069884545851,0.7943837982461642,0.0,37
IMG_0028,4,EHHO-VC,1,0.27214481488983183,0.7531706764541379,0.6343977402472788,0.0,37
IMG_0028,4,BEHHO-VC-Calibrated,1,0.0041208973200840575,1.020216736521346,1.0,0.0,37
IMG_0028,4,BDA-EHHO-VC-Calibrated,1,0.024633320949851854,0.800554067838323,0.8787377987731413,0.0,37
IMG_0028,4,MO-BDA-EHHO-VC,35,0.843283962651019,0.0031988221475298608,0.01951219512195125,0.1530042950037927,37
IMG_0028,5,HHO-VC,1,0.08172233453232457,0.6177634893221375,0.7890625000000002,0.0,36
IMG_0028,5,EHHO-VC,1,0.08172233453232457,0.6177634893221375,0.7890625000000002,0.0,36
IMG_0028,5,BEHHO-VC-Calibrated,1,0.17097746663728952,0.6023354641176286,0.8219408143261866,0.0,36
IMG_0028,5,BDA-EHHO-VC-Calibrated,1,0.06144205184743464,0.6800544820959481,0.8541666666666669,0.0,36
IMG_0028,5,MO-BDA-EHHO-VC,35,0.878913686557246,0.005540801719796696,0.029096477794643777,0.18113916617386744,36
IMG_0029,1,HHO-VC,1,0.009961248586580828,0.8534713435268176,0.9145077720207252,0.0,22
IMG_0029,1,EHHO-VC,1,0.022310854847869988,0.7637798708586337,0.7487046632124352,0.0,22
IMG_0029,1,BEHHO-VC-Calibrated,1,0.006341703967576201,0.9449516906745018,0.9663212435233159,0.0,22
IMG_0029,1,BDA-EHHO-VC-Calibrated,1,0.003688019503205257,0.980777340325353,1.0,0.0,22
IMG_0029,1,MO-BDA-EHHO-VC,22,0.7050416018733195,0.0,0.0,0.2857108607220521,22
IMG_0029,2,HHO-VC,1,0.008006787334892306,1.060106006332274,1.0,0.0,15
IMG_0029,2,EHHO-VC,1,0.017206505899540384,0.9682357802983456,0.9132007233273056,0.0,15
IMG_0029,2,BEHHO-VC-Calibrated,1,0.02853629488829925,0.9327593850303801,0.860759493670886,0.0,15
IMG_0029,2,BDA-EHHO-VC-Calibrated,1,0.056497854969249146,0.7255425029888395,0.7014563106795051,0.0,15
IMG_0029,2,MO-BDA-EHHO-VC,15,0.9650093338732181,0.0,0.0,0.27692000575383474,15
IMG_0029,3,HHO-VC,1,0.01036968740416284,0.9576499799237549,0.9692307692308172,0.0,16
IMG_0029,3,EHHO-VC,1,0.012937494480935964,0.9465921400930964,0.9282051282052345,0.0,16
IMG_0029,3,BEHHO-VC-Calibrated,1,0.007209745438667261,1.037716438763073,0.9534109816971714,0.0,16
IMG_0029,3,BDA-EHHO-VC-Calibrated,1,0.0031790324138291893,1.0787074622706574,1.0,0.0,16
IMG_0029,3,MO-BDA-EHHO-VC,13,0.6090161897709123,0.18565312677763052,0.055964863731162745,0.24894445658879266,16
IMG_0029,4,HHO-VC,1,0.028623552721671035,1.1346477689787604,0.9934782608695653,0.0,15
IMG_0029,4,EHHO-VC,1,0.046934268740918564,1.0724998406472313,0.9478260869565217,0.0,15
IMG_0029,4,BEHHO-VC-Calibrated,1,0.024538504235970482,1.1162384096602431,0.9978260869565215,0.0,15
IMG_0029,4,BDA-EHHO-VC-Calibrated,1,0.03045419371906407,1.0764210089795216,1.0,0.0,15
IMG_0029,4,MO-BDA-EHHO-VC,15,1.2614691832625917,0.0,0.0,0.24752739951419292,15
IMG_0029,5,HHO-VC,1,0.09829115244702129,0.6553746692256338,0.8143322475569461,0.0,20
IMG_0029,5,EHHO-VC,1,0.09829115244702129,0.6553746692256338,0.8143322475569461,0.0,20
IMG_0029,5,BEHHO-VC-Calibrated,1,0.024077300736179492,0.636607051268529,0.9178452432544287,0.0,20
IMG_0029,5,BDA-EHHO-VC-Calibrated,1,0.0053913147372001095,1.08493237361822,1.0,0.0,20
IMG_0029,5,MO-BDA-EHHO-VC,20,0.735495592245596,0.0,0.0,0.2169578109685161,20
IMG_0030,1,HHO-VC,1,0.3471413926173838,0.7678064554519846,0.6575716234652114,0.0,38
IMG_0030,1,EHHO-VC,1,0.3471413926173838,0.7678064554519846,0.6575716234652114,0.0,38
IMG_0030,1,BEHHO-VC-Calibrated,1,0.29407088593864283,0.568489552841277,0.5720532948855908,0.0,38
IMG_0030,1,BDA-EHHO-VC-Calibrated,1,0.33600388261494185,0.6033944763674312,0.43050912563524657,0.0,38
IMG_0030,1,MO-BDA-EHHO-VC,34,0.9649519857921391,0.03074523778440922,0.18204488778043254,0.19125425841134364,38
IMG_0030,2,HHO-VC,1,0.5329692855804763,0.6682460917067695,0.42577079578664295,0.0,50
IMG_0030,2,EHHO-VC,1,0.3224838070458116,0.6148640727142155,0.5575396825397229,0.0,50
IMG_0030,2,BEHHO-VC-Calibrated,1,0.32548150438209306,0.6196216988686218,0.5535714285714733,0.0,50
IMG_0030,2,BDA-EHHO-VC-Calibrated,1,0.46556286151718607,0.5680555820174422,0.3906209659616949,0.0,50
IMG_0030,2,MO-BDA-EHHO-VC,46,1.1819050633653936,0.01760406045504883,0.08602150537634409,0.17985451633202007,50
IMG_0030,3,HHO-VC,1,0.1749660464247492,0.533482081009135,0.6384505021520802,0.0,44
IMG_0030,3,EHHO-VC,1,0.05887250369879497,0.710415446206886,0.9835260332408176,0.0,44
IMG_0030,3,BEHHO-VC-Calibrated,1,0.5079657288075693,0.665046620935181,0.45843146480281816,0.0,44
IMG_0030,3,BDA-EHHO-VC-Calibrated,1,0.041934484343290265,0.68143074138239,1.0,0.0,44
IMG_0030,3,MO-BDA-EHHO-VC,42,0.9689537467271586,0.011925390753734593,0.21621037080989014,0.14307283185367772,44
IMG_0030,4,HHO-VC,1,0.013578091486562863,1.0550023475436598,1.0,0.0,29
IMG_0030,4,EHHO-VC,1,0.013578091486562863,1.0550023475436598,1.0,0.0,29
IMG_0030,4,BEHHO-VC-Calibrated,1,0.007116219800918011,1.0927818107790663,1.0,0.0,29
IMG_0030,4,BDA-EHHO-VC-Calibrated,1,0.010335894012546419,1.0760784602894262,0.9836309523808705,0.0,29
IMG_0030,4,MO-BDA-EHHO-VC,27,0.8691342839790409,0.022168288595316367,0.016369047618914275,0.17859865739675188,29
IMG_0030,5,HHO-VC,1,0.044242087450017786,0.8801388265172324,1.0,0.0,36
IMG_0030,5,EHHO-VC,1,0.10629122424180958,0.7420140741628225,0.896739130434839,0.0,36
IMG_0030,5,BEHHO-VC-Calibrated,1,0.042800971434808564,0.6622007162736672,0.9528985507244682,0.0,36
IMG_0030,5,BDA-EHHO-VC-Calibrated,1,0.12986709593952922,0.6016581124539132,0.7736389684813755,0.0,36
IMG_0030,5,MO-BDA-EHHO-VC,33,0.8601134542667235,0.023426670516335076,0.11747851002865313,0.2167005186446787,36
IMG_0031,1,HHO-VC,1,0.08572699298851282,0.46676532436303314,0.7591706539073395,0.0,83
IMG_0031,1,EHHO-VC,1,0.11509747183899495,0.461637000642304,0.7559808612438662,0.0,83
IMG_0031,1,BEHHO-VC-Calibrated,1,0.08839610608537325,0.5243828264268975,0.8437001594896573,0.0,83
IMG_0031,1,BDA-EHHO-VC-Calibrated,1,0.05841776234159496,0.5568011812249756,0.9074960127590914,0.0,83
IMG_0031,1,MO-BDA-EHHO-VC,82,0.7591076428140892,0.001472189172173605,0.03681026660776171,0.13025744626560343,83
IMG_0031,2,HHO-VC,1,0.013118574614719526,0.6995446708285459,1.0,0.0,66
IMG_0031,2,EHHO-VC,1,0.013118574614719526,0.6995446708285459,1.0,0.0,66
IMG_0031,2,BEHHO-VC-Calibrated,1,0.025965347130145575,0.6434330570208252,0.9570469798657717,0.0,66
IMG_0031,2,BDA-EHHO-VC-Calibrated,1,0.08144582637520087,0.48890825472375615,0.7251908396946342,0.0,66
IMG_0031,2,MO-BDA-EHHO-VC,63,0.8765874558596325,0.0027090991298045187,0.06679389312977446,0.1267744107402595,66
IMG_0031,3,HHO-VC,1,0.1615248480136615,0.8092964456303773,0.7959108481981079,0.0,81
IMG_0031,3,EHHO-VC,1,0.13866597340843304,0.7635529987550331,0.8468677494201835,0.0,81
IMG_0031,3,BEHHO-VC-Calibrated,1,0.06418725492144527,0.8546733559057489,0.8675392849620903,0.0,81
IMG_0031,3,BDA-EHHO-VC-Calibrated,1,0.17128889926620147,0.7210615467918119,0.7517401392113422,0.0,81
IMG_0031,3,MO-BDA-EHHO-VC,77,0.9071978950922163,0.005741764213648616,0.08022130013831258,0.10111529710641012,81
IMG_0031,4,HHO-VC,1,0.1460436393751019,0.7544092695635903,0.7229450019095616,0.0,66
IMG_0031,4,EHHO-VC,1,0.1460436393751019,0.7544092695635903,0.7229450019095616,0.0,66
IMG_0031,4,BEHHO-VC-Calibrated,1,0.1757610734126437,0.46252632374807373,0.6748878923764975,0.0,66
IMG_0031,4,BDA-EHHO-VC-Calibrated,1,0.08930411921992897,0.4842007678193755,0.7040358744393894,0.0,66
IMG_0031,4,MO-BDA-EHHO-VC,64,0.644963144832138,0.011359286712397693,0.24887892376682308,0.11542335895202836,66
IMG_0031,5,HHO-VC,1,0.2449977712424778,0.5833982322584575,0.6900826446280991,0.0,78
IMG_0031,5,EHHO-VC,1,0.23046608921029962,0.6424103185926067,0.6859504132231404,0.0,78
IMG_0031,5,BEHHO-VC-Calibrated,1,0.4548513850783768,0.6186662234914148,0.3992544657614431,0.0,78
IMG_0031,5,BDA-EHHO-VC-Calibrated,1,0.29636610281314435,0.5511459288877155,0.5549765091851603,0.0,78
IMG_0031,5,MO-BDA-EHHO-VC,74,0.8369687192126672,0.012562588931870483,0.1666456384543756,0.11890771943328868,78
IMG_0032,1,HHO-VC,1,0.07900835005648404,0.8378978408819739,0.8408744420776781,0.0,64
IMG_0032,1,EHHO-VC,1,0.10436552797812186,0.8092586898803389,0.7717385235156983,0.0,64
IMG_0032,1,BEHHO-VC-Calibrated,1,0.3550833507837671,0.6259677002843458,0.5366251054114641,0.0,64
IMG_0032,1,BDA-EHHO-VC-Calibrated,1,0.0032484015679741206,1.016748904647086,1.0,0.0,64
IMG_0032,1,MO-BDA-EHHO-VC,62,1.0963827456242856,0.005376654923907064,0.034226190476190486,0.11528999034639578,64
IMG_0032,2,HHO-VC,1,0.02900289690397562,0.6854839049096846,0.9581589958158998,0.0,60
IMG_0032,2,EHHO-VC,1,0.02900289690397562,0.6854839049096846,0.9581589958158998,0.0,60
IMG_0032,2,BEHHO-VC-Calibrated,1,0.029358459134905226,0.6846148828982151,0.9553695955369594,0.0,60
IMG_0032,2,BDA-EHHO-VC-Calibrated,1,0.020980150907360155,0.705199475382953,0.9958158995815901,0.0,60
IMG_0032,2,MO-BDA-EHHO-VC,57,0.6786466457180012,0.006575107810553511,0.004184100418409886,0.15498005304231255,60
IMG_0032,3,HHO-VC,1,0.14113808439754272,0.6581793497712909,0.7506702412867139,0.0,69
IMG_0032,3,EHHO-VC,1,0.14113808439754272,0.6581793497712909,0.7506702412867139,0.0,69
IMG_0032,3,BEHHO-VC-Calibrated,1,0.1532489962995986,0.5632685868701693,0.6487935656836669,0.0,69
IMG_0032,3,BDA-EHHO-VC-Calibrated,1,0.14989640659922449,0.5036364939717396,0.5683646112602196,0.0,69
IMG_0032,3,MO-BDA-EHHO-VC,67,0.7834966938604946,0.0022960434044703754,0.0016129032258063725,0.16123591320717046,69
IMG_0032,4,HHO-VC,1,0.012966091414732898,0.968844880225719,0.9935064935063557,0.0,56
IMG_0032,4,EHHO-VC,1,0.012966091414732898,0.968844880225719,0.9935064935063557,0.0,56
IMG_0032,4,BEHHO-VC-Calibrated,1,0.012485466956706392,0.8704933844550112,1.0,0.0,56
IMG_0032,4,BDA-EHHO-VC-Calibrated,1,0.051180280488075665,0.7431862765294694,0.906926406926421,0.0,56
IMG_0032,4,MO-BDA-EHHO-VC,56,0.9990196768757128,0.0,0.0,0.16654061219826272,56
IMG_0032,5,HHO-VC,1,0.22808787633086908,0.4264060531888838,0.5197255574614359,0.0,75
IMG_0032,5,EHHO-VC,1,0.09009462274626354,0.47430889509744695,0.761400645714369,0.0,75
IMG_0032,5,BEHHO-VC-Calibrated,1,0.31919234935027585,0.5108579640811463,0.44768439108075386,0.0,75
IMG_0032,5,BDA-EHHO-VC-Calibrated,1,0.2765188829155728,0.4958944961600044,0.4734133790737341,0.0,75
IMG_0032,5,MO-BDA-EHHO-VC,74,0.8411421342068589,0.0005616951244956633,0.026073619631901912,0.11195191088431111,75
IMG_0033,1,HHO-VC,1,0.07391680576059018,0.8804362228711514,0.9591297539724236,0.0,68
IMG_0033,1,EHHO-VC,1,0.07391680576059018,0.8804362228711514,0.9591297539724236,0.0,68
IMG_0033,1,BEHHO-VC-Calibrated,1,0.021221151032630538,0.9816670355280311,1.0,0.0,68
IMG_0033,1,BDA-EHHO-VC-Calibrated,1,0.176908784992079,0.6025127326398173,0.6146458583434282,0.0,68
IMG_0033,1,MO-BDA-EHHO-VC,65,0.9560988463858197,0.0018688084355098324,0.0059790732436473025,0.1029199692472447,68
IMG_0033,2,HHO-VC,1,0.24758026866536806,0.5163535737840833,0.5662414848909149,0.0,61
IMG_0033,2,EHHO-VC,1,0.24212330916606967,0.5257879954243933,0.5879294992297741,0.0,61
IMG_0033,2,BEHHO-VC-Calibrated,1,0.1304755834147582,0.6823262835624174,0.6589242053789586,0.0,61
IMG_0033,2,BDA-EHHO-VC-Calibrated,1,0.2897482902618507,0.5269284118818643,0.760342368045649,0.0,61
IMG_0033,2,MO-BDA-EHHO-VC,60,1.1108177540292012,0.0010893339198910655,0.015911434147641026,0.09893107180063172,61
IMG_0033,3,HHO-VC,1,0.05154471430021695,0.526920185323304,0.9060402684563013,0.0,86
IMG_0033,3,EHHO-VC,1,0.0477731715999223,0.530306381929964,0.9177852348993384,0.0,86
IMG_0033,3,BEHHO-VC-Calibrated,1,0.02020202633086931,0.6279197365322275,0.9697986577181702,0.0,86
IMG_0033,3,BDA-EHHO-VC-Calibrated,1,0.04806906487649888,0.5348306675945071,0.8758389261744715,0.0,86
IMG_0033,3,MO-BDA-EHHO-VC,84,0.8994414035437517,0.002396235620797021,0.0029325513196482023,0.08705024969982934,86
IMG_0033,4,HHO-VC,1,0.2103701229358758,0.7580497860979617,0.8859154929577463,0.0,70
IMG_0033,4,EHHO-VC,1,0.18787673912903696,0.8316192547019465,0.932394366197183,0.0,70
IMG_0033,4,BEHHO-VC-Calibrated,1,0.15342908277126197,0.800784365157987,0.9464788732394365,0.0,70
IMG_0033,4,BDA-EHHO-VC-Calibrated,1,0.2982418253638168,0.5511273286946757,0.5070422535211268,0.0,70
IMG_0033,4,MO-BDA-EHHO-VC,68,0.8204028783466157,0.0033988888160874724,0.0491558957347355,0.11176630844675425,70
IMG_0033,5,HHO-VC,1,0.015503537831183033,1.0310928253183336,1.0,0.0,75
IMG_0033,5,EHHO-VC,1,0.015503537831183033,1.0310928253183336,1.0,0.0,75
IMG_0033,5,BEHHO-VC-Calibrated,1,0.054006482123011866,0.8488993353353843,0.9398328667127148,0.0,75
IMG_0033,5,BDA-EHHO-VC-Calibrated,1,0.04862859838287812,0.9570891949307857,0.9797539294484949,0.0,75
IMG_0033,5,MO-BDA-EHHO-VC,72,0.6676942032367623,0.015225970863105622,0.05689388840311016,0.11757941296111112,75
IMG_0034,1,HHO-VC,1,0.1907116290370476,0.7763614612677288,0.6798493066840392,0.0,88
IMG_0034,1,EHHO-VC,1,0.28317945802888594,0.7660691212153523,0.6108245286078027,0.0,88
IMG_0034,1,BEHHO-VC-Calibrated,1,0.2168859537670397,0.62209070295248,0.6351606805292589,0.0,88
IMG_0034,1,BDA-EHHO-VC-Calibrated,1,0.25947487070836783,0.6126220616731672,0.46419035415477383,0.0,88
IMG_0034,1,MO-BDA-EHHO-VC,84,0.7240409515808294,0.009600649245778721,0.1134215500945841,0.12111045914775394,88
IMG_0034,2,HHO-VC,1,0.1224135735196178,0.5740752071326237,0.8262910798121564,0.0,82
IMG_0034,2,EHHO-VC,1,0.1283250832092411,0.5702882392738388,0.8169014084506796,0.0,82
IMG_0034,2,BEHHO-VC-Calibrated,1,0.1237000467619561,0.5849478317269173,0.8294209702659872,0.0,82
IMG_0034,2,BDA-EHHO-VC-Calibrated,1,0.2740816659738365,0.48757744233300226,0.5446009389671097,0.0,82
IMG_0034,2,MO-BDA-EHHO-VC,80,0.8576664649392409,0.0035773756678381275,0.034753144300315064,0.09505894085761554,82
IMG_0034,3,HHO-VC,1,0.03481140148019633,0.6227765602767336,0.8693820224719101,0.0,75
IMG_0034,3,EHHO-VC,1,0.03481140148019633,0.6227765602767336,0.8693820224719101,0.0,75
IMG_0034,3,BEHHO-VC-Calibrated,1,0.10730365527937144,0.5907095190399297,0.8048765065089313,0.0,75
IMG_0034,3,BDA-EHHO-VC-Calibrated,1,0.019924311162957228,0.6858485588996658,0.8932584269662922,0.0,75
IMG_0034,3,MO-BDA-EHHO-VC,75,1.0423140702352829,0.0,0.0,0.13025818387421784,75
IMG_0034,4,HHO-VC,1,0.33736800394940103,0.6528741582757093,0.5575589459084604,0.0,75
IMG_0034,4,EHHO-VC,1,0.30538190513483643,0.6137828679683651,0.5575589459084604,0.0,75
IMG_0034,4,BEHHO-VC-Calibrated,1,0.35855671328109184,0.6297741462666031,0.46226720587726366,0.0,75
IMG_0034,4,BDA-EHHO-VC-Calibrated,1,0.4856434933089454,0.7106708584566088,0.44435417971787405,0.0,75
IMG_0034,4,MO-BDA-EHHO-VC,73,1.0828789765912874,0.006187727561933757,0.18568665377177004,0.13438401461761323,75
IMG_0034,5,HHO-VC,1,0.2536547414608352,0.5394806463788299,0.51141739001282,0.0,75
IMG_0034,5,EHHO-VC,1,0.2927074360429599,0.4786019345326008,0.5300028920004337,0.0,75
IMG_0034,5,BEHHO-VC-Calibrated,1,0.0515341713773839,0.5784350096171067,0.8378378378377425,0.0,75
IMG_0034,5,BDA-EHHO-VC-Calibrated,1,0.17031883296127828,0.5206211477831425,0.6830466830466506,0.0,75
IMG_0034,5,MO-BDA-EHHO-VC,74,0.9249047173995673,0.0010019976350885786,0.04010387827856998,0.1242369638655743,75
IMG_0035,1,HHO-VC,1,0.04642799930452406,0.8426683033762385,0.8199775526483413,0.0,37
IMG_0035,1,EHHO-VC,1,0.04642799930452406,0.8426683033762385,0.8199775526483413,0.0,37
IMG_0035,1,BEHHO-VC-Calibrated,1,0.10328516023012084,0.613497297254775,0.8757396449704941,0.0,37
IMG_0035,1,BDA-EHHO-VC-Calibrated,1,0.19079357143410072,0.6005080476713531,0.6992626332305096,0.0,37
IMG_0035,1,MO-BDA-EHHO-VC,36,1.0924251990026073,0.002285022473579048,0.018023987143345042,0.18268118765275698,37
IMG_0035,2,HHO-VC,1,0.08984151462192906,0.7837783556989535,0.9519572953736655,0.0,38
IMG_0035,2,EHHO-VC,1,0.03695165181949371,0.8832777606596599,1.0,0.0,38
IMG_0035,2,BEHHO-VC-Calibrated,1,0.07719495208557169,0.7760296820785664,0.7811387900355872,0.0,38
IMG_0035,2,BDA-EHHO-VC-Calibrated,1,0.01903141332761485,0.9962354336352133,0.9519572953736655,0.0,38
IMG_0035,2,MO-BDA-EHHO-VC,38,1.1804198772736223,0.0,0.0,0.11174027063303554,38
IMG_0035,3,HHO-VC,1,0.028381000219849076,0.8410295813849973,0.9529735730755847,0.0,31
IMG_0035,3,EHHO-VC,1,0.039721674831672875,0.670007444709187,0.8721657414208044,0.0,31
IMG_0035,3,BEHHO-VC-Calibrated,1,0.09713549897106646,0.6055297524518783,0.7002143466090089,0.0,31
IMG_0035,3,BDA-EHHO-VC-Calibrated,1,0.007282639438506712,0.8359326313679137,1.0,0.0,31
IMG_0035,3,MO-BDA-EHHO-VC,28,0.5074864900527344,0.019725949718260444,0.043272819210476876,0.1625214654253462,31
IMG_0035,4,HHO-VC,1,0.06545479743240942,1.0011259648377677,1.0,0.0,22
IMG_0035,4,EHHO-VC,1,0.06545479743240942,1.0011259648377677,1.0,0.0,22
IMG_0035,4,BEHHO-VC-Calibrated,1,0.06545479743240942,1.0011259648377677,1.0,0.0,22
IMG_0035,4,BDA-EHHO-VC-Calibrated,1,0.35689662740422007,0.6621275351840151,0.5079575596816975,0.0,22
IMG_0035,4,MO-BDA-EHHO-VC,22,1.3461955971922777,0.0,0.0,0.1772435706500002,22
IMG_0035,5,HHO-VC,1,0.15616988810540547,0.47203414921989517,0.6782608695653123,0.0,36
IMG_0035,5,EHHO-VC,1,0.1299929958184664,0.5123243269813114,0.7500000000000001,0.0,36
IMG_0035,5,BEHHO-VC-Calibrated,1,0.21704650196558098,0.611367082064327,0.5763050443829665,0.0,36
IMG_0035,5,BDA-EHHO-VC-Calibrated,1,0.12879908394794257,0.5264165966566012,0.6619206374452348,0.0,36
IMG_0035,5,MO-BDA-EHHO-VC,35,0.6671205047712555,0.007078118315932582,0.06086956521737141,0.1702320375896394,36
IMG_0036,1,HHO-VC,1,0.003392444673223512,1.1237650880394738,1.0,0.0,24
IMG_0036,1,EHHO-VC,1,0.003983688160688304,1.1034685316993638,0.954314720812183,0.0,24
IMG_0036,1,BEHHO-VC-Calibrated,1,0.0078952748893478,0.9876581075002826,1.0,0.0,24
IMG_0036,1,BDA-EHHO-VC-Calibrated,1,0.01990684823836349,0.9063170907338884,0.8994565217390995,0.0,24
IMG_0036,1,MO-BDA-EHHO-VC,24,0.8484820238695455,0.0,0.0,0.24104662082656447,24
IMG_0036,2,HHO-VC,1,0.047537480785736844,0.6408283156640445,0.996654624575376,0.0,31
IMG_0036,2,EHHO-VC,1,0.05172676433903749,0.575276652251656,0.9331391986740121,0.0,31
IMG_0036,2,BEHHO-VC-Calibrated,1,0.06209151266632681,0.6506368762082186,0.9470685920475035,0.0,31
IMG_0036,2,BDA-EHHO-VC-Calibrated,1,0.02109443412537884,0.7547547678653895,1.0,0.0,31
IMG_0036,2,MO-BDA-EHHO-VC,28,0.6089804812728079,0.012043774487914927,0.08943089430894302,0.21801745658942148,31
IMG_0036,3,HHO-VC,1,0.06466226365936044,0.7718707734242991,0.959204513058039,0.0,25
IMG_0036,3,EHHO-VC,1,0.1558358916944332,0.6747875620980482,0.8298206526888342,0.0,25
IMG_0036,3,BEHHO-VC-Calibrated,1,0.15035712112041255,0.7001145503812098,0.8617556654957332,0.0,25
IMG_0036,3,BDA-EHHO-VC-Calibrated,1,0.25914473196424104,0.5689968936759339,0.5531247747204248,0.0,25
IMG_0036,3,MO-BDA-EHHO-VC,25,0.9645136585661043,0.0,0.0,0.15053247118490767,25
IMG_0036,4,HHO-VC,1,0.003865058140744986,1.0636024985148202,0.9706417442043316,0.0,25
IMG_0036,4,EHHO-VC,1,0.003865058140744986,1.0636024985148202,0.9706417442043316,0.0,25
IMG_0036,4,BEHHO-VC-Calibrated,1,0.0022818879081427956,1.09580454676095,1.0,0.0,25
IMG_0036,4,BDA-EHHO-VC-Calibrated,1,0.072322340150642,0.6998412796876419,0.8185847883402935,0.0,25
IMG_0036,4,MO-BDA-EHHO-VC,25,0.9084388339399146,0.0,0.0,0.22842515535052724,25
IMG_0036,5,HHO-VC,1,0.0008454304855909401,1.2402650765421075,1.0,0.0,14
IMG_0036,5,EHHO-VC,1,0.002361830029454974,1.1590560250586108,0.9572244651341623,0.0,14
IMG_0036,5,BEHHO-VC-Calibrated,1,0.003148790022698957,1.157869116861375,0.91128015219636,0.0,14
IMG_0036,5,BDA-EHHO-VC-Calibrated,1,0.006284684703905003,1.099327403269961,0.9045045045045047,0.0,14
IMG_0036,5,MO-BDA-EHHO-VC,14,0.755667119024582,0.0,0.0,0.2705295665369981,14
IMG_0037,1,HHO-VC,1,0.18886259985116866,0.5871147698186117,0.7561728395063738,0.0,68
IMG_0037,1,EHHO-VC,1,0.18950241118609118,0.5890555702964567,0.7561728395063738,0.0,68
IMG_0037,1,BEHHO-VC-Calibrated,1,0.19738956776291422,0.5071637823249595,0.5246913580246322,0.0,68
IMG_0037,1,BDA-EHHO-VC-Calibrated,1,0.23131398678095852,0.5285810324956763,0.5061728395061655,0.0,68
IMG_0037,1,MO-BDA-EHHO-VC,64,0.9554868998485635,0.008072602361032478,0.04365379330019947,0.12988208963506645,68
IMG_0037,2,HHO-VC,1,0.06629853545527013,0.5239212790332244,0.8780141843971802,0.0,90
IMG_0037,2,EHHO-VC,1,0.0666387070633201,0.5353895948160008,0.893617021276677,0.0,90
IMG_0037,2,BEHHO-VC-Calibrated,1,0.09933552069373278,0.5385609548542593,0.809929078014307,0.0,90
IMG_0037,2,BDA-EHHO-VC-Calibrated,1,0.1870143206702655,0.4310277046226622,0.5843971631205799,0.0,90
IMG_0037,2,MO-BDA-EHHO-VC,90,0.7818792874740318,0.0,0.0,0.10364596793052705,90
IMG_0037,3,HHO-VC,1,0.024990491304475698,0.7768316224446463,1.0,0.0,80
IMG_0037,3,EHHO-VC,1,0.024990491304475698,0.7768316224446463,1.0,0.0,80
IMG_0037,3,BEHHO-VC-Calibrated,1,0.025971672082493607,0.7755037689016919,0.9947299077733859,0.0,80
IMG_0037,3,BDA-EHHO-VC-Calibrated,1,0.11315306516683957,0.5969711978627275,0.8300395256916997,0.0,80
IMG_0037,3,MO-BDA-EHHO-VC,76,0.8001548090972181,0.00548620523602105,0.015697881110393434,0.10089299012230682,80
IMG_0037,4,HHO-VC,1,0.04025600976732253,0.8602546603529345,0.897870079613632,0.0,92
IMG_0037,4,EHHO-VC,1,0.04025600976732253,0.8602546603529345,0.897870079613632,0.0,92
IMG_0037,4,BEHHO-VC-Calibrated,1,0.07916050558285387,0.8811519370954667,0.8297854626094532,0.0,92
IMG_0037,4,BDA-EHHO-VC-Calibrated,1,0.11377696375275932,0.7615834940159091,0.8013952503733899,0.0,92
IMG_0037,4,MO-BDA-EHHO-VC,88,0.6382471761248925,0.009783581699948304,0.16151516903908913,0.10081583232397007,92
IMG_0037,5,HHO-VC,1,0.19088811927817526,0.5082419122490172,0.6627419756551016,0.0,88
IMG_0037,5,EHHO-VC,1,0.19088811927817526,0.5082419122490172,0.6627419756551016,0.0,88
IMG_0037,5,BEHHO-VC-Calibrated,1,0.19633254107418935,0.6602347379295055,0.6456898839113315,0.0,88
IMG_0037,5,BDA-EHHO-VC-Calibrated,1,0.31117577389820084,0.5497306393878331,0.5259836165306473,0.0,88
IMG_0037,5,MO-BDA-EHHO-VC,85,0.8247998923991146,0.005860456383285317,0.03527815468108883,0.09663623730944695,88
IMG_0038,1,HHO-VC,1,0.06727380076541783,0.5580020779249556,0.9354838709675645,0.0,59
IMG_0038,1,EHHO-VC,1,0.07994583312498002,0.5430445148836426,0.9032258064514925,0.0,59
IMG_0038,1,BEHHO-VC-Calibrated,1,0.02086552917426779,0.8234850703209541,0.9838709677419543,0.0,59
IMG_0038,1,BDA-EHHO-VC-Calibrated,1,0.07438023873443644,0.6719790577226536,1.0,0.0,59
IMG_0038,1,MO-BDA-EHHO-VC,58,0.8250948071400568,0.003585703670822689,0.011322326954843809,0.09941865762351768,59
IMG_0038,2,HHO-VC,1,0.15015233573263245,0.5104307563821553,0.7477148080437901,0.0,71
IMG_0038,2,EHHO-VC,1,0.11214380031963256,0.5004111054093054,0.7787934186471515,0.0,71
IMG_0038,2,BEHHO-VC-Calibrated,1,0.18706019253757872,0.7887609677902064,0.7197319793431795,0.0,71
IMG_0038,2,BDA-EHHO-VC-Calibrated,1,0.146903660354404,0.8053386506498306,0.7751371115173568,0.0,71
IMG_0038,2,MO-BDA-EHHO-VC,69,0.8230642867989146,0.011305618331738185,0.07434407353122505,0.11893419257446376,71
IMG_0038,3,HHO-VC,1,0.0015823633842050068,1.172881713914871,1.0,0.0,79
IMG_0038,3,EHHO-VC,1,0.29339211281431,0.5630170846525429,0.5294117647057904,0.0,79
IMG_0038,3,BEHHO-VC-Calibrated,1,0.10417402067507309,0.53197114616294,0.698870251422871,0.0,79
IMG_0038,3,BDA-EHHO-VC-Calibrated,1,0.30583114276966855,0.7243852886268836,0.5594771241829416,0.0,79
IMG_0038,3,MO-BDA-EHHO-VC,80,0.9710155650603733,0.0029883442280354395,0.07232267037552165,0.11106639787722203,79
IMG_0038,4,HHO-VC,1,0.15937080680462745,0.7524358155563964,0.6699029126213062,0.0,54
IMG_0038,4,EHHO-VC,1,0.15937080680462745,0.7524358155563964,0.6699029126213062,0.0,54
IMG_0038,4,BEHHO-VC-Calibrated,1,0.004557501906264768,1.1757689878841195,1.0,0.0,54
IMG_0038,4,BDA-EHHO-VC-Calibrated,1,0.3956285824460512,0.6972016967115507,0.6192486955329886,0.0,54
IMG_0038,4,MO-BDA-EHHO-VC,51,1.1063199831562762,0.01064284018341847,0.073786407766881,0.10571630002361927,54
IMG_0038,5,HHO-VC,1,0.02797390737905557,1.1324375888385745,0.9614876223589228,0.0,83
IMG_0038,5,EHHO-VC,1,0.02797390737905557,1.1324375888385745,0.9614876223589228,0.0,83
IMG_0038,5,BEHHO-VC-Calibrated,1,0.0226486763091471,1.0881709138833653,0.9959227833206249,0.0,83
IMG_0038,5,BDA-EHHO-VC-Calibrated,1,0.038091395276004664,0.7222981286351059,0.9706900060708549,0.0,83
IMG_0038,5,MO-BDA-EHHO-VC,80,0.8514773031001933,0.016578163933440464,0.11449016100161274,0.11518803692708617,83
IMG_0039,1,HHO-VC,1,0.026318582612670047,0.9221112812934725,0.9518413597732664,0.0,36
IMG_0039,1,EHHO-VC,1,0.03452050246144969,0.9168775352292813,0.926345609065301,0.0,36
IMG_0039,1,BEHHO-VC-Calibrated,1,0.06964529266782483,0.8534886257062319,0.8307692307692307,0.0,36
IMG_0039,1,BDA-EHHO-VC-Calibrated,1,0.040446704757087885,1.0336133745232114,1.0,0.0,36
IMG_0039,1,MO-BDA-EHHO-VC,36,1.0561774523518859,0.0,0.0,0.17399120706947271,36
IMG_0039,2,HHO-VC,1,0.0893542075159299,0.5457478762431537,0.7692307692308276,0.0,34
IMG_0039,2,EHHO-VC,1,0.09008628654771539,0.5515422776147462,0.702564102564162,0.0,34
IMG_0039,2,BEHHO-VC-Calibrated,1,0.029691838385165446,0.8121087115167958,0.9761033961839155,0.0,34
IMG_0039,2,BDA-EHHO-VC-Calibrated,1,0.10130627813972867,0.652822845175278,0.7671647396115858,0.0,34
IMG_0039,2,MO-BDA-EHHO-VC,33,0.8016032369263066,0.009052045994844824,0.006412615004394995,0.1802065586915049,34
IMG_0039,3,HHO-VC,1,0.005533776990682751,0.927896539177467,1.0,0.0,43
IMG_0039,3,EHHO-VC,1,0.03394187679476126,0.7543820518334557,0.8951747088184586,0.0,43
IMG_0039,3,BEHHO-VC-Calibrated,1,0.057758493684398414,0.77220018978859,0.8629032258064516,0.0,43
IMG_0039,3,BDA-EHHO-VC-Calibrated,1,0.10492936100189469,0.5740998115081289,0.6162610456969914,0.0,43
IMG_0039,3,MO-BDA-EHHO-VC,43,0.7483877693138852,0.0,0.0,0.1552894094079169,43
IMG_0039,4,HHO-VC,1,0.006882400667035202,0.847250900594394,1.0,0.0,21
IMG_0039,4,EHHO-VC,1,0.006882400667035202,0.847250900594394,1.0,0.0,21
IMG_0039,4,BEHHO-VC-Calibrated,1,0.1713193427956014,0.5632385939397763,0.5713652093139523,0.0,21
IMG_0039,4,BDA-EHHO-VC-Calibrated,1,0.006486685897669189,0.9773391208806503,1.0,0.0,21
IMG_0039,4,MO-BDA-EHHO-VC,18,0.5914496827033485,0.07732216507888631,0.1519607843137252,0.17503638044481032,21
IMG_0039,5,HHO-VC,1,0.3990895228196988,0.686321891525318,0.4806878356962835,0.0,19
IMG_0039,5,EHHO-VC,1,0.3990895228196988,0.686321891525318,0.4806878356962835,0.0,19
IMG_0039,5,BEHHO-VC-Calibrated,1,0.07649044645928249,0.9615149388800921,1.0,0.0,19
IMG_0039,5,BDA-EHHO-VC-Calibrated,1,0.21694812477042758,0.7660976268192086,0.6817706630210977,0.0,19
IMG_0039,5,MO-BDA-EHHO-VC,18,0.9508857514497915,0.029513331385326635,0.2152027847854408,0.19556217723316405,19
IMG_0040,1,HHO-VC,1,0.07125003387085366,0.6520682516830149,0.695054945054945,0.0,48
IMG_0040,1,EHHO-VC,1,0.08638310633269765,0.7288382847458136,0.7747252747252747,0.0,48
IMG_0040,1,BEHHO-VC-Calibrated,1,0.02751940309053378,0.6776869206062338,0.7779751332149559,0.0,48
IMG_0040,1,BDA-EHHO-VC-Calibrated,1,0.11764334997384729,0.5248525533340818,0.6854615375192997,0.0,48
IMG_0040,1,MO-BDA-EHHO-VC,46,0.7858205416281332,0.014801892652157518,0.021455526830762683,0.16610136096427155,48
IMG_0040,2,HHO-VC,1,0.1237742970013094,0.7585053912070054,0.7425238638053223,0.0,30
IMG_0040,2,EHHO-VC,1,0.0997585770931616,0.8134233875472532,0.8000150666600587,0.0,30
IMG_0040,2,BEHHO-VC-Calibrated,1,0.017088632722034328,1.0244320514511585,1.0,0.0,30
IMG_0040,2,BDA-EHHO-VC-Calibrated,1,0.2268663086970402,0.5606636981851957,0.49890753140410343,0.0,30
IMG_0040,2,MO-BDA-EHHO-VC,27,0.8232141310772446,0.029509657962509796,0.09130434782608673,0.21117378054373837,30
IMG_0040,3,HHO-VC,1,0.021742534397048954,0.9208999901412128,0.9587852494577006,0.0,39
IMG_0040,3,EHHO-VC,1,0.02277351604887845,0.9135605503054546,0.9544468546637744,0.0,39
IMG_0040,3,BEHHO-VC-Calibrated,1,0.025800427260868432,0.8103749169301432,0.9195979899496536,0.0,39
IMG_0040,3,BDA-EHHO-VC-Calibrated,1,0.006064549693448763,0.9724250197241153,1.0,0.0,39
IMG_0040,3,MO-BDA-EHHO-VC,39,0.7499978592956343,0.0,0.0,0.1533733207312865,39
IMG_0040,4,HHO-VC,1,0.021034898867633,0.9653412852921156,0.9503816793893843,0.0,41
IMG_0040,4,EHHO-VC,1,0.020717917792701473,0.912757102004902,0.9561068702292017,0.0,41
IMG_0040,4,BEHHO-VC-Calibrated,1,0.011122140725737485,1.1416193491840712,0.9007633587787871,0.0,41
IMG_0040,4,BDA-EHHO-VC-Calibrated,1,0.008346505875761051,1.0543618029896384,1.0,0.0,41
IMG_0040,4,MO-BDA-EHHO-VC,37,0.8788818472386408,0.032483774831733224,0.13305367647828772,0.15676342112436867,41
IMG_0040,5,HHO-VC,1,0.06158694429082654,0.7790293510146827,0.7893175074183323,0.0,41
IMG_0040,5,EHHO-VC,1,0.11537503425825811,0.6881779870946235,0.8560830860533442,0.0,41
IMG_0040,5,BEHHO-VC-Calibrated,1,0.17253302794822634,0.6196702754494662,0.7863501483678905,0.0,41
IMG_0040,5,BDA-EHHO-VC-Calibrated,1,0.05542658032103679,0.6839073667297593,0.9599406528189642,0.0,41
IMG_0040,5,MO-BDA-EHHO-VC,39,0.8330075417088016,0.009548653130803421,0.0377358490566038,0.14964111586776058,41
IMG_0041,1,HHO-VC,1,0.008235135135134082,1.114584542867834,1.0,0.0,71
IMG_0041,1,EHHO-VC,1,0.008235135135134082,1.114584542867834,1.0,0.0,71
IMG_0041,1,BEHHO-VC-Calibrated,1,0.04035753320917688,0.9044671222524274,0.949786487639604,0.0,71
IMG_0041,1,BDA-EHHO-VC-Calibrated,1,0.009966827332032975,0.9719460643232148,1.0,0.0,71
IMG_0041,1,MO-BDA-EHHO-VC,69,1.0265211971907444,0.017611400179777758,0.012587412587412543,0.12018915447970499,71
IMG_0041,2,HHO-VC,1,0.001100000000000003,1.3364987015993937,1.0,0.0,78
IMG_0041,2,EHHO-VC,1,0.2727767579509249,0.7253284056095374,0.6007351913269667,0.0,78
IMG_0041,2,BEHHO-VC-Calibrated,1,0.08822126262426645,0.7067599760469515,0.6776315789472643,0.0,78
IMG_0041,2,BDA-EHHO-VC-Calibrated,1,0.19090410588996298,0.4682661722746434,0.5441253974889088,0.0,78
IMG_0041,2,MO-BDA-EHHO-VC,78,1.0126200312847993,0.010041159249489718,0.04127829560585888,0.10805670901241665,78
IMG_0041,3,HHO-VC,1,0.05122764864179482,0.8605530233351225,0.8397304902166086,0.0,85
IMG_0041,3,EHHO-VC,1,0.04884515166727717,0.8784256995774277,0.8513374117555785,0.0,85
IMG_0041,3,BEHHO-VC-Calibrated,1,0.048305546890195054,0.8530079041599092,0.8905891055144084,0.0,85
IMG_0041,3,BDA-EHHO-VC-Calibrated,1,0.13107567590784566,0.5383729824852121,0.6522990497109874,0.0,85
IMG_0041,3,MO-BDA-EHHO-VC,85,0.7531263654755851,0.0,0.0,0.11404821137792677,85
IMG_0041,4,HHO-VC,1,0.2361018251751289,0.5886727712230961,0.6935028248587516,0.0,71
IMG_0041,4,EHHO-VC,1,0.21858365539438274,0.6925673931090611,0.7683615819208744,0.0,71
IMG_0041,4,BEHHO-VC-Calibrated,1,0.06990787451884051,0.9134460033948518,0.8158425516224201,0.0,71
IMG_0041,4,BDA-EHHO-VC-Calibrated,1,0.06682648581760077,0.7089584898456699,0.7426148296854527,0.0,71
IMG_0041,4,MO-BDA-EHHO-VC,69,0.6847253822569073,0.0085192657252973,0.2151975720231564,0.10964197290529122,71
IMG_0041,5,HHO-VC,1,0.13805141272001883,0.5522872274950622,0.8380118489473941,0.0,86
IMG_0041,5,EHHO-VC,1,0.13515858503983422,0.5408015729947412,0.8345590336581775,0.0,86
IMG_0041,5,BEHHO-VC-Calibrated,1,0.2678770088371864,0.5437156544188279,0.7033769963168426,0.0,86
IMG_0041,5,BDA-EHHO-VC-Calibrated,1,0.20279303077104224,0.5018602608444157,0.7455091898838846,0.0,86
IMG_0041,5,MO-BDA-EHHO-VC,83,0.9013131832641961,0.005085965872667629,0.066162570888501,0.11315424176279115,86
IMG_0042,1,HHO-VC,1,0.041487694028136554,0.7491779560062811,0.9270314184779341,0.0,24
IMG_0042,1,EHHO-VC,1,0.041487694028136554,0.7491779560062811,0.9270314184779341,0.0,24
IMG_0042,1,BEHHO-VC-Calibrated,1,0.40101224955060705,0.7087006616136416,0.5943030458335344,0.0,24
IMG_0042,1,BDA-EHHO-VC-Calibrated,1,0.05424999203631287,0.7549711011618436,0.8155813268571188,0.0,24
IMG_0042,1,MO-BDA-EHHO-VC,24,0.8583318603559457,0.007557655886076077,0.1384615384615383,0.2598186720272197,24
IMG_0042,2,HHO-VC,1,0.09059391064711518,0.6297112215715266,0.7336683417085428,0.0,28
IMG_0042,2,EHHO-VC,1,0.10839995262862916,0.6278076417687639,0.7185929648241206,0.0,28
IMG_0042,2,BEHHO-VC-Calibrated,1,0.13836564486731756,0.5481680191424715,0.5695893290530853,0.0,28
IMG_0042,2,BDA-EHHO-VC-Calibrated,1,0.1306164894010587,0.5995437216566123,0.7286432160804022,0.0,28
IMG_0042,2,MO-BDA-EHHO-VC,25,0.8265452014966547,0.025764322951465905,0.0914634146344237,0.21682920448960302,28
IMG_0042,3,HHO-VC,1,0.14989745750785588,0.5400952965921813,0.7467346073950644,0.0,35
IMG_0042,3,EHHO-VC,1,0.15026088325486148,0.5722389566520865,0.7998291111272946,0.0,35
IMG_0042,3,BEHHO-VC-Calibrated,1,0.08990701613466592,0.6817027159197325,0.889534883720758,0.0,35
IMG_0042,3,BDA-EHHO-VC-Calibrated,1,0.14479027125208355,0.556272379326786,0.7667351442299192,0.0,35
IMG_0042,3,MO-BDA-EHHO-VC,33,1.0243185139039863,0.012845757076054348,0.09547436488076042,0.1905684224748026,35
IMG_0042,4,HHO-VC,1,0.227762737380299,0.45495694058488423,0.5481927710842524,0.0,55
IMG_0042,4,EHHO-VC,1,0.04269897931082191,0.8428192631244984,1.0,0.0,55
IMG_0042,4,BEHHO-VC-Calibrated,1,0.1196472324743851,0.6296025775776142,0.7319277108431912,0.0,55
IMG_0042,4,BDA-EHHO-VC-Calibrated,1,0.05170694086873619,0.6393949401246153,0.8704819277108486,0.0,55
IMG_0042,4,MO-BDA-EHHO-VC,53,0.7467840752321993,0.004701247339415149,0.07361642000525634,0.17012877482145156,55
IMG_0042,5,HHO-VC,1,0.03713049792807402,0.8156021073164799,0.9890554662035274,0.0,16
IMG_0042,5,EHHO-VC,1,0.043708537690054054,0.8152736197835657,0.9856348886958267,0.0,16
IMG_0042,5,BEHHO-VC-Calibrated,1,0.1738386260298368,0.6091340890822536,0.5735607675907335,0.0,16
IMG_0042,5,BDA-EHHO-VC-Calibrated,1,0.0280389262272816,0.9698188996457211,1.0,0.0,16
IMG_0042,5,MO-BDA-EHHO-VC,16,1.0297669446695974,0.0,0.0,0.27890167977051883,16
IMG_0043,1,HHO-VC,1,0.04539865033225071,1.0181793962656753,1.0,0.0,70
IMG_0043,1,EHHO-VC,1,0.15589494485933533,0.5765002100615747,0.5425094768862869,0.0,70
IMG_0043,1,BEHHO-VC-Calibrated,1,0.038325355402843146,1.1658626015635034,0.9251876505093435,0.0,70
IMG_0043,1,BDA-EHHO-VC-Calibrated,1,0.2624060021759991,0.8138487667244236,0.655106277257273,0.0,70
IMG_0043,1,MO-BDA-EHHO-VC,67,0.885931885352945,0.009292939498558812,0.13186813186813187,0.12055472570386129,70
IMG_0043,2,HHO-VC,1,0.13408548618373198,0.5720202923741398,0.7749546279491834,0.0,76
IMG_0043,2,EHHO-VC,1,0.13408548618373198,0.5720202923741398,0.7749546279491834,0.0,76
IMG_0043,2,BEHHO-VC-Calibrated,1,0.12135602568209987,0.8706217714210908,0.9346642468239563,0.0,76
IMG_0043,2,BDA-EHHO-VC-Calibrated,1,0.08176306620820777,0.8324086068393445,0.9818511796733213,0.0,76
IMG_0043,2,MO-BDA-EHHO-VC,72,0.9184660919003974,0.014066612262104448,0.2113943028485581,0.1255645013692147,76
IMG_0043,3,HHO-VC,1,0.33399642129647594,0.8896401491057302,0.6798324312653626,0.0,60
IMG_0043,3,EHHO-VC,1,0.33209883046184613,0.8973983129471425,0.6868323460271877,0.0,60
IMG_0043,3,BEHHO-VC-Calibrated,1,0.2701393328118345,0.8761662711999725,0.7507019890205738,0.0,60
IMG_0043,3,BDA-EHHO-VC-Calibrated,1,0.29009332062096915,0.5485755966210436,0.4337349397590877,0.0,60
IMG_0043,3,MO-BDA-EHHO-VC,57,0.865636406413041,0.016926795703356274,0.1798829296878347,0.12904418208970575,60
IMG_0043,4,HHO-VC,1,0.32938367756695436,0.6123598785597416,0.5053995680346345,0.0,46
IMG_0043,4,EHHO-VC,1,0.3511556592309178,0.5392155729553817,0.434945912375435,0.0,46
IMG_0043,4,BEHHO-VC-Calibrated,1,0.3514879136089402,0.5934422286181203,0.4362850971924004,0.0,46
IMG_0043,4,BDA-EHHO-VC-Calibrated,1,0.26931724575010685,0.4451140504602857,0.5195530726256983,0.0,46
IMG_0043,4,MO-BDA-EHHO-VC,45,1.1307217912753469,0.007217950135183843,0.0800744878957168,0.14714868928111174,46
IMG_0043,5,HHO-VC,1,0.22922552755284928,0.5536600378491453,0.7079934747145188,0.0,40
IMG_0043,5,EHHO-VC,1,0.027796153181258852,1.2705456675308913,1.0,0.0,40
IMG_0043,5,BEHHO-VC-Calibrated,1,0.2267032515789658,0.7950561891958566,0.6239159802054041,0.0,40
IMG_0043,5,BDA-EHHO-VC-Calibrated,1,0.11880538094270654,0.5989065276076182,0.8140293637846655,0.0,40
IMG_0043,5,MO-BDA-EHHO-VC,39,1.00424394723981,0.01225973836438353,0.0717781402936379,0.14095074853048253,40
IMG_0044,1,HHO-VC,1,0.09136997650161328,0.7531846475010051,0.7605843843522616,0.0,40
IMG_0044,1,EHHO-VC,1,0.09136997650161328,0.7531846475010051,0.7605843843522616,0.0,40
IMG_0044,1,BEHHO-VC-Calibrated,1,0.003925862068964661,1.0500208763807086,1.0,0.0,40
IMG_0044,1,BDA-EHHO-VC-Calibrated,1,0.08230474425477043,0.7003862398924168,0.6528300641229844,0.0,40
IMG_0044,1,MO-BDA-EHHO-VC,37,0.6881587889420239,0.040037495408259495,0.10423452768729638,0.14138150098975566,40
IMG_0044,2,HHO-VC,1,0.03150179422246639,0.7273188832028941,0.9002770083103586,0.0,49
IMG_0044,2,EHHO-VC,1,0.04589439023700531,0.6830050590710995,0.9263657957244654,0.0,49
IMG_0044,2,BEHHO-VC-Calibrated,1,0.006880161525945552,0.8492430694492905,1.0,0.0,49
IMG_0044,2,BDA-EHHO-VC-Calibrated,1,0.09302246620241411,0.4986997476509951,0.8753462603877813,0.0,49
IMG_0044,2,MO-BDA-EHHO-VC,49,0.9906297973078557,0.0,0.0,0.15021078455913514,49
IMG_0044,3,HHO-VC,1,0.020487344474173108,0.8837948547733914,1.0,0.0,36
IMG_0044,3,EHHO-VC,1,0.020487344474173108,0.8837948547733914,1.0,0.0,36
IMG_0044,3,BEHHO-VC-Calibrated,1,0.0039271609938359145,0.9828690472186857,1.0,0.0,36
IMG_0044,3,BDA-EHHO-VC-Calibrated,1,0.01440107688876433,0.7525515460847527,0.9169841678517385,0.0,36
IMG_0044,3,MO-BDA-EHHO-VC,34,0.7415324672946626,0.005281686653805549,0.04802259886996907,0.17262480949814984,36
IMG_0044,4,HHO-VC,1,0.05137700536945075,0.9231160339749268,0.955810147299509,0.0,46
IMG_0044,4,EHHO-VC,1,0.033472556752177925,0.9608672358432249,1.0,0.0,46
IMG_0044,4,BEHHO-VC-Calibrated,1,0.17258132231842538,0.552207995401133,0.5875613747954175,0.0,46
IMG_0044,4,BDA-EHHO-VC-Calibrated,1,0.11908489928944756,0.4884479513892114,0.6543624161074771,0.0,46
IMG_0044,4,MO-BDA-EHHO-VC,46,0.9277033258598489,0.0,0.0,0.1497189314107258,46
IMG_0044,5,HHO-VC,1,0.05227479420083079,0.7583570405749106,0.9348837209302324,0.0,41
IMG_0044,5,EHHO-VC,1,0.05237979441705317,0.6787432688871404,0.83953488372093,0.0,41
IMG_0044,5,BEHHO-VC-Calibrated,1,0.07263317394903293,0.6523609006454963,0.8,0.0,41
IMG_0044,5,BDA-EHHO-VC-Calibrated,1,0.11062921155844667,0.5770312088641475,0.6882845188285669,0.0,41
IMG_0044,5,MO-BDA-EHHO-VC,41,0.8823783096464627,0.0,0.0,0.15407334929589384,41
IMG_0045,1,HHO-VC,1,0.01439533103092377,0.9428597874382707,0.9758771929826286,0.0,41
IMG_0045,1,EHHO-VC,1,0.01439533103092377,0.9428597874382707,0.9758771929826286,0.0,41
IMG_0045,1,BEHHO-VC-Calibrated,1,0.015683710633098504,0.9697662851691383,1.0,0.0,41
IMG_0045,1,BDA-EHHO-VC-Calibrated,1,0.08593260616498617,0.6062088972871158,0.7500000000000634,0.0,41
IMG_0045,1,MO-BDA-EHHO-VC,40,1.104749908863575,0.01358077346859825,0.010079426092165333,0.17070633156209306,41
IMG_0045,2,HHO-VC,1,0.0013906467621537478,1.3008030131895358,1.0,0.0,33
IMG_0045,2,EHHO-VC,1,0.006069217859561854,1.1603562999499362,1.0,0.0,33
IMG_0045,2,BEHHO-VC-Calibrated,1,0.010007970795530185,1.1181413915163092,0.9371816638370118,0.0,33
IMG_0045,2,BDA-EHHO-VC-Calibrated,1,0.01796526603525599,1.0267008848894081,0.8329466357308216,0.0,33
IMG_0045,2,MO-BDA-EHHO-VC,33,1.2886844329996006,0.0,0.0,0.13562292781729876,33
IMG_0045,3,HHO-VC,1,0.023560321453753738,0.8224115533442534,0.9094269870609981,0.0,65
IMG_0045,3,EHHO-VC,1,0.2666781807435276,0.6270212861173232,0.567467652495379,0.0,65
IMG_0045,3,BEHHO-VC-Calibrated,1,0.26079997957182294,0.7882459774319386,0.6672828096118301,0.0,65
IMG_0045,3,BDA-EHHO-VC-Calibrated,1,0.023313066044101823,0.8283855237852972,1.0,0.0,65
IMG_0045,3,MO-BDA-EHHO-VC,63,0.9575358861078009,0.012490306481907925,0.235185185185137,0.12054667686202429,65
IMG_0045,4,HHO-VC,1,0.06720392421078172,0.7997520887687529,1.0,0.0,47
IMG_0045,4,EHHO-VC,1,0.07393543251280617,0.855201992584195,0.929245283018868,0.0,47
IMG_0045,4,BEHHO-VC-Calibrated,1,0.17213393580022607,0.5413980983257627,0.7264150943396228,0.0,47
IMG_0045,4,BDA-EHHO-VC-Calibrated,1,0.3071076122330016,0.5422589476372697,0.6485849056603775,0.0,47
IMG_0045,4,MO-BDA-EHHO-VC,45,1.03936799601151,0.014782664368167659,0.13620307964710263,0.14327956280716397,47
IMG_0045,5,HHO-VC,1,0.06267092116313591,0.8946048002511424,1.0,0.0,42
IMG_0045,5,EHHO-VC,1,0.11125179714236062,0.8137473851910115,0.8277001941234786,0.0,42
IMG_0045,5,BEHHO-VC-Calibrated,1,0.18569029090485362,0.7191291406127839,0.8217308173968089,0.0,42
IMG_0045,5,BDA-EHHO-VC-Calibrated,1,0.003222978619301696,1.1262038487860686,1.0,0.0,42
IMG_0045,5,MO-BDA-EHHO-VC,39,1.1040912986025029,0.021214844399682232,0.06598240469208004,0.1497844190077526,42
IMG_0046,1,HHO-VC,1,0.0879611499657066,0.7724996553327556,0.8188520070487668,0.0,87
IMG_0046,1,EHHO-VC,1,0.0879611499657066,0.7724996553327556,0.8188520070487668,0.0,87
IMG_0046,1,BEHHO-VC-Calibrated,1,0.1289254216509475,0.5544419908394731,0.7452830188680264,0.0,87
IMG_0046,1,BDA-EHHO-VC-Calibrated,1,0.03513476198378182,0.7150801189793841,1.0,0.0,87
IMG_0046,1,MO-BDA-EHHO-VC,87,0.713478337077443,0.0,0.0,0.10523895866737,87
IMG_0046,2,HHO-VC,1,0.12101584702954618,0.5842510097919111,0.662903225806503,0.0,75
IMG_0046,2,EHHO-VC,1,0.22413223729616166,0.6071936753079052,0.5764787626125316,0.0,75
IMG_0046,2,BEHHO-VC-Calibrated,1,0.0642060812560795,0.8613870949318713,0.9141878271568304,0.0,75
IMG_0046,2,BDA-EHHO-VC-Calibrated,1,0.059686401068213775,0.861681418175261,0.9152652133076251,0.0,75
IMG_0046,2,MO-BDA-EHHO-VC,75,0.9262694918677921,0.0,0.0,0.1008465847313455,75
IMG_0046,3,HHO-VC,1,0.36545994580290325,0.4238896886672238,0.3701754385964589,0.0,74
IMG_0046,3,EHHO-VC,1,0.36545994580290325,0.4238896886672238,0.3701754385964589,0.0,74
IMG_0046,3,BEHHO-VC-Calibrated,1,0.45423940629261933,0.4388543410084384,0.3371104815864023,0.0,74
IMG_0046,3,BDA-EHHO-VC-Calibrated,1,0.3120499350757634,0.5283116459603364,0.5953210167652447,0.0,74
IMG_0046,3,MO-BDA-EHHO-VC,70,0.9407647294369914,0.005373012252469056,0.1331444759206798,0.11244319565604304,74
IMG_0046,4,HHO-VC,1,0.11287185749412199,0.48936808836275564,0.7452054794520548,0.0,85
IMG_0046,4,EHHO-VC,1,0.12195649063598044,0.5328048899464312,0.7397260273972603,0.0,85
IMG_0046,4,BEHHO-VC-Calibrated,1,0.02095294475067949,0.5453390143660306,0.9421388070286572,0.0,85
IMG_0046,4,BDA-EHHO-VC-Calibrated,1,0.022357323963089877,0.5172280829884902,0.9304537441855187,0.0,85
IMG_0046,4,MO-BDA-EHHO-VC,81,0.9030761143940498,0.0042956440539085455,0.05982905982898129,0.11473699631227804,85
IMG_0046,5,HHO-VC,1,0.14182033111488365,0.43745919740299144,0.674147160684565,0.0,75
IMG_0046,5,EHHO-VC,1,0.13410476219760414,0.4383286002903184,0.6952682897540359,0.0,75
IMG_0046,5,BEHHO-VC-Calibrated,1,0.008260688825626649,1.1553416569015729,1.0,0.0,75
IMG_0046,5,BDA-EHHO-VC-Calibrated,1,0.05469621452894568,0.9657578109663524,0.873570770958973,0.0,75
IMG_0046,5,MO-BDA-EHHO-VC,74,0.9582372589995816,0.0046177882165780925,0.002805049088359022,0.12184355663281426,75
IMG_0047,1,HHO-VC,1,0.00914244355143012,1.0103681480393447,0.9603858496992187,0.0,39
IMG_0047,1,EHHO-VC,1,0.006597887734441242,1.0348239559548575,1.0,0.0,39
IMG_0047,1,BEHHO-VC-Calibrated,1,0.02144579708947335,0.8476805899711854,0.9061165042914291,0.0,39
IMG_0047,1,BDA-EHHO-VC-Calibrated,1,0.019403260645031707,0.9315143752369835,0.8407981710246895,0.0,39
IMG_0047,1,MO-BDA-EHHO-VC,39,0.7485187205112457,0.0,0.0,0.15978882047941045,39
IMG_0047,2,HHO-VC,1,0.001100000000000003,1.3377127096685058,1.0,0.0,43
IMG_0047,2,EHHO-VC,1,0.001100000000000003,1.3377127096685058,1.0,0.0,43
IMG_0047,2,BEHHO-VC-Calibrated,1,0.001100000000000003,1.3377127096685058,1.0,0.0,43
IMG_0047,2,BDA-EHHO-VC-Calibrated,1,0.06451699019616096,0.8436877549543432,0.7569573283859141,0.0,43
IMG_0047,2,MO-BDA-EHHO-VC,40,1.0746322621083453,0.05019392573660433,0.013400335008375102,0.10964583917532997,43
IMG_0047,3,HHO-VC,1,0.0328064746500467,0.6920073034735421,0.8802083333333334,0.0,50
IMG_0047,3,EHHO-VC,1,0.024068919491944583,0.734037396160441,0.8819444444444445,0.0,50
IMG_0047,3,BEHHO-VC-Calibrated,1,0.054229949991512885,0.7745035893400117,0.9233677565757037,0.0,50
IMG_0047,3,BDA-EHHO-VC-Calibrated,1,0.04426732754121521,0.6354878694365589,0.9506257912443096,0.0,50
IMG_0047,3,MO-BDA-EHHO-VC,50,0.9908512106728561,0.0,0.0,0.1261562013850434,50
IMG_0047,4,HHO-VC,1,0.01669812625883452,0.9032587913554925,1.0,0.0,55
IMG_0047,4,EHHO-VC,1,0.01669812625883452,0.9032587913554925,1.0,0.0,55
IMG_0047,4,BEHHO-VC-Calibrated,1,0.11094121229740475,0.6081596223623232,0.6482748137938366,0.0,55
IMG_0047,4,BDA-EHHO-VC-Calibrated,1,0.020333132976604138,0.8102736811188437,0.9692776924206123,0.0,55
IMG_0047,4,MO-BDA-EHHO-VC,55,1.0573436654211819,0.0,0.0,0.1210430692988849,55
IMG_0047,5,HHO-VC,1,0.2617800237917385,0.7071134051591013,0.5963708726317175,0.0,55
IMG_0047,5,EHHO-VC,1,0.25948784476382697,0.7881416786212716,0.6166518915739047,0.0,55
IMG_0047,5,BEHHO-VC-Calibrated,1,0.14098517088893422,0.6871686703435823,0.5975924052360315,0.0,55
IMG_0047,5,BDA-EHHO-VC-Calibrated,1,0.2938753839262982,0.6733078978449306,0.5872101447516139,0.0,55
IMG_0047,5,MO-BDA-EHHO-VC,53,0.887261287001953,0.008101635818736002,0.05544984791983926,0.11271558864246153,55
IMG_0048,1,HHO-VC,1,0.3346789734947335,0.6756494219552757,0.5515926659555221,0.0,73
IMG_0048,1,EHHO-VC,1,0.3372624236138898,0.7551534970688342,0.6142817103296296,0.0,73
IMG_0048,1,BEHHO-VC-Calibrated,1,0.43643910758915716,0.5942531913467581,0.4573305793968826,0.0,73
IMG_0048,1,BDA-EHHO-VC-Calibrated,1,0.2838132457805846,0.4561218504694755,0.4301757372283703,0.0,73
IMG_0048,1,MO-BDA-EHHO-VC,69,1.0254371274389926,0.009071970555169942,0.09041591320083167,0.12890450240450943,73
IMG_0048,2,HHO-VC,1,0.06497067707681664,0.6524174665241953,0.7563636363637396,0.0,74
IMG_0048,2,EHHO-VC,1,0.12572958458143432,0.6992324631742536,0.7818181818182596,0.0,74
IMG_0048,2,BEHHO-VC-Calibrated,1,0.13855064151039023,0.6323049923003851,0.7090909090908316,0.0,74
IMG_0048,2,BDA-EHHO-VC-Calibrated,1,0.12119172901804609,0.5537020699332127,0.6745454545455694,0.0,74
IMG_0048,2,MO-BDA-EHHO-VC,74,0.9288183562578538,0.0,0.0,0.10525188257448632,74
IMG_0048,3,HHO-VC,1,0.023202140476390708,0.7417824792495572,1.0,0.0,60
IMG_0048,3,EHHO-VC,1,0.044592598824665104,0.6839497952246575,0.8802083333331854,0.0,60
IMG_0048,3,BEHHO-VC-Calibrated,1,0.05725408919292823,0.6239673679784284,0.7609182655672317,0.0,60
IMG_0048,3,BDA-EHHO-VC-Calibrated,1,0.08436592007757608,0.5807020307059112,0.7925172610262904,0.0,60
IMG_0048,3,MO-BDA-EHHO-VC,60,0.8568498873649334,0.0,0.0,0.13540139635235118,60
IMG_0048,4,HHO-VC,1,0.2561596965848496,0.5872184674935874,0.5525881280795952,0.0,58
IMG_0048,4,EHHO-VC,1,0.048374508454283184,0.7362323298420723,1.0,0.0,58
IMG_0048,4,BEHHO-VC-Calibrated,1,0.053855993288600364,0.8736595960942364,0.8794137220162069,0.0,58
IMG_0048,4,BDA-EHHO-VC-Calibrated,1,0.14680046792949178,0.5332034166943558,0.5136540394451572,0.0,58
IMG_0048,4,MO-BDA-EHHO-VC,56,1.064062740954038,0.01270423399460718,0.03516819571865434,0.13338905226152895,58
IMG_0048,5,HHO-VC,1,0.2196539341618692,0.6270835383786653,0.6290833928745053,0.0,57
IMG_0048,5,EHHO-VC,1,0.28298113843938294,0.542866249409379,0.44125604230806126,0.0,57
IMG_0048,5,BEHHO-VC-Calibrated,1,0.10630564842443666,0.500989140381535,0.8455114822546407,0.0,57
IMG_0048,5,BDA-EHHO-VC-Calibrated,1,0.15263102786335433,0.7541556691145479,0.7987334721513828,0.0,57
IMG_0048,5,MO-BDA-EHHO-VC,54,0.6822498684961829,0.01485529664757544,0.23382045929009948,0.13945306988072817,57
IMG_0049,1,HHO-VC,1,0.025825334564211645,0.8209383049459914,1.0,0.0,42
IMG_0049,1,EHHO-VC,1,0.435249407473808,0.8636019183175458,0.6796088516211859,0.0,42
IMG_0049,1,BEHHO-VC-Calibrated,1,0.20288237854765792,0.8430986437549632,0.7573807521521674,0.0,42
IMG_0049,1,BDA-EHHO-VC-Calibrated,1,0.01372200340166297,0.9485472297370598,1.0,0.0,42
IMG_0049,1,MO-BDA-EHHO-VC,42,1.011171616311335,0.007945480122468368,0.23153180134208623,0.15535584613653786,42
IMG_0049,2,HHO-VC,1,0.1471916028330349,0.5688343058243044,0.7420814479638009,0.0,23
IMG_0049,2,EHHO-VC,1,0.33218923428305225,0.44437927593629967,0.5384615384615382,0.0,23
IMG_0049,2,BEHHO-VC-Calibrated,1,0.32844054573503234,0.49986085811672015,0.5279187817257949,0.0,23
IMG_0049,2,BDA-EHHO-VC-Calibrated,1,0.040520158335005205,0.9413443857773716,1.0,0.0,23
IMG_0049,2,MO-BDA-EHHO-VC,21,0.8362981214247558,0.041146209223304135,0.1658206429779825,0.23746841764307022,23
IMG_0049,3,HHO-VC,1,0.19153918649627782,0.511120959401077,0.6626865671641939,0.0,23
IMG_0049,3,EHHO-VC,1,0.383038287558263,0.5016219004550004,0.4208955223879054,0.0,23
IMG_0049,3,BEHHO-VC-Calibrated,1,0.13288944788725332,0.6257917673328346,0.7641791044774349,0.0,23
IMG_0049,3,BDA-EHHO-VC-Calibrated,1,0.015474004047935773,1.0071290396300894,1.0,0.0,23
IMG_0049,3,MO-BDA-EHHO-VC,21,1.0494556760189155,0.019958259883834366,0.07390300230946874,0.23312968819266794,23
IMG_0049,4,HHO-VC,1,0.008000510972282071,1.0188205651011806,1.0,0.0,19
IMG_0049,4,EHHO-VC,1,0.19204678126016153,0.6661779527356033,0.839182500515435,0.0,19
IMG_0049,4,BEHHO-VC-Calibrated,1,0.20331919281500474,0.734027136270995,0.6932165125533344,0.0,19
IMG_0049,4,BDA-EHHO-VC-Calibrated,1,0.008883944485194228,1.1753454281562945,1.0,0.0,19
IMG_0049,4,MO-BDA-EHHO-VC,18,1.2024768017904597,0.012628193643579,0.0020080321285139637,0.19626357149647572,19
IMG_0049,5,HHO-VC,1,0.03847855893841403,0.830065599436604,0.8122807017543376,0.0,39
IMG_0049,5,EHHO-VC,1,0.23206112701809878,0.5856287114921527,0.6263157894737038,0.0,39
IMG_0049,5,BEHHO-VC-Calibrated,1,0.2689842821507201,0.8809141366808289,0.777735759505879,0.0,39
IMG_0049,5,BDA-EHHO-VC-Calibrated,1,0.08210390626250891,0.8172168422217309,0.9636769923174555,0.0,39
IMG_0049,5,MO-BDA-EHHO-VC,37,0.759377397730552,0.029630531897274236,0.2223344020950605,0.18760749550247505,39
IMG_0050,1,HHO-VC,1,0.14332807655006155,0.5913373648798174,0.734848484848411,0.0,48
IMG_0050,1,EHHO-VC,1,0.14332807655006155,0.5913373648798174,0.734848484848411,0.0,48
IMG_0050,1,BEHHO-VC-Calibrated,1,0.23417740369283888,0.5134814372019433,0.6484848484848159,0.0,48
IMG_0050,1,BDA-EHHO-VC-Calibrated,1,0.29107760256704096,0.5002422937343928,0.49146757679180886,0.0,48
IMG_0050,1,MO-BDA-EHHO-VC,45,0.9327595730763336,0.013204781149068987,0.08030303030299601,0.16202534844627714,48
IMG_0050,2,HHO-VC,1,0.029581894746072156,0.7016731473948262,1.0,0.0,44
IMG_0050,2,EHHO-VC,1,0.062069740771862614,0.6321841941958951,0.9384344766931547,0.0,44
IMG_0050,2,BEHHO-VC-Calibrated,1,0.05887362993251387,0.5515998541565907,0.9032541776605506,0.0,44
IMG_0050,2,BDA-EHHO-VC-Calibrated,1,0.009511263203810698,0.8417679770337817,1.0,0.0,44
IMG_0050,2,MO-BDA-EHHO-VC,44,0.9450344689689986,0.0,0.0,0.1576899983489253,44
IMG_0050,3,HHO-VC,1,0.024715434690788376,0.915504693571597,1.0,0.0,21
IMG_0050,3,EHHO-VC,1,0.1456079301197036,0.7220975318938385,0.7313432835822233,0.0,21
IMG_0050,3,BEHHO-VC-Calibrated,1,0.05997038286508928,0.8573024160726815,0.9424307036246741,0.0,21
IMG_0050,3,BDA-EHHO-VC-Calibrated,1,0.04826076696462222,0.85595537755644,0.8594594594594595,0.0,21
IMG_0050,3,MO-BDA-EHHO-VC,21,1.0991938300156934,0.0,0.0,0.23413176590602194,21
IMG_0050,4,HHO-VC,1,0.0029957227807836367,1.1721841129119193,1.0,0.0,22
IMG_0050,4,EHHO-VC,1,0.013067208398941165,0.9875627710718059,1.0,0.0,22
IMG_0050,4,BEHHO-VC-Calibrated,1,0.056594760425112835,0.9668306997898828,0.8095909732017197,0.0,22
IMG_0050,4,BDA-EHHO-VC-Calibrated,1,0.012846899894903195,0.8454723467009173,1.0,0.0,22
IMG_0050,4,MO-BDA-EHHO-VC,19,1.1949157605575578,0.0772683460156271,0.07462686567164178,0.248151629926273,22
IMG_0050,5,HHO-VC,1,0.10554742281532174,0.738935756781977,0.9635700132689645,0.0,56
IMG_0050,5,EHHO-VC,1,0.061131783262658744,0.8297535802313423,0.8620102214649696,0.0,56
IMG_0050,5,BEHHO-VC-Calibrated,1,0.047486524082811864,0.8697155641398003,1.0,0.0,56
IMG_0050,5,BDA-EHHO-VC-Calibrated,1,0.2376933592598483,0.460762227013503,0.5449438202247192,0.0,56
IMG_0050,5,MO-BDA-EHHO-VC,54,1.1043822562476953,0.009784418875106489,0.13117546848394793,0.1485884426385575,56
IMG_0051,1,HHO-VC,1,0.06695622257475897,0.781877617986814,0.874617737003058,0.0,26
IMG_0051,1,EHHO-VC,1,0.05948115070038177,0.7129429458460212,0.8501529051987766,0.0,26
IMG_0051,1,BEHHO-VC-Calibrated,1,0.21725564691948532,0.5306477130786876,0.7060795395807232,0.0,26
IMG_0051,1,BDA-EHHO-VC-Calibrated,1,0.10261379073531132,0.6085999374528123,0.691914570221156,0.0,26
IMG_0051,1,MO-BDA-EHHO-VC,25,0.8099821858589963,0.007261186065042715,0.07869481765834721,0.220461344907451,26
IMG_0051,2,HHO-VC,1,0.1231583902532325,0.7569457477172894,0.7436221393757396,0.0,58
IMG_0051,2,EHHO-VC,1,0.1231583902532325,0.7569457477172894,0.7436221393757396,0.0,58
IMG_0051,2,BEHHO-VC-Calibrated,1,0.04511124119031924,0.9076886710968672,0.8359788334505645,0.0,58
IMG_0051,2,BDA-EHHO-VC-Calibrated,1,0.03776769785095783,0.9077265524907455,0.9796610169491915,0.0,58
IMG_0051,2,MO-BDA-EHHO-VC,54,1.183195429610095,0.018676068823200113,0.030674846625766868,0.12577323930323192,58
IMG_0051,3,HHO-VC,1,0.11091215561556392,0.8800099278838822,1.0,0.0,20
IMG_0051,3,EHHO-VC,1,0.2735464398297691,0.6764502922017843,0.7764040599061854,0.0,20
IMG_0051,3,BEHHO-VC-Calibrated,1,0.10614071575272595,0.6291441626324041,0.6531645569620317,0.0,20
IMG_0051,3,BDA-EHHO-VC-Calibrated,1,0.002413297436265632,1.0480498492927197,1.0,0.0,20
IMG_0051,3,MO-BDA-EHHO-VC,18,0.8053262095646319,0.01996218525913131,0.1367088607592736,0.26842180935896237,20
IMG_0051,4,HHO-VC,1,0.21130250081807145,0.7145887273451965,0.7256235827664419,0.0,38
IMG_0051,4,EHHO-VC,1,0.050251820182789585,0.7520878087653188,1.0,0.0,38
IMG_0051,4,BEHHO-VC-Calibrated,1,0.15422969595212516,0.7736475106670794,0.816326530612422,0.0,38
IMG_0051,4,BDA-EHHO-VC-Calibrated,1,0.17510453753291108,0.7198599770298809,0.832199546485244,0.0,38
IMG_0051,4,MO-BDA-EHHO-VC,35,0.9999251929374174,0.006775079074747732,0.0988905401562803,0.159222226319524,38
IMG_0051,5,HHO-VC,1,0.0076914157932108105,0.9792632794905276,1.0,0.0,43
IMG_0051,5,EHHO-VC,1,0.0076914157932108105,0.9792632794905276,1.0,0.0,43
IMG_0051,5,BEHHO-VC-Calibrated,1,0.20142756865880448,0.5944372842049234,0.5915903643500726,0.0,43
IMG_0051,5,BDA-EHHO-VC-Calibrated,1,0.080188382829717,0.6232028783138219,0.6945054945055474,0.0,43
IMG_0051,5,MO-BDA-EHHO-VC,40,0.9217965558676706,0.021787925731799548,0.035164835164773756,0.16011342929852557,43
IMG_0052,1,HHO-VC,1,0.28517715396191723,0.6827424217619108,0.659090909090909,0.0,60
IMG_0052,1,EHHO-VC,1,0.04366380264136329,0.6972187485688769,0.8257575757575756,0.0,60
IMG_0052,1,BEHHO-VC-Calibrated,1,0.10339386824375407,0.6129981634750761,0.7662015942879157,0.0,60
IMG_0052,1,BDA-EHHO-VC-Calibrated,1,0.06946117580130323,0.6280219826606912,0.8238636363636364,0.0,60
IMG_0052,1,MO-BDA-EHHO-VC,59,0.8155274008535461,0.005795314789184552,0.11077844311379048,0.11842511655493411,60
IMG_0052,2,HHO-VC,1,0.12102153277639308,0.997670961066559,0.9809350143050258,0.0,69
IMG_0052,2,EHHO-VC,1,0.10593617390375053,1.027249366856342,1.0,0.0,69
IMG_0052,2,BEHHO-VC-Calibrated,1,0.12206585955397815,0.5916617406344542,0.6491244415137252,0.0,69
IMG_0052,2,BDA-EHHO-VC-Calibrated,1,0.05415017802701354,0.5966350343696007,0.8123515439428441,0.0,69
IMG_0052,2,MO-BDA-EHHO-VC,67,0.8915023403515842,0.004817612934656885,0.04061315748710828,0.12223414582739989,69
IMG_0052,3,HHO-VC,1,0.14079019827521974,0.7866014921255218,0.6873546315900071,0.0,63
IMG_0052,3,EHHO-VC,1,0.04020957223578633,0.6953216190680673,0.9879518072287651,0.0,63
IMG_0052,3,BEHHO-VC-Calibrated,1,0.06562959596256858,0.8321178401482409,0.7724239086977962,0.0,63
IMG_0052,3,BDA-EHHO-VC-Calibrated,1,0.028092994552624536,0.9848833095777906,0.9372821401939818,0.0,63
IMG_0052,3,MO-BDA-EHHO-VC,62,0.9554141115573617,0.007162871583279403,0.03404255319148926,0.13257341531171168,63
IMG_0052,4,HHO-VC,1,0.3114583773353998,0.5955315387019053,0.46680080482897385,0.0,76
IMG_0052,4,EHHO-VC,1,0.3048641286897828,0.5825603842162598,0.46178343949038536,0.0,76
IMG_0052,4,BEHHO-VC-Calibrated,1,0.24024940149011909,0.46558318233415674,0.45541401273879956,0.0,76
IMG_0052,4,BDA-EHHO-VC-Calibrated,1,0.04056184584753867,1.0368683824442557,0.9698189134808852,0.0,76
IMG_0052,4,MO-BDA-EHHO-VC,73,0.5737656061298274,0.0160120738853367,0.317664918290275,0.11554670127632159,76
IMG_0052,5,HHO-VC,1,0.005885193718978948,0.7821417502450351,0.9983552631578947,0.0,44
IMG_0052,5,EHHO-VC,1,0.005488456561368359,0.7868748165709455,1.0,0.0,44
IMG_0052,5,BEHHO-VC-Calibrated,1,0.025522446674462435,0.5580300259079313,0.9124396445132426,0.0,44
IMG_0052,5,BDA-EHHO-VC-Calibrated,1,0.07419766650868288,0.5417340120109292,0.7514910536779593,0.0,44
IMG_0052,5,MO-BDA-EHHO-VC,44,0.7654263751425875,0.0,0.0,0.14502794845248304,44
IMG_0053,1,HHO-VC,1,0.4119648075899092,0.7627445148349706,0.5987795549340749,0.0,19
IMG_0053,1,EHHO-VC,1,0.03291260313821247,0.69510028946125,1.0,0.0,19
IMG_0053,1,BEHHO-VC-Calibrated,1,0.4343690081269331,0.7889633990263912,0.6339002140718889,0.0,19
IMG_0053,1,BDA-EHHO-VC-Calibrated,1,0.0029851254271857043,1.083765424618344,1.0,0.0,19
IMG_0053,1,MO-BDA-EHHO-VC,16,0.7995911590662013,0.018952344592886316,0.035294117647058997,0.26691168628772244,19
IMG_0053,2,HHO-VC,1,0.0028324643827023674,1.0414428688499184,1.0,0.0,11
IMG_0053,2,EHHO-VC,1,0.0028324643827023674,1.0414428688499184,1.0,0.0,11
IMG_0053,2,BEHHO-VC-Calibrated,1,0.11894974866220547,0.7746066870418065,0.6799858003382344,0.0,11
IMG_0053,2,BDA-EHHO-VC-Calibrated,1,0.0110548585141169,0.9354088207011358,0.9403254972874846,0.0,11
IMG_0053,2,MO-BDA-EHHO-VC,9,1.126658291577598,0.17308809768886524,0.01600000000000003,0.40186307490522427,11
IMG_0053,3,HHO-VC,1,0.0788687724129676,0.7032153250697997,0.964788732394366,0.0,38
IMG_0053,3,EHHO-VC,1,0.0912597878152293,0.6954370855044825,0.9507042253521125,0.0,38
IMG_0053,3,BEHHO-VC-Calibrated,1,0.19347832118944985,0.6802994037270128,0.8661971830985913,0.0,38
IMG_0053,3,BDA-EHHO-VC-Calibrated,1,0.057812634743612416,0.7467684990106706,1.0,0.0,38
IMG_0053,3,MO-BDA-EHHO-VC,37,1.0420536138143204,0.0053584898040356455,0.0040140140098431434,0.17591539850691093,38
IMG_0053,4,HHO-VC,1,0.040971487704407866,0.7759863993724507,0.8923076923077213,0.0,18
IMG_0053,4,EHHO-VC,1,0.04902908395915326,0.724906374015631,0.8890109890109477,0.0,18
IMG_0053,4,BEHHO-VC-Calibrated,1,0.010422131230353885,0.8840158409964731,1.0,0.0,18
IMG_0053,4,BDA-EHHO-VC-Calibrated,1,0.3337186242862307,0.6514385505522375,0.7483516483516847,0.0,18
IMG_0053,4,MO-BDA-EHHO-VC,18,0.7939827747730906,0.01860589224224045,0.22884919505839532,0.32072130442688107,18
IMG_0053,5,HHO-VC,1,0.1086884134077098,0.7129078213966235,0.7474890158762626,0.0,25
IMG_0053,5,EHHO-VC,1,0.15536353365432437,0.7865099136713831,0.8257319160342927,0.0,25
IMG_0053,5,BEHHO-VC-Calibrated,1,0.2739760525420407,0.520757671678727,0.40681818181818186,0.0,25
IMG_0053,5,BDA-EHHO-VC-Calibrated,1,0.31093747420076784,0.5789108926504878,0.6487973914135853,0.0,25
IMG_0053,5,MO-BDA-EHHO-VC,21,0.8676876652616275,0.036719888975315314,0.17426808396570725,0.21799605274009584,25
IMG_0054,1,HHO-VC,1,0.07046468337782166,0.8898913990768159,0.8683887005350366,0.0,82
IMG_0054,1,EHHO-VC,1,0.07046468337782166,0.8898913990768159,0.8683887005350366,0.0,82
IMG_0054,1,BEHHO-VC-Calibrated,1,0.029841874301241578,0.9615107803193267,1.0,0.0,82
IMG_0054,1,BDA-EHHO-VC-Calibrated,1,0.13986224223210825,0.6379961096925827,0.6394099062690752,0.0,82
IMG_0054,1,MO-BDA-EHHO-VC,79,0.7515453636303495,0.005039633194287381,0.04657179818899021,0.1089619528071881,82
IMG_0054,2,HHO-VC,1,0.008629208441968256,0.9556569202753155,1.0,0.0,46
IMG_0054,2,EHHO-VC,1,0.4242545721055996,0.7234790057786458,0.6687156647393012,0.0,46
IMG_0054,2,BEHHO-VC-Calibrated,1,0.03977044156002018,0.72207346350841,0.8378830344323486,0.0,46
IMG_0054,2,BDA-EHHO-VC-Calibrated,1,0.4039478160124521,0.695060368155655,0.66031583031296,0.0,46
IMG_0054,2,MO-BDA-EHHO-VC,44,1.0458723938371195,0.010403077240442975,0.09653341369459817,0.1154715977250333,46
IMG_0054,3,HHO-VC,1,0.1799662370055813,0.9053936758293207,0.861444714831591,0.0,72
IMG_0054,3,EHHO-VC,1,0.14315776614111214,0.794754703676883,0.7487184239580438,0.0,72
IMG_0054,3,BEHHO-VC-Calibrated,1,0.1799662370055813,0.9053936758293207,0.861444714831591,0.0,72
IMG_0054,3,BDA-EHHO-VC-Calibrated,1,0.06401428174486262,0.6732488229326721,0.7682242990654204,0.0,72
IMG_0054,3,MO-BDA-EHHO-VC,69,1.1222287436990217,0.010396517190178398,0.04112149532710277,0.09427879126900544,72
IMG_0054,4,HHO-VC,1,0.04267344145488744,0.7954689433902713,0.7671755725190842,0.0,43
IMG_0054,4,EHHO-VC,1,0.04222275949373913,0.7965676053259682,0.7719266534112567,0.0,43
IMG_0054,4,BEHHO-VC-Calibrated,1,0.1135365650605012,0.7085245598756607,0.7520480893152208,0.0,43
IMG_0054,4,BDA-EHHO-VC-Calibrated,1,0.0371503676408039,0.7870217960518219,0.7602010365592315,0.0,43
IMG_0054,4,MO-BDA-EHHO-VC,43,0.9033398240306396,0.0,0.0,0.154196947630111,43
IMG_0054,5,HHO-VC,1,0.015519083750748779,0.8907224014850952,0.9874100719424459,0.0,40
IMG_0054,5,EHHO-VC,1,0.015519083750748779,0.8907224014850952,0.9874100719424459,0.0,40
IMG_0054,5,BEHHO-VC-Calibrated,1,0.02815295184693172,0.8117624410909514,1.0,0.0,40
IMG_0054,5,BDA-EHHO-VC-Calibrated,1,0.14264390679434868,0.7435518681491639,0.79136690647482,0.0,40
IMG_0054,5,MO-BDA-EHHO-VC,39,1.0337430597053225,0.010840464517253299,0.1405533855335056,0.1943939547954653,40
IMG_0055,1,HHO-VC,1,0.5025048236535471,0.6642554244703816,0.505887599688649,0.0,35
IMG_0055,1,EHHO-VC,1,0.12967840483134924,0.7374926191152481,0.8026957660059539,0.0,35
IMG_0055,1,BEHHO-VC-Calibrated,1,0.10424929674952256,0.7938742642627122,0.8167081864512747,0.0,35
IMG_0055,1,BDA-EHHO-VC-Calibrated,1,0.18709563562824583,0.8878915779778455,0.8398239919332946,0.0,35
IMG_0055,1,MO-BDA-EHHO-VC,35,0.9810475034225558,0.026873217539508883,0.14639639639639634,0.16317769562346374,35
IMG_0055,2,HHO-VC,1,0.3389068417095381,0.8319532569836323,0.5798969072167042,0.0,61
IMG_0055,2,EHHO-VC,1,0.27215041203962337,0.7906712794285643,0.6935392516415684,0.0,61
IMG_0055,2,BEHHO-VC-Calibrated,1,0.2785972260036593,0.7812528939931603,0.6880109419020408,0.0,61
IMG_0055,2,BDA-EHHO-VC-Calibrated,1,0.30390720248531056,0.5420330920913792,0.5902061855672066,0.0,61
IMG_0055,2,MO-BDA-EHHO-VC,59,0.9222163991640295,0.007689244896793752,0.16470135303862876,0.15194757482013793,61
IMG_0055,3,HHO-VC,1,0.44264602609537007,0.6921700433772011,0.519537645545894,0.0,49
IMG_0055,3,EHHO-VC,1,0.6243484139520704,0.791482699225968,0.5084909541699585,0.0,49
IMG_0055,3,BEHHO-VC-Calibrated,1,0.41911646497889904,0.7077966571682912,0.5263602127836166,0.0,49
IMG_0055,3,BDA-EHHO-VC-Calibrated,1,0.5785753359367881,0.7819321555570397,0.4822507389322558,0.0,49
IMG_0055,3,MO-BDA-EHHO-VC,46,0.7348002000938935,0.02704473703120517,0.37131367292229017,0.13269518151409473,49
IMG_0055,4,HHO-VC,1,0.016126215364922532,0.9695579382672318,0.8896821726735421,0.0,27
IMG_0055,4,EHHO-VC,1,0.016126215364922532,0.9695579382672318,0.8896821726735421,0.0,27
IMG_0055,4,BEHHO-VC-Calibrated,1,0.007978116318279552,1.0116527815505238,1.0,0.0,27
IMG_0055,4,BDA-EHHO-VC-Calibrated,1,0.03736467104422791,0.6895197960482178,0.9432989690719138,0.0,27
IMG_0055,4,MO-BDA-EHHO-VC,27,0.8985325130023614,0.0,0.0,0.17621080864901675,27
IMG_0055,5,HHO-VC,1,0.31942635074852627,0.5728007829843615,0.7580645161290324,0.0,37
IMG_0055,5,EHHO-VC,1,0.3032962361904063,0.5601765467121846,0.7511520737327191,0.0,37
IMG_0055,5,BEHHO-VC-Calibrated,1,0.02176936081041753,1.0202278584346838,0.9520547945207758,0.0,37
IMG_0055,5,BDA-EHHO-VC-Calibrated,1,0.21869519095754417,0.6556692971968837,0.6735159817352038,0.0,37
IMG_0055,5,MO-BDA-EHHO-VC,35,0.9462996978001922,0.005393972377703,0.048387096774193505,0.15659037333790535,37
IMG_0056,1,HHO-VC,1,0.07440958580337523,0.6921873099677422,0.6143389075118099,0.0,23
IMG_0056,1,EHHO-VC,1,0.08013906786981737,0.6847750826172354,0.6126628447356421,0.0,23
IMG_0056,1,BEHHO-VC-Calibrated,1,0.06419385671163966,0.8507801199833647,0.9029126213592232,0.0,23
IMG_0056,1,BDA-EHHO-VC-Calibrated,1,0.033395434450935395,0.9886044387994126,0.8446601941747572,0.0,23
IMG_0056,1,MO-BDA-EHHO-VC,22,0.9062914264732451,0.01087263677482152,0.06796192977352725,0.1746414148002917,23
IMG_0056,2,HHO-VC,1,0.23534494557043611,0.5508690718443369,0.7000119968310905,0.0,30
IMG_0056,2,EHHO-VC,1,0.22950151583591147,0.528063630576311,0.7183668153449917,0.0,30
IMG_0056,2,BEHHO-VC-Calibrated,1,0.16632889083305386,0.5588625205713519,0.5340909090909091,0.0,30
IMG_0056,2,BDA-EHHO-VC-Calibrated,1,0.11361445324753734,0.7263829711411594,0.6941018475525887,0.0,30
IMG_0056,2,MO-BDA-EHHO-VC,27,0.9444178180901655,0.024370128493530336,0.06346483704974563,0.20561791528812848,30
IMG_0056,3,HHO-VC,1,0.06839654465593002,1.060032015907733,0.7037037037037036,0.0,9
IMG_0056,3,EHHO-VC,1,0.556109438753014,0.4752547156807355,0.37662337662331224,0.0,9
IMG_0056,3,BEHHO-VC-Calibrated,1,0.18947064003516786,0.7025326503581376,0.510493373393567,0.0,9
IMG_0056,3,BDA-EHHO-VC-Calibrated,1,0.003254501827825856,1.387765757141303,1.0,0.0,9
IMG_0056,3,MO-BDA-EHHO-VC,9,1.1851580384272473,0.0,0.0,0.2986337437469607,9
IMG_0056,4,HHO-VC,1,0.0012068489785415706,1.264577787868621,1.0,0.0,22
IMG_0056,4,EHHO-VC,1,0.0018851152713076631,1.233562853934923,0.9838383531382465,0.0,22
IMG_0056,4,BEHHO-VC-Calibrated,1,0.29026321483183287,0.6143894128698816,0.6382022471908574,0.0,22
IMG_0056,4,BDA-EHHO-VC-Calibrated,1,0.03360149086962966,0.8030613606707742,0.7460674157303147,0.0,22
IMG_0056,4,MO-BDA-EHHO-VC,21,0.9528364634653708,0.018619727327574522,0.21345707656612542,0.18499174095815685,22
IMG_0056,5,HHO-VC,1,0.008768285061468938,1.1041036168771394,0.947463768115942,0.0,34
IMG_0056,5,EHHO-VC,1,0.002280874474264748,1.2214966182382594,1.0,0.0,34
IMG_0056,5,BEHHO-VC-Calibrated,1,0.006192066771631821,1.0436394064252499,1.0,0.0,34
IMG_0056,5,BDA-EHHO-VC-Calibrated,1,0.05204707201046657,0.8088078941158711,0.7337580920172087,0.0,34
IMG_0056,5,MO-BDA-EHHO-VC,34,1.0619499066253648,0.0,0.0,0.17661274740427926,34
IMG_0057,1,HHO-VC,1,0.29676608814289035,0.4382601647895592,0.5481177177392641,0.0,57
IMG_0057,1,EHHO-VC,1,0.2405256447898152,0.5311317838373313,0.7457450394131334,0.0,57
IMG_0057,1,BEHHO-VC-Calibrated,1,0.03725490510452705,0.6662263801324658,0.8759894459103018,0.0,57
IMG_0057,1,BDA-EHHO-VC-Calibrated,1,0.06412076974828892,0.6229673768044437,0.8153034300790826,0.0,57
IMG_0057,1,MO-BDA-EHHO-VC,56,0.9867499587942753,0.0013155008187977892,0.011754826917838912,0.14768990141449792,57
IMG_0057,2,HHO-VC,1,0.3420053201959335,0.5949908885660594,0.5960456962775257,0.0,63
IMG_0057,2,EHHO-VC,1,0.1491427720226947,0.6849160085340965,0.8693519390543998,0.0,63
IMG_0057,2,BEHHO-VC-Calibrated,1,0.17831818410396968,0.5056312815990003,0.5949367088607596,0.0,63
IMG_0057,2,BDA-EHHO-VC-Calibrated,1,0.17185568372163934,0.4825751126252684,0.6033755274261604,0.0,63
IMG_0057,2,MO-BDA-EHHO-VC,61,0.8892118890552853,0.0042285854927957,0.06705539358608781,0.145859194835051,63
IMG_0057,3,HHO-VC,1,0.02446472232470112,0.7574130607116655,0.9512761020880928,0.0,47
IMG_0057,3,EHHO-VC,1,0.017448490818264946,0.7816548642659156,1.0,0.0,47
IMG_0057,3,BEHHO-VC-Calibrated,1,0.1610431883931473,0.8157867990022764,0.763341067285495,0.0,47
IMG_0057,3,BDA-EHHO-VC-Calibrated,1,0.10685549362823764,0.6927913974255469,0.798143851508011,0.0,47
IMG_0057,3,MO-BDA-EHHO-VC,46,1.049497857801768,0.010157430454073137,0.07005985789790548,0.12448283767505763,47
IMG_0057,4,HHO-VC,1,0.020899729936753673,1.056701310255372,1.0,0.0,63
IMG_0057,4,EHHO-VC,1,0.018407072076484083,1.0693988571167858,0.924561108580277,0.0,63
IMG_0057,4,BEHHO-VC-Calibrated,1,0.051530457876390094,0.9231826470934671,1.0,0.0,63
IMG_0057,4,BDA-EHHO-VC-Calibrated,1,0.154003846345754,0.7483706959136365,0.7035990185207605,0.0,63
IMG_0057,4,MO-BDA-EHHO-VC,59,1.182043072554273,0.025304103704081,0.07360000000000004,0.1281855871800048,63
IMG_0057,5,HHO-VC,1,0.01987558444264357,0.9351165754274882,0.9310344827587501,0.0,52
IMG_0057,5,EHHO-VC,1,0.01911377420049508,1.020405344663076,0.9550607306516716,0.0,52
IMG_0057,5,BEHHO-VC-Calibrated,1,0.01911377420049508,1.020405344663076,0.9550607306516716,0.0,52
IMG_0057,5,BDA-EHHO-VC-Calibrated,1,0.0362209811179636,0.7970358511523324,1.0,0.0,52
IMG_0057,5,MO-BDA-EHHO-VC,51,0.8987397683340215,0.007030020400934282,0.0199081163859112,0.150143966814364,52
IMG_0058,1,HHO-VC,1,0.022187515269858793,0.8921224583110924,1.0,0.0,39
IMG_0058,1,EHHO-VC,1,0.022187515269858793,0.8921224583110924,1.0,0.0,39
IMG_0058,1,BEHHO-VC-Calibrated,1,0.12007002023044554,0.7400107534469421,0.8413042001204984,0.0,39
IMG_0058,1,BDA-EHHO-VC-Calibrated,1,0.04065030894650168,0.6936660681919378,0.8892128279883191,0.0,39
IMG_0058,1,MO-BDA-EHHO-VC,38,0.989696144013302,0.012921617622365636,0.02901785714285718,0.15564463036418352,39
IMG_0058,2,HHO-VC,1,0.012100000000000024,1.1242224545357218,1.0,0.0,44
IMG_0058,2,EHHO-VC,1,0.012100000000000024,1.1242224545357218,1.0,0.0,44
IMG_0058,2,BEHHO-VC-Calibrated,1,0.07297397890988268,0.6333790892571075,0.8807692307691736,0.0,44
IMG_0058,2,BDA-EHHO-VC-Calibrated,1,0.024182832630671766,0.700796686058055,1.0,0.0,44
IMG_0058,2,MO-BDA-EHHO-VC,42,0.9167305206216487,0.03408678688216205,0.12966329067208035,0.13156759197103102,44
IMG_0058,3,HHO-VC,1,0.030130101140903733,0.966085373067833,1.0,0.0,36
IMG_0058,3,EHHO-VC,1,0.05425957267770923,0.9038231890610641,1.0,0.0,36
IMG_0058,3,BEHHO-VC-Calibrated,1,0.0748165395454142,0.7455407328362834,0.788115758168168,0.0,36
IMG_0058,3,BDA-EHHO-VC-Calibrated,1,0.10985968880691589,0.6427741647695245,0.6793869943632357,0.0,36
IMG_0058,3,MO-BDA-EHHO-VC,33,0.7484369011891869,0.03671940019354688,0.08146058790735783,0.14876271118490772,36
IMG_0058,4,HHO-VC,1,0.10295311011235689,0.5363203879445496,0.677200902934619,0.0,55
IMG_0058,4,EHHO-VC,1,0.10295311011235689,0.5363203879445496,0.677200902934619,0.0,55
IMG_0058,4,BEHHO-VC-Calibrated,1,0.04224860407263472,0.8518613471889729,1.0,0.0,55
IMG_0058,4,BDA-EHHO-VC-Calibrated,1,0.14097889263988567,0.5028984636289868,0.6129186781719616,0.0,55
IMG_0058,4,MO-BDA-EHHO-VC,54,0.8850344786742372,0.007450969011631012,0.13225394201825336,0.1516269415705875,55
IMG_0058,5,HHO-VC,1,0.025649480406862487,0.6898226367186597,1.0,0.0,38
IMG_0058,5,EHHO-VC,1,0.02559619144216591,0.6622721780789478,0.9580952380952957,0.0,38
IMG_0058,5,BEHHO-VC-Calibrated,1,0.05270184454456581,0.71199865293696,0.8978443562237384,0.0,38
IMG_0058,5,BDA-EHHO-VC-Calibrated,1,0.04958622417360944,0.6594022675553708,0.9257142857142635,0.0,38
IMG_0058,5,MO-BDA-EHHO-VC,38,0.6195006860264326,0.0,0.0,0.1322465867026994,38
IMG_0059,1,HHO-VC,1,0.3179452736176212,0.5732366444790657,0.661993769470405,0.0,65
IMG_0059,1,EHHO-VC,1,0.3041639504229565,0.5642745785543516,0.661993769470405,0.0,65
IMG_0059,1,BEHHO-VC-Calibrated,1,0.17670061189990768,0.6824184987560178,0.8566978193146417,0.0,65
IMG_0059,1,BDA-EHHO-VC-Calibrated,1,0.37191675177424416,0.5146395715946825,0.5155763239875389,0.0,65
IMG_0059,1,MO-BDA-EHHO-VC,64,1.0161470543121325,0.004038099363574832,0.059098718602854275,0.13775304078886724,65
IMG_0059,2,HHO-VC,1,0.06667328230663917,0.671026677244612,0.8611111111111136,0.0,35
IMG_0059,2,EHHO-VC,1,0.023448808835435125,0.7432302430257537,0.9552469135802015,0.0,35
IMG_0059,2,BEHHO-VC-Calibrated,1,0.03202841865916306,1.0906037321188686,1.0,0.0,35
IMG_0059,2,BDA-EHHO-VC-Calibrated,1,0.019384571244772268,0.8054263729506209,1.0,0.0,35
IMG_0059,2,MO-BDA-EHHO-VC,34,1.0042149422614115,0.022772467194195446,0.05789473684210521,0.165275736955071,35
IMG_0059,3,HHO-VC,1,0.031046349390485107,0.7259476142338528,0.9602484472050252,0.0,37
IMG_0059,3,EHHO-VC,1,0.03891250092026488,0.6924945848976182,0.9304347826088091,0.0,37
IMG_0059,3,BEHHO-VC-Calibrated,1,0.024709702781145173,0.6981209292105774,0.9950310559006267,0.0,37
IMG_0059,3,BDA-EHHO-VC-Calibrated,1,0.016013247725210317,0.9156535253287896,0.9900621118012533,0.0,37
IMG_0059,3,MO-BDA-EHHO-VC,37,0.996182667008123,0.0,0.0,0.16074106670402266,37
IMG_0059,4,HHO-VC,1,0.006758040183998283,0.8679218999242047,0.9888765294772198,0.0,40
IMG_0059,4,EHHO-VC,1,0.004374600507831245,0.9079602560264863,1.0,0.0,40
IMG_0059,4,BEHHO-VC-Calibrated,1,0.0029970733337342215,0.9956763153931473,1.0,0.0,40
IMG_0059,4,BDA-EHHO-VC-Calibrated,1,0.006624899269616655,0.9797673552918529,1.0,0.0,40
IMG_0059,4,MO-BDA-EHHO-VC,40,0.9673709444323347,0.0,0.0,0.1354190270587729,40
IMG_0059,5,HHO-VC,1,0.3837835785425088,0.6991323678993391,0.6079505526507746,0.0,36
IMG_0059,5,EHHO-VC,1,0.360928365049074,0.656074332041262,0.6039708810283025,0.0,36
IMG_0059,5,BEHHO-VC-Calibrated,1,0.1920141478876473,0.6315879867682627,0.6729222520108975,0.0,36
IMG_0059,5,BDA-EHHO-VC-Calibrated,1,0.09745972660452412,0.5771144346171726,0.7024128686326403,0.0,36
IMG_0059,5,MO-BDA-EHHO-VC,33,1.0299435026802366,0.018917131796121252,0.07506702412893507,0.18276756023849947,36
IMG_0060,1,HHO-VC,1,0.03568274307732241,0.7222252147889663,0.7919621749409588,0.0,46
IMG_0060,1,EHHO-VC,1,0.035096726687034056,0.7252282373133343,0.7895981087469259,0.0,46
IMG_0060,1,BEHHO-VC-Calibrated,1,0.09399966616556768,0.6331015895494236,0.7759355177700936,0.0,46
IMG_0060,1,BDA-EHHO-VC-Calibrated,1,0.033256210693717335,0.7375466848533069,0.9314420803782242,0.0,46
IMG_0060,1,MO-BDA-EHHO-VC,46,1.025121395578958,0.0,0.0,0.16681134404507778,46
IMG_0060,2,HHO-VC,1,0.047486177372290925,0.5224454017162421,0.7611673137026478,0.0,59
IMG_0060,2,EHHO-VC,1,0.27427876720871086,0.6402018601194824,0.5691780826012197,0.0,59
IMG_0060,2,BEHHO-VC-Calibrated,1,0.09107728801747614,0.8441158287721802,0.9276315789474782,0.0,59
IMG_0060,2,BDA-EHHO-VC-Calibrated,1,0.25113170252982997,0.5400891451148013,0.500000000000111,0.0,59
IMG_0060,2,MO-BDA-EHHO-VC,57,0.7405020697959172,0.010422479767028545,0.13504878047598715,0.12805619887152667,59
IMG_0060,3,HHO-VC,1,0.04821493890381469,0.9085285024411747,1.0,0.0,46
IMG_0060,3,EHHO-VC,1,0.04821493890381469,0.9085285024411747,1.0,0.0,46
IMG_0060,3,BEHHO-VC-Calibrated,1,0.1305279888910872,0.834426423692033,0.8821883610869875,0.0,46
IMG_0060,3,BDA-EHHO-VC-Calibrated,1,0.10291956413953396,0.645247224717966,0.6207407407407407,0.0,46
IMG_0060,3,MO-BDA-EHHO-VC,43,0.834352239435916,0.024736160427214937,0.06750271665034963,0.16852150705514962,46
IMG_0060,4,HHO-VC,1,0.12220296127028123,0.5905174071227384,0.6924265842349305,0.0,53
IMG_0060,4,EHHO-VC,1,0.10431046665827401,0.7444560156793865,0.7820710973724884,0.0,53
IMG_0060,4,BEHHO-VC-Calibrated,1,0.005101651135727867,0.9861155623889633,1.0,0.0,53
IMG_0060,4,BDA-EHHO-VC-Calibrated,1,0.05605067060504772,0.8010092468057431,0.8593508500772798,0.0,53
IMG_0060,4,MO-BDA-EHHO-VC,52,1.0952545012188155,0.00641839255829713,0.025742574257526962,0.11091817893700354,53
IMG_0060,5,HHO-VC,1,0.12219418520117926,0.5760483650392358,0.7959183673469388,0.0,50
IMG_0060,5,EHHO-VC,1,0.04299886859943007,0.6371895922146191,0.7884972170686456,0.0,50
IMG_0060,5,BEHHO-VC-Calibrated,1,0.143942908322092,0.5512168415981669,0.7272727272727273,0.0,50
IMG_0060,5,BDA-EHHO-VC-Calibrated,1,0.1183531916013944,0.582326826232954,0.738404452690167,0.0,50
IMG_0060,5,MO-BDA-EHHO-VC,50,0.8677541530088725,0.0,0.0,0.14511183006812253,50
IMG_0061,1,HHO-VC,1,0.10617441562054408,0.5549709109266804,0.7395928395211311,0.0,55
IMG_0061,1,EHHO-VC,1,0.10304929443553038,0.5579972387124694,0.7553114756700456,0.0,55
IMG_0061,1,BEHHO-VC-Calibrated,1,0.2917341840900801,0.45777215217303896,0.4614792357882564,0.0,55
IMG_0061,1,BDA-EHHO-VC-Calibrated,1,0.15945567955602344,0.47294680287077173,0.6630434782608695,0.0,55
IMG_0061,1,MO-BDA-EHHO-VC,55,0.8615867996152443,0.0,0.0,0.11399746778409368,55
IMG_0061,2,HHO-VC,1,0.05780953152688644,0.573802466196593,0.8696463672149352,0.0,69
IMG_0061,2,EHHO-VC,1,0.23845974177859666,0.7014993391273185,0.7417974322396577,0.0,69
IMG_0061,2,BEHHO-VC-Calibrated,1,0.37044294189362725,0.5297801391278527,0.3811956864382337,0.0,69
IMG_0061,2,BDA-EHHO-VC-Calibrated,1,0.3612463133499058,0.551128679616218,0.43681747269906007,0.0,69
IMG_0061,2,MO-BDA-EHHO-VC,68,0.7288222302809889,0.006642226918481919,0.13164687499244598,0.11754727116976907,69
IMG_0061,3,HHO-VC,1,0.026851580581788746,0.6117933741984427,0.9801444043322715,0.0,80
IMG_0061,3,EHHO-VC,1,0.028636163212482,0.6387260568112648,0.8754512635379601,0.0,80
IMG_0061,3,BEHHO-VC-Calibrated,1,0.09856888082381877,0.5203593153393092,0.80144404332134,0.0,80
IMG_0061,3,BDA-EHHO-VC-Calibrated,1,0.07013973903214299,0.5172907290655206,0.8176895306858055,0.0,80
IMG_0061,3,MO-BDA-EHHO-VC,77,0.8559910857375075,0.004679343170493856,0.08664259927785756,0.1146635731049506,80
IMG_0061,4,HHO-VC,1,0.16333675959838964,0.6343182207513028,0.6962067280259562,0.0,84
IMG_0061,4,EHHO-VC,1,0.16333675959838964,0.6343182207513028,0.6962067280259562,0.0,84
IMG_0061,4,BEHHO-VC-Calibrated,1,0.22652182058565304,0.5360918159236079,0.5446880269814377,0.0,84
IMG_0061,4,BDA-EHHO-VC-Calibrated,1,0.07450233709529609,0.8500565485678073,0.8853288364248946,0.0,84
IMG_0061,4,MO-BDA-EHHO-VC,82,0.8362299260381295,0.003366202994671724,0.06048031764574657,0.09293427180702202,84
IMG_0061,5,HHO-VC,1,0.38015904362290615,0.6201106523987298,0.5739046353126976,0.0,93
IMG_0061,5,EHHO-VC,1,0.24615766393293886,0.7013422489053526,0.6459525683005426,0.0,93
IMG_0061,5,BEHHO-VC-Calibrated,1,0.3457139152587923,0.5686669639209692,0.4658758079263031,0.0,93
IMG_0061,5,BDA-EHHO-VC-Calibrated,1,0.27069054559208866,0.5112035802490706,0.5074612669757157,0.0,93
IMG_0061,5,MO-BDA-EHHO-VC,91,0.9652118024372206,0.0038423548683688045,0.042119565217391325,0.11070153249211126,93
IMG_0062,1,HHO-VC,1,0.2940725473535078,0.8931608997022289,0.7786284736256726,0.0,23
IMG_0062,1,EHHO-VC,1,0.2810757621857262,0.8429390513357033,0.7665796024407724,0.0,23
IMG_0062,1,BEHHO-VC-Calibrated,1,0.24620240980816538,0.8097751622377309,0.6474576271187417,0.0,23
IMG_0062,1,BDA-EHHO-VC-Calibrated,1,0.2764622339893837,0.6545694043001203,0.46861868935354084,0.0,23
IMG_0062,1,MO-BDA-EHHO-VC,20,0.8419547389500929,0.036358719886919924,0.2334203975592276,0.2541995063654089,23
IMG_0062,2,HHO-VC,1,0.2593398649139377,0.6359114267261526,0.6584965175404169,0.0,41
IMG_0062,2,EHHO-VC,1,0.08758896955492942,0.8735347976923082,0.8084393979501845,0.0,41
IMG_0062,2,BEHHO-VC-Calibrated,1,0.05383544629744244,0.7733855707371466,0.9764150943396227,0.0,41
IMG_0062,2,BDA-EHHO-VC-Calibrated,1,0.0409589274490881,0.7741415413049464,1.0,0.0,41
IMG_0062,2,MO-BDA-EHHO-VC,40,0.9487862584580958,0.013581687255363968,0.06839622641509444,0.1633896178094995,41
IMG_0062,3,HHO-VC,1,0.0001794660860975782,1.434858985145389,1.0,0.0,17
IMG_0062,3,EHHO-VC,1,0.0001794660860975782,1.434858985145389,1.0,0.0,17
IMG_0062,3,BEHHO-VC-Calibrated,1,0.06371220222659675,0.7194117313024316,0.8788461538459841,0.0,17
IMG_0062,3,BDA-EHHO-VC-Calibrated,1,0.07029011428609168,0.719370612762819,0.707692307692314,0.0,17
IMG_0062,3,MO-BDA-EHHO-VC,17,1.0093971155420296,0.0,0.0,0.12919222043300302,17
IMG_0062,4,HHO-VC,1,0.13540664804088368,0.5393021539218019,0.8151111372708146,0.0,29
IMG_0062,4,EHHO-VC,1,0.11971244394634793,0.563600490299991,0.8210440896289297,0.0,29
IMG_0062,4,BEHHO-VC-Calibrated,1,0.15415378805620478,0.5205529077260593,0.7905296319771418,0.0,29
IMG_0062,4,BDA-EHHO-VC-Calibrated,1,0.1138077051655586,0.594126379581979,0.6331186305348498,0.0,29
IMG_0062,4,MO-BDA-EHHO-VC,26,0.8011730179504482,0.013783753550624962,0.05386416861826698,0.20656621772982084,29
IMG_0062,5,HHO-VC,1,0.04966074763647672,0.9441840830078134,0.8449905482041588,0.0,36
IMG_0062,5,EHHO-VC,1,0.03337226907468168,1.0131891724051838,0.9565217391304346,0.0,36
IMG_0062,5,BEHHO-VC-Calibrated,1,0.026589701817263493,0.9711995128788828,1.0,0.0,36
IMG_0062,5,BDA-EHHO-VC-Calibrated,1,0.03700157226812968,0.8519836714817822,0.9243856332703213,0.0,36
IMG_0062,5,MO-BDA-EHHO-VC,34,0.8770732765632462,0.02187579343855177,0.04871060171930153,0.19042526377464633,36
IMG_0063,1,HHO-VC,1,0.0018539915946808629,1.2371431256925156,1.0,0.0,11
IMG_0063,1,EHHO-VC,1,0.1893197719861571,0.714154168094959,0.7236445981063796,0.0,11
IMG_0063,1,BEHHO-VC-Calibrated,1,0.01374692185070849,1.087699027020288,0.9329758713136732,0.0,11
IMG_0063,1,BDA-EHHO-VC-Calibrated,1,0.1585447322798671,0.7684024586715593,0.6768792880431599,0.0,11
IMG_0063,1,MO-BDA-EHHO-VC,9,0.7408356836053075,0.07859903278467804,0.14477211796246642,0.3049075764192944,11
IMG_0063,2,HHO-VC,1,0.001364192780051388,1.3603487334423359,1.0,0.0,9
IMG_0063,2,EHHO-VC,1,0.001364192780051388,1.3603487334423359,1.0,0.0,9
IMG_0063,2,BEHHO-VC-Calibrated,1,0.017803745507262957,0.8565851276269516,1.0,0.0,9
IMG_0063,2,BDA-EHHO-VC-Calibrated,1,0.0028073319967250295,1.3213039827836708,1.0,0.0,9
IMG_0063,2,MO-BDA-EHHO-VC,8,1.205986121581017,0.06771521066408238,0.02075203624057842,0.27886957458247624,9
IMG_0063,3,HHO-VC,1,0.012880919290561047,0.8948033953756571,0.9259573753698327,0.0,15
IMG_0063,3,EHHO-VC,1,0.0166761586781963,0.8686296459774681,1.0,0.0,15
IMG_0063,3,BEHHO-VC-Calibrated,1,0.003743538565498863,1.0436756326412424,1.0,0.0,15
IMG_0063,3,BDA-EHHO-VC-Calibrated,1,0.028133928209606324,0.7864604400217367,0.8431665970484609,0.0,15
IMG_0063,3,MO-BDA-EHHO-VC,15,0.8841677156987323,0.0,0.0,0.23736879446381412,15
IMG_0063,4,HHO-VC,1,0.0011490545736392783,1.306450480986313,1.0,0.0,8
IMG_0063,4,EHHO-VC,1,0.0011490545736392783,1.306450480986313,1.0,0.0,8
IMG_0063,4,BEHHO-VC-Calibrated,1,0.06254314104498992,0.850122753209226,0.6839038510784142,0.0,8
IMG_0063,4,BDA-EHHO-VC-Calibrated,1,0.00876865888232401,1.1258209027769763,0.9721362229102168,0.0,8
IMG_0063,4,MO-BDA-EHHO-VC,8,0.9037380408579186,0.0,0.0,0.3869234112268229,8
IMG_0063,5,HHO-VC,1,0.0111465328126029,1.1748280816143164,1.0,0.0,12
IMG_0063,5,EHHO-VC,1,0.0111465328126029,1.1748280816143164,1.0,0.0,12
IMG_0063,5,BEHHO-VC-Calibrated,1,0.0902443368904969,0.683533393248729,0.813664596273605,0.0,12
IMG_0063,5,BDA-EHHO-VC-Calibrated,1,0.05520424354546164,0.8665697643351092,0.8552276197873551,0.0,12
IMG_0063,5,MO-BDA-EHHO-VC,10,0.8540960798730645,0.15345939030347616,0.2453416149070475,0.2823688989449659,12
IMG_0064,1,HHO-VC,1,0.024942742040213964,1.0220456727484621,1.0,0.0,49
IMG_0064,1,EHHO-VC,1,0.024942742040213964,1.0220456727484621,1.0,0.0,49
IMG_0064,1,BEHHO-VC-Calibrated,1,0.12462494085240494,0.6656474179917177,0.6422110385166745,0.0,49
IMG_0064,1,BDA-EHHO-VC-Calibrated,1,0.25831199870315436,0.6015691901352694,0.4890965732087228,0.0,49
IMG_0064,1,MO-BDA-EHHO-VC,47,1.0151489286657376,0.013066255556316459,0.020809426010369447,0.1546270870632033,49
IMG_0064,2,HHO-VC,1,0.005045569369505525,1.0443723275066887,1.0,0.0,66
IMG_0064,2,EHHO-VC,1,0.1562892791899858,0.6356477571985368,0.6314850475999064,0.0,66
IMG_0064,2,BEHHO-VC-Calibrated,1,0.007252496522832029,0.9942715345785385,1.0,0.0,66
IMG_0064,2,BDA-EHHO-VC-Calibrated,1,0.046578432536205056,0.7642171286037105,0.8733579758357785,0.0,66
IMG_0064,2,MO-BDA-EHHO-VC,65,0.9327244005855393,0.008927614260474299,0.003333333333333308,0.1241045646493926,66
IMG_0064,3,HHO-VC,1,0.0940095236524567,0.5904583601111986,0.8379530029822447,0.0,50
IMG_0064,3,EHHO-VC,1,0.07631253014207941,0.6466564923414712,0.8275344268139845,0.0,50
IMG_0064,3,BEHHO-VC-Calibrated,1,0.17542062856430243,0.5263014971503012,0.6827167017745762,0.0,50
IMG_0064,3,BDA-EHHO-VC-Calibrated,1,0.4641103332855755,0.39752709100704064,0.42980670436619317,0.0,50
IMG_0064,3,MO-BDA-EHHO-VC,49,0.9127455743750541,0.0019017320507014835,0.012875536480686761,0.13700750873135745,50
IMG_0064,4,HHO-VC,1,0.042653564417294294,0.9863482869279384,1.0,0.0,50
IMG_0064,4,EHHO-VC,1,0.10416344738299134,0.861694277917359,0.7643608544314144,0.0,50
IMG_0064,4,BEHHO-VC-Calibrated,1,0.07578845116629318,0.9494198963706068,0.8523643817489887,0.0,50
IMG_0064,4,BDA-EHHO-VC-Calibrated,1,0.2277548724603634,0.6240309256200903,0.6385714285713857,0.0,50
IMG_0064,4,MO-BDA-EHHO-VC,47,0.9259493256175276,0.009238349518577736,0.056726094003241474,0.14384519855688938,50
IMG_0064,5,HHO-VC,1,0.1532663670643389,0.594827513511017,0.8480565371024736,0.0,60
IMG_0064,5,EHHO-VC,1,0.11023928522034966,0.5804106496917499,0.8551236749116607,0.0,60
IMG_0064,5,BEHHO-VC-Calibrated,1,0.11832508318521051,0.5655942875715358,0.8571428571428417,0.0,60
IMG_0064,5,BDA-EHHO-VC-Calibrated,1,0.11158931356533651,0.5511534310989056,0.8207282913167577,0.0,60
IMG_0064,5,MO-BDA-EHHO-VC,58,1.0123932120906938,0.0034455599913918306,0.0406360424028267,0.14881347411119636,60
IMG_0065,1,HHO-VC,1,0.0029490895192532908,1.2589680805757795,1.0,0.0,50
IMG_0065,1,EHHO-VC,1,0.0029490895192532908,1.2589680805757795,1.0,0.0,50
IMG_0065,1,BEHHO-VC-Calibrated,1,0.0029490895192532908,1.2589680805757795,1.0,0.0,50
IMG_0065,1,BDA-EHHO-VC-Calibrated,1,0.0070359627786325775,1.1778699415542144,1.0,0.0,50
IMG_0065,1,MO-BDA-EHHO-VC,46,0.9631224731983054,0.0369078836946115,0.024432809773123856,0.09984897687376387,50
IMG_0065,2,HHO-VC,1,0.046820289031532354,0.8919682229795061,0.8460044704827816,0.0,30
IMG_0065,2,EHHO-VC,1,0.04720074021157075,0.9518535310360381,0.9091394747040605,0.0,30
IMG_0065,2,BEHHO-VC-Calibrated,1,0.29417004685147163,0.796116535776401,0.6023999234389538,0.0,30
IMG_0065,2,BDA-EHHO-VC-Calibrated,1,0.22537252264410623,0.7179360460843157,0.6276041666666611,0.0,30
IMG_0065,2,MO-BDA-EHHO-VC,28,1.0744047185344434,0.04941748587292096,0.13508187579412922,0.23402888971100508,30
IMG_0065,3,HHO-VC,1,0.3250366211608124,0.4477084989297835,0.531548757170172,0.0,43
IMG_0065,3,EHHO-VC,1,0.2809151201920633,0.44538029517931627,0.568164187260489,0.0,43
IMG_0065,3,BEHHO-VC-Calibrated,1,0.05684024955009243,0.6269355502529138,1.0,0.0,43
IMG_0065,3,BDA-EHHO-VC-Calibrated,1,0.1595301539157327,0.5110946326018991,0.7838842052583929,0.0,43
IMG_0065,3,MO-BDA-EHHO-VC,43,1.092518920446341,0.0,0.0,0.13708502632558567,43
IMG_0065,4,HHO-VC,1,0.2629139061614733,0.5827952362399551,0.7106598984771574,0.0,55
IMG_0065,4,EHHO-VC,1,0.35778668011363823,0.6892766611683134,0.5230106877480082,0.0,55
IMG_0065,4,BEHHO-VC-Calibrated,1,0.2096886116171481,0.4867172611082444,0.545864661654218,0.0,55
IMG_0065,4,BDA-EHHO-VC-Calibrated,1,0.22846754466757657,0.5138986614109898,0.7699248120301269,0.0,55
IMG_0065,4,MO-BDA-EHHO-VC,54,0.9258366416663355,0.008767571259287982,0.17593984962410847,0.13093761364556955,55
IMG_0065,5,HHO-VC,1,0.017973075110663,1.1210603225551676,1.0,0.0,50
IMG_0065,5,EHHO-VC,1,0.017973075110663,1.1210603225551676,1.0,0.0,50
IMG_0065,5,BEHHO-VC-Calibrated,1,0.006502767131998366,1.2080470148322189,1.0,0.0,50
IMG_0065,5,BDA-EHHO-VC-Calibrated,1,0.009823047276222692,1.144962453874152,0.9804804804806186,0.0,50
IMG_0065,5,MO-BDA-EHHO-VC,50,0.9597965414661361,0.0,0.0,0.13955712511304286,50
IMG_0066,1,HHO-VC,1,0.07699372810385251,0.7461374988415198,1.0,0.0,25
IMG_0066,1,EHHO-VC,1,0.07699372810385251,0.7461374988415198,1.0,0.0,25
IMG_0066,1,BEHHO-VC-Calibrated,1,0.19709202593241973,0.6081556242407519,0.7374129379101734,0.0,25
IMG_0066,1,BDA-EHHO-VC-Calibrated,1,0.19709202593241973,0.6081556242407519,0.7374129379101734,0.0,25
IMG_0066,1,MO-BDA-EHHO-VC,21,0.9428759911948125,0.04602232854320014,0.14040866369580274,0.2591151806082831,25
IMG_0066,2,HHO-VC,1,0.04936297577853278,0.9429483234520728,1.0,0.0,13
IMG_0066,2,EHHO-VC,1,0.04936297577853278,0.9429483234520728,1.0,0.0,13
IMG_0066,2,BEHHO-VC-Calibrated,1,0.08956922752704452,0.8396295758484068,0.839564071908531,0.0,13
IMG_0066,2,BDA-EHHO-VC-Calibrated,1,0.08956922752704452,0.8396295758484068,0.839564071908531,0.0,13
IMG_0066,2,MO-BDA-EHHO-VC,9,0.4935877320931521,0.2528726668571196,0.3114186851212227,0.32671472684427894,13
IMG_0066,3,HHO-VC,1,0.011839420030346954,0.9672134899134452,0.9732012395393415,0.0,19
IMG_0066,3,EHHO-VC,1,0.011839420030346954,0.9672134899134452,0.9732012395393415,0.0,19
IMG_0066,3,BEHHO-VC-Calibrated,1,0.03021785275338133,0.8379832468157823,0.959868034137913,0.0,19
IMG_0066,3,BDA-EHHO-VC-Calibrated,1,0.006900671247281118,0.9872225552058822,1.0,0.0,19
IMG_0066,3,MO-BDA-EHHO-VC,15,0.7943270765675572,0.08516250169744351,0.2293906810037424,0.2838063933613431,19
IMG_0066,4,HHO-VC,1,0.025402242758122546,0.7147899370323587,0.9608309817361221,0.0,14
IMG_0066,4,EHHO-VC,1,0.07223158650632355,0.6091312221317928,0.8004715573837701,0.0,14
IMG_0066,4,BEHHO-VC-Calibrated,1,0.049165703743542684,0.6892472584953805,0.7829912023461956,0.0,14
IMG_0066,4,BDA-EHHO-VC-Calibrated,1,0.00783076317327462,1.0398154019192285,1.0,0.0,14
IMG_0066,4,MO-BDA-EHHO-VC,14,0.7357841821930416,0.0,0.0,0.36303710312245635,14
IMG_0066,5,HHO-VC,1,0.03550989185935433,0.8421585449560133,0.9594594594594598,0.0,14
IMG_0066,5,EHHO-VC,1,0.02693455702516088,0.8728180489965948,1.0,0.0,14
IMG_0066,5,BEHHO-VC-Calibrated,1,0.12638547172036085,0.6569114081025342,0.6317200165023853,0.0,14
IMG_0066,5,BDA-EHHO-VC-Calibrated,1,0.7111635830157217,0.594634870038395,0.2837837837837841,0.0,14
IMG_0066,5,MO-BDA-EHHO-VC,19,0.8393890943042295,0.017019019563454856,0.176333659982183,0.22569849111455975,14
IMG_0067,1,HHO-VC,1,0.12018307977955056,0.5626280202988289,0.6404886561955346,0.0,72
IMG_0067,1,EHHO-VC,1,0.07881901988960535,0.6329341015630402,0.7417102966840348,0.0,72
IMG_0067,1,BEHHO-VC-Calibrated,1,0.05653496976393664,0.7360533085667867,0.8972391534322866,0.0,72
IMG_0067,1,BDA-EHHO-VC-Calibrated,1,0.024776564507409022,0.7902804141859022,0.8792984682406675,0.0,72
IMG_0067,1,MO-BDA-EHHO-VC,72,0.9173376663149141,0.0,0.0,0.12956511706234933,72
IMG_0067,2,HHO-VC,1,0.3812182111887894,0.5504347140583472,0.3850609082894418,0.0,90
IMG_0067,2,EHHO-VC,1,0.4251411669934888,0.5763017988836664,0.3818181818181819,0.0,90
IMG_0067,2,BEHHO-VC-Calibrated,1,0.17539728083766318,0.6075873862480865,0.5399768250288663,0.0,90
IMG_0067,2,BDA-EHHO-VC-Calibrated,1,0.21749203767607692,0.5714632908845684,0.5944380069523704,0.0,90
IMG_0067,2,MO-BDA-EHHO-VC,88,0.8295380433706048,0.0015643364253624561,0.05174825174825187,0.08476418786766278,90
IMG_0067,3,HHO-VC,1,0.07722394619060816,0.5922636705022547,0.8674033149173158,0.0,67
IMG_0067,3,EHHO-VC,1,0.13695216991780548,0.48584589293600927,0.5970575839858385,0.0,67
IMG_0067,3,BEHHO-VC-Calibrated,1,0.16361595247889327,0.6080065805359199,0.7783161196973033,0.0,67
IMG_0067,3,BDA-EHHO-VC-Calibrated,1,0.043183336168776884,0.7247983522173784,1.0,0.0,67
IMG_0067,3,MO-BDA-EHHO-VC,64,0.7786742141613133,0.007202672160014976,0.023437370468567642,0.12109004299764384,67
IMG_0067,4,HHO-VC,1,0.08093573849237917,0.9213606023867964,1.0,0.0,79
IMG_0067,4,EHHO-VC,1,0.08093573849237917,0.9213606023867964,1.0,0.0,79
IMG_0067,4,BEHHO-VC-Calibrated,1,0.24091558945398206,0.9413341845489762,0.8895704571803588,0.0,79
IMG_0067,4,BDA-EHHO-VC-Calibrated,1,0.37329069883095534,0.7455848903201705,0.686991491056499,0.0,79
IMG_0067,4,MO-BDA-EHHO-VC,76,0.88887225308466,0.005464303804957995,0.05191046859785936,0.10186105987663596,79
IMG_0067,5,HHO-VC,1,0.28165438237896917,0.47347785333747455,0.6215827338129496,0.0,74
IMG_0067,5,EHHO-VC,1,0.24898338442321585,0.4585556883114545,0.6215827338129496,0.0,74
IMG_0067,5,BEHHO-VC-Calibrated,1,0.185184713196526,0.4911558465688846,0.702158273381295,0.0,74
IMG_0067,5,BDA-EHHO-VC-Calibrated,1,0.21081607147252196,0.5574266741553476,0.7424460431654676,0.0,74
IMG_0067,5,MO-BDA-EHHO-VC,73,0.9565245922880677,0.002537069695041114,0.03704032769157045,0.10555742546559205,74
IMG_0068,1,HHO-VC,1,0.05346694641775849,0.8393623184827176,1.0,0.0,56
IMG_0068,1,EHHO-VC,1,0.3552578039114159,0.6407295724477237,0.5738539898132429,0.0,56
IMG_0068,1,BEHHO-VC-Calibrated,1,0.23799854885468247,0.7187496432052737,0.823056300268018,0.0,56
IMG_0068,1,BDA-EHHO-VC-Calibrated,1,0.26149469778037865,0.5353967871096271,0.5683646112602196,0.0,56
IMG_0068,1,MO-BDA-EHHO-VC,52,0.952710119794633,0.015752075130095185,0.17534179139131625,0.1739606563004397,56
IMG_0068,2,HHO-VC,1,0.26833531449982073,0.6700688757483652,0.5776078954271381,0.0,47
IMG_0068,2,EHHO-VC,1,0.30650629950276126,0.6671275656041696,0.5744817816797273,0.0,47
IMG_0068,2,BEHHO-VC-Calibrated,1,0.3831930464873946,0.6555626349955852,0.5124184600469753,0.0,47
IMG_0068,2,BDA-EHHO-VC-Calibrated,1,0.27544948464112584,0.5917798144676824,0.4962749324177585,0.0,47
IMG_0068,2,MO-BDA-EHHO-VC,44,1.0883240201993178,0.015693727752612845,0.04912836767036449,0.16388274773649558,47
IMG_0068,3,HHO-VC,1,0.15624501663357607,0.669298148362741,0.8085106382978724,0.0,57
IMG_0068,3,EHHO-VC,1,0.20278246150375295,0.6306193676845323,0.6386248987040561,0.0,57
IMG_0068,3,BEHHO-VC-Calibrated,1,0.3518535582219749,0.7933998677369853,0.6423363354000021,0.0,57
IMG_0068,3,BDA-EHHO-VC-Calibrated,1,0.026618105633590936,0.9070759566666698,1.0,0.0,57
IMG_0068,3,MO-BDA-EHHO-VC,53,1.0010181132946008,0.02033189106428472,0.10826797688002376,0.1565395275542927,57
IMG_0068,4,HHO-VC,1,0.31122072597493494,0.6344932665222079,0.5063821383621713,0.0,81
IMG_0068,4,EHHO-VC,1,0.2773230185372949,0.45000200522529327,0.5584,0.0,81
IMG_0068,4,BEHHO-VC-Calibrated,1,0.3010993107265603,0.5529830543010246,0.6009471839837739,0.0,81
IMG_0068,4,BDA-EHHO-VC-Calibrated,1,0.13132575601926363,0.6407936254157612,0.8352135718222629,0.0,81
IMG_0068,4,MO-BDA-EHHO-VC,78,0.872732306583654,0.005889830894191567,0.0448,0.11530419374066696,81
IMG_0068,5,HHO-VC,1,0.15024986527343237,0.719108578101542,0.6582278481011938,0.0,56
IMG_0068,5,EHHO-VC,1,0.015657448113791772,1.0110049098001408,1.0,0.0,56
IMG_0068,5,BEHHO-VC-Calibrated,1,0.36726018424513684,0.7258523440018079,0.5979849100424708,0.0,56
IMG_0068,5,BDA-EHHO-VC-Calibrated,1,0.33046629155159524,0.496129999698082,0.5320116198052227,0.0,56
IMG_0068,5,MO-BDA-EHHO-VC,54,1.1938138120289516,0.012296311805900259,0.06224067511808032,0.13413122262751503,56
IMG_0069,1,HHO-VC,1,0.01599470212206012,0.8921424734723719,1.0,0.0,32
IMG_0069,1,EHHO-VC,1,0.01867063687168625,0.8790374938625819,0.9984496124031008,0.0,32
IMG_0069,1,BEHHO-VC-Calibrated,1,0.055564054196503794,0.7133414898888026,0.7065727699530375,0.0,32
IMG_0069,1,BDA-EHHO-VC-Calibrated,1,0.0885911494453681,0.6458173571645445,0.7163837511084088,0.0,32
IMG_0069,1,MO-BDA-EHHO-VC,32,1.277031139202208,0.0,0.0,0.16933682814883536,32
IMG_0069,2,HHO-VC,1,0.04048526849061478,0.6864225532565088,0.8453781512604975,0.0,59
IMG_0069,2,EHHO-VC,1,0.03501611231930209,0.6892697304045154,0.8268907563024357,0.0,59
IMG_0069,2,BEHHO-VC-Calibrated,1,0.03450229805359917,1.0130275251027638,0.9790960928499364,0.0,59
IMG_0069,2,BDA-EHHO-VC-Calibrated,1,0.20841100277304025,0.6444996010316547,0.6163959295325352,0.0,59
IMG_0069,2,MO-BDA-EHHO-VC,57,0.8287341507509325,0.009990570831911683,0.062184873949598374,0.14739582612500288,59
IMG_0069,3,HHO-VC,1,0.29588303806486405,0.5191314645370945,0.5877437325905291,0.0,41
IMG_0069,3,EHHO-VC,1,0.2717142605197515,0.517142557519752,0.6016713091922007,0.0,41
IMG_0069,3,BEHHO-VC-Calibrated,1,0.0226703396177845,0.8440459318376533,1.0,0.0,41
IMG_0069,3,BDA-EHHO-VC-Calibrated,1,0.19006628894452818,0.6535288666163681,0.8050139275766016,0.0,41
IMG_0069,3,MO-BDA-EHHO-VC,38,1.0691899670763572,0.022015710156734928,0.11373124511341665,0.14504490760294905,41
IMG_0069,4,HHO-VC,1,0.09979516837298001,0.7506986369091981,0.7590215561135324,0.0,46
IMG_0069,4,EHHO-VC,1,0.12807014046399065,0.7840049904562967,0.7558890936651514,0.0,46
IMG_0069,4,BEHHO-VC-Calibrated,1,0.13496047680337925,0.7538633511947618,0.7468048240086964,0.0,46
IMG_0069,4,BDA-EHHO-VC-Calibrated,1,0.007958376256817066,0.9764963839947588,1.0,0.0,46
IMG_0069,4,MO-BDA-EHHO-VC,44,0.8840527750611062,0.011047103598985647,0.13274336283185134,0.17704218405486372,46
IMG_0069,5,HHO-VC,1,0.2129272555056081,0.605916883036511,0.5664417866114105,0.0,43
IMG_0069,5,EHHO-VC,1,0.27253931718747915,0.6087981035536368,0.46952314776760706,0.0,43
IMG_0069,5,BEHHO-VC-Calibrated,1,0.24820970225091143,0.5547192552192132,0.4628378378377737,0.0,43
IMG_0069,5,BDA-EHHO-VC-Calibrated,1,0.16501122812871244,0.5573260459834404,0.5320945945945341,0.0,43
IMG_0069,5,MO-BDA-EHHO-VC,43,0.9407094556564364,0.0,0.0,0.1722530886567985,43
IMG_0070,1,HHO-VC,1,0.04674649086270475,0.6809395039982395,1.0,0.0,59
IMG_0070,1,EHHO-VC,1,0.04674649086270475,0.6809395039982395,1.0,0.0,59
IMG_0070,1,BEHHO-VC-Calibrated,1,0.0964414645534093,0.5814679727529452,0.8208955223881466,0.0,59
IMG_0070,1,BDA-EHHO-VC-Calibrated,1,0.052671147369648966,0.6369571413084721,0.9618573797677773,0.0,59
IMG_0070,1,MO-BDA-EHHO-VC,57,0.7058676083939813,0.0034656722488709503,0.017478505723050652,0.1117997571236168,59
IMG_0070,2,HHO-VC,1,0.1495145792485967,0.43746287040340853,0.6424067353208339,0.0,61
IMG_0070,2,EHHO-VC,1,0.1289333475298489,0.46290312957145424,0.7068909450368573,0.0,61
IMG_0070,2,BEHHO-VC-Calibrated,1,0.16811269753919952,0.5237855942159161,0.7659705302501509,0.0,61
IMG_0070,2,BDA-EHHO-VC-Calibrated,1,0.1522280222904491,0.5512719603023457,0.8063542521325111,0.0,61
IMG_0070,2,MO-BDA-EHHO-VC,57,0.8170020805956906,0.007659191314586065,0.03799976812720818,0.13261962162951982,61
IMG_0070,3,HHO-VC,1,0.001100000000000003,1.1642569895961274,1.0,0.0,65
IMG_0070,3,EHHO-VC,1,0.001100000000000003,1.1642569895961274,1.0,0.0,65
IMG_0070,3,BEHHO-VC-Calibrated,1,0.22912592366156467,0.5053887904936444,0.5741525423729013,0.0,65
IMG_0070,3,BDA-EHHO-VC-Calibrated,1,0.17460642981015048,0.495163534345833,0.6652542372881441,0.0,65
IMG_0070,3,MO-BDA-EHHO-VC,63,0.8142663151884757,0.010004055412481089,0.010416666666666718,0.12405739485585295,65
IMG_0070,4,HHO-VC,1,0.1948948220268443,0.5999771871035956,0.6912972085384319,0.0,80
IMG_0070,4,EHHO-VC,1,0.13734226805374283,0.5988682101986447,0.7438423645320072,0.0,80
IMG_0070,4,BEHHO-VC-Calibrated,1,0.23406633334832075,0.4565222302388995,0.515599343185587,0.0,80
IMG_0070,4,BDA-EHHO-VC-Calibrated,1,0.23347785180744646,0.5784408300899068,0.5670451274442843,0.0,80
IMG_0070,4,MO-BDA-EHHO-VC,78,0.9469574258106382,0.00342537007137228,0.022593903886362954,0.11129036934427293,80
IMG_0070,5,HHO-VC,1,0.18692104458082773,0.4793743104607561,0.6166964651094446,0.0,73
IMG_0070,5,EHHO-VC,1,0.17902055714975285,0.4710502108298756,0.6402077137529003,0.0,73
IMG_0070,5,BEHHO-VC-Calibrated,1,0.1201329164202258,0.5174012558000135,0.77922072138139,0.0,73
IMG_0070,5,BDA-EHHO-VC-Calibrated,1,0.10103963021300921,0.5234741872870079,0.7845773676845224,0.0,73
IMG_0070,5,MO-BDA-EHHO-VC,70,0.7270514079919494,0.0042809476461444056,0.0566037735849223,0.13108410661466235,73
IMG_0071,1,HHO-VC,1,0.0580486952393718,0.7034820798719379,0.805620565112498,0.0,85
IMG_0071,1,EHHO-VC,1,0.1159267274863596,0.6918800772206786,0.8410480873006364,0.0,85
IMG_0071,1,BEHHO-VC-Calibrated,1,0.08580726290171291,0.7660121739070875,0.9369333691799266,0.0,85
IMG_0071,1,BDA-EHHO-VC-Calibrated,1,0.08775343918950533,0.7177304317226724,0.7693750507719277,0.0,85
IMG_0071,1,MO-BDA-EHHO-VC,83,0.6939340936386705,0.0030260016686547613,0.07982583454281564,0.12598947488328974,85
IMG_0071,2,HHO-VC,1,0.0796009161284466,0.8223027745294368,1.0,0.0,63
IMG_0071,2,EHHO-VC,1,0.0796009161284466,0.8223027745294368,1.0,0.0,63
IMG_0071,2,BEHHO-VC-Calibrated,1,0.0655203755274647,0.6934468425273469,0.7713053258582956,0.0,63
IMG_0071,2,BDA-EHHO-VC-Calibrated,1,0.0651624104213236,0.6799455177734,0.7929886080946766,0.0,63
IMG_0071,2,MO-BDA-EHHO-VC,61,0.850493593860794,0.00331663615830402,0.010577800110435853,0.12068392427510825,63
IMG_0071,3,HHO-VC,1,0.2465570361614114,0.5196218976819348,0.5596693621134731,0.0,66
IMG_0071,3,EHHO-VC,1,0.2465570361614114,0.5196218976819348,0.5596693621134731,0.0,66
IMG_0071,3,BEHHO-VC-Calibrated,1,0.20875823218566203,0.5429461796556274,0.6017094996430737,0.0,66
IMG_0071,3,BDA-EHHO-VC-Calibrated,1,0.23658277697875374,0.6056074416882032,0.75625,0.0,66
IMG_0071,3,MO-BDA-EHHO-VC,62,0.8570681368814858,0.006694527061758893,0.04832713754640111,0.13081021427193348,66
IMG_0071,4,HHO-VC,1,0.14418694588627914,0.5216194732088277,0.622093023256018,0.0,74
IMG_0071,4,EHHO-VC,1,0.14418694588627914,0.5216194732088277,0.622093023256018,0.0,74
IMG_0071,4,BEHHO-VC-Calibrated,1,0.01625149113972507,0.6686582932893742,0.9409520294015263,0.0,74
IMG_0071,4,BDA-EHHO-VC-Calibrated,1,0.04499934001184805,0.5728463374823296,0.798449612403151,0.0,74
IMG_0071,4,MO-BDA-EHHO-VC,74,0.6565526805004965,0.0,0.0,0.12178737006100608,74
IMG_0071,5,HHO-VC,1,0.12748113918612927,0.6844203658766042,0.8155765234882199,0.0,90
IMG_0071,5,EHHO-VC,1,0.12374665192697584,0.7016482265278674,0.8183912780023723,0.0,90
IMG_0071,5,BEHHO-VC-Calibrated,1,0.10750603800265635,0.6419859557782969,0.7555837162647634,0.0,90
IMG_0071,5,BDA-EHHO-VC-Calibrated,1,0.2060191048348722,0.5439329460323823,0.6226259867193258,0.0,90
IMG_0071,5,MO-BDA-EHHO-VC,87,0.7816008554262647,0.0034295778023450607,0.0391517128873769,0.11431682270670616,90
IMG_0072,1,HHO-VC,1,0.030539430276793535,0.6384772586352969,1.0,0.0,66
IMG_0072,1,EHHO-VC,1,0.020620627657584042,0.9044269547319372,0.9840955770782461,0.0,66
IMG_0072,1,BEHHO-VC-Calibrated,1,0.03772985944666973,0.8055098439998892,0.9426523297490258,0.0,66
IMG_0072,1,BDA-EHHO-VC-Calibrated,1,0.1314586823271916,0.5516441604377511,0.7305463973570067,0.0,66
IMG_0072,1,MO-BDA-EHHO-VC,63,0.8678638025290623,0.010772036437305432,0.04558011049723758,0.13663566115827927,66
IMG_0072,2,HHO-VC,1,0.022144520744519256,0.6533058744518656,0.9922879177375993,0.0,73
IMG_0072,2,EHHO-VC,1,0.05079994451996553,0.5249126120410166,0.8457583547556549,0.0,73
IMG_0072,2,BEHHO-VC-Calibrated,1,0.10904389211150095,0.5620018323549073,0.7455012853468999,0.0,73
IMG_0072,2,BDA-EHHO-VC-Calibrated,1,0.075664781706602,0.5868783903410659,0.8483290488432539,0.0,73
IMG_0072,2,MO-BDA-EHHO-VC,73,0.7914552971742733,0.0,0.0,0.11635464387072897,73
IMG_0072,3,HHO-VC,1,0.17942619412494468,0.601578250956964,0.7564102564102564,0.0,77
IMG_0072,3,EHHO-VC,1,0.23221039393364568,0.5900426783202737,0.7596153846153846,0.0,77
IMG_0072,3,BEHHO-VC-Calibrated,1,0.20973914789151352,0.5823295381047937,0.6501666148227275,0.0,77
IMG_0072,3,BDA-EHHO-VC-Calibrated,1,0.26705936801475644,0.5013498657404367,0.6538461538461539,0.0,77
IMG_0072,3,MO-BDA-EHHO-VC,74,0.7785939310844513,0.007136282994703379,0.10296684118669638,0.12843547539360067,77
IMG_0072,4,HHO-VC,1,0.14819064458495323,0.49561682652109756,0.5778301886791244,0.0,65
IMG_0072,4,EHHO-VC,1,0.14819064458495323,0.49561682652109756,0.5778301886791244,0.0,65
IMG_0072,4,BEHHO-VC-Calibrated,1,0.12123468579104453,0.51175514664957,0.5966981132073825,0.0,65
IMG_0072,4,BDA-EHHO-VC-Calibrated,1,0.0477940395055434,0.6674813927310633,0.9528301886793206,0.0,65
IMG_0072,4,MO-BDA-EHHO-VC,65,0.8695805005626823,0.0,0.0,0.11657519823563363,65
IMG_0072,5,HHO-VC,1,0.09344866264356054,0.7867579527061046,0.7184185981169622,0.0,80
IMG_0072,5,EHHO-VC,1,0.071128256353082,0.9811918332745009,0.975178563013428,0.0,80
IMG_0072,5,BEHHO-VC-Calibrated,1,0.05283965372140566,0.9892388510149377,1.0,0.0,80
IMG_0072,5,BDA-EHHO-VC-Calibrated,1,0.1409008779989737,0.5365178695115072,0.7434582219889364,0.0,80
IMG_0072,5,MO-BDA-EHHO-VC,77,1.056893527050977,0.0013346973743853143,0.045207956600399196,0.12976016045362881,80
IMG_0073,1,HHO-VC,1,0.02922647599982265,0.8455583908420082,0.9588084446142418,0.0,77
IMG_0073,1,EHHO-VC,1,0.035454350735866356,0.8252436638315185,0.9271729282479079,0.0,77
IMG_0073,1,BEHHO-VC-Calibrated,1,0.010602680704376054,0.9596738635447082,1.0,0.0,77
IMG_0073,1,BDA-EHHO-VC-Calibrated,1,0.3317426161428442,0.532424376406452,0.5263495395179503,0.0,77
IMG_0073,1,MO-BDA-EHHO-VC,76,1.019499202056828,0.001677001766869121,0.08647342033198951,0.10275436367902051,77
IMG_0073,2,HHO-VC,1,0.17943054019579302,0.5071592345584037,0.7321772639691652,0.0,70
IMG_0073,2,EHHO-VC,1,0.154240105298819,0.5660620481532769,0.7880539499036945,0.0,70
IMG_0073,2,BEHHO-VC-Calibrated,1,0.06251062145994665,0.5778617186617103,0.9248554913294581,0.0,70
IMG_0073,2,BDA-EHHO-VC-Calibrated,1,0.0675870592077698,0.556756182697584,0.8574181117535813,0.0,70
IMG_0073,2,MO-BDA-EHHO-VC,68,0.8367352835022668,0.004562169510996989,0.010527146352520667,0.1231543341136816,70
IMG_0073,3,HHO-VC,1,0.037413992309157804,1.0372973044567353,1.0,0.0,61
IMG_0073,3,EHHO-VC,1,0.037413992309157804,1.0372973044567353,1.0,0.0,61
IMG_0073,3,BEHHO-VC-Calibrated,1,0.05440409716497738,0.7534065290748961,0.864462809917358,0.0,61
IMG_0073,3,BDA-EHHO-VC-Calibrated,1,0.10278160782006665,0.7107308788827759,0.7671051064449553,0.0,61
IMG_0073,3,MO-BDA-EHHO-VC,58,0.6498376153904348,0.01495910996040027,0.07272727272737706,0.12663171629455994,61
IMG_0073,4,HHO-VC,1,0.024292252227437583,0.8967679806948832,1.0,0.0,78
IMG_0073,4,EHHO-VC,1,0.06447150894307087,0.7717525241428036,0.7916666666668358,0.0,78
IMG_0073,4,BEHHO-VC-Calibrated,1,0.06581230919464326,0.6912335871067068,0.8223684210527484,0.0,78
IMG_0073,4,BDA-EHHO-VC-Calibrated,1,0.04720346428125068,0.6755358433278759,0.8947387909999579,0.0,78
IMG_0073,4,MO-BDA-EHHO-VC,76,0.9181159607482229,0.005930039637535358,0.010666666666666588,0.13221338453991716,78
IMG_0073,5,HHO-VC,1,0.07949823078375638,0.5792686062541829,0.7080645161290322,0.0,76
IMG_0073,5,EHHO-VC,1,0.1031594607608164,0.963011885315346,0.9538482348370868,0.0,76
IMG_0073,5,BEHHO-VC-Calibrated,1,0.12909611751189978,0.8591970465621395,0.8338679498131407,0.0,76
IMG_0073,5,BDA-EHHO-VC-Calibrated,1,0.07369990696938805,0.5346033320458076,0.764516129032258,0.0,76
IMG_0073,5,MO-BDA-EHHO-VC,74,0.9210633159564031,0.005668920030877835,0.027082996636205878,0.12504064171030047,76
IMG_0074,1,HHO-VC,1,0.1235839431269543,0.5343391751301795,0.9337474120083716,0.0,60
IMG_0074,1,EHHO-VC,1,0.17159255322317163,0.5081421418712498,0.8716356107659617,0.0,60
IMG_0074,1,BEHHO-VC-Calibrated,1,0.3821221219405642,0.46891937123124594,0.6211180124222421,0.0,60
IMG_0074,1,BDA-EHHO-VC-Calibrated,1,0.18814383843298316,0.5159439293893069,0.8633540372670058,0.0,60
IMG_0074,1,MO-BDA-EHHO-VC,57,0.839897717971081,0.005431091355638591,0.07039337474136587,0.13309949639177707,60
IMG_0074,2,HHO-VC,1,0.11214267934844376,0.5877742785526356,0.8318098720292503,0.0,63
IMG_0074,2,EHHO-VC,1,0.08990697725230143,0.5972590660400549,0.8372943327239486,0.0,63
IMG_0074,2,BEHHO-VC-Calibrated,1,0.37104374443307814,0.4129867652467279,0.5448997444755245,0.0,63
IMG_0074,2,BDA-EHHO-VC-Calibrated,1,0.11770636572811667,0.5528186582689303,0.8007312614259597,0.0,63
IMG_0074,2,MO-BDA-EHHO-VC,62,1.1509164702775276,0.002047666613974415,0.007928929906652948,0.1303985148091777,63
IMG_0074,3,HHO-VC,1,0.06136969692272441,0.8702139049330914,0.8959564741988023,0.0,67
IMG_0074,3,EHHO-VC,1,0.1457147715675586,0.508488353747369,0.6502636203866433,0.0,67
IMG_0074,3,BEHHO-VC-Calibrated,1,0.1282442142254135,0.4053021024568468,0.6814423115441094,0.0,67
IMG_0074,3,BDA-EHHO-VC-Calibrated,1,0.14372155852166227,0.5019865584215025,0.65377813721638,0.0,67
IMG_0074,3,MO-BDA-EHHO-VC,64,0.869699173621336,0.0075455193583644645,0.1113371753777481,0.11990894039798033,67
IMG_0074,4,HHO-VC,1,0.0029923788369690513,1.2019718444252503,1.0,0.0,62
IMG_0074,4,EHHO-VC,1,0.0029923788369690513,1.2019718444252503,1.0,0.0,62
IMG_0074,4,BEHHO-VC-Calibrated,1,0.23338230205680324,0.6500273846497029,0.5184230789851143,0.0,62
IMG_0074,4,BDA-EHHO-VC-Calibrated,1,0.10071989727600049,0.7148082838077151,0.9010526315789726,0.0,62
IMG_0074,4,MO-BDA-EHHO-VC,59,1.1854958330813656,0.011349513293525782,0.0067264573991031714,0.12284526804361226,62
IMG_0074,5,HHO-VC,1,0.034379696285575724,0.7981287984290034,1.0,0.0,59
IMG_0074,5,EHHO-VC,1,0.03992706322912695,0.7841280597828334,0.9595687331536391,0.0,59
IMG_0074,5,BEHHO-VC-Calibrated,1,0.03213361524838763,0.7981306466206488,0.9892183288409705,0.0,59
IMG_0074,5,BDA-EHHO-VC-Calibrated,1,0.04435401530852753,0.7898102523386414,0.9770889487870623,0.0,59
IMG_0074,5,MO-BDA-EHHO-VC,57,1.0159286292785772,0.012485618663246805,0.00929584034139537,0.11388684541836683,59
IMG_0075,1,HHO-VC,1,0.038661338215959934,1.066922389473464,1.0,0.0,35
IMG_0075,1,EHHO-VC,1,0.038661338215959934,1.066922389473464,1.0,0.0,35
IMG_0075,1,BEHHO-VC-Calibrated,1,0.038661338215959934,1.066922389473464,1.0,0.0,35
IMG_0075,1,BDA-EHHO-VC-Calibrated,1,0.1589068037729676,0.6553516638199707,0.7296137339055792,0.0,35
IMG_0075,1,MO-BDA-EHHO-VC,31,0.7814502036126365,0.00494247879622571,0.09235668789819973,0.20577396930194594,35
IMG_0075,2,HHO-VC,1,0.0444400289953504,0.8665831713957758,0.9798620290043932,0.0,54
IMG_0075,2,EHHO-VC,1,0.026045169764663954,0.8293772518763127,1.0,0.0,54
IMG_0075,2,BEHHO-VC-Calibrated,1,0.02454168754943597,0.9015237982558368,1.0,0.0,54
IMG_0075,2,BDA-EHHO-VC-Calibrated,1,0.04455909972978808,0.9393978428347852,0.9327052489905789,0.0,54
IMG_0075,2,MO-BDA-EHHO-VC,54,1.0036994594149617,0.0,0.0,0.15379615806747624,54
IMG_0075,3,HHO-VC,1,0.15860828217409917,0.5822546625289419,0.5907146370964907,0.0,47
IMG_0075,3,EHHO-VC,1,0.13673789190878405,0.9061159431291933,0.8419395798685434,0.0,47
IMG_0075,3,BEHHO-VC-Calibrated,1,0.20762438598263105,0.6137370041764639,0.5389422388001373,0.0,47
IMG_0075,3,BDA-EHHO-VC-Calibrated,1,0.060764766519702376,0.8129159469675695,1.0,0.0,47
IMG_0075,3,MO-BDA-EHHO-VC,45,0.7694223379749362,0.01188070933912472,0.2596646807907032,0.13198597151658614,47
IMG_0075,4,HHO-VC,1,0.2912474203687947,0.5486887340340362,0.628550788823764,0.0,38
IMG_0075,4,EHHO-VC,1,0.4064096975396649,0.552235350369246,0.49058839553465894,0.0,38
IMG_0075,4,BEHHO-VC-Calibrated,1,0.13858022645335102,0.7297035829879523,0.811494252873563,0.0,38
IMG_0075,4,BDA-EHHO-VC-Calibrated,1,0.02074601007819913,0.8166250706761904,1.0,0.0,38
IMG_0075,4,MO-BDA-EHHO-VC,37,0.983615707882615,0.010194382504153466,0.035527034237807065,0.17899308069677436,38
IMG_0075,5,HHO-VC,1,0.029185943651630106,0.9300072455228958,0.8900966334005473,0.0,41
IMG_0075,5,EHHO-VC,1,0.039773550223964144,0.6938644279430082,0.9370233619540376,0.0,41
IMG_0075,5,BEHHO-VC-Calibrated,1,0.022336674075301866,0.7763798757476859,0.9120367650711441,0.0,41
IMG_0075,5,BDA-EHHO-VC-Calibrated,1,0.015678066961479265,0.775547299614743,1.0,0.0,41
IMG_0075,5,MO-BDA-EHHO-VC,41,0.8640584407269183,0.004325559584769058,0.03645833333329951,0.13328136965147214,41
IMG_0076,1,HHO-VC,1,0.016582484938860675,0.5861682916769038,0.9934835917367417,0.0,32
IMG_0076,1,EHHO-VC,1,0.026141523666852136,0.5479115688881442,0.9566571979321561,0.0,32
IMG_0076,1,BEHHO-VC-Calibrated,1,0.003483142841403316,1.0025836989717516,1.0,0.0,32
IMG_0076,1,BDA-EHHO-VC-Calibrated,1,0.015271611617425667,0.8032377874167601,0.8907103825138367,0.0,32
IMG_0076,1,MO-BDA-EHHO-VC,32,0.7578768570268093,0.0,0.0,0.18154321523898947,32
IMG_0076,2,HHO-VC,1,0.006460155994692689,0.7959754359218962,1.0,0.0,43
IMG_0076,2,EHHO-VC,1,0.009586283738267948,0.7683620882809167,0.9838709677419355,0.0,43
IMG_0076,2,BEHHO-VC-Calibrated,1,0.28360532785165843,0.627223920657449,0.5186500888100893,0.0,43
IMG_0076,2,BDA-EHHO-VC-Calibrated,1,0.008872558730910068,0.8767308608722852,1.0,0.0,43
IMG_0076,2,MO-BDA-EHHO-VC,42,0.7063724036134659,0.005684123957164754,0.10752688172043007,0.1799272776289706,43
IMG_0076,3,HHO-VC,1,0.03452584841422107,1.0289708312763897,0.8739285723811121,0.0,43
IMG_0076,3,EHHO-VC,1,0.03452584841422107,1.0289708312763897,0.8739285723811121,0.0,43
IMG_0076,3,BEHHO-VC-Calibrated,1,0.020273856060699556,0.9088015825843097,1.0,0.0,43
IMG_0076,3,BDA-EHHO-VC-Calibrated,1,0.012324859765776639,0.9747340151286543,0.967138086506217,0.0,43
IMG_0076,3,MO-BDA-EHHO-VC,40,0.7796794749449849,0.024664566690854043,0.060897435897436014,0.13999680147210086,43
IMG_0076,4,HHO-VC,1,0.050476700848018606,1.1029019187930116,1.0,0.0,54
IMG_0076,4,EHHO-VC,1,0.050476700848018606,1.1029019187930116,1.0,0.0,54
IMG_0076,4,BEHHO-VC-Calibrated,1,0.042294266067936986,0.9058279844059656,1.0,0.0,54
IMG_0076,4,BDA-EHHO-VC-Calibrated,1,0.05099277041930413,0.8266766450262778,0.8231840512607231,0.0,54
IMG_0076,4,MO-BDA-EHHO-VC,52,1.0241411157573734,0.021106237403298287,0.03587443946188347,0.1171895763316895,54
IMG_0076,5,HHO-VC,1,0.31888757571703213,0.5466940001698058,0.4896519766150779,0.0,42
IMG_0076,5,EHHO-VC,1,0.1994946868032219,0.7294130661884607,0.6104502183031157,0.0,42
IMG_0076,5,BEHHO-VC-Calibrated,1,0.03052029093150253,1.09233002159641,0.9539619498345265,0.0,42
IMG_0076,5,BDA-EHHO-VC-Calibrated,1,0.2081777361441537,0.5824536634729622,0.5325301204819277,0.0,42
IMG_0076,5,MO-BDA-EHHO-VC,38,0.9505000945848125,0.020209750813368014,0.05379310344828303,0.16721566193517812,42
IMG_0077,1,HHO-VC,1,0.1360185792169118,0.9414553968576601,0.9235471326472301,0.0,82
IMG_0077,1,EHHO-VC,1,0.055956139183172174,0.9722077558143314,1.0,0.0,82
IMG_0077,1,BEHHO-VC-Calibrated,1,0.025110421493558438,1.0043743809803796,1.0,0.0,82
IMG_0077,1,BDA-EHHO-VC-Calibrated,1,0.1564058188668704,0.8107545562472269,0.7632180106309316,0.0,82
IMG_0077,1,MO-BDA-EHHO-VC,78,0.9577050641547405,0.010642076361629916,0.1617250673855415,0.12292400848695159,82
IMG_0077,2,HHO-VC,1,0.028654787699749,1.1339172270434235,1.0,0.0,91
IMG_0077,2,EHHO-VC,1,0.10108412031070552,0.7532583434793343,0.8199282775849125,0.0,91
IMG_0077,2,BEHHO-VC-Calibrated,1,0.04080222674362252,1.100143165534134,0.9617126486245272,0.0,91
IMG_0077,2,BDA-EHHO-VC-Calibrated,1,0.1769024245096743,0.6736318109512447,0.6156354595008134,0.0,91
IMG_0077,2,MO-BDA-EHHO-VC,87,0.5502017007354983,0.004500058848731286,0.10036255780483638,0.08316723616543746,91
IMG_0077,3,HHO-VC,1,0.17956718699482924,0.5403783082721443,0.5099768155043181,0.0,75
IMG_0077,3,EHHO-VC,1,0.1256863652591888,0.6069325773568093,0.5824049821389559,0.0,75
IMG_0077,3,BEHHO-VC-Calibrated,1,0.31784505892567466,0.6728333449856114,0.517615779865246,0.0,75
IMG_0077,3,BDA-EHHO-VC-Calibrated,1,0.35316630512210584,0.47218354923705885,0.3579638518511188,0.0,75
IMG_0077,3,MO-BDA-EHHO-VC,74,1.0489396552935562,0.0038915912173689148,0.0748663101604278,0.11207382454494749,75
IMG_0077,4,HHO-VC,1,0.12362415110675694,0.692667735649808,0.688195991091532,0.0,81
IMG_0077,4,EHHO-VC,1,0.1179214131920552,0.6787168584716321,0.648106904231612,0.0,81
IMG_0077,4,BEHHO-VC-Calibrated,1,0.13879666889879902,0.7418340991799525,0.6883922167924806,0.0,81
IMG_0077,4,BDA-EHHO-VC-Calibrated,1,0.05559580731344739,0.747853414380285,0.9420935412027625,0.0,81
IMG_0077,4,MO-BDA-EHHO-VC,80,0.8432150332882948,0.004160247721024308,0.03234955271396206,0.11966685073983241,81
IMG_0077,5,HHO-VC,1,0.2834938513752028,0.8618274706030542,0.614064414263401,0.0,78
IMG_0077,5,EHHO-VC,1,0.2834938513752028,0.8618274706030542,0.614064414263401,0.0,78
IMG_0077,5,BEHHO-VC-Calibrated,1,0.09832779110429386,0.8227774281229342,0.8398895998935209,0.0,78
IMG_0077,5,BDA-EHHO-VC-Calibrated,1,0.16477434408690594,0.5806692798091486,0.6349894522291991,0.0,78
IMG_0077,5,MO-BDA-EHHO-VC,77,0.829125317857651,0.005322639844076308,0.0883190883191165,0.12825940975178488,78
IMG_0078,1,HHO-VC,1,0.05391627912491786,0.7266576037460529,1.0,0.0,37
IMG_0078,1,EHHO-VC,1,0.20605263543048044,0.6925278232317126,0.7136865191555146,0.0,37
IMG_0078,1,BEHHO-VC-Calibrated,1,0.12909341159619103,0.7388061273279558,0.769828815484718,0.0,37
IMG_0078,1,BDA-EHHO-VC-Calibrated,1,0.03668947998198096,0.8991438159258451,1.0,0.0,37
IMG_0078,1,MO-BDA-EHHO-VC,34,0.7540696087218777,0.03684343406537895,0.2779720279719238,0.13336283221511983,37
IMG_0078,2,HHO-VC,1,0.02297214171838612,1.0069909463558309,1.0,0.0,50
IMG_0078,2,EHHO-VC,1,0.07930098657976137,0.8315929405786763,0.847167325428195,0.0,50
IMG_0078,2,BEHHO-VC-Calibrated,1,0.02756349601796288,1.0072488629672003,0.9947299077733859,0.0,50
IMG_0078,2,BDA-EHHO-VC-Calibrated,1,0.16430630776056807,0.9257284179048528,0.8234519104084322,0.0,50
IMG_0078,2,MO-BDA-EHHO-VC,49,0.9540169547932951,0.013361847425124324,0.07789473684209919,0.10964975752217752,50
IMG_0078,3,HHO-VC,1,0.036189703845752125,0.8301500852081173,0.954005934718067,0.0,55
IMG_0078,3,EHHO-VC,1,0.1811285360365964,0.5578763564515236,0.6275510204081632,0.0,55
IMG_0078,3,BEHHO-VC-Calibrated,1,0.1218796108765919,0.5770137015323376,0.7166172106824409,0.0,55
IMG_0078,3,BDA-EHHO-VC-Calibrated,1,0.2823142144216976,0.5399692233725454,0.6854599406529169,0.0,55
IMG_0078,3,MO-BDA-EHHO-VC,54,0.9090995926741166,0.0016349279554593655,0.03741496598639452,0.12085846660433405,55
IMG_0078,4,HHO-VC,1,0.06657386179032689,1.1012243471777232,0.8893612868503304,0.0,60
IMG_0078,4,EHHO-VC,1,0.06657386179032689,1.1012243471777232,0.8893612868503304,0.0,60
IMG_0078,4,BEHHO-VC-Calibrated,1,0.05579483305958069,0.8327603891143875,0.9097472924186752,0.0,60
IMG_0078,4,BDA-EHHO-VC-Calibrated,1,0.1141889038038234,0.9261000091891544,0.790769230769231,0.0,60
IMG_0078,4,MO-BDA-EHHO-VC,56,0.8535098273788269,0.0332175956876615,0.050541516245651175,0.1392183861679562,60
IMG_0078,5,HHO-VC,1,0.07342534945944929,0.5295780771325563,0.8380952380952381,0.0,77
IMG_0078,5,EHHO-VC,1,0.09522692957439569,0.5913802328704142,0.8642857142857143,0.0,77
IMG_0078,5,BEHHO-VC-Calibrated,1,0.1858144391498966,0.4540486603825517,0.7155017755340376,0.0,77
IMG_0078,5,BDA-EHHO-VC-Calibrated,1,0.16585148562335478,0.5855128864417046,0.7526285527114419,0.0,77
IMG_0078,5,MO-BDA-EHHO-VC,75,0.7074183963459827,0.0047737870065173785,0.06201550387588195,0.10295850389389026,77
IMG_0079,1,HHO-VC,1,0.010179751306907913,0.811001736174938,0.9661369231628926,0.0,25
IMG_0079,1,EHHO-VC,1,0.00988275339806177,0.8471272642567722,1.0,0.0,25
IMG_0079,1,BEHHO-VC-Calibrated,1,0.04097563982219698,0.7168953083784341,0.7702086880675072,0.0,25
IMG_0079,1,BDA-EHHO-VC-Calibrated,1,0.03291916168995342,0.833051261470513,1.0,0.0,25
IMG_0079,1,MO-BDA-EHHO-VC,25,0.7606852370099576,0.0,0.0,0.17284660707154026,25
IMG_0079,2,HHO-VC,1,0.044719026616042254,0.8334175121066945,0.9399233822581894,0.0,10
IMG_0079,2,EHHO-VC,1,0.036776215360108076,0.8732834311979966,0.9852595749049309,0.0,10
IMG_0079,2,BEHHO-VC-Calibrated,1,0.0020827014583522613,1.3317857817074827,1.0,0.0,10
IMG_0079,2,BDA-EHHO-VC-Calibrated,1,0.005691887035507006,1.201022043443499,1.0,0.0,10
IMG_0079,2,MO-BDA-EHHO-VC,10,0.908079011062477,0.0,0.0,0.29394417891888946,10
IMG_0079,3,HHO-VC,1,0.16393718298256482,0.6740833965335689,0.5999999999999999,0.0,10
IMG_0079,3,EHHO-VC,1,0.05855676635013508,0.8654111115924316,0.9357142857142854,0.0,10
IMG_0079,3,BEHHO-VC-Calibrated,1,0.02841858480589541,0.9579941866495132,1.0,0.0,10
IMG_0079,3,BDA-EHHO-VC-Calibrated,1,0.16959923453420964,0.8381495832323725,0.7928571428571426,0.0,10
IMG_0079,3,MO-BDA-EHHO-VC,9,1.0148074051291434,0.06277307651807132,0.022488461232064837,0.2879090124467127,10
IMG_0079,4,HHO-VC,1,0.02594673363867884,0.7175399579456502,1.0,0.0,20
IMG_0079,4,EHHO-VC,1,0.06031467115571992,0.622236987072711,0.9061302681992603,0.0,20
IMG_0079,4,BEHHO-VC-Calibrated,1,0.08990552466999392,0.5691788279725742,0.741379310344846,0.0,20
IMG_0079,4,BDA-EHHO-VC-Calibrated,1,0.009031096798339263,1.0400806079096485,1.0,0.0,20
IMG_0079,4,MO-BDA-EHHO-VC,18,0.6421606525187817,0.015939843855539693,0.04580152671755719,0.2666170213455164,20
IMG_0079,5,HHO-VC,1,0.36185611668629347,0.6941086746800751,0.4853003693698657,0.0,17
IMG_0079,5,EHHO-VC,1,0.0021699799684006477,1.362142034360224,1.0,0.0,17
IMG_0079,5,BEHHO-VC-Calibrated,1,0.26547417568127585,0.5503956529632746,0.6996336996337283,0.0,17
IMG_0079,5,BDA-EHHO-VC-Calibrated,1,0.06245690893103269,0.8390615653028768,0.8461538461536179,0.0,17
IMG_0079,5,MO-BDA-EHHO-VC,16,1.0017076384829116,0.012541085794766404,0.06959706959719303,0.21907394781159492,17
IMG_0080,1,HHO-VC,1,0.017428490285043542,1.0759958112214476,0.9858490566037736,0.0,28
IMG_0080,1,EHHO-VC,1,0.022278175276778722,1.0513371214467395,0.9481132075471698,0.0,28
IMG_0080,1,BEHHO-VC-Calibrated,1,0.026848771908920863,1.0512173717150035,0.9646226415094341,0.0,28
IMG_0080,1,BDA-EHHO-VC-Calibrated,1,0.10940965304987954,0.7526463970413045,0.7099056603773586,0.0,28
IMG_0080,1,MO-BDA-EHHO-VC,28,1.0311749167457323,0.0,0.0,0.20683485741128985,28
IMG_0080,2,HHO-VC,1,0.01617736694012257,0.996860800463089,0.9115281501340219,0.0,27
IMG_0080,2,EHHO-VC,1,0.002833002677703721,1.1184871231491795,1.0,0.0,27
IMG_0080,2,BEHHO-VC-Calibrated,1,0.016205354129473076,0.928349196166769,0.8597122302158274,0.0,27
IMG_0080,2,BDA-EHHO-VC-Calibrated,1,0.0204145987404545,0.8972545574710167,0.8315738719208794,0.0,27
IMG_0080,2,MO-BDA-EHHO-VC,27,1.0234530221526572,0.0,0.0,0.21619765230080287,27
IMG_0080,3,HHO-VC,1,0.0034864026892725457,1.0865563332459407,1.0,0.0,23
IMG_0080,3,EHHO-VC,1,0.0034864026892725457,1.0865563332459407,1.0,0.0,23
IMG_0080,3,BEHHO-VC-Calibrated,1,0.3122888563322274,0.47730707733719624,0.5481713080191636,0.0,23
IMG_0080,3,BDA-EHHO-VC-Calibrated,1,0.38493883502567866,0.46110042227629044,0.4956331877727735,0.0,23
IMG_0080,3,MO-BDA-EHHO-VC,22,1.0852842033838483,0.004749917329226901,0.008836524300441767,0.296376784520072,23
IMG_0080,4,HHO-VC,1,0.008696875747760152,1.188849931544505,0.9950351561512313,0.0,28
IMG_0080,4,EHHO-VC,1,0.0024287273132633756,1.2017429978940666,1.0,0.0,28
IMG_0080,4,BEHHO-VC-Calibrated,1,0.001224078672691798,1.3216683047094038,1.0,0.0,28
IMG_0080,4,BDA-EHHO-VC-Calibrated,1,0.0028161198787625416,1.2628065389093484,0.9563385984101346,0.0,28
IMG_0080,4,MO-BDA-EHHO-VC,28,0.9945493654494276,0.0,0.0,0.15416719894231753,28
IMG_0080,5,HHO-VC,1,0.3315911672899508,0.5315421480771495,0.45606694560669453,0.0,36
IMG_0080,5,EHHO-VC,1,0.029472894816468635,0.7653550749962784,1.0,0.0,36
IMG_0080,5,BEHHO-VC-Calibrated,1,0.057380714058009076,0.7189766748843421,0.9686192468619246,0.0,36
IMG_0080,5,BDA-EHHO-VC-Calibrated,1,0.0461132177314281,0.7025854316902732,1.0,0.0,36
IMG_0080,5,MO-BDA-EHHO-VC,34,0.83612952141397,0.01282508845706707,0.05222333699196677,0.15713151109922063,36
IMG_0081,1,HHO-VC,1,0.018454712784539695,1.017905923981207,0.8979963570127505,0.0,8
IMG_0081,1,EHHO-VC,1,0.018454712784539695,1.017905923981207,0.8979963570127505,0.0,8
IMG_0081,1,BEHHO-VC-Calibrated,1,0.00015980527414772658,1.4707493884494018,1.0,0.0,8
IMG_0081,1,BDA-EHHO-VC-Calibrated,1,0.03280638715016616,0.8784718374693268,1.0,0.0,8
IMG_0081,1,MO-BDA-EHHO-VC,8,1.073668414439142,0.0,0.0,0.26280192088396215,8
IMG_0081,2,HHO-VC,1,0.0544002249115319,0.6814068490190467,0.8593155893535904,0.0,30
IMG_0081,2,EHHO-VC,1,0.09174973926996313,0.9485746226413404,0.9467680608365997,0.0,30
IMG_0081,2,BEHHO-VC-Calibrated,1,0.2641379103142147,0.7647273059095613,0.7359345055141269,0.0,30
IMG_0081,2,BDA-EHHO-VC-Calibrated,1,0.07750967479074496,0.5386063061612429,0.7315163385072284,0.0,30
IMG_0081,2,MO-BDA-EHHO-VC,28,0.5314566338291822,0.021570458755163426,0.2012603051133621,0.1675738662964661,30
IMG_0081,3,HHO-VC,1,0.0030229910791223055,1.1902776874725356,0.9557335772476212,0.0,13
IMG_0081,3,EHHO-VC,1,0.0006991561181434586,1.338452481998337,1.0,0.0,13
IMG_0081,3,BEHHO-VC-Calibrated,1,0.01795483143713567,0.9636902198840611,0.877480558428821,0.0,13
IMG_0081,3,BDA-EHHO-VC-Calibrated,1,0.0034082849605314223,1.189012193733861,0.9703786398038211,0.0,13
IMG_0081,3,MO-BDA-EHHO-VC,13,0.7292075624529976,0.0,0.0,0.21789978894997925,13
IMG_0081,4,HHO-VC,1,0.31519297950906244,0.6664391515310764,0.7088946309577825,0.0,10
IMG_0081,4,EHHO-VC,1,0.0640485487704955,0.8534104842381012,0.8376093133045281,0.0,10
IMG_0081,4,BEHHO-VC-Calibrated,1,0.048372257649229713,0.865634428745451,0.9045142358535952,0.0,10
IMG_0081,4,BDA-EHHO-VC-Calibrated,1,0.001033521850194885,1.2614282680253908,1.0,0.0,10
IMG_0081,4,MO-BDA-EHHO-VC,8,0.9328460153946914,0.10450582384565762,0.2162512844621753,0.2706758371704108,10
IMG_0081,5,HHO-VC,1,0.001992554524101132,1.5857140642050678,0.980629719378732,0.0,4
IMG_0081,5,EHHO-VC,1,0.0007262833675562927,1.658900895627092,1.0,0.0,4
IMG_0081,5,BEHHO-VC-Calibrated,1,0.035205332839836206,1.0792181973044706,0.8583162217657652,0.0,4
IMG_0081,5,BDA-EHHO-VC-Calibrated,1,0.004675883979594125,1.3972927092485385,1.0,0.0,4
IMG_0081,5,MO-BDA-EHHO-VC,4,1.4175186797892165,0.0,0.0,0.13247061282744915,4
IMG_0082,1,HHO-VC,1,0.19358798463650717,0.576403908644535,0.80381760339339,0.0,81
IMG_0082,1,EHHO-VC,1,0.13643407238762578,0.5362894182989199,0.7794273594910616,0.0,81
IMG_0082,1,BEHHO-VC-Calibrated,1,0.15326790917394784,0.47472104730720993,0.5626583612286913,0.0,81
IMG_0082,1,BDA-EHHO-VC-Calibrated,1,0.18375249317168868,0.602721739233476,0.786850477200409,0.0,81
IMG_0082,1,MO-BDA-EHHO-VC,80,0.8182324751391946,0.0010767043768180734,0.06948228882833794,0.10043904201607604,81
IMG_0082,2,HHO-VC,1,0.05133461389671765,0.9239819691951443,1.0,0.0,83
IMG_0082,2,EHHO-VC,1,0.05133461389671765,0.9239819691951443,1.0,0.0,83
IMG_0082,2,BEHHO-VC-Calibrated,1,0.11761136452218972,0.8130243823808536,0.7936456714818475,0.0,83
IMG_0082,2,BDA-EHHO-VC-Calibrated,1,0.05793052826116364,0.8741645152156512,1.0,0.0,83
IMG_0082,2,MO-BDA-EHHO-VC,79,0.8640921256684115,0.015660766450946238,0.04768211920529805,0.1254598994862157,83
IMG_0082,3,HHO-VC,1,0.1788737239426145,0.8738452180692556,0.8055136677494281,0.0,74
IMG_0082,3,EHHO-VC,1,0.058916604707457215,0.9536219885340071,0.8966778958923601,0.0,74
IMG_0082,3,BEHHO-VC-Calibrated,1,0.018943215923550524,1.086693190419487,1.0,0.0,74
IMG_0082,3,BDA-EHHO-VC-Calibrated,1,0.27293174048745383,0.5159323276065583,0.48137931034482767,0.0,74
IMG_0082,3,MO-BDA-EHHO-VC,71,0.8312944961454353,0.01258872590696019,0.07310344827586208,0.1314833573644098,74
IMG_0082,4,HHO-VC,1,0.2663484498136184,0.7524933505540401,0.5839406104375205,0.0,64
IMG_0082,4,EHHO-VC,1,0.40440974155722004,0.6762523126896411,0.4937313298910107,0.0,64
IMG_0082,4,BEHHO-VC-Calibrated,1,0.18210708489540894,0.5273319317200842,0.7762345679012427,0.0,64
IMG_0082,4,BDA-EHHO-VC-Calibrated,1,0.20753954518995138,0.4968210502536622,0.672839506172903,0.0,64
IMG_0082,4,MO-BDA-EHHO-VC,62,0.8529774537873694,0.004297470827469512,0.11882716049375686,0.13696105074789347,64
IMG_0082,5,HHO-VC,1,0.24121423527711278,0.9489179341608458,0.7659014459856187,0.0,72
IMG_0082,5,EHHO-VC,1,0.24121423527711278,0.9489179341608458,0.7659014459856187,0.0,72
IMG_0082,5,BEHHO-VC-Calibrated,1,0.21455814138741786,0.8080173041463957,0.6550464105248837,0.0,72
IMG_0082,5,BDA-EHHO-VC-Calibrated,1,0.1763269151612646,0.5476919232673102,0.6311119147169624,0.0,72
IMG_0082,5,MO-BDA-EHHO-VC,70,0.8264985868891517,0.017904765093581028,0.22355769230780925,0.11236636155566129,72
IMG_0083,1,HHO-VC,1,0.003628293371092395,1.0211091285161065,1.0,0.0,27
IMG_0083,1,EHHO-VC,1,0.033011203968019875,0.8302758539185577,0.8891129032258065,0.0,27
IMG_0083,1,BEHHO-VC-Calibrated,1,0.15059207918500095,0.6015544288939546,0.6244093216235427,0.0,27
IMG_0083,1,BDA-EHHO-VC-Calibrated,1,0.0893301741134799,0.6323804721750518,0.8309859154931816,0.0,27
IMG_0083,1,MO-BDA-EHHO-VC,27,0.8877435544714023,0.0,0.0,0.23321947858142622,27
IMG_0083,2,HHO-VC,1,0.008522448359917998,1.2016876366828138,0.9780701754385965,0.0,26
IMG_0083,2,EHHO-VC,1,0.008951104365635293,1.201916221687133,0.980263157894737,0.0,26
IMG_0083,2,BEHHO-VC-Calibrated,1,0.006197450176562163,1.1949019669447547,1.0,0.0,26
IMG_0083,2,BDA-EHHO-VC-Calibrated,1,0.014978397972430137,1.0509326478171948,0.9035087719298247,0.0,26
IMG_0083,2,MO-BDA-EHHO-VC,26,0.9297535389280558,0.0,0.0,0.19522693456350337,26
IMG_0083,3,HHO-VC,1,0.07946911253073835,0.824450039843734,0.9784520464603816,0.0,26
IMG_0083,3,EHHO-VC,1,0.007875349233731956,1.1092770938730043,1.0,0.0,26
IMG_0083,3,BEHHO-VC-Calibrated,1,0.08493527764931837,0.8837170927148209,0.9374832870658308,0.0,26
IMG_0083,3,BDA-EHHO-VC-Calibrated,1,0.026161002559714798,1.0641781683390987,0.8792964248432611,0.0,26
IMG_0083,3,MO-BDA-EHHO-VC,23,0.7964095575108088,0.0429138142683216,0.06251671293416916,0.22976872698453873,26
IMG_0083,4,HHO-VC,1,0.11500245389684062,0.7691723024768632,0.9024808897735273,0.0,55
IMG_0083,4,EHHO-VC,1,0.07289453446367106,0.7611411191175147,0.8785046728971665,0.0,55
IMG_0083,4,BEHHO-VC-Calibrated,1,0.3925667069909891,0.610349296647103,0.5077881619936416,0.0,55
IMG_0083,4,BDA-EHHO-VC-Calibrated,1,0.29165276086238984,0.6933841639774977,0.5903426791275912,0.0,55
IMG_0083,4,MO-BDA-EHHO-VC,51,0.8879052617231439,0.01504375758574809,0.29962546816479396,0.1465346813679233,55
IMG_0083,5,HHO-VC,1,0.4073743310526445,0.5155036195203162,0.43098159509203227,0.0,51
IMG_0083,5,EHHO-VC,1,0.14242421959252466,0.48849321667318596,0.7018573962520759,0.0,51
IMG_0083,5,BEHHO-VC-Calibrated,1,0.22003053625369048,0.4425749820296076,0.6274520269587047,0.0,51
IMG_0083,5,BDA-EHHO-VC-Calibrated,1,0.13495436419271728,0.49871857064438285,0.6904428120036364,0.0,51
IMG_0083,5,MO-BDA-EHHO-VC,52,0.7834079463348574,0.008662102228568036,0.06288343558282161,0.13571550334021423,51
IMG_0084,1,HHO-VC,1,0.007200921384609691,1.078033568095999,0.94017094017094,0.0,19
IMG_0084,1,EHHO-VC,1,0.0061444786444146745,1.095264439323301,0.9658119658119657,0.0,19
IMG_0084,1,BEHHO-VC-Calibrated,1,0.0003929687499997886,1.2947040161763221,1.0,0.0,19
IMG_0084,1,BDA-EHHO-VC-Calibrated,1,0.007826216664322212,1.0098590959223415,1.0,0.0,19
IMG_0084,1,MO-BDA-EHHO-VC,19,0.9623976333132772,0.0,0.0,0.1798182373606392,19
IMG_0084,2,HHO-VC,1,0.0072378749820965335,1.2104973761485636,1.0,0.0,15
IMG_0084,2,EHHO-VC,1,0.48449549425087773,0.46517176529345466,0.40270727580381116,0.0,15
IMG_0084,2,BEHHO-VC-Calibrated,1,0.2785423267789099,0.5188604555545903,0.5279187817257871,0.0,15
IMG_0084,2,BDA-EHHO-VC-Calibrated,1,0.001100000000000003,1.384063129513856,1.0,0.0,15
IMG_0084,2,MO-BDA-EHHO-VC,13,0.7660242093971998,0.12198939562398688,0.2207806060628403,0.19175644364038097,15
IMG_0084,3,HHO-VC,1,0.0483950144712153,0.6410280721610759,1.0,0.0,20
IMG_0084,3,EHHO-VC,1,0.1226325387035764,0.5949509916593231,0.7365336665808412,0.0,20
IMG_0084,3,BEHHO-VC-Calibrated,1,0.06184106559288831,0.6165725841765681,0.8993610223642595,0.0,20
IMG_0084,3,BDA-EHHO-VC-Calibrated,1,0.027395282078008783,0.7083619133212067,0.9808306709265373,0.0,20
IMG_0084,3,MO-BDA-EHHO-VC,18,0.7233815340255958,0.018687526391822695,0.046917288503306454,0.21296275856745026,20
IMG_0084,4,HHO-VC,1,0.0069625629669243065,1.1679610184282085,1.0,0.0,16
IMG_0084,4,EHHO-VC,1,0.0069625629669243065,1.1679610184282085,1.0,0.0,16
IMG_0084,4,BEHHO-VC-Calibrated,1,0.12267131385907923,0.7542618877899704,0.7428571428571429,0.0,16
IMG_0084,4,BDA-EHHO-VC-Calibrated,1,0.0678241069422442,0.9335792601604612,0.855957694546866,0.0,16
IMG_0084,4,MO-BDA-EHHO-VC,16,1.227382284856599,0.0,0.0,0.18945937960606854,16
IMG_0084,5,HHO-VC,1,0.13987888659306935,0.8154547366838811,0.7045884699261904,0.0,21
IMG_0084,5,EHHO-VC,1,0.04174619481854205,0.6767313696302922,1.0,0.0,21
IMG_0084,5,BEHHO-VC-Calibrated,1,0.17174165371856603,0.5326897613741556,0.73397984384011,0.0,21
IMG_0084,5,BDA-EHHO-VC-Calibrated,1,0.07193292968390731,0.6769785560728844,0.9323765732403507,0.0,21
IMG_0084,5,MO-BDA-EHHO-VC,20,0.7723334084974226,0.022081885800031106,0.1381818181818554,0.20127142621423183,21
IMG_0085,1,HHO-VC,1,0.0658414239725375,0.8552454094945185,0.7904564315352012,0.0,15
IMG_0085,1,EHHO-VC,1,0.07801101081687321,0.8740224002266538,0.8102564102564103,0.0,15
IMG_0085,1,BEHHO-VC-Calibrated,1,0.03974061265390912,1.066465137085402,1.0,0.0,15
IMG_0085,1,BDA-EHHO-VC-Calibrated,1,0.07575804718953401,0.8047249328065608,0.7615384615384614,0.0,15
IMG_0085,1,MO-BDA-EHHO-VC,15,0.8294469742054584,0.0,0.0,0.28203039987929757,15
IMG_0085,2,HHO-VC,1,0.4157539909286446,0.669025189868929,0.6834866686295025,0.0,27
IMG_0085,2,EHHO-VC,1,0.4599551971205423,0.4854085252526089,0.575052854122571,0.0,27
IMG_0085,2,BEHHO-VC-Calibrated,1,0.36448195601329425,0.48320106273757574,0.44421690365375954,0.0,27
IMG_0085,2,BDA-EHHO-VC-Calibrated,1,0.15665964326725768,0.6381875921361052,0.7315010570824367,0.0,27
IMG_0085,2,MO-BDA-EHHO-VC,27,1.1392406504545083,0.01890265879623192,0.103594080338236,0.1815312631693265,27
IMG_0085,3,HHO-VC,1,0.5732705089305142,0.5193074675796685,0.3252427184467283,0.0,21
IMG_0085,3,EHHO-VC,1,0.6343543900028646,0.5274554387571906,0.29247572815543393,0.0,21
IMG_0085,3,BEHHO-VC-Calibrated,1,0.15829537537480223,0.7146090024125505,0.7471590909090909,0.0,21
IMG_0085,3,BDA-EHHO-VC-Calibrated,1,0.15248777418751797,0.6552919505567132,0.6335227272727274,0.0,21
IMG_0085,3,MO-BDA-EHHO-VC,20,1.088816005774886,0.005048028670629994,0.054923135087647734,0.20234799664623698,21
IMG_0085,4,HHO-VC,1,0.005105001449069907,1.0841761663485376,1.0,0.0,26
IMG_0085,4,EHHO-VC,1,0.010403024645208044,1.0982742065691922,0.9819944598339201,0.0,26
IMG_0085,4,BEHHO-VC-Calibrated,1,0.18108692658534165,0.5784965403870068,0.5792916486711006,0.0,26
IMG_0085,4,BDA-EHHO-VC-Calibrated,1,0.037725840658195293,0.8706091492382829,0.8961218836565751,0.0,26
IMG_0085,4,MO-BDA-EHHO-VC,26,0.7779004194082354,0.0,0.0,0.18050179319920082,26
IMG_0085,5,HHO-VC,1,0.057836741157891045,0.8909779335932799,1.0,0.0,18
IMG_0085,5,EHHO-VC,1,0.10107468120599598,0.7909396197589845,0.9086859688195991,0.0,18
IMG_0085,5,BEHHO-VC-Calibrated,1,0.05491645851271277,0.7779013454163677,1.0,0.0,18
IMG_0085,5,BDA-EHHO-VC-Calibrated,1,0.15354222501946127,0.5816943077415502,0.7066105607902928,0.0,18
IMG_0085,5,MO-BDA-EHHO-VC,17,1.0623632250236852,0.023921667632210725,0.0544402416576204,0.26013620309364804,18
IMG_0086,1,HHO-VC,1,0.7668108844392247,0.7372579256230519,0.2660714966998586,0.0,22
IMG_0086,1,EHHO-VC,1,0.032771162185493946,0.9919880703535425,1.0,0.0,22
IMG_0086,1,BEHHO-VC-Calibrated,1,0.08620975492892716,0.6892155712302406,0.7527405602923,0.0,22
IMG_0086,1,BDA-EHHO-VC-Calibrated,1,0.2939617352394323,0.5361371267919876,0.49504814796724284,0.0,22
IMG_0086,1,MO-BDA-EHHO-VC,20,0.8253223176748584,0.022784665142935593,0.36601688851018205,0.17325704746616982,22
IMG_0086,2,HHO-VC,1,0.005117156231377395,1.140324545105416,1.0,0.0,26
IMG_0086,2,EHHO-VC,1,0.005117156231377395,1.140324545105416,1.0,0.0,26
IMG_0086,2,BEHHO-VC-Calibrated,1,0.009136400764490085,1.0802537319569763,0.971619365609349,0.0,26
IMG_0086,2,BDA-EHHO-VC-Calibrated,1,0.02291279545299284,0.8230378169051874,1.0,0.0,26
IMG_0086,2,MO-BDA-EHHO-VC,25,1.1280241496249888,0.007587153875639968,0.008347245409015025,0.21186668276870435,26
IMG_0086,3,HHO-VC,1,0.20510962895721035,0.64653518127297,0.6534562211982005,0.0,47
IMG_0086,3,EHHO-VC,1,0.20387152932615898,0.6338758949236147,0.6737541266635864,0.0,47
IMG_0086,3,BEHHO-VC-Calibrated,1,0.2014573942502436,0.5320438147820084,0.5846977081548053,0.0,47
IMG_0086,3,BDA-EHHO-VC-Calibrated,1,0.38616812506900405,0.577920048603871,0.5115207373272077,0.0,47
IMG_0086,3,MO-BDA-EHHO-VC,45,0.8495750626435293,0.014565899842599784,0.17886178861788618,0.16460570552051831,47
IMG_0086,4,HHO-VC,1,0.08496290880090766,0.6742381683979425,0.8658536585362963,0.0,17
IMG_0086,4,EHHO-VC,1,0.08496290880090766,0.6742381683979425,0.8658536585362963,0.0,17
IMG_0086,4,BEHHO-VC-Calibrated,1,0.0007239117568477773,1.3879765712809227,1.0,0.0,17
IMG_0086,4,BDA-EHHO-VC-Calibrated,1,0.027685690605483825,0.7955623743096749,1.0,0.0,17
IMG_0086,4,MO-BDA-EHHO-VC,17,1.2571818435507316,0.0,0.0,0.1936655226657636,17
IMG_0086,5,HHO-VC,1,0.19860309663838008,0.5023218576582668,0.5884691848907054,0.0,35
IMG_0086,5,EHHO-VC,1,0.19894093460569154,0.5215149188412972,0.5844930417495574,0.0,35
IMG_0086,5,BEHHO-VC-Calibrated,1,0.09934960503062135,0.7517841665834247,0.864811133200758,0.0,35
IMG_0086,5,BDA-EHHO-VC-Calibrated,1,0.009744529791395163,1.019227774738911,1.0,0.0,35
IMG_0086,5,MO-BDA-EHHO-VC,31,0.8837122155751171,0.024770635293118685,0.10268238621728952,0.18861445959618145,35
IMG_0087,1,HHO-VC,1,0.0035214788525313296,1.007141253683158,1.0,0.0,21
IMG_0087,1,EHHO-VC,1,0.04062018370641503,0.6484116673704079,0.9689729883840004,0.0,21
IMG_0087,1,BEHHO-VC-Calibrated,1,0.01216029641205826,0.8341193229584615,0.9107809198498467,0.0,21
IMG_0087,1,BDA-EHHO-VC-Calibrated,1,0.04434967339106483,0.6222380620583445,0.930487801207556,0.0,21
IMG_0087,1,MO-BDA-EHHO-VC,20,0.7883057890401984,0.014628138849525473,0.014084507042253669,0.2585121427285003,21
IMG_0087,2,HHO-VC,1,0.014679960368615567,0.9965774848949445,1.0,0.0,24
IMG_0087,2,EHHO-VC,1,0.014679960368615567,0.9965774848949445,1.0,0.0,24
IMG_0087,2,BEHHO-VC-Calibrated,1,0.046080153167778325,0.8929628881402952,0.8769595046452151,0.0,24
IMG_0087,2,BDA-EHHO-VC-Calibrated,1,0.014679960368615567,0.9965774848949445,1.0,0.0,24
IMG_0087,2,MO-BDA-EHHO-VC,20,0.9687408167896218,0.07315612352215357,0.0866425992779785,0.22392964790088338,24
IMG_0087,3,HHO-VC,1,0.27351990466749,0.9686740002635762,0.7043322897823783,0.0,32
IMG_0087,3,EHHO-VC,1,0.07043767110709995,1.097570874522978,1.0,0.0,32
IMG_0087,3,BEHHO-VC-Calibrated,1,0.14451065621391412,0.9511467354239657,0.7341513292434936,0.0,32
IMG_0087,3,BDA-EHHO-VC-Calibrated,1,0.014056729184878302,0.7633583254269161,0.9953917050691242,0.0,32
IMG_0087,3,MO-BDA-EHHO-VC,30,0.6161594175854557,0.023878570996162085,0.210083469955195,0.19849394759580982,32
IMG_0087,4,HHO-VC,1,0.0013919498201277328,1.2191806066712636,1.0,0.0,31
IMG_0087,4,EHHO-VC,1,0.0013919498201277328,1.2191806066712636,1.0,0.0,31
IMG_0087,4,BEHHO-VC-Calibrated,1,0.12718696900051318,0.5597590431045064,0.7369971748776151,0.0,31
IMG_0087,4,BDA-EHHO-VC-Calibrated,1,0.02719862223708008,0.9740159124556986,0.9752272371577702,0.0,31
IMG_0087,4,MO-BDA-EHHO-VC,30,0.9405512183721855,0.009786907206331625,0.028423772609589344,0.20619321281538783,31
IMG_0087,5,HHO-VC,1,0.04359574949481865,0.7446953899569494,0.8609361036364921,0.0,26
IMG_0087,5,EHHO-VC,1,0.111308346077438,0.6078592844158098,0.7831325301204144,0.0,26
IMG_0087,5,BEHHO-VC-Calibrated,1,0.09351231796717256,0.6268961916107454,0.7108584673608616,0.0,26
IMG_0087,5,BDA-EHHO-VC-Calibrated,1,0.07369410040853563,0.6632001908623969,0.7569926381484947,0.0,26
IMG_0087,5,MO-BDA-EHHO-VC,26,1.1777155243764155,0.0,0.0,0.22123278298639834,26
IMG_0088,1,HHO-VC,1,0.18813250689142536,0.6764291453421052,0.6283876257344104,0.0,16
IMG_0088,1,EHHO-VC,1,0.12978752638301388,0.7756655069470134,0.7703549060543637,0.0,16
IMG_0088,1,BEHHO-VC-Calibrated,1,0.07237823940243833,0.7471382153339661,0.7499999999999998,0.0,16
IMG_0088,1,BDA-EHHO-VC-Calibrated,1,0.04257683687997749,0.8475072253467592,0.8977035490605714,0.0,16
IMG_0088,1,MO-BDA-EHHO-VC,16,0.9990030696869934,0.0,0.0,0.3069689802618873,16
IMG_0088,2,HHO-VC,1,0.17624632595958692,0.5033556714215864,0.5380710659898478,0.0,41
IMG_0088,2,EHHO-VC,1,0.17624632595958692,0.5033556714215864,0.5380710659898478,0.0,41
IMG_0088,2,BEHHO-VC-Calibrated,1,0.16547058663313347,0.46143173734910825,0.5262267343485617,0.0,41
IMG_0088,2,BDA-EHHO-VC-Calibrated,1,0.16336518873248107,0.4552244170265448,0.561683599419514,0.0,41
IMG_0088,2,MO-BDA-EHHO-VC,41,0.8007305864114532,0.0,0.0,0.1514146565385187,41
IMG_0088,3,HHO-VC,1,0.08677115898631872,0.9216062382846993,0.9774153074027981,0.0,28
IMG_0088,3,EHHO-VC,1,0.08677115898631872,0.9216062382846993,0.9774153074027981,0.0,28
IMG_0088,3,BEHHO-VC-Calibrated,1,0.05442282724423858,0.7630839439714493,0.7648514851485146,0.0,28
IMG_0088,3,BDA-EHHO-VC-Calibrated,1,0.20441578626892218,0.5769685314567848,0.5956299419504166,0.0,28
IMG_0088,3,MO-BDA-EHHO-VC,27,0.9846522427343902,0.01350805269141417,0.16344820295187656,0.1792580343556423,28
IMG_0088,4,HHO-VC,1,0.08390434982224901,0.731066510188542,0.7079037800687286,0.0,19
IMG_0088,4,EHHO-VC,1,0.08390434982224901,0.731066510188542,0.7079037800687286,0.0,19
IMG_0088,4,BEHHO-VC-Calibrated,1,0.009619295679328474,0.9363983121895675,0.8934707903780069,0.0,19
IMG_0088,4,BDA-EHHO-VC-Calibrated,1,0.059348758904628304,0.7080229985407144,0.6498894491982806,0.0,19
IMG_0088,4,MO-BDA-EHHO-VC,19,0.7877086131399098,0.0,0.0,0.3220323982142494,19
IMG_0088,5,HHO-VC,1,0.20050024201709152,0.8019064250878669,0.8686123789584613,0.0,37
IMG_0088,5,EHHO-VC,1,0.20050024201709152,0.8019064250878669,0.8686123789584613,0.0,37
IMG_0088,5,BEHHO-VC-Calibrated,1,0.09260998853135989,0.673495629610309,0.9343493202042311,0.0,37
IMG_0088,5,BDA-EHHO-VC-Calibrated,1,0.14408847244056933,0.6551221443598585,0.6557239377008327,0.0,37
IMG_0088,5,MO-BDA-EHHO-VC,35,0.6861782969688526,0.015765867852790928,0.07624113475178684,0.18471867895269328,37
IMG_0089,1,HHO-VC,1,0.2107859933572614,0.5299610001336115,0.7278382581648523,0.0,63
IMG_0089,1,EHHO-VC,1,0.20515126138084938,0.5238965703727388,0.7262830482115086,0.0,63
IMG_0089,1,BEHHO-VC-Calibrated,1,0.10519590816553297,0.5698565662672422,0.818040435458787,0.0,63
IMG_0089,1,BDA-EHHO-VC-Calibrated,1,0.09174062046851793,0.5755299305596387,0.8357114191522159,0.0,63
IMG_0089,1,MO-BDA-EHHO-VC,59,0.8432326677605089,0.007754242407470875,0.09449044043041846,0.1649342239310657,63
IMG_0089,2,HHO-VC,1,0.06944772713105851,0.8799402229072754,0.9002041753662423,0.0,72
IMG_0089,2,EHHO-VC,1,0.06056969289560886,0.9529633429812981,1.0,0.0,72
IMG_0089,2,BEHHO-VC-Calibrated,1,0.06944772713105851,0.8799402229072754,0.9002041753662423,0.0,72
IMG_0089,2,BDA-EHHO-VC-Calibrated,1,0.06500928705058932,0.8478943620423071,0.8782023338810183,0.0,72
IMG_0089,2,MO-BDA-EHHO-VC,69,0.9210621372031859,0.007332678499365988,0.09278350515463918,0.1307088856416399,72
IMG_0089,3,HHO-VC,1,0.18358877176450306,0.6462534386774299,0.6365754239273441,0.0,70
IMG_0089,3,EHHO-VC,1,0.06287749406510178,0.9958942989828868,1.0,0.0,70
IMG_0089,3,BEHHO-VC-Calibrated,1,0.2557289502817801,0.9303362346959295,0.8733346548213285,0.0,70
IMG_0089,3,BDA-EHHO-VC-Calibrated,1,0.2070590352444612,0.7644545214990541,0.8129544266844475,0.0,70
IMG_0089,3,MO-BDA-EHHO-VC,66,0.9108248713404146,0.01260440642738308,0.20036626780470534,0.12617679271237067,70
IMG_0089,4,HHO-VC,1,0.015387315566027111,0.8158369430524705,0.9067070081514853,0.0,63
IMG_0089,4,EHHO-VC,1,0.06325930327545193,0.6917341606011309,0.8192567567566993,0.0,63
IMG_0089,4,BEHHO-VC-Calibrated,1,0.04001592495318591,0.8673360630917496,0.8965176720902301,0.0,63
IMG_0089,4,BDA-EHHO-VC-Calibrated,1,0.0694088795240454,0.6644843768677098,0.7644624560471522,0.0,63
IMG_0089,4,MO-BDA-EHHO-VC,62,0.7749090306462281,0.0029766121815811898,0.009389671361502396,0.13318907221144746,63
IMG_0089,5,HHO-VC,1,0.05065146032064201,0.8409543712301428,0.8897337168697058,0.0,78
IMG_0089,5,EHHO-VC,1,0.05065146032064201,0.8409543712301428,0.8897337168697058,0.0,78
IMG_0089,5,BEHHO-VC-Calibrated,1,0.029144018994570524,0.7469583394602868,1.0,0.0,78
IMG_0089,5,BDA-EHHO-VC-Calibrated,1,0.06537105737391967,0.5941445301058182,0.8439490445860302,0.0,78
IMG_0089,5,MO-BDA-EHHO-VC,76,0.7902396252044144,0.009682069284867093,0.04458598726148957,0.14390376799507842,78
IMG_0090,1,HHO-VC,1,0.016752159743797294,1.0001638460347297,0.9606126914658335,0.0,64
IMG_0090,1,EHHO-VC,1,0.037847886120471665,0.9733901074229185,1.0,0.0,64
IMG_0090,1,BEHHO-VC-Calibrated,1,0.02754556384383332,0.9330581756949408,0.8621444201310712,0.0,64
IMG_0090,1,BDA-EHHO-VC-Calibrated,1,0.3709567710185878,0.6591472679561421,0.46329355007580386,0.0,64
IMG_0090,1,MO-BDA-EHHO-VC,60,0.9611999010683321,0.0182331858765689,0.14660831509836142,0.13213975049017834,64
IMG_0090,2,HHO-VC,1,0.33026931720239816,0.5310797536180073,0.43125521631065994,0.0,84
IMG_0090,2,EHHO-VC,1,0.3014950516403431,0.4839804631283986,0.4126984126982721,0.0,84
IMG_0090,2,BEHHO-VC-Calibrated,1,0.29145688833105776,0.4821708556414292,0.4145299145299145,0.0,84
IMG_0090,2,BDA-EHHO-VC-Calibrated,1,0.1590243107923944,0.4679324068335692,0.6269841269839167,0.0,84
IMG_0090,2,MO-BDA-EHHO-VC,81,0.8948764136830035,0.00527453500308341,0.07692307692307693,0.13804965251380907,84
IMG_0090,3,HHO-VC,1,0.04777321557943723,0.6118773664777822,0.7996768982229401,0.0,66
IMG_0090,3,EHHO-VC,1,0.052711019578013094,0.5667369580834855,0.7932148626817448,0.0,66
IMG_0090,3,BEHHO-VC-Calibrated,1,0.07787732099714133,0.5256513485582317,0.7628635346754005,0.0,66
IMG_0090,3,BDA-EHHO-VC-Calibrated,1,0.11834861653848669,0.44179209632436206,0.6913287264114372,0.0,66
IMG_0090,3,MO-BDA-EHHO-VC,66,0.7953264427277044,0.0,0.0,0.12144292849090081,66
IMG_0090,4,HHO-VC,1,0.007545078180207182,1.13452120763464,1.0,0.0,61
IMG_0090,4,EHHO-VC,1,0.007545078180207182,1.13452120763464,1.0,0.0,61
IMG_0090,4,BEHHO-VC-Calibrated,1,0.1506170093109874,0.5553079997529154,0.6020806241872161,0.0,61
IMG_0090,4,BDA-EHHO-VC-Calibrated,1,0.28869428936149577,0.5455289873031423,0.5279583875162529,0.0,61
IMG_0090,4,MO-BDA-EHHO-VC,58,0.8890928577668625,0.017480155470040903,0.08671328671328668,0.11640473893851938,61
IMG_0090,5,HHO-VC,1,0.11435765220237165,0.8489409536577092,0.9418231819147569,0.0,83
IMG_0090,5,EHHO-VC,1,0.01354817254972203,1.0160826430682668,1.0,0.0,83
IMG_0090,5,BEHHO-VC-Calibrated,1,0.3127923576110016,0.646221541558912,0.5726059402062146,0.0,83
IMG_0090,5,BDA-EHHO-VC-Calibrated,1,0.3113849773666753,0.6692637856833343,0.48596650764560323,0.0,83
IMG_0090,5,MO-BDA-EHHO-VC,80,0.7924846714446314,0.01571513000992209,0.24314112609195634,0.12050821848670937,83
IMG_0091,1,HHO-VC,1,0.4513040588941492,1.1020058352693414,0.67957117108799,0.0,73
IMG_0091,1,EHHO-VC,1,0.4513040588941492,1.1020058352693414,0.67957117108799,0.0,73
IMG_0091,1,BEHHO-VC-Calibrated,1,0.44510676077558575,1.1080479436373996,0.706794927703957,0.0,73
IMG_0091,1,BDA-EHHO-VC-Calibrated,1,0.4353823853489187,0.7975204638376275,0.4597033958313731,0.0,73
IMG_0091,1,MO-BDA-EHHO-VC,69,0.570613072188363,0.018246133966704086,0.32042882891200997,0.10429886575362254,73
IMG_0091,2,HHO-VC,1,0.08457337455433038,0.5628561025596598,0.7257462686567164,0.0,75
IMG_0091,2,EHHO-VC,1,0.10731565063160534,0.6604215116262149,0.7763157894736928,0.0,75
IMG_0091,2,BEHHO-VC-Calibrated,1,0.03558126022891688,0.7107651318425177,0.9599262277260683,0.0,75
IMG_0091,2,BDA-EHHO-VC-Calibrated,1,0.25156132540310844,0.5323181801675534,0.6592105263157132,0.0,75
IMG_0091,2,MO-BDA-EHHO-VC,71,0.9469426587325191,0.009422648703528413,0.06529850746268655,0.13582427503984562,75
IMG_0091,3,HHO-VC,1,0.14392641461062872,0.5297779874185559,0.7570422535211269,0.0,63
IMG_0091,3,EHHO-VC,1,0.1118597013930405,0.5681962843987216,0.7975352112676056,0.0,63
IMG_0091,3,BEHHO-VC-Calibrated,1,0.08704531782273016,0.6292749824438733,0.9172535211267605,0.0,63
IMG_0091,3,BDA-EHHO-VC-Calibrated,1,0.10038675244475614,0.5614381829335299,0.767605633802817,0.0,63
IMG_0091,3,MO-BDA-EHHO-VC,63,0.9527415996941812,0.0,0.0,0.13778993363497308,63
IMG_0091,4,HHO-VC,1,0.3131485122813081,0.6360668678480298,0.557896700208929,0.0,57
IMG_0091,4,EHHO-VC,1,0.07332970260094421,0.7355273692252129,0.7564590213209628,0.0,57
IMG_0091,4,BEHHO-VC-Calibrated,1,0.24920777426238866,0.5312914827029023,0.6124140106657848,0.0,57
IMG_0091,4,BDA-EHHO-VC-Calibrated,1,0.10155385581395496,0.5085717588570065,0.7692307692309067,0.0,57
IMG_0091,4,MO-BDA-EHHO-VC,55,0.8618474471353998,0.0045360796845722055,0.07342657342668907,0.15734768451735828,57
IMG_0091,5,HHO-VC,1,0.02695967735558984,0.9469737203660191,0.9726006800421096,0.0,41
IMG_0091,5,EHHO-VC,1,0.02695967735558984,0.9469737203660191,0.9726006800421096,0.0,41
IMG_0091,5,BEHHO-VC-Calibrated,1,0.17741777646397003,0.7139625498648734,0.7244886627579327,0.0,41
IMG_0091,5,BDA-EHHO-VC-Calibrated,1,0.2972365659432083,0.6676213970979278,0.5518923807246254,0.0,41
IMG_0091,5,MO-BDA-EHHO-VC,41,1.1967152136332264,0.0,0.0,0.1470865561371375,41
IMG_0092,1,HHO-VC,1,0.16611674312020525,0.6335376861796068,0.7225,0.0,42
IMG_0092,1,EHHO-VC,1,0.15142970850311824,0.6562174864777167,0.7425,0.0,42
IMG_0092,1,BEHHO-VC-Calibrated,1,0.31529577531379854,0.5640488696479755,0.6015008176077498,0.0,42
IMG_0092,1,BDA-EHHO-VC-Calibrated,1,0.32315142762046434,0.6332502731701564,0.6591126352231446,0.0,42
IMG_0092,1,MO-BDA-EHHO-VC,39,1.013994355867989,0.014347690521434328,0.13855737920538552,0.17644938993370593,42
IMG_0092,2,HHO-VC,1,0.26583466559974245,0.5525419768859005,0.4324324324324657,0.0,56
IMG_0092,2,EHHO-VC,1,0.3140579954088187,0.41009679194925347,0.5654479931223232,0.0,56
IMG_0092,2,BEHHO-VC-Calibrated,1,0.07597787531773034,0.497155905413703,0.9193799392128391,0.0,56
IMG_0092,2,BDA-EHHO-VC-Calibrated,1,0.29481618039803215,0.427400505772776,0.5461959879802814,0.0,56
IMG_0092,2,MO-BDA-EHHO-VC,53,0.8549586996031633,0.009066157364138263,0.05456542163180145,0.12530327019663104,56
IMG_0092,3,HHO-VC,1,0.3663709478885163,0.6812788162047505,0.5762651626131003,0.0,30
IMG_0092,3,EHHO-VC,1,0.4038092457126614,0.721370894019168,0.5766277031043925,0.0,30
IMG_0092,3,BEHHO-VC-Calibrated,1,0.24459252018813094,0.7408281268880922,0.631463527276941,0.0,30
IMG_0092,3,BDA-EHHO-VC-Calibrated,1,0.0076562913907276065,1.0876117248231396,1.0,0.0,30
IMG_0092,3,MO-BDA-EHHO-VC,26,0.7860264287924476,0.06685702532400209,0.3163598014439556,0.18639389640683313,30
IMG_0092,4,HHO-VC,1,0.10143585567429562,0.6384781494850478,0.7967667436489236,0.0,38
IMG_0092,4,EHHO-VC,1,0.05816783957038957,0.7086962526227678,0.8337182448039361,0.0,38
IMG_0092,4,BEHHO-VC-Calibrated,1,0.2817787275215064,0.7200359137803398,0.5732758620689654,0.0,38
IMG_0092,4,BDA-EHHO-VC-Calibrated,1,0.1256889764676815,0.5730745026952169,0.6974595842955764,0.0,38
IMG_0092,4,MO-BDA-EHHO-VC,37,0.889257174509816,0.012765062093103366,0.16335354659024964,0.18461924158728554,38
IMG_0092,5,HHO-VC,1,0.002045623649350027,1.1321808695082802,1.0,0.0,30
IMG_0092,5,EHHO-VC,1,0.05162712799850788,0.7668858255889681,0.8949311915270918,0.0,30
IMG_0092,5,BEHHO-VC-Calibrated,1,0.22686966083316742,0.5861213492944063,0.6699751861042185,0.0,30
IMG_0092,5,BDA-EHHO-VC-Calibrated,1,0.20377895948874378,0.5102100091217552,0.607940446650124,0.0,30
IMG_0092,5,MO-BDA-EHHO-VC,30,0.9993071258158476,0.0,0.0,0.21467062908122128,30
IMG_0093,1,HHO-VC,1,0.13419924828365784,0.7055669443623488,0.7749409424472534,0.0,69
IMG_0093,1,EHHO-VC,1,0.14992061949590402,0.6702434106804576,0.754079082955496,0.0,69
IMG_0093,1,BEHHO-VC-Calibrated,1,0.24533846782085955,0.5413349511986553,0.5510638297871653,0.0,69
IMG_0093,1,BDA-EHHO-VC-Calibrated,1,0.34431152997209225,0.5459576546960189,0.5978723404256857,0.0,69
IMG_0093,1,MO-BDA-EHHO-VC,67,1.0595080775189782,0.006581568087724669,0.06099066164643829,0.13458819619020077,69
IMG_0093,2,HHO-VC,1,0.05684817806876788,0.6458145992667255,0.8558352402746894,0.0,74
IMG_0093,2,EHHO-VC,1,0.06206140990268947,0.6173365200427946,0.8260869565217334,0.0,74
IMG_0093,2,BEHHO-VC-Calibrated,1,0.14496737921853006,0.7291196378670417,0.7072957237403016,0.0,74
IMG_0093,2,BDA-EHHO-VC-Calibrated,1,0.12328433966354253,0.7223993898106731,0.7261346524891291,0.0,74
IMG_0093,2,MO-BDA-EHHO-VC,74,0.778466059525622,0.0,0.0,0.1300097011809856,74
IMG_0093,3,HHO-VC,1,0.06326559538870327,0.6468288971007502,0.7152417715737959,0.0,62
IMG_0093,3,EHHO-VC,1,0.06326559538870327,0.6468288971007502,0.7152417715737959,0.0,62
IMG_0093,3,BEHHO-VC-Calibrated,1,0.14123933445249603,0.6562721943716607,0.7425280659158967,0.0,62
IMG_0093,3,BDA-EHHO-VC-Calibrated,1,0.23874573364399782,0.7805364239352749,0.622464831185896,0.0,62
IMG_0093,3,MO-BDA-EHHO-VC,62,0.8146770222925401,0.009953493072808866,0.16146540027137046,0.12629845188501457,62
IMG_0093,4,HHO-VC,1,0.18986217713556142,0.6014018749383994,0.6244481563239402,0.0,81
IMG_0093,4,EHHO-VC,1,0.11042535229232034,0.8785320461150968,0.9347734796795059,0.0,81
IMG_0093,4,BEHHO-VC-Calibrated,1,0.08702057040084817,0.5730237238654411,0.8623188405797292,0.0,81
IMG_0093,4,BDA-EHHO-VC-Calibrated,1,0.10770282174364204,0.5202312053868955,0.7270531400968175,0.0,81
IMG_0093,4,MO-BDA-EHHO-VC,80,0.7024723368476535,0.0029299650074894267,0.15217391304344738,0.10994211160525706,81
IMG_0093,5,HHO-VC,1,0.1367027108315697,0.6892205540843213,0.6699029126213599,0.0,48
IMG_0093,5,EHHO-VC,1,0.13112730126813882,0.6769853171555428,0.6686893203882694,0.0,48
IMG_0093,5,BEHHO-VC-Calibrated,1,0.2518028316144901,0.6777870809601799,0.6626213592233089,0.0,48
IMG_0093,5,BDA-EHHO-VC-Calibrated,1,0.1257004638097701,0.816400378429108,0.7504488330341115,0.0,48
IMG_0093,5,MO-BDA-EHHO-VC,46,0.9553548181608401,0.020917656734173062,0.0805130386659987,0.12765131238400165,48
IMG_0094,1,HHO-VC,1,0.47991319535304555,0.39673509974434196,0.34699453551912574,0.0,57
IMG_0094,1,EHHO-VC,1,0.43906547664283435,0.3804291819870453,0.3592896174863389,0.0,57
IMG_0094,1,BEHHO-VC-Calibrated,1,0.4157172658153213,0.43811500770181727,0.5182250098472825,0.0,57
IMG_0094,1,BDA-EHHO-VC-Calibrated,1,0.32009986279917874,0.4599383555962998,0.6489071038251366,0.0,57
IMG_0094,1,MO-BDA-EHHO-VC,54,1.0019665402149571,0.004432303044403197,0.06913986768398106,0.1262319532045513,57
IMG_0094,2,HHO-VC,1,0.33675132020777804,0.5549459708246526,0.5450667018571309,0.0,53
IMG_0094,2,EHHO-VC,1,0.18618240631344524,0.6105557838737786,0.7590598504538048,0.0,53
IMG_0094,2,BEHHO-VC-Calibrated,1,0.09481562429375344,0.7371564932913762,0.7834449647022115,0.0,53
IMG_0094,2,BDA-EHHO-VC-Calibrated,1,0.3954310648059301,0.5421614497595415,0.4434521942704489,0.0,53
IMG_0094,2,MO-BDA-EHHO-VC,50,1.0987949294191823,0.010372433541484366,0.01902173913043484,0.141220189105906,53
IMG_0094,3,HHO-VC,1,0.04982343850215957,0.927071368839422,0.8966030890327998,0.0,48
IMG_0094,3,EHHO-VC,1,0.11445163245086842,0.8540216284091425,0.84150137074332,0.0,48
IMG_0094,3,BEHHO-VC-Calibrated,1,0.09708511076698638,0.8724538179608091,0.9036144578314663,0.0,48
IMG_0094,3,BDA-EHHO-VC-Calibrated,1,0.12289694227493332,0.8317897492772494,0.846385542168708,0.0,48
IMG_0094,3,MO-BDA-EHHO-VC,44,0.7656455777070743,0.013811907894615496,0.14306877456153652,0.18030376251411304,48
IMG_0094,4,HHO-VC,1,0.009525419598957514,1.0353997780740376,0.9994796877658257,0.0,41
IMG_0094,4,EHHO-VC,1,0.004368766724783126,1.0383105276248559,1.0,0.0,41
IMG_0094,4,BEHHO-VC-Calibrated,1,0.06988023737949467,0.8960511442895228,0.8270087461927189,0.0,41
IMG_0094,4,BDA-EHHO-VC-Calibrated,1,0.02656349578967225,0.8854912791899688,0.91592920353995,0.0,41
IMG_0094,4,MO-BDA-EHHO-VC,37,0.8683861089784353,0.03951080912467427,0.0501002004008016,0.14180323135355458,41
IMG_0094,5,HHO-VC,1,0.026041596653675364,0.9605932765407756,1.0,0.0,53
IMG_0094,5,EHHO-VC,1,0.026041596653675364,0.9605932765407756,1.0,0.0,53
IMG_0094,5,BEHHO-VC-Calibrated,1,0.043082230831247945,0.8045935293771364,0.8110800734339679,0.0,53
IMG_0094,5,BDA-EHHO-VC-Calibrated,1,0.13615203284921984,0.6047976619637893,0.7003257328990602,0.0,53
IMG_0094,5,MO-BDA-EHHO-VC,50,1.0419518634112344,0.01569364704070017,0.029315960911769523,0.17315127229088872,53
IMG_0095,1,HHO-VC,1,0.12999784198857167,0.6595928467843621,0.7444199726920919,0.0,50
IMG_0095,1,EHHO-VC,1,0.14626590289344246,0.6579055803122885,0.7054175748661577,0.0,50
IMG_0095,1,BEHHO-VC-Calibrated,1,0.20429594990106223,0.66251623474892,0.6779517461966664,0.0,50
IMG_0095,1,BDA-EHHO-VC-Calibrated,1,0.11889873912461497,0.6923266990073432,0.7660086112907318,0.0,50
IMG_0095,1,MO-BDA-EHHO-VC,46,0.8485452229917467,0.031450949409597286,0.2117647058824486,0.1683304310911791,50
IMG_0095,2,HHO-VC,1,0.04038921406266255,0.7080502377286904,0.8004246284501384,0.0,27
IMG_0095,2,EHHO-VC,1,0.039906341357064695,0.6763490701783896,0.9023354564757512,0.0,27
IMG_0095,2,BEHHO-VC-Calibrated,1,0.09964216631404146,0.6693959381588586,0.7765237020316027,0.0,27
IMG_0095,2,BDA-EHHO-VC-Calibrated,1,0.013801704349189385,0.9329593787943523,1.0,0.0,27
IMG_0095,2,MO-BDA-EHHO-VC,27,1.0785699347138937,0.0,0.0,0.1752161326504917,27
IMG_0095,3,HHO-VC,1,0.6450776275600966,0.48635708067839134,0.34911242603557824,0.0,37
IMG_0095,3,EHHO-VC,1,0.28495371127049524,0.5090969014964865,0.5526091646703504,0.0,37
IMG_0095,3,BEHHO-VC-Calibrated,1,0.12053832138835659,0.6363978799047447,0.867850098619153,0.0,37
IMG_0095,3,BDA-EHHO-VC-Calibrated,1,0.4322652055383151,0.43340027007984083,0.42998027613419115,0.0,37
IMG_0095,3,MO-BDA-EHHO-VC,37,1.15148386114334,0.003470422885469658,0.06508875739646308,0.17786790021465035,37
IMG_0095,4,HHO-VC,1,0.19866098138449162,0.6783998127153916,0.6642685851318514,0.0,24
IMG_0095,4,EHHO-VC,1,0.29130762225469115,0.8041180958420515,0.6283534773300558,0.0,24
IMG_0095,4,BEHHO-VC-Calibrated,1,0.2259250838219381,0.6285643931256124,0.5543205213701944,0.0,24
IMG_0095,4,BDA-EHHO-VC-Calibrated,1,0.3355372751560627,0.5436254567283036,0.4583333333333333,0.0,24
IMG_0095,4,MO-BDA-EHHO-VC,23,1.0033947162363237,0.014187888856926748,0.09352517985610746,0.1928499856092891,24
IMG_0095,5,HHO-VC,1,0.06257260953520005,0.544926361004426,0.8250208972822871,0.0,50
IMG_0095,5,EHHO-VC,1,0.05602830377527918,0.5934679331474788,0.860615018723498,0.0,50
IMG_0095,5,BEHHO-VC-Calibrated,1,0.15309187477938596,0.46463237301405436,0.6355685131195883,0.0,50
IMG_0095,5,BDA-EHHO-VC-Calibrated,1,0.054413637829507186,0.5719117308680705,0.9329446064139132,0.0,50
IMG_0095,5,MO-BDA-EHHO-VC,49,0.8553864571743883,0.0034094549539552704,0.025280073211024656,0.15815941576653123,50
IMG_0096,1,HHO-VC,1,0.07808977531576922,0.5678835630609947,0.8447485246921829,0.0,74
IMG_0096,1,EHHO-VC,1,0.08940692504410226,0.5087851410391966,0.7284294936274618,0.0,74
IMG_0096,1,BEHHO-VC-Calibrated,1,0.11832693998494156,0.6940233190675749,0.6344537815126718,0.0,74
IMG_0096,1,BDA-EHHO-VC-Calibrated,1,0.20669714794234373,0.49576867764861593,0.6113445378150796,0.0,74
IMG_0096,1,MO-BDA-EHHO-VC,73,0.9261884340568488,0.002112022692745854,0.00840336134452746,0.135891838563328,74
IMG_0096,2,HHO-VC,1,0.010046451970153115,1.21596056044142,1.0,0.0,42
IMG_0096,2,EHHO-VC,1,0.010046451970153115,1.21596056044142,1.0,0.0,42
IMG_0096,2,BEHHO-VC-Calibrated,1,0.1276718772821379,0.7889519929888894,0.6836461126005362,0.0,42
IMG_0096,2,BDA-EHHO-VC-Calibrated,1,0.06439643869948695,0.8585790817139033,0.853957841836431,0.0,42
IMG_0096,2,MO-BDA-EHHO-VC,40,1.0133998853645403,0.022342346924155813,0.05898123324396775,0.13995685824521037,42
IMG_0096,3,HHO-VC,1,0.012494039577200614,0.6874747410361559,0.973523421588492,0.0,58
IMG_0096,3,EHHO-VC,1,0.01992502913655191,0.6426456146693046,0.8961303462322177,0.0,58
IMG_0096,3,BEHHO-VC-Calibrated,1,0.21924413277413862,0.5770143738821889,0.6693989071038253,0.0,58
IMG_0096,3,BDA-EHHO-VC-Calibrated,1,0.035416513471945923,0.5651217054736071,0.800760391625582,0.0,58
IMG_0096,3,MO-BDA-EHHO-VC,57,0.758991897718704,0.0038966921229976795,0.09775967413423198,0.12975693672421273,58
IMG_0096,4,HHO-VC,1,0.2090612479768156,0.8115375012707162,0.7219881771504016,0.0,60
IMG_0096,4,EHHO-VC,1,0.2090612479768156,0.8115375012707162,0.7219881771504016,0.0,60
IMG_0096,4,BEHHO-VC-Calibrated,1,0.06476555330756961,0.6926468820051599,0.778877887788779,0.0,60
IMG_0096,4,BDA-EHHO-VC-Calibrated,1,0.09317212227023683,0.6793961690180201,0.7293729372937293,0.0,60
IMG_0096,4,MO-BDA-EHHO-VC,57,0.6582512635302548,0.015756883416696142,0.12211221122112227,0.12364763157997247,60
IMG_0096,5,HHO-VC,1,0.48926288142712954,0.5843432792532928,0.48937123553826184,0.0,42
IMG_0096,5,EHHO-VC,1,0.48926288142712954,0.5843432792532928,0.48937123553826184,0.0,42
IMG_0096,5,BEHHO-VC-Calibrated,1,0.14598477388823825,0.617499455491088,0.6699186991869881,0.0,42
IMG_0096,5,BDA-EHHO-VC-Calibrated,1,0.3548921519319788,0.5041072072421643,0.4144882460629007,0.0,42
IMG_0096,5,MO-BDA-EHHO-VC,40,0.9782404576445971,0.014970790484736516,0.16423357664233573,0.14273993740321672,42
IMG_0097,1,HHO-VC,1,0.20218885269342043,0.91284811042619,0.7978397346990173,0.0,91
IMG_0097,1,EHHO-VC,1,0.024740731255019695,1.1106524987131445,1.0,0.0,91
IMG_0097,1,BEHHO-VC-Calibrated,1,0.2796727474281682,0.85044479329137,0.7274442544202452,0.0,91
IMG_0097,1,BDA-EHHO-VC-Calibrated,1,0.22117114609073493,0.6319182042329309,0.590909090909039,0.0,91
IMG_0097,1,MO-BDA-EHHO-VC,87,0.8450980085124212,0.0059960182402836295,0.03897849462365596,0.08646342802231313,91
IMG_0097,2,HHO-VC,1,0.007462764555738167,0.9094700941294269,1.0,0.0,84
IMG_0097,2,EHHO-VC,1,0.007462764555738167,0.9094700941294269,1.0,0.0,84
IMG_0097,2,BEHHO-VC-Calibrated,1,0.1485865304934104,0.6741176544804165,0.7476303317535514,0.0,84
IMG_0097,2,BDA-EHHO-VC-Calibrated,1,0.17040275711590133,0.6281835423536337,0.725688859990871,0.0,84
IMG_0097,2,MO-BDA-EHHO-VC,81,0.798150994074171,0.01428553191344635,0.07464454976299531,0.10933586498356268,84
IMG_0097,3,HHO-VC,1,0.0455714263529858,0.5473197639659201,0.9101559065513748,0.0,85
IMG_0097,3,EHHO-VC,1,0.07486219100186878,0.5272933491344796,0.7826074730580278,0.0,85
IMG_0097,3,BEHHO-VC-Calibrated,1,0.053278651158180694,0.49044959121909154,0.7355126300148557,0.0,85
IMG_0097,3,BDA-EHHO-VC-Calibrated,1,0.12557599087789095,0.4509161847390963,0.6308002343274071,0.0,85
IMG_0097,3,MO-BDA-EHHO-VC,81,0.5797230592825469,0.0040741699974049155,0.031383737517831634,0.10939363032492196,85
IMG_0097,4,HHO-VC,1,0.25520455629523514,0.41815994933250156,0.49902811392225443,0.0,73
IMG_0097,4,EHHO-VC,1,0.21329101269893005,0.4382172996687429,0.575221451753878,0.0,73
IMG_0097,4,BEHHO-VC-Calibrated,1,0.08517363559625635,0.5822384609462214,0.7278085439747897,0.0,73
IMG_0097,4,BDA-EHHO-VC-Calibrated,1,0.10498132454371976,0.7217617420695146,0.8314292550976345,0.0,73
IMG_0097,4,MO-BDA-EHHO-VC,73,0.9529634496715598,0.0,0.0,0.11304668202947586,73
IMG_0097,5,HHO-VC,1,0.10534870743357122,0.8464605215543788,0.9202271243524054,0.0,81
IMG_0097,5,EHHO-VC,1,0.2636548391316399,0.4847067982047714,0.5045513654096614,0.0,81
IMG_0097,5,BEHHO-VC-Calibrated,1,0.10758607869515989,0.7025095816890734,0.7334200260078064,0.0,81
IMG_0097,5,BDA-EHHO-VC-Calibrated,1,0.08147424056816227,0.7279297916221706,0.7724317295188007,0.0,81
IMG_0097,5,MO-BDA-EHHO-VC,80,0.95585098649774,0.004904863464837166,0.06892067620282888,0.1117791663922666,81
IMG_0098,1,HHO-VC,1,0.040431982057272435,0.60148299564106,1.0,0.0,63
IMG_0098,1,EHHO-VC,1,0.08158017112387243,0.597173552123232,0.9417688418737625,0.0,63
IMG_0098,1,BEHHO-VC-Calibrated,1,0.031628938586635805,0.5136189625548483,0.8847926267280275,0.0,63
IMG_0098,1,BDA-EHHO-VC-Calibrated,1,0.13057665949152306,0.40360364095986806,0.6998654846176814,0.0,63
IMG_0098,1,MO-BDA-EHHO-VC,62,0.9335253862189007,0.001438969830279041,0.008805249697846088,0.1233601670730103,63
IMG_0098,2,HHO-VC,1,0.03468328418961034,0.9854227532308157,1.0,0.0,59
IMG_0098,2,EHHO-VC,1,0.03468328418961034,0.9854227532308157,1.0,0.0,59
IMG_0098,2,BEHHO-VC-Calibrated,1,0.0055781162888987,1.1195049206526155,1.0,0.0,59
IMG_0098,2,BDA-EHHO-VC-Calibrated,1,0.0680865504718517,0.7342793783389253,0.7770270270269629,0.0,59
IMG_0098,2,MO-BDA-EHHO-VC,56,0.9401124623687572,0.021206893049766366,0.019151846785225673,0.12409599237857287,59
IMG_0098,3,HHO-VC,1,0.10240956098605697,0.6157601670955296,0.6453766035684736,0.0,62
IMG_0098,3,EHHO-VC,1,0.10240956098605697,0.6157601670955296,0.6453766035684736,0.0,62
IMG_0098,3,BEHHO-VC-Calibrated,1,0.32380663989467456,0.5323209799413747,0.5253027823986269,0.0,62
IMG_0098,3,BDA-EHHO-VC-Calibrated,1,0.09907380466972036,0.5576246929394415,0.7442502324363413,0.0,62
IMG_0098,3,MO-BDA-EHHO-VC,62,0.918089982067136,0.0,0.0,0.13706846904316483,62
IMG_0098,4,HHO-VC,1,0.3095070411680088,0.5118318719864857,0.4020618556701765,0.0,82
IMG_0098,4,EHHO-VC,1,0.2744782512237874,0.4928316738847239,0.5113402061856246,0.0,82
IMG_0098,4,BEHHO-VC-Calibrated,1,0.4374884363892684,0.6635788020625244,0.3830911492734479,0.0,82
IMG_0098,4,BDA-EHHO-VC-Calibrated,1,0.7064330046497707,0.9682944927792626,0.36180307398830214,0.0,82
IMG_0098,4,MO-BDA-EHHO-VC,78,0.6448924464799431,0.01446753531093172,0.3957282696095906,0.10936187511625096,82
IMG_0098,5,HHO-VC,1,0.19115046507391523,0.4319436046608998,0.6393897364771152,0.0,85
IMG_0098,5,EHHO-VC,1,0.19115046507391523,0.4319436046608998,0.6393897364771152,0.0,85
IMG_0098,5,BEHHO-VC-Calibrated,1,0.24019924911816076,0.5013840591989486,0.63050847457641,0.0,85
IMG_0098,5,BDA-EHHO-VC-Calibrated,1,0.04387099744794698,0.6653754316292969,0.9851075680656689,0.0,85
IMG_0098,5,MO-BDA-EHHO-VC,81,0.8069361957544277,0.0035565676332146995,0.03389830508469116,0.12542057746146631,85
IMG_0099,1,HHO-VC,1,0.5401867689606308,0.46704830155511096,0.34449244060470785,0.0,47
IMG_0099,1,EHHO-VC,1,0.5276013921070699,0.4637602048191195,0.36933045356370564,0.0,47
IMG_0099,1,BEHHO-VC-Calibrated,1,0.4766154257707108,0.716855489818571,0.5567427374020524,0.0,47
IMG_0099,1,BDA-EHHO-VC-Calibrated,1,0.25086539987367573,0.5091618078223379,0.5628112621124637,0.0,47
IMG_0099,1,MO-BDA-EHHO-VC,44,1.003907419210884,0.009409807758168711,0.16846652267820456,0.15060744761879688,47
IMG_0099,2,HHO-VC,1,0.2244687811182554,0.7531063255694614,0.6887058670210028,0.0,51
IMG_0099,2,EHHO-VC,1,0.2244687811182554,0.7531063255694614,0.6887058670210028,0.0,51
IMG_0099,2,BEHHO-VC-Calibrated,1,0.3753210213483743,0.5991924011562481,0.38672768328030976,0.0,51
IMG_0099,2,BDA-EHHO-VC-Calibrated,1,0.16450473342725533,0.5641875367976569,0.6071428571428795,0.0,51
IMG_0099,2,MO-BDA-EHHO-VC,48,0.8393804043960261,0.014327022619260013,0.14765508387028403,0.1271895961400487,51
IMG_0099,3,HHO-VC,1,0.02050155301972193,0.8391966699402098,0.9953161592505855,0.0,42
IMG_0099,3,EHHO-VC,1,0.01938208006377887,0.8419996627563797,1.0,0.0,42
IMG_0099,3,BEHHO-VC-Calibrated,1,0.02482122753927395,0.9046295232437717,0.8524590163934427,0.0,42
IMG_0099,3,BDA-EHHO-VC-Calibrated,1,0.046733678287238,0.7708964297922835,0.807925212382041,0.0,42
IMG_0099,3,MO-BDA-EHHO-VC,42,0.6277893820022733,0.0,0.0,0.11805047606457024,42
IMG_0099,4,HHO-VC,1,0.00984767906582477,1.0060565113172484,1.0,0.0,33
IMG_0099,4,EHHO-VC,1,0.04427386506095715,0.8458955816555745,0.9972021209653461,0.0,33
IMG_0099,4,BEHHO-VC-Calibrated,1,0.007749451267649358,0.8931008702294767,1.0,0.0,33
IMG_0099,4,BDA-EHHO-VC-Calibrated,1,0.14431029123297523,0.5081343755228965,0.7597795608998017,0.0,33
IMG_0099,4,MO-BDA-EHHO-VC,30,0.7436183504331016,0.026055635400973685,0.16475095785440616,0.21433152999025798,33
IMG_0099,5,HHO-VC,1,0.9509118461841659,0.7666366681713931,0.19257127329387447,0.0,39
IMG_0099,5,EHHO-VC,1,0.05401871970421945,0.8144683161576544,1.0,0.0,39
IMG_0099,5,BEHHO-VC-Calibrated,1,0.476282484545886,0.7071786092300308,0.5161290322580645,0.0,39
IMG_0099,5,BDA-EHHO-VC-Calibrated,1,0.08247094651458385,0.567092790213348,1.0,0.0,39
IMG_0099,5,MO-BDA-EHHO-VC,37,0.9404223672772687,0.011255174893955689,0.22142729873303726,0.17219789304079844,39
IMG_0100,1,HHO-VC,1,0.2511275306246305,0.5490906071739227,0.6560165106379483,0.0,33
IMG_0100,1,EHHO-VC,1,0.15013558478533973,0.560671081082797,0.8106798336978379,0.0,33
IMG_0100,1,BEHHO-VC-Calibrated,1,0.03211391141855183,0.9476257625363784,1.0,0.0,33
IMG_0100,1,BDA-EHHO-VC-Calibrated,1,0.08512140497572923,0.6983409805313953,0.8490490367028272,0.0,33
IMG_0100,1,MO-BDA-EHHO-VC,31,0.9144231928161809,0.01823577257787828,0.08781869688390864,0.1910306059954147,33
IMG_0100,2,HHO-VC,1,0.05029720180950182,0.7432987507411292,0.9183910660903108,0.0,46
IMG_0100,2,EHHO-VC,1,0.11036124234287176,0.6533579413471198,0.7248209422597924,0.0,46
IMG_0100,2,BEHHO-VC-Calibrated,1,0.10844072572531967,0.5832315427373448,0.7254875966854604,0.0,46
IMG_0100,2,BDA-EHHO-VC-Calibrated,1,0.09255588394527675,0.6860555818878226,0.8040022240440514,0.0,46
IMG_0100,2,MO-BDA-EHHO-VC,45,0.963170348073174,0.0042756430012376645,0.022727272727212866,0.16439306484219884,46
IMG_0100,3,HHO-VC,1,0.049574131711022804,0.6138132002236492,0.9026845637583184,0.0,25
IMG_0100,3,EHHO-VC,1,0.02941212794158571,0.6777881854175131,0.9261744966444089,0.0,25
IMG_0100,3,BEHHO-VC-Calibrated,1,0.058755321061922265,0.6084239158250839,0.8244980274495182,0.0,25
IMG_0100,3,BDA-EHHO-VC-Calibrated,1,0.0812426116023457,0.5252311987904443,0.8540268456374694,0.0,25
IMG_0100,3,MO-BDA-EHHO-VC,25,0.9594553027069472,0.0,0.0,0.20549571862462027,25
IMG_0100,4,HHO-VC,1,0.050278604059162,0.8182892717303184,0.9222222222219845,0.0,25
IMG_0100,4,EHHO-VC,1,0.06499510572539613,0.7735568424984581,0.8499999999998915,0.0,25
IMG_0100,4,BEHHO-VC-Calibrated,1,0.04503134279320864,1.0544392667740357,1.0,0.0,25
IMG_0100,4,BDA-EHHO-VC-Calibrated,1,0.0668454880314099,0.8055491583374064,0.8916666666666865,0.0,25
IMG_0100,4,MO-BDA-EHHO-VC,24,1.1379689405804423,0.0171505044846346,0.09145129224652077,0.1666638307907923,25
IMG_0100,5,HHO-VC,1,0.22210094023136148,0.5180379425492521,0.7659574468085271,0.0,20
IMG_0100,5,EHHO-VC,1,0.22210094023136148,0.5180379425492521,0.7659574468085271,0.0,20
IMG_0100,5,BEHHO-VC-Calibrated,1,0.022607019281045325,0.88664136902898,1.0,0.0,20
IMG_0100,5,BDA-EHHO-VC-Calibrated,1,0.024439540938508808,0.7563798634185593,1.0,0.0,20
IMG_0100,5,MO-BDA-EHHO-VC,18,1.0719015080493692,0.016896312220311543,0.04497017206420362,0.24117496304691333,20
