experiment_id,run_index,algorithm,eval_f1_reconstruction,eval_f2_security,eval_f3_robustness,eval_f4_complexity
IMG_0001,1,BEHHO-VC-Calibrated,0.460562698773739,0.0022127537501829,0.0581962264205254,0.2875816993464052
IMG_0001,1,BDA-EHHO-VC-Calibrated,0.4586080228223617,0.0019816749381968,0.0582422825413479,0.2235294117647059
IMG_0001,1,HHO-VC,0.4598069212175217,0.0021831506681904,0.0582365255262451,0.1294117647058823
IMG_0001,1,EHHO-VC,0.4602164143153051,0.0019777188556719,0.0582537965715535,0.1202614379084967
IMG_0001,1,MO-BDA-EHHO-VC,0.4760784386435197,0.0016142245963865,0.0580609365656094,0.1058823529411764
IMG_0001,2,HHO-VC,0.4611530806725322,0.0019876205860874,0.0584229088901986,0.550326797385621
IMG_0001,2,EHHO-VC,0.4615848398728455,0.002181372666707,0.058420750009535,0.54640522875817
IMG_0001,2,BDA-EHHO-VC-Calibrated,0.4609086276518285,0.0021591460395961,0.0583934041877967,0.4849673202614379
IMG_0001,2,BEHHO-VC-Calibrated,0.4610743704233986,0.0022626746851162,0.058435142547292,0.5241830065359476
IMG_0001,2,MO-BDA-EHHO-VC,0.4719124762587557,0.0021678569939126,0.0582329273918058,0.0666666666666666
IMG_0001,3,BDA-EHHO-VC-Calibrated,0.495109801380215,0.0025961387597239,0.0585639557602174,0.2366013071895425
IMG_0001,3,BEHHO-VC-Calibrated,0.4942051541863979,0.0025529877595716,0.0586409558372175,0.1830065359477124
IMG_0001,3,EHHO-VC,0.4930991638555587,0.0024304401240949,0.058623684791909,0.05359477124183
IMG_0001,3,HHO-VC,0.4930991638555587,0.0024304401240949,0.058623684791909,0.05359477124183
IMG_0001,3,MO-BDA-EHHO-VC,0.4580671851182474,0.0020445207295338,0.0583149648570209,0.1450980392156863
IMG_0001,4,BDA-EHHO-VC-Calibrated,0.4598175378306672,0.0034901448119659,0.0583603013509555,0.2967320261437908
IMG_0001,4,EHHO-VC,0.459738632858964,0.0032645495393008,0.0584337032935163,0.4339869281045752
IMG_0001,4,HHO-VC,0.4626182748809919,0.0034821186514157,0.0584603294883668,0.1098039215686274
IMG_0001,4,BEHHO-VC-Calibrated,0.4609927393357203,0.0031646969769155,0.0583588620971798,0.5516339869281045
IMG_0001,4,MO-BDA-EHHO-VC,0.4592121622940108,0.0031844308200361,0.0583768527693761,0.134640522875817
IMG_0001,5,HHO-VC,0.4586871309828332,0.0016095607703162,0.0582545161984414,0.3633986928104575
IMG_0001,5,BDA-EHHO-VC-Calibrated,0.4579878907014049,0.0015769411103919,0.0582394040337965,0.403921568627451
IMG_0001,5,EHHO-VC,0.4575955670545458,0.0015378200509123,0.0581962264205254,0.2444444444444444
IMG_0001,5,BEHHO-VC-Calibrated,0.4596555625175099,0.0017575474836039,0.0582530769446657,0.2928104575163399
IMG_0001,5,MO-BDA-EHHO-VC,0.4584494932520673,0.0013495247356963,0.0581415347770488,0.1294117647058823
IMG_0002,1,BEHHO-VC-Calibrated,0.5778110785244633,0.0023063223231584,0.0585301332964884,0.3137254901960784
IMG_0002,1,HHO-VC,0.5688810930139391,0.0024588739611632,0.0583207218721237,0.1777777777777777
IMG_0002,1,BDA-EHHO-VC-Calibrated,0.5794626645630753,0.0023587219705829,0.0584646472496939,0.2248366013071895
IMG_0002,1,EHHO-VC,0.5688810930139391,0.0024588739611632,0.0583207218721237,0.1777777777777777
IMG_0002,1,MO-BDA-EHHO-VC,0.5700325298992958,0.0016669374449897,0.0582041423162918,0.0588235294117647
IMG_0002,2,BDA-EHHO-VC-Calibrated,0.5926801532066222,0.0015898172594571,0.0582940956772732,0.049673202614379
IMG_0002,2,BEHHO-VC-Calibrated,0.5951876211346508,0.0017348033880654,0.0583847686651424,0.0183006535947712
IMG_0002,2,EHHO-VC,0.5936118668376211,0.0018393171993408,0.0583351144098807,0.0274509803921568
IMG_0002,2,HHO-VC,0.5936118668376211,0.0018393171993408,0.0583351144098807,0.0274509803921568
IMG_0002,2,MO-BDA-EHHO-VC,0.574276093461166,0.0010462738978356,0.0582314881380301,0.1516339869281045
IMG_0002,3,BEHHO-VC-Calibrated,0.5684182120672758,0.0023201190091931,0.058217815227161,0.4457516339869281
IMG_0002,3,BDA-EHHO-VC-Calibrated,0.5650204132873989,0.0025601269866781,0.0581775161214413,0.2771241830065359
IMG_0002,3,EHHO-VC,0.5896242110632693,0.0021918619704959,0.0583415910518714,0.0379084967320261
IMG_0002,3,HHO-VC,0.589895679723963,0.0024095050693154,0.0583739742618247,0.0313725490196078
IMG_0002,3,MO-BDA-EHHO-VC,0.565211766309978,0.0023935212835693,0.0581991049280768,0.1359477124183006
IMG_0002,4,BEHHO-VC-Calibrated,0.5670074809149285,0.002967343585464,0.0583991612028995,0.2287581699346405
IMG_0002,4,EHHO-VC,0.5672841562878105,0.00264108360923,0.0582840209008433,0.05359477124183
IMG_0002,4,HHO-VC,0.5664882997470392,0.0025152412012261,0.0583660583660583,0.0967320261437908
IMG_0002,4,BDA-EHHO-VC-Calibrated,0.56453138871921,0.0023906944889465,0.0584588902345911,0.2418300653594771
IMG_0002,4,MO-BDA-EHHO-VC,0.5680199112841482,0.0025350681894253,0.0581998245549647,0.0993464052287581
IMG_0002,5,HHO-VC,0.595675578961806,0.0023072646876559,0.0588151055440775,0.0169934640522875
IMG_0002,5,BDA-EHHO-VC-Calibrated,0.5793518843533395,0.0022961062946079,0.058986376743386,0.4013071895424836
IMG_0002,5,BEHHO-VC-Calibrated,0.595675578961806,0.0023072646876559,0.0588151055440775,0.0169934640522875
IMG_0002,5,EHHO-VC,0.595675578961806,0.0023072646876559,0.0588151055440775,0.0169934640522875
IMG_0002,5,MO-BDA-EHHO-VC,0.5747151589909408,0.0019278173212493,0.0587654512888157,0.05359477124183
IMG_0003,1,BDA-EHHO-VC-Calibrated,0.467209764181813,0.0023592003752662,0.0585452454611333,0.1019607843137254
IMG_0003,1,HHO-VC,0.4695453852090228,0.0023549371796414,0.0585042267285257,0.0705882352941176
IMG_0003,1,BEHHO-VC-Calibrated,0.4667818063047073,0.0023030457580024,0.0584811986681145,0.0915032679738562
IMG_0003,1,EHHO-VC,0.4753575406638391,0.002706275941804,0.0585625165064417,0.0797385620915032
IMG_0003,1,MO-BDA-EHHO-VC,0.4647324867182794,0.001876381092208,0.0584365818010677,0.192156862745098
IMG_0003,2,BEHHO-VC-Calibrated,0.4826646490154774,0.0019823121114666,0.0582386844069087,0.2156862745098039
IMG_0003,2,HHO-VC,0.4681376680234057,0.0018172955067427,0.0583149648570209,0.2980392156862745
IMG_0003,2,BDA-EHHO-VC-Calibrated,0.4677273706367477,0.0018639055359478,0.0583768527693761,0.2535947712418301
IMG_0003,2,EHHO-VC,0.4685378398364417,0.0018324869375171,0.0582653106017591,0.3150326797385621
IMG_0003,2,MO-BDA-EHHO-VC,0.478875280080424,0.0016122197931567,0.0580846842529085,0.0823529411764705
IMG_0003,3,HHO-VC,0.513649065156573,0.0020096448815577,0.0585495632224604,0.0104575163398692
IMG_0003,3,BEHHO-VC-Calibrated,0.4993155876015452,0.0020266958229684,0.0586344791952268,0.0130718954248366
IMG_0003,3,BDA-EHHO-VC-Calibrated,0.4913052175241053,0.001674337200083,0.0585589183720024,0.1908496732026143
IMG_0003,3,EHHO-VC,0.4847141971892697,0.0018203942794426,0.0586690212858437,0.0339869281045751
IMG_0003,3,MO-BDA-EHHO-VC,0.4660019000822502,0.0009950434209252,0.0585855445668529,0.1986928104575163
IMG_0003,4,BDA-EHHO-VC-Calibrated,0.4758387424644472,0.0034977031906322,0.0583372732905443,0.8
IMG_0003,4,BEHHO-VC-Calibrated,0.483250645423354,0.0030897107169409,0.0584610491152547,0.5686274509803921
IMG_0003,4,EHHO-VC,0.4754517948537502,0.0035539218406381,0.0583754135156004,0.7686274509803922
IMG_0003,4,HHO-VC,0.4754410851124193,0.0035312790602733,0.0583782920231518,0.7699346405228759
IMG_0003,4,MO-BDA-EHHO-VC,0.479541713841965,0.003011484607687,0.0581811142558806,0.0588235294117647
IMG_0003,5,BEHHO-VC-Calibrated,0.515324610537451,0.0029541552774787,0.0582012638087404,0.0091503267973856
IMG_0003,5,EHHO-VC,0.4837093525340677,0.0032240101045469,0.0579702635777402,0.0196078431372549
IMG_0003,5,HHO-VC,0.5073494259817277,0.0031099294828361,0.0582098993313946,0.0104575163398692
IMG_0003,5,BDA-EHHO-VC-Calibrated,0.5125871583222638,0.0033042623861153,0.0581249833586282,0.0117647058823529
IMG_0003,5,MO-BDA-EHHO-VC,0.4741876643977561,0.0030526446128702,0.0580055252952449,0.0810457516339869
IMG_0004,1,EHHO-VC,0.394652762094041,0.0018342216770196,0.0581854320172077,0.5111111111111112
IMG_0004,1,HHO-VC,0.393650381102655,0.0017478061104422,0.0581746376138899,0.4928104575163399
IMG_0004,1,BEHHO-VC-Calibrated,0.3881100329564795,0.0022600648144956,0.0581717591063385,0.5673202614379085
IMG_0004,1,BDA-EHHO-VC-Calibrated,0.3880892230401226,0.0030581678609263,0.0581919086591983,0.2522875816993464
IMG_0004,1,MO-BDA-EHHO-VC,0.3779099652522887,0.002223658609414,0.0580688524613758,0.0993464052287581
IMG_0004,2,BDA-EHHO-VC-Calibrated,0.3864702234002323,0.0029063647845223,0.0584301051590771,0.5947712418300654
IMG_0004,2,EHHO-VC,0.3867457389038952,0.0024998242966398,0.0584855164294416,0.6143790849673202
IMG_0004,2,HHO-VC,0.3867199085317206,0.0025080486212363,0.0584999089671986,0.6169934640522876
IMG_0004,2,BEHHO-VC-Calibrated,0.3776546839634724,0.0024736469246868,0.0584869556832173,0.2222222222222222
IMG_0004,2,MO-BDA-EHHO-VC,0.3756097414017624,0.0022947436678522,0.0583775723962639,0.1660130718954248
IMG_0004,3,EHHO-VC,0.3913850210582955,0.0036014121894839,0.0583379929174321,0.90718954248366
IMG_0004,3,HHO-VC,0.3917051618952038,0.0037027405479128,0.0583394321712078,0.9098039215686274
IMG_0004,3,BDA-EHHO-VC-Calibrated,0.383382168965284,0.0039569299335968,0.0584408995623948,0.6483660130718955
IMG_0004,3,BEHHO-VC-Calibrated,0.387735268205684,0.0035825433869232,0.0585143015049557,0.3084967320261438
IMG_0004,3,MO-BDA-EHHO-VC,0.3867423862892177,0.0032764045906239,0.0583401517980957,0.1098039215686274
IMG_0004,4,HHO-VC,0.4050641122525049,0.0014215206201577,0.0584502547119369,0.0078431372549019
IMG_0004,4,EHHO-VC,0.4050641122525049,0.0014215206201577,0.0584502547119369,0.0078431372549019
IMG_0004,4,BDA-EHHO-VC-Calibrated,0.3848605789098842,0.0012812259462081,0.0583379929174321,0.1241830065359477
IMG_0004,4,BEHHO-VC-Calibrated,0.3954541216639547,0.001557309337947,0.0584387406817313,0.0209150326797385
IMG_0004,4,MO-BDA-EHHO-VC,0.3813652833860015,0.0010271348807791,0.0582681891093106,0.2013071895424836
IMG_0004,5,BEHHO-VC-Calibrated,0.4050641122525049,0.0017466466077924,0.0581616843299086,0.0078431372549019
IMG_0004,5,EHHO-VC,0.4050641122525049,0.0017466466077924,0.0581616843299086,0.0078431372549019
IMG_0004,5,HHO-VC,0.4050641122525049,0.0017466466077924,0.0581616843299086,0.0078431372549019
IMG_0004,5,BDA-EHHO-VC-Calibrated,0.395705660892954,0.0018124705537622,0.0580213570867776,0.0941176470588235
IMG_0004,5,MO-BDA-EHHO-VC,0.3771818044361674,0.0013172155171271,0.0577853194675624,0.0836601307189542
IMG_0005,1,HHO-VC,0.5273582603936493,0.0021007392883667,0.0580501421622917,0.665359477124183
IMG_0005,1,EHHO-VC,0.5275096444922572,0.0021613512730111,0.0580645347000487,0.661437908496732
IMG_0005,1,BDA-EHHO-VC-Calibrated,0.5258574996845324,0.0022209747665661,0.0580134411910112,0.4222222222222222
IMG_0005,1,BEHHO-VC-Calibrated,0.5255706140760414,0.0022482570467974,0.0581264226124039,0.065359477124183
IMG_0005,1,MO-BDA-EHHO-VC,0.5059354251170484,0.0019113837692844,0.0580328711169832,0.1032679738562091
IMG_0005,2,BEHHO-VC-Calibrated,0.5188042079693386,0.0019414362488099,0.0584869556832173,0.3385620915032679
IMG_0005,2,BDA-EHHO-VC-Calibrated,0.5207145803030203,0.0020304493753464,0.0584466565774977,0.3006535947712418
IMG_0005,2,HHO-VC,0.5284045216927968,0.0020043625273543,0.0584423388161705,0.611764705882353
IMG_0005,2,EHHO-VC,0.5284045216927968,0.0020043625273543,0.0584423388161705,0.611764705882353
IMG_0005,2,MO-BDA-EHHO-VC,0.5116984850857158,0.0015560820675101,0.058290497542834,0.0261437908496732
IMG_0005,3,BEHHO-VC-Calibrated,0.527058319906793,0.0020531141231742,0.058038628132086,0.2326797385620915
IMG_0005,3,BDA-EHHO-VC-Calibrated,0.5278822334299919,0.0018551482499739,0.0580530206698431,0.2104575163398692
IMG_0005,3,HHO-VC,0.5277517862407212,0.0021193362156557,0.057874553201656,0.0143790849673202
IMG_0005,3,EHHO-VC,0.5255149826845114,0.0021357093558993,0.0580299926094318,0.1032679738562091
IMG_0005,3,MO-BDA-EHHO-VC,0.5129113103777054,0.0015168173714759,0.0578803102167588,0.0915032679738562
IMG_0005,4,BEHHO-VC-Calibrated,0.5229110254901198,0.0018291811706146,0.0584552921001519,0.0941176470588235
IMG_0005,4,HHO-VC,0.5120649868265991,0.0019110678351993,0.058474002399236,0.0248366013071895
IMG_0005,4,BDA-EHHO-VC-Calibrated,0.5189411487329973,0.0016001295825824,0.0584991893403108,0.0549019607843137
IMG_0005,4,EHHO-VC,0.5120649868265991,0.0019110678351993,0.058474002399236,0.0248366013071895
IMG_0005,4,MO-BDA-EHHO-VC,0.5110793265776072,0.0015200669469913,0.058435142547292,0.0549019607843137
IMG_0005,5,EHHO-VC,0.5139226824720902,0.001023523056859,0.0581141889553104,0.2901960784313726
IMG_0005,5,BDA-EHHO-VC-Calibrated,0.5085597011882732,0.0010836796579485,0.0582257311229273,0.3516339869281046
IMG_0005,5,HHO-VC,0.5128798838482029,0.0011659062753438,0.0581955067936376,0.2954248366013072
IMG_0005,5,BEHHO-VC-Calibrated,0.5154237479643596,0.0009471360599483,0.0579918523843757,0.2666666666666666
IMG_0005,5,MO-BDA-EHHO-VC,0.502142051670019,0.0014865678834756,0.0581127497015347,0.0287581699346405
IMG_0006,1,EHHO-VC,0.4969198291730603,0.0023720445279002,0.0581998245549647,0.3411764705882353
IMG_0006,1,HHO-VC,0.4958530373421123,0.0026450769813353,0.0581760768676656,0.3084967320261438
IMG_0006,1,BEHHO-VC-Calibrated,0.5114254838106556,0.0024339958922586,0.0582919367966096,0.1320261437908496
IMG_0006,1,BDA-EHHO-VC-Calibrated,0.5118913533254531,0.0023618786026635,0.0582278900035909,0.2444444444444444
IMG_0006,1,MO-BDA-EHHO-VC,0.4934443276216929,0.0023364921914973,0.0580357496245346,0.0601307189542483
IMG_0006,2,BDA-EHHO-VC-Calibrated,0.5145844934567461,0.0027470123894668,0.0580112823103477,0.2797385620915033
IMG_0006,2,HHO-VC,0.517368416636491,0.0023668362127535,0.0581235441048525,0.0418300653594771
IMG_0006,2,EHHO-VC,0.517368416636491,0.0023668362127535,0.0581235441048525,0.0418300653594771
IMG_0006,2,BEHHO-VC-Calibrated,0.5117350165006171,0.0025572680126828,0.0580710113420393,0.2169934640522876
IMG_0006,2,MO-BDA-EHHO-VC,0.4962757377098374,0.0027587240743368,0.0582192544809367,0.2379084967320261
IMG_0006,3,HHO-VC,0.497144217302891,0.0021574580650155,0.0582214133616002,0.0588235294117647
IMG_0006,3,BDA-EHHO-VC-Calibrated,0.4886396667422656,0.0023133698434108,0.0580990767906655,0.2509803921568627
IMG_0006,3,EHHO-VC,0.497144217302891,0.0021574580650155,0.0582214133616002,0.0588235294117647
IMG_0006,3,BEHHO-VC-Calibrated,0.4905620526118752,0.0024757700118506,0.0582206937347124,0.2117647058823529
IMG_0006,3,MO-BDA-EHHO-VC,0.495514423259683,0.0021359491635135,0.0580609365656094,0.0588235294117647
IMG_0006,4,EHHO-VC,0.5120749259114445,0.0022501058261861,0.0582257311229273,0.0352941176470588
IMG_0006,4,BDA-EHHO-VC-Calibrated,0.5123817494178283,0.0021695081497216,0.0583739742618247,0.261437908496732
IMG_0006,4,HHO-VC,0.5120749259114445,0.0022501058261861,0.0582257311229273,0.0352941176470588
IMG_0006,4,BEHHO-VC-Calibrated,0.4904119299768708,0.0020419442914825,0.0583833294113667,0.0522875816993464
IMG_0006,4,MO-BDA-EHHO-VC,0.498436819585048,0.0017196731607986,0.058314245230133,0.3843137254901961
IMG_0006,5,BEHHO-VC-Calibrated,0.5005878012852325,0.0021405632061651,0.0583768527693761,0.5176470588235295
IMG_0006,5,EHHO-VC,0.4984674756904704,0.0024833100977759,0.0584747220261238,0.6549019607843137
IMG_0006,5,HHO-VC,0.4930860465597285,0.0023778015060737,0.0583372732905443,0.2418300653594771
IMG_0006,5,BDA-EHHO-VC-Calibrated,0.4996902064349164,0.0024239044382643,0.0584049182180023,0.4679738562091503
IMG_0006,5,MO-BDA-EHHO-VC,0.4849881190555338,0.0023033846183335,0.0582530769446657,0.1006535947712418
IMG_0007,1,BEHHO-VC-Calibrated,0.4067629596002221,0.00197744736805,0.0580623758193851,0.4444444444444444
IMG_0007,1,EHHO-VC,0.4033655841302792,0.0018578255361342,0.0580278337287683,0.3647058823529411
IMG_0007,1,BDA-EHHO-VC-Calibrated,0.4080513033844427,0.00194336790521,0.0580213570867776,0.4156862745098039
IMG_0007,1,HHO-VC,0.4120726884943379,0.0019024878123588,0.0582681891093106,0.5973856209150327
IMG_0007,1,MO-BDA-EHHO-VC,0.3970897603723224,0.0017093955582668,0.0579328429795719,0.1176470588235294
IMG_0007,2,HHO-VC,0.4223169497556415,0.0020162612761546,0.0583948434415724,0.4745098039215686
IMG_0007,2,EHHO-VC,0.4223169497556415,0.0020162612761546,0.0583948434415724,0.4745098039215686
IMG_0007,2,BEHHO-VC-Calibrated,0.4140577327003827,0.0021505197113176,0.0584085163524415,0.4117647058823529
IMG_0007,2,BDA-EHHO-VC-Calibrated,0.4160952165410551,0.0020588484730556,0.0583761331424882,0.4235294117647059
IMG_0007,2,MO-BDA-EHHO-VC,0.3970596630360128,0.0017171966142574,0.0581465721652637,0.1751633986928104
IMG_0007,3,BDA-EHHO-VC-Calibrated,0.407763113981355,0.0019602379298421,0.0584214696364229,0.3516339869281046
IMG_0007,3,EHHO-VC,0.4118126915328566,0.0017666416929969,0.0583718153811611,0.5254901960784314
IMG_0007,3,BEHHO-VC-Calibrated,0.408306313754901,0.0018245528384824,0.0584243481439743,0.4431372549019607
IMG_0007,3,HHO-VC,0.4118312071093711,0.0017102391360304,0.0583732546349368,0.5281045751633987
IMG_0007,3,MO-BDA-EHHO-VC,0.3985941192158787,0.0017770565349523,0.0581480114190394,0.1385620915032679
IMG_0007,4,EHHO-VC,0.4036378232150527,0.0012281563305943,0.0580069645490206,0.2379084967320261
IMG_0007,4,BEHHO-VC-Calibrated,0.4099228243323792,0.0016329398627769,0.0578925438738522,0.0405228758169934
IMG_0007,4,HHO-VC,0.4083473832847007,0.001333195787878,0.0579148523073756,0.0405228758169934
IMG_0007,4,BDA-EHHO-VC-Calibrated,0.4001032953264841,0.0014641324464109,0.0579882542499365,0.0771241830065359
IMG_0007,4,MO-BDA-EHHO-VC,0.3978386972400058,0.0010602675326522,0.0578133849161886,0.0954248366013071
IMG_0007,5,EHHO-VC,0.4088984312244237,0.0023933074431643,0.0578522447681326,0.0444444444444444
IMG_0007,5,BDA-EHHO-VC-Calibrated,0.4039365022383056,0.0019058843859323,0.0580890020142356,0.1254901960784313
IMG_0007,5,BEHHO-VC-Calibrated,0.4098001067825039,0.0019982316701094,0.0578313755883849,0.134640522875817
IMG_0007,5,HHO-VC,0.4091188910380666,0.0021844316720103,0.0579220485762541,0.0405228758169934
IMG_0007,5,MO-BDA-EHHO-VC,0.4079411666058067,0.0019731064915351,0.0578054690204222,0.0810457516339869
IMG_0008,1,EHHO-VC,0.4205210418889557,0.0015300434151403,0.0580904412680113,0.2745098039215686
IMG_0008,1,BDA-EHHO-VC-Calibrated,0.4339040447167084,0.0010664326724804,0.0580177589523383,0.4183006535947712
IMG_0008,1,BEHHO-VC-Calibrated,0.4374568511282284,0.0016535367107724,0.0580753291033664,0.2169934640522876
IMG_0008,1,HHO-VC,0.4206823568386159,0.0016237630581297,0.0580854038797964,0.2875816993464052
IMG_0008,1,MO-BDA-EHHO-VC,0.4186016699860764,0.0014086150740723,0.0580911608948992,0.1411764705882353
IMG_0008,2,BDA-EHHO-VC-Calibrated,0.421818461438162,0.0019170402280777,0.0583459088131985,0.0810457516339869
IMG_0008,2,EHHO-VC,0.4380426104825419,0.0021894729722148,0.0585200585200585,0.4601307189542483
IMG_0008,2,BEHHO-VC-Calibrated,0.4221547557821528,0.0017509961742914,0.0583322359023293,0.0810457516339869
IMG_0008,2,HHO-VC,0.4298215082537431,0.0015951838549931,0.0584279462784135,0.0588235294117647
IMG_0008,2,MO-BDA-EHHO-VC,0.4202717208040107,0.0016236178306707,0.0580659739538244,0.0418300653594771
IMG_0008,3,BEHHO-VC-Calibrated,0.4230353759041144,0.0019097078291292,0.0580227963405533,0.3516339869281046
IMG_0008,3,EHHO-VC,0.4170274311386105,0.0012671030265853,0.0581293011199553,0.1359477124183006
IMG_0008,3,HHO-VC,0.4425490325810476,0.0015731191714573,0.0580933197755627,0.5686274509803921
IMG_0008,3,BDA-EHHO-VC-Calibrated,0.4448310202396157,0.0016176711333126,0.0579004597696186,0.5647058823529412
IMG_0008,3,MO-BDA-EHHO-VC,0.4198887184418989,0.0010940545326029,0.0579695439508523,0.0627450980392156
IMG_0008,4,BDA-EHHO-VC-Calibrated,0.4333784377040206,0.0020620134642722,0.0581696002256749,0.2535947712418301
IMG_0008,4,EHHO-VC,0.4307736508221584,0.0019223806163281,0.0580120019372355,0.0248366013071895
IMG_0008,4,HHO-VC,0.4307736508221584,0.0019223806163281,0.0580120019372355,0.0248366013071895
IMG_0008,4,BEHHO-VC-Calibrated,0.4458154613559975,0.0020078224622383,0.0580566188042823,0.4679738562091503
IMG_0008,4,MO-BDA-EHHO-VC,0.4233393801663375,0.0018719130492546,0.0580487029085159,0.0718954248366013
IMG_0008,5,BEHHO-VC-Calibrated,0.4350658272968528,0.0014545483547777,0.0584416191892827,0.2431372549019607
IMG_0008,5,BDA-EHHO-VC-Calibrated,0.4375723639430265,0.0013731449450583,0.0583588620971798,0.4222222222222222
IMG_0008,5,EHHO-VC,0.4228562650048276,0.001421147390617,0.058440179935507,0.1372549019607843
IMG_0008,5,HHO-VC,0.4374449053218901,0.0015341919185343,0.0584524135926005,0.0117647058823529
IMG_0008,5,MO-BDA-EHHO-VC,0.4282017212573756,0.0012420915505425,0.05825163769089,0.2496732026143791
IMG_0009,1,HHO-VC,0.4692592221822891,0.0018198265936304,0.0584855164294416,0.0078431372549019
IMG_0009,1,BEHHO-VC-Calibrated,0.4619234134171235,0.0015372260496203,0.0584876753101052,0.0104575163398692
IMG_0009,1,EHHO-VC,0.4692592221822891,0.0018198265936304,0.0584855164294416,0.0078431372549019
IMG_0009,1,BDA-EHHO-VC-Calibrated,0.4820035688463719,0.001695008632806,0.0585279744158248,0.2091503267973856
IMG_0009,1,MO-BDA-EHHO-VC,0.4562842731985441,0.0017862377683474,0.0583696565004976,0.1006535947712418
IMG_0009,2,HHO-VC,0.4692592221822891,0.0016060696586314,0.0578702354403289,0.0078431372549019
IMG_0009,2,EHHO-VC,0.4692592221822891,0.0016060696586314,0.0578702354403289,0.0078431372549019
IMG_0009,2,BDA-EHHO-VC-Calibrated,0.4774430900692906,0.0026847126911491,0.0583149648570209,0.2274509803921568
IMG_0009,2,BEHHO-VC-Calibrated,0.4635389503817534,0.0023285721814504,0.0582091797045068,0.0666666666666666
IMG_0009,2,MO-BDA-EHHO-VC,0.4609984473464731,0.0016326805306303,0.0579522729055439,0.0261437908496732
IMG_0009,3,BDA-EHHO-VC-Calibrated,0.4598573476897055,0.0029488466809846,0.0582307685111423,0.0392156862745098
IMG_0009,3,HHO-VC,0.4511347755806573,0.0027548180661327,0.058212777838946,0.0143790849673202
IMG_0009,3,EHHO-VC,0.4511347755806573,0.0027548180661327,0.058212777838946,0.0143790849673202
IMG_0009,3,BEHHO-VC-Calibrated,0.4570985437214457,0.0030432834653925,0.0581573665685815,0.0130718954248366
IMG_0009,3,MO-BDA-EHHO-VC,0.4517780712212041,0.0030427352804448,0.0580688524613758,0.0183006535947712
IMG_0009,4,EHHO-VC,0.4614474860582935,0.0020004012495866,0.0582696283630863,0.0313725490196078
IMG_0009,4,HHO-VC,0.4804828194421701,0.0020073939781581,0.0584128341137686,0.1699346405228758
IMG_0009,4,BDA-EHHO-VC-Calibrated,0.4966122317233141,0.001932188279448,0.0581832731365441,0.3071895424836601
IMG_0009,4,BEHHO-VC-Calibrated,0.4807945364113912,0.0018823445192434,0.0583797312769275,0.1738562091503268
IMG_0009,4,MO-BDA-EHHO-VC,0.452903288289247,0.0015167842910255,0.0582091797045068,0.0732026143790849
IMG_0009,5,EHHO-VC,0.4540852712194431,0.0029439087905397,0.0579925720112636,0.0823529411764705
IMG_0009,5,BEHHO-VC-Calibrated,0.4691415928178208,0.0028898833477472,0.0578716746941045,0.0915032679738562
IMG_0009,5,BDA-EHHO-VC-Calibrated,0.468042697161476,0.002273279318322,0.0579623476819738,0.0875816993464052
IMG_0009,5,HHO-VC,0.4473204228932975,0.0025984691138606,0.057864478425226,0.0261437908496732
IMG_0009,5,MO-BDA-EHHO-VC,0.4488204301107318,0.0025250898900001,0.0577925157364409,0.0261437908496732
IMG_0010,1,HHO-VC,0.3731117309812778,0.003169726833352,0.0578522447681326,0.2875816993464052
IMG_0010,1,EHHO-VC,0.3728675827437267,0.0032835085954578,0.057840730737927,0.2823529411764706
IMG_0010,1,BDA-EHHO-VC-Calibrated,0.377760376751419,0.0029102176023899,0.0579501140248803,0.1647058823529411
IMG_0010,1,BEHHO-VC-Calibrated,0.3762994495070942,0.0029098102684091,0.0579191700687027,0.1333333333333333
IMG_0010,1,MO-BDA-EHHO-VC,0.3691129421556612,0.0020721621721395,0.0578947027545158,0.065359477124183
IMG_0010,2,BDA-EHHO-VC-Calibrated,0.3716762700625844,0.001597721816691,0.0578299363346092,0.1660130718954248
IMG_0010,2,HHO-VC,0.3737074889162332,0.0019731343620953,0.0580256748481047,0.5908496732026144
IMG_0010,2,BEHHO-VC-Calibrated,0.3799494817442623,0.0016471099208992,0.057801870885983,0.0483660130718954
IMG_0010,2,EHHO-VC,0.3737074889162332,0.0019731343620953,0.0580256748481047,0.5908496732026144
IMG_0010,2,MO-BDA-EHHO-VC,0.3651672109971757,0.0015708345930524,0.0576737772999455,0.1006535947712418
IMG_0010,3,HHO-VC,0.3699360767885814,0.0008633755214375,0.0582746657513012,0.0562091503267973
IMG_0010,3,BEHHO-VC-Calibrated,0.369866958742553,0.000840371353561,0.0582408432875722,0.057516339869281
IMG_0010,3,EHHO-VC,0.3627578832442526,0.0012635246291213,0.058271067616862,0.0915032679738562
IMG_0010,3,BDA-EHHO-VC-Calibrated,0.3731526904504946,0.0009540079914325,0.0582386844069087,0.188235294117647
IMG_0010,3,MO-BDA-EHHO-VC,0.3681277475475968,0.0008417767426568,0.0582746657513012,0.1176470588235294
IMG_0010,4,EHHO-VC,0.3620908060516119,0.0024146982936414,0.0582868994083947,0.065359477124183
IMG_0010,4,BDA-EHHO-VC-Calibrated,0.3648339136875178,0.0030304005733098,0.0581242637317403,0.2117647058823529
IMG_0010,4,BEHHO-VC-Calibrated,0.3637025332268355,0.0027077875516062,0.0581875908978712,0.0967320261437908
IMG_0010,4,HHO-VC,0.3620908060516119,0.0024146982936414,0.0582868994083947,0.065359477124183
IMG_0010,4,MO-BDA-EHHO-VC,0.3624577818996213,0.0023769784187829,0.0581077123133197,0.0875816993464052
IMG_0010,5,HHO-VC,0.3822741644427768,0.001568939423771,0.0586308810607876,0.0104575163398692
IMG_0010,5,EHHO-VC,0.3847107448892528,0.0018428288284775,0.0584984697134229,0.0091503267973856
IMG_0010,5,BEHHO-VC-Calibrated,0.381291899139456,0.0019138611749076,0.0585056659823015,0.2143790849673202
IMG_0010,5,BDA-EHHO-VC-Calibrated,0.3754284893178273,0.001772949594861,0.0585524417300118,0.2183006535947712
IMG_0010,5,MO-BDA-EHHO-VC,0.3680009916209509,0.0012659947493244,0.0583487873207499,0.1071895424836601
IMG_0011,1,HHO-VC,0.5172788391083296,0.001626993643277,0.0581624039567964,0.0954248366013071
IMG_0011,1,EHHO-VC,0.5206833177189655,0.0016528600328016,0.0580911608948992,0.0444444444444444
IMG_0011,1,BDA-EHHO-VC-Calibrated,0.5117653880753623,0.001823772233739,0.0582523573177778,0.2300653594771241
IMG_0011,1,BEHHO-VC-Calibrated,0.5183397130663997,0.0017958017084597,0.0582228526153759,0.4509803921568627
IMG_0011,1,MO-BDA-EHHO-VC,0.5174481884805376,0.0014249280762374,0.0581408151501609,0.05359477124183
IMG_0011,2,HHO-VC,0.5413555482867429,0.0017767524385744,0.058106273059544,0.0183006535947712
IMG_0011,2,BEHHO-VC-Calibrated,0.5672107856867852,0.0012868743791368,0.0580609365656094,0.0156862745098039
IMG_0011,2,EHHO-VC,0.5147283459586061,0.0016553658774442,0.0580429458934131,0.1947712418300653
IMG_0011,2,BDA-EHHO-VC-Calibrated,0.5142236165918646,0.0017846098339067,0.0580861235066842,0.1633986928104575
IMG_0011,2,MO-BDA-EHHO-VC,0.5102874776364843,0.0012581499047869,0.0578767120823195,0.1673202614379084
IMG_0011,3,HHO-VC,0.5093961731717879,0.0024920380573065,0.0581803946289927,0.4601307189542483
IMG_0011,3,BDA-EHHO-VC-Calibrated,0.5362275886782996,0.0018303012894079,0.0581883105247591,0.3660130718954248
IMG_0011,3,BEHHO-VC-Calibrated,0.5360975732651616,0.0017911809346722,0.0581537684341422,0.3934640522875817
IMG_0011,3,EHHO-VC,0.5093961731717879,0.0024920380573065,0.0581803946289927,0.4601307189542483
IMG_0011,3,MO-BDA-EHHO-VC,0.5217529203278753,0.0022309274093819,0.0581249833586282,0.0418300653594771
IMG_0011,4,HHO-VC,0.5163745559610559,0.0021442674159638,0.0584977500865351,0.1032679738562091
IMG_0011,4,BDA-EHHO-VC-Calibrated,0.5187028621926055,0.0022734286145854,0.0584675257572453,0.061437908496732
IMG_0011,4,BEHHO-VC-Calibrated,0.536577945378299,0.0027602820502779,0.0584272266515257,0.4091503267973856
IMG_0011,4,EHHO-VC,0.5167010210483785,0.0023065622831149,0.0585546006106753,0.1385620915032679
IMG_0011,4,MO-BDA-EHHO-VC,0.5063394775367526,0.0020621750356202,0.0583854882920303,0.1071895424836601
IMG_0011,5,EHHO-VC,0.5096250229883232,0.0019899672156426,0.0580220767136655,0.3816993464052287
IMG_0011,5,BDA-EHHO-VC-Calibrated,0.5140906126105923,0.0020984433863652,0.0580494225354038,0.4156862745098039
IMG_0011,5,HHO-VC,0.5101178912107132,0.0020985991948306,0.0580530206698431,0.3908496732026144
IMG_0011,5,BEHHO-VC-Calibrated,0.5358790352786191,0.0014996553589713,0.0580702917151515,0.2705882352941176
IMG_0011,5,MO-BDA-EHHO-VC,0.5169209305591072,0.0017591205362632,0.0578795905898709,0.1045751633986928
IMG_0012,1,BEHHO-VC-Calibrated,0.3919011394543091,0.001429448936017,0.0585143015049557,0.2117647058823529
IMG_0012,1,BDA-EHHO-VC-Calibrated,0.391967489053369,0.0013912636559008,0.0585071052360771,0.1947712418300653
IMG_0012,1,EHHO-VC,0.3974157080255022,0.0016396304921687,0.0584653668765818,0.6901960784313725
IMG_0012,1,HHO-VC,0.3973752480620076,0.0016762093629446,0.0584610491152547,0.6915032679738562
IMG_0012,1,MO-BDA-EHHO-VC,0.3855310784388386,0.0011479961120222,0.0582458806757872,0.0915032679738562
IMG_0012,2,BDA-EHHO-VC-Calibrated,0.3890521196729089,0.0016936349900684,0.0584747220261238,0.2522875816993464
IMG_0012,2,BEHHO-VC-Calibrated,0.3897744218795432,0.0015354846820293,0.0583984415760116,0.1359477124183006
IMG_0012,2,HHO-VC,0.3900731263013922,0.0015030072719159,0.058406357471778,0.0758169934640522
IMG_0012,2,EHHO-VC,0.3897309394831196,0.0013507587643688,0.0584027593373387,0.1398692810457516
IMG_0012,2,MO-BDA-EHHO-VC,0.385582383602843,0.0013086892253702,0.0584142733675444,0.1006535947712418
IMG_0012,3,BEHHO-VC-Calibrated,0.3968965945872024,0.0016725935351026,0.0582063011969554,0.4928104575163399
IMG_0012,3,BDA-EHHO-VC-Calibrated,0.3931414121624213,0.0018294557172498,0.0581919086591983,0.465359477124183
IMG_0012,3,EHHO-VC,0.3983805922229317,0.0019681753395699,0.0582214133616002,0.4248366013071895
IMG_0012,3,HHO-VC,0.3980313107301649,0.001951653699486,0.058198385301189,0.4235294117647059
IMG_0012,3,MO-BDA-EHHO-VC,0.3913482882142672,0.0015857229955494,0.0580429458934131,0.0522875816993464
IMG_0012,4,BEHHO-VC-Calibrated,0.4053018281711056,0.0007008685489531,0.0583682172467219,0.796078431372549
IMG_0012,4,EHHO-VC,0.4004636326787045,0.000847862077584,0.0580666935807122,0.5751633986928104
IMG_0012,4,BDA-EHHO-VC-Calibrated,0.4009369439821422,0.0007281891903763,0.0581429740308245,0.6261437908496732
IMG_0012,4,HHO-VC,0.3980621022947662,0.0004196404463667,0.0580990767906655,0.6274509803921569
IMG_0012,4,MO-BDA-EHHO-VC,0.3816007811605479,0.0009721744500011,0.0580508617891795,0.0836601307189542
IMG_0012,5,BEHHO-VC-Calibrated,0.4138854868922025,0.002126656481346,0.0583236003796751,0.4967320261437908
IMG_0012,5,BDA-EHHO-VC-Calibrated,0.4137585108443908,0.0021130612441122,0.058237245153133,0.5686274509803921
IMG_0012,5,HHO-VC,0.4023745468491019,0.0023905435678165,0.0583027311999274,0.3660130718954248
IMG_0012,5,EHHO-VC,0.4023789154076211,0.0024017980529089,0.0583005723192639,0.3725490196078431
IMG_0012,5,MO-BDA-EHHO-VC,0.3806238072314024,0.0018606802727262,0.0582134974658339,0.1320261437908496
IMG_0013,1,BDA-EHHO-VC-Calibrated,0.384522842689256,0.0016944872579799,0.0580623758193851,0.3647058823529411
IMG_0013,1,EHHO-VC,0.3729894248886584,0.0022654696150873,0.0581357777619459,0.6941176470588235
IMG_0013,1,BEHHO-VC-Calibrated,0.368456994627806,0.0022992823015402,0.0581293011199553,0.9751633986928104
IMG_0013,1,HHO-VC,0.373411795074635,0.002048305788902,0.0580926001486749,0.6535947712418301
IMG_0013,1,MO-BDA-EHHO-VC,0.3815501063465362,0.0015584574092281,0.0579047775309457,0.2209150326797385
IMG_0013,2,HHO-VC,0.3808393774334983,0.0009364584226197,0.0583840490382546,0.2993464052287581
IMG_0013,2,EHHO-VC,0.3808393774334983,0.0009364584226197,0.0583840490382546,0.2993464052287581
IMG_0013,2,BDA-EHHO-VC-Calibrated,0.3795448448580422,0.001344546077067,0.0583077685881424,0.3333333333333333
IMG_0013,2,BEHHO-VC-Calibrated,0.3844689722670513,0.0010739454900332,0.0583257592603387,0.1790849673202614
IMG_0013,2,MO-BDA-EHHO-VC,0.3905254198847964,0.0010499840634337,0.058198385301189,0.2026143790849673
IMG_0013,3,HHO-VC,0.400645812193204,0.0024309096098419,0.058285460154619,0.0169934640522875
IMG_0013,3,BDA-EHHO-VC-Calibrated,0.3980397892463345,0.0020370304264666,0.0582329273918058,0.057516339869281
IMG_0013,3,EHHO-VC,0.3964700628827654,0.0020487012729375,0.0582386844069087,0.0261437908496732
IMG_0013,3,BEHHO-VC-Calibrated,0.3902620110452468,0.0022034139520083,0.0582833012739554,0.1006535947712418
IMG_0013,3,MO-BDA-EHHO-VC,0.3797495575421391,0.0015304593265656,0.0581033945519926,0.3045751633986928
IMG_0013,4,EHHO-VC,0.3907483687608514,0.0026703906425032,0.0582876190352825,0.396078431372549
IMG_0013,4,BDA-EHHO-VC-Calibrated,0.3933157350445453,0.0026035032683981,0.0583408714249835,0.326797385620915
IMG_0013,4,HHO-VC,0.391116529876676,0.0027211543203144,0.0582365255262451,0.3699346405228758
IMG_0013,4,BEHHO-VC-Calibrated,0.3909566457145929,0.0023845974580459,0.0581775161214413,0.3568627450980392
IMG_0013,4,MO-BDA-EHHO-VC,0.3808491558929744,0.0028704479263177,0.0581746376138899,0.2993464052287581
IMG_0013,5,BEHHO-VC-Calibrated,0.3805291674476423,0.0013431469332595,0.0580170393254505,0.1947712418300653
IMG_0013,5,BDA-EHHO-VC-Calibrated,0.3835129860444351,0.0012862805869855,0.0579321233526841,0.0836601307189542
IMG_0013,5,EHHO-VC,0.3821483194791089,0.001322023217291,0.0579904131306,0.1947712418300653
IMG_0013,5,HHO-VC,0.3813971644673711,0.0014548790916804,0.057961628055086,0.2575163398692811
IMG_0013,5,MO-BDA-EHHO-VC,0.386044277855551,0.0009561702734478,0.0578608802907868,0.0692810457516339
IMG_0014,1,BEHHO-VC-Calibrated,0.4005647032209785,0.0017176280257879,0.0577910764826652,0.3032679738562091
IMG_0014,1,BDA-EHHO-VC-Calibrated,0.3955971611451351,0.0019919875195219,0.057908375665385,0.3124183006535947
IMG_0014,1,EHHO-VC,0.4162837249872789,0.0016580467878755,0.0577903568557774,0.1464052287581699
IMG_0014,1,HHO-VC,0.4162837249872789,0.0016580467878755,0.0577903568557774,0.1464052287581699
IMG_0014,1,MO-BDA-EHHO-VC,0.3965231092948326,0.0016118309576067,0.0578349737228241,0.3830065359477124
IMG_0014,2,BEHHO-VC-Calibrated,0.398626223107677,0.0023992586358541,0.0582149367196096,0.550326797385621
IMG_0014,2,BDA-EHHO-VC-Calibrated,0.3951128268510152,0.0026321866659419,0.0581386562694974,0.7751633986928104
IMG_0014,2,HHO-VC,0.3987171585477054,0.0023875852995112,0.0582221329884881,0.5751633986928104
IMG_0014,2,EHHO-VC,0.398485684209579,0.0024042696108197,0.0582278900035909,0.5856209150326798
IMG_0014,2,MO-BDA-EHHO-VC,0.3955457628529452,0.0022442209031647,0.0580746094764786,0.1712418300653594
IMG_0014,3,BDA-EHHO-VC-Calibrated,0.3954323496554198,0.0017216267725168,0.0583257592603387,0.388235294117647
IMG_0014,3,HHO-VC,0.4164311723035003,0.0017659071648417,0.0584725631454603,0.1372549019607843
IMG_0014,3,EHHO-VC,0.4165003326805222,0.0016690219823424,0.0584991893403108,0.2013071895424836
IMG_0014,3,BEHHO-VC-Calibrated,0.4166149396120615,0.0017502512171049,0.058507824862965,0.1830065359477124
IMG_0014,3,MO-BDA-EHHO-VC,0.4012536994020033,0.0014368116154673,0.0583358340367686,0.1124183006535947
IMG_0014,4,EHHO-VC,0.3975839070571147,0.001495232584507,0.0580422262665253,0.8771241830065359
IMG_0014,4,BDA-EHHO-VC-Calibrated,0.3974734739615249,0.0015723089254522,0.0579925720112636,0.2627450980392157
IMG_0014,4,BEHHO-VC-Calibrated,0.3976260263955506,0.0015072499893759,0.0581588058223572,0.9686274509803922
IMG_0014,4,HHO-VC,0.3973273727708938,0.0015144734706317,0.0580731702227029,0.8928104575163398
IMG_0014,4,MO-BDA-EHHO-VC,0.3936377102577018,0.0013457858901288,0.0578903849931887,0.2300653594771241
IMG_0014,5,HHO-VC,0.4007252477465587,0.0034145699432078,0.0583027311999274,0.4483660130718954
IMG_0014,5,EHHO-VC,0.4007252477465587,0.0034145699432078,0.0583027311999274,0.4483660130718954
IMG_0014,5,BEHHO-VC-Calibrated,0.4177119981032926,0.0029522338940682,0.058358142470292,0.3843137254901961
IMG_0014,5,BDA-EHHO-VC-Calibrated,0.40020356058386,0.0031834891788107,0.0583307966485536,0.5555555555555555
IMG_0014,5,MO-BDA-EHHO-VC,0.3936433233474271,0.0032241747274153,0.0581825535096563,0.2535947712418301
IMG_0015,1,HHO-VC,0.4702015842991816,0.0022623002998087,0.0583164041107966,0.5620915032679739
IMG_0015,1,BDA-EHHO-VC-Calibrated,0.4855696482653763,0.0022533081840108,0.0581947871667497,0.3973856209150326
IMG_0015,1,BEHHO-VC-Calibrated,0.4645013435247241,0.0024097861279817,0.0583502265745256,0.3633986928104575
IMG_0015,1,EHHO-VC,0.4697981191348587,0.0022540673830713,0.0582847405277311,0.5529411764705883
IMG_0015,1,MO-BDA-EHHO-VC,0.4480362295334969,0.0019172178793165,0.0581660020912357,0.134640522875817
IMG_0015,2,EHHO-VC,0.4630159489662125,0.0010316575034182,0.0582789835126283,0.5281045751633987
IMG_0015,2,HHO-VC,0.4630159489662125,0.0010316575034182,0.0582789835126283,0.5281045751633987
IMG_0015,2,BEHHO-VC-Calibrated,0.4485774143517571,0.0011520173048201,0.0581192263435254,0.1581699346405229
IMG_0015,2,BDA-EHHO-VC-Calibrated,0.4541557333990151,0.0010121795306354,0.0581228244779646,0.3947712418300654
IMG_0015,2,MO-BDA-EHHO-VC,0.4582734807822929,0.001013603178115,0.0580379085051982,0.0640522875816993
IMG_0015,3,HHO-VC,0.4875814710578479,0.002442584515055,0.0583207218721237,0.8758169934640523
IMG_0015,3,EHHO-VC,0.4875558100096469,0.0025180390756049,0.0583358340367686,0.8745098039215686
IMG_0015,3,BEHHO-VC-Calibrated,0.4847037254643244,0.0024759949586005,0.0584502547119369,0.8130718954248366
IMG_0015,3,BDA-EHHO-VC-Calibrated,0.4862730539165555,0.0028873674673244,0.0584639276228061,0.6522875816993464
IMG_0015,3,MO-BDA-EHHO-VC,0.4467185080398546,0.0016403036975477,0.058178955375217,0.1254901960784313
IMG_0015,4,BDA-EHHO-VC-Calibrated,0.4687555829631307,0.0014306640297638,0.0581717591063385,0.1045751633986928
IMG_0015,4,EHHO-VC,0.4855375529061781,0.0016887649973228,0.0582487591833386,0.0104575163398692
IMG_0015,4,BEHHO-VC-Calibrated,0.4828815370560997,0.0019094210119404,0.0582717872437498,0.7607843137254902
IMG_0015,4,HHO-VC,0.4912933827411724,0.0020688017650857,0.0583351144098807,0.977777777777778
IMG_0015,4,MO-BDA-EHHO-VC,0.4548491574019498,0.0013989897543409,0.0582091797045068,0.0692810457516339
IMG_0015,5,EHHO-VC,0.4576073348715072,0.0004788079505013,0.0582019834356282,0.2156862745098039
IMG_0015,5,BEHHO-VC-Calibrated,0.4564897204498795,0.000893219804245,0.0584668061303575,0.3594771241830065
IMG_0015,5,HHO-VC,0.4579723126966279,0.0006023156856687,0.0582142170927217,0.2130718954248366
IMG_0015,5,BDA-EHHO-VC-Calibrated,0.4541825458502365,0.0006258018058689,0.0583516658283013,0.0679738562091503
IMG_0015,5,MO-BDA-EHHO-VC,0.4502781720723059,0.0005354185718603,0.0581940675398619,0.1424836601307189
IMG_0016,1,BDA-EHHO-VC-Calibrated,0.4423962418318291,0.0021866006308716,0.0585538809837875,0.6169934640522876
IMG_0016,1,EHHO-VC,0.4483538635123755,0.0022495330594597,0.0586409558372175,0.9202614379084968
IMG_0016,1,HHO-VC,0.4447219066093905,0.0024292939185737,0.0585848249399651,0.7843137254901961
IMG_0016,1,BEHHO-VC-Calibrated,0.4483483435508357,0.0021774535339474,0.0586308810607876,0.9163398692810456
IMG_0016,1,MO-BDA-EHHO-VC,0.4507472155483883,0.0019962975254048,0.058454572473264,0.0431372549019607
IMG_0016,2,HHO-VC,0.4475487703488436,0.0022535857702489,0.0580609365656094,0.0627450980392156
IMG_0016,2,BEHHO-VC-Calibrated,0.4423722062937749,0.002423621569229,0.0580926001486749,0.2457516339869281
IMG_0016,2,EHHO-VC,0.43502304633329,0.0021781315119407,0.0580141608178991,0.1333333333333333
IMG_0016,2,BDA-EHHO-VC-Calibrated,0.4364314323486029,0.0024760771752185,0.0579774598466187,0.2758169934640522
IMG_0016,2,MO-BDA-EHHO-VC,0.4352402297280435,0.0021022732482015,0.0580256748481047,0.1333333333333333
IMG_0016,3,BDA-EHHO-VC-Calibrated,0.4471189922390216,0.0015647832116606,0.057734225958525,0.3176470588235294
IMG_0016,3,BEHHO-VC-Calibrated,0.4423762785353403,0.0013978503188476,0.0578392914841512,0.0470588235294117
IMG_0016,3,HHO-VC,0.4648370528377858,0.0014601899276795,0.0576852913301511,0.0169934640522875
IMG_0016,3,EHHO-VC,0.446431951749892,0.0014204252058927,0.05790333827717,0.0248366013071895
IMG_0016,3,MO-BDA-EHHO-VC,0.4440304975617418,0.0013336648139926,0.0577507773769455,0.0444444444444444
IMG_0016,4,EHHO-VC,0.4637516692345352,0.0029556488538243,0.0579162915611513,0.0130718954248366
IMG_0016,4,BEHHO-VC-Calibrated,0.4646529299488801,0.0026990343439696,0.0579911327574878,0.2836601307189542
IMG_0016,4,HHO-VC,0.4637516692345352,0.0029556488538243,0.0579162915611513,0.0130718954248366
IMG_0016,4,BDA-EHHO-VC-Calibrated,0.4536016621631428,0.0029536622724642,0.0580731702227029,0.3947712418300654
IMG_0016,4,MO-BDA-EHHO-VC,0.4487065822818067,0.0025559750682715,0.0578299363346092,0.061437908496732
IMG_0016,5,BDA-EHHO-VC-Calibrated,0.4567952392984462,0.0012560914992861,0.058541647326694,0.5555555555555555
IMG_0016,5,HHO-VC,0.4425774608145874,0.0019643609876228,0.0587366662133017,0.6418300653594771
IMG_0016,5,BEHHO-VC-Calibrated,0.4535682291445531,0.0013720390910613,0.058541647326694,0.049673202614379
IMG_0016,5,EHHO-VC,0.4418661138690459,0.0017320879937578,0.0587035633764605,0.5856209150326798
IMG_0016,5,MO-BDA-EHHO-VC,0.4319279141562447,0.0010475986362393,0.0584149929944322,0.1908496732026143
IMG_0017,1,HHO-VC,0.4936124231000752,0.0010682764686111,0.0584898341907687,0.322875816993464
IMG_0017,1,BDA-EHHO-VC-Calibrated,0.4915885698392786,0.0009317918890255,0.0584552921001519,0.2457516339869281
IMG_0017,1,BEHHO-VC-Calibrated,0.4829920509623859,0.0011834880402222,0.0583624602316191,0.0326797385620915
IMG_0017,1,EHHO-VC,0.4927926834128259,0.0010342092127998,0.0584876753101052,0.3751633986928104
IMG_0017,1,MO-BDA-EHHO-VC,0.480761664784776,0.0009291133462649,0.0582617124673199,0.0745098039215686
IMG_0017,2,HHO-VC,0.506005795031655,0.002809142075943,0.0582106189582825,0.4117647058823529
IMG_0017,2,BDA-EHHO-VC-Calibrated,0.4739010637515526,0.003130142230806,0.0582696283630863,0.3241830065359477
IMG_0017,2,BEHHO-VC-Calibrated,0.4990610907807384,0.0029959440375973,0.0584732827723481,0.0522875816993464
IMG_0017,2,EHHO-VC,0.5124943404976605,0.0031013478139675,0.0582336470186937,0.0104575163398692
IMG_0017,2,MO-BDA-EHHO-VC,0.4719032863826922,0.0026868690634613,0.0580818057453571,0.0666666666666666
IMG_0017,3,HHO-VC,0.4890235317602218,0.0024844030106384,0.0586200866574698,0.1320261437908496
IMG_0017,3,BDA-EHHO-VC-Calibrated,0.5036688109464575,0.0022578576164216,0.058479039787451,0.2784313725490196
IMG_0017,3,BEHHO-VC-Calibrated,0.5034913678883108,0.0023133937371666,0.0585164603856192,0.3058823529411765
IMG_0017,3,EHHO-VC,0.4891865314834194,0.0026094636316433,0.0585826660593015,0.0993464052287581
IMG_0017,3,MO-BDA-EHHO-VC,0.4651580542388894,0.0016413356813026,0.058266030228647,0.0352941176470588
IMG_0017,4,BEHHO-VC-Calibrated,0.5128157173995763,0.0014314213872893,0.0580890020142356,0.0470588235294117
IMG_0017,4,EHHO-VC,0.5085127041905707,0.0012637508445575,0.0581991049280768,0.0104575163398692
IMG_0017,4,BDA-EHHO-VC-Calibrated,0.5170024050387103,0.0012062325469151,0.0580818057453571,0.0836601307189542
IMG_0017,4,HHO-VC,0.5085127041905707,0.0012637508445575,0.0581991049280768,0.0104575163398692
IMG_0017,4,MO-BDA-EHHO-VC,0.4898186686741053,0.0011171730010343,0.0580558991773945,0.0235294117647058
IMG_0017,5,BDA-EHHO-VC-Calibrated,0.4940587272297219,0.0022377346946831,0.0581631235836843,0.0549019607843137
IMG_0017,5,BEHHO-VC-Calibrated,0.5238231980057374,0.0025964590404944,0.0582307685111423,0.0483660130718954
IMG_0017,5,EHHO-VC,0.4858970323170649,0.0018826570081232,0.0583307966485536,0.5437908496732026
IMG_0017,5,HHO-VC,0.4859267825392285,0.0018340547769859,0.0583430303056471,0.534640522875817
IMG_0017,5,MO-BDA-EHHO-VC,0.4744502999247579,0.0019095149857105,0.0581674413450114,0.0261437908496732
IMG_0018,1,BEHHO-VC-Calibrated,0.404219958870327,0.002145677482797,0.0580681328344879,0.3895424836601307
IMG_0018,1,BDA-EHHO-VC-Calibrated,0.4049272420405019,0.0023299353135124,0.0581516095534787,0.4248366013071895
IMG_0018,1,EHHO-VC,0.4036214917517939,0.0020955587864078,0.0580846842529085,0.4797385620915032
IMG_0018,1,HHO-VC,0.4036214917517939,0.0020955587864078,0.0580846842529085,0.4797385620915032
IMG_0018,1,MO-BDA-EHHO-VC,0.407628247270369,0.0018870230966596,0.0580623758193851,0.1424836601307189
IMG_0018,2,BDA-EHHO-VC-Calibrated,0.4154054667023438,0.0012069780908163,0.0577982727515437,0.1947712418300653
IMG_0018,2,HHO-VC,0.414043441591006,0.0011166861111253,0.0578090671548615,0.3516339869281046
IMG_0018,2,EHHO-VC,0.4138275450584519,0.0011512388276677,0.0577917961095531,0.2679738562091503
IMG_0018,2,BEHHO-VC-Calibrated,0.4151928804534739,0.0013471600980016,0.0578450484992541,0.3058823529411765
IMG_0018,2,MO-BDA-EHHO-VC,0.4170598804513151,0.0012831318641874,0.0577169549132166,0.0718954248366013
IMG_0018,3,BEHHO-VC-Calibrated,0.4080100897632616,0.0015359180516302,0.0576673006579548,0.5071895424836602
IMG_0018,3,HHO-VC,0.4176871580439583,0.0009297649082742,0.0578572821563475,0.0718954248366013
IMG_0018,3,BDA-EHHO-VC-Calibrated,0.4137797449007012,0.0010734305621776,0.0577407026005156,0.0483660130718954
IMG_0018,3,EHHO-VC,0.4173037831691045,0.0011229093634957,0.0579112541729364,0.1058823529411764
IMG_0018,3,MO-BDA-EHHO-VC,0.4071190223521282,0.0010449918349534,0.0576795343150483,0.0928104575163398
IMG_0018,4,BDA-EHHO-VC-Calibrated,0.4200731021561256,0.0024615701813695,0.0580760487302543,0.118954248366013
IMG_0018,4,EHHO-VC,0.4289361623660797,0.0022472286843084,0.0580868431335721,0.0601307189542483
IMG_0018,4,HHO-VC,0.4289361623660797,0.0022472286843084,0.0580868431335721,0.0601307189542483
IMG_0018,4,BEHHO-VC-Calibrated,0.4287511674587099,0.0022290695513679,0.0580983571637777,0.0692810457516339
IMG_0018,4,MO-BDA-EHHO-VC,0.4074597529842277,0.002124862522757,0.0580544599236187,0.2209150326797385
IMG_0018,5,BDA-EHHO-VC-Calibrated,0.4099350408910714,0.00220204005262,0.0581264226124039,0.4235294117647059
IMG_0018,5,EHHO-VC,0.4073421320859581,0.0022689936669369,0.0582926564234975,0.5882352941176471
IMG_0018,5,HHO-VC,0.4069214297411216,0.0021641807239968,0.0582602732135442,0.5699346405228759
IMG_0018,5,BEHHO-VC-Calibrated,0.415055414785497,0.0030626181634883,0.0583718153811611,0.1986928104575163
IMG_0018,5,MO-BDA-EHHO-VC,0.4053196080183543,0.0022800772494027,0.0581436936577123,0.2601307189542483
IMG_0019,1,BDA-EHHO-VC-Calibrated,0.4751389542373599,0.0020588593274646,0.0576680202848427,0.2457516339869281
IMG_0019,1,EHHO-VC,0.4716166430734875,0.0020016240492187,0.0576162071489174,0.4705882352941176
IMG_0019,1,BEHHO-VC-Calibrated,0.4690375172398262,0.0020550215438707,0.057714796032553,0.3346405228758169
IMG_0019,1,HHO-VC,0.4720387508073049,0.0019490244816465,0.0576694595386184,0.5254901960784314
IMG_0019,1,MO-BDA-EHHO-VC,0.472794773883284,0.0019261680585711,0.0576536277470856,0.115032679738562
IMG_0019,2,BEHHO-VC-Calibrated,0.4750727908946711,0.0018365860063525,0.0581940675398619,0.4875816993464052
IMG_0019,2,BDA-EHHO-VC-Calibrated,0.4721363914766883,0.0017912726615555,0.0581760768676656,0.4797385620915032
IMG_0019,2,HHO-VC,0.4695176353670031,0.0016965881666066,0.0581379366426095,0.6784313725490196
IMG_0019,2,EHHO-VC,0.4695176353670031,0.0016965881666066,0.0581379366426095,0.6784313725490196
IMG_0019,2,MO-BDA-EHHO-VC,0.4807033463877884,0.0019015076531364,0.0581199459704132,0.0640522875816993
IMG_0019,3,BEHHO-VC-Calibrated,0.4906300659351786,0.0023895841892169,0.0582602732135442,0.134640522875817
IMG_0019,3,BDA-EHHO-VC-Calibrated,0.4885768011001656,0.002316447949235,0.0583437499325349,0.4679738562091503
IMG_0019,3,EHHO-VC,0.4954011244720425,0.0025831487681871,0.0582523573177778,0.0745098039215686
IMG_0019,3,HHO-VC,0.4961515513906938,0.0026594405635425,0.0583459088131985,0.0797385620915032
IMG_0019,3,MO-BDA-EHHO-VC,0.4698544969463056,0.0024202904799042,0.05816456283746,0.1555555555555555
IMG_0019,4,HHO-VC,0.4726322990644046,0.0010682094519951,0.0581760768676656,0.5660130718954248
IMG_0019,4,BDA-EHHO-VC-Calibrated,0.4858286645422434,0.001198409023102,0.0582451610488993,0.3019607843137254
IMG_0019,4,BEHHO-VC-Calibrated,0.4937305318173927,0.0007083745856472,0.0582588339597685,0.542483660130719
IMG_0019,4,EHHO-VC,0.4733668010633376,0.0008599450200391,0.0581847123903198,0.4993464052287582
IMG_0019,4,MO-BDA-EHHO-VC,0.4840198781265301,0.0009916345622941,0.0581105908208711,0.2666666666666666
IMG_0019,5,HHO-VC,0.4775203773994318,0.0027624313439238,0.0582300488842544,0.3856209150326797
IMG_0019,5,BDA-EHHO-VC-Calibrated,0.4888960953172058,0.0023992413881034,0.0582329273918058,0.2980392156862745
IMG_0019,5,EHHO-VC,0.478270618061712,0.0027053937191203,0.0581760768676656,0.3934640522875817
IMG_0019,5,BEHHO-VC-Calibrated,0.4925442903892601,0.0026798313222896,0.058246600302675,0.2522875816993464
IMG_0019,5,MO-BDA-EHHO-VC,0.4683930701962587,0.0024569118791407,0.0581480114190394,0.3986928104575163
IMG_0020,1,HHO-VC,0.516606942324585,0.0012672962509139,0.0581343385081702,0.5320261437908497
IMG_0020,1,BDA-EHHO-VC-Calibrated,0.5139983117885218,0.0010607779204844,0.0582005441818525,0.6470588235294118
IMG_0020,1,EHHO-VC,0.516565356356666,0.0012736248776862,0.0581372170157216,0.530718954248366
IMG_0020,1,BEHHO-VC-Calibrated,0.5124278573318662,0.0011133594855077,0.0581465721652637,0.4169934640522875
IMG_0020,1,MO-BDA-EHHO-VC,0.5100382727542663,0.0010370918222931,0.0582005441818525,0.0993464052287581
IMG_0020,2,HHO-VC,0.5295796562318784,0.0016218927571139,0.0584833575487781,0.1895424836601307
IMG_0020,2,BDA-EHHO-VC-Calibrated,0.5361523472465706,0.0019815408334787,0.0585495632224604,0.4431372549019607
IMG_0020,2,EHHO-VC,0.529364115279669,0.0018138839959415,0.0585409276998062,0.4261437908496732
IMG_0020,2,BEHHO-VC-Calibrated,0.5430722540015516,0.0017802791974367,0.0586913297193671,0.2797385620915033
IMG_0020,2,MO-BDA-EHHO-VC,0.5242425222526333,0.0016924535073815,0.0583710957542733,0.0810457516339869
IMG_0020,3,BEHHO-VC-Calibrated,0.551486521019447,0.0012903328197201,0.0580796468646936,0.4444444444444444
IMG_0020,3,EHHO-VC,0.5518744422429921,0.0014201733339775,0.0582113385851703,0.3764705882352941
IMG_0020,3,BDA-EHHO-VC-Calibrated,0.5582136100994771,0.0014193755896311,0.0581206655973011,0.5045751633986928
IMG_0020,3,HHO-VC,0.552262160277769,0.0015073997373402,0.0582120582120582,0.3816993464052287
IMG_0020,3,MO-BDA-EHHO-VC,0.5158341392428211,0.0009864568778581,0.0581134693284225,0.0888888888888888
IMG_0020,4,BEHHO-VC-Calibrated,0.5560582344421774,0.0019305127508268,0.0580415066396374,0.2771241830065359
IMG_0020,4,BDA-EHHO-VC-Calibrated,0.5155642537612808,0.0025364570283461,0.0582041423162918,0.6483660130718955
IMG_0020,4,HHO-VC,0.5348070852086202,0.0021754180523419,0.0580940394024506,0.7895424836601308
IMG_0020,4,EHHO-VC,0.5348460635873457,0.002054263133558,0.0580738898495907,0.7790849673202614
IMG_0020,4,MO-BDA-EHHO-VC,0.5317854396361226,0.0012539126227942,0.0579594691744224,0.0457516339869281
IMG_0020,5,HHO-VC,0.5260723979692601,0.0022184191374901,0.0581321796275067,0.5437908496732026
IMG_0020,5,BEHHO-VC-Calibrated,0.5256889384324196,0.0020933081172632,0.0581868712709834,0.3764705882352941
IMG_0020,5,EHHO-VC,0.5259033195154098,0.0020055592458435,0.0581213852241889,0.5398692810457516
IMG_0020,5,BDA-EHHO-VC-Calibrated,0.5253498417766654,0.0019920961509196,0.0581005160444412,0.3450980392156862
IMG_0020,5,MO-BDA-EHHO-VC,0.5106766072023863,0.00180646995694,0.0580076841759084,0.0679738562091503
IMG_0021,1,HHO-VC,0.5511061688099276,0.0022519414439156,0.0580026467876935,0.3830065359477124
IMG_0021,1,BEHHO-VC-Calibrated,0.5602351015232473,0.0021087117659612,0.0580120019372355,0.2013071895424836
IMG_0021,1,EHHO-VC,0.550883871831171,0.0023580274338536,0.0580069645490206,0.3843137254901961
IMG_0021,1,BDA-EHHO-VC-Calibrated,0.5508801975009436,0.0023841769863367,0.0580882823873478,0.3424836601307189
IMG_0021,1,MO-BDA-EHHO-VC,0.5250164007740353,0.0016333862810237,0.05790333827717,0.0627450980392156
IMG_0021,2,BDA-EHHO-VC-Calibrated,0.5262952454833363,0.0032481839805797,0.0582156563464974,0.1281045751633986
IMG_0021,2,EHHO-VC,0.5814507604519353,0.0025562054825689,0.0583156844839087,0.0156862745098039
IMG_0021,2,HHO-VC,0.5253536179336824,0.0026683842970395,0.0583171237376844,0.3045751633986928
IMG_0021,2,BEHHO-VC-Calibrated,0.5541648370692557,0.0022160750211539,0.05816456283746,0.0457516339869281
IMG_0021,2,MO-BDA-EHHO-VC,0.5515756025943697,0.0023579423404249,0.0581019552982169,0.1542483660130719
IMG_0021,3,EHHO-VC,0.6052160405118828,0.0023888094509829,0.0585862641937408,0.0078431372549019
IMG_0021,3,BEHHO-VC-Calibrated,0.5394136626699229,0.0026347567188902,0.0582566750791049,0.837908496732026
IMG_0021,3,BDA-EHHO-VC-Calibrated,0.5493303836366713,0.0027492568785713,0.0585337314309276,0.4013071895424836
IMG_0021,3,HHO-VC,0.6052160405118828,0.0023888094509829,0.0585862641937408,0.0078431372549019
IMG_0021,3,MO-BDA-EHHO-VC,0.5241751823407333,0.0020723054926118,0.0582847405277311,0.0836601307189542
IMG_0021,4,BEHHO-VC-Calibrated,0.5327107953843178,0.0022878037366311,0.0588388532313765,0.4967320261437908
IMG_0021,4,EHHO-VC,0.5304594892297682,0.0024565957285599,0.0588071896483111,0.3686274509803922
IMG_0021,4,BDA-EHHO-VC-Calibrated,0.5359393463863708,0.001965775459747,0.0589280869654701,0.7111111111111111
IMG_0021,4,HHO-VC,0.5304309750726118,0.0024401451818181,0.0588179840516289,0.3673202614379085
IMG_0021,4,MO-BDA-EHHO-VC,0.5212949561509964,0.0020570522241358,0.0587409839746288,0.1202614379084967
IMG_0021,5,BDA-EHHO-VC-Calibrated,0.5292270562216341,0.0020768727138091,0.0584387406817313,0.6784313725490196
IMG_0021,5,EHHO-VC,0.5233740344257866,0.0021714776898399,0.0584632079959182,0.2718954248366013
IMG_0021,5,HHO-VC,0.5231982676749787,0.0023275814647056,0.0584567313539276,0.2575163398692811
IMG_0021,5,BEHHO-VC-Calibrated,0.5289791574580673,0.002454060854286,0.0584106752331051,0.3751633986928104
IMG_0021,5,MO-BDA-EHHO-VC,0.5306917509243717,0.0018663411715694,0.0583221611258994,0.1699346405228758
IMG_0022,1,HHO-VC,0.5113114825609302,0.0020813553080817,0.0582753853781891,0.649673202614379
IMG_0022,1,BDA-EHHO-VC-Calibrated,0.5134526604030425,0.0021341705392315,0.0582933760503854,0.4888888888888889
IMG_0022,1,EHHO-VC,0.5114762940506453,0.0021215143205817,0.0582739461244134,0.6549019607843137
IMG_0022,1,BEHHO-VC-Calibrated,0.5098939869158369,0.0018602698280609,0.0581854320172077,0.2888888888888889
IMG_0022,1,MO-BDA-EHHO-VC,0.4906132522970044,0.0019794311812546,0.0579860953692729,0.0797385620915032
IMG_0022,2,EHHO-VC,0.5190655215409175,0.0017969431700345,0.0579968897725907,0.8457516339869281
IMG_0022,2,BEHHO-VC-Calibrated,0.5151776145194206,0.0021223770224594,0.0579681046970766,0.5986928104575163
IMG_0022,2,HHO-VC,0.5173922704998819,0.0020076151824241,0.0579731420852916,0.734640522875817
IMG_0022,2,BDA-EHHO-VC-Calibrated,0.5189516934996568,0.0017327574428754,0.0579846561154972,0.8235294117647058
IMG_0022,2,MO-BDA-EHHO-VC,0.4826933604848641,0.0017042721095996,0.0579400392484504,0.0810457516339869
IMG_0022,3,HHO-VC,0.4978109942940867,0.0017159977779419,0.0584430584430584,0.6732026143790849
IMG_0022,3,EHHO-VC,0.4978109942940867,0.0017159977779419,0.0584430584430584,0.6732026143790849
IMG_0022,3,BDA-EHHO-VC-Calibrated,0.4932749405001989,0.0016684424958101,0.0584408995623948,0.6052287581699347
IMG_0022,3,BEHHO-VC-Calibrated,0.4971097644559685,0.0015792564386873,0.0584293855321892,0.7019607843137254
IMG_0022,3,MO-BDA-EHHO-VC,0.4842579817306288,0.0012779304523006,0.0583271985141144,0.0784313725490196
IMG_0022,4,BDA-EHHO-VC-Calibrated,0.5199046742217414,0.0018944078392751,0.0581156282090861,0.3816993464052287
IMG_0022,4,BEHHO-VC-Calibrated,0.5125629137189033,0.0017931974988189,0.0582588339597685,0.2588235294117647
IMG_0022,4,EHHO-VC,0.4910633238850639,0.0019427315810373,0.058237245153133,0.5450980392156862
IMG_0022,4,HHO-VC,0.4909604257062999,0.001939233987853,0.0581998245549647,0.5254901960784314
IMG_0022,4,MO-BDA-EHHO-VC,0.4831993089842156,0.0018263053683857,0.0581976656743011,0.1006535947712418
IMG_0022,5,BEHHO-VC-Calibrated,0.5383598698072284,0.00264589732181,0.0581055534326562,0.3803921568627451
IMG_0022,5,EHHO-VC,0.5425327914073077,0.002589480921576,0.0582552358253292,0.0078431372549019
IMG_0022,5,BDA-EHHO-VC-Calibrated,0.5379175024599682,0.0025707175748267,0.0581422544039366,0.3450980392156862
IMG_0022,5,HHO-VC,0.5425327914073077,0.002589480921576,0.0582552358253292,0.0078431372549019
IMG_0022,5,MO-BDA-EHHO-VC,0.4814519702385261,0.0022889653852872,0.0580479832816281,0.1019607843137254
IMG_0023,1,HHO-VC,0.4456173010116676,0.0022637972205159,0.0580551795505066,0.7450980392156863
IMG_0023,1,BDA-EHHO-VC-Calibrated,0.446212711832477,0.0018925150340176,0.0581026749251048,0.5751633986928104
IMG_0023,1,EHHO-VC,0.4454329749339936,0.0022982870000717,0.0580710113420393,0.7372549019607844
IMG_0023,1,BEHHO-VC-Calibrated,0.4474628137972574,0.0020524155614724,0.0580702917151515,0.5738562091503269
IMG_0023,1,MO-BDA-EHHO-VC,0.4409974318508419,0.0019439705732128,0.0579875346230486,0.192156862745098
IMG_0023,2,EHHO-VC,0.4507345424125814,0.0023103578598636,0.0583099274688059,0.0352941176470588
IMG_0023,2,HHO-VC,0.4507345424125814,0.0023103578598636,0.0583099274688059,0.0352941176470588
IMG_0023,2,BEHHO-VC-Calibrated,0.4406238100368682,0.0025683448282391,0.0582962545579368,0.2156862745098039
IMG_0023,2,BDA-EHHO-VC-Calibrated,0.4428632381146691,0.0027941086533592,0.0584696846379089,0.1751633986928104
IMG_0023,2,MO-BDA-EHHO-VC,0.4428310919582788,0.002309847527712,0.0583415910518714,0.057516339869281
IMG_0023,3,EHHO-VC,0.4418981761270673,0.0022698767123501,0.0581652824643478,0.2457516339869281
IMG_0023,3,BDA-EHHO-VC-Calibrated,0.4451688210689601,0.0018998390457955,0.0582811423932919,0.4627450980392157
IMG_0023,3,BEHHO-VC-Calibrated,0.4616562180951147,0.0015130034894487,0.0581444132846002,0.0967320261437908
IMG_0023,3,HHO-VC,0.4414442862834028,0.002003322359345,0.0582091797045068,0.3071895424836601
IMG_0023,3,MO-BDA-EHHO-VC,0.4611082518517114,0.001559645542639,0.0580227963405533,0.0692810457516339
IMG_0023,4,EHHO-VC,0.4405234263191124,0.0014269602629066,0.0584711238916846,0.1790849673202614
IMG_0023,4,HHO-VC,0.4420673815738978,0.0013319378140074,0.0584092359793294,0.1869281045751634
IMG_0023,4,BDA-EHHO-VC-Calibrated,0.4607082916936424,0.0016438355475857,0.0586042548659371,0.1294117647058823
IMG_0023,4,BEHHO-VC-Calibrated,0.4439546919823736,0.0016373398475888,0.0585143015049557,0.392156862745098
IMG_0023,4,MO-BDA-EHHO-VC,0.4385552129160446,0.001042526233372,0.0584711238916846,0.118954248366013
IMG_0023,5,BEHHO-VC-Calibrated,0.4519049351167839,0.0017555690846674,0.0581422544039366,0.3607843137254902
IMG_0023,5,HHO-VC,0.448414998696666,0.0019590713428712,0.0579501140248803,0.3032679738562091
IMG_0023,5,EHHO-VC,0.4483202873320261,0.0019116944606051,0.0579637869357495,0.2993464052287581
IMG_0023,5,BDA-EHHO-VC-Calibrated,0.4462568037952056,0.0017738490476724,0.0581271422392917,0.3333333333333333
IMG_0023,5,MO-BDA-EHHO-VC,0.4417112932573916,0.0013069873043724,0.0579990486532542,0.1816993464052287
IMG_0024,1,BDA-EHHO-VC-Calibrated,0.4553999135732258,0.002042108713797,0.0582149367196096,0.8640522875816994
IMG_0024,1,HHO-VC,0.4547910499627129,0.0020654081554965,0.0582063011969554,0.8209150326797386
IMG_0024,1,EHHO-VC,0.4555410705038274,0.002171299327908,0.0582602732135442,0.8954248366013072
IMG_0024,1,BEHHO-VC-Calibrated,0.4558630739044454,0.002183954641722,0.0582106189582825,0.8875816993464053
IMG_0024,1,MO-BDA-EHHO-VC,0.4557695732062169,0.0014204571453685,0.0582098993313946,0.1385620915032679
IMG_0024,2,BEHHO-VC-Calibrated,0.4563337268214975,0.0015523112408903,0.0580537402967309,0.996078431372549
IMG_0024,2,HHO-VC,0.456545026208168,0.0017082131113455,0.0580666935807122,0.9869281045751632
IMG_0024,2,BDA-EHHO-VC-Calibrated,0.46296538491,0.0015280849974805,0.0580407870127496,0.592156862745098
IMG_0024,2,EHHO-VC,0.4565162495988526,0.0016951477517136,0.0580702917151515,0.9895424836601308
IMG_0024,2,MO-BDA-EHHO-VC,0.464355187619209,0.0014105114071066,0.0579940112650393,0.2562091503267973
IMG_0024,3,EHHO-VC,0.4994319694799381,0.001940735449244,0.0580890020142356,0.0130718954248366
IMG_0024,3,BEHHO-VC-Calibrated,0.4619676095306963,0.0015012620705483,0.0580940394024506,0.4366013071895425
IMG_0024,3,BDA-EHHO-VC-Calibrated,0.4626798708256954,0.0014284673423515,0.0578997401427308,0.5555555555555555
IMG_0024,3,HHO-VC,0.5043042160234327,0.0019137250987737,0.058130740373731,0.0104575163398692
IMG_0024,3,MO-BDA-EHHO-VC,0.4649230578957104,0.0010433028004976,0.0581321796275067,0.273202614379085
IMG_0024,4,HHO-VC,0.474316559317799,0.0024232955994464,0.0583689368736097,0.2156862745098039
IMG_0024,4,EHHO-VC,0.4995291783731888,0.0022539383582167,0.0584214696364229,0.0117647058823529
IMG_0024,4,BEHHO-VC-Calibrated,0.4885086428886621,0.002244383227451,0.0582487591833386,0.0274509803921568
IMG_0024,4,BDA-EHHO-VC-Calibrated,0.4810279943964688,0.0021075801078862,0.0583394321712078,0.2287581699346405
IMG_0024,4,MO-BDA-EHHO-VC,0.4569143471932119,0.0013358404982962,0.0582206937347124,0.134640522875817
IMG_0024,5,BDA-EHHO-VC-Calibrated,0.4673297441946452,0.0033380859772635,0.0581480114190394,0.2392156862745098
IMG_0024,5,EHHO-VC,0.4726934112405552,0.00338672572825,0.0581350581350581,0.1895424836601307
IMG_0024,5,BEHHO-VC-Calibrated,0.4653655607021494,0.0036393402712217,0.0580069645490206,0.1895424836601307
IMG_0024,5,HHO-VC,0.4726934112405552,0.00338672572825,0.0581350581350581,0.1895424836601307
IMG_0024,5,MO-BDA-EHHO-VC,0.4599409793567324,0.0029149605859219,0.0581580861954693,0.0928104575163398
IMG_0025,1,BDA-EHHO-VC-Calibrated,0.5222534705133418,0.0006671592569894,0.0579486747711046,0.1803921568627451
IMG_0025,1,HHO-VC,0.537503490271333,0.0006306911974364,0.0579350018602355,0.1450980392156863
IMG_0025,1,EHHO-VC,0.5353105246918913,0.0011357510088316,0.0579846561154972,0.1045751633986928
IMG_0025,1,BEHHO-VC-Calibrated,0.5407157607733231,0.0007779821970434,0.0578069082741979,0.1751633986928104
IMG_0025,1,MO-BDA-EHHO-VC,0.515582139817822,0.0008005418576611,0.0579875346230486,0.0849673202614379
IMG_0025,2,HHO-VC,0.5857490547345995,0.0018895950256419,0.0578119456624129,0.0078431372549019
IMG_0025,2,BDA-EHHO-VC-Calibrated,0.5907198647631335,0.0015705855442644,0.0578565625294597,0.1777777777777777
IMG_0025,2,BEHHO-VC-Calibrated,0.5978399547859173,0.0016010174006604,0.0578572821563475,0.2745098039215686
IMG_0025,2,EHHO-VC,0.5857490547345995,0.0018895950256419,0.0578119456624129,0.0078431372549019
IMG_0025,2,MO-BDA-EHHO-VC,0.537162878166015,0.0013585305107174,0.0581091515670954,0.1568627450980392
IMG_0025,3,HHO-VC,0.551938299758369,0.0011127210855465,0.0582739461244134,0.4196078431372549
IMG_0025,3,BDA-EHHO-VC-Calibrated,0.550200409290407,0.0012269275266502,0.0583005723192639,0.4444444444444444
IMG_0025,3,BEHHO-VC-Calibrated,0.5620325230466549,0.0013310440456004,0.0582789835126283,0.4509803921568627
IMG_0025,3,EHHO-VC,0.5532366590556287,0.001279888151469,0.058285460154619,0.4352941176470588
IMG_0025,3,MO-BDA-EHHO-VC,0.5174718207619284,0.0006104700852263,0.0580451047740767,0.0522875816993464
IMG_0025,4,BDA-EHHO-VC-Calibrated,0.5514665462354885,0.0022922502647943,0.0581544880610301,0.5660130718954248
IMG_0025,4,HHO-VC,0.5486872709988191,0.0024525692520182,0.0581221048510768,0.4183006535947712
IMG_0025,4,BEHHO-VC-Calibrated,0.5488285210576063,0.0022589277827895,0.0581559273148058,0.5137254901960784
IMG_0025,4,EHHO-VC,0.5486872709988191,0.0024525692520182,0.0581221048510768,0.4183006535947712
IMG_0025,4,MO-BDA-EHHO-VC,0.5265896119577845,0.0020093150889116,0.0581415347770488,0.2078431372549019
IMG_0025,5,HHO-VC,0.5528876484812196,0.0020134676559088,0.0580695720882636,0.465359477124183
IMG_0025,5,EHHO-VC,0.5528876484812196,0.0020134676559088,0.0580695720882636,0.465359477124183
IMG_0025,5,BDA-EHHO-VC-Calibrated,0.5551968972995394,0.0019449544514499,0.0581048338057683,0.5163398692810457
IMG_0025,5,BEHHO-VC-Calibrated,0.5601029917053588,0.0018485693795343,0.0579673850701888,0.6013071895424837
IMG_0025,5,MO-BDA-EHHO-VC,0.5315061875175706,0.0014407231888307,0.0581372170157216,0.1450980392156863
IMG_0026,1,EHHO-VC,0.4428547879519648,0.0014276706902516,0.0585697127753202,0.3738562091503268
IMG_0026,1,HHO-VC,0.4428547879519648,0.0014276706902516,0.0585697127753202,0.3738562091503268
IMG_0026,1,BEHHO-VC-Calibrated,0.4361369524270924,0.0013281606895822,0.05833871254432,0.396078431372549
IMG_0026,1,BDA-EHHO-VC-Calibrated,0.435093578101695,0.0014426669147079,0.0582473199295629,0.4392156862745098
IMG_0026,1,MO-BDA-EHHO-VC,0.4266757552803538,0.0013002760886299,0.0583703761273854,0.0797385620915032
IMG_0026,2,EHHO-VC,0.4744828214491571,0.0013275727078085,0.0583718153811611,0.3477124183006536
IMG_0026,2,BDA-EHHO-VC-Calibrated,0.4720972329173344,0.0010688056186679,0.0582732264975255,0.3215686274509804
IMG_0026,2,BEHHO-VC-Calibrated,0.4496471260252265,0.0015831645286561,0.0582962545579368,0.0183006535947712
IMG_0026,2,HHO-VC,0.4736736221792652,0.0011713388968526,0.0584135537406565,0.318954248366013
IMG_0026,2,MO-BDA-EHHO-VC,0.4317386521519368,0.0013008059975672,0.0580213570867776,0.0588235294117647
IMG_0026,3,BEHHO-VC-Calibrated,0.458001748673417,0.0019625059554617,0.0580299926094318,0.2156862745098039
IMG_0026,3,HHO-VC,0.443517369593106,0.0028863582277836,0.058381890157591,0.0183006535947712
IMG_0026,3,EHHO-VC,0.4332073344342529,0.0025162584547686,0.058556039864451,0.049673202614379
IMG_0026,3,BDA-EHHO-VC-Calibrated,0.4460321015196027,0.0018753620862562,0.0582055815700675,0.1790849673202614
IMG_0026,3,MO-BDA-EHHO-VC,0.4250788185542252,0.0024281313422682,0.0582595535866563,0.1450980392156863
IMG_0026,4,HHO-VC,0.4491170911906287,0.0015136638367318,0.0581803946289927,0.0196078431372549
IMG_0026,4,BDA-EHHO-VC-Calibrated,0.4385234129773792,0.0020769090297934,0.0581235441048525,0.0758169934640522
IMG_0026,4,BEHHO-VC-Calibrated,0.4499540426597956,0.0013094027946094,0.0581796750021049,0.0993464052287581
IMG_0026,4,EHHO-VC,0.4493772320774875,0.0014429997741072,0.058159525449245,0.0431372549019607
IMG_0026,4,MO-BDA-EHHO-VC,0.4310864416041792,0.0018512028531727,0.0580235159674412,0.0457516339869281
IMG_0026,5,BDA-EHHO-VC-Calibrated,0.4476789380207548,0.001517640350903,0.0582969741848246,0.3464052287581699
IMG_0026,5,HHO-VC,0.4623701717334288,0.0010532426900387,0.058212777838946,0.0078431372549019
IMG_0026,5,EHHO-VC,0.4623701717334288,0.0010532426900387,0.058212777838946,0.0078431372549019
IMG_0026,5,BEHHO-VC-Calibrated,0.4592546614161593,0.0011113635735805,0.0582552358253292,0.2745098039215686
IMG_0026,5,MO-BDA-EHHO-VC,0.4327264120182013,0.0010996071442908,0.0579522729055439,0.0640522875816993
IMG_0027,1,EHHO-VC,0.4611076066277696,0.0019361165546834,0.0585877034475165,0.8470588235294118
IMG_0027,1,BEHHO-VC-Calibrated,0.4596709350426648,0.0018707374916338,0.0585121426242921,0.7803921568627451
IMG_0027,1,HHO-VC,0.4604940188783929,0.0020955722375313,0.0585841053130772,0.807843137254902
IMG_0027,1,BDA-EHHO-VC-Calibrated,0.4567441786249793,0.0022114900540835,0.0585229370276099,0.5973856209150327
IMG_0027,1,MO-BDA-EHHO-VC,0.4393370053079654,0.0021141412512314,0.0583574228434041,0.126797385620915
IMG_0027,2,HHO-VC,0.4577833875806258,0.0024103103719573,0.0578853476049737,0.0274509803921568
IMG_0027,2,BEHHO-VC-Calibrated,0.4581607683868137,0.0025557026851187,0.0578184223044036,0.2901960784313726
IMG_0027,2,EHHO-VC,0.4549425546133498,0.0024908545983363,0.0578126652893008,0.0993464052287581
IMG_0027,2,BDA-EHHO-VC-Calibrated,0.4524700351534746,0.002410138469409,0.0579090952922728,0.0732026143790849
IMG_0027,2,MO-BDA-EHHO-VC,0.4497638824748096,0.0022896585147614,0.0577932353633288,0.0509803921568627
IMG_0027,3,BEHHO-VC-Calibrated,0.465189609720218,0.0021984834952886,0.057840730737927,0.1934640522875817
IMG_0027,3,HHO-VC,0.4556606321868424,0.0019063848298586,0.0577752446911325,0.2496732026143791
IMG_0027,3,BDA-EHHO-VC-Calibrated,0.4559538335795491,0.001999921723138,0.0577881979751138,0.2588235294117647
IMG_0027,3,EHHO-VC,0.454072864353885,0.0021674355939809,0.0577622914071512,0.1424836601307189
IMG_0027,3,MO-BDA-EHHO-VC,0.4403132511440243,0.0018999142934524,0.0575010668468612,0.126797385620915
IMG_0027,4,EHHO-VC,0.4584424642155134,0.0019519178926537,0.0579162915611513,0.7568627450980392
IMG_0027,4,BDA-EHHO-VC-Calibrated,0.4631502971806305,0.0019820773978931,0.057985375742385,0.1620915032679738
IMG_0027,4,HHO-VC,0.456029377470376,0.0021059810437348,0.0579609084281981,0.5725490196078431
IMG_0027,4,BEHHO-VC-Calibrated,0.4600093459363258,0.001965759397163,0.0580134411910112,0.192156862745098
IMG_0027,4,MO-BDA-EHHO-VC,0.4410663025842665,0.0020993652010485,0.0578759924554317,0.1973856209150327
IMG_0027,5,HHO-VC,0.4641637604260894,0.0018054624135237,0.0580443851471888,0.3450980392156862
IMG_0027,5,BDA-EHHO-VC-Calibrated,0.4602205183300161,0.0018680347998732,0.0579508336517682,0.3673202614379085
IMG_0027,5,BEHHO-VC-Calibrated,0.4677553504937652,0.0017453188399997,0.0579745813390673,0.0183006535947712
IMG_0027,5,EHHO-VC,0.4641637604260894,0.0018054624135237,0.0580443851471888,0.3450980392156862
IMG_0027,5,MO-BDA-EHHO-VC,0.4388459149872984,0.0016109972598173,0.057796833497768,0.1490196078431372
IMG_0028,1,BEHHO-VC-Calibrated,0.4097155964900578,0.0031042222187895,0.0581919086591983,0.1607843137254902
IMG_0028,1,BDA-EHHO-VC-Calibrated,0.4111148305445969,0.00324653188527,0.0583221611258994,0.2392156862745098
IMG_0028,1,HHO-VC,0.4102419654606268,0.003050229876606,0.0584466565774977,0.1673202614379084
IMG_0028,1,EHHO-VC,0.41065941678517,0.0031132051962972,0.0584214696364229,0.1647058823529411
IMG_0028,1,MO-BDA-EHHO-VC,0.3990627310818323,0.002535772621422,0.0581141889553104,0.0705882352941176
IMG_0028,2,EHHO-VC,0.4193289481594842,0.0016372278526383,0.0585157407587314,0.0130718954248366
IMG_0028,2,HHO-VC,0.4193289481594842,0.0016372278526383,0.0585157407587314,0.0130718954248366
IMG_0028,2,BDA-EHHO-VC-Calibrated,0.4163111716397835,0.0011014710086865,0.05851286225118,0.0888888888888888
IMG_0028,2,BEHHO-VC-Calibrated,0.4166823636547359,0.0011381195150366,0.0585344510578155,0.0483660130718954
IMG_0028,2,MO-BDA-EHHO-VC,0.396908481428957,0.0014125070043862,0.0582696283630863,0.2771241830065359
IMG_0028,3,BEHHO-VC-Calibrated,0.4207515997195739,0.0020618880361747,0.0582156563464974,0.9686274509803922
IMG_0028,3,EHHO-VC,0.421161126682152,0.0020904749873796,0.0582624320942078,0.9790849673202614
IMG_0028,3,HHO-VC,0.4211514836818548,0.0020920395407415,0.0582581143328806,0.9816993464052288
IMG_0028,3,BDA-EHHO-VC-Calibrated,0.4181040754667721,0.0018890836987293,0.0581832731365441,0.7555555555555555
IMG_0028,3,MO-BDA-EHHO-VC,0.398562979839915,0.0020282223901287,0.0581487310459273,0.2836601307189542
IMG_0028,4,BEHHO-VC-Calibrated,0.4331472236600027,0.0020175765204667,0.0582667498555349,0.2431372549019607
IMG_0028,4,HHO-VC,0.4244170658369367,0.0017835387256362,0.0579889738768243,0.0078431372549019
IMG_0028,4,BDA-EHHO-VC-Calibrated,0.422373333941638,0.0019303856257982,0.0583128059763573,0.2875816993464052
IMG_0028,4,EHHO-VC,0.4176242959875423,0.0016359923492468,0.0581357777619459,0.0117647058823529
IMG_0028,4,MO-BDA-EHHO-VC,0.3974484725132031,0.0012985487130679,0.0582926564234975,0.049673202614379
IMG_0028,5,HHO-VC,0.3980850205934016,0.0017370551111167,0.0583243200065629,0.403921568627451
IMG_0028,5,EHHO-VC,0.3980850205934016,0.0017370551111167,0.0583243200065629,0.403921568627451
IMG_0028,5,BEHHO-VC-Calibrated,0.4023807952025352,0.0018924357579114,0.0581825535096563,0.1437908496732026
IMG_0028,5,BDA-EHHO-VC-Calibrated,0.393696312521351,0.0017457638879965,0.0583638994853948,0.4366013071895425
IMG_0028,5,MO-BDA-EHHO-VC,0.3938018267555074,0.0013855061139399,0.0582106189582825,0.2418300653594771
IMG_0029,1,EHHO-VC,0.7482814117263125,0.0014854771636864,0.0581019552982169,0.396078431372549
IMG_0029,1,HHO-VC,0.7546019200809054,0.0015850601166973,0.0580235159674412,0.4797385620915032
IMG_0029,1,BDA-EHHO-VC-Calibrated,0.7542983645272126,0.0015406012858397,0.0581436936577123,0.5228758169934641
IMG_0029,1,BEHHO-VC-Calibrated,0.7539311262270441,0.001408664502387,0.0581523291803665,0.5058823529411764
IMG_0029,1,MO-BDA-EHHO-VC,0.7064983676343074,0.0012748952426008,0.0579018990233943,0.0758169934640522
IMG_0029,2,BEHHO-VC-Calibrated,0.7709809243653524,0.0022256273557758,0.058227170376703,0.6300653594771242
IMG_0029,2,BDA-EHHO-VC-Calibrated,0.7525901819504208,0.0024150136911261,0.0582300488842544,0.4379084967320261
IMG_0029,2,HHO-VC,0.7748610340178644,0.002308699355151,0.0582473199295629,0.7307189542483661
IMG_0029,2,EHHO-VC,0.7705134970699977,0.0023712893318433,0.0582286096304787,0.6679738562091504
IMG_0029,2,MO-BDA-EHHO-VC,0.717998945050223,0.0016620601344511,0.0581012356713291,0.2235294117647059
IMG_0029,3,HHO-VC,0.772670659095219,0.0020511932480357,0.0582789835126283,0.6627450980392157
IMG_0029,3,BDA-EHHO-VC-Calibrated,0.7796942513854414,0.0021486743559561,0.0582645909748713,0.796078431372549
IMG_0029,3,EHHO-VC,0.7733630502219146,0.0020841475509064,0.0582617124673199,0.6640522875816994
IMG_0029,3,BEHHO-VC-Calibrated,0.7783113655605544,0.0020549785549357,0.0582394040337965,0.7594771241830065
IMG_0029,3,MO-BDA-EHHO-VC,0.7162564405039801,0.0027405202913776,0.0580818057453571,0.1045751633986928
IMG_0029,4,BDA-EHHO-VC-Calibrated,0.7551602828162886,0.0013852703127133,0.0584891145638809,0.6091503267973857
IMG_0029,4,HHO-VC,0.7848252418930123,0.0014070368367637,0.0583200022452358,0.6052287581699347
IMG_0029,4,BEHHO-VC-Calibrated,0.7575421631530892,0.0012896306509221,0.0585581987451146,0.6078431372549019
IMG_0029,4,EHHO-VC,0.7750799529833474,0.0015318129271957,0.0583070489612545,0.5777777777777778
IMG_0029,4,MO-BDA-EHHO-VC,0.705251237305264,0.000893054818369,0.0583962826953481,0.0588235294117647
IMG_0029,5,BDA-EHHO-VC-Calibrated,0.7595455705440722,0.0018239012605729,0.0582602732135442,0.5764705882352941
IMG_0029,5,BEHHO-VC-Calibrated,0.7301257079191519,0.0023411303571022,0.0582811423932919,0.1333333333333333
IMG_0029,5,HHO-VC,0.7288915901374805,0.0017346978844516,0.0582199741078245,0.3215686274509804
IMG_0029,5,EHHO-VC,0.7288915901374805,0.0017346978844516,0.0582199741078245,0.3215686274509804
IMG_0029,5,MO-BDA-EHHO-VC,0.7260936384665216,0.0018714280757902,0.0579817776079458,0.1725490196078431
IMG_0030,1,BDA-EHHO-VC-Calibrated,0.4969010047628983,0.0020083440861307,0.0587121988991147,0.3398692810457516
IMG_0030,1,EHHO-VC,0.4920445222813471,0.0018434107645299,0.0586589465094138,0.6418300653594771
IMG_0030,1,HHO-VC,0.4920445222813471,0.0018434107645299,0.0586589465094138,0.6418300653594771
IMG_0030,1,BEHHO-VC-Calibrated,0.4792901262394304,0.0021192812332202,0.0587668905425914,0.3581699346405229
IMG_0030,1,MO-BDA-EHHO-VC,0.4861559932482331,0.0017404977288585,0.0587575353930494,0.1019607843137254
IMG_0030,2,EHHO-VC,0.4980595278565506,0.0021446970358513,0.0581350581350581,0.0941176470588235
IMG_0030,2,HHO-VC,0.504596186729658,0.0019145264033471,0.0580163196985626,0.1398692810457516
IMG_0030,2,BEHHO-VC-Calibrated,0.4982310022446274,0.0020674105994997,0.0581336188812824,0.1424836601307189
IMG_0030,2,BDA-EHHO-VC-Calibrated,0.5023381753457533,0.0021150289909433,0.0580105626834598,0.1333333333333333
IMG_0030,2,MO-BDA-EHHO-VC,0.5057991150353901,0.001896415599594,0.0579328429795719,0.0366013071895424
IMG_0030,3,BEHHO-VC-Calibrated,0.5056028939485698,0.0012951669811733,0.0581134693284225,0.1660130718954248
IMG_0030,3,HHO-VC,0.4931190522178891,0.0015402058958352,0.0582293292573666,0.5895424836601307
IMG_0030,3,BDA-EHHO-VC-Calibrated,0.4941057707417159,0.0019545131951484,0.0582041423162918,0.45359477124183
IMG_0030,3,EHHO-VC,0.4893693050926609,0.0019400699742993,0.0583379929174321,0.1516339869281045
IMG_0030,3,MO-BDA-EHHO-VC,0.4825114471078101,0.0012229300315524,0.0582645909748713,0.326797385620915
IMG_0030,4,EHHO-VC,0.5414844472572808,0.0027893269266154,0.0584524135926005,0.0078431372549019
IMG_0030,4,HHO-VC,0.5414844472572808,0.0027893269266154,0.0584524135926005,0.0078431372549019
IMG_0030,4,BEHHO-VC-Calibrated,0.4900611967136344,0.0020327903836715,0.0589360028612365,0.976470588235294
IMG_0030,4,BDA-EHHO-VC-Calibrated,0.4899677298802006,0.0019905524574113,0.0589280869654701,0.9581699346405228
IMG_0030,4,MO-BDA-EHHO-VC,0.4847861369031156,0.0019149235297523,0.0586690212858437,0.0836601307189542
IMG_0030,5,EHHO-VC,0.5102606832132859,0.0015117257379693,0.0586265632994605,0.0235294117647058
IMG_0030,5,BEHHO-VC-Calibrated,0.5064988632887393,0.0016649946849964,0.0586488717329838,0.2091503267973856
IMG_0030,5,BDA-EHHO-VC-Calibrated,0.483443296197988,0.001686497675329,0.0584696846379089,0.3607843137254902
IMG_0030,5,HHO-VC,0.5192690233925992,0.0014258447823675,0.058667582032068,0.0196078431372549
IMG_0030,5,MO-BDA-EHHO-VC,0.4875312002309167,0.0013582260199881,0.0584776005336752,0.1385620915032679
IMG_0031,1,EHHO-VC,0.3589562075439901,0.001655548649509,0.0581343385081702,0.4392156862745098
IMG_0031,1,BDA-EHHO-VC-Calibrated,0.3604120042719143,0.001766111258936,0.0582027030625161,0.326797385620915
IMG_0031,1,HHO-VC,0.3592238410166812,0.0018023297021175,0.0581357777619459,0.4300653594771242
IMG_0031,1,BEHHO-VC-Calibrated,0.3609383986410794,0.0017034622137128,0.0581739179870021,0.3111111111111111
IMG_0031,1,MO-BDA-EHHO-VC,0.356078902192798,0.0015787385743742,0.057835693349712,0.5006535947712418
IMG_0031,2,HHO-VC,0.3464124251266508,0.0021788128129278,0.05825163769089,1.0
IMG_0031,2,EHHO-VC,0.3464124251266508,0.0021788128129278,0.05825163769089,1.0
IMG_0031,2,BEHHO-VC-Calibrated,0.3473111121165967,0.0021543827636647,0.0582199741078245,0.9581699346405228
IMG_0031,2,BDA-EHHO-VC-Calibrated,0.3550739644094104,0.002175583992453,0.0582012638087404,0.6052287581699347
IMG_0031,2,MO-BDA-EHHO-VC,0.3590257742985486,0.0016992055252968,0.0579796187272822,0.4104575163398693
IMG_0031,3,BDA-EHHO-VC-Calibrated,0.3725279812037242,0.0007151337362401,0.0582991330654882,0.2666666666666666
IMG_0031,3,BEHHO-VC-Calibrated,0.386788937300854,0.0010882925773717,0.0583120863494695,0.0522875816993464
IMG_0031,3,HHO-VC,0.3834806347072298,0.0014164198744325,0.0581724787332263,0.0117647058823529
IMG_0031,3,EHHO-VC,0.3732370592080193,0.0009265701622662,0.0583286377678901,0.0235294117647058
IMG_0031,3,MO-BDA-EHHO-VC,0.3672093204700002,0.0008401828325933,0.0581429740308245,0.1516339869281045
IMG_0031,4,BEHHO-VC-Calibrated,0.3580924690221977,0.0010315849200274,0.0585617968795538,0.4784313725490196
IMG_0031,4,EHHO-VC,0.3592892000704956,0.0015193113241754,0.0583451891863106,0.6522875816993464
IMG_0031,4,BDA-EHHO-VC-Calibrated,0.3526753971950104,0.0013441780795987,0.0585711520290959,0.6522875816993464
IMG_0031,4,HHO-VC,0.3592892000704956,0.0015193113241754,0.0583451891863106,0.6522875816993464
IMG_0031,4,MO-BDA-EHHO-VC,0.3636304297003453,0.0009034521979556,0.0585042267285257,0.1620915032679738
IMG_0031,5,BDA-EHHO-VC-Calibrated,0.3601115050159451,0.0016666658459206,0.0580170393254505,0.4052287581699346
IMG_0031,5,EHHO-VC,0.3553981436230894,0.0016324959134048,0.0579904131306,0.6666666666666666
IMG_0031,5,HHO-VC,0.3551668894061288,0.0015236325718041,0.0580335907438711,0.6705882352941176
IMG_0031,5,BEHHO-VC-Calibrated,0.3628179709439613,0.0014755927237738,0.0579947308919271,0.2718954248366013
IMG_0031,5,MO-BDA-EHHO-VC,0.358694745930137,0.0014009576655127,0.0581364973888338,0.3071895424836601
IMG_0032,1,BEHHO-VC-Calibrated,0.4084128913104109,0.001404593803169,0.0583991612028995,0.0549019607843137
IMG_0032,1,BDA-EHHO-VC-Calibrated,0.3943996223218808,0.0022759718746194,0.0586344791952268,0.6326797385620916
IMG_0032,1,HHO-VC,0.4132816413138503,0.0020968140799295,0.0584265070246378,0.05359477124183
IMG_0032,1,EHHO-VC,0.4139981695729844,0.0020189746752157,0.0584135537406565,0.0339869281045751
IMG_0032,1,MO-BDA-EHHO-VC,0.3950957131773999,0.0013383670537569,0.0582624320942077,0.1254901960784313
IMG_0032,2,BDA-EHHO-VC-Calibrated,0.3817947986120543,0.0032325304678332,0.058401320083563,0.954248366013072
IMG_0032,2,HHO-VC,0.3808404209671874,0.0031493102780407,0.0584243481439743,0.9189542483660132
IMG_0032,2,EHHO-VC,0.3808404209671874,0.0031493102780407,0.0584243481439743,0.9189542483660132
IMG_0032,2,BEHHO-VC-Calibrated,0.3808404294333861,0.0031463510416126,0.05842578739775,0.9163398692810456
IMG_0032,2,MO-BDA-EHHO-VC,0.3905867173544954,0.0029575281229515,0.0583077685881424,0.3790849673202615
IMG_0032,3,HHO-VC,0.3952633947084679,0.0022130415080517,0.0579810579810579,0.1372549019607843
IMG_0032,3,EHHO-VC,0.3952633947084679,0.0022130415080517,0.0579810579810579,0.1372549019607843
IMG_0032,3,BEHHO-VC-Calibrated,0.3931430860461032,0.0023346943001398,0.0579537121593196,0.2483660130718954
IMG_0032,3,BDA-EHHO-VC-Calibrated,0.390016645866337,0.0023815294065719,0.0579321233526841,0.4156862745098039
IMG_0032,3,MO-BDA-EHHO-VC,0.3922508502995518,0.001970001968424,0.0578875064856373,0.2287581699346405
IMG_0032,4,HHO-VC,0.4175616518610406,0.0016772789236041,0.0584041985911144,0.065359477124183
IMG_0032,4,EHHO-VC,0.4175616518610406,0.0016772789236041,0.0584041985911144,0.065359477124183
IMG_0032,4,BEHHO-VC-Calibrated,0.4043441801498911,0.0018584425761676,0.058406357471778,0.1790849673202614
IMG_0032,4,BDA-EHHO-VC-Calibrated,0.4051451164098708,0.0015857122688119,0.0583754135156004,0.1738562091503268
IMG_0032,4,MO-BDA-EHHO-VC,0.3869311736219862,0.0011313355708944,0.0580904412680113,0.473202614379085
IMG_0032,5,BDA-EHHO-VC-Calibrated,0.395570844713554,0.0014436766924171,0.0585841053130772,0.3411764705882353
IMG_0032,5,EHHO-VC,0.3888431206686227,0.0019233934112346,0.0586100118810399,0.5071895424836602
IMG_0032,5,BEHHO-VC-Calibrated,0.3966921842626011,0.0014774096407777,0.0585733109097595,0.2222222222222222
IMG_0032,5,HHO-VC,0.3894890238983632,0.0016197019468322,0.0586035352390492,0.3647058823529411
IMG_0032,5,MO-BDA-EHHO-VC,0.3950739889115855,0.0013193831794668,0.0585596379988903,0.134640522875817
IMG_0033,1,HHO-VC,0.3920129246184286,0.0015059994749066,0.0580163196985626,0.0104575163398692
IMG_0033,1,BEHHO-VC-Calibrated,0.39367067404968,0.0020632948099858,0.05790333827717,0.0104575163398692
IMG_0033,1,BDA-EHHO-VC-Calibrated,0.3648376713849016,0.0013955169797175,0.0581120300746469,0.5045751633986928
IMG_0033,1,EHHO-VC,0.3920129246184286,0.0015059994749066,0.0580163196985626,0.0104575163398692
IMG_0033,1,MO-BDA-EHHO-VC,0.3652144426247845,0.0012481260762874,0.0578824690974223,0.265359477124183
IMG_0033,2,EHHO-VC,0.3739228677158373,0.002007504380364,0.058038628132086,0.2745098039215686
IMG_0033,2,BEHHO-VC-Calibrated,0.3778338451287389,0.0018084144966138,0.0583077685881424,0.3411764705882353
IMG_0033,2,HHO-VC,0.3739052410901843,0.0019861326198384,0.0580443851471888,0.2810457516339869
IMG_0033,2,BDA-EHHO-VC-Calibrated,0.3580509294689677,0.0015384995056994,0.058063095446273,0.7045751633986927
IMG_0033,2,MO-BDA-EHHO-VC,0.3689772276959807,0.0014938063472279,0.0580299926094318,0.1137254901960784
IMG_0033,3,EHHO-VC,0.3600105835451694,0.0022923584496601,0.0583883667995817,0.5947712418300654
IMG_0033,3,HHO-VC,0.3597925365981505,0.0022608435279115,0.0583833294113667,0.6026143790849673
IMG_0033,3,BDA-EHHO-VC-Calibrated,0.3593063820713143,0.002397064118944,0.0583703761273854,0.6379084967320261
IMG_0033,3,BEHHO-VC-Calibrated,0.3587387911793694,0.0026151328284146,0.0584106752331051,0.6666666666666666
IMG_0033,3,MO-BDA-EHHO-VC,0.3708591028049036,0.0018141728227131,0.0581494506728151,0.1202614379084967
IMG_0033,4,HHO-VC,0.3546228132316157,0.0017081933045611,0.0581588058223572,0.8300653594771241
IMG_0033,4,BEHHO-VC-Calibrated,0.3554344592329264,0.0017666564438094,0.0581357777619459,0.8862745098039215
IMG_0033,4,EHHO-VC,0.3543378663826227,0.0016244332635594,0.0581293011199553,0.873202614379085
IMG_0033,4,BDA-EHHO-VC-Calibrated,0.3705069428045853,0.0018198813839556,0.0582235722422638,0.4784313725490196
IMG_0033,4,MO-BDA-EHHO-VC,0.3727006280109148,0.0017236207322056,0.0582206937347124,0.3424836601307189
IMG_0033,5,BDA-EHHO-VC-Calibrated,0.3817638545562745,0.0026186602546529,0.0581293011199553,0.0470588235294117
IMG_0033,5,HHO-VC,0.394129186437824,0.0025303194988859,0.0582473199295629,0.0117647058823529
IMG_0033,5,BEHHO-VC-Calibrated,0.3809574068009537,0.0025779917114189,0.058178955375217,0.1477124183006536
IMG_0033,5,EHHO-VC,0.394129186437824,0.0025303194988859,0.0582473199295629,0.0117647058823529
IMG_0033,5,MO-BDA-EHHO-VC,0.3643979962888218,0.0020208008995672,0.0582379647800208,0.2771241830065359
IMG_0034,1,EHHO-VC,0.4376521712455052,0.0027545702574686,0.0581660020912357,0.0339869281045751
IMG_0034,1,BDA-EHHO-VC-Calibrated,0.4305390235056395,0.0025733741060297,0.0581962264205254,0.3529411764705882
IMG_0034,1,BEHHO-VC-Calibrated,0.4319360817471178,0.0025524624543322,0.0582753853781891,0.196078431372549
IMG_0034,1,HHO-VC,0.4410005274250873,0.0029089105926675,0.0581897497785348,0.0235294117647058
IMG_0034,1,MO-BDA-EHHO-VC,0.4164369525591485,0.0022630226124619,0.0582430021682358,0.4078431372549019
IMG_0034,2,BEHHO-VC-Calibrated,0.4260937527602038,0.0013726069721304,0.0587963952449933,0.1555555555555555
IMG_0034,2,HHO-VC,0.425707651769375,0.0013844904978789,0.0587949559912176,0.1712418300653594
IMG_0034,2,BDA-EHHO-VC-Calibrated,0.4249729211830775,0.0011744233427265,0.0586654231514044,0.2549019607843137
IMG_0034,2,EHHO-VC,0.4257179466669706,0.0013728016422886,0.0587906382298905,0.1699346405228758
IMG_0034,2,MO-BDA-EHHO-VC,0.4129804660900177,0.001139714184992,0.058493432325208,0.4169934640522875
IMG_0034,3,EHHO-VC,0.409221033633499,0.0020974828365095,0.0584704042647967,0.8169934640522876
IMG_0034,3,BEHHO-VC-Calibrated,0.4251656457298428,0.0022073051793767,0.0583509462014134,0.4104575163398693
IMG_0034,3,BDA-EHHO-VC-Calibrated,0.4093060596668483,0.0021082518866517,0.0585085444898529,0.8392156862745098
IMG_0034,3,HHO-VC,0.409221033633499,0.0020974828365095,0.0584704042647967,0.8169934640522876
IMG_0034,3,MO-BDA-EHHO-VC,0.4138495975803697,0.0016681244227012,0.0582314881380301,0.3294117647058823
IMG_0034,4,EHHO-VC,0.4262066749182057,0.001287989646948,0.0581422544039366,0.5333333333333333
IMG_0034,4,HHO-VC,0.4262750648711476,0.0012805471565236,0.0581105908208711,0.5333333333333333
IMG_0034,4,BEHHO-VC-Calibrated,0.430747088804414,0.0014395677990911,0.0581055534326562,0.2888888888888889
IMG_0034,4,BDA-EHHO-VC-Calibrated,0.4298881760158695,0.0013487388473511,0.0580587776849459,0.265359477124183
IMG_0034,4,MO-BDA-EHHO-VC,0.4153697628168626,0.0011124303077654,0.0581393758963852,0.265359477124183
IMG_0034,5,BEHHO-VC-Calibrated,0.4122895396156938,0.0016661856504884,0.0583970023222359,0.5647058823529412
IMG_0034,5,BDA-EHHO-VC-Calibrated,0.4219777070828607,0.0014553339051157,0.0583516658283013,0.1620915032679738
IMG_0034,5,EHHO-VC,0.413904619405595,0.0014613195781188,0.0582156563464974,0.4575163398692811
IMG_0034,5,HHO-VC,0.425397602641294,0.0014383522630059,0.058280422766404,0.130718954248366
IMG_0034,5,MO-BDA-EHHO-VC,0.4195110293000752,0.0010078178534131,0.0582494788102264,0.273202614379085
IMG_0035,1,BEHHO-VC-Calibrated,0.4969929108277047,0.0020739899983472,0.0586265632994605,0.1581699346405229
IMG_0035,1,BDA-EHHO-VC-Calibrated,0.5202539610266329,0.0021162351155784,0.0584560117270397,0.1725490196078431
IMG_0035,1,EHHO-VC,0.5477937603091481,0.0021978140062582,0.0585531613568996,0.0771241830065359
IMG_0035,1,HHO-VC,0.5477937603091481,0.0021978140062582,0.0585531613568996,0.0771241830065359
IMG_0035,1,MO-BDA-EHHO-VC,0.5136233612129655,0.00177058501545,0.0583070489612545,0.061437908496732
IMG_0035,2,HHO-VC,0.5083769679511793,0.0007791668358898,0.0581588058223572,0.7071895424836602
IMG_0035,2,BEHHO-VC-Calibrated,0.5130107809412319,0.001129734841193,0.0582739461244134,0.5816993464052288
IMG_0035,2,BDA-EHHO-VC-Calibrated,0.5094452329006975,0.0013446822132819,0.0582897779159461,0.7071895424836602
IMG_0035,2,EHHO-VC,0.508543938321558,0.0010401002746264,0.0582041423162918,0.742483660130719
IMG_0035,2,MO-BDA-EHHO-VC,0.4977146542652261,0.0005598152976373,0.0581552076879179,0.1503267973856209
IMG_0035,3,BDA-EHHO-VC-Calibrated,0.5106396103457622,0.0020198212568245,0.0586042548659371,0.3372549019607843
IMG_0035,3,EHHO-VC,0.5261223828378804,0.0023447111820491,0.0584927126983201,0.0183006535947712
IMG_0035,3,HHO-VC,0.5546114377150606,0.0019036824704411,0.0585006285940865,0.0117647058823529
IMG_0035,3,BEHHO-VC-Calibrated,0.5316403294223472,0.0021778348294137,0.0583538247089648,0.049673202614379
IMG_0035,3,MO-BDA-EHHO-VC,0.4990476318488909,0.0018242988427547,0.0583934041877967,0.1437908496732026
IMG_0035,4,BEHHO-VC-Calibrated,0.5141730884256943,0.0016184380672598,0.0582732264975255,0.9986928104575163
IMG_0035,4,EHHO-VC,0.5141730884256943,0.0016184380672598,0.0582732264975255,0.9986928104575163
IMG_0035,4,BDA-EHHO-VC-Calibrated,0.5192297626412471,0.0017685450115664,0.0581904694054226,0.5137254901960784
IMG_0035,4,HHO-VC,0.5141730884256943,0.0016184380672598,0.0582732264975255,0.9986928104575163
IMG_0035,4,MO-BDA-EHHO-VC,0.4977244157923048,0.0013765045091409,0.0582300488842544,0.1241830065359477
IMG_0035,5,BDA-EHHO-VC-Calibrated,0.519599109024887,0.0016288227760626,0.0584516939657126,0.1215686274509803
IMG_0035,5,HHO-VC,0.4994786460237203,0.0015448838333496,0.0584847968025538,0.1424836601307189
IMG_0035,5,EHHO-VC,0.5022880439952954,0.0012427449904378,0.0584459369506098,0.2627450980392157
IMG_0035,5,BEHHO-VC-Calibrated,0.5311699812884475,0.0015250548242944,0.058299852692376,0.0967320261437908
IMG_0035,5,MO-BDA-EHHO-VC,0.527733000941077,0.0011862221088851,0.0583351144098807,0.0745098039215686
IMG_0036,1,EHHO-VC,0.4321174839317753,0.0017777392953283,0.0583250396334508,0.5111111111111112
IMG_0036,1,BEHHO-VC-Calibrated,0.4329864714967497,0.0016021108196737,0.058353105082077,0.3816993464052287
IMG_0036,1,HHO-VC,0.4339619807735234,0.0018146966673524,0.0582811423932919,0.534640522875817
IMG_0036,1,BDA-EHHO-VC-Calibrated,0.4324229359139728,0.0015665966442318,0.0583264788872265,0.3633986928104575
IMG_0036,1,MO-BDA-EHHO-VC,0.4170833522401395,0.0015340357683454,0.0581249833586282,0.1843137254901961
IMG_0036,2,BEHHO-VC-Calibrated,0.4392098302214828,0.0009707132228722,0.0582300488842544,0.0287581699346405
IMG_0036,2,BDA-EHHO-VC-Calibrated,0.4232545845795961,0.0010142952652668,0.0582818620201797,0.2679738562091503
IMG_0036,2,HHO-VC,0.4372886804168805,0.001011540789253,0.0582430021682358,0.0183006535947712
IMG_0036,2,EHHO-VC,0.4333308087294871,0.0009592442021902,0.0584041985911144,0.0196078431372549
IMG_0036,2,MO-BDA-EHHO-VC,0.417165084922202,0.0006636447942157,0.0583120863494695,0.1424836601307189
IMG_0036,3,HHO-VC,0.4274698795040719,0.0037853383659574,0.0582595535866563,0.0797385620915032
IMG_0036,3,BDA-EHHO-VC-Calibrated,0.4293542352092083,0.0033191785506159,0.0581890301516469,0.2
IMG_0036,3,EHHO-VC,0.4286903836382649,0.003636811978739,0.0581883105247591,0.1111111111111111
IMG_0036,3,BEHHO-VC-Calibrated,0.4279248022239754,0.0036734718222809,0.0581883105247591,0.0758169934640522
IMG_0036,3,MO-BDA-EHHO-VC,0.4194257462262938,0.0031438204322227,0.0581854320172077,0.0666666666666666
IMG_0036,4,EHHO-VC,0.4487905531611942,0.0026859855069273,0.0582789835126283,0.2392156862745098
IMG_0036,4,HHO-VC,0.4487905531611942,0.0026859855069273,0.0582789835126283,0.2392156862745098
IMG_0036,4,BEHHO-VC-Calibrated,0.4497990806128222,0.0026220394634574,0.0582559554522171,0.2562091503267973
IMG_0036,4,BDA-EHHO-VC-Calibrated,0.4435670271020441,0.0026146933400093,0.0581379366426095,0.1202614379084967
IMG_0036,4,MO-BDA-EHHO-VC,0.4226477613229653,0.0025020888810778,0.0580947590293384,0.0888888888888888
IMG_0036,5,BDA-EHHO-VC-Calibrated,0.4345166522462817,0.001955747312001,0.0579932916381514,0.6745098039215687
IMG_0036,5,HHO-VC,0.4376613878813967,0.0019103876174452,0.0580422262665253,0.7437908496732025
IMG_0036,5,EHHO-VC,0.4366856161524639,0.0019528839470497,0.0580350299976468,0.6745098039215687
IMG_0036,5,BEHHO-VC-Calibrated,0.4356375600191961,0.0021018704198939,0.0580033664145813,0.6509803921568628
IMG_0036,5,MO-BDA-EHHO-VC,0.4273651526263929,0.0015719190959385,0.0577702073029175,0.0810457516339869
IMG_0037,1,BEHHO-VC-Calibrated,0.2833515818676809,0.0015759350340283,0.0581271422392917,0.5189542483660131
IMG_0037,1,HHO-VC,0.2865545056863277,0.0013016520775844,0.0581811142558806,0.3019607843137254
IMG_0037,1,EHHO-VC,0.2865489179951985,0.0012967668248978,0.0581811142558806,0.3032679738562091
IMG_0037,1,BDA-EHHO-VC-Calibrated,0.289611150524171,0.0013521140753823,0.0581228244779646,0.3856209150326797
IMG_0037,1,MO-BDA-EHHO-VC,0.2906247068978154,0.0011829389378391,0.0580479832816281,0.134640522875817
IMG_0037,2,EHHO-VC,0.2862426955889212,0.0012255780767399,0.058319282618348,0.4810457516339869
IMG_0037,2,BDA-EHHO-VC-Calibrated,0.2871084998631916,0.0012677428072795,0.0581624039567964,0.3359477124183007
IMG_0037,2,HHO-VC,0.2869041850904327,0.0012791952197811,0.0583113667225816,0.4575163398692811
IMG_0037,2,BEHHO-VC-Calibrated,0.2837467924882901,0.0011113143348736,0.0582768246319648,0.596078431372549
IMG_0037,2,MO-BDA-EHHO-VC,0.2895167185440876,0.0010287596575424,0.0580199178330019,0.1620915032679738
IMG_0037,3,BDA-EHHO-VC-Calibrated,0.2802061520042742,0.0032871791616045,0.0581883105247591,0.8313725490196079
IMG_0037,3,HHO-VC,0.2792826675183928,0.0033928664495313,0.0582933760503853,1.0
IMG_0037,3,BEHHO-VC-Calibrated,0.2792839459143936,0.0033858061217198,0.0582969741848246,0.9947712418300652
IMG_0037,3,EHHO-VC,0.2792826675183928,0.0033928664495313,0.0582933760503853,1.0
IMG_0037,3,MO-BDA-EHHO-VC,0.2848613590783928,0.0031747504333394,0.0580731702227029,0.3738562091503268
IMG_0037,4,BEHHO-VC-Calibrated,0.2962714328304127,0.0026305201313503,0.0579904131306,0.2771241830065359
IMG_0037,4,HHO-VC,0.2973117508580863,0.0028631205957644,0.0580415066396374,0.1202614379084967
IMG_0037,4,EHHO-VC,0.2973117508580863,0.0028631205957644,0.0580415066396374,0.1202614379084967
IMG_0037,4,BDA-EHHO-VC-Calibrated,0.293226539076338,0.0026749886315255,0.0580227963405533,0.1803921568627451
IMG_0037,4,MO-BDA-EHHO-VC,0.2841634987873494,0.0018492640334905,0.0580487029085159,0.4522875816993464
IMG_0037,5,BDA-EHHO-VC-Calibrated,0.2916942333109371,0.0016801312852415,0.0578421699917027,0.2130718954248366
IMG_0037,5,HHO-VC,0.2894087914433073,0.0021409558450238,0.0578479270068055,0.3424836601307189
IMG_0037,5,BEHHO-VC-Calibrated,0.2944595562521809,0.001541104384937,0.0580314318632075,0.049673202614379
IMG_0037,5,EHHO-VC,0.2894087914433073,0.0021409558450238,0.0578479270068055,0.3424836601307189
IMG_0037,5,MO-BDA-EHHO-VC,0.2911475115987399,0.0015259706282227,0.0578608802907868,0.1124183006535947
IMG_0038,1,EHHO-VC,0.4659470502370609,0.0017691839890528,0.0581890301516469,0.4705882352941176
IMG_0038,1,BEHHO-VC-Calibrated,0.4907117819836508,0.0022600452664542,0.058217815227161,0.2235294117647059
IMG_0038,1,HHO-VC,0.466126550581487,0.0017437923263186,0.0582005441818525,0.4784313725490196
IMG_0038,1,BDA-EHHO-VC-Calibrated,0.4722884616361963,0.0015223956970133,0.0582235722422638,0.0875816993464052
IMG_0038,1,MO-BDA-EHHO-VC,0.4719521503598081,0.0012344157678808,0.0580566188042823,0.1973856209150327
IMG_0038,2,BEHHO-VC-Calibrated,0.506466886688728,0.0012064304499385,0.0582336470186937,0.3019607843137254
IMG_0038,2,HHO-VC,0.4814083101183318,0.0014575084680935,0.058353105082077,0.3294117647058823
IMG_0038,2,BDA-EHHO-VC-Calibrated,0.5003027405575671,0.0009998017225536,0.0583638994853948,0.2261437908496732
IMG_0038,2,EHHO-VC,0.4811453753859083,0.0016139090113751,0.0583653387391705,0.3503267973856209
IMG_0038,2,MO-BDA-EHHO-VC,0.4779879912499645,0.0013252302379315,0.0581919086591983,0.0784313725490196
IMG_0038,3,EHHO-VC,0.4833215101623729,0.0019540258453262,0.0580961982831141,0.2052287581699346
IMG_0038,3,HHO-VC,0.5156669185385675,0.0027530061286064,0.0583495069476377,0.188235294117647
IMG_0038,3,BEHHO-VC-Calibrated,0.4758540858725187,0.0024287751337287,0.0581847123903198,0.3058823529411765
IMG_0038,3,BDA-EHHO-VC-Calibrated,0.4891771734122088,0.0019061913056199,0.0581127497015347,0.0235294117647058
IMG_0038,3,MO-BDA-EHHO-VC,0.4712598438950992,0.0016762908707824,0.0580868431335721,0.0915032679738562
IMG_0038,4,BEHHO-VC-Calibrated,0.5022821886062839,0.0029026888029264,0.0586611053900773,0.0901960784313725
IMG_0038,4,EHHO-VC,0.4922798743708746,0.0021435028053761,0.0585387688191426,0.0261437908496732
IMG_0038,4,HHO-VC,0.4922798743708746,0.0021435028053761,0.0585387688191426,0.0261437908496732
IMG_0038,4,BDA-EHHO-VC-Calibrated,0.475368261527431,0.0022984669759712,0.058290497542834,0.1895424836601307
IMG_0038,4,MO-BDA-EHHO-VC,0.4676040800414244,0.0015266333075592,0.0583667779929462,0.1973856209150327
IMG_0038,5,BEHHO-VC-Calibrated,0.5162309197622718,0.0020349408025345,0.0582861797815068,0.0888888888888888
IMG_0038,5,BDA-EHHO-VC-Calibrated,0.4756493816546205,0.0021978738932106,0.0582868994083947,0.5477124183006535
IMG_0038,5,EHHO-VC,0.5142379765928581,0.0020662145041586,0.058150170299703,0.330718954248366
IMG_0038,5,HHO-VC,0.5142379765928581,0.0020662145041586,0.058150170299703,0.330718954248366
IMG_0038,5,MO-BDA-EHHO-VC,0.4691459272127383,0.001373322188973,0.0583156844839087,0.2339869281045751
IMG_0039,1,BDA-EHHO-VC-Calibrated,0.4293382847248901,0.0006487044590035,0.0585963389701707,0.5176470588235295
IMG_0039,1,BEHHO-VC-Calibrated,0.4281463624774429,0.0007678240409347,0.0586265632994605,0.4313725490196078
IMG_0039,1,HHO-VC,0.426890097120023,0.0008115859389974,0.0586855727042642,0.4287581699346405
IMG_0039,1,EHHO-VC,0.4266907181410949,0.0007761610988645,0.0586790960622736,0.4248366013071895
IMG_0039,1,MO-BDA-EHHO-VC,0.4239182497281646,0.0007478603578452,0.0584963108327594,0.1137254901960784
IMG_0039,2,HHO-VC,0.4376662049824421,0.0015439668687368,0.0586308810607876,0.3411764705882353
IMG_0039,2,BEHHO-VC-Calibrated,0.4591403454230476,0.0014867749460686,0.0585891427012922,0.1725490196078431
IMG_0039,2,EHHO-VC,0.4412047458491852,0.0015961104740837,0.0586028156121614,0.3163398692810458
IMG_0039,2,BDA-EHHO-VC-Calibrated,0.450407393754417,0.0013457966253649,0.0585344510578155,0.3176470588235294
IMG_0039,2,MO-BDA-EHHO-VC,0.4296719799458861,0.0013551165790517,0.0583912453071331,0.0313725490196078
IMG_0039,3,EHHO-VC,0.4317270650136155,0.0019508116902125,0.0584747220261238,0.5071895424836602
IMG_0039,3,HHO-VC,0.4393822103268146,0.0020470320655155,0.0584898341907687,0.657516339869281
IMG_0039,3,BDA-EHHO-VC-Calibrated,0.4302576969692062,0.0021296768028549,0.0583365536636564,0.3895424836601307
IMG_0039,3,BEHHO-VC-Calibrated,0.4341798158995714,0.0017804435880637,0.0583790116500396,0.5686274509803921
IMG_0039,3,MO-BDA-EHHO-VC,0.4236359274007626,0.0017334477264615,0.0583545443358527,0.1385620915032679
IMG_0039,4,HHO-VC,0.4351490686555201,0.0016746843855018,0.0583926845609088,0.0248366013071895
IMG_0039,4,BDA-EHHO-VC-Calibrated,0.4301171242063135,0.0016743594870676,0.0583279181410022,0.2901960784313726
IMG_0039,4,EHHO-VC,0.4351490686555201,0.0016746843855018,0.0583926845609088,0.0248366013071895
IMG_0039,4,BEHHO-VC-Calibrated,0.428103337255748,0.0015752819442384,0.0582768246319648,0.0392156862745098
IMG_0039,4,MO-BDA-EHHO-VC,0.4215095400077452,0.0014746644714755,0.0582365255262451,0.0823529411764705
IMG_0039,5,EHHO-VC,0.4210742927335754,0.001953349772612,0.0581415347770487,0.1699346405228758
IMG_0039,5,HHO-VC,0.4210742927335754,0.001953349772612,0.0581415347770487,0.1699346405228758
IMG_0039,5,BEHHO-VC-Calibrated,0.4230046537623422,0.0015667566081617,0.058232207764918,0.3477124183006536
IMG_0039,5,BDA-EHHO-VC-Calibrated,0.4192383213538987,0.0021150706250224,0.0581588058223572,0.2117647058823529
IMG_0039,5,MO-BDA-EHHO-VC,0.4244170866206244,0.0017398334355547,0.0582055815700675,0.0457516339869281
IMG_0040,1,EHHO-VC,0.3952069448845312,0.0034967285102744,0.058391964934021,0.3803921568627451
IMG_0040,1,HHO-VC,0.3948675349794258,0.0036516918527422,0.0584444976968341,0.3424836601307189
IMG_0040,1,BDA-EHHO-VC-Calibrated,0.3905220553178384,0.003713751709329,0.0584394603086191,0.269281045751634
IMG_0040,1,BEHHO-VC-Calibrated,0.3940576668798381,0.0038010074259207,0.0585675538946567,0.3477124183006536
IMG_0040,1,MO-BDA-EHHO-VC,0.3956868428905424,0.0032258127210861,0.0583883667995817,0.0549019607843137
IMG_0040,2,BEHHO-VC-Calibrated,0.4054855619800806,0.0010166927241425,0.0589331243536851,0.0156862745098039
IMG_0040,2,EHHO-VC,0.4012153214261677,0.0010524358776621,0.0587949559912176,0.0183006535947712
IMG_0040,2,BDA-EHHO-VC-Calibrated,0.393779188206637,0.0010912210486149,0.0586704605396194,0.0915032679738562
IMG_0040,2,HHO-VC,0.3999877226174804,0.0011136193667126,0.0587417036015166,0.0209150326797385
IMG_0040,2,MO-BDA-EHHO-VC,0.3872802208500556,0.0008277557352665,0.0585797875517501,0.1019607843137254
IMG_0040,3,BDA-EHHO-VC-Calibrated,0.3935352600902514,0.0021324930391826,0.0584876753101052,0.6196078431372549
IMG_0040,3,BEHHO-VC-Calibrated,0.3953071254135187,0.0022205624763852,0.0584531332194883,0.5006535947712418
IMG_0040,3,EHHO-VC,0.3972323051286929,0.0022109055748303,0.0583682172467219,0.592156862745098
IMG_0040,3,HHO-VC,0.3972041550180799,0.0021964510151991,0.0583739742618247,0.5947712418300654
IMG_0040,3,MO-BDA-EHHO-VC,0.3940741421024705,0.0019337665606563,0.058304890080591,0.0745098039215686
IMG_0040,4,BDA-EHHO-VC-Calibrated,0.4003650102954827,0.0014229911587771,0.0586841334504885,0.5555555555555555
IMG_0040,4,HHO-VC,0.3938134170479027,0.0014930208960526,0.0586654231514044,0.5411764705882353
IMG_0040,4,EHHO-VC,0.3937089102913893,0.0016824838957229,0.058667582032068,0.5058823529411764
IMG_0040,4,BEHHO-VC-Calibrated,0.4061039585303078,0.0011867261469758,0.0586467128523203,0.5294117647058824
IMG_0040,4,MO-BDA-EHHO-VC,0.3969196060804249,0.0014337617478953,0.0583646191122826,0.0601307189542483
IMG_0040,5,BEHHO-VC-Calibrated,0.3933532876158107,0.0031432280749703,0.0582581143328806,0.0771241830065359
IMG_0040,5,EHHO-VC,0.3958423500279077,0.0031892426140055,0.0582919367966096,0.0405228758169934
IMG_0040,5,BDA-EHHO-VC-Calibrated,0.3927780771450532,0.0033308093675804,0.0583423106787592,0.1411764705882353
IMG_0040,5,HHO-VC,0.4026878812274796,0.0033764365173626,0.0582595535866563,0.0405228758169934
IMG_0040,5,MO-BDA-EHHO-VC,0.3855134945093875,0.0032287895595968,0.058063095446273,0.126797385620915
IMG_0041,1,BEHHO-VC-Calibrated,0.4243125434096556,0.0027958902167396,0.0581508899265908,0.0666666666666666
IMG_0041,1,EHHO-VC,0.4344423670633934,0.0028485403570602,0.0581264226124039,0.0196078431372549
IMG_0041,1,BDA-EHHO-VC-Calibrated,0.4240065241921465,0.0026531329166674,0.0582991330654882,0.2313725490196078
IMG_0041,1,HHO-VC,0.4344423670633934,0.0028485403570602,0.0581264226124039,0.0196078431372549
IMG_0041,1,MO-BDA-EHHO-VC,0.4120384094202934,0.0019961464150277,0.0580947590293384,0.126797385620915
IMG_0041,2,HHO-VC,0.4449820055304646,0.0015977746513392,0.0583862079189182,0.0078431372549019
IMG_0041,2,BDA-EHHO-VC-Calibrated,0.4173582384894353,0.0011231894282983,0.0580508617891795,0.530718954248366
IMG_0041,2,EHHO-VC,0.4265568226193004,0.0009438676989712,0.0581285814930674,0.0183006535947712
IMG_0041,2,BEHHO-VC-Calibrated,0.4237503454862702,0.0012384096818112,0.0582451610488993,0.265359477124183
IMG_0041,2,MO-BDA-EHHO-VC,0.4111162541276049,0.0008084651313541,0.0580479832816281,0.2065359477124183
IMG_0041,3,EHHO-VC,0.4204028782575496,0.0013558161527185,0.0580263944749926,0.1137254901960784
IMG_0041,3,BEHHO-VC-Calibrated,0.4189979041203049,0.0013901895179907,0.0579788991003944,0.2954248366013072
IMG_0041,3,BDA-EHHO-VC-Calibrated,0.4112663767626093,0.0011815149273045,0.0580594973118337,0.3856209150326797
IMG_0041,3,HHO-VC,0.4204310791653546,0.0013133343871801,0.0580638150731608,0.0784313725490196
IMG_0041,3,MO-BDA-EHHO-VC,0.4095374773976462,0.0008421238598407,0.0580278337287683,0.2300653594771241
IMG_0041,4,BEHHO-VC-Calibrated,0.4288738518742076,0.0022089847835516,0.0580587776849459,0.0235294117647058
IMG_0041,4,EHHO-VC,0.4093243493120607,0.0013444151852731,0.0582350862724694,0.3673202614379085
IMG_0041,4,BDA-EHHO-VC-Calibrated,0.4241410944201747,0.002180944513145,0.0581465721652637,0.2117647058823529
IMG_0041,4,HHO-VC,0.4090048688386495,0.0014785169807199,0.0581969460474133,0.3830065359477124
IMG_0041,4,MO-BDA-EHHO-VC,0.4222576022673038,0.0017244727693366,0.0578436092454784,0.0849673202614379
IMG_0041,5,EHHO-VC,0.4132185213205813,0.0027268190251685,0.0579940112650393,0.3006535947712418
IMG_0041,5,BDA-EHHO-VC-Calibrated,0.4096908849177387,0.0026471252418969,0.0580012075339178,0.2718954248366013
IMG_0041,5,BEHHO-VC-Calibrated,0.4098556540764606,0.0026094196855413,0.0579846561154972,0.1686274509803921
IMG_0041,5,HHO-VC,0.4129261242167493,0.0027299090689201,0.0579810579810579,0.3124183006535947
IMG_0041,5,MO-BDA-EHHO-VC,0.4079652704378636,0.0021905539259417,0.0580285533556561,0.318954248366013
IMG_0042,1,EHHO-VC,0.4983603826264628,0.0019557471473857,0.0577860390944503,0.1738562091503268
IMG_0042,1,HHO-VC,0.4983603826264628,0.0019557471473857,0.0577860390944503,0.1738562091503268
IMG_0042,1,BEHHO-VC-Calibrated,0.5015772672067339,0.0016688092278187,0.0576442725975436,0.0509803921568627
IMG_0042,1,BDA-EHHO-VC-Calibrated,0.5056579072411949,0.0018596349427935,0.0577399829736278,0.2
IMG_0042,1,MO-BDA-EHHO-VC,0.4970075687392895,0.0012715702058896,0.0578090671548615,0.0379084967320261
IMG_0042,2,EHHO-VC,0.5148926251070286,0.0013996812199952,0.0580019271608056,0.3816993464052287
IMG_0042,2,BEHHO-VC-Calibrated,0.5143596355690914,0.0014707577131747,0.0580105626834598,0.2862745098039215
IMG_0042,2,BDA-EHHO-VC-Calibrated,0.5070340285733359,0.0013739310087476,0.0580134411910112,0.3869281045751634
IMG_0042,2,HHO-VC,0.5150628718962968,0.0014638233215558,0.0580069645490206,0.3895424836601307
IMG_0042,2,MO-BDA-EHHO-VC,0.4836792490888147,0.0015250031798338,0.057942198129114,0.0849673202614379
IMG_0042,3,EHHO-VC,0.4922187989147857,0.0035259486033954,0.0581717591063385,0.122875816993464
IMG_0042,3,BEHHO-VC-Calibrated,0.4964025995801697,0.0032503168139687,0.0582689087361984,0.0366013071895424
IMG_0042,3,BDA-EHHO-VC-Calibrated,0.4928814567517151,0.0034657468779015,0.0581854320172077,0.1359477124183006
IMG_0042,3,HHO-VC,0.4933985213699342,0.0034293636050229,0.0581767964945535,0.1633986928104575
IMG_0042,3,MO-BDA-EHHO-VC,0.49967415887152,0.0027984809278625,0.0580666935807122,0.0901960784313725
IMG_0042,4,HHO-VC,0.4962577090559498,0.001620320716928,0.058091880521787,0.2745098039215686
IMG_0042,4,EHHO-VC,0.4837283530411623,0.0025217868726605,0.0581249833586282,0.1202614379084967
IMG_0042,4,BDA-EHHO-VC-Calibrated,0.501727347510745,0.0015626837188255,0.0581688805987871,0.4588235294117647
IMG_0042,4,BEHHO-VC-Calibrated,0.487828820912933,0.0020767649456882,0.0581357777619459,0.1973856209150327
IMG_0042,4,MO-BDA-EHHO-VC,0.50581784220047,0.001895857965739,0.0579774598466187,0.118954248366013
IMG_0042,5,BDA-EHHO-VC-Calibrated,0.4976146459818807,0.0015494184468634,0.058299852692376,0.5882352941176471
IMG_0042,5,HHO-VC,0.5271157756479362,0.0015317367487204,0.0582789835126283,0.1581699346405229
IMG_0042,5,EHHO-VC,0.5269703432870009,0.001447832959494,0.0582876190352825,0.1647058823529411
IMG_0042,5,BEHHO-VC-Calibrated,0.4931559309129403,0.0015012096750148,0.0583588620971798,0.269281045751634
IMG_0042,5,MO-BDA-EHHO-VC,0.4903592068407901,0.0013590862991183,0.0581940675398619,0.0758169934640522
IMG_0043,1,EHHO-VC,0.4268286346092509,0.0016057878480336,0.0582768246319648,0.3477124183006536
IMG_0043,1,BDA-EHHO-VC-Calibrated,0.4268656826946773,0.0017460795417764,0.0580717309689272,0.1751633986928104
IMG_0043,1,BEHHO-VC-Calibrated,0.4458706139590918,0.0020438984326681,0.0580472636547403,0.1254901960784313
IMG_0043,1,HHO-VC,0.4336379135460725,0.0021758051144873,0.0581393758963852,0.0352941176470588
IMG_0043,1,MO-BDA-EHHO-VC,0.4237974476308402,0.0012466267887832,0.0582041423162918,0.0379084967320261
IMG_0043,2,EHHO-VC,0.4105774191276891,0.0006005504373673,0.057855123275684,0.5660130718954248
IMG_0043,2,BDA-EHHO-VC-Calibrated,0.4108603848861909,0.000481521463632,0.0577550951382727,0.7150326797385621
IMG_0043,2,BEHHO-VC-Calibrated,0.4118261411020845,0.0002882723946582,0.0578313755883849,0.6810457516339868
IMG_0043,2,HHO-VC,0.4105774191276891,0.0006005504373673,0.057855123275684,0.5660130718954248
IMG_0043,2,MO-BDA-EHHO-VC,0.4202143576266398,0.0003246651247755,0.057864478425226,0.1045751633986928
IMG_0043,3,BEHHO-VC-Calibrated,0.4497807955493174,0.0011576052958914,0.0579393196215626,0.0143790849673202
IMG_0043,3,HHO-VC,0.4456207171726364,0.0008580776059081,0.0579155719342635,0.2588235294117647
IMG_0043,3,BDA-EHHO-VC-Calibrated,0.4232805946675881,0.0012644044468078,0.0580393477589739,0.3333333333333333
IMG_0043,3,EHHO-VC,0.4460316156594008,0.0008050742259955,0.0579270859644691,0.2549019607843137
IMG_0043,3,MO-BDA-EHHO-VC,0.4312252670432666,0.0012507072930232,0.057951553278656,0.0366013071895424
IMG_0043,4,BEHHO-VC-Calibrated,0.4258560038400286,0.0014974456926613,0.058217815227161,0.2784313725490196
IMG_0043,4,EHHO-VC,0.4263588198458683,0.0018664449342249,0.0581760768676656,0.1934640522875817
IMG_0043,4,BDA-EHHO-VC-Calibrated,0.4135230551684324,0.0019196845516378,0.0582206937347124,0.3803921568627451
IMG_0043,4,HHO-VC,0.4272706802409612,0.0017404840839116,0.0582408432875722,0.1098039215686274
IMG_0043,4,MO-BDA-EHHO-VC,0.4133354780704649,0.0017016358045276,0.0581472917921516,0.0967320261437908
IMG_0043,5,EHHO-VC,0.4543585369055084,0.0030211927339309,0.0579493943979925,0.0104575163398692
IMG_0043,5,HHO-VC,0.4098537453968686,0.0019840370653081,0.0580753291033664,0.5777777777777778
IMG_0043,5,BEHHO-VC-Calibrated,0.4307015395266858,0.002668810137502,0.0579868149961607,0.2013071895424836
IMG_0043,5,BDA-EHHO-VC-Calibrated,0.4089615943123041,0.0019006280196295,0.058130740373731,0.6627450980392157
IMG_0043,5,MO-BDA-EHHO-VC,0.4132088068058058,0.0021809647795379,0.0579781794735065,0.2026143790849673
IMG_0044,1,BDA-EHHO-VC-Calibrated,0.4718904759284627,0.0019328127415006,0.0577277493165343,0.2758169934640522
IMG_0044,1,HHO-VC,0.4738987598498858,0.0021471671137121,0.0578112260355251,0.0209150326797385
IMG_0044,1,BEHHO-VC-Calibrated,0.4851584739133381,0.0024829161192169,0.0579242074569177,0.0156862745098039
IMG_0044,1,EHHO-VC,0.4738987598498858,0.0021471671137121,0.0578112260355251,0.0209150326797385
IMG_0044,1,MO-BDA-EHHO-VC,0.4483093441560171,0.0018663091376835,0.0577126371518894,0.1673202614379084
IMG_0044,2,BEHHO-VC-Calibrated,0.4578336568139196,0.0012346924677468,0.0584437780699462,0.5607843137254902
IMG_0044,2,EHHO-VC,0.4567701921990531,0.0012370786889722,0.058372535008049,0.5202614379084967
IMG_0044,2,HHO-VC,0.455810997287137,0.0011555367675483,0.0584178715019836,0.5058823529411764
IMG_0044,2,BDA-EHHO-VC-Calibrated,0.4558009394431044,0.0013785317569019,0.0584113948599929,0.2431372549019607
IMG_0044,2,MO-BDA-EHHO-VC,0.4549899453390921,0.0010360241893118,0.0582300488842545,0.2261437908496732
IMG_0044,3,BDA-EHHO-VC-Calibrated,0.4654145366322926,0.0014238271977829,0.0584387406817313,0.2169934640522876
IMG_0044,3,EHHO-VC,0.4870580179789074,0.001057389412336,0.0583876471726939,0.0143790849673202
IMG_0044,3,HHO-VC,0.4870580179789074,0.001057389412336,0.0583876471726939,0.0143790849673202
IMG_0044,3,BEHHO-VC-Calibrated,0.4693748211863099,0.0013131832653381,0.0584229088901986,0.4313725490196078
IMG_0044,3,MO-BDA-EHHO-VC,0.4530983595002825,0.0009975784808005,0.0582242918691516,0.0692810457516339
IMG_0044,4,BEHHO-VC-Calibrated,0.4505774303163517,0.0025527343802944,0.0582365255262451,0.477124183006536
IMG_0044,4,EHHO-VC,0.4603187993760275,0.0020403311058644,0.0583012919461517,0.8065359477124182
IMG_0044,4,HHO-VC,0.459808346858978,0.0020277081209409,0.0582933760503854,0.7712418300653594
IMG_0044,4,BDA-EHHO-VC-Calibrated,0.4582402460055555,0.0026563172573335,0.0582976938117125,0.3869281045751634
IMG_0044,4,MO-BDA-EHHO-VC,0.4583508230265229,0.0020008182699602,0.0581775161214413,0.1372549019607843
IMG_0044,5,BDA-EHHO-VC-Calibrated,0.4519002230630037,0.002447878619255,0.0581149085821983,0.388235294117647
IMG_0044,5,BEHHO-VC-Calibrated,0.4579225434338672,0.0027070366658722,0.058019198206114,0.4575163398692811
IMG_0044,5,EHHO-VC,0.4588337011344697,0.0027322643210744,0.0580429458934131,0.4797385620915032
IMG_0044,5,HHO-VC,0.4597211280801704,0.0025816105686204,0.0580062449221327,0.5333333333333333
IMG_0044,5,MO-BDA-EHHO-VC,0.4586264485907685,0.0022453609075426,0.0579501140248803,0.0784313725490196
IMG_0045,1,BEHHO-VC-Calibrated,0.4570602733825362,0.0022124292289232,0.0581767964945535,0.5620915032679739
IMG_0045,1,BDA-EHHO-VC-Calibrated,0.4622452105081001,0.0025797693797473,0.058130740373731,0.2666666666666666
IMG_0045,1,HHO-VC,0.4572211565560637,0.0024232541767549,0.0582048619431797,0.5045751633986928
IMG_0045,1,EHHO-VC,0.4572211565560637,0.0024232541767549,0.0582048619431797,0.5045751633986928
IMG_0045,1,MO-BDA-EHHO-VC,0.4670442667640007,0.0021092064539479,0.0579098149191607,0.0418300653594771
IMG_0045,2,EHHO-VC,0.4593274028624199,0.0018429641466421,0.0581149085821983,0.7202614379084967
IMG_0045,2,HHO-VC,0.4591633702629833,0.0017680974919477,0.0581969460474133,0.7895424836601308
IMG_0045,2,BDA-EHHO-VC-Calibrated,0.4667496176513198,0.0015607504060344,0.058145132911488,0.6261437908496732
IMG_0045,2,BEHHO-VC-Calibrated,0.4593499652819037,0.001533180534548,0.0581638432105721,0.7411764705882353
IMG_0045,2,MO-BDA-EHHO-VC,0.4545912758613121,0.0005494356771085,0.0579292448451327,0.1398692810457516
IMG_0045,3,BDA-EHHO-VC-Calibrated,0.452561868774181,0.0021480466025389,0.0581221048510768,0.7176470588235294
IMG_0045,3,HHO-VC,0.4536899728159739,0.0022955705199,0.0581149085821983,0.6535947712418301
IMG_0045,3,BEHHO-VC-Calibrated,0.470816381586143,0.0018716935490395,0.0579191700687027,0.4823529411764706
IMG_0045,3,EHHO-VC,0.4683901553006534,0.0019058495159945,0.0579882542499365,0.4117647058823529
IMG_0045,3,MO-BDA-EHHO-VC,0.4690827072851241,0.0018670239013757,0.0580105626834598,0.1529411764705882
IMG_0045,4,HHO-VC,0.4606264817865675,0.0016222614496389,0.0582602732135442,0.5620915032679739
IMG_0045,4,BDA-EHHO-VC-Calibrated,0.4571434622507718,0.0017378464863742,0.0582422825413479,0.3673202614379085
IMG_0045,4,BEHHO-VC-Calibrated,0.4543309148532876,0.001906724884728,0.0582861797815068,0.4104575163398693
IMG_0045,4,EHHO-VC,0.4605126706777042,0.0015822246472578,0.05833871254432,0.5228758169934641
IMG_0045,4,MO-BDA-EHHO-VC,0.4543653807481163,0.001730851990744,0.0582070208238432,0.1385620915032679
IMG_0045,5,HHO-VC,0.4907920387250767,0.0022637132874256,0.058246600302675,0.0130718954248366
IMG_0045,5,BEHHO-VC-Calibrated,0.4725656760237277,0.0025468191853489,0.0581602450761329,0.0261437908496732
IMG_0045,5,EHHO-VC,0.4839869844213968,0.0022454346199565,0.0584135537406565,0.0156862745098039
IMG_0045,5,BDA-EHHO-VC-Calibrated,0.4740326735325064,0.0026960050407851,0.0586510306136474,0.3372549019607843
IMG_0045,5,MO-BDA-EHHO-VC,0.4543314143590098,0.0020790728885765,0.0581926282860862,0.2
IMG_0046,1,HHO-VC,0.351639454930425,0.0013973996778007,0.0585330118040398,0.0470588235294117
IMG_0046,1,BDA-EHHO-VC-Calibrated,0.3412754562211816,0.0014725844414114,0.0586503109867595,0.1712418300653594
IMG_0046,1,EHHO-VC,0.351639454930425,0.0013973996778007,0.0585330118040398,0.0470588235294117
IMG_0046,1,BEHHO-VC-Calibrated,0.3414821330633725,0.0014368719714983,0.0585725912828716,0.1699346405228758
IMG_0046,1,MO-BDA-EHHO-VC,0.3392671384349638,0.0014549863811491,0.0584236285170864,0.2405228758169934
IMG_0046,2,BDA-EHHO-VC-Calibrated,0.3585417773907463,0.0017654277508036,0.0585330118040398,0.0967320261437908
IMG_0046,2,BEHHO-VC-Calibrated,0.3585085644933223,0.0017311313979342,0.0585301332964884,0.0901960784313725
IMG_0046,2,EHHO-VC,0.3480979085631502,0.0015818468719649,0.0585020678478622,0.1699346405228758
IMG_0046,2,HHO-VC,0.3465983669866432,0.0018496321856945,0.058561077252666,0.2392156862745098
IMG_0046,2,MO-BDA-EHHO-VC,0.3412909747633632,0.0014032585174741,0.058435142547292,0.2065359477124183
IMG_0046,3,EHHO-VC,0.3404368961742653,0.0013649649671184,0.0583437499325349,0.2444444444444444
IMG_0046,3,HHO-VC,0.3404368961742653,0.0013649649671184,0.0583437499325349,0.2444444444444444
IMG_0046,3,BEHHO-VC-Calibrated,0.3388772107223314,0.001255021683183,0.0582991330654882,0.3254901960784314
IMG_0046,3,BDA-EHHO-VC-Calibrated,0.3414660472858793,0.0016134405683678,0.0582487591833386,0.2549019607843137
IMG_0046,3,MO-BDA-EHHO-VC,0.341449859914002,0.0011909530858599,0.0583423106787592,0.1581699346405229
IMG_0046,4,BEHHO-VC-Calibrated,0.3311089315961633,0.0025425919156342,0.0580659739538244,0.8300653594771241
IMG_0046,4,EHHO-VC,0.3340590208574125,0.0021834132535985,0.0579594691744224,0.7150326797385621
IMG_0046,4,BDA-EHHO-VC-Calibrated,0.3315880337794986,0.0025259454280377,0.0581228244779646,0.7163398692810458
IMG_0046,4,HHO-VC,0.33404331605886,0.0021662361825025,0.0579839364886093,0.7202614379084967
IMG_0046,4,MO-BDA-EHHO-VC,0.3411143783250845,0.0014817402082642,0.058043665520301,0.2143790849673202
IMG_0046,5,EHHO-VC,0.3352999793276178,0.0014577812815955,0.0581494506728151,0.5581699346405229
IMG_0046,5,HHO-VC,0.3352772729827564,0.0014398550451387,0.058140095523273,0.5712418300653594
IMG_0046,5,BEHHO-VC-Calibrated,0.3615455338854318,0.0011540118092795,0.0584027593373387,0.0470588235294117
IMG_0046,5,BDA-EHHO-VC-Calibrated,0.357574023151964,0.0011876769766752,0.0583084882150302,0.049673202614379
IMG_0046,5,MO-BDA-EHHO-VC,0.3426256963839561,0.0011463298288208,0.0580681328344879,0.1176470588235294
IMG_0047,1,HHO-VC,0.464171846608652,0.0027567224861727,0.0581537684341422,0.3581699346405229
IMG_0047,1,EHHO-VC,0.4641821415062476,0.0028058642102723,0.0581530488072544,0.3568627450980392
IMG_0047,1,BEHHO-VC-Calibrated,0.4565555188164034,0.0026894008554209,0.0581767964945535,0.3320261437908497
IMG_0047,1,BDA-EHHO-VC-Calibrated,0.4641642270298395,0.0025994481670706,0.0581343385081702,0.3986928104575163
IMG_0047,1,MO-BDA-EHHO-VC,0.4438037811608724,0.0017438650220259,0.0580789272378057,0.3385620915032679
IMG_0047,2,BEHHO-VC-Calibrated,0.4850984187171922,0.0024136253830904,0.0584301051590771,0.0130718954248366
IMG_0047,2,BDA-EHHO-VC-Calibrated,0.4697190862405535,0.0018541434731783,0.0583358340367686,0.196078431372549
IMG_0047,2,HHO-VC,0.4850984187171922,0.0024136253830904,0.0584301051590771,0.0130718954248366
IMG_0047,2,EHHO-VC,0.4850984187171922,0.0024136253830904,0.0584301051590771,0.0130718954248366
IMG_0047,2,MO-BDA-EHHO-VC,0.4446401399961318,0.0012656993546045,0.0581494506728151,0.1620915032679738
IMG_0047,3,BDA-EHHO-VC-Calibrated,0.4533420207156045,0.002363211921012,0.0578558429025718,0.4143790849673203
IMG_0047,3,HHO-VC,0.4474787632855522,0.0021550805969058,0.057937160740899,0.6732026143790849
IMG_0047,3,BEHHO-VC-Calibrated,0.4651846240920177,0.0023377276732658,0.0579112541729364,0.0326797385620915
IMG_0047,3,EHHO-VC,0.4474754784004641,0.0022325008253786,0.0579450766366654,0.6745098039215687
IMG_0047,3,MO-BDA-EHHO-VC,0.4478697069420264,0.0014900242037622,0.0578385718572634,0.1830065359477124
IMG_0047,4,BDA-EHHO-VC-Calibrated,0.4598117712205392,0.0020831072080563,0.0581516095534787,0.4470588235294118
IMG_0047,4,BEHHO-VC-Calibrated,0.4624781920287962,0.0017048745205605,0.05807748798403,0.2901960784313726
IMG_0047,4,EHHO-VC,0.4617452647428178,0.0018507395818724,0.0582926564234975,0.1934640522875817
IMG_0047,4,HHO-VC,0.4617452647428178,0.0018507395818724,0.0582926564234975,0.1934640522875817
IMG_0047,4,MO-BDA-EHHO-VC,0.449174271962919,0.0009410224139812,0.0579645065626374,0.1777777777777777
IMG_0047,5,HHO-VC,0.4610497665212064,0.001041379521475,0.0580285533556561,0.0888888888888888
IMG_0047,5,BEHHO-VC-Calibrated,0.4610902349508996,0.0011333986489276,0.0580818057453571,0.2745098039215686
IMG_0047,5,EHHO-VC,0.4617216609808963,0.0009309544198719,0.0580616561924973,0.0797385620915032
IMG_0047,5,BDA-EHHO-VC-Calibrated,0.4607462786971028,0.001042527411122,0.0579860953692729,0.1176470588235294
IMG_0047,5,MO-BDA-EHHO-VC,0.4455470645973939,0.00112796955586,0.057908375665385,0.2745098039215686
IMG_0048,1,BDA-EHHO-VC-Calibrated,0.3701595839357375,0.0008546078782368,0.0582631517210956,0.3437908496732026
IMG_0048,1,HHO-VC,0.3780141505588584,0.0009439514237102,0.0581681609718992,0.0339869281045751
IMG_0048,1,BEHHO-VC-Calibrated,0.374375259839154,0.0007069934556245,0.0582358058993573,0.0797385620915032
IMG_0048,1,EHHO-VC,0.3804341965193111,0.0009181228605762,0.0581285814930674,0.0457516339869281
IMG_0048,1,MO-BDA-EHHO-VC,0.3740551697994378,0.0004424853398787,0.0581818338827684,0.0941176470588235
IMG_0048,2,EHHO-VC,0.3755884407114883,0.0014153556288616,0.0581098711939833,0.0627450980392156
IMG_0048,2,BDA-EHHO-VC-Calibrated,0.3736179329685781,0.0014215493206408,0.0580674132076001,0.3281045751633987
IMG_0048,2,BEHHO-VC-Calibrated,0.3754923324240661,0.0012832818214339,0.0580810861184692,0.2183006535947712
IMG_0048,2,HHO-VC,0.3778812312395729,0.0016199014697644,0.0580997964175534,0.2954248366013072
IMG_0048,2,MO-BDA-EHHO-VC,0.3704616240398667,0.0009150154345251,0.0579292448451327,0.0522875816993464
IMG_0048,3,EHHO-VC,0.3676547151307039,0.0017784927829065,0.0582228526153759,0.2993464052287581
IMG_0048,3,BEHHO-VC-Calibrated,0.3675672592983333,0.0018119376097195,0.0581005160444412,0.592156862745098
IMG_0048,3,BDA-EHHO-VC-Calibrated,0.3704742725406956,0.001844652436582,0.058116347835974,0.322875816993464
IMG_0048,3,HHO-VC,0.3671376505124847,0.0017110475373237,0.0582559554522171,0.326797385620915
IMG_0048,3,MO-BDA-EHHO-VC,0.3632688093704165,0.0013415607962587,0.0580782076109178,0.2379084967320261
IMG_0048,4,HHO-VC,0.3735338466832824,0.0018932179071847,0.0584185911288714,0.1215686274509803
IMG_0048,4,BDA-EHHO-VC-Calibrated,0.3707480186088341,0.0019601376777687,0.0584502547119369,0.4287581699346405
IMG_0048,4,EHHO-VC,0.3593551481725333,0.001939075469147,0.0583998808297873,0.8679738562091504
IMG_0048,4,BEHHO-VC-Calibrated,0.3784444789715947,0.002302565872444,0.0584639276228061,0.0522875816993464
IMG_0048,4,MO-BDA-EHHO-VC,0.363300472953482,0.0016071137786485,0.0583423106787592,0.2496732026143791
IMG_0048,5,BEHHO-VC-Calibrated,0.3675733803599793,0.0016660096678153,0.0583012919461517,0.2339869281045751
IMG_0048,5,BDA-EHHO-VC-Calibrated,0.3681623568697914,0.0020881468535259,0.058009843056572,0.3542483660130718
IMG_0048,5,HHO-VC,0.3710252019536371,0.0019071823824284,0.0580645347000487,0.2575163398692811
IMG_0048,5,EHHO-VC,0.3709412765261163,0.0016513177198295,0.0581170674628618,0.2496732026143791
IMG_0048,5,MO-BDA-EHHO-VC,0.3612486981694368,0.0015576151125441,0.0581624039567964,0.3516339869281046
IMG_0049,1,HHO-VC,0.5365237015801321,0.0016620477523188,0.0579090952922728,0.7084967320261437
IMG_0049,1,BEHHO-VC-Calibrated,0.5695778323802771,0.0010107459877976,0.0578975812620672,0.1777777777777777
IMG_0049,1,BDA-EHHO-VC-Calibrated,0.5408797216590768,0.0012935081372772,0.0580702917151515,0.6431372549019608
IMG_0049,1,EHHO-VC,0.5655260536171186,0.0009688481132825,0.0578299363346092,0.0183006535947712
IMG_0049,1,MO-BDA-EHHO-VC,0.536107545583987,0.0012908426619038,0.0578975812620672,0.1320261437908496
IMG_0049,2,EHHO-VC,0.5380887461358308,0.0019211481751007,0.0580868431335721,0.1673202614379084
IMG_0049,2,HHO-VC,0.53757708295237,0.0021151400324942,0.0581300207468431,0.2261437908496732
IMG_0049,2,BDA-EHHO-VC-Calibrated,0.5357695918650548,0.0024688422837537,0.0579292448451327,0.3006535947712418
IMG_0049,2,BEHHO-VC-Calibrated,0.536466529340442,0.0021428013460106,0.0581537684341422,0.0718954248366013
IMG_0049,2,MO-BDA-EHHO-VC,0.5369838818094163,0.0019326108610552,0.0580875627604599,0.1071895424836601
IMG_0049,3,BEHHO-VC-Calibrated,0.5677355960135768,0.0015219838937948,0.0578738335747681,0.2183006535947712
IMG_0049,3,BDA-EHHO-VC-Calibrated,0.5614042424584739,0.0016424723456693,0.0578867868587494,0.5738562091503269
IMG_0049,3,HHO-VC,0.5614373283629177,0.0018660006062834,0.0578493662605812,0.0405228758169934
IMG_0049,3,EHHO-VC,0.559148914859551,0.0016839565973619,0.0577910764826652,0.0470588235294117
IMG_0049,3,MO-BDA-EHHO-VC,0.5305073498793383,0.0016136427038178,0.0577471792425063,0.1777777777777777
IMG_0049,4,BEHHO-VC-Calibrated,0.5389759360279686,0.0032116965783833,0.0580753291033664,0.3895424836601307
IMG_0049,4,BDA-EHHO-VC-Calibrated,0.5365402022013606,0.0034946097936339,0.0581300207468431,0.6601307189542484
IMG_0049,4,HHO-VC,0.5995399973616835,0.0029161011930544,0.0585013482209743,0.0091503267973856
IMG_0049,4,EHHO-VC,0.5452568395051336,0.003346305214967,0.0581767964945535,0.0313725490196078
IMG_0049,4,MO-BDA-EHHO-VC,0.5308032096584306,0.0028436073638855,0.0580335907438711,0.1019607843137254
IMG_0049,5,EHHO-VC,0.5423340114036359,0.0019646086210669,0.0582797031395162,0.0627450980392156
IMG_0049,5,BEHHO-VC-Calibrated,0.5572958163599433,0.0021845731755379,0.0580227963405533,0.057516339869281
IMG_0049,5,BDA-EHHO-VC-Calibrated,0.559312541081451,0.0023960872591845,0.058140095523273,0.0509803921568627
IMG_0049,5,HHO-VC,0.5829622744618055,0.0022116165300441,0.0583559835896284,0.0117647058823529
IMG_0049,5,MO-BDA-EHHO-VC,0.5818398766379234,0.0012998739401737,0.0581134693284225,0.1830065359477124
IMG_0050,1,HHO-VC,0.5334494118230064,0.0021850929662129,0.0583826097844789,0.0601307189542483
IMG_0050,1,BEHHO-VC-Calibrated,0.5463368880419835,0.0018250534954027,0.0583415910518714,0.0928104575163398
IMG_0050,1,BDA-EHHO-VC-Calibrated,0.5299406889080163,0.0018254293261122,0.0582588339597685,0.196078431372549
IMG_0050,1,EHHO-VC,0.5334494118230064,0.0021850929662129,0.0583826097844789,0.0601307189542483
IMG_0050,1,MO-BDA-EHHO-VC,0.5563224307378065,0.0014758850499691,0.0580702917151515,0.1503267973856209
IMG_0050,2,BEHHO-VC-Calibrated,0.540787684251988,0.001194088514655,0.0581480114190394,0.3045751633986928
IMG_0050,2,BDA-EHHO-VC-Calibrated,0.5505170482419348,0.0014825941841838,0.0581976656743011,0.1281045751633986
IMG_0050,2,EHHO-VC,0.5503960154655968,0.0011502649792232,0.0581767964945535,0.1372549019607843
IMG_0050,2,HHO-VC,0.5503568508305005,0.0012512156181675,0.058227170376703,0.1215686274509803
IMG_0050,2,MO-BDA-EHHO-VC,0.5474342597825658,0.000817145119719,0.0577507773769455,0.0640522875816993
IMG_0050,3,BEHHO-VC-Calibrated,0.5508363763237698,0.0022697017704369,0.0584761612798995,0.122875816993464
IMG_0050,3,EHHO-VC,0.5509655451170397,0.0022600691977413,0.0584049182180023,0.1176470588235294
IMG_0050,3,BDA-EHHO-VC-Calibrated,0.5513824969358607,0.002335068689093,0.0584027593373387,0.2235294117647059
IMG_0050,3,HHO-VC,0.5546030219815644,0.0026187124204669,0.0584955912058715,0.1084967320261438
IMG_0050,3,MO-BDA-EHHO-VC,0.5312206257569471,0.0021491134245959,0.0582545161984414,0.0588235294117647
IMG_0050,4,HHO-VC,0.5951208096131507,0.0023555965173028,0.0584977500865351,0.0078431372549019
IMG_0050,4,BEHHO-VC-Calibrated,0.58198310642597,0.0019171665237973,0.0584006004566752,0.0104575163398692
IMG_0050,4,BDA-EHHO-VC-Calibrated,0.553696579953627,0.0022418046445674,0.0582919367966096,0.3581699346405229
IMG_0050,4,EHHO-VC,0.5875977962627598,0.0025808680152983,0.0582602732135442,0.0091503267973856
IMG_0050,4,MO-BDA-EHHO-VC,0.5312374480937255,0.0012737220005597,0.0580285533556561,0.049673202614379
IMG_0050,5,HHO-VC,0.5480474326882071,0.0024758225334778,0.0579544317862074,0.0183006535947712
IMG_0050,5,EHHO-VC,0.5575339860999942,0.0022217943050881,0.058246600302675,0.0156862745098039
IMG_0050,5,BDA-EHHO-VC-Calibrated,0.5407243401534597,0.0019377971381173,0.0580328711169832,0.2627450980392157
IMG_0050,5,BEHHO-VC-Calibrated,0.5580294365129816,0.0017096108367681,0.0579724224584037,0.4745098039215686
IMG_0050,5,MO-BDA-EHHO-VC,0.5298724598128495,0.0016796757238233,0.0579220485762541,0.1908496732026143
IMG_0051,1,BDA-EHHO-VC-Calibrated,0.4773925049637841,0.0022668133731761,0.0580501421622916,0.3045751633986928
IMG_0051,1,HHO-VC,0.481849594522578,0.002013752944235,0.0581033945519926,0.392156862745098
IMG_0051,1,BEHHO-VC-Calibrated,0.4783453332942926,0.0022760562818206,0.0579573102937588,0.1803921568627451
IMG_0051,1,EHHO-VC,0.4819445429407809,0.0021529317865191,0.0580832449991328,0.3816993464052287
IMG_0051,1,MO-BDA-EHHO-VC,0.4784883781872,0.0020042444037169,0.0579054971578336,0.2235294117647059
IMG_0051,2,EHHO-VC,0.505316762794584,0.0022341520913916,0.0579695439508523,0.0117647058823529
IMG_0051,2,BEHHO-VC-Calibrated,0.5174570800476006,0.0020670764858479,0.0581033945519926,0.0091503267973856
IMG_0051,2,BDA-EHHO-VC-Calibrated,0.5110725926295783,0.0016990285881934,0.0581904694054226,0.0117647058823529
IMG_0051,2,HHO-VC,0.505316762794584,0.0022341520913916,0.0579695439508523,0.0117647058823529
IMG_0051,2,MO-BDA-EHHO-VC,0.4785134381352945,0.0014879658463597,0.0578558429025718,0.269281045751634
IMG_0051,3,HHO-VC,0.4775461072064463,0.0020983583891174,0.0581192263435254,0.0418300653594771
IMG_0051,3,BDA-EHHO-VC-Calibrated,0.4804793656647185,0.0020311003495166,0.0583883667995817,0.3477124183006536
IMG_0051,3,EHHO-VC,0.4795459926587782,0.0018785700206643,0.0581638432105721,0.065359477124183
IMG_0051,3,BEHHO-VC-Calibrated,0.4913765317020714,0.0017468728784568,0.058304890080591,0.1281045751633986
IMG_0051,3,MO-BDA-EHHO-VC,0.4754250704509951,0.0016374926867144,0.0582214133616002,0.0980392156862745
IMG_0051,4,HHO-VC,0.5059277090899723,0.0015291895984113,0.0583307966485536,0.0261437908496732
IMG_0051,4,BDA-EHHO-VC-Calibrated,0.500778067546708,0.0015881459075728,0.0583646191122826,0.0169934640522875
IMG_0051,4,BEHHO-VC-Calibrated,0.5076282805541501,0.0015167536207371,0.0583595817240677,0.0156862745098039
IMG_0051,4,EHHO-VC,0.4980940539775926,0.0017914125905482,0.0584178715019836,0.0797385620915032
IMG_0051,4,MO-BDA-EHHO-VC,0.4805712069880057,0.0017371446470087,0.058227170376703,0.0405228758169934
IMG_0051,5,EHHO-VC,0.5120495157615317,0.0013770281228889,0.0582991330654882,0.0169934640522875
IMG_0051,5,BEHHO-VC-Calibrated,0.4955650395739218,0.0010517761746527,0.0581602450761329,0.0758169934640522
IMG_0051,5,HHO-VC,0.5120495157615317,0.0013770281228889,0.0582991330654882,0.0169934640522875
IMG_0051,5,BDA-EHHO-VC-Calibrated,0.4959843619283733,0.0011114579755663,0.0582602732135442,0.2888888888888889
IMG_0051,5,MO-BDA-EHHO-VC,0.4829249880113854,0.00068576462612,0.0580530206698431,0.3947712418300654
IMG_0052,1,HHO-VC,0.3776082351438343,0.0016728595334851,0.0580609365656094,0.4640522875816993
IMG_0052,1,BDA-EHHO-VC-Calibrated,0.3762020926711718,0.0021203983541482,0.0581796750021049,0.5777777777777778
IMG_0052,1,BEHHO-VC-Calibrated,0.3764676095941928,0.0021624148868209,0.0580983571637777,0.5006535947712418
IMG_0052,1,EHHO-VC,0.3804989424875378,0.0020661303519518,0.0583092078419181,0.5790849673202614
IMG_0052,1,MO-BDA-EHHO-VC,0.379562640176854,0.0016200386777842,0.0581141889553104,0.1411764705882353
IMG_0052,2,EHHO-VC,0.3900856510297164,0.0014472576056555,0.0581422544039366,0.0392156862745098
IMG_0052,2,BDA-EHHO-VC-Calibrated,0.3764204020703498,0.0022060095008535,0.0583214414990115,0.2849673202614379
IMG_0052,2,BEHHO-VC-Calibrated,0.3808828507329084,0.0021521616888785,0.0582314881380301,0.1398692810457516
IMG_0052,2,HHO-VC,0.3896492692849234,0.0014574527643719,0.0581415347770487,0.061437908496732
IMG_0052,2,MO-BDA-EHHO-VC,0.3742586175006487,0.0015886917265292,0.05816456283746,0.2143790849673202
IMG_0052,3,EHHO-VC,0.3785034171275265,0.0015017294835201,0.0581962264205254,0.134640522875817
IMG_0052,3,BEHHO-VC-Calibrated,0.3885432704878856,0.0016609999966911,0.0580573384311702,0.0888888888888888
IMG_0052,3,BDA-EHHO-VC-Calibrated,0.3899038986764412,0.0017987744890563,0.0580609365656094,0.0261437908496732
IMG_0052,3,HHO-VC,0.3858006792900992,0.0016135738112943,0.0579940112650393,0.0784313725490196
IMG_0052,3,MO-BDA-EHHO-VC,0.3810932103715253,0.0012839878041725,0.0579249270838055,0.0771241830065359
IMG_0052,4,BDA-EHHO-VC-Calibrated,0.3823186502995491,0.0022698013581296,0.0580429458934131,0.649673202614379
IMG_0052,4,BEHHO-VC-Calibrated,0.3742704109154108,0.0026716489672484,0.0581552076879179,0.2339869281045751
IMG_0052,4,EHHO-VC,0.37228656044338,0.0024473835350749,0.0581580861954693,0.3163398692810458
IMG_0052,4,HHO-VC,0.3723382211877291,0.0024315514275314,0.0581516095534787,0.322875816993464
IMG_0052,4,MO-BDA-EHHO-VC,0.3739422356559547,0.0027044324047144,0.0581724787332263,0.2392156862745098
IMG_0052,5,BEHHO-VC-Calibrated,0.3757842265028933,0.0022417623175897,0.0580681328344879,0.54640522875817
IMG_0052,5,HHO-VC,0.3731232155955932,0.0021906448453226,0.058116347835974,0.803921568627451
IMG_0052,5,BDA-EHHO-VC-Calibrated,0.3796242995018448,0.0018576584341696,0.0580897216411235,0.4313725490196078
IMG_0052,5,EHHO-VC,0.3731024480102297,0.0022014680986245,0.0581170674628618,0.8052287581699347
IMG_0052,5,MO-BDA-EHHO-VC,0.381402074231791,0.0015589856927386,0.0578990205158429,0.05359477124183
IMG_0053,1,EHHO-VC,0.5409812055842519,0.0016288622243531,0.0585387688191426,0.0326797385620915
IMG_0053,1,BDA-EHHO-VC-Calibrated,0.5237531854975181,0.0021419610030388,0.0585143015049557,0.3071895424836601
IMG_0053,1,BEHHO-VC-Calibrated,0.5520572539335272,0.001263399560876,0.0581911890323105,0.0261437908496732
IMG_0053,1,HHO-VC,0.5495804505771198,0.0013788572612711,0.0582048619431797,0.0143790849673202
IMG_0053,1,MO-BDA-EHHO-VC,0.5520572539335272,0.001263399560876,0.0581911890323105,0.0261437908496732
IMG_0053,2,HHO-VC,0.5778755956397195,0.0023595051816869,0.0581803946289927,0.0078431372549019
IMG_0053,2,BEHHO-VC-Calibrated,0.5563074973261566,0.0021744159873772,0.0579940112650393,0.0274509803921568
IMG_0053,2,EHHO-VC,0.5778755956397195,0.0023595051816869,0.0581803946289927,0.0078431372549019
IMG_0053,2,BDA-EHHO-VC-Calibrated,0.555907156189147,0.0024403729292983,0.0581566469416936,0.0888888888888888
IMG_0053,2,MO-BDA-EHHO-VC,0.518424009745033,0.0016104964461138,0.057869515813441,0.0405228758169934
IMG_0053,3,HHO-VC,0.5262964993107606,0.0009833141389584,0.0579076560384971,0.3660130718954248
IMG_0053,3,BEHHO-VC-Calibrated,0.524896477899744,0.0005576527357883,0.0578702354403289,0.3294117647058823
IMG_0053,3,EHHO-VC,0.5263184690963366,0.0009065415590982,0.0579069364116093,0.3607843137254902
IMG_0053,3,BDA-EHHO-VC-Calibrated,0.5232015787886822,0.0008598111191954,0.0579529925324317,0.3790849673202615
IMG_0053,3,MO-BDA-EHHO-VC,0.5229002498452422,0.0007536607979701,0.0578673569327774,0.1490196078431372
IMG_0053,4,BDA-EHHO-VC-Calibrated,0.520575694139708,0.0014708025065024,0.0582063011969554,0.0627450980392156
IMG_0053,4,HHO-VC,0.5297194173021228,0.0019483820278612,0.0583005723192639,0.126797385620915
IMG_0053,4,BEHHO-VC-Calibrated,0.5335069998692545,0.0018849489948316,0.0583710957542733,0.2352941176470588
IMG_0053,4,EHHO-VC,0.5317926200350286,0.0016066630131577,0.0582984134386003,0.2235294117647059
IMG_0053,4,MO-BDA-EHHO-VC,0.5392762232305615,0.0015948502934536,0.0578421699917027,0.0339869281045751
IMG_0053,5,EHHO-VC,0.5477789874232651,0.0018352622955023,0.0581904694054226,0.0209150326797385
IMG_0053,5,BDA-EHHO-VC-Calibrated,0.517220336413817,0.0021003972874168,0.05816456283746,0.1529411764705882
IMG_0053,5,BEHHO-VC-Calibrated,0.5272849957363104,0.0018031991294299,0.0581890301516469,0.2549019607843137
IMG_0053,5,HHO-VC,0.5262791097386706,0.0022009615073887,0.0582746657513012,0.0235294117647058
IMG_0053,5,MO-BDA-EHHO-VC,0.5179044560644017,0.0019025029182933,0.0581127497015347,0.1281045751633986
IMG_0054,1,BEHHO-VC-Calibrated,0.3785374754495905,0.0030847240881711,0.058536609938479,0.0287581699346405
IMG_0054,1,EHHO-VC,0.3837977363448156,0.0025461548018421,0.0585682735215445,0.0130718954248366
IMG_0054,1,BDA-EHHO-VC-Calibrated,0.3733494650939056,0.0025280575919625,0.0586157688961427,0.1111111111111111
IMG_0054,1,HHO-VC,0.3837977363448156,0.0025461548018421,0.0585682735215445,0.0130718954248366
IMG_0054,1,MO-BDA-EHHO-VC,0.3641688631700381,0.0021172069784957,0.0584567313539276,0.3503267973856209
IMG_0054,2,BEHHO-VC-Calibrated,0.3720141254408089,0.0021282962827935,0.0588518065153579,0.4130718954248366
IMG_0054,2,BDA-EHHO-VC-Calibrated,0.3820793012014217,0.0011313004320311,0.0585877034475165,0.0692810457516339
IMG_0054,2,HHO-VC,0.3651351273578526,0.0022282108999457,0.0587906382298905,0.7673202614379084
IMG_0054,2,EHHO-VC,0.3823751440481167,0.0010573143317975,0.0585941800895071,0.0457516339869281
IMG_0054,2,MO-BDA-EHHO-VC,0.3687781665149104,0.0014040628656358,0.0585653950139931,0.0745098039215686
IMG_0054,3,BDA-EHHO-VC-Calibrated,0.3721262856409295,0.0027637047256231,0.0581969460474133,0.5450980392156862
IMG_0054,3,HHO-VC,0.3892076627003165,0.0022808136715052,0.0580451047740767,0.0091503267973856
IMG_0054,3,BEHHO-VC-Calibrated,0.3892076627003165,0.0022808136715052,0.0580451047740767,0.0091503267973856
IMG_0054,3,EHHO-VC,0.3852737080241958,0.0025591699436565,0.0581861516440955,0.0117647058823529
IMG_0054,3,MO-BDA-EHHO-VC,0.3681562395598334,0.0020556982925304,0.05807748798403,0.0797385620915032
IMG_0054,4,EHHO-VC,0.3754486082595688,0.00183263164452,0.0583523854551891,0.4823529411764706
IMG_0054,4,BDA-EHHO-VC-Calibrated,0.3751866386737949,0.0019946055284973,0.0583106470956938,0.5032679738562091
IMG_0054,4,BEHHO-VC-Calibrated,0.3750044884091817,0.0016291464944737,0.0582717872437498,0.3098039215686274
IMG_0054,4,HHO-VC,0.37444002154455,0.0018284903458676,0.0582825816470676,0.5803921568627451
IMG_0054,4,MO-BDA-EHHO-VC,0.3609565334046572,0.0013576821078913,0.0581875908978712,0.3071895424836601
IMG_0054,5,BEHHO-VC-Calibrated,0.3642678330326143,0.0025376598593907,0.0581516095534787,0.734640522875817
IMG_0054,5,HHO-VC,0.364250189474564,0.0027489094298495,0.0581904694054226,0.7254901960784313
IMG_0054,5,BDA-EHHO-VC-Calibrated,0.3691230455843635,0.0021025337661763,0.0581336188812824,0.5830065359477123
IMG_0054,5,EHHO-VC,0.364250189474564,0.0027489094298495,0.0581904694054226,0.7254901960784313
IMG_0054,5,MO-BDA-EHHO-VC,0.3711290605645401,0.0022396725949723,0.0580227963405533,0.0993464052287581
IMG_0055,1,BDA-EHHO-VC-Calibrated,0.4393416563719143,0.0027132070916285,0.0580364692514225,0.0392156862745098
IMG_0055,1,HHO-VC,0.4269369735988973,0.0019753385310508,0.0580321514900954,0.1202614379084967
IMG_0055,1,BEHHO-VC-Calibrated,0.4411854674515693,0.0026621302203628,0.0581508899265908,0.0339869281045751
IMG_0055,1,EHHO-VC,0.4387833952309154,0.002631168262504,0.0581206655973011,0.0941176470588235
IMG_0055,1,MO-BDA-EHHO-VC,0.4200108865188795,0.0012932464337686,0.0581019552982169,0.1254901960784313
IMG_0055,2,BDA-EHHO-VC-Calibrated,0.4264803068420656,0.0019140100271864,0.0585409276998062,0.2156862745098039
IMG_0055,2,HHO-VC,0.4447348535188222,0.0015255234605247,0.0585380491922548,0.0601307189542483
IMG_0055,2,EHHO-VC,0.453957515517735,0.0018273428441781,0.058474002399236,0.0549019607843137
IMG_0055,2,BEHHO-VC-Calibrated,0.4536515216988219,0.0018633467504192,0.0584610491152547,0.0679738562091503
IMG_0055,2,MO-BDA-EHHO-VC,0.422209211202086,0.0019097904233066,0.0584668061303575,0.0901960784313725
IMG_0055,3,BDA-EHHO-VC-Calibrated,0.4417702277944385,0.0009393098914255,0.0580120019372355,0.1281045751633986
IMG_0055,3,HHO-VC,0.4438695318178766,0.0010563262416115,0.058130740373731,0.0366013071895424
IMG_0055,3,EHHO-VC,0.4432475879304022,0.0008277568142596,0.0580947590293384,0.0431372549019607
IMG_0055,3,BEHHO-VC-Calibrated,0.4442536517182142,0.0008612532691793,0.0582379647800208,0.0444444444444444
IMG_0055,3,MO-BDA-EHHO-VC,0.4196234817334538,0.0010957118128674,0.058232207764918,0.2104575163398692
IMG_0055,4,EHHO-VC,0.4572376341359515,0.0020072423421165,0.0582681891093106,0.188235294117647
IMG_0055,4,BDA-EHHO-VC-Calibrated,0.4264437667285601,0.0020970115132298,0.0582833012739554,0.2183006535947712
IMG_0055,4,HHO-VC,0.4572376341359515,0.0020072423421165,0.0582681891093106,0.188235294117647
IMG_0055,4,BEHHO-VC-Calibrated,0.4568471730528021,0.0020223734283281,0.0582991330654882,0.1777777777777777
IMG_0055,4,MO-BDA-EHHO-VC,0.4247842901927779,0.0016366323964487,0.0580818057453571,0.0640522875816993
IMG_0055,5,EHHO-VC,0.4159314402184326,0.0017182149578525,0.0586740586740586,0.4339869281045752
IMG_0055,5,HHO-VC,0.4158697893596405,0.0016549044424298,0.0586697409127315,0.4379084967320261
IMG_0055,5,BDA-EHHO-VC-Calibrated,0.4209561376015687,0.0018565917238997,0.0588777130833205,0.1816993464052287
IMG_0055,5,BEHHO-VC-Calibrated,0.4443217368880036,0.0024251785920768,0.0589655075636384,0.0483660130718954
IMG_0055,5,MO-BDA-EHHO-VC,0.4197963869091077,0.0017578803808009,0.0587395447208531,0.1111111111111111
IMG_0056,1,BEHHO-VC-Calibrated,0.4301118601231786,0.0022623309246242,0.0584955912058715,0.2771241830065359
IMG_0056,1,EHHO-VC,0.431112133031093,0.0026470769829945,0.0585229370276099,0.1973856209150327
IMG_0056,1,BDA-EHHO-VC-Calibrated,0.4365110871931038,0.0020956805261689,0.0585970585970586,0.261437908496732
IMG_0056,1,HHO-VC,0.431153854458191,0.002613611925396,0.0585538809837875,0.1986928104575163
IMG_0056,1,MO-BDA-EHHO-VC,0.4226396608972685,0.00237757246818,0.0583696565004976,0.0784313725490196
IMG_0056,2,HHO-VC,0.4281316839813752,0.0018964191330083,0.0580674132076001,0.1934640522875817
IMG_0056,2,BDA-EHHO-VC-Calibrated,0.4374793240052109,0.0018893284232586,0.0580537402967309,0.3019607843137254
IMG_0056,2,EHHO-VC,0.4265611702613287,0.0019184403518401,0.0580890020142356,0.1869281045751634
IMG_0056,2,BEHHO-VC-Calibrated,0.4340550344896624,0.0016719231330477,0.0581681609718992,0.2679738562091503
IMG_0056,2,MO-BDA-EHHO-VC,0.4215815469199682,0.0012494998327608,0.0581746376138899,0.1411764705882353
IMG_0056,3,BEHHO-VC-Calibrated,0.4415724008855335,0.0020329542551676,0.0582487591833386,0.3032679738562091
IMG_0056,3,BDA-EHHO-VC-Calibrated,0.4648446772639121,0.0019702900861387,0.0583164041107966,0.8013071895424837
IMG_0056,3,HHO-VC,0.4501278417664279,0.0021694460581803,0.0581803946289927,0.5712418300653594
IMG_0056,3,EHHO-VC,0.4239847282126491,0.0018987884819447,0.05825163769089,0.0483660130718954
IMG_0056,3,MO-BDA-EHHO-VC,0.4224282768486112,0.0017232390835284,0.0581775161214413,0.0457516339869281
IMG_0056,4,BDA-EHHO-VC-Calibrated,0.4443357850672794,0.0020983044198033,0.0583401517980957,0.3503267973856209
IMG_0056,4,BEHHO-VC-Calibrated,0.4377545093271252,0.0015145983769874,0.0583056097074788,0.0431372549019607
IMG_0056,4,HHO-VC,0.460480766687797,0.001975519619285,0.0583761331424882,0.5947712418300654
IMG_0056,4,EHHO-VC,0.4597694620732489,0.0019910656179408,0.0583710957542733,0.5777777777777778
IMG_0056,4,MO-BDA-EHHO-VC,0.4203497827415299,0.0017618649459193,0.0581947871667497,0.0588235294117647
IMG_0056,5,EHHO-VC,0.4593770283658069,0.0031719024683657,0.0585970585970586,0.7294117647058823
IMG_0056,5,BEHHO-VC-Calibrated,0.452118786912953,0.0034358147419649,0.058662544643853,0.5084967320261438
IMG_0056,5,BDA-EHHO-VC-Calibrated,0.4478679085554227,0.003285554973711,0.0585380491922548,0.4901960784313725
IMG_0056,5,HHO-VC,0.4568338923427369,0.0032059937327031,0.0585351706847033,0.6915032679738562
IMG_0056,5,MO-BDA-EHHO-VC,0.4290548806165014,0.0030455247473825,0.0583451891863106,0.1281045751633986
IMG_0057,1,BDA-EHHO-VC-Calibrated,0.4181746372154806,0.0016821152733762,0.0579400392484504,0.1464052287581699
IMG_0057,1,HHO-VC,0.4134795035483843,0.0014442899027849,0.0578349737228241,0.2130718954248366
IMG_0057,1,EHHO-VC,0.4132154682101323,0.0016373520223187,0.0577925157364409,0.2013071895424836
IMG_0057,1,BEHHO-VC-Calibrated,0.4189287469305579,0.0017392843293287,0.057956590666871,0.196078431372549
IMG_0057,1,MO-BDA-EHHO-VC,0.4166247725540161,0.0011827518156891,0.0577493381231699,0.0941176470588235
IMG_0057,2,BEHHO-VC-Calibrated,0.4195474228653416,0.001615299963643,0.0580983571637777,0.5699346405228759
IMG_0057,2,EHHO-VC,0.4246131897782773,0.0020219962545894,0.0580472636547403,0.057516339869281
IMG_0057,2,HHO-VC,0.4231546584681792,0.0017403839236876,0.0580415066396374,0.0862745098039215
IMG_0057,2,BDA-EHHO-VC-Calibrated,0.4107397146623612,0.0016826884152622,0.0581235441048525,0.5777777777777778
IMG_0057,2,MO-BDA-EHHO-VC,0.4156007350264052,0.0014731815340626,0.0580767683571421,0.2065359477124183
IMG_0057,3,BDA-EHHO-VC-Calibrated,0.4309325297974523,0.0009975705821653,0.0582552358253292,0.2967320261437908
IMG_0057,3,EHHO-VC,0.4262387422559462,0.0013234365552973,0.0583178433645723,0.5189542483660131
IMG_0057,3,HHO-VC,0.426296295474577,0.0013453321614981,0.0583027311999274,0.5254901960784314
IMG_0057,3,BEHHO-VC-Calibrated,0.4341898574088206,0.0008887966938632,0.0582444414220115,0.0339869281045751
IMG_0057,3,MO-BDA-EHHO-VC,0.4226075219122465,0.0010242038910867,0.0580076841759084,0.0849673202614379
IMG_0057,4,EHHO-VC,0.4517268090854094,0.0029801516071451,0.0584819182950024,0.0091503267973856
IMG_0057,4,BEHHO-VC-Calibrated,0.4369336762054157,0.0020941458212691,0.0585286940427127,0.0954248366013071
IMG_0057,4,BDA-EHHO-VC-Calibrated,0.4409883504085231,0.0022627683397336,0.0584070770986658,0.1542483660130719
IMG_0057,4,HHO-VC,0.4553930371606535,0.0031055809057991,0.0583516658283013,0.0078431372549019
IMG_0057,4,MO-BDA-EHHO-VC,0.4136731085798123,0.0024291061438867,0.0581947871667497,0.0888888888888888
IMG_0057,5,EHHO-VC,0.4463546504422228,0.0018926755432435,0.0581343385081702,0.0261437908496732
IMG_0057,5,HHO-VC,0.4391743064834291,0.0017552472939659,0.0582401236606844,0.0287581699346405
IMG_0057,5,BDA-EHHO-VC-Calibrated,0.4316485839494603,0.0013246342339573,0.0582602732135442,0.061437908496732
IMG_0057,5,BEHHO-VC-Calibrated,0.4463546504422228,0.0018926755432435,0.0581343385081702,0.0261437908496732
IMG_0057,5,MO-BDA-EHHO-VC,0.4153550544068928,0.0009946433932734,0.0580796468646936,0.2666666666666666
IMG_0058,1,BDA-EHHO-VC-Calibrated,0.4437814580194039,0.0034185712913656,0.0584696846379089,0.2104575163398692
IMG_0058,1,BEHHO-VC-Calibrated,0.458765774598003,0.0032493775099563,0.0582019834356282,0.0117647058823529
IMG_0058,1,EHHO-VC,0.4653308121690879,0.0035270319858996,0.0582559554522171,0.0091503267973856
IMG_0058,1,HHO-VC,0.4653308121690879,0.0035270319858996,0.0582559554522171,0.0091503267973856
IMG_0058,1,MO-BDA-EHHO-VC,0.4402036763217761,0.0029624713059479,0.0580307122363197,0.0418300653594771
IMG_0058,2,EHHO-VC,0.4696961873975747,0.0031842500412625,0.0582077404507311,0.0078431372549019
IMG_0058,2,BDA-EHHO-VC-Calibrated,0.4395080257085884,0.0042836923095428,0.0581544880610301,0.2143790849673202
IMG_0058,2,HHO-VC,0.4696961873975747,0.0031842500412625,0.0582077404507311,0.0078431372549019
IMG_0058,2,BEHHO-VC-Calibrated,0.4432254065562606,0.0038432360247373,0.0581854320172077,0.1006535947712418
IMG_0058,2,MO-BDA-EHHO-VC,0.4425008184759826,0.0035001565798891,0.058058058058058,0.1058823529411764
IMG_0058,3,BEHHO-VC-Calibrated,0.4555590748547447,0.0024820477987598,0.0583351144098807,0.0169934640522875
IMG_0058,3,HHO-VC,0.4439547441739984,0.0018340255784792,0.0583099274688059,0.3843137254901961
IMG_0058,3,BDA-EHHO-VC-Calibrated,0.448683031475128,0.0027017311291947,0.0582955349310489,0.0196078431372549
IMG_0058,3,EHHO-VC,0.4641844634691383,0.0022977648638822,0.058246600302675,0.0091503267973856
IMG_0058,3,MO-BDA-EHHO-VC,0.426818218296406,0.0023383746403915,0.0581976656743011,0.1581699346405229
IMG_0058,4,BDA-EHHO-VC-Calibrated,0.4287729704435716,0.0018803509773963,0.0581264226124039,0.4156862745098039
IMG_0058,4,EHHO-VC,0.433739742095335,0.0015985445851286,0.0581811142558806,0.4549019607843137
IMG_0058,4,HHO-VC,0.433739742095335,0.0015985445851286,0.0581811142558806,0.4549019607843137
IMG_0058,4,BEHHO-VC-Calibrated,0.4430305908584213,0.0009347036998196,0.0582840209008433,0.273202614379085
IMG_0058,4,MO-BDA-EHHO-VC,0.429302565035838,0.0012387749551882,0.0581293011199553,0.0875816993464052
IMG_0058,5,HHO-VC,0.4322681051096793,0.003562390093798,0.0585164603856192,0.1137254901960784
IMG_0058,5,EHHO-VC,0.4324620572552532,0.0035464214716118,0.0585006285940865,0.2522875816993464
IMG_0058,5,BEHHO-VC-Calibrated,0.4341233709561491,0.0037413347015339,0.058435142547292,0.0627450980392156
IMG_0058,5,BDA-EHHO-VC-Calibrated,0.4334712704689745,0.0035248980412663,0.058488394936993,0.0849673202614379
IMG_0058,5,MO-BDA-EHHO-VC,0.4253590774200029,0.0030936896087909,0.0583164041107966,0.1712418300653594
IMG_0059,1,EHHO-VC,0.3487195520499749,0.0017737340557051,0.0578277774539456,0.5647058823529412
IMG_0059,1,BEHHO-VC-Calibrated,0.3491684299040204,0.0018053877963074,0.0577766839449082,0.7281045751633987
IMG_0059,1,HHO-VC,0.3486854671340868,0.0017523742091993,0.0578126652893008,0.5647058823529412
IMG_0059,1,BDA-EHHO-VC-Calibrated,0.3513313066133512,0.0016794012686169,0.0578731139478803,0.4418300653594771
IMG_0059,1,MO-BDA-EHHO-VC,0.3506771149751024,0.0016431438306835,0.0578061886473101,0.2509803921568627
IMG_0059,2,EHHO-VC,0.3608808654757194,0.0017246512375145,0.05841571262132,0.3281045751633987
IMG_0059,2,BEHHO-VC-Calibrated,0.3818388387151659,0.0014374886403424,0.0582940956772732,0.0261437908496732
IMG_0059,2,HHO-VC,0.3610860438007438,0.0014551013841941,0.0583718153811611,0.2745098039215686
IMG_0059,2,BDA-EHHO-VC-Calibrated,0.3589532982925172,0.0013141147588341,0.0584365818010677,0.4078431372549019
IMG_0059,2,MO-BDA-EHHO-VC,0.3493069199820378,0.0012714414071237,0.0580803664915814,0.1372549019607843
IMG_0059,3,BEHHO-VC-Calibrated,0.3488773535271827,0.0016701264615086,0.0584840771756659,0.5045751633986928
IMG_0059,3,HHO-VC,0.3477789912413547,0.0015292695888879,0.0584639276228061,0.5843137254901961
IMG_0059,3,EHHO-VC,0.3479265232195629,0.0015566094516288,0.0584466565774977,0.5673202614379085
IMG_0059,3,BDA-EHHO-VC-Calibrated,0.3488976470054201,0.0012462840355051,0.0584811986681145,0.6928104575163399
IMG_0059,3,MO-BDA-EHHO-VC,0.3529318414739191,0.0012845458595508,0.0580868431335721,0.0993464052287581
IMG_0059,4,HHO-VC,0.3483822840931357,0.0021544667469803,0.0585625165064417,0.4967320261437908
IMG_0059,4,BEHHO-VC-Calibrated,0.3462239791310925,0.0021904175313144,0.0585049463554136,0.6745098039215687
IMG_0059,4,BDA-EHHO-VC-Calibrated,0.3699634034202694,0.0022502284699476,0.0583790116500396,0.4562091503267974
IMG_0059,4,EHHO-VC,0.3480041497952653,0.0022167803058937,0.0585697127753202,0.5084967320261438
IMG_0059,4,MO-BDA-EHHO-VC,0.3529658586602178,0.0010685352081702,0.0581105908208711,0.057516339869281
IMG_0059,5,BEHHO-VC-Calibrated,0.3627861157591994,0.002222738225923,0.0581897497785348,0.049673202614379
IMG_0059,5,HHO-VC,0.3649371482565761,0.0022423652428957,0.0580429458934131,0.0392156862745098
IMG_0059,5,BDA-EHHO-VC-Calibrated,0.3539119140317816,0.0026448782920369,0.0581976656743011,0.3045751633986928
IMG_0059,5,EHHO-VC,0.3648060661024043,0.0020677625355843,0.0580897216411235,0.0732026143790849
IMG_0059,5,MO-BDA-EHHO-VC,0.3531252263841814,0.0024493446977064,0.0580594973118337,0.0405228758169934
IMG_0060,1,BEHHO-VC-Calibrated,0.4083617240292422,0.0015278228882206,0.0582005441818525,0.3241830065359477
IMG_0060,1,HHO-VC,0.4112228250761597,0.0013608402517544,0.0583149648570209,0.4784313725490196
IMG_0060,1,EHHO-VC,0.4112300298112369,0.0013686731332854,0.058314245230133,0.4810457516339869
IMG_0060,1,BDA-EHHO-VC-Calibrated,0.4001121415080819,0.0011248495523297,0.0583574228434041,0.5228758169934641
IMG_0060,1,MO-BDA-EHHO-VC,0.4086035694607524,0.000786253411172,0.0581444132846002,0.2039215686274509
IMG_0060,2,HHO-VC,0.406903700691065,0.002100987561585,0.0585387688191426,0.2601307189542483
IMG_0060,2,BEHHO-VC-Calibrated,0.4108151860758874,0.0011410945308585,0.058614329642367,0.1385620915032679
IMG_0060,2,EHHO-VC,0.4055567962105706,0.0018588737429919,0.058367497619834,0.0522875816993464
IMG_0060,2,BDA-EHHO-VC-Calibrated,0.4042795346804229,0.0016823726000781,0.0584272266515257,0.130718954248366
IMG_0060,2,MO-BDA-EHHO-VC,0.3995853915585722,0.0013974006407554,0.0583926845609088,0.0836601307189542
IMG_0060,3,BEHHO-VC-Calibrated,0.4285769407260422,0.0012706091501059,0.0580702917151515,0.0104575163398692
IMG_0060,3,HHO-VC,0.4338013388036563,0.0014070729032803,0.0580702917151515,0.0078431372549019
IMG_0060,3,BDA-EHHO-VC-Calibrated,0.4118362435015627,0.0013071451804916,0.0581674413450114,0.5555555555555555
IMG_0060,3,EHHO-VC,0.4338013388036563,0.0014070729032803,0.0580702917151515,0.0078431372549019
IMG_0060,3,MO-BDA-EHHO-VC,0.4010607198068526,0.0010779561611692,0.0581516095534787,0.1503267973856209
IMG_0060,4,HHO-VC,0.4052022826070191,0.0023462729389944,0.0579220485762541,0.5934640522875817
IMG_0060,4,BEHHO-VC-Calibrated,0.4038483511816198,0.0031245143100021,0.0579256467106934,0.85359477124183
IMG_0060,4,EHHO-VC,0.406563274842118,0.0024815933851703,0.0578400111110391,0.6692810457516339
IMG_0060,4,BDA-EHHO-VC-Calibrated,0.4065563240930012,0.0026688041784868,0.0578637587983382,0.734640522875817
IMG_0060,4,MO-BDA-EHHO-VC,0.3942701342367179,0.0017292348220662,0.0578795905898709,0.2248366013071895
IMG_0060,5,BDA-EHHO-VC-Calibrated,0.3999592080951155,0.0019815682541877,0.0583962826953481,0.530718954248366
IMG_0060,5,EHHO-VC,0.399385377614743,0.0025653382742457,0.0584128341137686,0.5660130718954248
IMG_0060,5,HHO-VC,0.3963990868879355,0.0023009264940257,0.0583329555292172,0.5712418300653594
IMG_0060,5,BEHHO-VC-Calibrated,0.3965250385257068,0.0023567572507537,0.0583264788872265,0.5228758169934641
IMG_0060,5,MO-BDA-EHHO-VC,0.3915023899626514,0.0021051802707298,0.0583020115730396,0.3620915032679738
IMG_0061,1,BEHHO-VC-Calibrated,0.3360859211197147,0.0020636809785526,0.0581249833586282,0.2026143790849673
IMG_0061,1,EHHO-VC,0.3277901978157451,0.0025394922639832,0.0580530206698431,0.6928104575163399
IMG_0061,1,HHO-VC,0.3277774477205322,0.0025140386089512,0.0580515814160674,0.6993464052287582
IMG_0061,1,BDA-EHHO-VC-Calibrated,0.3288774778475001,0.0021607210042811,0.0581393758963852,0.645751633986928
IMG_0061,1,MO-BDA-EHHO-VC,0.333623197051713,0.0019998148140747,0.0581091515670955,0.1529411764705882
IMG_0061,2,BEHHO-VC-Calibrated,0.3266080878925687,0.0013578245656972,0.0583128059763573,0.3529411764705882
IMG_0061,2,BDA-EHHO-VC-Calibrated,0.3310332260175419,0.0012159225746866,0.0583682172467219,0.3084967320261438
IMG_0061,2,EHHO-VC,0.3219734452150453,0.0011166148544547,0.0583768527693761,0.6875816993464052
IMG_0061,2,HHO-VC,0.3325911166353555,0.0017705352579305,0.0584847968025538,0.2745098039215686
IMG_0061,2,MO-BDA-EHHO-VC,0.3379559943476769,0.0013835336560754,0.0582617124673199,0.2405228758169934
IMG_0061,3,EHHO-VC,0.3211743969173714,0.0027377454959403,0.0584387406817313,0.5647058823529412
IMG_0061,3,HHO-VC,0.3210228011637965,0.0024960485520014,0.0584804790412267,0.542483660130719
IMG_0061,3,BDA-EHHO-VC-Calibrated,0.3228300636637473,0.0024599139255507,0.05841571262132,0.4875816993464052
IMG_0061,3,BEHHO-VC-Calibrated,0.3202754813400611,0.0021371855289146,0.0584092359793294,0.5934640522875817
IMG_0061,3,MO-BDA-EHHO-VC,0.3297489375424892,0.0019524032579571,0.0582286096304787,0.2588235294117647
IMG_0061,4,EHHO-VC,0.345928452787425,0.0029306887225601,0.0581019552982169,0.0862745098039215
IMG_0061,4,HHO-VC,0.345928452787425,0.0029306887225601,0.0581019552982169,0.0862745098039215
IMG_0061,4,BDA-EHHO-VC-Calibrated,0.3460519830923737,0.0023573408979117,0.0582775442588526,0.1895424836601307
IMG_0061,4,BEHHO-VC-Calibrated,0.336605500198942,0.0027241297455837,0.0581321796275067,0.2444444444444444
IMG_0061,4,MO-BDA-EHHO-VC,0.3356732193326314,0.0027757764430954,0.0579875346230486,0.0732026143790849
IMG_0061,5,BDA-EHHO-VC-Calibrated,0.336816147688314,0.0019985147701297,0.0582451610488993,0.3424836601307189
IMG_0061,5,EHHO-VC,0.3417841046078927,0.0017477826678969,0.0583646191122826,0.0274509803921568
IMG_0061,5,HHO-VC,0.3391996027380692,0.0019296706649188,0.0582206937347124,0.0692810457516339
IMG_0061,5,BEHHO-VC-Calibrated,0.3353243950145932,0.0018963410896598,0.058198385301189,0.3803921568627451
IMG_0061,5,MO-BDA-EHHO-VC,0.332588559843354,0.0017396113075327,0.0581242637317403,0.2941176470588235
IMG_0062,1,BEHHO-VC-Calibrated,0.4181282913182578,0.0013535377014743,0.0581321796275067,0.0352941176470588
IMG_0062,1,EHHO-VC,0.4246935744091044,0.0014472049505118,0.0580191982061141,0.0339869281045751
IMG_0062,1,BDA-EHHO-VC-Calibrated,0.4156440377070113,0.0014657454956646,0.0580854038797964,0.0823529411764705
IMG_0062,1,HHO-VC,0.4250595173808747,0.0014791589806985,0.0579947308919271,0.0274509803921568
IMG_0062,1,MO-BDA-EHHO-VC,0.4076483734166796,0.0013043828792236,0.0580832449991328,0.0745098039215686
IMG_0062,2,EHHO-VC,0.417949019561196,0.0031864956441059,0.0582264507498152,0.0274509803921568
IMG_0062,2,BEHHO-VC-Calibrated,0.4093808624498833,0.0027711889373355,0.0582228526153759,0.5529411764705883
IMG_0062,2,HHO-VC,0.4156755827632952,0.0026574043180811,0.058271067616862,0.0901960784313725
IMG_0062,2,BDA-EHHO-VC-Calibrated,0.4083875910882777,0.0027546356827341,0.0582818620201797,0.5660130718954248
IMG_0062,2,MO-BDA-EHHO-VC,0.4024984609550574,0.002606085187246,0.0582883386621704,0.1111111111111111
IMG_0062,3,HHO-VC,0.4236316167776031,0.0040854424502421,0.0586913297193671,0.4915032679738562
IMG_0062,3,BDA-EHHO-VC-Calibrated,0.413265806301842,0.0035620334995945,0.0585819464324137,0.2784313725490196
IMG_0062,3,BEHHO-VC-Calibrated,0.4131861478384562,0.0033961446521906,0.0586459932254324,0.2078431372549019
IMG_0062,3,EHHO-VC,0.4236316167776031,0.0040854424502421,0.0586913297193671,0.4915032679738562
IMG_0062,3,MO-BDA-EHHO-VC,0.4080373867798546,0.003017826822904,0.0583876471726939,0.0692810457516339
IMG_0062,4,HHO-VC,0.4122650931515961,0.0023790664333361,0.0581379366426095,0.0627450980392156
IMG_0062,4,BEHHO-VC-Calibrated,0.409020430973454,0.0023568241685029,0.0581386562694973,0.1124183006535947
IMG_0062,4,EHHO-VC,0.4135182937450937,0.0023844347904003,0.05816456283746,0.0300653594771241
IMG_0062,4,BDA-EHHO-VC-Calibrated,0.4200634696140738,0.0022143928104591,0.0581041141788805,0.2274509803921568
IMG_0062,4,MO-BDA-EHHO-VC,0.4160631230078998,0.002029102150919,0.0579904131306,0.0666666666666666
IMG_0062,5,EHHO-VC,0.419650886353772,0.001885964277151,0.0580544599236188,0.6692810457516339
IMG_0062,5,BDA-EHHO-VC-Calibrated,0.4171307699249145,0.0021455015846305,0.0580227963405533,0.6470588235294118
IMG_0062,5,BEHHO-VC-Calibrated,0.4191420762792665,0.0021445138660073,0.0579623476819738,0.6993464052287582
IMG_0062,5,HHO-VC,0.4175775481616872,0.0018686250845366,0.0580861235066842,0.592156862745098
IMG_0062,5,MO-BDA-EHHO-VC,0.4056578769786845,0.0018838733021593,0.0579853757423851,0.2366013071895425
IMG_0063,1,BEHHO-VC-Calibrated,0.643473681783462,0.0012118903737712,0.05850278747475,0.4627450980392157
IMG_0063,1,HHO-VC,0.6570394867731263,0.0012553180682124,0.0585740305366473,0.4954248366013071
IMG_0063,1,EHHO-VC,0.6184977014473937,0.0011018519069251,0.0584876753101052,0.134640522875817
IMG_0063,1,BDA-EHHO-VC-Calibrated,0.5802529357699726,0.0013962332457888,0.0583257592603387,0.2888888888888889
IMG_0063,1,MO-BDA-EHHO-VC,0.5539485072665337,0.0011802717629458,0.0584919930714323,0.0522875816993464
IMG_0063,2,EHHO-VC,0.6211681183014279,0.0016862998634462,0.0585675538946567,0.4013071895424836
IMG_0063,2,BEHHO-VC-Calibrated,0.5752791625719005,0.0021363534883207,0.0585279744158248,0.0235294117647058
IMG_0063,2,HHO-VC,0.6211681183014279,0.0016862998634462,0.0585675538946567,0.4013071895424836
IMG_0063,2,BDA-EHHO-VC-Calibrated,0.6268798053765015,0.0019007939665309,0.0583473480669742,0.4156862745098039
IMG_0063,2,MO-BDA-EHHO-VC,0.550781395468306,0.0012551806396787,0.0583854882920303,0.0339869281045751
IMG_0063,3,HHO-VC,0.6418717584663105,0.0030765458002045,0.0584783201605631,0.5189542483660131
IMG_0063,3,EHHO-VC,0.6525658034649185,0.0029771122935155,0.0583221611258994,0.5058823529411764
IMG_0063,3,BDA-EHHO-VC-Calibrated,0.6299142095104108,0.003136744613748,0.0584437780699462,0.4522875816993464
IMG_0063,3,BEHHO-VC-Calibrated,0.6372402990794911,0.0030696949884664,0.0585286940427127,0.6444444444444445
IMG_0063,3,MO-BDA-EHHO-VC,0.5081348753066676,0.0027102964706188,0.0583926845609088,0.0248366013071895
IMG_0063,4,BDA-EHHO-VC-Calibrated,0.6206063098231818,0.002261614174645,0.058566114640881,0.4209150326797385
IMG_0063,4,HHO-VC,0.6460532309270574,0.0024126337897642,0.0586359184490025,0.4326797385620914
IMG_0063,4,BEHHO-VC-Calibrated,0.6108560258562953,0.0020369496399608,0.058541647326694,0.2797385620915033
IMG_0063,4,EHHO-VC,0.6460532309270574,0.0024126337897642,0.0586359184490025,0.4326797385620914
IMG_0063,4,MO-BDA-EHHO-VC,0.5529313781570463,0.0013004639295916,0.0584963108327594,0.0352941176470588
IMG_0063,5,BEHHO-VC-Calibrated,0.5942876750383568,0.0018348670311968,0.0586013763583857,0.1647058823529411
IMG_0063,5,HHO-VC,0.6551164490062182,0.0014955113028251,0.0584128341137686,0.4562091503267974
IMG_0063,5,BDA-EHHO-VC-Calibrated,0.6374617409721809,0.0016617849969861,0.0585553202375632,0.2588235294117647
IMG_0063,5,EHHO-VC,0.6551164490062182,0.0014955113028251,0.0584128341137686,0.4562091503267974
IMG_0063,5,MO-BDA-EHHO-VC,0.5858536055817475,0.001401137798344,0.0584696846379089,0.1529411764705882
IMG_0064,1,BEHHO-VC-Calibrated,0.4391536935472949,0.0014336138291417,0.058106273059544,0.1830065359477124
IMG_0064,1,HHO-VC,0.4540486663312176,0.0011915087477223,0.0581940675398619,0.0078431372549019
IMG_0064,1,BDA-EHHO-VC-Calibrated,0.4256750480730474,0.0014420913629842,0.0579501140248803,0.4183006535947712
IMG_0064,1,EHHO-VC,0.4540486663312176,0.0011915087477223,0.0581940675398619,0.0078431372549019
IMG_0064,1,MO-BDA-EHHO-VC,0.4199389952781711,0.0011072138265531,0.0578853476049737,0.3006535947712418
IMG_0064,2,EHHO-VC,0.4316575011143239,0.002459100205253,0.0583746938887125,0.1712418300653594
IMG_0064,2,BEHHO-VC-Calibrated,0.440842116016366,0.0027740905659007,0.0585524417300118,0.0300653594771241
IMG_0064,2,BDA-EHHO-VC-Calibrated,0.4339696453725924,0.0030208540217645,0.0583948434415724,0.0758169934640522
IMG_0064,2,HHO-VC,0.4426955531639208,0.0030282716130845,0.0585114229974043,0.0156862745098039
IMG_0064,2,MO-BDA-EHHO-VC,0.4227917909841828,0.0020097518444967,0.0583315162754415,0.2470588235294117
IMG_0064,3,HHO-VC,0.4266967489298225,0.0036020539258308,0.0580602169387216,0.1529411764705882
IMG_0064,3,EHHO-VC,0.4267337292856594,0.0035818578893165,0.0580990767906655,0.1241830065359477
IMG_0064,3,BDA-EHHO-VC-Calibrated,0.4174184894041742,0.0028108769533825,0.0579774598466187,0.2300653594771241
IMG_0064,3,BEHHO-VC-Calibrated,0.4268560319917993,0.0033011339194017,0.0580429458934131,0.0967320261437908
IMG_0064,3,MO-BDA-EHHO-VC,0.4169093576141189,0.0027903525456934,0.0579429177560018,0.2418300653594771
IMG_0064,4,BEHHO-VC-Calibrated,0.4457764197961893,0.0019452405192093,0.0581048338057683,0.0117647058823529
IMG_0064,4,BDA-EHHO-VC-Calibrated,0.4339789497249424,0.0013053530053655,0.058299852692376,0.0980392156862745
IMG_0064,4,HHO-VC,0.451453378524275,0.0017513631988532,0.0581429740308244,0.0091503267973856
IMG_0064,4,EHHO-VC,0.4415301216521451,0.0019376204621816,0.0581336188812824,0.0130718954248366
IMG_0064,4,MO-BDA-EHHO-VC,0.4191391596240199,0.0013744160379761,0.0581415347770487,0.0993464052287581
IMG_0064,5,BDA-EHHO-VC-Calibrated,0.4182231338591761,0.0016179900600007,0.0580911608948992,0.2993464052287581
IMG_0064,5,EHHO-VC,0.4140835013523088,0.0014840078547817,0.0580120019372355,0.6418300653594771
IMG_0064,5,BEHHO-VC-Calibrated,0.4179578539897181,0.0014006531749277,0.0581005160444412,0.3542483660130718
IMG_0064,5,HHO-VC,0.4140955995502234,0.0014153025523844,0.057976020592843,0.6366013071895426
IMG_0064,5,MO-BDA-EHHO-VC,0.4255299882248539,0.001378388977276,0.0578817494705345,0.1281045751633986
IMG_0065,1,BEHHO-VC-Calibrated,0.4629406642406675,0.0021639036602524,0.0584560117270397,0.0078431372549019
IMG_0065,1,HHO-VC,0.4629406642406675,0.0021639036602524,0.0584560117270397,0.0078431372549019
IMG_0065,1,EHHO-VC,0.4629406642406675,0.0021639036602524,0.0584560117270397,0.0078431372549019
IMG_0065,1,BDA-EHHO-VC-Calibrated,0.4555707366948191,0.0020780886628183,0.0584711238916846,0.0091503267973856
IMG_0065,1,MO-BDA-EHHO-VC,0.4141493601442506,0.0013743779243834,0.0581343385081702,0.1215686274509803
IMG_0065,2,EHHO-VC,0.4515623556660972,0.0025972247441627,0.0586006567314978,0.0130718954248366
IMG_0065,2,HHO-VC,0.4487418161770586,0.0024820056810821,0.0586862923311521,0.0196078431372549
IMG_0065,2,BEHHO-VC-Calibrated,0.4378588479548929,0.0022447905694332,0.0586244044187969,0.0222222222222222
IMG_0065,2,BDA-EHHO-VC-Calibrated,0.4355014603308753,0.0022425525475105,0.0586316006876754,0.2444444444444444
IMG_0065,2,MO-BDA-EHHO-VC,0.4189750595273992,0.0023384297228431,0.0584581706077033,0.1751633986928104
IMG_0065,3,EHHO-VC,0.4130302556716552,0.0014785625458933,0.0581321796275067,0.4130718954248366
IMG_0065,3,BEHHO-VC-Calibrated,0.4147688319017103,0.0019149703009577,0.0581177870897497,0.3751633986928104
IMG_0065,3,BDA-EHHO-VC-Calibrated,0.4152931774507948,0.0016965664399652,0.0582933760503854,0.1803921568627451
IMG_0065,3,HHO-VC,0.4128690169177832,0.0014364019948115,0.0581084319402076,0.4078431372549019
IMG_0065,3,MO-BDA-EHHO-VC,0.4138013485812858,0.0012963247762128,0.0581458525383759,0.192156862745098
IMG_0065,4,BDA-EHHO-VC-Calibrated,0.4145211786579053,0.0007388937274455,0.0583739742618247,0.1529411764705882
IMG_0065,4,HHO-VC,0.4162543365208048,0.0007825503497194,0.0581199459704132,0.3751633986928104
IMG_0065,4,EHHO-VC,0.4349570075599244,0.0010550346616029,0.0580868431335721,0.0235294117647058
IMG_0065,4,BEHHO-VC-Calibrated,0.4283340611898643,0.00097588711006,0.0582667498555349,0.1738562091503268
IMG_0065,4,MO-BDA-EHHO-VC,0.4144552269701834,0.0006262994148089,0.0581883105247591,0.1202614379084967
IMG_0065,5,BDA-EHHO-VC-Calibrated,0.4404798730058246,0.0018356523721633,0.0585970585970586,0.1764705882352941
IMG_0065,5,HHO-VC,0.4421324326572847,0.0014885948672553,0.0584955912058715,0.3411764705882353
IMG_0065,5,BEHHO-VC-Calibrated,0.439517638728582,0.0021658519916994,0.0586064137466006,0.0509803921568627
IMG_0065,5,EHHO-VC,0.4421324326572847,0.0014885948672553,0.0584955912058715,0.3411764705882353
IMG_0065,5,MO-BDA-EHHO-VC,0.4145420986348451,0.0016436021387407,0.0583005723192639,0.0862745098039215
IMG_0066,1,BEHHO-VC-Calibrated,0.5478705998271801,0.0021478246732135,0.0579767402197308,0.0261437908496732
IMG_0066,1,BDA-EHHO-VC-Calibrated,0.5478705998271801,0.0021478246732135,0.0579767402197308,0.0261437908496732
IMG_0066,1,EHHO-VC,0.5653153461339385,0.0016451118416504,0.0581041141788805,0.0078431372549019
IMG_0066,1,HHO-VC,0.5653153461339385,0.0016451118416504,0.0581041141788805,0.0078431372549019
IMG_0066,1,MO-BDA-EHHO-VC,0.4988812036140346,0.0019201143475047,0.0580789272378057,0.065359477124183
IMG_0066,2,BDA-EHHO-VC-Calibrated,0.5546042078801945,0.0017622567014235,0.0581458525383759,0.0915032679738562
IMG_0066,2,EHHO-VC,0.5653153461339385,0.0011570261888757,0.0582897779159461,0.0078431372549019
IMG_0066,2,HHO-VC,0.5653153461339385,0.0011570261888757,0.0582897779159461,0.0078431372549019
IMG_0066,2,BEHHO-VC-Calibrated,0.5546042078801945,0.0017622567014235,0.0581458525383759,0.0915032679738562
IMG_0066,2,MO-BDA-EHHO-VC,0.5090369761667285,0.0013873610797287,0.0582617124673199,0.0627450980392156
IMG_0066,3,BDA-EHHO-VC-Calibrated,0.5564702004003925,0.0012036087690804,0.0577306278240857,0.6928104575163399
IMG_0066,3,BEHHO-VC-Calibrated,0.5375143730883255,0.0016846800161106,0.057782440960011,0.4
IMG_0066,3,EHHO-VC,0.5549739691075698,0.0012428788911522,0.0577119175250016,0.6666666666666666
IMG_0066,3,HHO-VC,0.5549739691075698,0.0012428788911522,0.0577119175250016,0.6666666666666666
IMG_0066,3,MO-BDA-EHHO-VC,0.523826510912283,0.0008903369629565,0.0578292167077213,0.1359477124183006
IMG_0066,4,EHHO-VC,0.5272647527232571,0.0028676868063969,0.0582825816470676,0.1607843137254902
IMG_0066,4,HHO-VC,0.5279522165223208,0.0030597577077713,0.0583271985141144,0.1633986928104575
IMG_0066,4,BEHHO-VC-Calibrated,0.5280570957915761,0.0027517051647722,0.0583257592603387,0.2797385620915033
IMG_0066,4,BDA-EHHO-VC-Calibrated,0.5467998458152497,0.0028433972646933,0.0581746376138899,0.4758169934640522
IMG_0066,4,MO-BDA-EHHO-VC,0.5272603672323406,0.0021180150115567,0.058145132911488,0.049673202614379
IMG_0066,5,BEHHO-VC-Calibrated,0.5187460551446367,0.002065856276213,0.0582552358253292,0.1320261437908496
IMG_0066,5,HHO-VC,0.5194907758453771,0.002075767379648,0.058266030228647,0.196078431372549
IMG_0066,5,EHHO-VC,0.5200567158285793,0.0020591175674343,0.0582329273918058,0.2039215686274509
IMG_0066,5,BDA-EHHO-VC-Calibrated,0.4993742665589942,0.0015069747535478,0.0582350862724694,0.065359477124183
IMG_0066,5,MO-BDA-EHHO-VC,0.4999758746372378,0.0017400271974773,0.0583092078419181,0.0444444444444444
IMG_0067,1,BEHHO-VC-Calibrated,0.3115737646988388,0.0020158778719221,0.0580328711169832,0.2235294117647059
IMG_0067,1,HHO-VC,0.3026684920222632,0.0017074315838133,0.0580868431335721,0.5568627450980392
IMG_0067,1,EHHO-VC,0.3022967073734032,0.0017728682800247,0.0581285814930674,0.5738562091503269
IMG_0067,1,BDA-EHHO-VC-Calibrated,0.3045900651367995,0.0020016883412088,0.0581724787332263,0.5111111111111112
IMG_0067,1,MO-BDA-EHHO-VC,0.3036478788180326,0.0013361087406414,0.0578918242469644,0.4483660130718954
IMG_0067,2,EHHO-VC,0.3067111696218402,0.0023992313040874,0.0576924875990296,0.3647058823529411
IMG_0067,2,BDA-EHHO-VC-Calibrated,0.3082788048343353,0.0025014199152834,0.0579839364886093,0.2640522875816993
IMG_0067,2,BEHHO-VC-Calibrated,0.3106889030113383,0.002829605973413,0.0579501140248803,0.196078431372549
IMG_0067,2,HHO-VC,0.3071139913550633,0.0025265451169098,0.0577169549132166,0.3385620915032679
IMG_0067,2,MO-BDA-EHHO-VC,0.3065838718584787,0.0019267599876499,0.0578666373058896,0.2849673202614379
IMG_0067,3,EHHO-VC,0.3012489560232879,0.003088242139828,0.0581573665685815,0.5333333333333333
IMG_0067,3,BDA-EHHO-VC-Calibrated,0.3061991423918361,0.0025645649131375,0.0583200022452358,0.3581699346405229
IMG_0067,3,BEHHO-VC-Calibrated,0.3049400239254609,0.0033940375721383,0.0579911327574879,0.4
IMG_0067,3,HHO-VC,0.3011001541152777,0.0029385737135103,0.0582681891093106,0.5032679738562091
IMG_0067,3,MO-BDA-EHHO-VC,0.3054205822949692,0.0026518430155744,0.0579875346230486,0.2901960784313726
IMG_0067,4,BEHHO-VC-Calibrated,0.3202241709303335,0.0011510126851485,0.0584632079959182,0.0156862745098039
IMG_0067,4,EHHO-VC,0.3231232174797374,0.0012316229261351,0.0586006567314978,0.0078431372549019
IMG_0067,4,BDA-EHHO-VC-Calibrated,0.314905975837537,0.0012396777545854,0.0585344510578155,0.049673202614379
IMG_0067,4,HHO-VC,0.3231232174797374,0.0012316229261351,0.0586006567314978,0.0078431372549019
IMG_0067,4,MO-BDA-EHHO-VC,0.3101694085940978,0.001124992043594,0.0585581987451146,0.1437908496732026
IMG_0067,5,HHO-VC,0.3010276241911809,0.0015334498187506,0.0583610209778434,0.5908496732026144
IMG_0067,5,BDA-EHHO-VC-Calibrated,0.3004824263947462,0.0013347428366911,0.0584408995623948,0.7006535947712418
IMG_0067,5,BEHHO-VC-Calibrated,0.2999422490541291,0.0016482078654047,0.0584337032935163,0.6640522875816994
IMG_0067,5,EHHO-VC,0.3011351787792193,0.0015905500980287,0.0583890864264695,0.5908496732026144
IMG_0067,5,MO-BDA-EHHO-VC,0.3063553268250958,0.0013563719289363,0.0581660020912357,0.2771241830065359
IMG_0068,1,BDA-EHHO-VC-Calibrated,0.4470863943196296,0.0015781708699339,0.0583862079189182,0.388235294117647
IMG_0068,1,EHHO-VC,0.4475465322179203,0.0013899617073189,0.0583365536636564,0.4627450980392157
IMG_0068,1,HHO-VC,0.4539067216457292,0.0016441491728522,0.0585020678478622,0.0418300653594771
IMG_0068,1,BEHHO-VC-Calibrated,0.4469122784775643,0.0014236688310342,0.058454572473264,0.1633986928104575
IMG_0068,1,MO-BDA-EHHO-VC,0.4508276921785745,0.0016447682545248,0.0582645909748713,0.1751633986928104
IMG_0068,2,EHHO-VC,0.4662437510250896,0.0019374387437288,0.0580278337287683,0.196078431372549
IMG_0068,2,BEHHO-VC-Calibrated,0.4634514209100547,0.0019069143551069,0.0580285533556561,0.1359477124183006
IMG_0068,2,HHO-VC,0.4663843999837704,0.0020227733695215,0.0580357496245346,0.1764705882352941
IMG_0068,2,BDA-EHHO-VC-Calibrated,0.4627250972590471,0.0018593477848472,0.0580731702227029,0.2287581699346405
IMG_0068,2,MO-BDA-EHHO-VC,0.4432694933064668,0.0017649227001709,0.0580033664145813,0.3032679738562091
IMG_0068,3,BEHHO-VC-Calibrated,0.4589363717550935,0.0012389390709834,0.0582833012739554,0.1673202614379084
IMG_0068,3,EHHO-VC,0.4538649070904458,0.001478549931052,0.0583941238146845,0.0418300653594771
IMG_0068,3,BDA-EHHO-VC-Calibrated,0.4616112841606271,0.001792443980679,0.0583775723962639,0.0823529411764705
IMG_0068,3,HHO-VC,0.4449310863919192,0.0014024072879415,0.0583012919461517,0.7320261437908496
IMG_0068,3,MO-BDA-EHHO-VC,0.4454989058712285,0.0010862017637369,0.0583588620971798,0.196078431372549
IMG_0068,4,BEHHO-VC-Calibrated,0.461497388389777,0.0030012356050705,0.0582063011969554,0.1124183006535947
IMG_0068,4,EHHO-VC,0.4468651894805028,0.0029081535844895,0.0581998245549647,0.4640522875816993
IMG_0068,4,HHO-VC,0.4661021623183553,0.0029158750066052,0.0582336470186937,0.0366013071895424
IMG_0068,4,BDA-EHHO-VC-Calibrated,0.4674886124128867,0.0032126997770037,0.0582278900035909,0.0758169934640522
IMG_0068,4,MO-BDA-EHHO-VC,0.4475897267635887,0.0026607560624067,0.0582595535866563,0.126797385620915
IMG_0068,5,BDA-EHHO-VC-Calibrated,0.4488825491669114,0.0017956617232826,0.05841571262132,0.1777777777777777
IMG_0068,5,BEHHO-VC-Calibrated,0.4667108142739011,0.0012838482675876,0.0583926845609088,0.1843137254901961
IMG_0068,5,EHHO-VC,0.4676063772365338,0.0020648391366485,0.0586567876287502,0.0222222222222222
IMG_0068,5,HHO-VC,0.4635663495571439,0.0018186995991017,0.0585207781469463,0.0248366013071895
IMG_0068,5,MO-BDA-EHHO-VC,0.4491730413760402,0.0013462269179065,0.0582969741848246,0.1529411764705882
IMG_0069,1,HHO-VC,0.621110628994297,0.0026187817706325,0.0583113667225816,0.8509803921568627
IMG_0069,1,BEHHO-VC-Calibrated,0.6457732075876068,0.0024665047087128,0.0583782920231518,0.4967320261437908
IMG_0069,1,BDA-EHHO-VC-Calibrated,0.6457632005407664,0.0024815060463652,0.0582991330654882,0.4993464052287582
IMG_0069,1,EHHO-VC,0.6211964931813158,0.0025815654973321,0.0583056097074788,0.8496732026143791
IMG_0069,1,MO-BDA-EHHO-VC,0.6169805124947467,0.0018230007126694,0.0581616843299086,0.0771241830065359
IMG_0069,2,BDA-EHHO-VC-Calibrated,0.6384602152278854,0.0015206592823664,0.0579990486532542,0.0980392156862745
IMG_0069,2,HHO-VC,0.6480674881666593,0.001596193985843,0.0582041423162918,0.1372549019607843
IMG_0069,2,BEHHO-VC-Calibrated,0.6723436609859876,0.0015458520094438,0.0580681328344879,0.0117647058823529
IMG_0069,2,EHHO-VC,0.6487423203972914,0.0016360948322731,0.0581962264205254,0.1581699346405229
IMG_0069,2,MO-BDA-EHHO-VC,0.6198213369958241,0.0012871930815871,0.0579753009659551,0.1477124183006536
IMG_0069,3,BDA-EHHO-VC-Calibrated,0.6198474128877605,0.0013896096497126,0.058183992763432,0.3856209150326797
IMG_0069,3,HHO-VC,0.6268974112516675,0.001350827322618,0.0582005441818525,0.2836601307189542
IMG_0069,3,BEHHO-VC-Calibrated,0.6109682245693198,0.002034972127234,0.058280422766404,0.477124183006536
IMG_0069,3,EHHO-VC,0.6268720888514138,0.0013611784951916,0.0582149367196096,0.2901960784313726
IMG_0069,3,MO-BDA-EHHO-VC,0.6491262625074566,0.0008854608237264,0.0581033945519926,0.1137254901960784
IMG_0069,4,BDA-EHHO-VC-Calibrated,0.6415501830237356,0.0021283362378634,0.0582494788102264,0.0888888888888888
IMG_0069,4,BEHHO-VC-Calibrated,0.6443139058534287,0.0019228732165273,0.0580400673858617,0.1019607843137254
IMG_0069,4,HHO-VC,0.6448716082253148,0.0019787611756538,0.0580465440278524,0.1398692810457516
IMG_0069,4,EHHO-VC,0.6433665974844601,0.0019980543036313,0.0580371888783103,0.0549019607843137
IMG_0069,4,MO-BDA-EHHO-VC,0.6129740871579201,0.0013380061448332,0.0581098711939833,0.192156862745098
IMG_0069,5,BEHHO-VC-Calibrated,0.6354732980023756,0.001237656304564,0.0581731983601142,0.2169934640522876
IMG_0069,5,HHO-VC,0.6388369102719802,0.0014473822447681,0.0581494506728151,0.1241830065359477
IMG_0069,5,BDA-EHHO-VC-Calibrated,0.6363780298581795,0.0013047540106218,0.0582027030625161,0.2745098039215686
IMG_0069,5,EHHO-VC,0.6389387501759092,0.001364702005874,0.0581249833586282,0.122875816993464
IMG_0069,5,MO-BDA-EHHO-VC,0.6142930023855765,0.0011984632029918,0.0580976375368898,0.1176470588235294
IMG_0070,1,BDA-EHHO-VC-Calibrated,0.3995853097518524,0.00225976851282,0.0584617687421425,0.3071895424836601
IMG_0070,1,HHO-VC,0.4017203157351267,0.0021150066225379,0.0584783201605631,0.2248366013071895
IMG_0070,1,EHHO-VC,0.4017203157351267,0.0021150066225379,0.0584783201605631,0.2248366013071895
IMG_0070,1,BEHHO-VC-Calibrated,0.4032979579944622,0.0024041333584945,0.0584006004566752,0.2065359477124183
IMG_0070,1,MO-BDA-EHHO-VC,0.3955813565450405,0.0019506200337197,0.058198385301189,0.3372549019607843
IMG_0070,2,BDA-EHHO-VC-Calibrated,0.3988648870413253,0.0015960015116886,0.057908375665385,0.2457516339869281
IMG_0070,2,BEHHO-VC-Calibrated,0.3946948439487973,0.0015607908783031,0.0579105345460485,0.3254901960784314
IMG_0070,2,HHO-VC,0.3976966532177863,0.0014530554027159,0.0579990486532542,0.3045751633986928
IMG_0070,2,EHHO-VC,0.3972881929962421,0.0015092792909964,0.0580004879070299,0.3032679738562091
IMG_0070,2,MO-BDA-EHHO-VC,0.4012999181734427,0.0012026360798453,0.0579026186502822,0.2679738562091503
IMG_0070,3,BEHHO-VC-Calibrated,0.4016655478958619,0.0009671027399015,0.0579889738768243,0.2771241830065359
IMG_0070,3,EHHO-VC,0.4241451510241731,0.0019665607442822,0.0581336188812824,0.0143790849673202
IMG_0070,3,BDA-EHHO-VC-Calibrated,0.4008634602328617,0.0010042985075592,0.0580199178330019,0.318954248366013
IMG_0070,3,HHO-VC,0.4241451510241731,0.0019665607442822,0.0581336188812824,0.0143790849673202
IMG_0070,3,MO-BDA-EHHO-VC,0.399893250796462,0.000813881851092,0.0578947027545158,0.2235294117647059
IMG_0070,4,HHO-VC,0.4035578956925528,0.0043560372202541,0.058623684791909,0.1908496732026143
IMG_0070,4,EHHO-VC,0.4042254639247169,0.0045785662883656,0.0586467128523203,0.1803921568627451
IMG_0070,4,BDA-EHHO-VC-Calibrated,0.4083002961468828,0.0046774344629174,0.0584761612798995,0.1477124183006536
IMG_0070,4,BEHHO-VC-Calibrated,0.3985745302913753,0.0045789589216177,0.058546684714909,0.2823529411764706
IMG_0070,4,MO-BDA-EHHO-VC,0.4039938202626169,0.0039603129904868,0.0583502265745256,0.1437908496732026
IMG_0070,5,BEHHO-VC-Calibrated,0.4044484043345732,0.0034337196641133,0.0582394040337965,0.1764705882352941
IMG_0070,5,BDA-EHHO-VC-Calibrated,0.4051570420965369,0.0034386530300535,0.0583020115730396,0.1019607843137254
IMG_0070,5,HHO-VC,0.4055006004389958,0.003284038019111,0.0582458806757872,0.0967320261437908
IMG_0070,5,EHHO-VC,0.4045892734144197,0.0033056914169098,0.0582394040337965,0.1372549019607843
IMG_0070,5,MO-BDA-EHHO-VC,0.3932394959294031,0.0030405459140006,0.058266030228647,0.3581699346405229
IMG_0071,1,BEHHO-VC-Calibrated,0.3576944213286095,0.0013136279957909,0.0581429740308244,0.049673202614379
IMG_0071,1,BDA-EHHO-VC-Calibrated,0.3488932320986132,0.0016077164343741,0.0581602450761329,0.0993464052287581
IMG_0071,1,EHHO-VC,0.35265793899691,0.0012775097388385,0.0582019834356282,0.0522875816993464
IMG_0071,1,HHO-VC,0.3507970685269136,0.0013966377949159,0.0583164041107966,0.0784313725490196
IMG_0071,1,MO-BDA-EHHO-VC,0.3357889365314259,0.001182658782158,0.0581508899265908,0.2130718954248366
IMG_0071,2,BDA-EHHO-VC-Calibrated,0.3380247156775954,0.0028884841775057,0.0579126934267121,0.3202614379084967
IMG_0071,2,BEHHO-VC-Calibrated,0.3210861125927581,0.0028554624140469,0.0579645065626374,0.5359477124183006
IMG_0071,2,HHO-VC,0.3610785895286105,0.002087787644065,0.0576946464796932,0.0104575163398692
IMG_0071,2,EHHO-VC,0.3610785895286105,0.002087787644065,0.0576946464796932,0.0104575163398692
IMG_0071,2,MO-BDA-EHHO-VC,0.3327342135206831,0.0018408202635232,0.0577709269298054,0.2705882352941176
IMG_0071,3,BDA-EHHO-VC-Calibrated,0.3150420256250867,0.0022023542827859,0.0577399829736278,0.645751633986928
IMG_0071,3,BEHHO-VC-Calibrated,0.3296212684616138,0.0025010726877382,0.0577241511820951,0.4470588235294118
IMG_0071,3,EHHO-VC,0.3317805809013001,0.0024437613684034,0.0577270296896465,0.3673202614379085
IMG_0071,3,HHO-VC,0.3317805809013001,0.0024437613684034,0.0577270296896465,0.3673202614379085
IMG_0071,3,MO-BDA-EHHO-VC,0.3321511887485434,0.001740287085616,0.0578112260355251,0.3555555555555555
IMG_0071,4,EHHO-VC,0.3299529487273238,0.0012361526180868,0.0582077404507311,0.4405228758169934
IMG_0071,4,BEHHO-VC-Calibrated,0.3226963412508152,0.0018589057639298,0.0582689087361984,0.6392156862745098
IMG_0071,4,BDA-EHHO-VC-Calibrated,0.3235277727584424,0.0016035939533586,0.0582732264975255,0.5712418300653594
IMG_0071,4,HHO-VC,0.3299529487273238,0.0012361526180868,0.0582077404507311,0.4405228758169934
IMG_0071,4,MO-BDA-EHHO-VC,0.3234331121909947,0.0012811109360998,0.0581055534326562,0.4169934640522875
IMG_0071,5,BDA-EHHO-VC-Calibrated,0.3240946778882942,0.0019734760300236,0.0579609084281981,0.4980392156862745
IMG_0071,5,HHO-VC,0.3523447404429198,0.0016532693366888,0.0581221048510768,0.1163398692810457
IMG_0071,5,BEHHO-VC-Calibrated,0.3490866085426768,0.0017942161017203,0.0581624039567964,0.1241830065359477
IMG_0071,5,EHHO-VC,0.3524976061262967,0.0016125978997806,0.0581393758963852,0.115032679738562
IMG_0071,5,MO-BDA-EHHO-VC,0.3306099680759319,0.0013106615399573,0.0580451047740767,0.2967320261437908
IMG_0072,1,BEHHO-VC-Calibrated,0.3991631176216544,0.0012470507304453,0.0585927408357314,0.0601307189542483
IMG_0072,1,HHO-VC,0.3864073754541475,0.0016366485694218,0.0583761331424882,0.3660130718954248
IMG_0072,1,BDA-EHHO-VC-Calibrated,0.3908090537425768,0.0013962084955068,0.0583710957542733,0.1084967320261438
IMG_0072,1,EHHO-VC,0.4093952298878514,0.0014159057223735,0.0584070770986658,0.0183006535947712
IMG_0072,1,MO-BDA-EHHO-VC,0.3850140000090953,0.0007443239853131,0.0582876190352825,0.3790849673202615
IMG_0072,2,BDA-EHHO-VC-Calibrated,0.3953718099271032,0.0021856916690257,0.0582739461244134,0.3346405228758169
IMG_0072,2,EHHO-VC,0.3912413632458044,0.0024143067231951,0.0582732264975255,0.3516339869281046
IMG_0072,2,HHO-VC,0.3959488236981796,0.0023541040681414,0.058314245230133,0.3372549019607843
IMG_0072,2,BEHHO-VC-Calibrated,0.3964610541169521,0.00219535396943,0.0582451610488993,0.2771241830065359
IMG_0072,2,MO-BDA-EHHO-VC,0.3908086727636362,0.0019814269277284,0.0581379366426095,0.0562091503267973
IMG_0072,3,BEHHO-VC-Calibrated,0.3919004568130892,0.0022303002033821,0.0581033945519926,0.3202614379084967
IMG_0072,3,EHHO-VC,0.3818003918477137,0.0019041785060524,0.0580983571637777,0.6287581699346405
IMG_0072,3,BDA-EHHO-VC-Calibrated,0.3835728074738951,0.0018430925388687,0.0581537684341422,0.542483660130719
IMG_0072,3,HHO-VC,0.3863583053665947,0.0020296675669365,0.0580861235066842,0.6261437908496732
IMG_0072,3,MO-BDA-EHHO-VC,0.3854741717721808,0.0020569560716916,0.0581760768676656,0.2156862745098039
IMG_0072,4,BEHHO-VC-Calibrated,0.3848670691309935,0.0025054287834732,0.0587488998703951,0.5071895424836602
IMG_0072,4,HHO-VC,0.3833888369765656,0.0024107283900861,0.0587431428552923,0.5516339869281045
IMG_0072,4,EHHO-VC,0.3833888369765656,0.0024107283900861,0.0587431428552923,0.5516339869281045
IMG_0072,4,BDA-EHHO-VC-Calibrated,0.3874859860984536,0.0024911772151138,0.0588575635304607,0.2313725490196078
IMG_0072,4,MO-BDA-EHHO-VC,0.3855882876641966,0.0021830683762161,0.0586495913598717,0.2915032679738562
IMG_0072,5,HHO-VC,0.4038697314541615,0.0013581205165727,0.0586754979278343,0.0156862745098039
IMG_0072,5,EHHO-VC,0.4136489020909463,0.0012688674116603,0.0585200585200585,0.0117647058823529
IMG_0072,5,BDA-EHHO-VC-Calibrated,0.3896459673678357,0.0014352534752558,0.0586366380758904,0.1973856209150327
IMG_0072,5,BEHHO-VC-Calibrated,0.414594271700417,0.0012783640029024,0.0585380491922548,0.0104575163398692
IMG_0072,5,MO-BDA-EHHO-VC,0.3879449302627303,0.0009211826160369,0.0585279744158248,0.0954248366013071
IMG_0073,1,BDA-EHHO-VC-Calibrated,0.3723807649981264,0.0017481939123955,0.0577622914071512,0.4156862745098039
IMG_0073,1,HHO-VC,0.3835981650005731,0.0024258943190133,0.0579673850701888,0.2705882352941176
IMG_0073,1,BEHHO-VC-Calibrated,0.3916786521354858,0.0024904450393365,0.0579940112650393,0.3241830065359477
IMG_0073,1,EHHO-VC,0.3836188817887445,0.0023763187361027,0.0579688243239645,0.269281045751634
IMG_0073,1,MO-BDA-EHHO-VC,0.3738642377295375,0.0011160187818443,0.057796833497768,0.2718954248366013
IMG_0073,2,HHO-VC,0.3737120070110616,0.0016843653144549,0.058367497619834,0.3725490196078431
IMG_0073,2,BDA-EHHO-VC-Calibrated,0.3751094377652818,0.0021361849221156,0.0584142733675444,0.3973856209150326
IMG_0073,2,EHHO-VC,0.3752180252295592,0.0015463905918898,0.0583883667995817,0.4026143790849673
IMG_0073,2,BEHHO-VC-Calibrated,0.3740313350928966,0.0018525761216687,0.0584394603086191,0.4627450980392157
IMG_0073,2,MO-BDA-EHHO-VC,0.3766253868348318,0.0018475949379299,0.0581688805987871,0.2078431372549019
IMG_0073,3,HHO-VC,0.3967588369847745,0.0015106471459833,0.058280422766404,0.0156862745098039
IMG_0073,3,BEHHO-VC-Calibrated,0.3848359825110679,0.0014478044144264,0.0585358903115912,0.0718954248366013
IMG_0073,3,BDA-EHHO-VC-Calibrated,0.3840813394254738,0.0016206830733035,0.0583423106787592,0.1934640522875817
IMG_0073,3,EHHO-VC,0.3967588369847745,0.0015106471459833,0.058280422766404,0.0156862745098039
IMG_0073,3,MO-BDA-EHHO-VC,0.3764603044267587,0.00113311207613,0.0583631798585069,0.1385620915032679
IMG_0073,4,BEHHO-VC-Calibrated,0.3784953669346085,0.0020549276318074,0.058266030228647,0.122875816993464
IMG_0073,4,HHO-VC,0.3853685910700646,0.0022697754270053,0.0581955067936376,0.0326797385620915
IMG_0073,4,EHHO-VC,0.3848043612589959,0.0020056131207149,0.0582559554522171,0.0366013071895424
IMG_0073,4,BDA-EHHO-VC-Calibrated,0.3782795635302399,0.0021797564845604,0.0581609647030207,0.5450980392156862
IMG_0073,4,MO-BDA-EHHO-VC,0.3720013353718578,0.0015830624352388,0.0581026749251048,0.330718954248366
IMG_0073,5,HHO-VC,0.3687033107434319,0.0018619107605371,0.0582019834356282,0.5843137254901961
IMG_0073,5,BEHHO-VC-Calibrated,0.3938090609728765,0.001122586081873,0.0581530488072544,0.1934640522875817
IMG_0073,5,BDA-EHHO-VC-Calibrated,0.3773541741496554,0.0019549739660852,0.0580832449991328,0.6300653594771242
IMG_0073,5,EHHO-VC,0.3978567166972777,0.0012197894155436,0.0580983571637777,0.0143790849673202
IMG_0073,5,MO-BDA-EHHO-VC,0.3749846713953258,0.0014333351861971,0.0579846561154972,0.2666666666666666
IMG_0074,1,BDA-EHHO-VC-Calibrated,0.4644239301312246,0.0017236895511792,0.0581508899265908,0.2705882352941176
IMG_0074,1,EHHO-VC,0.4695769158229678,0.0017478157694744,0.0581537684341422,0.2470588235294117
IMG_0074,1,BEHHO-VC-Calibrated,0.4664216482366942,0.001797103786548,0.0580666935807122,0.2143790849673202
IMG_0074,1,HHO-VC,0.4695992242564912,0.0017584036921177,0.0581753572407778,0.2483660130718954
IMG_0074,1,MO-BDA-EHHO-VC,0.4691925588690672,0.0019721332877503,0.0579968897725907,0.0888888888888888
IMG_0074,2,BEHHO-VC-Calibrated,0.471889254803806,0.0024436462337701,0.0580926001486749,0.1673202614379084
IMG_0074,2,HHO-VC,0.4701130124558209,0.0022943353811277,0.058183992763432,0.6143790849673202
IMG_0074,2,EHHO-VC,0.4700834315576309,0.0023869344300967,0.0582005441818525,0.6183006535947712
IMG_0074,2,BDA-EHHO-VC-Calibrated,0.4703117480036494,0.0023627951014486,0.0581703198525628,0.592156862745098
IMG_0074,2,MO-BDA-EHHO-VC,0.4681571427704295,0.0019331545173001,0.0581033945519926,0.1281045751633986
IMG_0074,3,BEHHO-VC-Calibrated,0.4628965855582506,0.001946235312307,0.058333675156105,0.3777777777777777
IMG_0074,3,EHHO-VC,0.4644240063270127,0.0018363561248923,0.0582667498555349,0.5281045751633987
IMG_0074,3,HHO-VC,0.4875718295847865,0.0018712798098321,0.0582696283630863,0.1607843137254902
IMG_0074,3,BDA-EHHO-VC-Calibrated,0.4635344458992445,0.0019168778218271,0.0582573947059928,0.5019607843137255
IMG_0074,3,MO-BDA-EHHO-VC,0.4699335375099908,0.0015404618747575,0.0582120582120582,0.0875816993464052
IMG_0074,4,BEHHO-VC-Calibrated,0.4916763781643213,0.0012683162214725,0.0579342822333476,0.2849673202614379
IMG_0074,4,EHHO-VC,0.5212588172025052,0.002256278047881,0.0580846842529085,0.0091503267973856
IMG_0074,4,BDA-EHHO-VC-Calibrated,0.4722432858340327,0.0010966731011987,0.0580954786562263,0.3516339869281046
IMG_0074,4,HHO-VC,0.5212588172025052,0.002256278047881,0.0580846842529085,0.0091503267973856
IMG_0074,4,MO-BDA-EHHO-VC,0.4704981483000002,0.0010974550591776,0.0578464877530298,0.0758169934640522
IMG_0074,5,BDA-EHHO-VC-Calibrated,0.4639526930464636,0.0031983549932043,0.0584488154581612,0.9725490196078432
IMG_0074,5,HHO-VC,0.4638263096325595,0.0032992498796189,0.0584221892633107,0.9947712418300652
IMG_0074,5,EHHO-VC,0.4638834564736536,0.0033718676268788,0.0584603294883668,0.9555555555555556
IMG_0074,5,BEHHO-VC-Calibrated,0.4640045231147862,0.0034091308818205,0.0584308247859649,0.984313725490196
IMG_0074,5,MO-BDA-EHHO-VC,0.4760056645276923,0.0026865171477812,0.0583646191122826,0.0849673202614379
IMG_0075,1,HHO-VC,0.5182512963038786,0.002493740436125,0.0581588058223572,0.0078431372549019
IMG_0075,1,BDA-EHHO-VC-Calibrated,0.4838521659179422,0.0023777611076183,0.0581185067166375,0.2300653594771241
IMG_0075,1,EHHO-VC,0.5182512963038786,0.002493740436125,0.0581588058223572,0.0078431372549019
IMG_0075,1,BEHHO-VC-Calibrated,0.5182512963038786,0.002493740436125,0.0581588058223572,0.0078431372549019
IMG_0075,1,MO-BDA-EHHO-VC,0.4750268903526995,0.0026721237423832,0.058014880444787,0.0928104575163398
IMG_0075,2,HHO-VC,0.4764349207876679,0.0029190393603302,0.0577335063316371,0.6588235294117647
IMG_0075,2,BEHHO-VC-Calibrated,0.4759901744385785,0.0026461584289862,0.0577982727515437,0.9869281045751632
IMG_0075,2,BDA-EHHO-VC-Calibrated,0.4748787488081864,0.0027140324408016,0.0577270296896465,0.9215686274509804
IMG_0075,2,EHHO-VC,0.4774560290105353,0.0029426623938392,0.057801870885983,0.6980392156862745
IMG_0075,2,MO-BDA-EHHO-VC,0.4841006234506219,0.0018144172015492,0.0577932353633288,0.1843137254901961
IMG_0075,3,BDA-EHHO-VC-Calibrated,0.4739514037357066,0.0036526629453002,0.057951553278656,0.2784313725490196
IMG_0075,3,BEHHO-VC-Calibrated,0.4900995940455243,0.002742853695471,0.0580328711169832,0.2169934640522876
IMG_0075,3,EHHO-VC,0.5042777337871605,0.0023743726515366,0.0579875346230486,0.2457516339869281
IMG_0075,3,HHO-VC,0.486293682158249,0.0029010564177068,0.0580494225354038,0.2849673202614379
IMG_0075,3,MO-BDA-EHHO-VC,0.492624502342835,0.0024753137931447,0.057995450518815,0.0339869281045751
IMG_0075,4,BEHHO-VC-Calibrated,0.4831306933987786,0.0014917446507425,0.0582537965715535,0.4745098039215686
IMG_0075,4,BDA-EHHO-VC-Calibrated,0.4730417868832641,0.0017617283906532,0.0583595817240677,0.5816993464052288
IMG_0075,4,EHHO-VC,0.4716703050279999,0.0016924694367158,0.0582098993313946,0.2196078431372549
IMG_0075,4,HHO-VC,0.4719010936040332,0.0018026316819088,0.0582278900035909,0.2209150326797385
IMG_0075,4,MO-BDA-EHHO-VC,0.4775381172729425,0.0015201128006664,0.0582444414220115,0.0941176470588235
IMG_0075,5,EHHO-VC,0.4848041137637878,0.0026282400524615,0.0580645347000487,0.1542483660130719
IMG_0075,5,BEHHO-VC-Calibrated,0.4849780687480781,0.0025953372393942,0.0581321796275067,0.1790849673202614
IMG_0075,5,HHO-VC,0.5013721090013817,0.0023339261947126,0.058116347835974,0.0313725490196078
IMG_0075,5,BDA-EHHO-VC-Calibrated,0.4851206903310516,0.0027111688546087,0.0580976375368898,0.2026143790849673
IMG_0075,5,MO-BDA-EHHO-VC,0.4671021982059074,0.0017785531589354,0.0580184785792262,0.1529411764705882
IMG_0076,1,EHHO-VC,0.4521209200630128,0.002585610892383,0.058159525449245,0.3254901960784314
IMG_0076,1,BEHHO-VC-Calibrated,0.4725353718133634,0.0022281410255915,0.0583984415760116,0.3437908496732026
IMG_0076,1,BDA-EHHO-VC-Calibrated,0.4690648737854161,0.0024206122457953,0.0583552639627406,0.2326797385620915
IMG_0076,1,HHO-VC,0.452314279574679,0.0026489022609207,0.0581667217181235,0.3359477124183007
IMG_0076,1,MO-BDA-EHHO-VC,0.4731156112061371,0.0014371766137883,0.0580033664145813,0.0248366013071895
IMG_0076,2,BEHHO-VC-Calibrated,0.4641331945271839,0.0014572098429606,0.0581472917921516,0.2222222222222222
IMG_0076,2,BDA-EHHO-VC-Calibrated,0.4604139426496033,0.0014767910812158,0.0583423106787592,0.5071895424836602
IMG_0076,2,HHO-VC,0.4629886152627586,0.0020566524741254,0.0582681891093106,0.5150326797385621
IMG_0076,2,EHHO-VC,0.4632079744705729,0.0020271348407485,0.0582494788102264,0.5071895424836602
IMG_0076,2,MO-BDA-EHHO-VC,0.4546343058639192,0.0017281016010033,0.0581077123133197,0.0980392156862745
IMG_0076,3,BEHHO-VC-Calibrated,0.4769376596680976,0.0020044453304985,0.0584394603086191,0.0300653594771241
IMG_0076,3,HHO-VC,0.4885637654118504,0.0021739827330081,0.0582098993313946,0.0235294117647058
IMG_0076,3,EHHO-VC,0.4885637654118504,0.0021739827330081,0.0582098993313946,0.0235294117647058
IMG_0076,3,BDA-EHHO-VC-Calibrated,0.481264877739131,0.0022749617387411,0.0582444414220115,0.2758169934640522
IMG_0076,3,MO-BDA-EHHO-VC,0.4620593144983836,0.001370439654537,0.0581746376138899,0.065359477124183
IMG_0076,4,EHHO-VC,0.5066291348790891,0.0013512533757397,0.0581588058223572,0.0078431372549019
IMG_0076,4,HHO-VC,0.5066291348790891,0.0013512533757397,0.0581588058223572,0.0078431372549019
IMG_0076,4,BDA-EHHO-VC-Calibrated,0.490912034939889,0.0020619394775724,0.0580818057453571,0.2300653594771241
IMG_0076,4,BEHHO-VC-Calibrated,0.4789470526615478,0.0015980963968645,0.0583250396334508,0.049673202614379
IMG_0076,4,MO-BDA-EHHO-VC,0.4582713509523112,0.0012907666750749,0.0580832449991328,0.0549019607843137
IMG_0076,5,HHO-VC,0.4664799994028508,0.0034233676927927,0.0580084038027963,0.126797385620915
IMG_0076,5,BEHHO-VC-Calibrated,0.4865474978650717,0.0029993399863655,0.0583487873207499,0.0522875816993464
IMG_0076,5,EHHO-VC,0.4732028299849447,0.0032204230054573,0.058193347912974,0.0601307189542483
IMG_0076,5,BDA-EHHO-VC-Calibrated,0.4672650869389004,0.0033260213104134,0.0580249552212169,0.3163398692810458
IMG_0076,5,MO-BDA-EHHO-VC,0.4558352192143652,0.0034364298328973,0.0579968897725907,0.0797385620915032
IMG_0077,1,HHO-VC,0.4390216945868079,0.0009439742988203,0.0582098993313946,0.0091503267973856
IMG_0077,1,BDA-EHHO-VC-Calibrated,0.4302228758924422,0.0009897794813502,0.0582861797815068,0.0352941176470588
IMG_0077,1,BEHHO-VC-Calibrated,0.4321151898243384,0.0010398580082119,0.0584020397104509,0.0183006535947712
IMG_0077,1,EHHO-VC,0.4432174071937355,0.0010055403108694,0.0582581143328806,0.0078431372549019
IMG_0077,1,MO-BDA-EHHO-VC,0.3996867957686765,0.0006935953511287,0.058217815227161,0.3568627450980392
IMG_0077,2,BEHHO-VC-Calibrated,0.4298003702472868,0.0022001098520372,0.0581818338827684,0.0470588235294117
IMG_0077,2,HHO-VC,0.4314273873773275,0.0022177815896455,0.058183992763432,0.0222222222222222
IMG_0077,2,EHHO-VC,0.4160646063191094,0.0021583612361389,0.0583063293343667,0.1581699346405229
IMG_0077,2,BDA-EHHO-VC-Calibrated,0.4150938550459942,0.001822031491711,0.0583423106787592,0.1503267973856209
IMG_0077,2,MO-BDA-EHHO-VC,0.4009996491980775,0.0015695983796047,0.0584444976968341,0.3176470588235294
IMG_0077,3,HHO-VC,0.4163817755202809,0.0015231742400394,0.0583775723962639,0.3398692810457516
IMG_0077,3,BDA-EHHO-VC-Calibrated,0.4080569369590486,0.0013305751466385,0.0582847405277311,0.3568627450980392
IMG_0077,3,BEHHO-VC-Calibrated,0.4168001157956854,0.0015266718908568,0.0582624320942077,0.0732026143790849
IMG_0077,3,EHHO-VC,0.4203482319331363,0.0015342416292214,0.0584444976968341,0.3398692810457516
IMG_0077,3,MO-BDA-EHHO-VC,0.4029919997335837,0.0012554939522163,0.0582379647800208,0.1464052287581699
IMG_0077,4,BEHHO-VC-Calibrated,0.4176240801160764,0.0013451199721704,0.0584200303826472,0.0875816993464052
IMG_0077,4,BDA-EHHO-VC-Calibrated,0.411299761972077,0.0012423465394228,0.0585063856091893,0.4013071895424836
IMG_0077,4,HHO-VC,0.415719287007325,0.001433577823019,0.0584243481439743,0.1254901960784313
IMG_0077,4,EHHO-VC,0.4156781328155386,0.0015057986417251,0.0584113948599929,0.1281045751633986
IMG_0077,4,MO-BDA-EHHO-VC,0.4041508191441898,0.0014195234542028,0.0582912171697218,0.1281045751633986
IMG_0077,5,BEHHO-VC-Calibrated,0.4179946879633197,0.0013859139193642,0.0580544599236188,0.2013071895424836
IMG_0077,5,BDA-EHHO-VC-Calibrated,0.4108834366519584,0.001194768152998,0.0580904412680113,0.3725490196078431
IMG_0077,5,EHHO-VC,0.4156075839819331,0.001153077159916,0.0580249552212169,0.0601307189542483
IMG_0077,5,HHO-VC,0.4156075839819331,0.001153077159916,0.0580249552212169,0.0601307189542483
IMG_0077,5,MO-BDA-EHHO-VC,0.4037933593034974,0.0008230063978524,0.0581264226124039,0.1869281045751634
IMG_0078,1,EHHO-VC,0.4593828577254075,0.0023459190450751,0.0579947308919271,0.3856209150326797
IMG_0078,1,BEHHO-VC-Calibrated,0.4613512319862501,0.0024110664886706,0.0580112823103477,0.4836601307189542
IMG_0078,1,BDA-EHHO-VC-Calibrated,0.4605663899699622,0.0019956820787412,0.0581300207468431,0.8653594771241829
IMG_0078,1,HHO-VC,0.4584826722182951,0.0026781568152328,0.0580299926094318,0.3529411764705882
IMG_0078,1,MO-BDA-EHHO-VC,0.4548306080934437,0.0017620051230353,0.0581616843299086,0.0509803921568627
IMG_0078,2,BEHHO-VC-Calibrated,0.4657017744346485,0.002830116791741,0.0581062730595441,0.9947712418300652
IMG_0078,2,BDA-EHHO-VC-Calibrated,0.4624758987513787,0.0025506374007727,0.0580731702227029,0.8248366013071896
IMG_0078,2,HHO-VC,0.4658191413469577,0.0028542204897904,0.0581192263435254,1.0
IMG_0078,2,EHHO-VC,0.4624036482118384,0.0027173763001003,0.0581523291803665,0.8483660130718954
IMG_0078,2,MO-BDA-EHHO-VC,0.4501955844369797,0.0025573300223984,0.0580997964175534,0.1320261437908496
IMG_0078,3,HHO-VC,0.467034362573174,0.0023040923838433,0.0586387969565539,0.0261437908496732
IMG_0078,3,EHHO-VC,0.4643721409994626,0.0016932771617801,0.0583567032165162,0.4901960784313725
IMG_0078,3,BDA-EHHO-VC-Calibrated,0.4519200136490395,0.0016436671860981,0.0585085444898529,0.1424836601307189
IMG_0078,3,BEHHO-VC-Calibrated,0.4575404943657269,0.0020199049484575,0.0585236566544977,0.3084967320261438
IMG_0078,3,MO-BDA-EHHO-VC,0.4562945747030948,0.001483420156752,0.0584106752331051,0.0745098039215686
IMG_0078,4,EHHO-VC,0.4905493648677255,0.001701901717992,0.0581185067166375,0.3084967320261438
IMG_0078,4,BEHHO-VC-Calibrated,0.4805767585234864,0.0017461602575212,0.0584811986681145,0.0313725490196078
IMG_0078,4,HHO-VC,0.4905493648677255,0.001701901717992,0.0581185067166375,0.3084967320261438
IMG_0078,4,BDA-EHHO-VC-Calibrated,0.4747932272864092,0.001750944134232,0.058145132911488,0.3437908496732026
IMG_0078,4,MO-BDA-EHHO-VC,0.4641150733427248,0.0015347617359519,0.0582645909748713,0.0862745098039215
IMG_0078,5,BDA-EHHO-VC-Calibrated,0.4586835243157937,0.0021829062203437,0.0583307966485536,0.0745098039215686
IMG_0078,5,EHHO-VC,0.4520733534395426,0.0020519917887948,0.0582163759733853,0.4823529411764706
IMG_0078,5,HHO-VC,0.4522786587575472,0.0021409174194642,0.0582681891093106,0.4679738562091503
IMG_0078,5,BEHHO-VC-Calibrated,0.4520606795401177,0.0021414118757924,0.0582667498555349,0.2509803921568627
IMG_0078,5,MO-BDA-EHHO-VC,0.4538634380223704,0.0018167413820187,0.0582789835126283,0.1241830065359477
IMG_0079,1,BDA-EHHO-VC-Calibrated,0.4351188881844596,0.0026586375735945,0.0586164885230305,0.0862745098039215
IMG_0079,1,EHHO-VC,0.4687267845741042,0.0020081587742875,0.058493432325208,0.6013071895424837
IMG_0079,1,BEHHO-VC-Calibrated,0.4596400304626112,0.0019974155630921,0.0585617968795538,0.4366013071895425
IMG_0079,1,HHO-VC,0.4673877197935881,0.0022350521497068,0.0585495632224604,0.5320261437908497
IMG_0079,1,MO-BDA-EHHO-VC,0.4354449722928417,0.0016068177217471,0.05851286225118,0.0418300653594771
IMG_0079,2,BDA-EHHO-VC-Calibrated,0.4533855499915282,0.0029155748933925,0.0581703198525628,0.4091503267973856
IMG_0079,2,BEHHO-VC-Calibrated,0.4534738270451709,0.0028460740992588,0.0582897779159461,0.3503267973856209
IMG_0079,2,HHO-VC,0.4517694796563815,0.0030210114833336,0.0582019834356282,0.1568627450980392
IMG_0079,2,EHHO-VC,0.4530556476275413,0.0029393079753581,0.0582041423162918,0.1411764705882353
IMG_0079,2,MO-BDA-EHHO-VC,0.4295758308547063,0.003000116595701,0.058130740373731,0.0431372549019607
IMG_0079,3,HHO-VC,0.4308609913482231,0.0020935179281745,0.0584279462784135,0.1202614379084967
IMG_0079,3,BDA-EHHO-VC-Calibrated,0.4359878926818314,0.0018527211680226,0.0583394321712078,0.1555555555555555
IMG_0079,3,BEHHO-VC-Calibrated,0.4390411933711958,0.0020167379192382,0.0583718153811611,0.1934640522875817
IMG_0079,3,EHHO-VC,0.4343394645353273,0.0021712290697424,0.0583408714249835,0.1816993464052287
IMG_0079,3,MO-BDA-EHHO-VC,0.4283566220489115,0.001868071729331,0.0583423106787592,0.0588235294117647
IMG_0079,4,HHO-VC,0.4477758975429533,0.0016526788856026,0.0584502547119369,0.0117647058823529
IMG_0079,4,EHHO-VC,0.4438538548083763,0.0017149241287336,0.0584149929944322,0.0143790849673202
IMG_0079,4,BEHHO-VC-Calibrated,0.4369756694804932,0.0017506393619339,0.058353105082077,0.1633986928104575
IMG_0079,4,BDA-EHHO-VC-Calibrated,0.4533125798251001,0.0014261520280889,0.0582897779159461,0.3503267973856209
IMG_0079,4,MO-BDA-EHHO-VC,0.4310115711579562,0.0015910861433807,0.0582408432875722,0.0823529411764705
IMG_0079,5,HHO-VC,0.4500834023243449,0.00131848208906,0.0580004879070299,0.2431372549019607
IMG_0079,5,EHHO-VC,0.4760267389878574,0.0015979743943792,0.0580674132076001,0.8758169934640523
IMG_0079,5,BDA-EHHO-VC-Calibrated,0.4573441751706043,0.0010842038828844,0.0581667217181235,0.4823529411764706
IMG_0079,5,BEHHO-VC-Calibrated,0.4425814528762711,0.0010115708300904,0.0581379366426095,0.2366013071895425
IMG_0079,5,MO-BDA-EHHO-VC,0.433070144299542,0.00115576601819,0.0580681328344879,0.0457516339869281
IMG_0080,1,BDA-EHHO-VC-Calibrated,0.4139635965724422,0.0034835066196553,0.0579184504418149,0.4013071895424836
IMG_0080,1,HHO-VC,0.4247238895757259,0.0033946987708847,0.057898300888955,0.5542483660130719
IMG_0080,1,BEHHO-VC-Calibrated,0.4230944426466637,0.0033937264865743,0.0578774317092074,0.542483660130719
IMG_0080,1,EHHO-VC,0.4247568315547921,0.0034143440789657,0.0578997401427308,0.5333333333333333
IMG_0080,1,MO-BDA-EHHO-VC,0.4079156151533777,0.0033073588484433,0.0578090671548615,0.0366013071895424
IMG_0080,2,BEHHO-VC-Calibrated,0.4249888138648393,0.0017131433751933,0.0580587776849459,0.6522875816993464
IMG_0080,2,BDA-EHHO-VC-Calibrated,0.4244438869867623,0.0018683928542563,0.0580782076109178,0.469281045751634
IMG_0080,2,HHO-VC,0.426800715841667,0.0013889289295862,0.0581573665685815,0.4405228758169934
IMG_0080,2,EHHO-VC,0.4299888830760134,0.0015058064027801,0.0581811142558806,0.5320261437908497
IMG_0080,2,MO-BDA-EHHO-VC,0.3977218463010052,0.0013011681862943,0.0579882542499365,0.1843137254901961
IMG_0080,3,HHO-VC,0.4223725976147582,0.0034741264624093,0.0581242637317403,0.3019607843137254
IMG_0080,3,BDA-EHHO-VC-Calibrated,0.3977876709957469,0.0030435433494519,0.0580105626834598,0.1699346405228758
IMG_0080,3,BEHHO-VC-Calibrated,0.3985215126311829,0.0031352173746174,0.0580227963405533,0.126797385620915
IMG_0080,3,EHHO-VC,0.4223725976147582,0.0034741264624093,0.0581242637317403,0.3019607843137254
IMG_0080,3,MO-BDA-EHHO-VC,0.4025036399777962,0.0027222738416543,0.0579407588753383,0.2091503267973856
IMG_0080,4,BDA-EHHO-VC-Calibrated,0.4210378082645759,0.0020327791459363,0.0586510306136474,0.7660130718954249
IMG_0080,4,EHHO-VC,0.4221635333045395,0.0020700780457941,0.0586726194202829,0.6052287581699347
IMG_0080,4,HHO-VC,0.4220355243804887,0.0018772775113905,0.058580507178638,0.6771241830065359
IMG_0080,4,BEHHO-VC-Calibrated,0.4216906876420291,0.0021204120124571,0.058633759568339,0.8457516339869281
IMG_0080,4,MO-BDA-EHHO-VC,0.4002050755022114,0.0019999385175237,0.0583207218721237,0.0745098039215686
IMG_0080,5,BEHHO-VC-Calibrated,0.4000934740712037,0.0010528829084501,0.0580897216411235,0.6248366013071895
IMG_0080,5,EHHO-VC,0.4077269628481779,0.0013093814673696,0.0582106189582825,0.2862745098039215
IMG_0080,5,HHO-VC,0.4030145666019719,0.001061571903825,0.0580299926094318,0.3045751633986928
IMG_0080,5,BDA-EHHO-VC-Calibrated,0.4033669636558533,0.0012278160555172,0.0580163196985626,0.6444444444444445
IMG_0080,5,MO-BDA-EHHO-VC,0.3976219620889715,0.0011219936232741,0.0580393477589739,0.3333333333333333
IMG_0081,1,BDA-EHHO-VC-Calibrated,0.5411394490634323,0.003191831176717,0.0575665528936557,0.1163398692810457
IMG_0081,1,HHO-VC,0.565881838511704,0.0025335897744647,0.0577845998406746,0.6549019607843137
IMG_0081,1,BEHHO-VC-Calibrated,0.616949034603639,0.0031421076483464,0.0578781513360952,0.7281045751633987
IMG_0081,1,EHHO-VC,0.565881838511704,0.0025335897744647,0.0577845998406746,0.6549019607843137
IMG_0081,1,MO-BDA-EHHO-VC,0.4300553281937149,0.002603748482237,0.0574845154284406,0.0143790849673202
IMG_0081,2,BDA-EHHO-VC-Calibrated,0.5646844301675118,0.0020053115128728,0.0581609647030207,0.3503267973856209
IMG_0081,2,BEHHO-VC-Calibrated,0.4575825721035866,0.0022546106143735,0.0581192263435254,0.0130718954248366
IMG_0081,2,HHO-VC,0.5268213291928111,0.0018139779954656,0.0583833294113667,0.3712418300653595
IMG_0081,2,EHHO-VC,0.4262555458342844,0.002073803464971,0.0584329836666285,0.0183006535947712
IMG_0081,2,MO-BDA-EHHO-VC,0.5688705590375329,0.0017485476642818,0.0579947308919271,0.2248366013071895
IMG_0081,3,EHHO-VC,0.6033447592071701,0.0022512925210969,0.0581084319402076,0.5477124183006535
IMG_0081,3,HHO-VC,0.5960368719652531,0.0021453317485546,0.0581703198525628,0.477124183006536
IMG_0081,3,BEHHO-VC-Calibrated,0.543326953944725,0.0020791167956007,0.0581976656743011,0.3869281045751634
IMG_0081,3,BDA-EHHO-VC-Calibrated,0.5984546066534662,0.0021049826465329,0.0581436936577123,0.4849673202614379
IMG_0081,3,MO-BDA-EHHO-VC,0.4910406760399753,0.001220572806306,0.0580055252952449,0.2875816993464052
IMG_0081,4,BDA-EHHO-VC-Calibrated,0.5861432467885054,0.002171238170147,0.0582415629144601,0.5294117647058824
IMG_0081,4,EHHO-VC,0.5620314367503623,0.0021215464255909,0.0580717309689272,0.4130718954248366
IMG_0081,4,HHO-VC,0.5429198483149695,0.0020505978892856,0.058038628132086,0.1424836601307189
IMG_0081,4,BEHHO-VC-Calibrated,0.5719654964920086,0.0019772033725803,0.0581098711939833,0.4013071895424836
IMG_0081,4,MO-BDA-EHHO-VC,0.4531517108283053,0.0018326372818799,0.0581465721652637,0.0967320261437908
IMG_0081,5,HHO-VC,0.579325298464235,0.0033525259107409,0.0584185911288714,0.2784313725490196
IMG_0081,5,BDA-EHHO-VC-Calibrated,0.5567470471888973,0.0031316081908574,0.0586100118810399,0.1803921568627451
IMG_0081,5,EHHO-VC,0.5823040288756206,0.0034196696012749,0.0583905256802453,0.2967320261437908
IMG_0081,5,BEHHO-VC-Calibrated,0.5132940200085475,0.003180622342818,0.0585603576257781,0.0758169934640522
IMG_0081,5,MO-BDA-EHHO-VC,0.428525646949905,0.0023302048312032,0.0582595535866563,0.0156862745098039
IMG_0082,1,HHO-VC,0.3603792742134213,0.0013975214302448,0.0582257311229273,0.0836601307189542
IMG_0082,1,EHHO-VC,0.3595285990361931,0.0016775561814416,0.0582091797045068,0.1830065359477124
IMG_0082,1,BEHHO-VC-Calibrated,0.359639717893876,0.0017069632041904,0.0580616561924973,0.4444444444444444
IMG_0082,1,BDA-EHHO-VC-Calibrated,0.3647519473051709,0.0012843951565233,0.0582142170927217,0.1254901960784313
IMG_0082,1,MO-BDA-EHHO-VC,0.3632013460844213,0.0011201397550661,0.0580587776849459,0.0888888888888888
IMG_0082,2,HHO-VC,0.3873161192921026,0.0020517793926986,0.0583610209778434,0.0078431372549019
IMG_0082,2,BEHHO-VC-Calibrated,0.3795039090609809,0.0016981132893691,0.0584948715789837,0.0888888888888888
IMG_0082,2,EHHO-VC,0.3873161192921026,0.0020517793926986,0.0583610209778434,0.0078431372549019
IMG_0082,2,BDA-EHHO-VC-Calibrated,0.368796504400855,0.001431195595697,0.0586517502405352,0.1764705882352941
IMG_0082,2,MO-BDA-EHHO-VC,0.3649193663840798,0.0020886521112104,0.0582098993313946,0.2405228758169934
IMG_0082,3,BDA-EHHO-VC-Calibrated,0.3618587932300487,0.0008729998709936,0.0582653106017592,0.465359477124183
IMG_0082,3,BEHHO-VC-Calibrated,0.3853399222636791,0.0007589649895309,0.058609292254152,0.0091503267973856
IMG_0082,3,EHHO-VC,0.381680746531936,0.0008719947560646,0.0585171800125071,0.0104575163398692
IMG_0082,3,HHO-VC,0.378452144732691,0.0007367973082824,0.0583567032165162,0.0117647058823529
IMG_0082,3,MO-BDA-EHHO-VC,0.35774374656415,0.000621183831325,0.0583624602316191,0.3241830065359477
IMG_0082,4,BEHHO-VC-Calibrated,0.3574020253868047,0.0020136495874345,0.0586359184490025,0.3071895424836601
IMG_0082,4,HHO-VC,0.3649226936001613,0.0024447047251159,0.0583710957542733,0.0771241830065359
IMG_0082,4,EHHO-VC,0.3634846589570689,0.0019594321622055,0.0584516939657126,0.0797385620915032
IMG_0082,4,BDA-EHHO-VC-Calibrated,0.3589557167700729,0.0020283626519045,0.0585877034475165,0.3529411764705882
IMG_0082,4,MO-BDA-EHHO-VC,0.3604921625066285,0.0019395942661531,0.0584265070246378,0.0705882352941176
IMG_0082,5,EHHO-VC,0.378591862409517,0.0031275106677622,0.0581242637317403,0.0130718954248366
IMG_0082,5,HHO-VC,0.378591862409517,0.0031275106677622,0.0581242637317403,0.0130718954248366
IMG_0082,5,BDA-EHHO-VC-Calibrated,0.3661931059755764,0.0033127886336181,0.0582394040337965,0.3084967320261438
IMG_0082,5,BEHHO-VC-Calibrated,0.3744605775745488,0.003283183853769,0.0581530488072544,0.122875816993464
IMG_0082,5,MO-BDA-EHHO-VC,0.3719947887426247,0.0026781287401479,0.0581911890323105,0.0287581699346405
IMG_0083,1,BEHHO-VC-Calibrated,0.4569049732852296,0.0018011130380622,0.0584430584430584,0.4052287581699346
IMG_0083,1,HHO-VC,0.4619970023464725,0.002241101012522,0.0585013482209743,0.6601307189542484
IMG_0083,1,EHHO-VC,0.460289581727562,0.0019769697914114,0.0584704042647967,0.5882352941176471
IMG_0083,1,BDA-EHHO-VC-Calibrated,0.4513352812944271,0.0019120900786923,0.0585689931484324,0.1712418300653594
IMG_0083,1,MO-BDA-EHHO-VC,0.4575924201518958,0.0014578385380256,0.0583912453071331,0.1843137254901961
IMG_0083,2,BDA-EHHO-VC-Calibrated,0.4955760543972123,0.001696871104465,0.0583070489612545,0.54640522875817
IMG_0083,2,BEHHO-VC-Calibrated,0.5030339372811535,0.0018781230798899,0.0582379647800208,0.4627450980392157
IMG_0083,2,HHO-VC,0.4976835790995693,0.0017649062798856,0.0582149367196096,0.5908496732026144
IMG_0083,2,EHHO-VC,0.4976996056136717,0.0017500454693018,0.0582106189582825,0.592156862745098
IMG_0083,2,MO-BDA-EHHO-VC,0.4685216815484469,0.0015797869475678,0.0581127497015347,0.0222222222222222
IMG_0083,3,HHO-VC,0.4716696343390605,0.0022644422827457,0.0585214977738342,0.0758169934640522
IMG_0083,3,BEHHO-VC-Calibrated,0.4697136207282916,0.0022276304021687,0.0584646472496939,0.2640522875816993
IMG_0083,3,EHHO-VC,0.5086020037618093,0.0020211069163235,0.0585603576257781,0.469281045751634
IMG_0083,3,BDA-EHHO-VC-Calibrated,0.5013696096135273,0.0019967225566155,0.0584984697134229,0.4509803921568627
IMG_0083,3,MO-BDA-EHHO-VC,0.4731941681340726,0.0015388897168824,0.0586272829263483,0.0156862745098039
IMG_0083,4,HHO-VC,0.4849950077523944,0.0014190776419324,0.0582264507498152,0.0078431372549019
IMG_0083,4,BDA-EHHO-VC-Calibrated,0.4565405796278178,0.0012163079211952,0.0583243200065629,0.2888888888888889
IMG_0083,4,BEHHO-VC-Calibrated,0.4613317538527468,0.0012991193721102,0.0582861797815068,0.065359477124183
IMG_0083,4,EHHO-VC,0.4720691542547982,0.001562683035509,0.0584574509808154,0.0130718954248366
IMG_0083,4,MO-BDA-EHHO-VC,0.4520942675399444,0.0016310794974211,0.0582005441818525,0.1607843137254902
IMG_0083,5,HHO-VC,0.4566742863035806,0.0019901182383314,0.0583991612028995,0.1359477124183006
IMG_0083,5,BDA-EHHO-VC-Calibrated,0.4573131287236214,0.0022302812538393,0.0583574228434041,0.4483660130718954
IMG_0083,5,EHHO-VC,0.4697185734545197,0.002240327965499,0.0583588620971798,0.2784313725490196
IMG_0083,5,BEHHO-VC-Calibrated,0.4548126115447096,0.0021748390019981,0.0583718153811611,0.3294117647058823
IMG_0083,5,MO-BDA-EHHO-VC,0.4636929597323694,0.0018663625331785,0.0584459369506098,0.0352941176470588
IMG_0084,1,EHHO-VC,0.5388240230077481,0.001132128019631,0.0583070489612545,0.3098039215686274
IMG_0084,1,BDA-EHHO-VC-Calibrated,0.5281005664349239,0.001063533292338,0.0584085163524415,0.2666666666666666
IMG_0084,1,HHO-VC,0.5376864368234331,0.0011246166046535,0.0583250396334508,0.3019607843137254
IMG_0084,1,BEHHO-VC-Calibrated,0.5433319520896189,0.0017149247560079,0.0583005723192639,0.3202614379084967
IMG_0084,1,MO-BDA-EHHO-VC,0.4982758755876931,0.0009525391132195,0.0580818057453571,0.1163398692810457
IMG_0084,2,BEHHO-VC-Calibrated,0.5346194208922059,0.0021380379132379,0.0580177589523383,0.0915032679738562
IMG_0084,2,BDA-EHHO-VC-Calibrated,0.5800962844009552,0.0016011669143276,0.0582185348540488,0.5869281045751633
IMG_0084,2,HHO-VC,0.5536393119296892,0.0028518251649921,0.0577932353633288,0.5620915032679739
IMG_0084,2,EHHO-VC,0.5169196896135851,0.0020958598627377,0.0579645065626374,0.0810457516339869
IMG_0084,2,MO-BDA-EHHO-VC,0.5095023259565294,0.0021667795987588,0.0579134130535999,0.1137254901960784
IMG_0084,3,HHO-VC,0.5135752956149856,0.0023339602537301,0.0584135537406565,0.0235294117647058
IMG_0084,3,BDA-EHHO-VC-Calibrated,0.5324963691814688,0.002151847684765,0.0584049182180023,0.3620915032679738
IMG_0084,3,BEHHO-VC-Calibrated,0.5334590606334401,0.0020494681123197,0.0583682172467219,0.2875816993464052
IMG_0084,3,EHHO-VC,0.5254707026725697,0.0025095876660613,0.0582825816470676,0.0209150326797385
IMG_0084,3,MO-BDA-EHHO-VC,0.5103065725001932,0.0019210011473463,0.0582257311229273,0.0588235294117647
IMG_0084,4,HHO-VC,0.5766917041959351,0.0020469609664937,0.0581897497785348,0.5568627450980392
IMG_0084,4,BDA-EHHO-VC-Calibrated,0.5658328900386053,0.0019691345682443,0.0581588058223572,0.4261437908496732
IMG_0084,4,BEHHO-VC-Calibrated,0.5377115729673158,0.0021199074425574,0.0582401236606844,0.4156862745098039
IMG_0084,4,EHHO-VC,0.5766917041959351,0.0020469609664937,0.0581897497785348,0.5568627450980392
IMG_0084,4,MO-BDA-EHHO-VC,0.5067788345029665,0.0019612803899027,0.0581235441048525,0.0549019607843137
IMG_0084,5,EHHO-VC,0.5199074619251618,0.0030390849807273,0.0579529925324317,0.118954248366013
IMG_0084,5,HHO-VC,0.5555426911832608,0.0028337792724698,0.0577270296896465,0.461437908496732
IMG_0084,5,BDA-EHHO-VC-Calibrated,0.5378863661052754,0.0029920879135437,0.0578615999176746,0.2352941176470588
IMG_0084,5,BEHHO-VC-Calibrated,0.5290624451318218,0.0028542057495154,0.0578954223814036,0.1437908496732026
IMG_0084,5,MO-BDA-EHHO-VC,0.5347189071929017,0.0025252585325891,0.0578169830506279,0.0888888888888888
IMG_0085,1,BEHHO-VC-Calibrated,0.6039862513149926,0.0010948516745537,0.058096917910002,0.526797385620915
IMG_0085,1,EHHO-VC,0.5984348886443337,0.0012470546124363,0.0581393758963852,0.4300653594771242
IMG_0085,1,HHO-VC,0.598646696002925,0.0013010466147865,0.0581609647030207,0.4156862745098039
IMG_0085,1,BDA-EHHO-VC-Calibrated,0.5966897595764997,0.0013894343583386,0.0581386562694973,0.4052287581699346
IMG_0085,1,MO-BDA-EHHO-VC,0.5838638156895334,0.0009992571615916,0.0580753291033664,0.1464052287581699
IMG_0085,2,EHHO-VC,0.5842903681776581,0.0010164978157348,0.0584085163524415,0.0405228758169934
IMG_0085,2,BDA-EHHO-VC-Calibrated,0.6269211920069426,0.0012635714183082,0.0584617687421425,0.0431372549019607
IMG_0085,2,HHO-VC,0.6123658238506949,0.0014530822319941,0.058212777838946,0.0183006535947712
IMG_0085,2,BEHHO-VC-Calibrated,0.6265571708622727,0.0011590617663258,0.0583300770216658,0.0549019607843137
IMG_0085,2,MO-BDA-EHHO-VC,0.5904120055252439,0.0009340623320274,0.0582394040337965,0.2248366013071895
IMG_0085,3,HHO-VC,0.5842118949820877,0.0026595351981334,0.0583653387391705,0.1176470588235294
IMG_0085,3,BDA-EHHO-VC-Calibrated,0.5965369023593216,0.0028902890020408,0.0584711238916846,0.3058823529411765
IMG_0085,3,EHHO-VC,0.5846173497031004,0.0025908345906263,0.0583459088131985,0.1202614379084967
IMG_0085,3,BEHHO-VC-Calibrated,0.5955242688013334,0.0025917354601988,0.058488394936993,0.3581699346405229
IMG_0085,3,MO-BDA-EHHO-VC,0.5825383645564957,0.0026562320717814,0.0583214414990115,0.0849673202614379
IMG_0085,4,EHHO-VC,0.6018309433872823,0.001407287696428,0.0581911890323105,0.5686274509803921
IMG_0085,4,HHO-VC,0.6014064905164304,0.0017609704478677,0.0582005441818525,0.5816993464052288
IMG_0085,4,BEHHO-VC-Calibrated,0.5921274690329008,0.0018102838807174,0.0579529925324317,0.2941176470588235
IMG_0085,4,BDA-EHHO-VC-Calibrated,0.5988826150953586,0.0016787920890562,0.0581465721652637,0.45359477124183
IMG_0085,4,MO-BDA-EHHO-VC,0.5869610220852554,0.0016406207511939,0.0579026186502822,0.0679738562091503
IMG_0085,5,BDA-EHHO-VC-Calibrated,0.5927479821327981,0.0027688133018991,0.0582501984371143,0.3359477124183007
IMG_0085,5,HHO-VC,0.6054995927953489,0.0021876296197541,0.0582005441818525,0.6196078431372549
IMG_0085,5,EHHO-VC,0.6036428368979113,0.0023283670857875,0.0581904694054226,0.5660130718954248
IMG_0085,5,BEHHO-VC-Calibrated,0.5983964351699264,0.002567121964551,0.0585250959082734,0.0405228758169934
IMG_0085,5,MO-BDA-EHHO-VC,0.5994409354997482,0.0021246685378726,0.0580652543269365,0.2431372549019607
IMG_0086,1,EHHO-VC,0.4363019969530765,0.0021870241318977,0.0581883105247591,0.5882352941176471
IMG_0086,1,BDA-EHHO-VC-Calibrated,0.4379119292941798,0.0021809070308694,0.0582084600776189,0.0666666666666666
IMG_0086,1,HHO-VC,0.4299345011958062,0.0017897225433346,0.0581300207468431,0.0954248366013071
IMG_0086,1,BEHHO-VC-Calibrated,0.4420039902306608,0.0022733427020927,0.0584452173237219,0.1032679738562091
IMG_0086,1,MO-BDA-EHHO-VC,0.4206647078688386,0.0021616795266569,0.0580465440278524,0.1620915032679738
IMG_0086,2,HHO-VC,0.446187147464945,0.0024637464134533,0.0582120582120582,0.7908496732026143
IMG_0086,2,BEHHO-VC-Calibrated,0.443040981042253,0.0024723009387033,0.0581947871667497,0.7686274509803922
IMG_0086,2,BDA-EHHO-VC-Calibrated,0.44464710359395,0.002738729806982,0.0581552076879179,0.0143790849673202
IMG_0086,2,EHHO-VC,0.446187147464945,0.0024637464134533,0.0582120582120582,0.7908496732026143
IMG_0086,2,MO-BDA-EHHO-VC,0.4214582616035687,0.0020610342066763,0.0580299926094318,0.0993464052287581
IMG_0086,3,EHHO-VC,0.4449832540125634,0.0017329742171913,0.0578954223814036,0.0156862745098039
IMG_0086,3,HHO-VC,0.4402175376470669,0.0016297407798357,0.058063095446273,0.0169934640522875
IMG_0086,3,BDA-EHHO-VC-Calibrated,0.4278316159703261,0.0016564592609376,0.0579522729055439,0.0771241830065359
IMG_0086,3,BEHHO-VC-Calibrated,0.4316544348563665,0.0018979302516089,0.0579875346230486,0.134640522875817
IMG_0086,3,MO-BDA-EHHO-VC,0.4265139876048693,0.0017073093004076,0.05781626342374,0.192156862745098
IMG_0086,4,HHO-VC,0.4295833402069321,0.0015704799377476,0.0581696002256749,0.2313725490196078
IMG_0086,4,BEHHO-VC-Calibrated,0.4478292090300412,0.002038495447619,0.0581206655973011,0.6915032679738562
IMG_0086,4,EHHO-VC,0.4295833402069321,0.0015704799377476,0.0581696002256749,0.2313725490196078
IMG_0086,4,BDA-EHHO-VC-Calibrated,0.4307271744458736,0.0021281983367549,0.0580537402967309,0.3490196078431372
IMG_0086,4,MO-BDA-EHHO-VC,0.4260728732550138,0.0010204535607225,0.0579270859644691,0.0666666666666666
IMG_0086,5,HHO-VC,0.4246031919612534,0.001736117817317,0.0578608802907868,0.2143790849673202
IMG_0086,5,BEHHO-VC-Calibrated,0.4234382176242064,0.001468863052141,0.0579609084281981,0.3098039215686274
IMG_0086,5,BDA-EHHO-VC-Calibrated,0.4276011660422401,0.0014180389182858,0.058009843056572,0.4457516339869281
IMG_0086,5,EHHO-VC,0.4246750699880517,0.0017044251064012,0.0578594410370111,0.2339869281045751
IMG_0086,5,MO-BDA-EHHO-VC,0.4282143812788748,0.0015601101774556,0.0577522166307213,0.1124183006535947
IMG_0087,1,HHO-VC,0.446396398595948,0.0017477080946726,0.0582890582890583,0.3790849673202615
IMG_0087,1,EHHO-VC,0.4401456940494765,0.0019969430204878,0.0582084600776189,0.05359477124183
IMG_0087,1,BDA-EHHO-VC-Calibrated,0.4390692761506288,0.0019679871759833,0.0582170956002731,0.0980392156862745
IMG_0087,1,BEHHO-VC-Calibrated,0.446824085554696,0.0019531599285635,0.0582437217951236,0.2745098039215686
IMG_0087,1,MO-BDA-EHHO-VC,0.4373158163432932,0.0014016342898818,0.0580940394024506,0.0810457516339869
IMG_0087,2,EHHO-VC,0.4646143204972124,0.0015717093270006,0.0580616561924973,0.0078431372549019
IMG_0087,2,BDA-EHHO-VC-Calibrated,0.4646143204972124,0.0015717093270006,0.0580616561924973,0.0078431372549019
IMG_0087,2,HHO-VC,0.4646143204972124,0.0015717093270006,0.0580616561924973,0.0078431372549019
IMG_0087,2,BEHHO-VC-Calibrated,0.4604943041726881,0.0017129315725581,0.0580040860414692,0.0091503267973856
IMG_0087,2,MO-BDA-EHHO-VC,0.4351175170586827,0.0014455843032721,0.0578263382001699,0.061437908496732
IMG_0087,3,HHO-VC,0.4470467973771879,0.001462566505909,0.0580731702227029,0.0169934640522875
IMG_0087,3,BDA-EHHO-VC-Calibrated,0.4375543938221125,0.0022108370102392,0.0581328992543945,0.2967320261437908
IMG_0087,3,EHHO-VC,0.4541373996299672,0.0015335290548192,0.0580573384311702,0.0143790849673202
IMG_0087,3,BEHHO-VC-Calibrated,0.4475291844456113,0.0015087208674198,0.0581573665685815,0.0300653594771241
IMG_0087,3,MO-BDA-EHHO-VC,0.4412435314309863,0.001975280820084,0.0578990205158429,0.0549019607843137
IMG_0087,4,HHO-VC,0.4653301037308626,0.0024168929482734,0.0580530206698431,0.6745098039215687
IMG_0087,4,EHHO-VC,0.4653301037308626,0.0024168929482734,0.0580530206698431,0.6745098039215687
IMG_0087,4,BDA-EHHO-VC-Calibrated,0.4543684929891529,0.0025401114588259,0.057922768203142,0.4287581699346405
IMG_0087,4,BEHHO-VC-Calibrated,0.4471218332960941,0.002232310764427,0.0580688524613758,0.1032679738562091
IMG_0087,4,MO-BDA-EHHO-VC,0.4429030756963579,0.0016798203576331,0.0579824972348336,0.1738562091503268
IMG_0087,5,BDA-EHHO-VC-Calibrated,0.4470854286417675,0.0016414056440597,0.058633759568339,0.1947712418300653
IMG_0087,5,EHHO-VC,0.4496875148062506,0.0014120657145563,0.058667582032068,0.0928104575163398
IMG_0087,5,HHO-VC,0.4505286824423605,0.0017113718220857,0.0586503109867595,0.115032679738562
IMG_0087,5,BEHHO-VC-Calibrated,0.4485565153245089,0.001610351920853,0.0586301614338997,0.1281045751633986
IMG_0087,5,MO-BDA-EHHO-VC,0.4339527289780068,0.0012265530844025,0.0585358903115912,0.0967320261437908
IMG_0088,1,EHHO-VC,0.4601377056930097,0.0013024023730289,0.0584552921001519,0.0915032679738562
IMG_0088,1,BDA-EHHO-VC-Calibrated,0.463660948138737,0.0014044013794922,0.0584991893403108,0.130718954248366
IMG_0088,1,BEHHO-VC-Calibrated,0.4627532277147989,0.0013424443601176,0.0583739742618247,0.2183006535947712
IMG_0088,1,HHO-VC,0.4614969792897764,0.001334257115817,0.0583797312769275,0.0901960784313725
IMG_0088,1,MO-BDA-EHHO-VC,0.4458348334462122,0.0011122266190932,0.0582976938117125,0.0836601307189542
IMG_0088,2,EHHO-VC,0.463301227822997,0.0025366336753953,0.0587467409897316,0.4339869281045752
IMG_0088,2,BDA-EHHO-VC-Calibrated,0.4645926109725439,0.0026515325199001,0.0587661709157036,0.3764705882352941
IMG_0088,2,BEHHO-VC-Calibrated,0.4619824057235261,0.002750149055514,0.0587323484519746,0.4248366013071895
IMG_0088,2,HHO-VC,0.463301227822997,0.0025366336753953,0.0587467409897316,0.4339869281045752
IMG_0088,2,MO-BDA-EHHO-VC,0.4573983231845233,0.0022653982823433,0.0586351988221147,0.3869281045751634
IMG_0088,3,BEHHO-VC-Calibrated,0.4737381374352776,0.0022333096725673,0.0585790679248623,0.4183006535947712
IMG_0088,3,HHO-VC,0.4721145321833052,0.0012087082491318,0.0589252084579187,0.0143790849673202
IMG_0088,3,EHHO-VC,0.4721145321833052,0.0012087082491318,0.0589252084579187,0.0143790849673202
IMG_0088,3,BDA-EHHO-VC-Calibrated,0.4672667868187923,0.0020928539601044,0.0585603576257781,0.1934640522875817
IMG_0088,3,MO-BDA-EHHO-VC,0.4575602984976806,0.0015984210626311,0.0585517221031239,0.0235294117647058
IMG_0088,4,BEHHO-VC-Calibrated,0.4742133367010211,0.0026713082383512,0.0584509743388248,0.3477124183006536
IMG_0088,4,HHO-VC,0.4593804550182219,0.0025042690114405,0.05841571262132,0.2771241830065359
IMG_0088,4,EHHO-VC,0.4593804550182219,0.0025042690114405,0.05841571262132,0.2771241830065359
IMG_0088,4,BDA-EHHO-VC-Calibrated,0.4710078730227702,0.0024766911271208,0.0584711238916846,0.2130718954248366
IMG_0088,4,MO-BDA-EHHO-VC,0.4520181385849874,0.0022982403402157,0.0583437499325349,0.0562091503267973
IMG_0088,5,BDA-EHHO-VC-Calibrated,0.4525034549581542,0.0012423398026892,0.0585459650880211,0.2418300653594771
IMG_0088,5,EHHO-VC,0.4436068262704316,0.001465067537233,0.0584358621741799,0.0588235294117647
IMG_0088,5,HHO-VC,0.4436068262704316,0.001465067537233,0.0584358621741799,0.0588235294117647
IMG_0088,5,BEHHO-VC-Calibrated,0.455342865604052,0.0015338427131562,0.0584214696364229,0.1712418300653594
IMG_0088,5,MO-BDA-EHHO-VC,0.4544344932828155,0.0011340484355874,0.058435142547292,0.0915032679738562
IMG_0089,1,BDA-EHHO-VC-Calibrated,0.3553760311737653,0.0026504436377238,0.0580321514900954,0.6261437908496732
IMG_0089,1,BEHHO-VC-Calibrated,0.3544073879841216,0.0025270257003773,0.0580465440278524,0.7058823529411765
IMG_0089,1,HHO-VC,0.3547635016992237,0.0022697486664032,0.0580738898495907,0.6300653594771242
IMG_0089,1,EHHO-VC,0.3547751003914162,0.002285969960042,0.0580746094764786,0.6287581699346405
IMG_0089,1,MO-BDA-EHHO-VC,0.3584277571501752,0.0020665477469406,0.0580407870127496,0.5529411764705883
IMG_0089,2,BEHHO-VC-Calibrated,0.3789324077812689,0.0031656785531846,0.0584581706077033,0.0209150326797385
IMG_0089,2,BDA-EHHO-VC-Calibrated,0.3783269052516322,0.0031788262883097,0.0584955912058715,0.0313725490196078
IMG_0089,2,EHHO-VC,0.3816788426332563,0.0027319012502582,0.0584682453841332,0.0104575163398692
IMG_0089,2,HHO-VC,0.3789324077812689,0.0031656785531846,0.0584581706077033,0.0209150326797385
IMG_0089,2,MO-BDA-EHHO-VC,0.3608103147828703,0.0026028055576605,0.058358142470292,0.3738562091503268
IMG_0089,3,HHO-VC,0.368975726356748,0.0013269174954905,0.0580415066396374,0.3777777777777777
IMG_0089,3,BEHHO-VC-Calibrated,0.3745373754588039,0.0009421482048514,0.0581105908208711,0.0601307189542483
IMG_0089,3,BDA-EHHO-VC-Calibrated,0.3731189993290479,0.0011564853190464,0.0581767964945535,0.0954248366013071
IMG_0089,3,EHHO-VC,0.3775128379174989,0.0013963497730452,0.0580508617891795,0.0169934640522875
IMG_0089,3,MO-BDA-EHHO-VC,0.3612183178296859,0.001038549969907,0.0583005723192639,0.1764705882352941
IMG_0089,4,BEHHO-VC-Calibrated,0.373514929576545,0.0030212193195932,0.0583588620971798,0.0313725490196078
IMG_0089,4,HHO-VC,0.3679113389262253,0.0032275469368737,0.0584840771756659,0.2261437908496732
IMG_0089,4,BDA-EHHO-VC-Calibrated,0.367882164405572,0.0030550644517855,0.0583005723192639,0.3594771241830065
IMG_0089,4,EHHO-VC,0.3691821661453758,0.002771779769659,0.0584488154581612,0.1333333333333333
IMG_0089,4,MO-BDA-EHHO-VC,0.362656835046103,0.002655677572476,0.0581379366426095,0.3633986928104575
IMG_0089,5,BEHHO-VC-Calibrated,0.3570973532909093,0.0023016098206622,0.0581264226124039,0.7895424836601308
IMG_0089,5,EHHO-VC,0.359777540138221,0.002509564573211,0.0580501421622916,0.6784313725490196
IMG_0089,5,HHO-VC,0.359777540138221,0.002509564573211,0.0580501421622916,0.6784313725490196
IMG_0089,5,BDA-EHHO-VC-Calibrated,0.3668696493743654,0.0022184833408681,0.0582386844069087,0.2274509803921568
IMG_0089,5,MO-BDA-EHHO-VC,0.3582397144112803,0.0019359068397723,0.0581170674628618,0.2522875816993464
IMG_0090,1,EHHO-VC,0.3921122486337159,0.0020614909732983,0.0581357777619459,0.0078431372549019
IMG_0090,1,BDA-EHHO-VC-Calibrated,0.3760893411319739,0.0016658048155526,0.0581098711939833,0.2196078431372549
IMG_0090,1,HHO-VC,0.3890961568875527,0.0020897863755806,0.0582876190352825,0.0091503267973856
IMG_0090,1,BEHHO-VC-Calibrated,0.3864457456610007,0.0022696040124705,0.0582552358253292,0.0117647058823529
IMG_0090,1,MO-BDA-EHHO-VC,0.3679205769434186,0.0019038518827316,0.0579717028315159,0.2104575163398692
IMG_0090,2,EHHO-VC,0.3684834521626984,0.0019171385191287,0.0581746376138899,0.3751633986928104
IMG_0090,2,HHO-VC,0.3697374824436666,0.0018422266097193,0.0581566469416936,0.3437908496732026
IMG_0090,2,BEHHO-VC-Calibrated,0.368627606127633,0.0019153342509218,0.0581681609718992,0.4078431372549019
IMG_0090,2,BDA-EHHO-VC-Calibrated,0.3674520405760367,0.002077777626952,0.0582523573177778,0.4758169934640522
IMG_0090,2,MO-BDA-EHHO-VC,0.3684580197018619,0.0020186152024742,0.0580997964175534,0.2705882352941176
IMG_0090,3,BDA-EHHO-VC-Calibrated,0.3689772770655393,0.002154982486952,0.058150170299703,0.3764705882352941
IMG_0090,3,BEHHO-VC-Calibrated,0.3666519932669185,0.0019510407860533,0.0582228526153759,0.5359477124183006
IMG_0090,3,EHHO-VC,0.3648794337153594,0.0022146131669055,0.058173917987002,0.6679738562091504
IMG_0090,3,HHO-VC,0.3657249021803991,0.0019869057625114,0.058227170376703,0.6732026143790849
IMG_0090,3,MO-BDA-EHHO-VC,0.3691278907400672,0.0018692514976711,0.0580868431335721,0.1816993464052287
IMG_0090,4,EHHO-VC,0.3921122486337159,0.0032157759901953,0.0587733671845821,0.0078431372549019
IMG_0090,4,BDA-EHHO-VC-Calibrated,0.3724656218403052,0.0027174057005172,0.0585121426242921,0.4261437908496732
IMG_0090,4,BEHHO-VC-Calibrated,0.3755656390139892,0.0033809046254614,0.0585531613568996,0.2875816993464052
IMG_0090,4,HHO-VC,0.3921122486337159,0.0032157759901953,0.0587733671845821,0.0078431372549019
IMG_0090,4,MO-BDA-EHHO-VC,0.3671162965349601,0.0031084625369018,0.0582703479899741,0.3777777777777777
IMG_0090,5,BEHHO-VC-Calibrated,0.3763185465288538,0.0022885968308021,0.0583300770216658,0.265359477124183
IMG_0090,5,EHHO-VC,0.3853417448868515,0.0024083086911195,0.05850278747475,0.0117647058823529
IMG_0090,5,BDA-EHHO-VC-Calibrated,0.3742213336564898,0.0019780575460543,0.0583761331424882,0.330718954248366
IMG_0090,5,HHO-VC,0.3724115820941269,0.0034023659191172,0.0582674694824227,0.1411764705882353
IMG_0090,5,MO-BDA-EHHO-VC,0.3670036114305212,0.0023809098945847,0.0583171237376844,0.4549019607843137
IMG_0091,1,BEHHO-VC-Calibrated,0.3975461481098062,0.0012140907339457,0.0581328992543945,0.0274509803921568
IMG_0091,1,BDA-EHHO-VC-Calibrated,0.3874868478910778,0.0014457279281747,0.0582451610488993,0.0366013071895424
IMG_0091,1,HHO-VC,0.3964378465067273,0.0013784052191161,0.0580695720882636,0.0627450980392156
IMG_0091,1,EHHO-VC,0.3964378465067273,0.0013784052191161,0.0580695720882636,0.0627450980392156
IMG_0091,1,MO-BDA-EHHO-VC,0.3843685521944422,0.0015828346813829,0.0582847405277311,0.0352941176470588
IMG_0091,2,BEHHO-VC-Calibrated,0.3707556074105244,0.002563457898658,0.058319282618348,0.5189542483660131
IMG_0091,2,HHO-VC,0.370670268127824,0.0022142783540133,0.0583638994853948,0.5437908496732026
IMG_0091,2,BDA-EHHO-VC-Calibrated,0.3786280546452586,0.00181038653124,0.0584085163524415,0.0915032679738562
IMG_0091,2,EHHO-VC,0.3834323006809506,0.0020952166091517,0.0584725631454603,0.0352941176470588
IMG_0091,2,MO-BDA-EHHO-VC,0.384635880883981,0.0014270238822768,0.0580479832816281,0.1032679738562091
IMG_0091,3,EHHO-VC,0.3751872221774883,0.0018493629010395,0.0583660583660583,0.6
IMG_0091,3,HHO-VC,0.3746616066986017,0.0017632198450548,0.0583603013509555,0.5699346405228759
IMG_0091,3,BEHHO-VC-Calibrated,0.3743159148740755,0.0016713505521452,0.058353105082077,0.6888888888888889
IMG_0091,3,BDA-EHHO-VC-Calibrated,0.3721849726661678,0.0015519987551202,0.0584430584430584,0.5777777777777778
IMG_0091,3,MO-BDA-EHHO-VC,0.375824557614164,0.0015675054142616,0.0583271985141144,0.1372549019607843
IMG_0091,4,EHHO-VC,0.3932521514023955,0.0029765956148415,0.0586409558372175,0.1058823529411764
IMG_0091,4,BEHHO-VC-Calibrated,0.3716733179489057,0.0030449312263869,0.0585178996393949,0.3150326797385621
IMG_0091,4,BDA-EHHO-VC-Calibrated,0.3826212473135476,0.0027628463281882,0.058667582032068,0.4013071895424836
IMG_0091,4,HHO-VC,0.386988248052181,0.0026724449538709,0.0584991893403108,0.134640522875817
IMG_0091,4,MO-BDA-EHHO-VC,0.3768884116741698,0.0028288055348324,0.0584955912058715,0.0862745098039215
IMG_0091,5,HHO-VC,0.398887820479516,0.0022393645163493,0.0581084319402076,0.1372549019607843
IMG_0091,5,BEHHO-VC-Calibrated,0.3912459416996492,0.0016445207940047,0.0581041141788805,0.1986928104575163
IMG_0091,5,EHHO-VC,0.398887820479516,0.0022393645163493,0.0581084319402076,0.1372549019607843
IMG_0091,5,BDA-EHHO-VC-Calibrated,0.3859299562847084,0.0015631237341761,0.0580487029085159,0.2993464052287581
IMG_0091,5,MO-BDA-EHHO-VC,0.3734370133904461,0.0014475468291966,0.0580112823103477,0.1359477124183006
IMG_0092,1,EHHO-VC,0.5094136834619107,0.0021329977405455,0.0582797031395162,0.396078431372549
IMG_0092,1,HHO-VC,0.509037784240492,0.0020977038744966,0.0582825816470676,0.3856209150326797
IMG_0092,1,BDA-EHHO-VC-Calibrated,0.5089919059098418,0.0022124032909084,0.0582487591833386,0.1947712418300653
IMG_0092,1,BEHHO-VC-Calibrated,0.5074504566498659,0.002123634823306,0.0582696283630863,0.2261437908496732
IMG_0092,1,MO-BDA-EHHO-VC,0.5190521204780277,0.001196840494457,0.058271067616862,0.122875816993464
IMG_0092,2,HHO-VC,0.5203455270490596,0.003043930018684,0.0584293855321892,0.3411764705882353
IMG_0092,2,BDA-EHHO-VC-Calibrated,0.5057619579850067,0.0033000763569022,0.0583840490382546,0.3699346405228758
IMG_0092,2,BEHHO-VC-Calibrated,0.4963626487506232,0.0037976339314734,0.0584444976968341,0.4130718954248366
IMG_0092,2,EHHO-VC,0.5054740987636676,0.0033257446123362,0.0583854882920303,0.3071895424836601
IMG_0092,2,MO-BDA-EHHO-VC,0.5156682401287819,0.0031166808397011,0.0584250677708621,0.0627450980392156
IMG_0092,3,BDA-EHHO-VC-Calibrated,0.5444388130444895,0.0033984023464813,0.0584049182180023,0.0313725490196078
IMG_0092,3,EHHO-VC,0.5228362234375019,0.0028315472547027,0.0582955349310489,0.0823529411764705
IMG_0092,3,BEHHO-VC-Calibrated,0.5204966656279056,0.0030816987302908,0.0582732264975255,0.1490196078431372
IMG_0092,3,HHO-VC,0.5228177247933848,0.0028449987947619,0.0583214414990115,0.0810457516339869
IMG_0092,3,MO-BDA-EHHO-VC,0.4996489984910686,0.0029292467377553,0.0584092359793294,0.0797385620915032
IMG_0092,4,HHO-VC,0.4958114653517212,0.0021208206996365,0.058314245230133,0.2640522875816993
IMG_0092,4,BDA-EHHO-VC-Calibrated,0.5182298663297703,0.0017347113966904,0.0582833012739554,0.269281045751634
IMG_0092,4,BEHHO-VC-Calibrated,0.5187423338021059,0.0014442607530823,0.0581206655973011,0.3647058823529411
IMG_0092,4,EHHO-VC,0.4967564031850593,0.0021398081698775,0.0583257592603387,0.396078431372549
IMG_0092,4,MO-BDA-EHHO-VC,0.5017419528654963,0.0015373760962652,0.0581926282860862,0.0875816993464052
IMG_0092,5,BEHHO-VC-Calibrated,0.500156140724434,0.0013342436174585,0.0580494225354038,0.3712418300653595
IMG_0092,5,EHHO-VC,0.5195986644000529,0.0016659662995155,0.0581767964945535,0.1137254901960784
IMG_0092,5,HHO-VC,0.5306973598307988,0.0017587733507489,0.0583286377678901,0.1071895424836601
IMG_0092,5,BDA-EHHO-VC-Calibrated,0.5001609833900793,0.0013785700288538,0.0580933197755627,0.3385620915032679
IMG_0092,5,MO-BDA-EHHO-VC,0.4960261427516653,0.0011121212700346,0.0580328711169832,0.2209150326797385
IMG_0093,1,EHHO-VC,0.3489017855821422,0.0024274888865809,0.0581897497785348,0.0901960784313725
IMG_0093,1,HHO-VC,0.3500673356206993,0.0024532560247256,0.0581962264205254,0.061437908496732
IMG_0093,1,BEHHO-VC-Calibrated,0.3495990024420858,0.0016484950243248,0.058193347912974,0.4444444444444444
IMG_0093,1,BDA-EHHO-VC-Calibrated,0.344044955986445,0.001871285311468,0.0582091797045068,0.1450980392156863
IMG_0093,1,MO-BDA-EHHO-VC,0.347184865888312,0.0019164084543345,0.0580069645490206,0.2300653594771241
IMG_0093,2,HHO-VC,0.3425865516693271,0.0019952811783864,0.0585258155351613,0.5725490196078431
IMG_0093,2,BDA-EHHO-VC-Calibrated,0.3524360764171477,0.0022384868508162,0.0583473480669742,0.3411764705882353
IMG_0093,2,BEHHO-VC-Calibrated,0.3520497891699478,0.0021963442122476,0.0583351144098807,0.3372549019607843
IMG_0093,2,EHHO-VC,0.3426022141368862,0.0020304627211034,0.0585164603856192,0.5699346405228759
IMG_0093,2,MO-BDA-EHHO-VC,0.3438655487702044,0.0021431153345698,0.0583415910518714,0.1359477124183006
IMG_0093,3,HHO-VC,0.3519310591996511,0.0016241872566806,0.0584495350850491,0.322875816993464
IMG_0093,3,EHHO-VC,0.3519310591996511,0.0016241872566806,0.0584495350850491,0.322875816993464
IMG_0093,3,BEHHO-VC-Calibrated,0.3474175847576444,0.001781899039469,0.0582984134386003,0.3594771241830065
IMG_0093,3,BDA-EHHO-VC-Calibrated,0.3480364046178057,0.001661895845181,0.0582199741078245,0.326797385620915
IMG_0093,3,MO-BDA-EHHO-VC,0.3417314148053942,0.0013489963280009,0.0583329555292172,0.3281045751633987
IMG_0093,4,EHHO-VC,0.3465207518652096,0.0021644529402565,0.0577666091684783,0.0823529411764705
IMG_0093,4,BEHHO-VC-Calibrated,0.3445847184833269,0.0017280943080356,0.0579767402197308,0.2405228758169934
IMG_0093,4,HHO-VC,0.3462000776577844,0.0018036073396264,0.0578731139478803,0.1411764705882353
IMG_0093,4,BDA-EHHO-VC-Calibrated,0.3444247411930582,0.0018320954122013,0.0579364411140112,0.2941176470588235
IMG_0093,4,MO-BDA-EHHO-VC,0.3455318067311297,0.001578358340486,0.0578464877530298,0.1294117647058823
IMG_0093,5,EHHO-VC,0.3509247160272826,0.0015208559035001,0.0582976938117124,0.4588235294117647
IMG_0093,5,BEHHO-VC-Calibrated,0.3475862737663555,0.0013945908062819,0.0582940956772732,0.3098039215686274
IMG_0093,5,BDA-EHHO-VC-Calibrated,0.3468691528733137,0.0013362784676467,0.0583214414990115,0.5542483660130719
IMG_0093,5,HHO-VC,0.3509436887785258,0.0014918800655711,0.0582984134386003,0.4562091503267974
IMG_0093,5,MO-BDA-EHHO-VC,0.3460324553901072,0.0014734640066354,0.0581156282090861,0.1019607843137254
IMG_0094,1,BDA-EHHO-VC-Calibrated,0.4545389169709794,0.0015504938485749,0.0583063293343667,0.6287581699346405
IMG_0094,1,HHO-VC,0.4586519656139895,0.0014658311481571,0.0583322359023293,0.3398692810457516
IMG_0094,1,BEHHO-VC-Calibrated,0.4579476710119489,0.0017457338508114,0.0583178433645723,0.2771241830065359
IMG_0094,1,EHHO-VC,0.4584358489602698,0.0015052236264733,0.0583394321712078,0.3516339869281046
IMG_0094,1,MO-BDA-EHHO-VC,0.4535713405223694,0.0014720599810436,0.0582768246319648,0.4117647058823529
IMG_0094,2,EHHO-VC,0.473523063717633,0.0019600414672358,0.0582214133616002,0.0549019607843137
IMG_0094,2,HHO-VC,0.4730782496389542,0.0017271230151208,0.0581890301516469,0.065359477124183
IMG_0094,2,BEHHO-VC-Calibrated,0.4868748008736582,0.0019865831724382,0.0582667498555349,0.0339869281045751
IMG_0094,2,BDA-EHHO-VC-Calibrated,0.4728049353469483,0.0016165218394536,0.0581904694054226,0.0758169934640522
IMG_0094,2,MO-BDA-EHHO-VC,0.4643043554335042,0.0012966335849629,0.0580854038797964,0.1751633986928104
IMG_0094,3,BEHHO-VC-Calibrated,0.4843743175595411,0.001659889161708,0.0585380491922548,0.1895424836601307
IMG_0094,3,EHHO-VC,0.5028164074694704,0.0020541101843038,0.0584466565774977,0.0104575163398692
IMG_0094,3,BDA-EHHO-VC-Calibrated,0.4844658964306691,0.0016975486753647,0.0585243762813856,0.1803921568627451
IMG_0094,3,HHO-VC,0.5062021588486249,0.0020107019505751,0.05851286225118,0.0091503267973856
IMG_0094,3,MO-BDA-EHHO-VC,0.4706572808628452,0.0018918019495996,0.0583941238146845,0.2196078431372549
IMG_0094,4,BEHHO-VC-Calibrated,0.4861070013153144,0.0033520919468486,0.0577975531246559,0.0196078431372549
IMG_0094,4,EHHO-VC,0.4836777271982998,0.0036876396032875,0.057985375742385,0.0156862745098039
IMG_0094,4,BDA-EHHO-VC-Calibrated,0.4824879215005226,0.0032737627896905,0.0579580299206467,0.0222222222222222
IMG_0094,4,HHO-VC,0.4900325998533373,0.0036866303641095,0.0579112541729364,0.0130718954248366
IMG_0094,4,MO-BDA-EHHO-VC,0.4555763310925056,0.0020014074863097,0.0578033101397587,0.1790849673202614
IMG_0094,5,BEHHO-VC-Calibrated,0.4957287599200307,0.0027941590450267,0.0583746938887125,0.1934640522875817
IMG_0094,5,BDA-EHHO-VC-Calibrated,0.4772626260058484,0.0026685542602846,0.058358142470292,0.2235294117647059
IMG_0094,5,HHO-VC,0.5061851756540715,0.002946731602947,0.0583077685881424,0.0091503267973856
IMG_0094,5,EHHO-VC,0.5061851756540715,0.002946731602947,0.0583077685881424,0.0091503267973856
IMG_0094,5,MO-BDA-EHHO-VC,0.4791763340218104,0.0022950770383176,0.058237245153133,0.0313725490196078
IMG_0095,1,EHHO-VC,0.4289861760529764,0.0021529634737245,0.0584459369506098,0.2470588235294117
IMG_0095,1,HHO-VC,0.4288556188031228,0.0022058508256837,0.0584653668765818,0.2366013071895425
IMG_0095,1,BEHHO-VC-Calibrated,0.429406158770925,0.0021157197392706,0.0584185911288714,0.1934640522875817
IMG_0095,1,BDA-EHHO-VC-Calibrated,0.4286630889789272,0.0022351250752563,0.0584495350850491,0.2562091503267973
IMG_0095,1,MO-BDA-EHHO-VC,0.4218911290458898,0.0014633623143561,0.0585186192662828,0.1372549019607843
IMG_0095,2,EHHO-VC,0.4246466481290614,0.0035055749706191,0.0585452454611333,0.2091503267973856
IMG_0095,2,BDA-EHHO-VC-Calibrated,0.4241579114116277,0.0034389761664828,0.0584776005336753,0.5895424836601307
IMG_0095,2,BEHHO-VC-Calibrated,0.4189625269968919,0.0031098231770958,0.0584869556832173,0.4601307189542483
IMG_0095,2,HHO-VC,0.4280988422354612,0.0034970194446631,0.0585107033705164,0.3346405228758169
IMG_0095,2,MO-BDA-EHHO-VC,0.4285766406241996,0.0029741451414219,0.0582394040337965,0.1163398692810457
IMG_0095,3,BDA-EHHO-VC-Calibrated,0.4237889206083322,0.0015062662245667,0.0585761894173109,0.2888888888888889
IMG_0095,3,HHO-VC,0.421266543704427,0.0014045377277267,0.058546684714909,0.2104575163398692
IMG_0095,3,EHHO-VC,0.4285973150813776,0.0019230108685885,0.0586020959852735,0.0666666666666666
IMG_0095,3,BEHHO-VC-Calibrated,0.4311816730258235,0.0017091600964223,0.0587359465864138,0.1594771241830065
IMG_0095,3,MO-BDA-EHHO-VC,0.4265944579933089,0.0015761125219627,0.0584315444128528,0.0549019607843137
IMG_0095,4,BDA-EHHO-VC-Calibrated,0.4313332687793984,0.0022084816533195,0.0584668061303575,0.1660130718954248
IMG_0095,4,HHO-VC,0.4328148281499078,0.0024226081924404,0.0585920212088436,0.0431372549019607
IMG_0095,4,EHHO-VC,0.4488007637620116,0.0024294742103382,0.0584164322482079,0.0222222222222222
IMG_0095,4,BEHHO-VC-Calibrated,0.4399623909874101,0.0024623787690092,0.0584891145638809,0.1045751633986928
IMG_0095,4,MO-BDA-EHHO-VC,0.4227181157992097,0.0018133568308676,0.0584833575487781,0.0705882352941176
IMG_0095,5,HHO-VC,0.4245554841016687,0.0024977858286884,0.0581940675398619,0.3660130718954248
IMG_0095,5,EHHO-VC,0.4259027018315142,0.0025248877030878,0.0581530488072544,0.4326797385620914
IMG_0095,5,BEHHO-VC-Calibrated,0.4251020364898923,0.0022503119043919,0.0581487310459273,0.4117647058823529
IMG_0095,5,BDA-EHHO-VC-Calibrated,0.4335133657368455,0.002183786228765,0.0582955349310489,0.3464052287581699
IMG_0095,5,MO-BDA-EHHO-VC,0.4271430422692158,0.0022093665180364,0.057888945739413,0.1333333333333333
IMG_0096,1,BDA-EHHO-VC-Calibrated,0.3953400212435019,0.0010390376316304,0.0579738617121794,0.1202614379084967
IMG_0096,1,BEHHO-VC-Calibrated,0.4062557451883627,0.0010185362902925,0.0579817776079458,0.0967320261437908
IMG_0096,1,EHHO-VC,0.3939398728395052,0.0011651779948067,0.0580105626834598,0.273202614379085
IMG_0096,1,HHO-VC,0.3945220425255782,0.0012625426665763,0.0579206093224784,0.3712418300653595
IMG_0096,1,MO-BDA-EHHO-VC,0.3914870965549533,0.0007816725049153,0.0578277774539456,0.3359477124183007
IMG_0096,2,EHHO-VC,0.417951392288078,0.0034053871663838,0.0576529081201978,0.0274509803921568
IMG_0096,2,BDA-EHHO-VC-Calibrated,0.402557514882106,0.0031299751590982,0.0576716184192819,0.3254901960784314
IMG_0096,2,HHO-VC,0.417951392288078,0.0034053871663838,0.0576529081201978,0.0274509803921568
IMG_0096,2,BEHHO-VC-Calibrated,0.4002273968840386,0.0027820457759487,0.057622683790908,0.3568627450980392
IMG_0096,2,MO-BDA-EHHO-VC,0.3972355861956914,0.001850817703163,0.057675936180609,0.0967320261437908
IMG_0096,3,BEHHO-VC-Calibrated,0.3914985597879668,0.0012019907888131,0.058285460154619,0.3320261437908497
IMG_0096,3,BDA-EHHO-VC-Calibrated,0.3908097921943064,0.0017176135416447,0.0584106752331051,0.3660130718954248
IMG_0096,3,EHHO-VC,0.3907672072149429,0.001729978499114,0.0584509743388248,0.3816993464052287
IMG_0096,3,HHO-VC,0.3907558032453202,0.0017293115890736,0.0584783201605631,0.3803921568627451
IMG_0096,3,MO-BDA-EHHO-VC,0.3981941969398986,0.0013133702786908,0.0582768246319648,0.0810457516339869
IMG_0096,4,BDA-EHHO-VC-Calibrated,0.4061197611051549,0.0029643299552554,0.0582559554522171,0.2967320261437908
IMG_0096,4,EHHO-VC,0.4185383284440082,0.003359432105658,0.0580120019372355,0.0235294117647058
IMG_0096,4,HHO-VC,0.4185383284440082,0.003359432105658,0.0580120019372355,0.0235294117647058
IMG_0096,4,BEHHO-VC-Calibrated,0.4057605995585277,0.0030899458281432,0.058285460154619,0.3163398692810458
IMG_0096,4,MO-BDA-EHHO-VC,0.3953932228360108,0.0031410187349162,0.0580997964175534,0.1071895424836601
IMG_0096,5,BEHHO-VC-Calibrated,0.4079054940618609,0.0015449561681831,0.0580371888783103,0.2248366013071895
IMG_0096,5,BDA-EHHO-VC-Calibrated,0.403496306255202,0.001515592174859,0.0579098149191607,0.1019607843137254
IMG_0096,5,HHO-VC,0.4033182536307503,0.0016477384834432,0.0577853194675624,0.0287581699346405
IMG_0096,5,EHHO-VC,0.4033182536307503,0.0016477384834432,0.0577853194675624,0.0287581699346405
IMG_0096,5,MO-BDA-EHHO-VC,0.4011597539461373,0.0011100315058422,0.0577407026005156,0.1464052287581699
IMG_0097,1,EHHO-VC,0.3638456502318352,0.0025144238709973,0.0581969460474133,0.0091503267973856
IMG_0097,1,HHO-VC,0.3565180367469925,0.0025375958073058,0.0580062449221327,0.0143790849673202
IMG_0097,1,BEHHO-VC-Calibrated,0.3539664429914406,0.0026506272100955,0.0579429177560018,0.0366013071895424
IMG_0097,1,BDA-EHHO-VC-Calibrated,0.3470779289011673,0.0028021714717356,0.0580400673858617,0.2718954248366013
IMG_0097,1,MO-BDA-EHHO-VC,0.3484093571704735,0.0028757371917541,0.057821300811955,0.0287581699346405
IMG_0097,2,BEHHO-VC-Calibrated,0.3486400441521225,0.001741512116831,0.0584509743388248,0.0274509803921568
IMG_0097,2,HHO-VC,0.3566806385588522,0.0022218456504357,0.0586042548659371,0.0143790849673202
IMG_0097,2,EHHO-VC,0.3566806385588522,0.0022218456504357,0.0586042548659371,0.0143790849673202
IMG_0097,2,BDA-EHHO-VC-Calibrated,0.3488173263524943,0.002051568397324,0.0581465721652637,0.1411764705882353
IMG_0097,2,MO-BDA-EHHO-VC,0.3461029191301157,0.0016772020987397,0.0582473199295629,0.0862745098039215
IMG_0097,3,BEHHO-VC-Calibrated,0.33248970342784,0.0026733444782114,0.0585826660593015,0.6562091503267974
IMG_0097,3,EHHO-VC,0.3320277029658396,0.0027341219766162,0.0584840771756659,0.6418300653594771
IMG_0097,3,HHO-VC,0.333890825444685,0.0028746008120059,0.0585157407587314,0.5398692810457516
IMG_0097,3,BDA-EHHO-VC-Calibrated,0.3340092760304253,0.002566925065478,0.0584847968025538,0.542483660130719
IMG_0097,3,MO-BDA-EHHO-VC,0.3359548254196251,0.0020089654565582,0.0585071052360771,0.4287581699346405
IMG_0097,4,BDA-EHHO-VC-Calibrated,0.3470510402541576,0.0031681288352968,0.0580213570867776,0.1058823529411764
IMG_0097,4,HHO-VC,0.3375837897753624,0.0027762462110158,0.0579846561154972,0.4156862745098039
IMG_0097,4,EHHO-VC,0.3374871650498207,0.0028660739567227,0.0579932916381514,0.4287581699346405
IMG_0097,4,BEHHO-VC-Calibrated,0.3450260017255457,0.0030459657282115,0.0580940394024506,0.3790849673202615
IMG_0097,4,MO-BDA-EHHO-VC,0.3401995149859199,0.002257342134262,0.0579357214871233,0.2065359477124183
IMG_0097,5,HHO-VC,0.3556338269567904,0.0011862582969814,0.0581919086591983,0.0169934640522875
IMG_0097,5,BDA-EHHO-VC-Calibrated,0.3464816883928872,0.0013077277066349,0.0584423388161705,0.196078431372549
IMG_0097,5,BEHHO-VC-Calibrated,0.3465806921202581,0.0012026185297899,0.058420750009535,0.1908496732026143
IMG_0097,5,EHHO-VC,0.3385266872548184,0.0011371388507928,0.0582940956772732,0.2915032679738562
IMG_0097,5,MO-BDA-EHHO-VC,0.3386822705879718,0.0007600774467418,0.0581947871667497,0.2549019607843137
IMG_0098,1,BEHHO-VC-Calibrated,0.4077245600081892,0.0022769529327023,0.0581688805987871,0.6601307189542484
IMG_0098,1,BDA-EHHO-VC-Calibrated,0.4100314636894744,0.0021885621742685,0.0580537402967309,0.5241830065359476
IMG_0098,1,HHO-VC,0.4156050416654713,0.0025888981649472,0.0580623758193851,0.2758169934640522
IMG_0098,1,EHHO-VC,0.4162542382464986,0.0025112262305909,0.0580220767136654,0.2366013071895425
IMG_0098,1,MO-BDA-EHHO-VC,0.4282825815557655,0.0015962589508038,0.0578925438738522,0.065359477124183
IMG_0098,2,BDA-EHHO-VC-Calibrated,0.4323740667907361,0.002032571008552,0.0579961701457028,0.3124183006535947
IMG_0098,2,BEHHO-VC-Calibrated,0.4438842702745515,0.0022755083047392,0.0580674132076001,0.0313725490196078
IMG_0098,2,EHHO-VC,0.4454203604307626,0.0019002569582363,0.0579731420852916,0.0196078431372549
IMG_0098,2,HHO-VC,0.4454203604307626,0.0019002569582363,0.0579731420852916,0.0196078431372549
IMG_0098,2,MO-BDA-EHHO-VC,0.414393240783522,0.0019278316846306,0.0578220204388428,0.2352941176470588
IMG_0098,3,BDA-EHHO-VC-Calibrated,0.4205036096206638,0.0020335671870115,0.0579270859644691,0.6366013071895426
IMG_0098,3,HHO-VC,0.4248174087667884,0.0019223560692529,0.0580156000716748,0.3058823529411765
IMG_0098,3,BEHHO-VC-Calibrated,0.4162711452452637,0.0017872993911604,0.0579414785022261,0.2470588235294117
IMG_0098,3,EHHO-VC,0.4248174087667884,0.0019223560692529,0.0580156000716748,0.3058823529411765
IMG_0098,3,MO-BDA-EHHO-VC,0.4164693474225753,0.0011964491284445,0.0579817776079458,0.0745098039215686
IMG_0098,4,HHO-VC,0.4162481510496472,0.0031198537053301,0.0582653106017592,0.3607843137254902
IMG_0098,4,BDA-EHHO-VC-Calibrated,0.4205365346673326,0.0026121017689231,0.0581249833586282,0.3163398692810458
IMG_0098,4,EHHO-VC,0.4169888249074184,0.0031003897193057,0.0583034508268153,0.3241830065359477
IMG_0098,4,BEHHO-VC-Calibrated,0.4152736915815099,0.0028239242545062,0.0582408432875722,0.3895424836601307
IMG_0098,4,MO-BDA-EHHO-VC,0.4148492810416513,0.003237189395482,0.058246600302675,0.2679738562091503
IMG_0098,5,BEHHO-VC-Calibrated,0.4144083614143655,0.0018748339938894,0.0582221329884881,0.1790849673202614
IMG_0098,5,HHO-VC,0.4095354291087779,0.001876215122457,0.0581372170157216,0.615686274509804
IMG_0098,5,BDA-EHHO-VC-Calibrated,0.4145513893748757,0.0022586525781577,0.0581631235836843,0.3633986928104575
IMG_0098,5,EHHO-VC,0.4095354291087779,0.001876215122457,0.0581372170157216,0.615686274509804
IMG_0098,5,MO-BDA-EHHO-VC,0.4147734493000691,0.0015902374166026,0.0581969460474133,0.2379084967320261
IMG_0099,1,HHO-VC,0.4209130745973872,0.0014115107097186,0.0583451891863106,0.0679738562091503
IMG_0099,1,EHHO-VC,0.420460979587843,0.0013951162486534,0.0583617406047312,0.0718954248366013
IMG_0099,1,BDA-EHHO-VC-Calibrated,0.4355191891485265,0.0017812580493545,0.0582761050050769,0.1241830065359477
IMG_0099,1,BEHHO-VC-Calibrated,0.4455654175564921,0.001447875043294,0.0581408151501609,0.0183006535947712
IMG_0099,1,MO-BDA-EHHO-VC,0.4262718905114532,0.0010337177881682,0.0583113667225816,0.0771241830065359
IMG_0099,2,EHHO-VC,0.4447110087856458,0.0008943920104649,0.0583372732905443,0.0183006535947712
IMG_0099,2,BDA-EHHO-VC-Calibrated,0.4189525654351189,0.0008983412012777,0.0583898060533574,0.4549019607843137
IMG_0099,2,BEHHO-VC-Calibrated,0.4309001496751715,0.0007806901126681,0.0583322359023293,0.1777777777777777
IMG_0099,2,HHO-VC,0.4447110087856458,0.0008943920104649,0.0583372732905443,0.0183006535947712
IMG_0099,2,MO-BDA-EHHO-VC,0.4195003792869459,0.000817337423755,0.0582552358253292,0.4026143790849673
IMG_0099,3,BEHHO-VC-Calibrated,0.4365479000178092,0.0024402288659752,0.0586035352390492,0.4836601307189542
IMG_0099,3,BDA-EHHO-VC-Calibrated,0.4372081703867106,0.002428783811803,0.058628722180124,0.3411764705882353
IMG_0099,3,HHO-VC,0.4267549464095724,0.0020180341434209,0.0586762175547222,0.5633986928104575
IMG_0099,3,EHHO-VC,0.4267507048440334,0.0020134521501304,0.0586798156891614,0.5660130718954248
IMG_0099,3,MO-BDA-EHHO-VC,0.416377960551553,0.0018779673901054,0.058623684791909,0.1503267973856209
IMG_0099,4,EHHO-VC,0.441124693159748,0.0025289441009874,0.0582077404507311,0.0183006535947712
IMG_0099,4,HHO-VC,0.4586836823515024,0.0024656054750506,0.0582753853781891,0.0143790849673202
IMG_0099,4,BDA-EHHO-VC-Calibrated,0.4174546155039639,0.0022920989439529,0.0582617124673199,0.1464052287581699
IMG_0099,4,BEHHO-VC-Calibrated,0.4192849991925114,0.0018955425675465,0.0583804509038153,0.3529411764705882
IMG_0099,4,MO-BDA-EHHO-VC,0.4309846000070105,0.0016334263459899,0.0582408432875722,0.1411764705882353
IMG_0099,5,BEHHO-VC-Calibrated,0.421449577607777,0.0010613750901853,0.058474002399236,0.2588235294117647
IMG_0099,5,EHHO-VC,0.4178182556696931,0.0015456676374101,0.0584531332194883,0.4745098039215686
IMG_0099,5,BDA-EHHO-VC-Calibrated,0.4186676947819139,0.0020187952632225,0.058479039787451,0.0758169934640522
IMG_0099,5,HHO-VC,0.4204308822515336,0.0009963492067123,0.0584567313539276,0.0810457516339869
IMG_0099,5,MO-BDA-EHHO-VC,0.4184449998918194,0.0012227466751056,0.0584718435185724,0.0888888888888888
IMG_0100,1,HHO-VC,0.5519236453660669,0.0031446782956907,0.058614329642367,0.1529411764705882
IMG_0100,1,BEHHO-VC-Calibrated,0.5611765824914614,0.0029894695780486,0.0586136100154791,0.5660130718954248
IMG_0100,1,EHHO-VC,0.5507827742966636,0.0033578211731476,0.0586452735985446,0.1254901960784313
IMG_0100,1,BDA-EHHO-VC-Calibrated,0.5525178370542663,0.0034106981072029,0.0586265632994605,0.3202614379084967
IMG_0100,1,MO-BDA-EHHO-VC,0.5335520873573455,0.0024644969657024,0.0586366380758904,0.1647058823529411
IMG_0100,2,EHHO-VC,0.5505147852436278,0.0026633582217573,0.0582955349310489,0.1071895424836601
IMG_0100,2,BEHHO-VC-Calibrated,0.5458879991984801,0.0026643709291812,0.0582883386621704,0.2627450980392157
IMG_0100,2,BDA-EHHO-VC-Calibrated,0.5379127638455647,0.0027836416381863,0.0583135256032452,0.0901960784313725
IMG_0100,2,HHO-VC,0.5500783103706495,0.0029574084731331,0.0582984134386003,0.134640522875817
IMG_0100,2,MO-BDA-EHHO-VC,0.5349969288241772,0.002041094081556,0.0582235722422638,0.1777777777777777
IMG_0100,3,BDA-EHHO-VC-Calibrated,0.541767288645664,0.0015515255355622,0.0582314881380301,0.1477124183006536
IMG_0100,3,BEHHO-VC-Calibrated,0.533615558448854,0.0017129051622539,0.0581897497785348,0.3137254901960784
IMG_0100,3,HHO-VC,0.5324280132261247,0.0016933264323239,0.0582523573177778,0.1790849673202614
IMG_0100,3,EHHO-VC,0.5333586601160898,0.0017391789725937,0.0582624320942078,0.2888888888888889
IMG_0100,3,MO-BDA-EHHO-VC,0.5739331712788363,0.0007802672900448,0.0578795905898709,0.0274509803921568
IMG_0100,4,BEHHO-VC-Calibrated,0.5859574846775313,0.0011444473705529,0.0581120300746469,0.0156862745098039
IMG_0100,4,BDA-EHHO-VC-Calibrated,0.5429407461137888,0.0015164061489729,0.0580839646260207,0.3594771241830065
IMG_0100,4,HHO-VC,0.5610684183371181,0.0015378607072322,0.058091880521787,0.273202614379085
IMG_0100,4,EHHO-VC,0.561288183922469,0.0015780392088985,0.0580731702227029,0.2666666666666666
IMG_0100,4,MO-BDA-EHHO-VC,0.5316816754814362,0.001288356670507,0.0578925438738522,0.1869281045751634
IMG_0100,5,HHO-VC,0.5576385157318444,0.0011185527166193,0.0582537965715535,0.0209150326797385
IMG_0100,5,EHHO-VC,0.5576385157318444,0.0011185527166193,0.0582537965715535,0.0209150326797385
IMG_0100,5,BDA-EHHO-VC-Calibrated,0.5402345595703291,0.001513697692158,0.0583567032165162,0.2143790849673202
IMG_0100,5,BEHHO-VC-Calibrated,0.5473359477602274,0.0013748486296684,0.0581991049280768,0.4287581699346405
IMG_0100,5,MO-BDA-EHHO-VC,0.552529960650777,0.001000575686144,0.0579170111880392,0.05359477124183
