run_key,experiment_id,filename,run_index,algorithm,clean_secret_nmse
IMG_0001|r1|BEHHO-VC-Calibrated,IMG_0001,101085.jpg,1,BEHHO-VC-Calibrated,0.46018645243817446
IMG_0001|r1|BDA-EHHO-VC-Calibrated,IMG_0001,101085.jpg,1,BDA-EHHO-VC-Calibrated,0.4582969408180416
IMG_0001|r1|HHO-VC,IMG_0001,101085.jpg,1,HHO-VC,0.4592229651635272
IMG_0001|r1|EHHO-VC,IMG_0001,101085.jpg,1,EHHO-VC,0.4597443729416694
IMG_0001|r1|MO-BDA-EHHO-VC,IMG_0001,101085.jpg,1,MO-BDA-EHHO-VC,0.47593432700957844
IMG_0001|r2|HHO-VC,IMG_0001,101085.jpg,2,HHO-VC,0.4615434401612974
IMG_0001|r2|EHHO-VC,IMG_0001,101085.jpg,2,EHHO-VC,0.462003078553866
IMG_0001|r2|BDA-EHHO-VC-Calibrated,IMG_0001,101085.jpg,2,BDA-EHHO-VC-Calibrated,0.46135495718007113
IMG_0001|r2|BEHHO-VC-Calibrated,IMG_0001,101085.jpg,2,BEHHO-VC-Calibrated,0.4615060534279239
IMG_0001|r2|MO-BDA-EHHO-VC,IMG_0001,101085.jpg,2,MO-BDA-EHHO-VC,0.47192013816856165
IMG_0001|r3|BDA-EHHO-VC-Calibrated,IMG_0001,101085.jpg,3,BDA-EHHO-VC-Calibrated,0.4949501458054962
IMG_0001|r3|BEHHO-VC-Calibrated,IMG_0001,101085.jpg,3,BEHHO-VC-Calibrated,0.4940100252392074
IMG_0001|r3|EHHO-VC,IMG_0001,101085.jpg,3,EHHO-VC,0.4930373098079983
IMG_0001|r3|HHO-VC,IMG_0001,101085.jpg,3,HHO-VC,0.4930373098079983
IMG_0001|r3|MO-BDA-EHHO-VC,IMG_0001,101085.jpg,3,MO-BDA-EHHO-VC,0.4582605446299137
IMG_0001|r4|BDA-EHHO-VC-Calibrated,IMG_0001,101085.jpg,4,BDA-EHHO-VC-Calibrated,0.45970783282816396
IMG_0001|r4|EHHO-VC,IMG_0001,101085.jpg,4,EHHO-VC,0.459894783427429
IMG_0001|r4|HHO-VC,IMG_0001,101085.jpg,4,HHO-VC,0.4625901586351737
IMG_0001|r4|BEHHO-VC-Calibrated,IMG_0001,101085.jpg,4,BEHHO-VC-Calibrated,0.46114227780301575
IMG_0001|r4|MO-BDA-EHHO-VC,IMG_0001,101085.jpg,4,MO-BDA-EHHO-VC,0.4590134944757718
IMG_0001|r5|HHO-VC,IMG_0001,101085.jpg,5,HHO-VC,0.4585034314038615
IMG_0001|r5|BDA-EHHO-VC-Calibrated,IMG_0001,101085.jpg,5,BDA-EHHO-VC-Calibrated,0.45778600572766726
IMG_0001|r5|EHHO-VC,IMG_0001,101085.jpg,5,EHHO-VC,0.45755765541685406
IMG_0001|r5|BEHHO-VC-Calibrated,IMG_0001,101085.jpg,5,BEHHO-VC-Calibrated,0.45952719801311465
IMG_0001|r5|MO-BDA-EHHO-VC,IMG_0001,101085.jpg,5,MO-BDA-EHHO-VC,0.4584514997411547
IMG_0002|r1|BEHHO-VC-Calibrated,IMG_0002,101087.jpg,1,BEHHO-VC-Calibrated,0.5777074945836062
IMG_0002|r1|HHO-VC,IMG_0002,101087.jpg,1,HHO-VC,0.5688362052285345
IMG_0002|r1|BDA-EHHO-VC-Calibrated,IMG_0002,101087.jpg,1,BDA-EHHO-VC-Calibrated,0.5794828310483324
IMG_0002|r1|EHHO-VC,IMG_0002,101087.jpg,1,EHHO-VC,0.5688362052285345
IMG_0002|r1|MO-BDA-EHHO-VC,IMG_0002,101087.jpg,1,MO-BDA-EHHO-VC,0.5701002002253498
IMG_0002|r2|BDA-EHHO-VC-Calibrated,IMG_0002,101087.jpg,2,BDA-EHHO-VC-Calibrated,0.592801609292894
IMG_0002|r2|BEHHO-VC-Calibrated,IMG_0002,101087.jpg,2,BEHHO-VC-Calibrated,0.595476089922295
IMG_0002|r2|EHHO-VC,IMG_0002,101087.jpg,2,EHHO-VC,0.5938852573254151
IMG_0002|r2|HHO-VC,IMG_0002,101087.jpg,2,HHO-VC,0.5938852573254151
IMG_0002|r2|MO-BDA-EHHO-VC,IMG_0002,101087.jpg,2,MO-BDA-EHHO-VC,0.5743275171519521
IMG_0002|r3|BEHHO-VC-Calibrated,IMG_0002,101087.jpg,3,BEHHO-VC-Calibrated,0.5683386128672808
IMG_0002|r3|BDA-EHHO-VC-Calibrated,IMG_0002,101087.jpg,3,BDA-EHHO-VC-Calibrated,0.5647860773741187
IMG_0002|r3|EHHO-VC,IMG_0002,101087.jpg,3,EHHO-VC,0.5894740206986755
IMG_0002|r3|HHO-VC,IMG_0002,101087.jpg,3,HHO-VC,0.5897023794756874
IMG_0002|r3|MO-BDA-EHHO-VC,IMG_0002,101087.jpg,3,MO-BDA-EHHO-VC,0.5648143290791159
IMG_0002|r4|BEHHO-VC-Calibrated,IMG_0002,101087.jpg,4,BEHHO-VC-Calibrated,0.5674288690218581
IMG_0002|r4|EHHO-VC,IMG_0002,101087.jpg,4,EHHO-VC,0.5677438370113725
IMG_0002|r4|HHO-VC,IMG_0002,101087.jpg,4,HHO-VC,0.5667983827399149
IMG_0002|r4|BDA-EHHO-VC-Calibrated,IMG_0002,101087.jpg,4,BDA-EHHO-VC-Calibrated,0.5651025523469982
IMG_0002|r4|MO-BDA-EHHO-VC,IMG_0002,101087.jpg,4,MO-BDA-EHHO-VC,0.5682461873762847
IMG_0002|r5|HHO-VC,IMG_0002,101087.jpg,5,HHO-VC,0.5956552092877805
IMG_0002|r5|BDA-EHHO-VC-Calibrated,IMG_0002,101087.jpg,5,BDA-EHHO-VC-Calibrated,0.5794050182162591
IMG_0002|r5|BEHHO-VC-Calibrated,IMG_0002,101087.jpg,5,BEHHO-VC-Calibrated,0.5956552092877805
IMG_0002|r5|EHHO-VC,IMG_0002,101087.jpg,5,EHHO-VC,0.5956552092877805
IMG_0002|r5|MO-BDA-EHHO-VC,IMG_0002,101087.jpg,5,MO-BDA-EHHO-VC,0.575013169184498
IMG_0003|r1|BDA-EHHO-VC-Calibrated,IMG_0003,102061.jpg,1,BDA-EHHO-VC-Calibrated,0.4673007250204374
IMG_0003|r1|HHO-VC,IMG_0003,102061.jpg,1,HHO-VC,0.46998215639895513
IMG_0003|r1|BEHHO-VC-Calibrated,IMG_0003,102061.jpg,1,BEHHO-VC-Calibrated,0.4668147482837735
IMG_0003|r1|EHHO-VC,IMG_0003,102061.jpg,1,EHHO-VC,0.4753206957671811
IMG_0003|r1|MO-BDA-EHHO-VC,IMG_0003,102061.jpg,1,MO-BDA-EHHO-VC,0.46499995933319566
IMG_0003|r2|BEHHO-VC-Calibrated,IMG_0003,102061.jpg,2,BEHHO-VC-Calibrated,0.4829613384820404
IMG_0003|r2|HHO-VC,IMG_0003,102061.jpg,2,HHO-VC,0.4686763637792537
IMG_0003|r2|BDA-EHHO-VC-Calibrated,IMG_0003,102061.jpg,2,BDA-EHHO-VC-Calibrated,0.46840304948724787
IMG_0003|r2|EHHO-VC,IMG_0003,102061.jpg,2,EHHO-VC,0.4691433846970718
IMG_0003|r2|MO-BDA-EHHO-VC,IMG_0003,102061.jpg,2,MO-BDA-EHHO-VC,0.47945835564975575
IMG_0003|r3|HHO-VC,IMG_0003,102061.jpg,3,HHO-VC,0.5139608583215823
IMG_0003|r3|BEHHO-VC-Calibrated,IMG_0003,102061.jpg,3,BEHHO-VC-Calibrated,0.4996839349737408
IMG_0003|r3|BDA-EHHO-VC-Calibrated,IMG_0003,102061.jpg,3,BDA-EHHO-VC-Calibrated,0.4918246018807629
IMG_0003|r3|EHHO-VC,IMG_0003,102061.jpg,3,EHHO-VC,0.4854939594863492
IMG_0003|r3|MO-BDA-EHHO-VC,IMG_0003,102061.jpg,3,MO-BDA-EHHO-VC,0.4666884072008629
IMG_0003|r4|BDA-EHHO-VC-Calibrated,IMG_0003,102061.jpg,4,BDA-EHHO-VC-Calibrated,0.4755332989484484
IMG_0003|r4|BEHHO-VC-Calibrated,IMG_0003,102061.jpg,4,BEHHO-VC-Calibrated,0.4829357790282237
IMG_0003|r4|EHHO-VC,IMG_0003,102061.jpg,4,EHHO-VC,0.47520510675659483
IMG_0003|r4|HHO-VC,IMG_0003,102061.jpg,4,HHO-VC,0.47517583064155733
IMG_0003|r4|MO-BDA-EHHO-VC,IMG_0003,102061.jpg,4,MO-BDA-EHHO-VC,0.47919895132218215
IMG_0003|r5|BEHHO-VC-Calibrated,IMG_0003,102061.jpg,5,BEHHO-VC-Calibrated,0.5151967709373739
IMG_0003|r5|EHHO-VC,IMG_0003,102061.jpg,5,EHHO-VC,0.4834758039772646
IMG_0003|r5|HHO-VC,IMG_0003,102061.jpg,5,HHO-VC,0.5072281561518268
IMG_0003|r5|BDA-EHHO-VC-Calibrated,IMG_0003,102061.jpg,5,BDA-EHHO-VC-Calibrated,0.5124497349852803
IMG_0003|r5|MO-BDA-EHHO-VC,IMG_0003,102061.jpg,5,MO-BDA-EHHO-VC,0.47365257524254606
IMG_0004|r1|EHHO-VC,IMG_0004,103070.jpg,1,EHHO-VC,0.3948570091372105
IMG_0004|r1|HHO-VC,IMG_0004,103070.jpg,1,HHO-VC,0.3938372470399333
IMG_0004|r1|BEHHO-VC-Calibrated,IMG_0004,103070.jpg,1,BEHHO-VC-Calibrated,0.3881766873386919
IMG_0004|r1|BDA-EHHO-VC-Calibrated,IMG_0004,103070.jpg,1,BDA-EHHO-VC-Calibrated,0.3879189931832517
IMG_0004|r1|MO-BDA-EHHO-VC,IMG_0004,103070.jpg,1,MO-BDA-EHHO-VC,0.3781061440081156
IMG_0004|r2|BDA-EHHO-VC-Calibrated,IMG_0004,103070.jpg,2,BDA-EHHO-VC-Calibrated,0.38671106135409944
IMG_0004|r2|EHHO-VC,IMG_0004,103070.jpg,2,EHHO-VC,0.3868079315994029
IMG_0004|r2|HHO-VC,IMG_0004,103070.jpg,2,HHO-VC,0.3867787655449482
IMG_0004|r2|BEHHO-VC-Calibrated,IMG_0004,103070.jpg,2,BEHHO-VC-Calibrated,0.3778045441463178
IMG_0004|r2|MO-BDA-EHHO-VC,IMG_0004,103070.jpg,2,MO-BDA-EHHO-VC,0.3757519904719939
IMG_0004|r3|EHHO-VC,IMG_0004,103070.jpg,3,EHHO-VC,0.391489790266968
IMG_0004|r3|HHO-VC,IMG_0004,103070.jpg,3,HHO-VC,0.3918071118597157
IMG_0004|r3|BDA-EHHO-VC-Calibrated,IMG_0004,103070.jpg,3,BDA-EHHO-VC-Calibrated,0.3834605067016756
IMG_0004|r3|BEHHO-VC-Calibrated,IMG_0004,103070.jpg,3,BEHHO-VC-Calibrated,0.3876228370872056
IMG_0004|r3|MO-BDA-EHHO-VC,IMG_0004,103070.jpg,3,MO-BDA-EHHO-VC,0.38634412783708344
IMG_0004|r4|HHO-VC,IMG_0004,103070.jpg,4,HHO-VC,0.40506411225250494
IMG_0004|r4|EHHO-VC,IMG_0004,103070.jpg,4,EHHO-VC,0.40506411225250494
IMG_0004|r4|BDA-EHHO-VC-Calibrated,IMG_0004,103070.jpg,4,BDA-EHHO-VC-Calibrated,0.3848672079434511
IMG_0004|r4|BEHHO-VC-Calibrated,IMG_0004,103070.jpg,4,BEHHO-VC-Calibrated,0.39570526298161607
IMG_0004|r4|MO-BDA-EHHO-VC,IMG_0004,103070.jpg,4,MO-BDA-EHHO-VC,0.3816060112792858
IMG_0004|r5|BEHHO-VC-Calibrated,IMG_0004,103070.jpg,5,BEHHO-VC-Calibrated,0.40506411225250494
IMG_0004|r5|EHHO-VC,IMG_0004,103070.jpg,5,EHHO-VC,0.40506411225250494
IMG_0004|r5|HHO-VC,IMG_0004,103070.jpg,5,HHO-VC,0.40506411225250494
IMG_0004|r5|BDA-EHHO-VC-Calibrated,IMG_0004,103070.jpg,5,BDA-EHHO-VC-Calibrated,0.39558312113325106
IMG_0004|r5|MO-BDA-EHHO-VC,IMG_0004,103070.jpg,5,MO-BDA-EHHO-VC,0.376770059329535
IMG_0005|r1|HHO-VC,IMG_0005,105025.jpg,1,HHO-VC,0.5274701412092135
IMG_0005|r1|EHHO-VC,IMG_0005,105025.jpg,1,EHHO-VC,0.5276089445365819
IMG_0005|r1|BDA-EHHO-VC-Calibrated,IMG_0005,105025.jpg,1,BDA-EHHO-VC-Calibrated,0.5259130125492811
IMG_0005|r1|BEHHO-VC-Calibrated,IMG_0005,105025.jpg,1,BEHHO-VC-Calibrated,0.5256652153800986
IMG_0005|r1|MO-BDA-EHHO-VC,IMG_0005,105025.jpg,1,MO-BDA-EHHO-VC,0.5060991529333325
IMG_0005|r2|BEHHO-VC-Calibrated,IMG_0005,105025.jpg,2,BEHHO-VC-Calibrated,0.5179827665761544
IMG_0005|r2|BDA-EHHO-VC-Calibrated,IMG_0005,105025.jpg,2,BDA-EHHO-VC-Calibrated,0.5197057057372465
IMG_0005|r2|HHO-VC,IMG_0005,105025.jpg,2,HHO-VC,0.527850129604595
IMG_0005|r2|EHHO-VC,IMG_0005,105025.jpg,2,EHHO-VC,0.527850129604595
IMG_0005|r2|MO-BDA-EHHO-VC,IMG_0005,105025.jpg,2,MO-BDA-EHHO-VC,0.5111442453890901
IMG_0005|r3|BEHHO-VC-Calibrated,IMG_0005,105025.jpg,3,BEHHO-VC-Calibrated,0.5267546542925172
IMG_0005|r3|BDA-EHHO-VC-Calibrated,IMG_0005,105025.jpg,3,BDA-EHHO-VC-Calibrated,0.5275329773358209
IMG_0005|r3|HHO-VC,IMG_0005,105025.jpg,3,HHO-VC,0.5276791039250481
IMG_0005|r3|EHHO-VC,IMG_0005,105025.jpg,3,EHHO-VC,0.5254548980724751
IMG_0005|r3|MO-BDA-EHHO-VC,IMG_0005,105025.jpg,3,MO-BDA-EHHO-VC,0.5125371297946189
IMG_0005|r4|BEHHO-VC-Calibrated,IMG_0005,105025.jpg,4,BEHHO-VC-Calibrated,0.5234795899949131
IMG_0005|r4|HHO-VC,IMG_0005,105025.jpg,4,HHO-VC,0.5121867900270168
IMG_0005|r4|BDA-EHHO-VC-Calibrated,IMG_0005,105025.jpg,4,BDA-EHHO-VC-Calibrated,0.5194873370746776
IMG_0005|r4|EHHO-VC,IMG_0005,105025.jpg,4,EHHO-VC,0.5121867900270168
IMG_0005|r4|MO-BDA-EHHO-VC,IMG_0005,105025.jpg,4,MO-BDA-EHHO-VC,0.5112927001829545
IMG_0005|r5|EHHO-VC,IMG_0005,105025.jpg,5,EHHO-VC,0.5140671073553825
IMG_0005|r5|BDA-EHHO-VC-Calibrated,IMG_0005,105025.jpg,5,BDA-EHHO-VC-Calibrated,0.508327109311921
IMG_0005|r5|HHO-VC,IMG_0005,105025.jpg,5,HHO-VC,0.5132625136975728
IMG_0005|r5|BEHHO-VC-Calibrated,IMG_0005,105025.jpg,5,BEHHO-VC-Calibrated,0.5153454948899548
IMG_0005|r5|MO-BDA-EHHO-VC,IMG_0005,105025.jpg,5,MO-BDA-EHHO-VC,0.5021982502968608
IMG_0006|r1|EHHO-VC,IMG_0006,106024.jpg,1,EHHO-VC,0.49651600842839294
IMG_0006|r1|HHO-VC,IMG_0006,106024.jpg,1,HHO-VC,0.4954105091370773
IMG_0006|r1|BEHHO-VC-Calibrated,IMG_0006,106024.jpg,1,BEHHO-VC-Calibrated,0.5112861979099623
IMG_0006|r1|BDA-EHHO-VC-Calibrated,IMG_0006,106024.jpg,1,BDA-EHHO-VC-Calibrated,0.5118692565468966
IMG_0006|r1|MO-BDA-EHHO-VC,IMG_0006,106024.jpg,1,MO-BDA-EHHO-VC,0.493386088640969
IMG_0006|r2|BDA-EHHO-VC-Calibrated,IMG_0006,106024.jpg,2,BDA-EHHO-VC-Calibrated,0.5143320483444879
IMG_0006|r2|HHO-VC,IMG_0006,106024.jpg,2,HHO-VC,0.5172913488299016
IMG_0006|r2|EHHO-VC,IMG_0006,106024.jpg,2,EHHO-VC,0.5172913488299016
IMG_0006|r2|BEHHO-VC-Calibrated,IMG_0006,106024.jpg,2,BEHHO-VC-Calibrated,0.5114530582197583
IMG_0006|r2|MO-BDA-EHHO-VC,IMG_0006,106024.jpg,2,MO-BDA-EHHO-VC,0.49540060368462097
IMG_0006|r3|HHO-VC,IMG_0006,106024.jpg,3,HHO-VC,0.4969681034379371
IMG_0006|r3|BDA-EHHO-VC-Calibrated,IMG_0006,106024.jpg,3,BDA-EHHO-VC-Calibrated,0.4888841959587575
IMG_0006|r3|EHHO-VC,IMG_0006,106024.jpg,3,EHHO-VC,0.4969681034379371
IMG_0006|r3|BEHHO-VC-Calibrated,IMG_0006,106024.jpg,3,BEHHO-VC-Calibrated,0.49064874648636464
IMG_0006|r3|MO-BDA-EHHO-VC,IMG_0006,106024.jpg,3,MO-BDA-EHHO-VC,0.49536412283450626
IMG_0006|r4|EHHO-VC,IMG_0006,106024.jpg,4,EHHO-VC,0.5123055536297029
IMG_0006|r4|BDA-EHHO-VC-Calibrated,IMG_0006,106024.jpg,4,BDA-EHHO-VC-Calibrated,0.5125169546107574
IMG_0006|r4|HHO-VC,IMG_0006,106024.jpg,4,HHO-VC,0.5123055536297029
IMG_0006|r4|BEHHO-VC-Calibrated,IMG_0006,106024.jpg,4,BEHHO-VC-Calibrated,0.4909003873097482
IMG_0006|r4|MO-BDA-EHHO-VC,IMG_0006,106024.jpg,4,MO-BDA-EHHO-VC,0.4988895495594932
IMG_0006|r5|BEHHO-VC-Calibrated,IMG_0006,106024.jpg,5,BEHHO-VC-Calibrated,0.5010495646936699
IMG_0006|r5|EHHO-VC,IMG_0006,106024.jpg,5,EHHO-VC,0.4990158144466157
IMG_0006|r5|HHO-VC,IMG_0006,106024.jpg,5,HHO-VC,0.4934886735703819
IMG_0006|r5|BDA-EHHO-VC-Calibrated,IMG_0006,106024.jpg,5,BDA-EHHO-VC-Calibrated,0.5001357740052779
IMG_0006|r5|MO-BDA-EHHO-VC,IMG_0006,106024.jpg,5,MO-BDA-EHHO-VC,0.4853125099241798
IMG_0007|r1|BEHHO-VC-Calibrated,IMG_0007,108005.jpg,1,BEHHO-VC-Calibrated,0.4073275619240327
IMG_0007|r1|EHHO-VC,IMG_0007,108005.jpg,1,EHHO-VC,0.4038929182474979
IMG_0007|r1|BDA-EHHO-VC-Calibrated,IMG_0007,108005.jpg,1,BDA-EHHO-VC-Calibrated,0.40862868120206236
IMG_0007|r1|HHO-VC,IMG_0007,108005.jpg,1,HHO-VC,0.4125260872984789
IMG_0007|r1|MO-BDA-EHHO-VC,IMG_0007,108005.jpg,1,MO-BDA-EHHO-VC,0.3976085944260658
IMG_0007|r2|HHO-VC,IMG_0007,108005.jpg,2,HHO-VC,0.4220941786697589
IMG_0007|r2|EHHO-VC,IMG_0007,108005.jpg,2,EHHO-VC,0.4220941786697589
IMG_0007|r2|BEHHO-VC-Calibrated,IMG_0007,108005.jpg,2,BEHHO-VC-Calibrated,0.41372288607636626
IMG_0007|r2|BDA-EHHO-VC-Calibrated,IMG_0007,108005.jpg,2,BDA-EHHO-VC-Calibrated,0.4156462709574202
IMG_0007|r2|MO-BDA-EHHO-VC,IMG_0007,108005.jpg,2,MO-BDA-EHHO-VC,0.3965193417700182
IMG_0007|r3|BDA-EHHO-VC-Calibrated,IMG_0007,108005.jpg,3,BDA-EHHO-VC-Calibrated,0.4080422614842518
IMG_0007|r3|EHHO-VC,IMG_0007,108005.jpg,3,EHHO-VC,0.41211096417857296
IMG_0007|r3|BEHHO-VC-Calibrated,IMG_0007,108005.jpg,3,BEHHO-VC-Calibrated,0.4085753610827719
IMG_0007|r3|HHO-VC,IMG_0007,108005.jpg,3,HHO-VC,0.41212673670671496
IMG_0007|r3|MO-BDA-EHHO-VC,IMG_0007,108005.jpg,3,MO-BDA-EHHO-VC,0.39885444635910844
IMG_0007|r4|EHHO-VC,IMG_0007,108005.jpg,4,EHHO-VC,0.4044647761035779
IMG_0007|r4|BEHHO-VC-Calibrated,IMG_0007,108005.jpg,4,BEHHO-VC-Calibrated,0.4103077993187836
IMG_0007|r4|HHO-VC,IMG_0007,108005.jpg,4,HHO-VC,0.408982636036501
IMG_0007|r4|BDA-EHHO-VC-Calibrated,IMG_0007,108005.jpg,4,BDA-EHHO-VC-Calibrated,0.4009695737078807
IMG_0007|r4|MO-BDA-EHHO-VC,IMG_0007,108005.jpg,4,MO-BDA-EHHO-VC,0.39858665202864235
IMG_0007|r5|EHHO-VC,IMG_0007,108005.jpg,5,EHHO-VC,0.40887093301110916
IMG_0007|r5|BDA-EHHO-VC-Calibrated,IMG_0007,108005.jpg,5,BDA-EHHO-VC-Calibrated,0.40401496696767747
IMG_0007|r5|BEHHO-VC-Calibrated,IMG_0007,108005.jpg,5,BEHHO-VC-Calibrated,0.40976706320905354
IMG_0007|r5|HHO-VC,IMG_0007,108005.jpg,5,HHO-VC,0.4091183830661458
IMG_0007|r5|MO-BDA-EHHO-VC,IMG_0007,108005.jpg,5,MO-BDA-EHHO-VC,0.40789838690387364
IMG_0008|r1|EHHO-VC,IMG_0008,108070.jpg,1,EHHO-VC,0.41967444741949156
IMG_0008|r1|BDA-EHHO-VC-Calibrated,IMG_0008,108070.jpg,1,BDA-EHHO-VC-Calibrated,0.4329108834156857
IMG_0008|r1|BEHHO-VC-Calibrated,IMG_0008,108070.jpg,1,BEHHO-VC-Calibrated,0.4364410088809403
IMG_0008|r1|HHO-VC,IMG_0008,108070.jpg,1,HHO-VC,0.41985228838897626
IMG_0008|r1|MO-BDA-EHHO-VC,IMG_0008,108070.jpg,1,MO-BDA-EHHO-VC,0.4173320449671386
IMG_0008|r2|BDA-EHHO-VC-Calibrated,IMG_0008,108070.jpg,2,BDA-EHHO-VC-Calibrated,0.421703024819152
IMG_0008|r2|EHHO-VC,IMG_0008,108070.jpg,2,EHHO-VC,0.4381305234896413
IMG_0008|r2|BEHHO-VC-Calibrated,IMG_0008,108070.jpg,2,BEHHO-VC-Calibrated,0.422048725109877
IMG_0008|r2|HHO-VC,IMG_0008,108070.jpg,2,HHO-VC,0.4298531464382126
IMG_0008|r2|MO-BDA-EHHO-VC,IMG_0008,108070.jpg,2,MO-BDA-EHHO-VC,0.42018503539572
IMG_0008|r3|BEHHO-VC-Calibrated,IMG_0008,108070.jpg,3,BEHHO-VC-Calibrated,0.42263383256689213
IMG_0008|r3|EHHO-VC,IMG_0008,108070.jpg,3,EHHO-VC,0.4167391232087413
IMG_0008|r3|HHO-VC,IMG_0008,108070.jpg,3,HHO-VC,0.44179928295829085
IMG_0008|r3|BDA-EHHO-VC-Calibrated,IMG_0008,108070.jpg,3,BDA-EHHO-VC-Calibrated,0.44420124511836184
IMG_0008|r3|MO-BDA-EHHO-VC,IMG_0008,108070.jpg,3,MO-BDA-EHHO-VC,0.41939419931076627
IMG_0008|r4|BDA-EHHO-VC-Calibrated,IMG_0008,108070.jpg,4,BDA-EHHO-VC-Calibrated,0.4333605570924072
IMG_0008|r4|EHHO-VC,IMG_0008,108070.jpg,4,EHHO-VC,0.43073207332043795
IMG_0008|r4|HHO-VC,IMG_0008,108070.jpg,4,HHO-VC,0.43073207332043795
IMG_0008|r4|BEHHO-VC-Calibrated,IMG_0008,108070.jpg,4,BEHHO-VC-Calibrated,0.44560089401663633
IMG_0008|r4|MO-BDA-EHHO-VC,IMG_0008,108070.jpg,4,MO-BDA-EHHO-VC,0.4238975227805548
IMG_0008|r5|BEHHO-VC-Calibrated,IMG_0008,108070.jpg,5,BEHHO-VC-Calibrated,0.4342130101713583
IMG_0008|r5|BDA-EHHO-VC-Calibrated,IMG_0008,108070.jpg,5,BDA-EHHO-VC-Calibrated,0.4369455604575095
IMG_0008|r5|EHHO-VC,IMG_0008,108070.jpg,5,EHHO-VC,0.42221346887000283
IMG_0008|r5|HHO-VC,IMG_0008,108070.jpg,5,HHO-VC,0.43727063708824854
IMG_0008|r5|MO-BDA-EHHO-VC,IMG_0008,108070.jpg,5,MO-BDA-EHHO-VC,0.42796346549410613
IMG_0009|r1|HHO-VC,IMG_0009,108082.jpg,1,HHO-VC,0.46925922218228916
IMG_0009|r1|BEHHO-VC-Calibrated,IMG_0009,108082.jpg,1,BEHHO-VC-Calibrated,0.46166703152247895
IMG_0009|r1|EHHO-VC,IMG_0009,108082.jpg,1,EHHO-VC,0.46925922218228916
IMG_0009|r1|BDA-EHHO-VC-Calibrated,IMG_0009,108082.jpg,1,BDA-EHHO-VC-Calibrated,0.4821138918813788
IMG_0009|r1|MO-BDA-EHHO-VC,IMG_0009,108082.jpg,1,MO-BDA-EHHO-VC,0.45663792324983027
IMG_0009|r2|HHO-VC,IMG_0009,108082.jpg,2,HHO-VC,0.46925922218228916
IMG_0009|r2|EHHO-VC,IMG_0009,108082.jpg,2,EHHO-VC,0.46925922218228916
IMG_0009|r2|BDA-EHHO-VC-Calibrated,IMG_0009,108082.jpg,2,BDA-EHHO-VC-Calibrated,0.47819767389149404
IMG_0009|r2|BEHHO-VC-Calibrated,IMG_0009,108082.jpg,2,BEHHO-VC-Calibrated,0.46444987949499156
IMG_0009|r2|MO-BDA-EHHO-VC,IMG_0009,108082.jpg,2,MO-BDA-EHHO-VC,0.46152569680170497
IMG_0009|r3|BDA-EHHO-VC-Calibrated,IMG_0009,108082.jpg,3,BDA-EHHO-VC-Calibrated,0.4595095816465024
IMG_0009|r3|HHO-VC,IMG_0009,108082.jpg,3,HHO-VC,0.4507440605115475
IMG_0009|r3|EHHO-VC,IMG_0009,108082.jpg,3,EHHO-VC,0.4507440605115475
IMG_0009|r3|BEHHO-VC-Calibrated,IMG_0009,108082.jpg,3,BEHHO-VC-Calibrated,0.45674484287296757
IMG_0009|r3|MO-BDA-EHHO-VC,IMG_0009,108082.jpg,3,MO-BDA-EHHO-VC,0.45134317952737896
IMG_0009|r4|EHHO-VC,IMG_0009,108082.jpg,4,EHHO-VC,0.4611859905796458
IMG_0009|r4|HHO-VC,IMG_0009,108082.jpg,4,HHO-VC,0.4804655229982656
IMG_0009|r4|BDA-EHHO-VC-Calibrated,IMG_0009,108082.jpg,4,BDA-EHHO-VC-Calibrated,0.49657637737190174
IMG_0009|r4|BEHHO-VC-Calibrated,IMG_0009,108082.jpg,4,BEHHO-VC-Calibrated,0.4808008606618056
IMG_0009|r4|MO-BDA-EHHO-VC,IMG_0009,108082.jpg,4,MO-BDA-EHHO-VC,0.4525971759435524
IMG_0009|r5|EHHO-VC,IMG_0009,108082.jpg,5,EHHO-VC,0.45537693375354665
IMG_0009|r5|BEHHO-VC-Calibrated,IMG_0009,108082.jpg,5,BEHHO-VC-Calibrated,0.46927408882717225
IMG_0009|r5|BDA-EHHO-VC-Calibrated,IMG_0009,108082.jpg,5,BDA-EHHO-VC-Calibrated,0.4684514029027821
IMG_0009|r5|HHO-VC,IMG_0009,108082.jpg,5,HHO-VC,0.44823572056505473
IMG_0009|r5|MO-BDA-EHHO-VC,IMG_0009,108082.jpg,5,MO-BDA-EHHO-VC,0.44976115177712694
IMG_0010|r1|HHO-VC,IMG_0010,109053.jpg,1,HHO-VC,0.37302518103216614
IMG_0010|r1|EHHO-VC,IMG_0010,109053.jpg,1,EHHO-VC,0.37276923091365416
IMG_0010|r1|BDA-EHHO-VC-Calibrated,IMG_0010,109053.jpg,1,BDA-EHHO-VC-Calibrated,0.37762287721864735
IMG_0010|r1|BEHHO-VC-Calibrated,IMG_0010,109053.jpg,1,BEHHO-VC-Calibrated,0.3761590968653673
IMG_0010|r1|MO-BDA-EHHO-VC,IMG_0010,109053.jpg,1,MO-BDA-EHHO-VC,0.368926973635443
IMG_0010|r2|BDA-EHHO-VC-Calibrated,IMG_0010,109053.jpg,2,BDA-EHHO-VC-Calibrated,0.3715825407769915
IMG_0010|r2|HHO-VC,IMG_0010,109053.jpg,2,HHO-VC,0.3734652625057825
IMG_0010|r2|BEHHO-VC-Calibrated,IMG_0010,109053.jpg,2,BEHHO-VC-Calibrated,0.3797546745126217
IMG_0010|r2|EHHO-VC,IMG_0010,109053.jpg,2,EHHO-VC,0.3734652625057825
IMG_0010|r2|MO-BDA-EHHO-VC,IMG_0010,109053.jpg,2,MO-BDA-EHHO-VC,0.36524566726034885
IMG_0010|r3|HHO-VC,IMG_0010,109053.jpg,3,HHO-VC,0.3696853757132514
IMG_0010|r3|BEHHO-VC-Calibrated,IMG_0010,109053.jpg,3,BEHHO-VC-Calibrated,0.36964511893852514
IMG_0010|r3|EHHO-VC,IMG_0010,109053.jpg,3,EHHO-VC,0.36294258183466865
IMG_0010|r3|BDA-EHHO-VC-Calibrated,IMG_0010,109053.jpg,3,BDA-EHHO-VC-Calibrated,0.3728068377681934
IMG_0010|r3|MO-BDA-EHHO-VC,IMG_0010,109053.jpg,3,MO-BDA-EHHO-VC,0.3678871551134915
IMG_0010|r4|EHHO-VC,IMG_0010,109053.jpg,4,EHHO-VC,0.3622439511195453
IMG_0010|r4|BDA-EHHO-VC-Calibrated,IMG_0010,109053.jpg,4,BDA-EHHO-VC-Calibrated,0.3649562163936578
IMG_0010|r4|BEHHO-VC-Calibrated,IMG_0010,109053.jpg,4,BEHHO-VC-Calibrated,0.36377895760232537
IMG_0010|r4|HHO-VC,IMG_0010,109053.jpg,4,HHO-VC,0.3622439511195453
IMG_0010|r4|MO-BDA-EHHO-VC,IMG_0010,109053.jpg,4,MO-BDA-EHHO-VC,0.36266217286816843
IMG_0010|r5|HHO-VC,IMG_0010,109053.jpg,5,HHO-VC,0.3824089886567654
IMG_0010|r5|EHHO-VC,IMG_0010,109053.jpg,5,EHHO-VC,0.3846374445410761
IMG_0010|r5|BEHHO-VC-Calibrated,IMG_0010,109053.jpg,5,BEHHO-VC-Calibrated,0.38138852386499766
IMG_0010|r5|BDA-EHHO-VC-Calibrated,IMG_0010,109053.jpg,5,BDA-EHHO-VC-Calibrated,0.37566061555325214
IMG_0010|r5|MO-BDA-EHHO-VC,IMG_0010,109053.jpg,5,MO-BDA-EHHO-VC,0.36786031726367396
IMG_0011|r1|HHO-VC,IMG_0011,119082.jpg,1,HHO-VC,0.5166589355747372
IMG_0011|r1|EHHO-VC,IMG_0011,119082.jpg,1,EHHO-VC,0.5201062362182995
IMG_0011|r1|BDA-EHHO-VC-Calibrated,IMG_0011,119082.jpg,1,BDA-EHHO-VC-Calibrated,0.5110998432646828
IMG_0011|r1|BEHHO-VC-Calibrated,IMG_0011,119082.jpg,1,BEHHO-VC-Calibrated,0.517904491190826
IMG_0011|r1|MO-BDA-EHHO-VC,IMG_0011,119082.jpg,1,MO-BDA-EHHO-VC,0.5166648534476149
IMG_0011|r2|HHO-VC,IMG_0011,119082.jpg,2,HHO-VC,0.5408796632589062
IMG_0011|r2|BEHHO-VC-Calibrated,IMG_0011,119082.jpg,2,BEHHO-VC-Calibrated,0.5673927158302327
IMG_0011|r2|EHHO-VC,IMG_0011,119082.jpg,2,EHHO-VC,0.5144759347111426
IMG_0011|r2|BDA-EHHO-VC-Calibrated,IMG_0011,119082.jpg,2,BDA-EHHO-VC-Calibrated,0.5138610347009704
IMG_0011|r2|MO-BDA-EHHO-VC,IMG_0011,119082.jpg,2,MO-BDA-EHHO-VC,0.510250268693283
IMG_0011|r3|HHO-VC,IMG_0011,119082.jpg,3,HHO-VC,0.5095401070155567
IMG_0011|r3|BDA-EHHO-VC-Calibrated,IMG_0011,119082.jpg,3,BDA-EHHO-VC-Calibrated,0.5362906195274766
IMG_0011|r3|BEHHO-VC-Calibrated,IMG_0011,119082.jpg,3,BEHHO-VC-Calibrated,0.5362473487860201
IMG_0011|r3|EHHO-VC,IMG_0011,119082.jpg,3,EHHO-VC,0.5095401070155567
IMG_0011|r3|MO-BDA-EHHO-VC,IMG_0011,119082.jpg,3,MO-BDA-EHHO-VC,0.5219809489231386
IMG_0011|r4|HHO-VC,IMG_0011,119082.jpg,4,HHO-VC,0.5172230383928258
IMG_0011|r4|BDA-EHHO-VC-Calibrated,IMG_0011,119082.jpg,4,BDA-EHHO-VC-Calibrated,0.5195982812298607
IMG_0011|r4|BEHHO-VC-Calibrated,IMG_0011,119082.jpg,4,BEHHO-VC-Calibrated,0.5365293070668788
IMG_0011|r4|EHHO-VC,IMG_0011,119082.jpg,4,EHHO-VC,0.5176255892076911
IMG_0011|r4|MO-BDA-EHHO-VC,IMG_0011,119082.jpg,4,MO-BDA-EHHO-VC,0.5068914652245291
IMG_0011|r5|EHHO-VC,IMG_0011,119082.jpg,5,EHHO-VC,0.510254298603855
IMG_0011|r5|BDA-EHHO-VC-Calibrated,IMG_0011,119082.jpg,5,BDA-EHHO-VC-Calibrated,0.5143381303952185
IMG_0011|r5|HHO-VC,IMG_0011,119082.jpg,5,HHO-VC,0.5107217936287992
IMG_0011|r5|BEHHO-VC-Calibrated,IMG_0011,119082.jpg,5,BEHHO-VC-Calibrated,0.5364272047107909
IMG_0011|r5|MO-BDA-EHHO-VC,IMG_0011,119082.jpg,5,MO-BDA-EHHO-VC,0.517709641628192
IMG_0012|r1|BEHHO-VC-Calibrated,IMG_0012,12084.jpg,1,BEHHO-VC-Calibrated,0.39194465571552745
IMG_0012|r1|BDA-EHHO-VC-Calibrated,IMG_0012,12084.jpg,1,BDA-EHHO-VC-Calibrated,0.3919684880648133
IMG_0012|r1|EHHO-VC,IMG_0012,12084.jpg,1,EHHO-VC,0.3975153297853769
IMG_0012|r1|HHO-VC,IMG_0012,12084.jpg,1,HHO-VC,0.3974723638270728
IMG_0012|r1|MO-BDA-EHHO-VC,IMG_0012,12084.jpg,1,MO-BDA-EHHO-VC,0.38543760313920605
IMG_0012|r2|BDA-EHHO-VC-Calibrated,IMG_0012,12084.jpg,2,BDA-EHHO-VC-Calibrated,0.38908464680823984
IMG_0012|r2|BEHHO-VC-Calibrated,IMG_0012,12084.jpg,2,BEHHO-VC-Calibrated,0.3896123957691938
IMG_0012|r2|HHO-VC,IMG_0012,12084.jpg,2,HHO-VC,0.3898966399236964
IMG_0012|r2|EHHO-VC,IMG_0012,12084.jpg,2,EHHO-VC,0.389553598019357
IMG_0012|r2|MO-BDA-EHHO-VC,IMG_0012,12084.jpg,2,MO-BDA-EHHO-VC,0.385264012201459
IMG_0012|r3|BEHHO-VC-Calibrated,IMG_0012,12084.jpg,3,BEHHO-VC-Calibrated,0.396569883980118
IMG_0012|r3|BDA-EHHO-VC-Calibrated,IMG_0012,12084.jpg,3,BDA-EHHO-VC-Calibrated,0.3928349188377862
IMG_0012|r3|EHHO-VC,IMG_0012,12084.jpg,3,EHHO-VC,0.3980492421389704
IMG_0012|r3|HHO-VC,IMG_0012,12084.jpg,3,HHO-VC,0.3977120842427141
IMG_0012|r3|MO-BDA-EHHO-VC,IMG_0012,12084.jpg,3,MO-BDA-EHHO-VC,0.3913447324108213
IMG_0012|r4|BEHHO-VC-Calibrated,IMG_0012,12084.jpg,4,BEHHO-VC-Calibrated,0.4060391324818019
IMG_0012|r4|EHHO-VC,IMG_0012,12084.jpg,4,EHHO-VC,0.40104169625841735
IMG_0012|r4|BDA-EHHO-VC-Calibrated,IMG_0012,12084.jpg,4,BDA-EHHO-VC-Calibrated,0.4015493464637036
IMG_0012|r4|HHO-VC,IMG_0012,12084.jpg,4,HHO-VC,0.3987629342215465
IMG_0012|r4|MO-BDA-EHHO-VC,IMG_0012,12084.jpg,4,MO-BDA-EHHO-VC,0.38181514531114075
IMG_0012|r5|BEHHO-VC-Calibrated,IMG_0012,12084.jpg,5,BEHHO-VC-Calibrated,0.41364707027115805
IMG_0012|r5|BDA-EHHO-VC-Calibrated,IMG_0012,12084.jpg,5,BDA-EHHO-VC-Calibrated,0.4136031899633965
IMG_0012|r5|HHO-VC,IMG_0012,12084.jpg,5,HHO-VC,0.40224349009352617
IMG_0012|r5|EHHO-VC,IMG_0012,12084.jpg,5,EHHO-VC,0.4022523118725514
IMG_0012|r5|MO-BDA-EHHO-VC,IMG_0012,12084.jpg,5,MO-BDA-EHHO-VC,0.3803295306314634
IMG_0013|r1|BDA-EHHO-VC-Calibrated,IMG_0013,123074.jpg,1,BDA-EHHO-VC-Calibrated,0.38467838369141605
IMG_0013|r1|EHHO-VC,IMG_0013,123074.jpg,1,EHHO-VC,0.3730147049579187
IMG_0013|r1|BEHHO-VC-Calibrated,IMG_0013,123074.jpg,1,BEHHO-VC-Calibrated,0.36853766903503343
IMG_0013|r1|HHO-VC,IMG_0013,123074.jpg,1,HHO-VC,0.3734492072066046
IMG_0013|r1|MO-BDA-EHHO-VC,IMG_0013,123074.jpg,1,MO-BDA-EHHO-VC,0.3817152564841987
IMG_0013|r2|HHO-VC,IMG_0013,123074.jpg,2,HHO-VC,0.3804392987486478
IMG_0013|r2|EHHO-VC,IMG_0013,123074.jpg,2,EHHO-VC,0.3804392987486478
IMG_0013|r2|BDA-EHHO-VC-Calibrated,IMG_0013,123074.jpg,2,BDA-EHHO-VC-Calibrated,0.3792576544663988
IMG_0013|r2|BEHHO-VC-Calibrated,IMG_0013,123074.jpg,2,BEHHO-VC-Calibrated,0.38408181300138744
IMG_0013|r2|MO-BDA-EHHO-VC,IMG_0013,123074.jpg,2,MO-BDA-EHHO-VC,0.39021204354063393
IMG_0013|r3|HHO-VC,IMG_0013,123074.jpg,3,HHO-VC,0.40069999586475996
IMG_0013|r3|BDA-EHHO-VC-Calibrated,IMG_0013,123074.jpg,3,BDA-EHHO-VC-Calibrated,0.39808465163314305
IMG_0013|r3|EHHO-VC,IMG_0013,123074.jpg,3,EHHO-VC,0.39650822004021885
IMG_0013|r3|BEHHO-VC-Calibrated,IMG_0013,123074.jpg,3,BEHHO-VC-Calibrated,0.3904564542303442
IMG_0013|r3|MO-BDA-EHHO-VC,IMG_0013,123074.jpg,3,MO-BDA-EHHO-VC,0.37974631498804445
IMG_0013|r4|EHHO-VC,IMG_0013,123074.jpg,4,EHHO-VC,0.3910122178427323
IMG_0013|r4|BDA-EHHO-VC-Calibrated,IMG_0013,123074.jpg,4,BDA-EHHO-VC-Calibrated,0.3935237664785251
IMG_0013|r4|HHO-VC,IMG_0013,123074.jpg,4,HHO-VC,0.39144826940577676
IMG_0013|r4|BEHHO-VC-Calibrated,IMG_0013,123074.jpg,4,BEHHO-VC-Calibrated,0.39121097878915684
IMG_0013|r4|MO-BDA-EHHO-VC,IMG_0013,123074.jpg,4,MO-BDA-EHHO-VC,0.38105758523829214
IMG_0013|r5|BEHHO-VC-Calibrated,IMG_0013,123074.jpg,5,BEHHO-VC-Calibrated,0.38077911503128975
IMG_0013|r5|BDA-EHHO-VC-Calibrated,IMG_0013,123074.jpg,5,BDA-EHHO-VC-Calibrated,0.3837940384420351
IMG_0013|r5|EHHO-VC,IMG_0013,123074.jpg,5,EHHO-VC,0.38240723276715904
IMG_0013|r5|HHO-VC,IMG_0013,123074.jpg,5,HHO-VC,0.3816349884545079
IMG_0013|r5|MO-BDA-EHHO-VC,IMG_0013,123074.jpg,5,MO-BDA-EHHO-VC,0.38606783928647914
IMG_0014|r1|BEHHO-VC-Calibrated,IMG_0014,126007.jpg,1,BEHHO-VC-Calibrated,0.4006379189071683
IMG_0014|r1|BDA-EHHO-VC-Calibrated,IMG_0014,126007.jpg,1,BDA-EHHO-VC-Calibrated,0.39576223508700953
IMG_0014|r1|EHHO-VC,IMG_0014,126007.jpg,1,EHHO-VC,0.41644787611349715
IMG_0014|r1|HHO-VC,IMG_0014,126007.jpg,1,HHO-VC,0.41644787611349715
IMG_0014|r1|MO-BDA-EHHO-VC,IMG_0014,126007.jpg,1,MO-BDA-EHHO-VC,0.3967103562110515
IMG_0014|r2|BEHHO-VC-Calibrated,IMG_0014,126007.jpg,2,BEHHO-VC-Calibrated,0.39846429859171184
IMG_0014|r2|BDA-EHHO-VC-Calibrated,IMG_0014,126007.jpg,2,BDA-EHHO-VC-Calibrated,0.39503230483536406
IMG_0014|r2|HHO-VC,IMG_0014,126007.jpg,2,HHO-VC,0.3985817755646039
IMG_0014|r2|EHHO-VC,IMG_0014,126007.jpg,2,EHHO-VC,0.39839757647991003
IMG_0014|r2|MO-BDA-EHHO-VC,IMG_0014,126007.jpg,2,MO-BDA-EHHO-VC,0.39563637657742373
IMG_0014|r3|BDA-EHHO-VC-Calibrated,IMG_0014,126007.jpg,3,BDA-EHHO-VC-Calibrated,0.39516928793001616
IMG_0014|r3|HHO-VC,IMG_0014,126007.jpg,3,HHO-VC,0.4164272778521073
IMG_0014|r3|EHHO-VC,IMG_0014,126007.jpg,3,EHHO-VC,0.41647094650490185
IMG_0014|r3|BEHHO-VC-Calibrated,IMG_0014,126007.jpg,3,BEHHO-VC-Calibrated,0.4165723546326981
IMG_0014|r3|MO-BDA-EHHO-VC,IMG_0014,126007.jpg,3,MO-BDA-EHHO-VC,0.4009322971014916
IMG_0014|r4|EHHO-VC,IMG_0014,126007.jpg,4,EHHO-VC,0.3976189571196524
IMG_0014|r4|BDA-EHHO-VC-Calibrated,IMG_0014,126007.jpg,4,BDA-EHHO-VC-Calibrated,0.39716956282748733
IMG_0014|r4|BEHHO-VC-Calibrated,IMG_0014,126007.jpg,4,BEHHO-VC-Calibrated,0.3977137531462791
IMG_0014|r4|HHO-VC,IMG_0014,126007.jpg,4,HHO-VC,0.3973844434161997
IMG_0014|r4|MO-BDA-EHHO-VC,IMG_0014,126007.jpg,4,MO-BDA-EHHO-VC,0.39355719670824935
IMG_0014|r5|HHO-VC,IMG_0014,126007.jpg,5,HHO-VC,0.40040938233998413
IMG_0014|r5|EHHO-VC,IMG_0014,126007.jpg,5,EHHO-VC,0.40040938233998413
IMG_0014|r5|BEHHO-VC-Calibrated,IMG_0014,126007.jpg,5,BEHHO-VC-Calibrated,0.41724263204844
IMG_0014|r5|BDA-EHHO-VC-Calibrated,IMG_0014,126007.jpg,5,BDA-EHHO-VC-Calibrated,0.39988860106054425
IMG_0014|r5|MO-BDA-EHHO-VC,IMG_0014,126007.jpg,5,MO-BDA-EHHO-VC,0.393246571878658
IMG_0015|r1|HHO-VC,IMG_0015,130026.jpg,1,HHO-VC,0.47049158546878694
IMG_0015|r1|BDA-EHHO-VC-Calibrated,IMG_0015,130026.jpg,1,BDA-EHHO-VC-Calibrated,0.4860191272195282
IMG_0015|r1|BEHHO-VC-Calibrated,IMG_0015,130026.jpg,1,BEHHO-VC-Calibrated,0.46500352456566274
IMG_0015|r1|EHHO-VC,IMG_0015,130026.jpg,1,EHHO-VC,0.4700414038201446
IMG_0015|r1|MO-BDA-EHHO-VC,IMG_0015,130026.jpg,1,MO-BDA-EHHO-VC,0.4483943666700838
IMG_0015|r2|EHHO-VC,IMG_0015,130026.jpg,2,EHHO-VC,0.4631426202308717
IMG_0015|r2|HHO-VC,IMG_0015,130026.jpg,2,HHO-VC,0.4631426202308717
IMG_0015|r2|BEHHO-VC-Calibrated,IMG_0015,130026.jpg,2,BEHHO-VC-Calibrated,0.4486029907379712
IMG_0015|r2|BDA-EHHO-VC-Calibrated,IMG_0015,130026.jpg,2,BDA-EHHO-VC-Calibrated,0.4541291156703633
IMG_0015|r2|MO-BDA-EHHO-VC,IMG_0015,130026.jpg,2,MO-BDA-EHHO-VC,0.45848865768795916
IMG_0015|r3|HHO-VC,IMG_0015,130026.jpg,3,HHO-VC,0.4871851005680194
IMG_0015|r3|EHHO-VC,IMG_0015,130026.jpg,3,EHHO-VC,0.48715165061703236
IMG_0015|r3|BEHHO-VC-Calibrated,IMG_0015,130026.jpg,3,BEHHO-VC-Calibrated,0.4841940857023481
IMG_0015|r3|BDA-EHHO-VC-Calibrated,IMG_0015,130026.jpg,3,BDA-EHHO-VC-Calibrated,0.4858279604533202
IMG_0015|r3|MO-BDA-EHHO-VC,IMG_0015,130026.jpg,3,MO-BDA-EHHO-VC,0.44596502482347966
IMG_0015|r4|BDA-EHHO-VC-Calibrated,IMG_0015,130026.jpg,4,BDA-EHHO-VC-Calibrated,0.46920416450022245
IMG_0015|r4|EHHO-VC,IMG_0015,130026.jpg,4,EHHO-VC,0.4855433691846717
IMG_0015|r4|BEHHO-VC-Calibrated,IMG_0015,130026.jpg,4,BEHHO-VC-Calibrated,0.48289194201427815
IMG_0015|r4|HHO-VC,IMG_0015,130026.jpg,4,HHO-VC,0.49126543581932774
IMG_0015|r4|MO-BDA-EHHO-VC,IMG_0015,130026.jpg,4,MO-BDA-EHHO-VC,0.4549690557076645
IMG_0015|r5|EHHO-VC,IMG_0015,130026.jpg,5,EHHO-VC,0.45803681666437546
IMG_0015|r5|BEHHO-VC-Calibrated,IMG_0015,130026.jpg,5,BEHHO-VC-Calibrated,0.4571938795927413
IMG_0015|r5|HHO-VC,IMG_0015,130026.jpg,5,HHO-VC,0.45860991058546274
IMG_0015|r5|BDA-EHHO-VC-Calibrated,IMG_0015,130026.jpg,5,BDA-EHHO-VC-Calibrated,0.454938399602242
IMG_0015|r5|MO-BDA-EHHO-VC,IMG_0015,130026.jpg,5,MO-BDA-EHHO-VC,0.4509688530268681
IMG_0016|r1|BDA-EHHO-VC-Calibrated,IMG_0016,134035.jpg,1,BDA-EHHO-VC-Calibrated,0.44258298924232586
IMG_0016|r1|EHHO-VC,IMG_0016,134035.jpg,1,EHHO-VC,0.44835912948795487
IMG_0016|r1|HHO-VC,IMG_0016,134035.jpg,1,HHO-VC,0.4447925231725855
IMG_0016|r1|BEHHO-VC-Calibrated,IMG_0016,134035.jpg,1,BEHHO-VC-Calibrated,0.4483576309707884
IMG_0016|r1|MO-BDA-EHHO-VC,IMG_0016,134035.jpg,1,MO-BDA-EHHO-VC,0.4510355996740457
IMG_0016|r2|HHO-VC,IMG_0016,134035.jpg,2,HHO-VC,0.44769580282132965
IMG_0016|r2|BEHHO-VC-Calibrated,IMG_0016,134035.jpg,2,BEHHO-VC-Calibrated,0.44254633060203885
IMG_0016|r2|EHHO-VC,IMG_0016,134035.jpg,2,EHHO-VC,0.4351290854717646
IMG_0016|r2|BDA-EHHO-VC-Calibrated,IMG_0016,134035.jpg,2,BDA-EHHO-VC-Calibrated,0.4366099421477835
IMG_0016|r2|MO-BDA-EHHO-VC,IMG_0016,134035.jpg,2,MO-BDA-EHHO-VC,0.43528255225524787
IMG_0016|r3|BDA-EHHO-VC-Calibrated,IMG_0016,134035.jpg,3,BDA-EHHO-VC-Calibrated,0.44703659919346195
IMG_0016|r3|BEHHO-VC-Calibrated,IMG_0016,134035.jpg,3,BEHHO-VC-Calibrated,0.4423047645550852
IMG_0016|r3|HHO-VC,IMG_0016,134035.jpg,3,HHO-VC,0.4648092244427227
IMG_0016|r3|EHHO-VC,IMG_0016,134035.jpg,3,EHHO-VC,0.44626982404515847
IMG_0016|r3|MO-BDA-EHHO-VC,IMG_0016,134035.jpg,3,MO-BDA-EHHO-VC,0.4441767596101479
IMG_0016|r4|EHHO-VC,IMG_0016,134035.jpg,4,EHHO-VC,0.4637967517425095
IMG_0016|r4|BEHHO-VC-Calibrated,IMG_0016,134035.jpg,4,BEHHO-VC-Calibrated,0.46479094591977127
IMG_0016|r4|HHO-VC,IMG_0016,134035.jpg,4,HHO-VC,0.4637967517425095
IMG_0016|r4|BDA-EHHO-VC-Calibrated,IMG_0016,134035.jpg,4,BDA-EHHO-VC-Calibrated,0.4539140479620597
IMG_0016|r4|MO-BDA-EHHO-VC,IMG_0016,134035.jpg,4,MO-BDA-EHHO-VC,0.44856584019494045
IMG_0016|r5|BDA-EHHO-VC-Calibrated,IMG_0016,134035.jpg,5,BDA-EHHO-VC-Calibrated,0.4568120277704298
IMG_0016|r5|HHO-VC,IMG_0016,134035.jpg,5,HHO-VC,0.44221410003341466
IMG_0016|r5|BEHHO-VC-Calibrated,IMG_0016,134035.jpg,5,BEHHO-VC-Calibrated,0.45357650908686276
IMG_0016|r5|EHHO-VC,IMG_0016,134035.jpg,5,EHHO-VC,0.44146755909995783
IMG_0016|r5|MO-BDA-EHHO-VC,IMG_0016,134035.jpg,5,MO-BDA-EHHO-VC,0.43169580485321735
IMG_0017|r1|HHO-VC,IMG_0017,14037.jpg,1,HHO-VC,0.49366386372325854
IMG_0017|r1|BDA-EHHO-VC-Calibrated,IMG_0017,14037.jpg,1,BDA-EHHO-VC-Calibrated,0.4917590367497125
IMG_0017|r1|BEHHO-VC-Calibrated,IMG_0017,14037.jpg,1,BEHHO-VC-Calibrated,0.4829309927375014
IMG_0017|r1|EHHO-VC,IMG_0017,14037.jpg,1,EHHO-VC,0.49276626887294245
IMG_0017|r1|MO-BDA-EHHO-VC,IMG_0017,14037.jpg,1,MO-BDA-EHHO-VC,0.48088592318281115
IMG_0017|r2|HHO-VC,IMG_0017,14037.jpg,2,HHO-VC,0.5060263932930449
IMG_0017|r2|BDA-EHHO-VC-Calibrated,IMG_0017,14037.jpg,2,BDA-EHHO-VC-Calibrated,0.4741075458711738
IMG_0017|r2|BEHHO-VC-Calibrated,IMG_0017,14037.jpg,2,BEHHO-VC-Calibrated,0.49893232836500523
IMG_0017|r2|EHHO-VC,IMG_0017,14037.jpg,2,EHHO-VC,0.5124604418381434
IMG_0017|r2|MO-BDA-EHHO-VC,IMG_0017,14037.jpg,2,MO-BDA-EHHO-VC,0.471865069961848
IMG_0017|r3|HHO-VC,IMG_0017,14037.jpg,3,HHO-VC,0.48927656104018896
IMG_0017|r3|BDA-EHHO-VC-Calibrated,IMG_0017,14037.jpg,3,BDA-EHHO-VC-Calibrated,0.5035000965391505
IMG_0017|r3|BEHHO-VC-Calibrated,IMG_0017,14037.jpg,3,BEHHO-VC-Calibrated,0.5032730584891328
IMG_0017|r3|EHHO-VC,IMG_0017,14037.jpg,3,EHHO-VC,0.4894941000152871
IMG_0017|r3|MO-BDA-EHHO-VC,IMG_0017,14037.jpg,3,MO-BDA-EHHO-VC,0.46480698637820095
IMG_0017|r4|BEHHO-VC-Calibrated,IMG_0017,14037.jpg,4,BEHHO-VC-Calibrated,0.5125724327142904
IMG_0017|r4|EHHO-VC,IMG_0017,14037.jpg,4,EHHO-VC,0.5085992456734838
IMG_0017|r4|BDA-EHHO-VC-Calibrated,IMG_0017,14037.jpg,4,BDA-EHHO-VC-Calibrated,0.5167939079638031
IMG_0017|r4|HHO-VC,IMG_0017,14037.jpg,4,HHO-VC,0.5085992456734838
IMG_0017|r4|MO-BDA-EHHO-VC,IMG_0017,14037.jpg,4,MO-BDA-EHHO-VC,0.48978639552473485
IMG_0017|r5|BDA-EHHO-VC-Calibrated,IMG_0017,14037.jpg,5,BDA-EHHO-VC-Calibrated,0.49464555332506915
IMG_0017|r5|BEHHO-VC-Calibrated,IMG_0017,14037.jpg,5,BEHHO-VC-Calibrated,0.5245432736021186
IMG_0017|r5|EHHO-VC,IMG_0017,14037.jpg,5,EHHO-VC,0.486467984289886
IMG_0017|r5|HHO-VC,IMG_0017,14037.jpg,5,HHO-VC,0.48652121974718965
IMG_0017|r5|MO-BDA-EHHO-VC,IMG_0017,14037.jpg,5,MO-BDA-EHHO-VC,0.4746629877680121
IMG_0018|r1|BEHHO-VC-Calibrated,IMG_0018,143090.jpg,1,BEHHO-VC-Calibrated,0.40390760693620487
IMG_0018|r1|BDA-EHHO-VC-Calibrated,IMG_0018,143090.jpg,1,BDA-EHHO-VC-Calibrated,0.4045536202265282
IMG_0018|r1|EHHO-VC,IMG_0018,143090.jpg,1,EHHO-VC,0.4031766014773269
IMG_0018|r1|HHO-VC,IMG_0018,143090.jpg,1,HHO-VC,0.4031766014773269
IMG_0018|r1|MO-BDA-EHHO-VC,IMG_0018,143090.jpg,1,MO-BDA-EHHO-VC,0.4074343713205833
IMG_0018|r2|BDA-EHHO-VC-Calibrated,IMG_0018,143090.jpg,2,BDA-EHHO-VC-Calibrated,0.415094884203746
IMG_0018|r2|HHO-VC,IMG_0018,143090.jpg,2,HHO-VC,0.4136171092240469
IMG_0018|r2|EHHO-VC,IMG_0018,143090.jpg,2,EHHO-VC,0.41345907069327603
IMG_0018|r2|BEHHO-VC-Calibrated,IMG_0018,143090.jpg,2,BEHHO-VC-Calibrated,0.41489221187353104
IMG_0018|r2|MO-BDA-EHHO-VC,IMG_0018,143090.jpg,2,MO-BDA-EHHO-VC,0.4166491004913323
IMG_0018|r3|BEHHO-VC-Calibrated,IMG_0018,143090.jpg,3,BEHHO-VC-Calibrated,0.40790075727350034
IMG_0018|r3|HHO-VC,IMG_0018,143090.jpg,3,HHO-VC,0.4176465626212848
IMG_0018|r3|BDA-EHHO-VC-Calibrated,IMG_0018,143090.jpg,3,BDA-EHHO-VC-Calibrated,0.41369671689024057
IMG_0018|r3|EHHO-VC,IMG_0018,143090.jpg,3,EHHO-VC,0.4173454622652092
IMG_0018|r3|MO-BDA-EHHO-VC,IMG_0018,143090.jpg,3,MO-BDA-EHHO-VC,0.4071892664025812
IMG_0018|r4|BDA-EHHO-VC-Calibrated,IMG_0018,143090.jpg,4,BDA-EHHO-VC-Calibrated,0.42021020377755924
IMG_0018|r4|EHHO-VC,IMG_0018,143090.jpg,4,EHHO-VC,0.4292563624663787
IMG_0018|r4|HHO-VC,IMG_0018,143090.jpg,4,HHO-VC,0.4292563624663787
IMG_0018|r4|BEHHO-VC-Calibrated,IMG_0018,143090.jpg,4,BEHHO-VC-Calibrated,0.42907699758113155
IMG_0018|r4|MO-BDA-EHHO-VC,IMG_0018,143090.jpg,4,MO-BDA-EHHO-VC,0.4072762735264217
IMG_0018|r5|BDA-EHHO-VC-Calibrated,IMG_0018,143090.jpg,5,BDA-EHHO-VC-Calibrated,0.4095442157613788
IMG_0018|r5|EHHO-VC,IMG_0018,143090.jpg,5,EHHO-VC,0.40706571069903646
IMG_0018|r5|HHO-VC,IMG_0018,143090.jpg,5,HHO-VC,0.40663916667711036
IMG_0018|r5|BEHHO-VC-Calibrated,IMG_0018,143090.jpg,5,BEHHO-VC-Calibrated,0.4150491751970694
IMG_0018|r5|MO-BDA-EHHO-VC,IMG_0018,143090.jpg,5,MO-BDA-EHHO-VC,0.4049783524819367
IMG_0019|r1|BDA-EHHO-VC-Calibrated,IMG_0019,145086.jpg,1,BDA-EHHO-VC-Calibrated,0.4753508039269447
IMG_0019|r1|EHHO-VC,IMG_0019,145086.jpg,1,EHHO-VC,0.471844773263135
IMG_0019|r1|BEHHO-VC-Calibrated,IMG_0019,145086.jpg,1,BEHHO-VC-Calibrated,0.4689167977128395
IMG_0019|r1|HHO-VC,IMG_0019,145086.jpg,1,HHO-VC,0.47233088545897783
IMG_0019|r1|MO-BDA-EHHO-VC,IMG_0019,145086.jpg,1,MO-BDA-EHHO-VC,0.47265537792200796
IMG_0019|r2|BEHHO-VC-Calibrated,IMG_0019,145086.jpg,2,BEHHO-VC-Calibrated,0.47540528391545434
IMG_0019|r2|BDA-EHHO-VC-Calibrated,IMG_0019,145086.jpg,2,BDA-EHHO-VC-Calibrated,0.47236767109224503
IMG_0019|r2|HHO-VC,IMG_0019,145086.jpg,2,HHO-VC,0.4697515987675416
IMG_0019|r2|EHHO-VC,IMG_0019,145086.jpg,2,EHHO-VC,0.4697515987675416
IMG_0019|r2|MO-BDA-EHHO-VC,IMG_0019,145086.jpg,2,MO-BDA-EHHO-VC,0.481262462614854
IMG_0019|r3|BEHHO-VC-Calibrated,IMG_0019,145086.jpg,3,BEHHO-VC-Calibrated,0.49049734980466153
IMG_0019|r3|BDA-EHHO-VC-Calibrated,IMG_0019,145086.jpg,3,BDA-EHHO-VC-Calibrated,0.48827622564840817
IMG_0019|r3|EHHO-VC,IMG_0019,145086.jpg,3,EHHO-VC,0.49533303930225314
IMG_0019|r3|HHO-VC,IMG_0019,145086.jpg,3,HHO-VC,0.49596010523992934
IMG_0019|r3|MO-BDA-EHHO-VC,IMG_0019,145086.jpg,3,MO-BDA-EHHO-VC,0.4696954763364879
IMG_0019|r4|HHO-VC,IMG_0019,145086.jpg,4,HHO-VC,0.4724209573467408
IMG_0019|r4|BDA-EHHO-VC-Calibrated,IMG_0019,145086.jpg,4,BDA-EHHO-VC-Calibrated,0.48593704035155383
IMG_0019|r4|BEHHO-VC-Calibrated,IMG_0019,145086.jpg,4,BEHHO-VC-Calibrated,0.49365492019697627
IMG_0019|r4|EHHO-VC,IMG_0019,145086.jpg,4,EHHO-VC,0.4733441793804631
IMG_0019|r4|MO-BDA-EHHO-VC,IMG_0019,145086.jpg,4,MO-BDA-EHHO-VC,0.48386528533862233
IMG_0019|r5|HHO-VC,IMG_0019,145086.jpg,5,HHO-VC,0.4769046307693916
IMG_0019|r5|BDA-EHHO-VC-Calibrated,IMG_0019,145086.jpg,5,BDA-EHHO-VC-Calibrated,0.48887161107062155
IMG_0019|r5|EHHO-VC,IMG_0019,145086.jpg,5,EHHO-VC,0.4776554640655795
IMG_0019|r5|BEHHO-VC-Calibrated,IMG_0019,145086.jpg,5,BEHHO-VC-Calibrated,0.4925214485852199
IMG_0019|r5|MO-BDA-EHHO-VC,IMG_0019,145086.jpg,5,MO-BDA-EHHO-VC,0.4679236448780154
IMG_0020|r1|HHO-VC,IMG_0020,147091.jpg,1,HHO-VC,0.5158570995736428
IMG_0020|r1|BDA-EHHO-VC-Calibrated,IMG_0020,147091.jpg,1,BDA-EHHO-VC-Calibrated,0.5136555408025404
IMG_0020|r1|EHHO-VC,IMG_0020,147091.jpg,1,EHHO-VC,0.5158511478359704
IMG_0020|r1|BEHHO-VC-Calibrated,IMG_0020,147091.jpg,1,BEHHO-VC-Calibrated,0.5118130758484756
IMG_0020|r1|MO-BDA-EHHO-VC,IMG_0020,147091.jpg,1,MO-BDA-EHHO-VC,0.5093021113803918
IMG_0020|r2|HHO-VC,IMG_0020,147091.jpg,2,HHO-VC,0.5293634379837745
IMG_0020|r2|BDA-EHHO-VC-Calibrated,IMG_0020,147091.jpg,2,BDA-EHHO-VC-Calibrated,0.5354690488172579
IMG_0020|r2|EHHO-VC,IMG_0020,147091.jpg,2,EHHO-VC,0.5289684390181324
IMG_0020|r2|BEHHO-VC-Calibrated,IMG_0020,147091.jpg,2,BEHHO-VC-Calibrated,0.5427072338454374
IMG_0020|r2|MO-BDA-EHHO-VC,IMG_0020,147091.jpg,2,MO-BDA-EHHO-VC,0.5238896764902219
IMG_0020|r3|BEHHO-VC-Calibrated,IMG_0020,147091.jpg,3,BEHHO-VC-Calibrated,0.5516967536650835
IMG_0020|r3|EHHO-VC,IMG_0020,147091.jpg,3,EHHO-VC,0.5521604642992175
IMG_0020|r3|BDA-EHHO-VC-Calibrated,IMG_0020,147091.jpg,3,BDA-EHHO-VC-Calibrated,0.5583374705861743
IMG_0020|r3|HHO-VC,IMG_0020,147091.jpg,3,HHO-VC,0.5525074514521421
IMG_0020|r3|MO-BDA-EHHO-VC,IMG_0020,147091.jpg,3,MO-BDA-EHHO-VC,0.5161422750100002
IMG_0020|r4|BEHHO-VC-Calibrated,IMG_0020,147091.jpg,4,BEHHO-VC-Calibrated,0.555785411189695
IMG_0020|r4|BDA-EHHO-VC-Calibrated,IMG_0020,147091.jpg,4,BDA-EHHO-VC-Calibrated,0.5152416661929539
IMG_0020|r4|HHO-VC,IMG_0020,147091.jpg,4,HHO-VC,0.5344026887624426
IMG_0020|r4|EHHO-VC,IMG_0020,147091.jpg,4,EHHO-VC,0.5344467976575685
IMG_0020|r4|MO-BDA-EHHO-VC,IMG_0020,147091.jpg,4,MO-BDA-EHHO-VC,0.5316131694253696
IMG_0020|r5|HHO-VC,IMG_0020,147091.jpg,5,HHO-VC,0.5257393885103573
IMG_0020|r5|BEHHO-VC-Calibrated,IMG_0020,147091.jpg,5,BEHHO-VC-Calibrated,0.5253633284311635
IMG_0020|r5|EHHO-VC,IMG_0020,147091.jpg,5,EHHO-VC,0.5256119891526115
IMG_0020|r5|BDA-EHHO-VC-Calibrated,IMG_0020,147091.jpg,5,BDA-EHHO-VC-Calibrated,0.5249090914733532
IMG_0020|r5|MO-BDA-EHHO-VC,IMG_0020,147091.jpg,5,MO-BDA-EHHO-VC,0.5106396522451454
IMG_0021|r1|HHO-VC,IMG_0021,148026.jpg,1,HHO-VC,0.5508511753718665
IMG_0021|r1|BEHHO-VC-Calibrated,IMG_0021,148026.jpg,1,BEHHO-VC-Calibrated,0.5601426167688603
IMG_0021|r1|EHHO-VC,IMG_0021,148026.jpg,1,EHHO-VC,0.5506812926291416
IMG_0021|r1|BDA-EHHO-VC-Calibrated,IMG_0021,148026.jpg,1,BDA-EHHO-VC-Calibrated,0.5508625454766946
IMG_0021|r1|MO-BDA-EHHO-VC,IMG_0021,148026.jpg,1,MO-BDA-EHHO-VC,0.52506096684389
IMG_0021|r2|BDA-EHHO-VC-Calibrated,IMG_0021,148026.jpg,2,BDA-EHHO-VC-Calibrated,0.5258788608998269
IMG_0021|r2|EHHO-VC,IMG_0021,148026.jpg,2,EHHO-VC,0.5814064060370477
IMG_0021|r2|HHO-VC,IMG_0021,148026.jpg,2,HHO-VC,0.5258539618095073
IMG_0021|r2|BEHHO-VC-Calibrated,IMG_0021,148026.jpg,2,BEHHO-VC-Calibrated,0.5544772059357751
IMG_0021|r2|MO-BDA-EHHO-VC,IMG_0021,148026.jpg,2,MO-BDA-EHHO-VC,0.551768775849665
IMG_0021|r3|EHHO-VC,IMG_0021,148026.jpg,3,EHHO-VC,0.6052160405118828
IMG_0021|r3|BEHHO-VC-Calibrated,IMG_0021,148026.jpg,3,BEHHO-VC-Calibrated,0.539521301919948
IMG_0021|r3|BDA-EHHO-VC-Calibrated,IMG_0021,148026.jpg,3,BDA-EHHO-VC-Calibrated,0.5493950992593858
IMG_0021|r3|HHO-VC,IMG_0021,148026.jpg,3,HHO-VC,0.6052160405118828
IMG_0021|r3|MO-BDA-EHHO-VC,IMG_0021,148026.jpg,3,MO-BDA-EHHO-VC,0.5239738646023073
IMG_0021|r4|BEHHO-VC-Calibrated,IMG_0021,148026.jpg,4,BEHHO-VC-Calibrated,0.532832217605795
IMG_0021|r4|EHHO-VC,IMG_0021,148026.jpg,4,EHHO-VC,0.5305845180518832
IMG_0021|r4|BDA-EHHO-VC-Calibrated,IMG_0021,148026.jpg,4,BDA-EHHO-VC-Calibrated,0.536033727569262
IMG_0021|r4|HHO-VC,IMG_0021,148026.jpg,4,HHO-VC,0.5305396556650748
IMG_0021|r4|MO-BDA-EHHO-VC,IMG_0021,148026.jpg,4,MO-BDA-EHHO-VC,0.5218383167823175
IMG_0021|r5|BDA-EHHO-VC-Calibrated,IMG_0021,148026.jpg,5,BDA-EHHO-VC-Calibrated,0.5292577292594539
IMG_0021|r5|EHHO-VC,IMG_0021,148026.jpg,5,EHHO-VC,0.5230873012088719
IMG_0021|r5|HHO-VC,IMG_0021,148026.jpg,5,HHO-VC,0.5228140123154622
IMG_0021|r5|BEHHO-VC-Calibrated,IMG_0021,148026.jpg,5,BEHHO-VC-Calibrated,0.52863039240342
IMG_0021|r5|MO-BDA-EHHO-VC,IMG_0021,148026.jpg,5,MO-BDA-EHHO-VC,0.5302743334646234
IMG_0022|r1|HHO-VC,IMG_0022,148089.jpg,1,HHO-VC,0.5111506755831907
IMG_0022|r1|BDA-EHHO-VC-Calibrated,IMG_0022,148089.jpg,1,BDA-EHHO-VC-Calibrated,0.5134605678326102
IMG_0022|r1|EHHO-VC,IMG_0022,148089.jpg,1,EHHO-VC,0.5113260528888595
IMG_0022|r1|BEHHO-VC-Calibrated,IMG_0022,148089.jpg,1,BEHHO-VC-Calibrated,0.5100853399384159
IMG_0022|r1|MO-BDA-EHHO-VC,IMG_0022,148089.jpg,1,MO-BDA-EHHO-VC,0.4906998107123149
IMG_0022|r2|EHHO-VC,IMG_0022,148089.jpg,2,EHHO-VC,0.5187901414964335
IMG_0022|r2|BEHHO-VC-Calibrated,IMG_0022,148089.jpg,2,BEHHO-VC-Calibrated,0.5150543128018362
IMG_0022|r2|HHO-VC,IMG_0022,148089.jpg,2,HHO-VC,0.517259706760941
IMG_0022|r2|BDA-EHHO-VC-Calibrated,IMG_0022,148089.jpg,2,BDA-EHHO-VC-Calibrated,0.5186846103298798
IMG_0022|r2|MO-BDA-EHHO-VC,IMG_0022,148089.jpg,2,MO-BDA-EHHO-VC,0.48281369056671153
IMG_0022|r3|HHO-VC,IMG_0022,148089.jpg,3,HHO-VC,0.49826346181637277
IMG_0022|r3|EHHO-VC,IMG_0022,148089.jpg,3,EHHO-VC,0.49826346181637277
IMG_0022|r3|BDA-EHHO-VC-Calibrated,IMG_0022,148089.jpg,3,BDA-EHHO-VC-Calibrated,0.4935906027180052
IMG_0022|r3|BEHHO-VC-Calibrated,IMG_0022,148089.jpg,3,BEHHO-VC-Calibrated,0.49747745993086573
IMG_0022|r3|MO-BDA-EHHO-VC,IMG_0022,148089.jpg,3,MO-BDA-EHHO-VC,0.4846668821945046
IMG_0022|r4|BDA-EHHO-VC-Calibrated,IMG_0022,148089.jpg,4,BDA-EHHO-VC-Calibrated,0.5199047588837281
IMG_0022|r4|BEHHO-VC-Calibrated,IMG_0022,148089.jpg,4,BEHHO-VC-Calibrated,0.51234341905191
IMG_0022|r4|EHHO-VC,IMG_0022,148089.jpg,4,EHHO-VC,0.491048821286724
IMG_0022|r4|HHO-VC,IMG_0022,148089.jpg,4,HHO-VC,0.4909015940916684
IMG_0022|r4|MO-BDA-EHHO-VC,IMG_0022,148089.jpg,4,MO-BDA-EHHO-VC,0.4829923358250709
IMG_0022|r5|BEHHO-VC-Calibrated,IMG_0022,148089.jpg,5,BEHHO-VC-Calibrated,0.5384107685936961
IMG_0022|r5|EHHO-VC,IMG_0022,148089.jpg,5,EHHO-VC,0.5425327914073077
IMG_0022|r5|BDA-EHHO-VC-Calibrated,IMG_0022,148089.jpg,5,BDA-EHHO-VC-Calibrated,0.5380895948805487
IMG_0022|r5|HHO-VC,IMG_0022,148089.jpg,5,HHO-VC,0.5425327914073077
IMG_0022|r5|MO-BDA-EHHO-VC,IMG_0022,148089.jpg,5,MO-BDA-EHHO-VC,0.48166284631526257
IMG_0023|r1|HHO-VC,IMG_0023,156065.jpg,1,HHO-VC,0.44504984557890165
IMG_0023|r1|BDA-EHHO-VC-Calibrated,IMG_0023,156065.jpg,1,BDA-EHHO-VC-Calibrated,0.44567303399758207
IMG_0023|r1|EHHO-VC,IMG_0023,156065.jpg,1,EHHO-VC,0.4448060698540924
IMG_0023|r1|BEHHO-VC-Calibrated,IMG_0023,156065.jpg,1,BEHHO-VC-Calibrated,0.44690325732786035
IMG_0023|r1|MO-BDA-EHHO-VC,IMG_0023,156065.jpg,1,MO-BDA-EHHO-VC,0.440161301602947
IMG_0023|r2|EHHO-VC,IMG_0023,156065.jpg,2,EHHO-VC,0.4505601471859597
IMG_0023|r2|HHO-VC,IMG_0023,156065.jpg,2,HHO-VC,0.4505601471859597
IMG_0023|r2|BEHHO-VC-Calibrated,IMG_0023,156065.jpg,2,BEHHO-VC-Calibrated,0.44065681974552395
IMG_0023|r2|BDA-EHHO-VC-Calibrated,IMG_0023,156065.jpg,2,BDA-EHHO-VC-Calibrated,0.44285757422775174
IMG_0023|r2|MO-BDA-EHHO-VC,IMG_0023,156065.jpg,2,MO-BDA-EHHO-VC,0.44298386451347027
IMG_0023|r3|EHHO-VC,IMG_0023,156065.jpg,3,EHHO-VC,0.44185217080343686
IMG_0023|r3|BDA-EHHO-VC-Calibrated,IMG_0023,156065.jpg,3,BDA-EHHO-VC-Calibrated,0.445135531975748
IMG_0023|r3|BEHHO-VC-Calibrated,IMG_0023,156065.jpg,3,BEHHO-VC-Calibrated,0.4615811906424072
IMG_0023|r3|HHO-VC,IMG_0023,156065.jpg,3,HHO-VC,0.44129915023942123
IMG_0023|r3|MO-BDA-EHHO-VC,IMG_0023,156065.jpg,3,MO-BDA-EHHO-VC,0.46122529704847076
IMG_0023|r4|EHHO-VC,IMG_0023,156065.jpg,4,EHHO-VC,0.4408572316006912
IMG_0023|r4|HHO-VC,IMG_0023,156065.jpg,4,HHO-VC,0.4423262101999611
IMG_0023|r4|BDA-EHHO-VC-Calibrated,IMG_0023,156065.jpg,4,BDA-EHHO-VC-Calibrated,0.46079302987623655
IMG_0023|r4|BEHHO-VC-Calibrated,IMG_0023,156065.jpg,4,BEHHO-VC-Calibrated,0.4441817046337953
IMG_0023|r4|MO-BDA-EHHO-VC,IMG_0023,156065.jpg,4,MO-BDA-EHHO-VC,0.4388192821190913
IMG_0023|r5|BEHHO-VC-Calibrated,IMG_0023,156065.jpg,5,BEHHO-VC-Calibrated,0.4519366240984454
IMG_0023|r5|HHO-VC,IMG_0023,156065.jpg,5,HHO-VC,0.44791446856447015
IMG_0023|r5|EHHO-VC,IMG_0023,156065.jpg,5,EHHO-VC,0.4477877041716255
IMG_0023|r5|BDA-EHHO-VC-Calibrated,IMG_0023,156065.jpg,5,BDA-EHHO-VC-Calibrated,0.4463473497900947
IMG_0023|r5|MO-BDA-EHHO-VC,IMG_0023,156065.jpg,5,MO-BDA-EHHO-VC,0.4416159807926454
IMG_0024|r1|BDA-EHHO-VC-Calibrated,IMG_0024,157055.jpg,1,BDA-EHHO-VC-Calibrated,0.4547493877990057
IMG_0024|r1|HHO-VC,IMG_0024,157055.jpg,1,HHO-VC,0.454128908563903
IMG_0024|r1|EHHO-VC,IMG_0024,157055.jpg,1,EHHO-VC,0.45492149715198366
IMG_0024|r1|BEHHO-VC-Calibrated,IMG_0024,157055.jpg,1,BEHHO-VC-Calibrated,0.4552927060993333
IMG_0024|r1|MO-BDA-EHHO-VC,IMG_0024,157055.jpg,1,MO-BDA-EHHO-VC,0.455091210570735
IMG_0024|r2|BEHHO-VC-Calibrated,IMG_0024,157055.jpg,2,BEHHO-VC-Calibrated,0.4563298154377071
IMG_0024|r2|HHO-VC,IMG_0024,157055.jpg,2,HHO-VC,0.45660794699676227
IMG_0024|r2|BDA-EHHO-VC-Calibrated,IMG_0024,157055.jpg,2,BDA-EHHO-VC-Calibrated,0.46297650949506636
IMG_0024|r2|EHHO-VC,IMG_0024,157055.jpg,2,EHHO-VC,0.45657591936715347
IMG_0024|r2|MO-BDA-EHHO-VC,IMG_0024,157055.jpg,2,MO-BDA-EHHO-VC,0.4642375582547407
IMG_0024|r3|EHHO-VC,IMG_0024,157055.jpg,3,EHHO-VC,0.4996864718784757
IMG_0024|r3|BEHHO-VC-Calibrated,IMG_0024,157055.jpg,3,BEHHO-VC-Calibrated,0.4627665900987808
IMG_0024|r3|BDA-EHHO-VC-Calibrated,IMG_0024,157055.jpg,3,BDA-EHHO-VC-Calibrated,0.46346489909835425
IMG_0024|r3|HHO-VC,IMG_0024,157055.jpg,3,HHO-VC,0.5045987296769346
IMG_0024|r3|MO-BDA-EHHO-VC,IMG_0024,157055.jpg,3,MO-BDA-EHHO-VC,0.4650986891873395
IMG_0024|r4|HHO-VC,IMG_0024,157055.jpg,4,HHO-VC,0.4743953796275154
IMG_0024|r4|EHHO-VC,IMG_0024,157055.jpg,4,EHHO-VC,0.4995678604349605
IMG_0024|r4|BEHHO-VC-Calibrated,IMG_0024,157055.jpg,4,BEHHO-VC-Calibrated,0.4885360564399899
IMG_0024|r4|BDA-EHHO-VC-Calibrated,IMG_0024,157055.jpg,4,BDA-EHHO-VC-Calibrated,0.48124494073765917
IMG_0024|r4|MO-BDA-EHHO-VC,IMG_0024,157055.jpg,4,MO-BDA-EHHO-VC,0.45768517765068334
IMG_0024|r5|BDA-EHHO-VC-Calibrated,IMG_0024,157055.jpg,5,BDA-EHHO-VC-Calibrated,0.4675460725033319
IMG_0024|r5|EHHO-VC,IMG_0024,157055.jpg,5,EHHO-VC,0.4728108289500565
IMG_0024|r5|BEHHO-VC-Calibrated,IMG_0024,157055.jpg,5,BEHHO-VC-Calibrated,0.465383119598213
IMG_0024|r5|HHO-VC,IMG_0024,157055.jpg,5,HHO-VC,0.4728108289500565
IMG_0024|r5|MO-BDA-EHHO-VC,IMG_0024,157055.jpg,5,MO-BDA-EHHO-VC,0.4599060139561816
IMG_0025|r1|BDA-EHHO-VC-Calibrated,IMG_0025,159008.jpg,1,BDA-EHHO-VC-Calibrated,0.5219379098899197
IMG_0025|r1|HHO-VC,IMG_0025,159008.jpg,1,HHO-VC,0.5374476810896305
IMG_0025|r1|EHHO-VC,IMG_0025,159008.jpg,1,EHHO-VC,0.5351610539541853
IMG_0025|r1|BEHHO-VC-Calibrated,IMG_0025,159008.jpg,1,BEHHO-VC-Calibrated,0.540505858309435
IMG_0025|r1|MO-BDA-EHHO-VC,IMG_0025,159008.jpg,1,MO-BDA-EHHO-VC,0.5154066270529745
IMG_0025|r2|HHO-VC,IMG_0025,159008.jpg,2,HHO-VC,0.5857490547345995
IMG_0025|r2|BDA-EHHO-VC-Calibrated,IMG_0025,159008.jpg,2,BDA-EHHO-VC-Calibrated,0.5908362834611904
IMG_0025|r2|BEHHO-VC-Calibrated,IMG_0025,159008.jpg,2,BEHHO-VC-Calibrated,0.5980005162438949
IMG_0025|r2|EHHO-VC,IMG_0025,159008.jpg,2,EHHO-VC,0.5857490547345995
IMG_0025|r2|MO-BDA-EHHO-VC,IMG_0025,159008.jpg,2,MO-BDA-EHHO-VC,0.5376568215956373
IMG_0025|r3|HHO-VC,IMG_0025,159008.jpg,3,HHO-VC,0.5522850244591344
IMG_0025|r3|BDA-EHHO-VC-Calibrated,IMG_0025,159008.jpg,3,BDA-EHHO-VC-Calibrated,0.5505028811706688
IMG_0025|r3|BEHHO-VC-Calibrated,IMG_0025,159008.jpg,3,BEHHO-VC-Calibrated,0.5626333522346199
IMG_0025|r3|EHHO-VC,IMG_0025,159008.jpg,3,EHHO-VC,0.5535058672412745
IMG_0025|r3|MO-BDA-EHHO-VC,IMG_0025,159008.jpg,3,MO-BDA-EHHO-VC,0.517181768795131
IMG_0025|r4|BDA-EHHO-VC-Calibrated,IMG_0025,159008.jpg,4,BDA-EHHO-VC-Calibrated,0.551962022047072
IMG_0025|r4|HHO-VC,IMG_0025,159008.jpg,4,HHO-VC,0.5492659102800421
IMG_0025|r4|BEHHO-VC-Calibrated,IMG_0025,159008.jpg,4,BEHHO-VC-Calibrated,0.549230343779385
IMG_0025|r4|EHHO-VC,IMG_0025,159008.jpg,4,EHHO-VC,0.5492659102800421
IMG_0025|r4|MO-BDA-EHHO-VC,IMG_0025,159008.jpg,4,MO-BDA-EHHO-VC,0.5266963961217429
IMG_0025|r5|HHO-VC,IMG_0025,159008.jpg,5,HHO-VC,0.551914018700553
IMG_0025|r5|EHHO-VC,IMG_0025,159008.jpg,5,EHHO-VC,0.551914018700553
IMG_0025|r5|BDA-EHHO-VC-Calibrated,IMG_0025,159008.jpg,5,BDA-EHHO-VC-Calibrated,0.5542982865053815
IMG_0025|r5|BEHHO-VC-Calibrated,IMG_0025,159008.jpg,5,BEHHO-VC-Calibrated,0.5591672312313906
IMG_0025|r5|MO-BDA-EHHO-VC,IMG_0025,159008.jpg,5,MO-BDA-EHHO-VC,0.530554959298613
IMG_0026|r1|EHHO-VC,IMG_0026,160068.jpg,1,EHHO-VC,0.4435022235636665
IMG_0026|r1|HHO-VC,IMG_0026,160068.jpg,1,HHO-VC,0.4435022235636665
IMG_0026|r1|BEHHO-VC-Calibrated,IMG_0026,160068.jpg,1,BEHHO-VC-Calibrated,0.4367557468886577
IMG_0026|r1|BDA-EHHO-VC-Calibrated,IMG_0026,160068.jpg,1,BDA-EHHO-VC-Calibrated,0.4357543479763187
IMG_0026|r1|MO-BDA-EHHO-VC,IMG_0026,160068.jpg,1,MO-BDA-EHHO-VC,0.42730707971596626
IMG_0026|r2|EHHO-VC,IMG_0026,160068.jpg,2,EHHO-VC,0.47473310768075183
IMG_0026|r2|BDA-EHHO-VC-Calibrated,IMG_0026,160068.jpg,2,BDA-EHHO-VC-Calibrated,0.4722920147503791
IMG_0026|r2|BEHHO-VC-Calibrated,IMG_0026,160068.jpg,2,BEHHO-VC-Calibrated,0.4496671147203114
IMG_0026|r2|HHO-VC,IMG_0026,160068.jpg,2,HHO-VC,0.4739268123170073
IMG_0026|r2|MO-BDA-EHHO-VC,IMG_0026,160068.jpg,2,MO-BDA-EHHO-VC,0.4314371284859271
IMG_0026|r3|BEHHO-VC-Calibrated,IMG_0026,160068.jpg,3,BEHHO-VC-Calibrated,0.45764374699600907
IMG_0026|r3|HHO-VC,IMG_0026,160068.jpg,3,HHO-VC,0.44387297533628745
IMG_0026|r3|EHHO-VC,IMG_0026,160068.jpg,3,EHHO-VC,0.43367624331437676
IMG_0026|r3|BDA-EHHO-VC-Calibrated,IMG_0026,160068.jpg,3,BDA-EHHO-VC-Calibrated,0.44578443134340034
IMG_0026|r3|MO-BDA-EHHO-VC,IMG_0026,160068.jpg,3,MO-BDA-EHHO-VC,0.4253862177621192
IMG_0026|r4|HHO-VC,IMG_0026,160068.jpg,4,HHO-VC,0.44910672856344364
IMG_0026|r4|BDA-EHHO-VC-Calibrated,IMG_0026,160068.jpg,4,BDA-EHHO-VC-Calibrated,0.43844777595836676
IMG_0026|r4|BEHHO-VC-Calibrated,IMG_0026,160068.jpg,4,BEHHO-VC-Calibrated,0.44975339375106543
IMG_0026|r4|EHHO-VC,IMG_0026,160068.jpg,4,EHHO-VC,0.4492348560142759
IMG_0026|r4|MO-BDA-EHHO-VC,IMG_0026,160068.jpg,4,MO-BDA-EHHO-VC,0.431055142067657
IMG_0026|r5|BDA-EHHO-VC-Calibrated,IMG_0026,160068.jpg,5,BDA-EHHO-VC-Calibrated,0.44716174640955547
IMG_0026|r5|HHO-VC,IMG_0026,160068.jpg,5,HHO-VC,0.46237017173342887
IMG_0026|r5|EHHO-VC,IMG_0026,160068.jpg,5,EHHO-VC,0.46237017173342887
IMG_0026|r5|BEHHO-VC-Calibrated,IMG_0026,160068.jpg,5,BEHHO-VC-Calibrated,0.4589043385809547
IMG_0026|r5|MO-BDA-EHHO-VC,IMG_0026,160068.jpg,5,MO-BDA-EHHO-VC,0.43226938121482633
IMG_0027|r1|EHHO-VC,IMG_0027,16077.jpg,1,EHHO-VC,0.46104311112622076
IMG_0027|r1|BEHHO-VC-Calibrated,IMG_0027,16077.jpg,1,BEHHO-VC-Calibrated,0.4595277800891745
IMG_0027|r1|HHO-VC,IMG_0027,16077.jpg,1,HHO-VC,0.4604812349183853
IMG_0027|r1|BDA-EHHO-VC-Calibrated,IMG_0027,16077.jpg,1,BDA-EHHO-VC-Calibrated,0.4567259001020279
IMG_0027|r1|MO-BDA-EHHO-VC,IMG_0027,16077.jpg,1,MO-BDA-EHHO-VC,0.4391551936912995
IMG_0027|r2|HHO-VC,IMG_0027,16077.jpg,2,HHO-VC,0.45798247024260025
IMG_0027|r2|BEHHO-VC-Calibrated,IMG_0027,16077.jpg,2,BEHHO-VC-Calibrated,0.4583440361896527
IMG_0027|r2|EHHO-VC,IMG_0027,16077.jpg,2,EHHO-VC,0.45517683126323943
IMG_0027|r2|BDA-EHHO-VC-Calibrated,IMG_0027,16077.jpg,2,BDA-EHHO-VC-Calibrated,0.4527467613235488
IMG_0027|r2|MO-BDA-EHHO-VC,IMG_0027,16077.jpg,2,MO-BDA-EHHO-VC,0.4499778063830711
IMG_0027|r3|BEHHO-VC-Calibrated,IMG_0027,16077.jpg,3,BEHHO-VC-Calibrated,0.46508331659578306
IMG_0027|r3|HHO-VC,IMG_0027,16077.jpg,3,HHO-VC,0.4555971949601287
IMG_0027|r3|BDA-EHHO-VC-Calibrated,IMG_0027,16077.jpg,3,BDA-EHHO-VC-Calibrated,0.4559295355893357
IMG_0027|r3|EHHO-VC,IMG_0027,16077.jpg,3,EHHO-VC,0.454028120493858
IMG_0027|r3|MO-BDA-EHHO-VC,IMG_0027,16077.jpg,3,MO-BDA-EHHO-VC,0.4404214660955598
IMG_0027|r4|EHHO-VC,IMG_0027,16077.jpg,4,EHHO-VC,0.45878872327535136
IMG_0027|r4|BDA-EHHO-VC-Calibrated,IMG_0027,16077.jpg,4,BDA-EHHO-VC-Calibrated,0.4632411140938774
IMG_0027|r4|HHO-VC,IMG_0027,16077.jpg,4,HHO-VC,0.4561887875253331
IMG_0027|r4|BEHHO-VC-Calibrated,IMG_0027,16077.jpg,4,BEHHO-VC-Calibrated,0.4599675737120358
IMG_0027|r4|MO-BDA-EHHO-VC,IMG_0027,16077.jpg,4,MO-BDA-EHHO-VC,0.44104242790398723
IMG_0027|r5|HHO-VC,IMG_0027,16077.jpg,5,HHO-VC,0.4639476437723697
IMG_0027|r5|BDA-EHHO-VC-Calibrated,IMG_0027,16077.jpg,5,BDA-EHHO-VC-Calibrated,0.4600090157545773
IMG_0027|r5|BEHHO-VC-Calibrated,IMG_0027,16077.jpg,5,BEHHO-VC-Calibrated,0.46761215320928157
IMG_0027|r5|EHHO-VC,IMG_0027,16077.jpg,5,EHHO-VC,0.4639476437723697
IMG_0027|r5|MO-BDA-EHHO-VC,IMG_0027,16077.jpg,5,MO-BDA-EHHO-VC,0.4389437673116488
IMG_0028|r1|BEHHO-VC-Calibrated,IMG_0028,163085.jpg,1,BEHHO-VC-Calibrated,0.4089147872230583
IMG_0028|r1|BDA-EHHO-VC-Calibrated,IMG_0028,163085.jpg,1,BDA-EHHO-VC-Calibrated,0.4103754435490253
IMG_0028|r1|HHO-VC,IMG_0028,163085.jpg,1,HHO-VC,0.4096795050850824
IMG_0028|r1|EHHO-VC,IMG_0028,163085.jpg,1,EHHO-VC,0.4100026429563236
IMG_0028|r1|MO-BDA-EHHO-VC,IMG_0028,163085.jpg,1,MO-BDA-EHHO-VC,0.3985410947163257
IMG_0028|r2|EHHO-VC,IMG_0028,163085.jpg,2,EHHO-VC,0.4195217489020376
IMG_0028|r2|HHO-VC,IMG_0028,163085.jpg,2,HHO-VC,0.4195217489020376
IMG_0028|r2|BDA-EHHO-VC-Calibrated,IMG_0028,163085.jpg,2,BDA-EHHO-VC-Calibrated,0.41666052932833864
IMG_0028|r2|BEHHO-VC-Calibrated,IMG_0028,163085.jpg,2,BEHHO-VC-Calibrated,0.4170200887863038
IMG_0028|r2|MO-BDA-EHHO-VC,IMG_0028,163085.jpg,2,MO-BDA-EHHO-VC,0.3969677617521186
IMG_0028|r3|BEHHO-VC-Calibrated,IMG_0028,163085.jpg,3,BEHHO-VC-Calibrated,0.4209280860972698
IMG_0028|r3|EHHO-VC,IMG_0028,163085.jpg,3,EHHO-VC,0.4213558746504019
IMG_0028|r3|HHO-VC,IMG_0028,163085.jpg,3,HHO-VC,0.421342752042447
IMG_0028|r3|BDA-EHHO-VC-Calibrated,IMG_0028,163085.jpg,3,BDA-EHHO-VC-Calibrated,0.41819192921048065
IMG_0028|r3|MO-BDA-EHHO-VC,IMG_0028,163085.jpg,3,MO-BDA-EHHO-VC,0.3987647886178645
IMG_0028|r4|BEHHO-VC-Calibrated,IMG_0028,163085.jpg,4,BEHHO-VC-Calibrated,0.4337999421796811
IMG_0028|r4|HHO-VC,IMG_0028,163085.jpg,4,HHO-VC,0.4244170658369367
IMG_0028|r4|BDA-EHHO-VC-Calibrated,IMG_0028,163085.jpg,4,BDA-EHHO-VC-Calibrated,0.4231362146385484
IMG_0028|r4|EHHO-VC,IMG_0028,163085.jpg,4,EHHO-VC,0.4173992305618172
IMG_0028|r4|MO-BDA-EHHO-VC,IMG_0028,163085.jpg,4,MO-BDA-EHHO-VC,0.39790426725157074
IMG_0028|r5|HHO-VC,IMG_0028,163085.jpg,5,HHO-VC,0.3983643882174641
IMG_0028|r5|EHHO-VC,IMG_0028,163085.jpg,5,EHHO-VC,0.3983643882174641
IMG_0028|r5|BEHHO-VC-Calibrated,IMG_0028,163085.jpg,5,BEHHO-VC-Calibrated,0.4024960370989756
IMG_0028|r5|BDA-EHHO-VC-Calibrated,IMG_0028,163085.jpg,5,BDA-EHHO-VC-Calibrated,0.3938613949294241
IMG_0028|r5|MO-BDA-EHHO-VC,IMG_0028,163085.jpg,5,MO-BDA-EHHO-VC,0.39391562093197335
IMG_0029|r1|EHHO-VC,IMG_0029,167062.jpg,1,EHHO-VC,0.7482323670373557
IMG_0029|r1|HHO-VC,IMG_0029,167062.jpg,1,HHO-VC,0.7545601647890128
IMG_0029|r1|BDA-EHHO-VC-Calibrated,IMG_0029,167062.jpg,1,BDA-EHHO-VC-Calibrated,0.7542449512797366
IMG_0029|r1|BEHHO-VC-Calibrated,IMG_0029,167062.jpg,1,BEHHO-VC-Calibrated,0.7537652649286923
IMG_0029|r1|MO-BDA-EHHO-VC,IMG_0029,167062.jpg,1,MO-BDA-EHHO-VC,0.7066242092114959
IMG_0029|r2|BEHHO-VC-Calibrated,IMG_0029,167062.jpg,2,BEHHO-VC-Calibrated,0.7703705537714743
IMG_0029|r2|BDA-EHHO-VC-Calibrated,IMG_0029,167062.jpg,2,BDA-EHHO-VC-Calibrated,0.7515339982664196
IMG_0029|r2|HHO-VC,IMG_0029,167062.jpg,2,HHO-VC,0.7742169340884429
IMG_0029|r2|EHHO-VC,IMG_0029,167062.jpg,2,EHHO-VC,0.769874646183758
IMG_0029|r2|MO-BDA-EHHO-VC,IMG_0029,167062.jpg,2,MO-BDA-EHHO-VC,0.7169719782178685
IMG_0029|r3|HHO-VC,IMG_0029,167062.jpg,3,HHO-VC,0.774610290611541
IMG_0029|r3|BDA-EHHO-VC-Calibrated,IMG_0029,167062.jpg,3,BDA-EHHO-VC-Calibrated,0.7816145884349703
IMG_0029|r3|EHHO-VC,IMG_0029,167062.jpg,3,EHHO-VC,0.7752110182051218
IMG_0029|r3|BEHHO-VC-Calibrated,IMG_0029,167062.jpg,3,BEHHO-VC-Calibrated,0.7801102041928181
IMG_0029|r3|MO-BDA-EHHO-VC,IMG_0029,167062.jpg,3,MO-BDA-EHHO-VC,0.7179254584456753
IMG_0029|r4|BDA-EHHO-VC-Calibrated,IMG_0029,167062.jpg,4,BDA-EHHO-VC-Calibrated,0.7543152884583751
IMG_0029|r4|HHO-VC,IMG_0029,167062.jpg,4,HHO-VC,0.7840592879659809
IMG_0029|r4|BEHHO-VC-Calibrated,IMG_0029,167062.jpg,4,BEHHO-VC-Calibrated,0.7565382667121394
IMG_0029|r4|EHHO-VC,IMG_0029,167062.jpg,4,EHHO-VC,0.7745656737444943
IMG_0029|r4|MO-BDA-EHHO-VC,IMG_0029,167062.jpg,4,MO-BDA-EHHO-VC,0.7040277446029367
IMG_0029|r5|BDA-EHHO-VC-Calibrated,IMG_0029,167062.jpg,5,BDA-EHHO-VC-Calibrated,0.7609523903126292
IMG_0029|r5|BEHHO-VC-Calibrated,IMG_0029,167062.jpg,5,BEHHO-VC-Calibrated,0.7310915064660389
IMG_0029|r5|HHO-VC,IMG_0029,167062.jpg,5,HHO-VC,0.7302102090481829
IMG_0029|r5|EHHO-VC,IMG_0029,167062.jpg,5,EHHO-VC,0.7302102090481829
IMG_0029|r5|MO-BDA-EHHO-VC,IMG_0029,167062.jpg,5,MO-BDA-EHHO-VC,0.726779332830061
IMG_0030|r1|BDA-EHHO-VC-Calibrated,IMG_0030,167083.jpg,1,BDA-EHHO-VC-Calibrated,0.49662732642434915
IMG_0030|r1|EHHO-VC,IMG_0030,167083.jpg,1,EHHO-VC,0.4920000578058765
IMG_0030|r1|HHO-VC,IMG_0030,167083.jpg,1,HHO-VC,0.4920000578058765
IMG_0030|r1|BEHHO-VC-Calibrated,IMG_0030,167083.jpg,1,BEHHO-VC-Calibrated,0.4793623598465733
IMG_0030|r1|MO-BDA-EHHO-VC,IMG_0030,167083.jpg,1,MO-BDA-EHHO-VC,0.4860293304497726
IMG_0030|r2|EHHO-VC,IMG_0030,167083.jpg,2,EHHO-VC,0.49784628971038225
IMG_0030|r2|HHO-VC,IMG_0030,167083.jpg,2,HHO-VC,0.5043101646734325
IMG_0030|r2|BEHHO-VC-Calibrated,IMG_0030,167083.jpg,2,BEHHO-VC-Calibrated,0.49792624449072187
IMG_0030|r2|BDA-EHHO-VC-Calibrated,IMG_0030,167083.jpg,2,BDA-EHHO-VC-Calibrated,0.5020713546281355
IMG_0030|r2|MO-BDA-EHHO-VC,IMG_0030,167083.jpg,2,MO-BDA-EHHO-VC,0.5052302965446365
IMG_0030|r3|BEHHO-VC-Calibrated,IMG_0030,167083.jpg,3,BEHHO-VC-Calibrated,0.5053595330674958
IMG_0030|r3|HHO-VC,IMG_0030,167083.jpg,3,HHO-VC,0.4926762107635029
IMG_0030|r3|BDA-EHHO-VC-Calibrated,IMG_0030,167083.jpg,3,BDA-EHHO-VC-Calibrated,0.4938017918780889
IMG_0030|r3|EHHO-VC,IMG_0030,167083.jpg,3,EHHO-VC,0.4887358641073783
IMG_0030|r3|MO-BDA-EHHO-VC,IMG_0030,167083.jpg,3,MO-BDA-EHHO-VC,0.48201839262904916
IMG_0030|r4|EHHO-VC,IMG_0030,167083.jpg,4,EHHO-VC,0.5414844472572808
IMG_0030|r4|HHO-VC,IMG_0030,167083.jpg,4,HHO-VC,0.5414844472572808
IMG_0030|r4|BEHHO-VC-Calibrated,IMG_0030,167083.jpg,4,BEHHO-VC-Calibrated,0.4904852178083538
IMG_0030|r4|BDA-EHHO-VC-Calibrated,IMG_0030,167083.jpg,4,BDA-EHHO-VC-Calibrated,0.49035019887179554
IMG_0030|r4|MO-BDA-EHHO-VC,IMG_0030,167083.jpg,4,MO-BDA-EHHO-VC,0.4850356442444317
IMG_0030|r5|EHHO-VC,IMG_0030,167083.jpg,5,EHHO-VC,0.510261131921816
IMG_0030|r5|BEHHO-VC-Calibrated,IMG_0030,167083.jpg,5,BEHHO-VC-Calibrated,0.5064267820731725
IMG_0030|r5|BDA-EHHO-VC-Calibrated,IMG_0030,167083.jpg,5,BDA-EHHO-VC-Calibrated,0.4834978862470805
IMG_0030|r5|HHO-VC,IMG_0030,167083.jpg,5,HHO-VC,0.519254554659054
IMG_0030|r5|MO-BDA-EHHO-VC,IMG_0030,167083.jpg,5,MO-BDA-EHHO-VC,0.48748764163870506
IMG_0031|r1|EHHO-VC,IMG_0031,170057.jpg,1,EHHO-VC,0.35921103165807755
IMG_0031|r1|BDA-EHHO-VC-Calibrated,IMG_0031,170057.jpg,1,BDA-EHHO-VC-Calibrated,0.3607154074340311
IMG_0031|r1|HHO-VC,IMG_0031,170057.jpg,1,HHO-VC,0.3594799011957761
IMG_0031|r1|BEHHO-VC-Calibrated,IMG_0031,170057.jpg,1,BEHHO-VC-Calibrated,0.36117248903459814
IMG_0031|r1|MO-BDA-EHHO-VC,IMG_0031,170057.jpg,1,MO-BDA-EHHO-VC,0.3562230815563287
IMG_0031|r2|HHO-VC,IMG_0031,170057.jpg,2,HHO-VC,0.3465406541718672
IMG_0031|r2|EHHO-VC,IMG_0031,170057.jpg,2,EHHO-VC,0.3465406541718672
IMG_0031|r2|BEHHO-VC-Calibrated,IMG_0031,170057.jpg,2,BEHHO-VC-Calibrated,0.34744390444290196
IMG_0031|r2|BDA-EHHO-VC-Calibrated,IMG_0031,170057.jpg,2,BDA-EHHO-VC-Calibrated,0.35511133421038665
IMG_0031|r2|MO-BDA-EHHO-VC,IMG_0031,170057.jpg,2,MO-BDA-EHHO-VC,0.358784233650191
IMG_0031|r3|BDA-EHHO-VC-Calibrated,IMG_0031,170057.jpg,3,BDA-EHHO-VC-Calibrated,0.3724203334875003
IMG_0031|r3|BEHHO-VC-Calibrated,IMG_0031,170057.jpg,3,BEHHO-VC-Calibrated,0.38683439232157013
IMG_0031|r3|HHO-VC,IMG_0031,170057.jpg,3,HHO-VC,0.38345533770557216
IMG_0031|r3|EHHO-VC,IMG_0031,170057.jpg,3,EHHO-VC,0.37304484263317494
IMG_0031|r3|MO-BDA-EHHO-VC,IMG_0031,170057.jpg,3,MO-BDA-EHHO-VC,0.3669359469146036
IMG_0031|r4|BEHHO-VC-Calibrated,IMG_0031,170057.jpg,4,BEHHO-VC-Calibrated,0.3582325592117656
IMG_0031|r4|EHHO-VC,IMG_0031,170057.jpg,4,EHHO-VC,0.35953993501062026
IMG_0031|r4|BDA-EHHO-VC-Calibrated,IMG_0031,170057.jpg,4,BDA-EHHO-VC-Calibrated,0.3530230362452333
IMG_0031|r4|HHO-VC,IMG_0031,170057.jpg,4,HHO-VC,0.35953993501062026
IMG_0031|r4|MO-BDA-EHHO-VC,IMG_0031,170057.jpg,4,MO-BDA-EHHO-VC,0.3636867299215713
IMG_0031|r5|BDA-EHHO-VC-Calibrated,IMG_0031,170057.jpg,5,BDA-EHHO-VC-Calibrated,0.3597944882063499
IMG_0031|r5|EHHO-VC,IMG_0031,170057.jpg,5,EHHO-VC,0.3553549152126263
IMG_0031|r5|HHO-VC,IMG_0031,170057.jpg,5,HHO-VC,0.35517956330555367
IMG_0031|r5|BEHHO-VC-Calibrated,IMG_0031,170057.jpg,5,BEHHO-VC-Calibrated,0.3627103909573269
IMG_0031|r5|MO-BDA-EHHO-VC,IMG_0031,170057.jpg,5,MO-BDA-EHHO-VC,0.3588147796950307
IMG_0032|r1|BEHHO-VC-Calibrated,IMG_0032,175032.jpg,1,BEHHO-VC-Calibrated,0.40856249750729584
IMG_0032|r1|BDA-EHHO-VC-Calibrated,IMG_0032,175032.jpg,1,BDA-EHHO-VC-Calibrated,0.394700045382062
IMG_0032|r1|HHO-VC,IMG_0032,175032.jpg,1,HHO-VC,0.4135378538845214
IMG_0032|r1|EHHO-VC,IMG_0032,175032.jpg,1,EHHO-VC,0.4142102139851388
IMG_0032|r1|MO-BDA-EHHO-VC,IMG_0032,175032.jpg,1,MO-BDA-EHHO-VC,0.3945756684572453
IMG_0032|r2|BDA-EHHO-VC-Calibrated,IMG_0032,175032.jpg,2,BDA-EHHO-VC-Calibrated,0.38143756735872636
IMG_0032|r2|HHO-VC,IMG_0032,175032.jpg,2,HHO-VC,0.3805246486887984
IMG_0032|r2|EHHO-VC,IMG_0032,175032.jpg,2,EHHO-VC,0.3805246486887984
IMG_0032|r2|BEHHO-VC-Calibrated,IMG_0032,175032.jpg,2,BEHHO-VC-Calibrated,0.3805245978916063
IMG_0032|r2|MO-BDA-EHHO-VC,IMG_0032,175032.jpg,2,MO-BDA-EHHO-VC,0.39020384198536384
IMG_0032|r3|HHO-VC,IMG_0032,175032.jpg,3,HHO-VC,0.39559737778021903
IMG_0032|r3|EHHO-VC,IMG_0032,175032.jpg,3,EHHO-VC,0.39559737778021903
IMG_0032|r3|BEHHO-VC-Calibrated,IMG_0032,175032.jpg,3,BEHHO-VC-Calibrated,0.39336291089484504
IMG_0032|r3|BDA-EHHO-VC-Calibrated,IMG_0032,175032.jpg,3,BDA-EHHO-VC-Calibrated,0.39022570171035714
IMG_0032|r3|MO-BDA-EHHO-VC,IMG_0032,175032.jpg,3,MO-BDA-EHHO-VC,0.3926819914673616
IMG_0032|r4|HHO-VC,IMG_0032,175032.jpg,4,HHO-VC,0.41753541511132947
IMG_0032|r4|EHHO-VC,IMG_0032,175032.jpg,4,EHHO-VC,0.41753541511132947
IMG_0032|r4|BEHHO-VC-Calibrated,IMG_0032,175032.jpg,4,BEHHO-VC-Calibrated,0.4044685147437144
IMG_0032|r4|BDA-EHHO-VC-Calibrated,IMG_0032,175032.jpg,4,BDA-EHHO-VC-Calibrated,0.4052746661820814
IMG_0032|r4|MO-BDA-EHHO-VC,IMG_0032,175032.jpg,4,MO-BDA-EHHO-VC,0.3871654418056772
IMG_0032|r5|BDA-EHHO-VC-Calibrated,IMG_0032,175032.jpg,5,BDA-EHHO-VC-Calibrated,0.39538494392292534
IMG_0032|r5|EHHO-VC,IMG_0032,175032.jpg,5,EHHO-VC,0.3883395511711005
IMG_0032|r5|BEHHO-VC-Calibrated,IMG_0032,175032.jpg,5,BEHHO-VC-Calibrated,0.39647236788005796
IMG_0032|r5|HHO-VC,IMG_0032,175032.jpg,5,HHO-VC,0.38890635470656815
IMG_0032|r5|MO-BDA-EHHO-VC,IMG_0032,175032.jpg,5,MO-BDA-EHHO-VC,0.3946903854493674
IMG_0033|r1|HHO-VC,IMG_0033,175043.jpg,1,HHO-VC,0.39215243910648623
IMG_0033|r1|BEHHO-VC-Calibrated,IMG_0033,175043.jpg,1,BEHHO-VC-Calibrated,0.39367892859339354
IMG_0033|r1|BDA-EHHO-VC-Calibrated,IMG_0033,175043.jpg,1,BDA-EHHO-VC-Calibrated,0.36545788816784514
IMG_0033|r1|EHHO-VC,IMG_0033,175043.jpg,1,EHHO-VC,0.39215243910648623
IMG_0033|r1|MO-BDA-EHHO-VC,IMG_0033,175043.jpg,1,MO-BDA-EHHO-VC,0.36555399645526737
IMG_0033|r2|EHHO-VC,IMG_0033,175043.jpg,2,EHHO-VC,0.37417532976049295
IMG_0033|r2|BEHHO-VC-Calibrated,IMG_0033,175043.jpg,2,BEHHO-VC-Calibrated,0.377949967509842
IMG_0033|r2|HHO-VC,IMG_0033,175043.jpg,2,HHO-VC,0.37415488389067925
IMG_0033|r2|BDA-EHHO-VC-Calibrated,IMG_0033,175043.jpg,2,BDA-EHHO-VC-Calibrated,0.35833390369366824
IMG_0033|r2|MO-BDA-EHHO-VC,IMG_0033,175043.jpg,2,MO-BDA-EHHO-VC,0.36908847354664387
IMG_0033|r3|EHHO-VC,IMG_0033,175043.jpg,3,EHHO-VC,0.3597335525919428
IMG_0033|r3|HHO-VC,IMG_0033,175043.jpg,3,HHO-VC,0.3595648212522384
IMG_0033|r3|BDA-EHHO-VC-Calibrated,IMG_0033,175043.jpg,3,BDA-EHHO-VC-Calibrated,0.3590630889198299
IMG_0033|r3|BEHHO-VC-Calibrated,IMG_0033,175043.jpg,3,BEHHO-VC-Calibrated,0.358593358818434
IMG_0033|r3|MO-BDA-EHHO-VC,IMG_0033,175043.jpg,3,MO-BDA-EHHO-VC,0.37056317529622185
IMG_0033|r4|HHO-VC,IMG_0033,175043.jpg,4,HHO-VC,0.3546582950702862
IMG_0033|r4|BEHHO-VC-Calibrated,IMG_0033,175043.jpg,4,BEHHO-VC-Calibrated,0.35546647839633644
IMG_0033|r4|EHHO-VC,IMG_0033,175043.jpg,4,EHHO-VC,0.3543613854825574
IMG_0033|r4|BDA-EHHO-VC-Calibrated,IMG_0033,175043.jpg,4,BDA-EHHO-VC-Calibrated,0.37046153011486255
IMG_0033|r4|MO-BDA-EHHO-VC,IMG_0033,175043.jpg,4,MO-BDA-EHHO-VC,0.3726923226700092
IMG_0033|r5|BDA-EHHO-VC-Calibrated,IMG_0033,175043.jpg,5,BDA-EHHO-VC-Calibrated,0.38154279364252525
IMG_0033|r5|HHO-VC,IMG_0033,175043.jpg,5,HHO-VC,0.39383089685971034
IMG_0033|r5|BEHHO-VC-Calibrated,IMG_0033,175043.jpg,5,BEHHO-VC-Calibrated,0.38077708523525555
IMG_0033|r5|EHHO-VC,IMG_0033,175043.jpg,5,EHHO-VC,0.39383089685971034
IMG_0033|r5|MO-BDA-EHHO-VC,IMG_0033,175043.jpg,5,MO-BDA-EHHO-VC,0.3643179568464954
IMG_0034|r1|EHHO-VC,IMG_0034,182053.jpg,1,EHHO-VC,0.4376774005175734
IMG_0034|r1|BDA-EHHO-VC-Calibrated,IMG_0034,182053.jpg,1,BDA-EHHO-VC-Calibrated,0.43061909681276067
IMG_0034|r1|BEHHO-VC-Calibrated,IMG_0034,182053.jpg,1,BEHHO-VC-Calibrated,0.43212659661602737
IMG_0034|r1|HHO-VC,IMG_0034,182053.jpg,1,HHO-VC,0.44104409448349774
IMG_0034|r1|MO-BDA-EHHO-VC,IMG_0034,182053.jpg,1,MO-BDA-EHHO-VC,0.41653124061385444
IMG_0034|r2|BEHHO-VC-Calibrated,IMG_0034,182053.jpg,2,BEHHO-VC-Calibrated,0.42558053179618577
IMG_0034|r2|HHO-VC,IMG_0034,182053.jpg,2,HHO-VC,0.425333826766633
IMG_0034|r2|BDA-EHHO-VC-Calibrated,IMG_0034,182053.jpg,2,BDA-EHHO-VC-Calibrated,0.4245867693950567
IMG_0034|r2|EHHO-VC,IMG_0034,182053.jpg,2,EHHO-VC,0.4253523931403395
IMG_0034|r2|MO-BDA-EHHO-VC,IMG_0034,182053.jpg,2,MO-BDA-EHHO-VC,0.4127286220778659
IMG_0034|r3|EHHO-VC,IMG_0034,182053.jpg,3,EHHO-VC,0.4088897512791271
IMG_0034|r3|BEHHO-VC-Calibrated,IMG_0034,182053.jpg,3,BEHHO-VC-Calibrated,0.4250760818140007
IMG_0034|r3|BDA-EHHO-VC-Calibrated,IMG_0034,182053.jpg,3,BDA-EHHO-VC-Calibrated,0.4089529768508738
IMG_0034|r3|HHO-VC,IMG_0034,182053.jpg,3,HHO-VC,0.4088897512791271
IMG_0034|r3|MO-BDA-EHHO-VC,IMG_0034,182053.jpg,3,MO-BDA-EHHO-VC,0.4134127925256427
IMG_0034|r4|EHHO-VC,IMG_0034,182053.jpg,4,EHHO-VC,0.4264330272061303
IMG_0034|r4|HHO-VC,IMG_0034,182053.jpg,4,HHO-VC,0.42652900850057224
IMG_0034|r4|BEHHO-VC-Calibrated,IMG_0034,182053.jpg,4,BEHHO-VC-Calibrated,0.4307862619057091
IMG_0034|r4|BDA-EHHO-VC-Calibrated,IMG_0034,182053.jpg,4,BDA-EHHO-VC-Calibrated,0.43004053372732565
IMG_0034|r4|MO-BDA-EHHO-VC,IMG_0034,182053.jpg,4,MO-BDA-EHHO-VC,0.4152938802780884
IMG_0034|r5|BEHHO-VC-Calibrated,IMG_0034,182053.jpg,5,BEHHO-VC-Calibrated,0.41223038628551245
IMG_0034|r5|BDA-EHHO-VC-Calibrated,IMG_0034,182053.jpg,5,BDA-EHHO-VC-Calibrated,0.42222136428088847
IMG_0034|r5|EHHO-VC,IMG_0034,182053.jpg,5,EHHO-VC,0.41396196096925864
IMG_0034|r5|HHO-VC,IMG_0034,182053.jpg,5,HHO-VC,0.42563930414742646
IMG_0034|r5|MO-BDA-EHHO-VC,IMG_0034,182053.jpg,5,MO-BDA-EHHO-VC,0.4195279109002443
IMG_0035|r1|BEHHO-VC-Calibrated,IMG_0035,189080.jpg,1,BEHHO-VC-Calibrated,0.49680634967357906
IMG_0035|r1|BDA-EHHO-VC-Calibrated,IMG_0035,189080.jpg,1,BDA-EHHO-VC-Calibrated,0.5204508594093477
IMG_0035|r1|EHHO-VC,IMG_0035,189080.jpg,1,EHHO-VC,0.5477621729218707
IMG_0035|r1|HHO-VC,IMG_0035,189080.jpg,1,HHO-VC,0.5477621729218707
IMG_0035|r1|MO-BDA-EHHO-VC,IMG_0035,189080.jpg,1,MO-BDA-EHHO-VC,0.5135570878096938
IMG_0035|r2|HHO-VC,IMG_0035,189080.jpg,2,HHO-VC,0.5075363167531888
IMG_0035|r2|BEHHO-VC-Calibrated,IMG_0035,189080.jpg,2,BEHHO-VC-Calibrated,0.5123181781595691
IMG_0035|r2|BDA-EHHO-VC-Calibrated,IMG_0035,189080.jpg,2,BDA-EHHO-VC-Calibrated,0.5087794679688523
IMG_0035|r2|EHHO-VC,IMG_0035,189080.jpg,2,EHHO-VC,0.5077005102104004
IMG_0035|r2|MO-BDA-EHHO-VC,IMG_0035,189080.jpg,2,MO-BDA-EHHO-VC,0.49708231388577195
IMG_0035|r3|BDA-EHHO-VC-Calibrated,IMG_0035,189080.jpg,3,BDA-EHHO-VC-Calibrated,0.5106477378964955
IMG_0035|r3|EHHO-VC,IMG_0035,189080.jpg,3,EHHO-VC,0.5263154629649903
IMG_0035|r3|HHO-VC,IMG_0035,189080.jpg,3,HHO-VC,0.5547084264871457
IMG_0035|r3|BEHHO-VC-Calibrated,IMG_0035,189080.jpg,3,BEHHO-VC-Calibrated,0.5315982439487058
IMG_0035|r3|MO-BDA-EHHO-VC,IMG_0035,189080.jpg,3,MO-BDA-EHHO-VC,0.4990521781975824
IMG_0035|r4|BEHHO-VC-Calibrated,IMG_0035,189080.jpg,4,BEHHO-VC-Calibrated,0.5135235023995277
IMG_0035|r4|EHHO-VC,IMG_0035,189080.jpg,4,EHHO-VC,0.5135235023995277
IMG_0035|r4|BDA-EHHO-VC-Calibrated,IMG_0035,189080.jpg,4,BDA-EHHO-VC-Calibrated,0.5183308724625328
IMG_0035|r4|HHO-VC,IMG_0035,189080.jpg,4,HHO-VC,0.5135235023995277
IMG_0035|r4|MO-BDA-EHHO-VC,IMG_0035,189080.jpg,4,MO-BDA-EHHO-VC,0.4970736106335283
IMG_0035|r5|BDA-EHHO-VC-Calibrated,IMG_0035,189080.jpg,5,BDA-EHHO-VC-Calibrated,0.5194729795969434
IMG_0035|r5|HHO-VC,IMG_0035,189080.jpg,5,HHO-VC,0.49937281007401413
IMG_0035|r5|EHHO-VC,IMG_0035,189080.jpg,5,EHHO-VC,0.5020096923150745
IMG_0035|r5|BEHHO-VC-Calibrated,IMG_0035,189080.jpg,5,BEHHO-VC-Calibrated,0.5310057370340439
IMG_0035|r5|MO-BDA-EHHO-VC,IMG_0035,189080.jpg,5,MO-BDA-EHHO-VC,0.5276375276185558
IMG_0036|r1|EHHO-VC,IMG_0036,19021.jpg,1,EHHO-VC,0.4323704793469478
IMG_0036|r1|BEHHO-VC-Calibrated,IMG_0036,19021.jpg,1,BEHHO-VC-Calibrated,0.43299056913691114
IMG_0036|r1|HHO-VC,IMG_0036,19021.jpg,1,HHO-VC,0.43424133993138725
IMG_0036|r1|BDA-EHHO-VC-Calibrated,IMG_0036,19021.jpg,1,BDA-EHHO-VC-Calibrated,0.43245487888159473
IMG_0036|r1|MO-BDA-EHHO-VC,IMG_0036,19021.jpg,1,MO-BDA-EHHO-VC,0.41753812256846673
IMG_0036|r2|BEHHO-VC-Calibrated,IMG_0036,19021.jpg,2,BEHHO-VC-Calibrated,0.439185227448117
IMG_0036|r2|BDA-EHHO-VC-Calibrated,IMG_0036,19021.jpg,2,BDA-EHHO-VC-Calibrated,0.4235323774907041
IMG_0036|r2|HHO-VC,IMG_0036,19021.jpg,2,HHO-VC,0.43736695042368273
IMG_0036|r2|EHHO-VC,IMG_0036,19021.jpg,2,EHHO-VC,0.433476943784913
IMG_0036|r2|MO-BDA-EHHO-VC,IMG_0036,19021.jpg,2,MO-BDA-EHHO-VC,0.4177337679537768
IMG_0036|r3|HHO-VC,IMG_0036,19021.jpg,3,HHO-VC,0.42679509807063193
IMG_0036|r3|BDA-EHHO-VC-Calibrated,IMG_0036,19021.jpg,3,BDA-EHHO-VC-Calibrated,0.4289444542606698
IMG_0036|r3|EHHO-VC,IMG_0036,19021.jpg,3,EHHO-VC,0.4282169961390391
IMG_0036|r3|BEHHO-VC-Calibrated,IMG_0036,19021.jpg,3,BEHHO-VC-Calibrated,0.4273906528168189
IMG_0036|r3|MO-BDA-EHHO-VC,IMG_0036,19021.jpg,3,MO-BDA-EHHO-VC,0.41910791666162533
IMG_0036|r4|EHHO-VC,IMG_0036,19021.jpg,4,EHHO-VC,0.44861153539009285
IMG_0036|r4|HHO-VC,IMG_0036,19021.jpg,4,HHO-VC,0.44861153539009285
IMG_0036|r4|BEHHO-VC-Calibrated,IMG_0036,19021.jpg,4,BEHHO-VC-Calibrated,0.4495605031340029
IMG_0036|r4|BDA-EHHO-VC-Calibrated,IMG_0036,19021.jpg,4,BDA-EHHO-VC-Calibrated,0.4433391932293505
IMG_0036|r4|MO-BDA-EHHO-VC,IMG_0036,19021.jpg,4,MO-BDA-EHHO-VC,0.4227281817442324
IMG_0036|r5|BDA-EHHO-VC-Calibrated,IMG_0036,19021.jpg,5,BDA-EHHO-VC-Calibrated,0.43496908590377314
IMG_0036|r5|HHO-VC,IMG_0036,19021.jpg,5,HHO-VC,0.4380353991405097
IMG_0036|r5|EHHO-VC,IMG_0036,19021.jpg,5,EHHO-VC,0.43702541550270857
IMG_0036|r5|BEHHO-VC-Calibrated,IMG_0036,19021.jpg,5,BEHHO-VC-Calibrated,0.436066787826104
IMG_0036|r5|MO-BDA-EHHO-VC,IMG_0036,19021.jpg,5,MO-BDA-EHHO-VC,0.4272610014502241
IMG_0037|r1|BEHHO-VC-Calibrated,IMG_0037,196073.jpg,1,BEHHO-VC-Calibrated,0.28334150709125105
IMG_0037|r1|HHO-VC,IMG_0037,196073.jpg,1,HHO-VC,0.2865897843362298
IMG_0037|r1|EHHO-VC,IMG_0037,196073.jpg,1,EHHO-VC,0.28658503479876996
IMG_0037|r1|BDA-EHHO-VC-Calibrated,IMG_0037,196073.jpg,1,BDA-EHHO-VC-Calibrated,0.2896631245178713
IMG_0037|r1|MO-BDA-EHHO-VC,IMG_0037,196073.jpg,1,MO-BDA-EHHO-VC,0.2906029572334049
IMG_0037|r2|EHHO-VC,IMG_0037,196073.jpg,2,EHHO-VC,0.28630640373399274
IMG_0037|r2|BDA-EHHO-VC-Calibrated,IMG_0037,196073.jpg,2,BDA-EHHO-VC-Calibrated,0.28716390266735753
IMG_0037|r2|HHO-VC,IMG_0037,196073.jpg,2,HHO-VC,0.2869348411958551
IMG_0037|r2|BEHHO-VC-Calibrated,IMG_0037,196073.jpg,2,BEHHO-VC-Calibrated,0.2838121684745018
IMG_0037|r2|MO-BDA-EHHO-VC,IMG_0037,196073.jpg,2,MO-BDA-EHHO-VC,0.2895338964612106
IMG_0037|r3|BDA-EHHO-VC-Calibrated,IMG_0037,196073.jpg,3,BDA-EHHO-VC-Calibrated,0.28043129362578745
IMG_0037|r3|HHO-VC,IMG_0037,196073.jpg,3,HHO-VC,0.27950737736377335
IMG_0037|r3|BEHHO-VC-Calibrated,IMG_0037,196073.jpg,3,BEHHO-VC-Calibrated,0.27951208457023974
IMG_0037|r3|EHHO-VC,IMG_0037,196073.jpg,3,EHHO-VC,0.27950737736377335
IMG_0037|r3|MO-BDA-EHHO-VC,IMG_0037,196073.jpg,3,MO-BDA-EHHO-VC,0.2850770016249864
IMG_0037|r4|BEHHO-VC-Calibrated,IMG_0037,196073.jpg,4,BEHHO-VC-Calibrated,0.29639936555867524
IMG_0037|r4|HHO-VC,IMG_0037,196073.jpg,4,HHO-VC,0.29737350331126267
IMG_0037|r4|EHHO-VC,IMG_0037,196073.jpg,4,EHHO-VC,0.29737350331126267
IMG_0037|r4|BDA-EHHO-VC-Calibrated,IMG_0037,196073.jpg,4,BDA-EHHO-VC-Calibrated,0.2932741021805257
IMG_0037|r4|MO-BDA-EHHO-VC,IMG_0037,196073.jpg,4,MO-BDA-EHHO-VC,0.28430917666804656
IMG_0037|r5|BDA-EHHO-VC-Calibrated,IMG_0037,196073.jpg,5,BDA-EHHO-VC-Calibrated,0.2916804672718825
IMG_0037|r5|HHO-VC,IMG_0037,196073.jpg,5,HHO-VC,0.2893464124914286
IMG_0037|r5|BEHHO-VC-Calibrated,IMG_0037,196073.jpg,5,BEHHO-VC-Calibrated,0.29441907935628897
IMG_0037|r5|EHHO-VC,IMG_0037,196073.jpg,5,EHHO-VC,0.2893464124914286
IMG_0037|r5|MO-BDA-EHHO-VC,IMG_0037,196073.jpg,5,MO-BDA-EHHO-VC,0.2912158338220924
IMG_0038|r1|EHHO-VC,IMG_0038,197017.jpg,1,EHHO-VC,0.46591158533078786
IMG_0038|r1|BEHHO-VC-Calibrated,IMG_0038,197017.jpg,1,BEHHO-VC-Calibrated,0.4907567121000488
IMG_0038|r1|HHO-VC,IMG_0038,197017.jpg,1,HHO-VC,0.4661118193957828
IMG_0038|r1|BDA-EHHO-VC-Calibrated,IMG_0038,197017.jpg,1,BDA-EHHO-VC-Calibrated,0.47235906126699384
IMG_0038|r1|MO-BDA-EHHO-VC,IMG_0038,197017.jpg,1,MO-BDA-EHHO-VC,0.4718957316118006
IMG_0038|r2|BEHHO-VC-Calibrated,IMG_0038,197017.jpg,2,BEHHO-VC-Calibrated,0.5066344412268158
IMG_0038|r2|HHO-VC,IMG_0038,197017.jpg,2,HHO-VC,0.4816962794002538
IMG_0038|r2|BDA-EHHO-VC-Calibrated,IMG_0038,197017.jpg,2,BDA-EHHO-VC-Calibrated,0.5005433753226658
IMG_0038|r2|EHHO-VC,IMG_0038,197017.jpg,2,EHHO-VC,0.4814495997692971
IMG_0038|r2|MO-BDA-EHHO-VC,IMG_0038,197017.jpg,2,MO-BDA-EHHO-VC,0.47797511416177135
IMG_0038|r3|EHHO-VC,IMG_0038,197017.jpg,3,EHHO-VC,0.4831247303064397
IMG_0038|r3|HHO-VC,IMG_0038,197017.jpg,3,HHO-VC,0.5154866562362601
IMG_0038|r3|BEHHO-VC-Calibrated,IMG_0038,197017.jpg,3,BEHHO-VC-Calibrated,0.47577860971128116
IMG_0038|r3|BDA-EHHO-VC-Calibrated,IMG_0038,197017.jpg,3,BDA-EHHO-VC-Calibrated,0.48898904601132714
IMG_0038|r3|MO-BDA-EHHO-VC,IMG_0038,197017.jpg,3,MO-BDA-EHHO-VC,0.4712813565059466
IMG_0038|r4|BEHHO-VC-Calibrated,IMG_0038,197017.jpg,4,BEHHO-VC-Calibrated,0.502410637772666
IMG_0038|r4|EHHO-VC,IMG_0038,197017.jpg,4,EHHO-VC,0.49264069529244314
IMG_0038|r4|HHO-VC,IMG_0038,197017.jpg,4,HHO-VC,0.49264069529244314
IMG_0038|r4|BDA-EHHO-VC-Calibrated,IMG_0038,197017.jpg,4,BDA-EHHO-VC-Calibrated,0.4758036950579718
IMG_0038|r4|MO-BDA-EHHO-VC,IMG_0038,197017.jpg,4,MO-BDA-EHHO-VC,0.4681365192764475
IMG_0038|r5|BEHHO-VC-Calibrated,IMG_0038,197017.jpg,5,BEHHO-VC-Calibrated,0.5162886592372735
IMG_0038|r5|BDA-EHHO-VC-Calibrated,IMG_0038,197017.jpg,5,BDA-EHHO-VC-Calibrated,0.4754689754269355
IMG_0038|r5|EHHO-VC,IMG_0038,197017.jpg,5,EHHO-VC,0.5143719118559852
IMG_0038|r5|HHO-VC,IMG_0038,197017.jpg,5,HHO-VC,0.5143719118559852
IMG_0038|r5|MO-BDA-EHHO-VC,IMG_0038,197017.jpg,5,MO-BDA-EHHO-VC,0.46904909083222956
IMG_0039|r1|BDA-EHHO-VC-Calibrated,IMG_0039,208001.jpg,1,BDA-EHHO-VC-Calibrated,0.42965411626667005
IMG_0039|r1|BEHHO-VC-Calibrated,IMG_0039,208001.jpg,1,BEHHO-VC-Calibrated,0.4284952714574679
IMG_0039|r1|HHO-VC,IMG_0039,208001.jpg,1,HHO-VC,0.42731767401818815
IMG_0039|r1|EHHO-VC,IMG_0039,208001.jpg,1,EHHO-VC,0.4271024547815286
IMG_0039|r1|MO-BDA-EHHO-VC,IMG_0039,208001.jpg,1,MO-BDA-EHHO-VC,0.4240963954808019
IMG_0039|r2|HHO-VC,IMG_0039,208001.jpg,2,HHO-VC,0.43769371166195536
IMG_0039|r2|BEHHO-VC-Calibrated,IMG_0039,208001.jpg,2,BEHHO-VC-Calibrated,0.4589547409493728
IMG_0039|r2|EHHO-VC,IMG_0039,208001.jpg,2,EHHO-VC,0.4411869498995586
IMG_0039|r2|BDA-EHHO-VC-Calibrated,IMG_0039,208001.jpg,2,BDA-EHHO-VC-Calibrated,0.45045902910017
IMG_0039|r2|MO-BDA-EHHO-VC,IMG_0039,208001.jpg,2,MO-BDA-EHHO-VC,0.42957427154691324
IMG_0039|r3|EHHO-VC,IMG_0039,208001.jpg,3,EHHO-VC,0.43105648281472103
IMG_0039|r3|HHO-VC,IMG_0039,208001.jpg,3,HHO-VC,0.43877671626337666
IMG_0039|r3|BDA-EHHO-VC-Calibrated,IMG_0039,208001.jpg,3,BDA-EHHO-VC-Calibrated,0.42956879391636693
IMG_0039|r3|BEHHO-VC-Calibrated,IMG_0039,208001.jpg,3,BEHHO-VC-Calibrated,0.4336111159355993
IMG_0039|r3|MO-BDA-EHHO-VC,IMG_0039,208001.jpg,3,MO-BDA-EHHO-VC,0.42311461275080586
IMG_0039|r4|HHO-VC,IMG_0039,208001.jpg,4,HHO-VC,0.4349645901862698
IMG_0039|r4|BDA-EHHO-VC-Calibrated,IMG_0039,208001.jpg,4,BDA-EHHO-VC-Calibrated,0.4306010267243007
IMG_0039|r4|EHHO-VC,IMG_0039,208001.jpg,4,EHHO-VC,0.4349645901862698
IMG_0039|r4|BEHHO-VC-Calibrated,IMG_0039,208001.jpg,4,BEHHO-VC-Calibrated,0.427950632430146
IMG_0039|r4|MO-BDA-EHHO-VC,IMG_0039,208001.jpg,4,MO-BDA-EHHO-VC,0.42171269491128494
IMG_0039|r5|EHHO-VC,IMG_0039,208001.jpg,5,EHHO-VC,0.42092593106789655
IMG_0039|r5|HHO-VC,IMG_0039,208001.jpg,5,HHO-VC,0.42092593106789655
IMG_0039|r5|BEHHO-VC-Calibrated,IMG_0039,208001.jpg,5,BEHHO-VC-Calibrated,0.4228528802185951
IMG_0039|r5|BDA-EHHO-VC-Calibrated,IMG_0039,208001.jpg,5,BDA-EHHO-VC-Calibrated,0.41908834264427186
IMG_0039|r5|MO-BDA-EHHO-VC,IMG_0039,208001.jpg,5,MO-BDA-EHHO-VC,0.4243058153713653
IMG_0040|r1|EHHO-VC,IMG_0040,210088.jpg,1,EHHO-VC,0.3956421413615088
IMG_0040|r1|HHO-VC,IMG_0040,210088.jpg,1,HHO-VC,0.3953277829382994
IMG_0040|r1|BDA-EHHO-VC-Calibrated,IMG_0040,210088.jpg,1,BDA-EHHO-VC-Calibrated,0.39104941483365313
IMG_0040|r1|BEHHO-VC-Calibrated,IMG_0040,210088.jpg,1,BEHHO-VC-Calibrated,0.39459256131247855
IMG_0040|r1|MO-BDA-EHHO-VC,IMG_0040,210088.jpg,1,MO-BDA-EHHO-VC,0.39633652204489445
IMG_0040|r2|BEHHO-VC-Calibrated,IMG_0040,210088.jpg,2,BEHHO-VC-Calibrated,0.40550610097807976
IMG_0040|r2|EHHO-VC,IMG_0040,210088.jpg,2,EHHO-VC,0.40113120127607726
IMG_0040|r2|BDA-EHHO-VC-Calibrated,IMG_0040,210088.jpg,2,BDA-EHHO-VC-Calibrated,0.3940315825217031
IMG_0040|r2|HHO-VC,IMG_0040,210088.jpg,2,HHO-VC,0.399978536791912
IMG_0040|r2|MO-BDA-EHHO-VC,IMG_0040,210088.jpg,2,MO-BDA-EHHO-VC,0.3872811690643079
IMG_0040|r3|BDA-EHHO-VC-Calibrated,IMG_0040,210088.jpg,3,BDA-EHHO-VC-Calibrated,0.3933086199515718
IMG_0040|r3|BEHHO-VC-Calibrated,IMG_0040,210088.jpg,3,BEHHO-VC-Calibrated,0.3952222771703417
IMG_0040|r3|EHHO-VC,IMG_0040,210088.jpg,3,EHHO-VC,0.39708403659119956
IMG_0040|r3|HHO-VC,IMG_0040,210088.jpg,3,HHO-VC,0.3970496130273642
IMG_0040|r3|MO-BDA-EHHO-VC,IMG_0040,210088.jpg,3,MO-BDA-EHHO-VC,0.3938622246832964
IMG_0040|r4|BDA-EHHO-VC-Calibrated,IMG_0040,210088.jpg,4,BDA-EHHO-VC-Calibrated,0.40050372896086445
IMG_0040|r4|HHO-VC,IMG_0040,210088.jpg,4,HHO-VC,0.39377822305998744
IMG_0040|r4|EHHO-VC,IMG_0040,210088.jpg,4,EHHO-VC,0.39363746404072375
IMG_0040|r4|BEHHO-VC-Calibrated,IMG_0040,210088.jpg,4,BEHHO-VC-Calibrated,0.40620684824287323
IMG_0040|r4|MO-BDA-EHHO-VC,IMG_0040,210088.jpg,4,MO-BDA-EHHO-VC,0.3970997244573547
IMG_0040|r5|BEHHO-VC-Calibrated,IMG_0040,210088.jpg,5,BEHHO-VC-Calibrated,0.39359371919214103
IMG_0040|r5|EHHO-VC,IMG_0040,210088.jpg,5,EHHO-VC,0.39600273369571304
IMG_0040|r5|BDA-EHHO-VC-Calibrated,IMG_0040,210088.jpg,5,BDA-EHHO-VC-Calibrated,0.39309816718476936
IMG_0040|r5|HHO-VC,IMG_0040,210088.jpg,5,HHO-VC,0.40285398804559297
IMG_0040|r5|MO-BDA-EHHO-VC,IMG_0040,210088.jpg,5,MO-BDA-EHHO-VC,0.3858253977349796
IMG_0041|r1|BEHHO-VC-Calibrated,IMG_0041,21077.jpg,1,BEHHO-VC-Calibrated,0.42442135099509865
IMG_0041|r1|EHHO-VC,IMG_0041,21077.jpg,1,EHHO-VC,0.4343543185971152
IMG_0041|r1|BDA-EHHO-VC-Calibrated,IMG_0041,21077.jpg,1,BDA-EHHO-VC-Calibrated,0.42405487465281144
IMG_0041|r1|HHO-VC,IMG_0041,21077.jpg,1,HHO-VC,0.4343543185971152
IMG_0041|r1|MO-BDA-EHHO-VC,IMG_0041,21077.jpg,1,MO-BDA-EHHO-VC,0.4119138377729071
IMG_0041|r2|HHO-VC,IMG_0041,21077.jpg,2,HHO-VC,0.4449820055304646
IMG_0041|r2|BDA-EHHO-VC-Calibrated,IMG_0041,21077.jpg,2,BDA-EHHO-VC-Calibrated,0.4176436171145611
IMG_0041|r2|EHHO-VC,IMG_0041,21077.jpg,2,EHHO-VC,0.4267724736320927
IMG_0041|r2|BEHHO-VC-Calibrated,IMG_0041,21077.jpg,2,BEHHO-VC-Calibrated,0.42394091961857056
IMG_0041|r2|MO-BDA-EHHO-VC,IMG_0041,21077.jpg,2,MO-BDA-EHHO-VC,0.4113198916044694
IMG_0041|r3|EHHO-VC,IMG_0041,21077.jpg,3,EHHO-VC,0.4201552250137446
IMG_0041|r3|BEHHO-VC-Calibrated,IMG_0041,21077.jpg,3,BEHHO-VC-Calibrated,0.4186877279992437
IMG_0041|r3|BDA-EHHO-VC-Calibrated,IMG_0041,21077.jpg,3,BDA-EHHO-VC-Calibrated,0.4108400020646568
IMG_0041|r3|HHO-VC,IMG_0041,21077.jpg,3,HHO-VC,0.4201591448637337
IMG_0041|r3|MO-BDA-EHHO-VC,IMG_0041,21077.jpg,3,MO-BDA-EHHO-VC,0.4092565858578212
IMG_0041|r4|BEHHO-VC-Calibrated,IMG_0041,21077.jpg,4,BEHHO-VC-Calibrated,0.428874266717943
IMG_0041|r4|EHHO-VC,IMG_0041,21077.jpg,4,EHHO-VC,0.409732174568704
IMG_0041|r4|BDA-EHHO-VC-Calibrated,IMG_0041,21077.jpg,4,BDA-EHHO-VC-Calibrated,0.42414010387492906
IMG_0041|r4|HHO-VC,IMG_0041,21077.jpg,4,HHO-VC,0.40937994683879625
IMG_0041|r4|MO-BDA-EHHO-VC,IMG_0041,21077.jpg,4,MO-BDA-EHHO-VC,0.4225259384344855
IMG_0041|r5|EHHO-VC,IMG_0041,21077.jpg,5,EHHO-VC,0.41324585867612096
IMG_0041|r5|BDA-EHHO-VC-Calibrated,IMG_0041,21077.jpg,5,BDA-EHHO-VC-Calibrated,0.40975371257814747
IMG_0041|r5|BEHHO-VC-Calibrated,IMG_0041,21077.jpg,5,BEHHO-VC-Calibrated,0.4098281135321526
IMG_0041|r5|HHO-VC,IMG_0041,21077.jpg,5,HHO-VC,0.4129940908597572
IMG_0041|r5|MO-BDA-EHHO-VC,IMG_0041,21077.jpg,5,MO-BDA-EHHO-VC,0.4080576620640651
IMG_0042|r1|EHHO-VC,IMG_0042,216081.jpg,1,EHHO-VC,0.498495723278571
IMG_0042|r1|HHO-VC,IMG_0042,216081.jpg,1,HHO-VC,0.498495723278571
IMG_0042|r1|BEHHO-VC-Calibrated,IMG_0042,216081.jpg,1,BEHHO-VC-Calibrated,0.5010143835212555
IMG_0042|r1|BDA-EHHO-VC-Calibrated,IMG_0042,216081.jpg,1,BDA-EHHO-VC-Calibrated,0.5051807946145493
IMG_0042|r1|MO-BDA-EHHO-VC,IMG_0042,216081.jpg,1,MO-BDA-EHHO-VC,0.49701119227232476
IMG_0042|r2|EHHO-VC,IMG_0042,216081.jpg,2,EHHO-VC,0.5147615598852542
IMG_0042|r2|BEHHO-VC-Calibrated,IMG_0042,216081.jpg,2,BEHHO-VC-Calibrated,0.51418228563913
IMG_0042|r2|BDA-EHHO-VC-Calibrated,IMG_0042,216081.jpg,2,BDA-EHHO-VC-Calibrated,0.506980666123052
IMG_0042|r2|HHO-VC,IMG_0042,216081.jpg,2,HHO-VC,0.514896671949998
IMG_0042|r2|MO-BDA-EHHO-VC,IMG_0042,216081.jpg,2,MO-BDA-EHHO-VC,0.48359224196497425
IMG_0042|r3|EHHO-VC,IMG_0042,216081.jpg,3,EHHO-VC,0.49245801135850614
IMG_0042|r3|BEHHO-VC-Calibrated,IMG_0042,216081.jpg,3,BEHHO-VC-Calibrated,0.4964524570241997
IMG_0042|r3|BDA-EHHO-VC-Calibrated,IMG_0042,216081.jpg,3,BDA-EHHO-VC-Calibrated,0.4930471995232853
IMG_0042|r3|HHO-VC,IMG_0042,216081.jpg,3,HHO-VC,0.4933912743038636
IMG_0042|r3|MO-BDA-EHHO-VC,IMG_0042,216081.jpg,3,MO-BDA-EHHO-VC,0.5002686722752693
IMG_0042|r4|HHO-VC,IMG_0042,216081.jpg,4,HHO-VC,0.4950494555112477
IMG_0042|r4|EHHO-VC,IMG_0042,216081.jpg,4,EHHO-VC,0.48274558823211927
IMG_0042|r4|BDA-EHHO-VC-Calibrated,IMG_0042,216081.jpg,4,BDA-EHHO-VC-Calibrated,0.5006744063808385
IMG_0042|r4|BEHHO-VC-Calibrated,IMG_0042,216081.jpg,4,BEHHO-VC-Calibrated,0.48691423440186493
IMG_0042|r4|MO-BDA-EHHO-VC,IMG_0042,216081.jpg,4,MO-BDA-EHHO-VC,0.5053731720471688
IMG_0042|r5|BDA-EHHO-VC-Calibrated,IMG_0042,216081.jpg,5,BDA-EHHO-VC-Calibrated,0.4976216475281896
IMG_0042|r5|HHO-VC,IMG_0042,216081.jpg,5,HHO-VC,0.5273263215429241
IMG_0042|r5|EHHO-VC,IMG_0042,216081.jpg,5,EHHO-VC,0.5271489885453602
IMG_0042|r5|BEHHO-VC-Calibrated,IMG_0042,216081.jpg,5,BEHHO-VC-Calibrated,0.49327621866379423
IMG_0042|r5|MO-BDA-EHHO-VC,IMG_0042,216081.jpg,5,MO-BDA-EHHO-VC,0.49021330037272864
IMG_0043|r1|EHHO-VC,IMG_0043,219090.jpg,1,EHHO-VC,0.42668902699300787
IMG_0043|r1|BDA-EHHO-VC-Calibrated,IMG_0043,219090.jpg,1,BDA-EHHO-VC-Calibrated,0.42669579148575365
IMG_0043|r1|BEHHO-VC-Calibrated,IMG_0043,219090.jpg,1,BEHHO-VC-Calibrated,0.4455248967359694
IMG_0043|r1|HHO-VC,IMG_0043,219090.jpg,1,HHO-VC,0.4331418027695879
IMG_0043|r1|MO-BDA-EHHO-VC,IMG_0043,219090.jpg,1,MO-BDA-EHHO-VC,0.42384802470175814
IMG_0043|r2|EHHO-VC,IMG_0043,219090.jpg,2,EHHO-VC,0.410658745432215
IMG_0043|r2|BDA-EHHO-VC-Calibrated,IMG_0043,219090.jpg,2,BDA-EHHO-VC-Calibrated,0.4109222220013541
IMG_0043|r2|BEHHO-VC-Calibrated,IMG_0043,219090.jpg,2,BEHHO-VC-Calibrated,0.4119004150631095
IMG_0043|r2|HHO-VC,IMG_0043,219090.jpg,2,HHO-VC,0.410658745432215
IMG_0043|r2|MO-BDA-EHHO-VC,IMG_0043,219090.jpg,2,MO-BDA-EHHO-VC,0.4205588726495495
IMG_0043|r3|BEHHO-VC-Calibrated,IMG_0043,219090.jpg,3,BEHHO-VC-Calibrated,0.44995822167506677
IMG_0043|r3|HHO-VC,IMG_0043,219090.jpg,3,HHO-VC,0.4458678624445206
IMG_0043|r3|BDA-EHHO-VC-Calibrated,IMG_0043,219090.jpg,3,BDA-EHHO-VC-Calibrated,0.42328987362134207
IMG_0043|r3|EHHO-VC,IMG_0043,219090.jpg,3,EHHO-VC,0.4462761956730847
IMG_0043|r3|MO-BDA-EHHO-VC,IMG_0043,219090.jpg,3,MO-BDA-EHHO-VC,0.4314895902322737
IMG_0043|r4|BEHHO-VC-Calibrated,IMG_0043,219090.jpg,4,BEHHO-VC-Calibrated,0.42591363325444753
IMG_0043|r4|EHHO-VC,IMG_0043,219090.jpg,4,EHHO-VC,0.4264385460388435
IMG_0043|r4|BDA-EHHO-VC-Calibrated,IMG_0043,219090.jpg,4,BDA-EHHO-VC-Calibrated,0.4132518404936993
IMG_0043|r4|HHO-VC,IMG_0043,219090.jpg,4,HHO-VC,0.4272519953404732
IMG_0043|r4|MO-BDA-EHHO-VC,IMG_0043,219090.jpg,4,MO-BDA-EHHO-VC,0.4129674524138192
IMG_0043|r5|EHHO-VC,IMG_0043,219090.jpg,5,EHHO-VC,0.45444087915387593
IMG_0043|r5|HHO-VC,IMG_0043,219090.jpg,5,HHO-VC,0.4099856911033058
IMG_0043|r5|BEHHO-VC-Calibrated,IMG_0043,219090.jpg,5,BEHHO-VC-Calibrated,0.43061682674268775
IMG_0043|r5|BDA-EHHO-VC-Calibrated,IMG_0043,219090.jpg,5,BDA-EHHO-VC-Calibrated,0.40908402401142435
IMG_0043|r5|MO-BDA-EHHO-VC,IMG_0043,219090.jpg,5,MO-BDA-EHHO-VC,0.4130480675576559
IMG_0044|r1|BDA-EHHO-VC-Calibrated,IMG_0044,220075.jpg,1,BDA-EHHO-VC-Calibrated,0.47204130972415637
IMG_0044|r1|HHO-VC,IMG_0044,220075.jpg,1,HHO-VC,0.47397832518508604
IMG_0044|r1|BEHHO-VC-Calibrated,IMG_0044,220075.jpg,1,BEHHO-VC-Calibrated,0.4850706709668216
IMG_0044|r1|EHHO-VC,IMG_0044,220075.jpg,1,EHHO-VC,0.47397832518508604
IMG_0044|r1|MO-BDA-EHHO-VC,IMG_0044,220075.jpg,1,MO-BDA-EHHO-VC,0.4481754004266913
IMG_0044|r2|BEHHO-VC-Calibrated,IMG_0044,220075.jpg,2,BEHHO-VC-Calibrated,0.4573046294569648
IMG_0044|r2|EHHO-VC,IMG_0044,220075.jpg,2,EHHO-VC,0.4562815316774075
IMG_0044|r2|HHO-VC,IMG_0044,220075.jpg,2,HHO-VC,0.4553484126574275
IMG_0044|r2|BDA-EHHO-VC-Calibrated,IMG_0044,220075.jpg,2,BDA-EHHO-VC-Calibrated,0.4552850262279059
IMG_0044|r2|MO-BDA-EHHO-VC,IMG_0044,220075.jpg,2,MO-BDA-EHHO-VC,0.45435100979086573
IMG_0044|r3|BDA-EHHO-VC-Calibrated,IMG_0044,220075.jpg,3,BDA-EHHO-VC-Calibrated,0.46520029100848126
IMG_0044|r3|EHHO-VC,IMG_0044,220075.jpg,3,EHHO-VC,0.48709252620472965
IMG_0044|r3|HHO-VC,IMG_0044,220075.jpg,3,HHO-VC,0.48709252620472965
IMG_0044|r3|BEHHO-VC-Calibrated,IMG_0044,220075.jpg,3,BEHHO-VC-Calibrated,0.4691575785281657
IMG_0044|r3|MO-BDA-EHHO-VC,IMG_0044,220075.jpg,3,MO-BDA-EHHO-VC,0.45308006404493373
IMG_0044|r4|BEHHO-VC-Calibrated,IMG_0044,220075.jpg,4,BEHHO-VC-Calibrated,0.4502475618171594
IMG_0044|r4|EHHO-VC,IMG_0044,220075.jpg,4,EHHO-VC,0.4602361100135141
IMG_0044|r4|HHO-VC,IMG_0044,220075.jpg,4,HHO-VC,0.45974980309510166
IMG_0044|r4|BDA-EHHO-VC-Calibrated,IMG_0044,220075.jpg,4,BDA-EHHO-VC-Calibrated,0.4582084469633112
IMG_0044|r4|MO-BDA-EHHO-VC,IMG_0044,220075.jpg,4,MO-BDA-EHHO-VC,0.45798560814783906
IMG_0044|r5|BDA-EHHO-VC-Calibrated,IMG_0044,220075.jpg,5,BDA-EHHO-VC-Calibrated,0.4526225676006314
IMG_0044|r5|BEHHO-VC-Calibrated,IMG_0044,220075.jpg,5,BEHHO-VC-Calibrated,0.4586236801438
IMG_0044|r5|EHHO-VC,IMG_0044,220075.jpg,5,EHHO-VC,0.4594621555287295
IMG_0044|r5|HHO-VC,IMG_0044,220075.jpg,5,HHO-VC,0.46033359829132126
IMG_0044|r5|MO-BDA-EHHO-VC,IMG_0044,220075.jpg,5,MO-BDA-EHHO-VC,0.45896360648702483
IMG_0045|r1|BEHHO-VC-Calibrated,IMG_0045,223061.jpg,1,BEHHO-VC-Calibrated,0.4568604118302832
IMG_0045|r1|BDA-EHHO-VC-Calibrated,IMG_0045,223061.jpg,1,BDA-EHHO-VC-Calibrated,0.4619200830801689
IMG_0045|r1|HHO-VC,IMG_0045,223061.jpg,1,HHO-VC,0.4570829289302055
IMG_0045|r1|EHHO-VC,IMG_0045,223061.jpg,1,EHHO-VC,0.4570829289302055
IMG_0045|r1|MO-BDA-EHHO-VC,IMG_0045,223061.jpg,1,MO-BDA-EHHO-VC,0.46682852262302293
IMG_0045|r2|EHHO-VC,IMG_0045,223061.jpg,2,EHHO-VC,0.4591447784906807
IMG_0045|r2|HHO-VC,IMG_0045,223061.jpg,2,HHO-VC,0.4589689186116872
IMG_0045|r2|BDA-EHHO-VC-Calibrated,IMG_0045,223061.jpg,2,BDA-EHHO-VC-Calibrated,0.4666688924469002
IMG_0045|r2|BEHHO-VC-Calibrated,IMG_0045,223061.jpg,2,BEHHO-VC-Calibrated,0.4590740603331016
IMG_0045|r2|MO-BDA-EHHO-VC,IMG_0045,223061.jpg,2,MO-BDA-EHHO-VC,0.4542738442079817
IMG_0045|r3|BDA-EHHO-VC-Calibrated,IMG_0045,223061.jpg,3,BDA-EHHO-VC-Calibrated,0.4534529785163079
IMG_0045|r3|HHO-VC,IMG_0045,223061.jpg,3,HHO-VC,0.45447699064532276
IMG_0045|r3|BEHHO-VC-Calibrated,IMG_0045,223061.jpg,3,BEHHO-VC-Calibrated,0.4712034985208136
IMG_0045|r3|EHHO-VC,IMG_0045,223061.jpg,3,EHHO-VC,0.4689416688813039
IMG_0045|r3|MO-BDA-EHHO-VC,IMG_0045,223061.jpg,3,MO-BDA-EHHO-VC,0.4693496973267155
IMG_0045|r4|HHO-VC,IMG_0045,223061.jpg,4,HHO-VC,0.4603148156145386
IMG_0045|r4|BDA-EHHO-VC-Calibrated,IMG_0045,223061.jpg,4,BDA-EHHO-VC-Calibrated,0.45682061223028575
IMG_0045|r4|BEHHO-VC-Calibrated,IMG_0045,223061.jpg,4,BEHHO-VC-Calibrated,0.4539697044865797
IMG_0045|r4|EHHO-VC,IMG_0045,223061.jpg,4,EHHO-VC,0.46013194572303756
IMG_0045|r4|MO-BDA-EHHO-VC,IMG_0045,223061.jpg,4,MO-BDA-EHHO-VC,0.45393496767339325
IMG_0045|r5|HHO-VC,IMG_0045,223061.jpg,5,HHO-VC,0.4911092502572415
IMG_0045|r5|BEHHO-VC-Calibrated,IMG_0045,223061.jpg,5,BEHHO-VC-Calibrated,0.47245127228095674
IMG_0045|r5|EHHO-VC,IMG_0045,223061.jpg,5,EHHO-VC,0.48414092531200614
IMG_0045|r5|BDA-EHHO-VC-Calibrated,IMG_0045,223061.jpg,5,BDA-EHHO-VC-Calibrated,0.47393424550664576
IMG_0045|r5|MO-BDA-EHHO-VC,IMG_0045,223061.jpg,5,MO-BDA-EHHO-VC,0.45437673392054706
IMG_0046|r1|HHO-VC,IMG_0046,227092.jpg,1,HHO-VC,0.35152926735459694
IMG_0046|r1|BDA-EHHO-VC-Calibrated,IMG_0046,227092.jpg,1,BDA-EHHO-VC-Calibrated,0.34120389990993316
IMG_0046|r1|EHHO-VC,IMG_0046,227092.jpg,1,EHHO-VC,0.35152926735459694
IMG_0046|r1|BEHHO-VC-Calibrated,IMG_0046,227092.jpg,1,BEHHO-VC-Calibrated,0.34135802705691354
IMG_0046|r1|MO-BDA-EHHO-VC,IMG_0046,227092.jpg,1,MO-BDA-EHHO-VC,0.33912078325837236
IMG_0046|r2|BDA-EHHO-VC-Calibrated,IMG_0046,227092.jpg,2,BDA-EHHO-VC-Calibrated,0.35849799021117024
IMG_0046|r2|BEHHO-VC-Calibrated,IMG_0046,227092.jpg,2,BEHHO-VC-Calibrated,0.35847725649060147
IMG_0046|r2|EHHO-VC,IMG_0046,227092.jpg,2,EHHO-VC,0.3480580581659606
IMG_0046|r2|HHO-VC,IMG_0046,227092.jpg,2,HHO-VC,0.34658121446811635
IMG_0046|r2|MO-BDA-EHHO-VC,IMG_0046,227092.jpg,2,MO-BDA-EHHO-VC,0.34132698150635177
IMG_0046|r3|EHHO-VC,IMG_0046,227092.jpg,3,EHHO-VC,0.34031441567795306
IMG_0046|r3|HHO-VC,IMG_0046,227092.jpg,3,HHO-VC,0.34031441567795306
IMG_0046|r3|BEHHO-VC-Calibrated,IMG_0046,227092.jpg,3,BEHHO-VC-Calibrated,0.3387484906375915
IMG_0046|r3|BDA-EHHO-VC-Calibrated,IMG_0046,227092.jpg,3,BDA-EHHO-VC-Calibrated,0.3413760346615072
IMG_0046|r3|MO-BDA-EHHO-VC,IMG_0046,227092.jpg,3,MO-BDA-EHHO-VC,0.34138820905520983
IMG_0046|r4|BEHHO-VC-Calibrated,IMG_0046,227092.jpg,4,BEHHO-VC-Calibrated,0.33087525604638
IMG_0046|r4|EHHO-VC,IMG_0046,227092.jpg,4,EHHO-VC,0.3338646961990967
IMG_0046|r4|BDA-EHHO-VC-Calibrated,IMG_0046,227092.jpg,4,BDA-EHHO-VC-Calibrated,0.3313636202510719
IMG_0046|r4|HHO-VC,IMG_0046,227092.jpg,4,HHO-VC,0.3338640104370036
IMG_0046|r4|MO-BDA-EHHO-VC,IMG_0046,227092.jpg,4,MO-BDA-EHHO-VC,0.34089800768540435
IMG_0046|r5|EHHO-VC,IMG_0046,227092.jpg,5,EHHO-VC,0.3351848982889524
IMG_0046|r5|HHO-VC,IMG_0046,227092.jpg,5,HHO-VC,0.3351558422950806
IMG_0046|r5|BEHHO-VC-Calibrated,IMG_0046,227092.jpg,5,BEHHO-VC-Calibrated,0.36129826162056755
IMG_0046|r5|BDA-EHHO-VC-Calibrated,IMG_0046,227092.jpg,5,BDA-EHHO-VC-Calibrated,0.3573236353259852
IMG_0046|r5|MO-BDA-EHHO-VC,IMG_0046,227092.jpg,5,MO-BDA-EHHO-VC,0.3424430381474221
IMG_0047|r1|HHO-VC,IMG_0047,229036.jpg,1,HHO-VC,0.4642264705225393
IMG_0047|r1|EHHO-VC,IMG_0047,229036.jpg,1,EHHO-VC,0.4642346488704647
IMG_0047|r1|BEHHO-VC-Calibrated,IMG_0047,229036.jpg,1,BEHHO-VC-Calibrated,0.4566044788433733
IMG_0047|r1|BDA-EHHO-VC-Calibrated,IMG_0047,229036.jpg,1,BDA-EHHO-VC-Calibrated,0.4642158793079898
IMG_0047|r1|MO-BDA-EHHO-VC,IMG_0047,229036.jpg,1,MO-BDA-EHHO-VC,0.4435186141907137
IMG_0047|r2|BEHHO-VC-Calibrated,IMG_0047,229036.jpg,2,BEHHO-VC-Calibrated,0.4850985372439737
IMG_0047|r2|BDA-EHHO-VC-Calibrated,IMG_0047,229036.jpg,2,BDA-EHHO-VC-Calibrated,0.469421507823129
IMG_0047|r2|HHO-VC,IMG_0047,229036.jpg,2,HHO-VC,0.4850985372439737
IMG_0047|r2|EHHO-VC,IMG_0047,229036.jpg,2,EHHO-VC,0.4850985372439737
IMG_0047|r2|MO-BDA-EHHO-VC,IMG_0047,229036.jpg,2,MO-BDA-EHHO-VC,0.44455855123944676
IMG_0047|r3|BDA-EHHO-VC-Calibrated,IMG_0047,229036.jpg,3,BDA-EHHO-VC-Calibrated,0.45307297338773367
IMG_0047|r3|HHO-VC,IMG_0047,229036.jpg,3,HHO-VC,0.447349442100706
IMG_0047|r3|BEHHO-VC-Calibrated,IMG_0047,229036.jpg,3,BEHHO-VC-Calibrated,0.4649459026878208
IMG_0047|r3|EHHO-VC,IMG_0047,229036.jpg,3,EHHO-VC,0.4473188029276809
IMG_0047|r3|MO-BDA-EHHO-VC,IMG_0047,229036.jpg,3,MO-BDA-EHHO-VC,0.44773340114326865
IMG_0047|r4|BDA-EHHO-VC-Calibrated,IMG_0047,229036.jpg,4,BDA-EHHO-VC-Calibrated,0.46038677850252835
IMG_0047|r4|BEHHO-VC-Calibrated,IMG_0047,229036.jpg,4,BEHHO-VC-Calibrated,0.46299783037141423
IMG_0047|r4|EHHO-VC,IMG_0047,229036.jpg,4,EHHO-VC,0.4623227780196164
IMG_0047|r4|HHO-VC,IMG_0047,229036.jpg,4,HHO-VC,0.4623227780196164
IMG_0047|r4|MO-BDA-EHHO-VC,IMG_0047,229036.jpg,4,MO-BDA-EHHO-VC,0.44978536218368487
IMG_0047|r5|HHO-VC,IMG_0047,229036.jpg,5,HHO-VC,0.46086718448046043
IMG_0047|r5|BEHHO-VC-Calibrated,IMG_0047,229036.jpg,5,BEHHO-VC-Calibrated,0.4609312058748832
IMG_0047|r5|EHHO-VC,IMG_0047,229036.jpg,5,EHHO-VC,0.46162258105773724
IMG_0047|r5|BDA-EHHO-VC-Calibrated,IMG_0047,229036.jpg,5,BDA-EHHO-VC-Calibrated,0.46055706762279003
IMG_0047|r5|MO-BDA-EHHO-VC,IMG_0047,229036.jpg,5,MO-BDA-EHHO-VC,0.44513316061009794
IMG_0048|r1|BDA-EHHO-VC-Calibrated,IMG_0048,236037.jpg,1,BDA-EHHO-VC-Calibrated,0.3700044154463195
IMG_0048|r1|HHO-VC,IMG_0048,236037.jpg,1,HHO-VC,0.3779440927647764
IMG_0048|r1|BEHHO-VC-Calibrated,IMG_0048,236037.jpg,1,BEHHO-VC-Calibrated,0.37420145724643994
IMG_0048|r1|EHHO-VC,IMG_0048,236037.jpg,1,EHHO-VC,0.3803009893492706
IMG_0048|r1|MO-BDA-EHHO-VC,IMG_0048,236037.jpg,1,MO-BDA-EHHO-VC,0.37378115281294144
IMG_0048|r2|EHHO-VC,IMG_0048,236037.jpg,2,EHHO-VC,0.37553675456854324
IMG_0048|r2|BDA-EHHO-VC-Calibrated,IMG_0048,236037.jpg,2,BDA-EHHO-VC-Calibrated,0.3737036362978219
IMG_0048|r2|BEHHO-VC-Calibrated,IMG_0048,236037.jpg,2,BEHHO-VC-Calibrated,0.37555883441470217
IMG_0048|r2|HHO-VC,IMG_0048,236037.jpg,2,HHO-VC,0.3778806386056653
IMG_0048|r2|MO-BDA-EHHO-VC,IMG_0048,236037.jpg,2,MO-BDA-EHHO-VC,0.37033460566106174
IMG_0048|r3|EHHO-VC,IMG_0048,236037.jpg,3,EHHO-VC,0.367438124369858
IMG_0048|r3|BEHHO-VC-Calibrated,IMG_0048,236037.jpg,3,BEHHO-VC-Calibrated,0.3673804272258497
IMG_0048|r3|BDA-EHHO-VC-Calibrated,IMG_0048,236037.jpg,3,BDA-EHHO-VC-Calibrated,0.37026246518210426
IMG_0048|r3|HHO-VC,IMG_0048,236037.jpg,3,HHO-VC,0.36691193318946125
IMG_0048|r3|MO-BDA-EHHO-VC,IMG_0048,236037.jpg,3,MO-BDA-EHHO-VC,0.3630072207635834
IMG_0048|r4|HHO-VC,IMG_0048,236037.jpg,4,HHO-VC,0.373351544027093
IMG_0048|r4|BDA-EHHO-VC-Calibrated,IMG_0048,236037.jpg,4,BDA-EHHO-VC-Calibrated,0.37070080261879246
IMG_0048|r4|EHHO-VC,IMG_0048,236037.jpg,4,EHHO-VC,0.3591371350903091
IMG_0048|r4|BEHHO-VC-Calibrated,IMG_0048,236037.jpg,4,BEHHO-VC-Calibrated,0.3784368339941861
IMG_0048|r4|MO-BDA-EHHO-VC,IMG_0048,236037.jpg,4,MO-BDA-EHHO-VC,0.3630695912492633
IMG_0048|r5|BEHHO-VC-Calibrated,IMG_0048,236037.jpg,5,BEHHO-VC-Calibrated,0.36763172093508734
IMG_0048|r5|BDA-EHHO-VC-Calibrated,IMG_0048,236037.jpg,5,BDA-EHHO-VC-Calibrated,0.3683372431359367
IMG_0048|r5|HHO-VC,IMG_0048,236037.jpg,5,HHO-VC,0.3711377092679036
IMG_0048|r5|EHHO-VC,IMG_0048,236037.jpg,5,EHHO-VC,0.3710121216766756
IMG_0048|r5|MO-BDA-EHHO-VC,IMG_0048,236037.jpg,5,MO-BDA-EHHO-VC,0.36131644469127894
IMG_0049|r1|HHO-VC,IMG_0049,24077.jpg,1,HHO-VC,0.5365410826860234
IMG_0049|r1|BEHHO-VC-Calibrated,IMG_0049,24077.jpg,1,BEHHO-VC-Calibrated,0.5693796471353629
IMG_0049|r1|BDA-EHHO-VC-Calibrated,IMG_0049,24077.jpg,1,BDA-EHHO-VC-Calibrated,0.5406331266901069
IMG_0049|r1|EHHO-VC,IMG_0049,24077.jpg,1,EHHO-VC,0.565197675168894
IMG_0049|r1|MO-BDA-EHHO-VC,IMG_0049,24077.jpg,1,MO-BDA-EHHO-VC,0.5359663801871868
IMG_0049|r2|EHHO-VC,IMG_0049,24077.jpg,2,EHHO-VC,0.5381657631452283
IMG_0049|r2|HHO-VC,IMG_0049,24077.jpg,2,HHO-VC,0.5374877984210843
IMG_0049|r2|BDA-EHHO-VC-Calibrated,IMG_0049,24077.jpg,2,BDA-EHHO-VC-Calibrated,0.5354957103377372
IMG_0049|r2|BEHHO-VC-Calibrated,IMG_0049,24077.jpg,2,BEHHO-VC-Calibrated,0.5367538551912642
IMG_0049|r2|MO-BDA-EHHO-VC,IMG_0049,24077.jpg,2,MO-BDA-EHHO-VC,0.53708132775623
IMG_0049|r3|BEHHO-VC-Calibrated,IMG_0049,24077.jpg,3,BEHHO-VC-Calibrated,0.5677706206775185
IMG_0049|r3|BDA-EHHO-VC-Calibrated,IMG_0049,24077.jpg,3,BDA-EHHO-VC-Calibrated,0.5614194223527083
IMG_0049|r3|HHO-VC,IMG_0049,24077.jpg,3,HHO-VC,0.5613822472743017
IMG_0049|r3|EHHO-VC,IMG_0049,24077.jpg,3,EHHO-VC,0.5591186397330691
IMG_0049|r3|MO-BDA-EHHO-VC,IMG_0049,24077.jpg,3,MO-BDA-EHHO-VC,0.5308903776400462
IMG_0049|r4|BEHHO-VC-Calibrated,IMG_0049,24077.jpg,4,BEHHO-VC-Calibrated,0.5389329616034658
IMG_0049|r4|BDA-EHHO-VC-Calibrated,IMG_0049,24077.jpg,4,BDA-EHHO-VC-Calibrated,0.5365479149083586
IMG_0049|r4|HHO-VC,IMG_0049,24077.jpg,4,HHO-VC,0.5996958516131947
IMG_0049|r4|EHHO-VC,IMG_0049,24077.jpg,4,EHHO-VC,0.5451686132486832
IMG_0049|r4|MO-BDA-EHHO-VC,IMG_0049,24077.jpg,4,MO-BDA-EHHO-VC,0.5307330333375672
IMG_0049|r5|EHHO-VC,IMG_0049,24077.jpg,5,EHHO-VC,0.5425747731617149
IMG_0049|r5|BEHHO-VC-Calibrated,IMG_0049,24077.jpg,5,BEHHO-VC-Calibrated,0.5571364825007745
IMG_0049|r5|BDA-EHHO-VC-Calibrated,IMG_0049,24077.jpg,5,BDA-EHHO-VC-Calibrated,0.559479003479909
IMG_0049|r5|HHO-VC,IMG_0049,24077.jpg,5,HHO-VC,0.582888203689549
IMG_0049|r5|MO-BDA-EHHO-VC,IMG_0049,24077.jpg,5,MO-BDA-EHHO-VC,0.5818969726818254
IMG_0050|r1|HHO-VC,IMG_0050,241004.jpg,1,HHO-VC,0.533806812400308
IMG_0050|r1|BEHHO-VC-Calibrated,IMG_0050,241004.jpg,1,BEHHO-VC-Calibrated,0.5470231835056292
IMG_0050|r1|BDA-EHHO-VC-Calibrated,IMG_0050,241004.jpg,1,BDA-EHHO-VC-Calibrated,0.530311474545432
IMG_0050|r1|EHHO-VC,IMG_0050,241004.jpg,1,EHHO-VC,0.533806812400308
IMG_0050|r1|MO-BDA-EHHO-VC,IMG_0050,241004.jpg,1,MO-BDA-EHHO-VC,0.5566772237259147
IMG_0050|r2|BEHHO-VC-Calibrated,IMG_0050,241004.jpg,2,BEHHO-VC-Calibrated,0.5412993559016476
IMG_0050|r2|BDA-EHHO-VC-Calibrated,IMG_0050,241004.jpg,2,BDA-EHHO-VC-Calibrated,0.5506704218972326
IMG_0050|r2|EHHO-VC,IMG_0050,241004.jpg,2,EHHO-VC,0.5506163144214649
IMG_0050|r2|HHO-VC,IMG_0050,241004.jpg,2,HHO-VC,0.5506004995623295
IMG_0050|r2|MO-BDA-EHHO-VC,IMG_0050,241004.jpg,2,MO-BDA-EHHO-VC,0.5479232928169534
IMG_0050|r3|BEHHO-VC-Calibrated,IMG_0050,241004.jpg,3,BEHHO-VC-Calibrated,0.5503400284937221
IMG_0050|r3|EHHO-VC,IMG_0050,241004.jpg,3,EHHO-VC,0.5505545281034938
IMG_0050|r3|BDA-EHHO-VC-Calibrated,IMG_0050,241004.jpg,3,BDA-EHHO-VC-Calibrated,0.5510245714542408
IMG_0050|r3|HHO-VC,IMG_0050,241004.jpg,3,HHO-VC,0.5542747789925188
IMG_0050|r3|MO-BDA-EHHO-VC,IMG_0050,241004.jpg,3,MO-BDA-EHHO-VC,0.5309295409139106
IMG_0050|r4|HHO-VC,IMG_0050,241004.jpg,4,HHO-VC,0.5951208096131507
IMG_0050|r4|BEHHO-VC-Calibrated,IMG_0050,241004.jpg,4,BEHHO-VC-Calibrated,0.5819109066836218
IMG_0050|r4|BDA-EHHO-VC-Calibrated,IMG_0050,241004.jpg,4,BDA-EHHO-VC-Calibrated,0.5534433644172888
IMG_0050|r4|EHHO-VC,IMG_0050,241004.jpg,4,EHHO-VC,0.587612950758398
IMG_0050|r4|MO-BDA-EHHO-VC,IMG_0050,241004.jpg,4,MO-BDA-EHHO-VC,0.5311471645509955
IMG_0050|r5|HHO-VC,IMG_0050,241004.jpg,5,HHO-VC,0.5487120292846344
IMG_0050|r5|EHHO-VC,IMG_0050,241004.jpg,5,EHHO-VC,0.5579304920490015
IMG_0050|r5|BDA-EHHO-VC-Calibrated,IMG_0050,241004.jpg,5,BDA-EHHO-VC-Calibrated,0.5411378546956164
IMG_0050|r5|BEHHO-VC-Calibrated,IMG_0050,241004.jpg,5,BEHHO-VC-Calibrated,0.5582489904433657
IMG_0050|r5|MO-BDA-EHHO-VC,IMG_0050,241004.jpg,5,MO-BDA-EHHO-VC,0.5302496712950636
IMG_0051|r1|BDA-EHHO-VC-Calibrated,IMG_0051,241048.jpg,1,BDA-EHHO-VC-Calibrated,0.47748430395607794
IMG_0051|r1|HHO-VC,IMG_0051,241048.jpg,1,HHO-VC,0.48189446537558517
IMG_0051|r1|BEHHO-VC-Calibrated,IMG_0051,241048.jpg,1,BEHHO-VC-Calibrated,0.478613754123461
IMG_0051|r1|EHHO-VC,IMG_0051,241048.jpg,1,EHHO-VC,0.4820358000963591
IMG_0051|r1|MO-BDA-EHHO-VC,IMG_0051,241048.jpg,1,MO-BDA-EHHO-VC,0.4787782608300238
IMG_0051|r2|EHHO-VC,IMG_0051,241048.jpg,2,EHHO-VC,0.5056940928035798
IMG_0051|r2|BEHHO-VC-Calibrated,IMG_0051,241048.jpg,2,BEHHO-VC-Calibrated,0.5176282327201276
IMG_0051|r2|BDA-EHHO-VC-Calibrated,IMG_0051,241048.jpg,2,BDA-EHHO-VC-Calibrated,0.5111726376993869
IMG_0051|r2|HHO-VC,IMG_0051,241048.jpg,2,HHO-VC,0.5056940928035798
IMG_0051|r2|MO-BDA-EHHO-VC,IMG_0051,241048.jpg,2,MO-BDA-EHHO-VC,0.4787467157737399
IMG_0051|r3|HHO-VC,IMG_0051,241048.jpg,3,HHO-VC,0.4776174687951251
IMG_0051|r3|BDA-EHHO-VC-Calibrated,IMG_0051,241048.jpg,3,BDA-EHHO-VC-Calibrated,0.48041615702536916
IMG_0051|r3|EHHO-VC,IMG_0051,241048.jpg,3,EHHO-VC,0.47963469302235484
IMG_0051|r3|BEHHO-VC-Calibrated,IMG_0051,241048.jpg,3,BEHHO-VC-Calibrated,0.491339568278632
IMG_0051|r3|MO-BDA-EHHO-VC,IMG_0051,241048.jpg,3,MO-BDA-EHHO-VC,0.4756203179249671
IMG_0051|r4|HHO-VC,IMG_0051,241048.jpg,4,HHO-VC,0.5059375468128392
IMG_0051|r4|BDA-EHHO-VC-Calibrated,IMG_0051,241048.jpg,4,BDA-EHHO-VC-Calibrated,0.5008032798863787
IMG_0051|r4|BEHHO-VC-Calibrated,IMG_0051,241048.jpg,4,BEHHO-VC-Calibrated,0.5076505551228788
IMG_0051|r4|EHHO-VC,IMG_0051,241048.jpg,4,EHHO-VC,0.4979661297155288
IMG_0051|r4|MO-BDA-EHHO-VC,IMG_0051,241048.jpg,4,MO-BDA-EHHO-VC,0.48102007637585253
IMG_0051|r5|EHHO-VC,IMG_0051,241048.jpg,5,EHHO-VC,0.5120662703687205
IMG_0051|r5|BEHHO-VC-Calibrated,IMG_0051,241048.jpg,5,BEHHO-VC-Calibrated,0.49559502684964857
IMG_0051|r5|HHO-VC,IMG_0051,241048.jpg,5,HHO-VC,0.5120662703687205
IMG_0051|r5|BDA-EHHO-VC-Calibrated,IMG_0051,241048.jpg,5,BDA-EHHO-VC-Calibrated,0.4959522750353739
IMG_0051|r5|MO-BDA-EHHO-VC,IMG_0051,241048.jpg,5,MO-BDA-EHHO-VC,0.48276484139714315
IMG_0052|r1|HHO-VC,IMG_0052,253027.jpg,1,HHO-VC,0.3775083763303966
IMG_0052|r1|BDA-EHHO-VC-Calibrated,IMG_0052,253027.jpg,1,BDA-EHHO-VC-Calibrated,0.3761512531480947
IMG_0052|r1|BEHHO-VC-Calibrated,IMG_0052,253027.jpg,1,BEHHO-VC-Calibrated,0.37638861149430414
IMG_0052|r1|EHHO-VC,IMG_0052,253027.jpg,1,EHHO-VC,0.3803871209353644
IMG_0052|r1|MO-BDA-EHHO-VC,IMG_0052,253027.jpg,1,MO-BDA-EHHO-VC,0.37930144101516006
IMG_0052|r2|EHHO-VC,IMG_0052,253027.jpg,2,EHHO-VC,0.39014940150578137
IMG_0052|r2|BDA-EHHO-VC-Calibrated,IMG_0052,253027.jpg,2,BDA-EHHO-VC-Calibrated,0.3764813163698567
IMG_0052|r2|BEHHO-VC-Calibrated,IMG_0052,253027.jpg,2,BEHHO-VC-Calibrated,0.38104290421896514
IMG_0052|r2|HHO-VC,IMG_0052,253027.jpg,2,HHO-VC,0.38967309316801063
IMG_0052|r2|MO-BDA-EHHO-VC,IMG_0052,253027.jpg,2,MO-BDA-EHHO-VC,0.3741956543810611
IMG_0052|r3|EHHO-VC,IMG_0052,253027.jpg,3,EHHO-VC,0.3780583575290859
IMG_0052|r3|BEHHO-VC-Calibrated,IMG_0052,253027.jpg,3,BEHHO-VC-Calibrated,0.3885334327650187
IMG_0052|r3|BDA-EHHO-VC-Calibrated,IMG_0052,253027.jpg,3,BDA-EHHO-VC-Calibrated,0.389934732572036
IMG_0052|r3|HHO-VC,IMG_0052,253027.jpg,3,HHO-VC,0.3855613737181933
IMG_0052|r3|MO-BDA-EHHO-VC,IMG_0052,253027.jpg,3,MO-BDA-EHHO-VC,0.38049854457619986
IMG_0052|r4|BDA-EHHO-VC-Calibrated,IMG_0052,253027.jpg,4,BDA-EHHO-VC-Calibrated,0.3823907061165197
IMG_0052|r4|BEHHO-VC-Calibrated,IMG_0052,253027.jpg,4,BEHHO-VC-Calibrated,0.3742425571217517
IMG_0052|r4|EHHO-VC,IMG_0052,253027.jpg,4,EHHO-VC,0.3722304549447237
IMG_0052|r4|HHO-VC,IMG_0052,253027.jpg,4,HHO-VC,0.3722660383777783
IMG_0052|r4|MO-BDA-EHHO-VC,IMG_0052,253027.jpg,4,MO-BDA-EHHO-VC,0.3736853288569918
IMG_0052|r5|BEHHO-VC-Calibrated,IMG_0052,253027.jpg,5,BEHHO-VC-Calibrated,0.3755330259218411
IMG_0052|r5|HHO-VC,IMG_0052,253027.jpg,5,HHO-VC,0.37286849307589
IMG_0052|r5|BDA-EHHO-VC-Calibrated,IMG_0052,253027.jpg,5,BDA-EHHO-VC-Calibrated,0.3794113068754382
IMG_0052|r5|EHHO-VC,IMG_0052,253027.jpg,5,EHHO-VC,0.3728506293966739
IMG_0052|r5|MO-BDA-EHHO-VC,IMG_0052,253027.jpg,5,MO-BDA-EHHO-VC,0.38092617227155706
IMG_0053|r1|EHHO-VC,IMG_0053,253055.jpg,1,EHHO-VC,0.5411022129619938
IMG_0053|r1|BDA-EHHO-VC-Calibrated,IMG_0053,253055.jpg,1,BDA-EHHO-VC-Calibrated,0.5236762870149023
IMG_0053|r1|BEHHO-VC-Calibrated,IMG_0053,253055.jpg,1,BEHHO-VC-Calibrated,0.552144811360282
IMG_0053|r1|HHO-VC,IMG_0053,253055.jpg,1,HHO-VC,0.5496299270422091
IMG_0053|r1|MO-BDA-EHHO-VC,IMG_0053,253055.jpg,1,MO-BDA-EHHO-VC,0.552144811360282
IMG_0053|r2|HHO-VC,IMG_0053,253055.jpg,2,HHO-VC,0.5778755956397195
IMG_0053|r2|BEHHO-VC-Calibrated,IMG_0053,253055.jpg,2,BEHHO-VC-Calibrated,0.5560892810551641
IMG_0053|r2|EHHO-VC,IMG_0053,253055.jpg,2,EHHO-VC,0.5778755956397195
IMG_0053|r2|BDA-EHHO-VC-Calibrated,IMG_0053,253055.jpg,2,BDA-EHHO-VC-Calibrated,0.5560869528505269
IMG_0053|r2|MO-BDA-EHHO-VC,IMG_0053,253055.jpg,2,MO-BDA-EHHO-VC,0.5183865214172753
IMG_0053|r3|HHO-VC,IMG_0053,253055.jpg,3,HHO-VC,0.5262851207397338
IMG_0053|r3|BEHHO-VC-Calibrated,IMG_0053,253055.jpg,3,BEHHO-VC-Calibrated,0.5248467728472902
IMG_0053|r3|EHHO-VC,IMG_0053,253055.jpg,3,EHHO-VC,0.5263654988300074
IMG_0053|r3|BDA-EHHO-VC-Calibrated,IMG_0053,253055.jpg,3,BDA-EHHO-VC-Calibrated,0.5231187962979833
IMG_0053|r3|MO-BDA-EHHO-VC,IMG_0053,253055.jpg,3,MO-BDA-EHHO-VC,0.5227523707528882
IMG_0053|r4|BDA-EHHO-VC-Calibrated,IMG_0053,253055.jpg,4,BDA-EHHO-VC-Calibrated,0.5201461192186542
IMG_0053|r4|HHO-VC,IMG_0053,253055.jpg,4,HHO-VC,0.5292443026983661
IMG_0053|r4|BEHHO-VC-Calibrated,IMG_0053,253055.jpg,4,BEHHO-VC-Calibrated,0.5329437775358288
IMG_0053|r4|EHHO-VC,IMG_0053,253055.jpg,4,EHHO-VC,0.5312880769246582
IMG_0053|r4|MO-BDA-EHHO-VC,IMG_0053,253055.jpg,4,MO-BDA-EHHO-VC,0.5386857651359801
IMG_0053|r5|EHHO-VC,IMG_0053,253055.jpg,5,EHHO-VC,0.5475896324235747
IMG_0053|r5|BDA-EHHO-VC-Calibrated,IMG_0053,253055.jpg,5,BDA-EHHO-VC-Calibrated,0.5170308459549477
IMG_0053|r5|BEHHO-VC-Calibrated,IMG_0053,253055.jpg,5,BEHHO-VC-Calibrated,0.5270519382190307
IMG_0053|r5|HHO-VC,IMG_0053,253055.jpg,5,HHO-VC,0.5263062269730446
IMG_0053|r5|MO-BDA-EHHO-VC,IMG_0053,253055.jpg,5,MO-BDA-EHHO-VC,0.5176115679210463
IMG_0054|r1|BEHHO-VC-Calibrated,IMG_0054,260058.jpg,1,BEHHO-VC-Calibrated,0.37872529806731964
IMG_0054|r1|EHHO-VC,IMG_0054,260058.jpg,1,EHHO-VC,0.38402010105316164
IMG_0054|r1|BDA-EHHO-VC-Calibrated,IMG_0054,260058.jpg,1,BDA-EHHO-VC-Calibrated,0.3737462758260654
IMG_0054|r1|HHO-VC,IMG_0054,260058.jpg,1,HHO-VC,0.38402010105316164
IMG_0054|r1|MO-BDA-EHHO-VC,IMG_0054,260058.jpg,1,MO-BDA-EHHO-VC,0.364599496365927
IMG_0054|r2|BEHHO-VC-Calibrated,IMG_0054,260058.jpg,2,BEHHO-VC-Calibrated,0.3717604696621394
IMG_0054|r2|BDA-EHHO-VC-Calibrated,IMG_0054,260058.jpg,2,BDA-EHHO-VC-Calibrated,0.3820293167644115
IMG_0054|r2|HHO-VC,IMG_0054,260058.jpg,2,HHO-VC,0.36487451236386764
IMG_0054|r2|EHHO-VC,IMG_0054,260058.jpg,2,EHHO-VC,0.3823433026748789
IMG_0054|r2|MO-BDA-EHHO-VC,IMG_0054,260058.jpg,2,MO-BDA-EHHO-VC,0.36893333500432857
IMG_0054|r3|BDA-EHHO-VC-Calibrated,IMG_0054,260058.jpg,3,BDA-EHHO-VC-Calibrated,0.37176148560598105
IMG_0054|r3|HHO-VC,IMG_0054,260058.jpg,3,HHO-VC,0.38906935887867017
IMG_0054|r3|BEHHO-VC-Calibrated,IMG_0054,260058.jpg,3,BEHHO-VC-Calibrated,0.38906935887867017
IMG_0054|r3|EHHO-VC,IMG_0054,260058.jpg,3,EHHO-VC,0.3852105501820385
IMG_0054|r3|MO-BDA-EHHO-VC,IMG_0054,260058.jpg,3,MO-BDA-EHHO-VC,0.3677355372149969
IMG_0054|r4|EHHO-VC,IMG_0054,260058.jpg,4,EHHO-VC,0.3756574101176285
IMG_0054|r4|BDA-EHHO-VC-Calibrated,IMG_0054,260058.jpg,4,BDA-EHHO-VC-Calibrated,0.37543209070594297
IMG_0054|r4|BEHHO-VC-Calibrated,IMG_0054,260058.jpg,4,BEHHO-VC-Calibrated,0.3752382401547532
IMG_0054|r4|HHO-VC,IMG_0054,260058.jpg,4,HHO-VC,0.37471482588752364
IMG_0054|r4|MO-BDA-EHHO-VC,IMG_0054,260058.jpg,4,MO-BDA-EHHO-VC,0.36143971629575655
IMG_0054|r5|BEHHO-VC-Calibrated,IMG_0054,260058.jpg,5,BEHHO-VC-Calibrated,0.36448208712262437
IMG_0054|r5|HHO-VC,IMG_0054,260058.jpg,5,HHO-VC,0.36446015966804163
IMG_0054|r5|BDA-EHHO-VC-Calibrated,IMG_0054,260058.jpg,5,BDA-EHHO-VC-Calibrated,0.3692260030265183
IMG_0054|r5|EHHO-VC,IMG_0054,260058.jpg,5,EHHO-VC,0.36446015966804163
IMG_0054|r5|MO-BDA-EHHO-VC,IMG_0054,260058.jpg,5,MO-BDA-EHHO-VC,0.37120989582954245
IMG_0055|r1|BDA-EHHO-VC-Calibrated,IMG_0055,271035.jpg,1,BDA-EHHO-VC-Calibrated,0.43944292057433304
IMG_0055|r1|HHO-VC,IMG_0055,271035.jpg,1,HHO-VC,0.42688742093801973
IMG_0055|r1|BEHHO-VC-Calibrated,IMG_0055,271035.jpg,1,BEHHO-VC-Calibrated,0.4412679451591157
IMG_0055|r1|EHHO-VC,IMG_0055,271035.jpg,1,EHHO-VC,0.438772592361399
IMG_0055|r1|MO-BDA-EHHO-VC,IMG_0055,271035.jpg,1,MO-BDA-EHHO-VC,0.4197954640934516
IMG_0055|r2|BDA-EHHO-VC-Calibrated,IMG_0055,271035.jpg,2,BDA-EHHO-VC-Calibrated,0.42623858840353573
IMG_0055|r2|HHO-VC,IMG_0055,271035.jpg,2,HHO-VC,0.44460001237243635
IMG_0055|r2|EHHO-VC,IMG_0055,271035.jpg,2,EHHO-VC,0.4540283268034996
IMG_0055|r2|BEHHO-VC-Calibrated,IMG_0055,271035.jpg,2,BEHHO-VC-Calibrated,0.4537031655107736
IMG_0055|r2|MO-BDA-EHHO-VC,IMG_0055,271035.jpg,2,MO-BDA-EHHO-VC,0.4218700214181463
IMG_0055|r3|BDA-EHHO-VC-Calibrated,IMG_0055,271035.jpg,3,BDA-EHHO-VC-Calibrated,0.44170295537972243
IMG_0055|r3|HHO-VC,IMG_0055,271035.jpg,3,HHO-VC,0.44389653899166776
IMG_0055|r3|EHHO-VC,IMG_0055,271035.jpg,3,EHHO-VC,0.4432819268322507
IMG_0055|r3|BEHHO-VC-Calibrated,IMG_0055,271035.jpg,3,BEHHO-VC-Calibrated,0.44435614351944164
IMG_0055|r3|MO-BDA-EHHO-VC,IMG_0055,271035.jpg,3,MO-BDA-EHHO-VC,0.4194557240065977
IMG_0055|r4|EHHO-VC,IMG_0055,271035.jpg,4,EHHO-VC,0.45745927921740964
IMG_0055|r4|BDA-EHHO-VC-Calibrated,IMG_0055,271035.jpg,4,BDA-EHHO-VC-Calibrated,0.426774202463064
IMG_0055|r4|HHO-VC,IMG_0055,271035.jpg,4,HHO-VC,0.45745927921740964
IMG_0055|r4|BEHHO-VC-Calibrated,IMG_0055,271035.jpg,4,BEHHO-VC-Calibrated,0.4570361386073531
IMG_0055|r4|MO-BDA-EHHO-VC,IMG_0055,271035.jpg,4,MO-BDA-EHHO-VC,0.42484461185837724
IMG_0055|r5|EHHO-VC,IMG_0055,271035.jpg,5,EHHO-VC,0.4159024688865476
IMG_0055|r5|HHO-VC,IMG_0055,271035.jpg,5,HHO-VC,0.4158774258708504
IMG_0055|r5|BDA-EHHO-VC-Calibrated,IMG_0055,271035.jpg,5,BDA-EHHO-VC-Calibrated,0.42089938020561396
IMG_0055|r5|BEHHO-VC-Calibrated,IMG_0055,271035.jpg,5,BEHHO-VC-Calibrated,0.444468947150662
IMG_0055|r5|MO-BDA-EHHO-VC,IMG_0055,271035.jpg,5,MO-BDA-EHHO-VC,0.41988049859299953
IMG_0056|r1|BEHHO-VC-Calibrated,IMG_0056,285079.jpg,1,BEHHO-VC-Calibrated,0.43021658700085763
IMG_0056|r1|EHHO-VC,IMG_0056,285079.jpg,1,EHHO-VC,0.4313340828957037
IMG_0056|r1|BDA-EHHO-VC-Calibrated,IMG_0056,285079.jpg,1,BDA-EHHO-VC-Calibrated,0.4366330512512966
IMG_0056|r1|HHO-VC,IMG_0056,285079.jpg,1,HHO-VC,0.4314155700580045
IMG_0056|r1|MO-BDA-EHHO-VC,IMG_0056,285079.jpg,1,MO-BDA-EHHO-VC,0.42255809753917956
IMG_0056|r2|HHO-VC,IMG_0056,285079.jpg,2,HHO-VC,0.4282418376924085
IMG_0056|r2|BDA-EHHO-VC-Calibrated,IMG_0056,285079.jpg,2,BDA-EHHO-VC-Calibrated,0.43763759958954473
IMG_0056|r2|EHHO-VC,IMG_0056,285079.jpg,2,EHHO-VC,0.42672334029705566
IMG_0056|r2|BEHHO-VC-Calibrated,IMG_0056,285079.jpg,2,BEHHO-VC-Calibrated,0.4342258315818449
IMG_0056|r2|MO-BDA-EHHO-VC,IMG_0056,285079.jpg,2,MO-BDA-EHHO-VC,0.4217183860892428
IMG_0056|r3|BEHHO-VC-Calibrated,IMG_0056,285079.jpg,3,BEHHO-VC-Calibrated,0.4411846913169553
IMG_0056|r3|BDA-EHHO-VC-Calibrated,IMG_0056,285079.jpg,3,BDA-EHHO-VC-Calibrated,0.4641765671950324
IMG_0056|r3|HHO-VC,IMG_0056,285079.jpg,3,HHO-VC,0.4493908676374802
IMG_0056|r3|EHHO-VC,IMG_0056,285079.jpg,3,EHHO-VC,0.42323596066893937
IMG_0056|r3|MO-BDA-EHHO-VC,IMG_0056,285079.jpg,3,MO-BDA-EHHO-VC,0.42169417276101623
IMG_0056|r4|BDA-EHHO-VC-Calibrated,IMG_0056,285079.jpg,4,BDA-EHHO-VC-Calibrated,0.44460188615800944
IMG_0056|r4|BEHHO-VC-Calibrated,IMG_0056,285079.jpg,4,BEHHO-VC-Calibrated,0.43798360466342223
IMG_0056|r4|HHO-VC,IMG_0056,285079.jpg,4,HHO-VC,0.46042833551936807
IMG_0056|r4|EHHO-VC,IMG_0056,285079.jpg,4,EHHO-VC,0.4597427596826103
IMG_0056|r4|MO-BDA-EHHO-VC,IMG_0056,285079.jpg,4,MO-BDA-EHHO-VC,0.4204685127118268
IMG_0056|r5|EHHO-VC,IMG_0056,285079.jpg,5,EHHO-VC,0.45973880596782646
IMG_0056|r5|BEHHO-VC-Calibrated,IMG_0056,285079.jpg,5,BEHHO-VC-Calibrated,0.45245874712097267
IMG_0056|r5|BDA-EHHO-VC-Calibrated,IMG_0056,285079.jpg,5,BDA-EHHO-VC-Calibrated,0.4481540999356218
IMG_0056|r5|HHO-VC,IMG_0056,285079.jpg,5,HHO-VC,0.4571841559145508
IMG_0056|r5|MO-BDA-EHHO-VC,IMG_0056,285079.jpg,5,MO-BDA-EHHO-VC,0.42926847434301435
IMG_0057|r1|BDA-EHHO-VC-Calibrated,IMG_0057,291000.jpg,1,BDA-EHHO-VC-Calibrated,0.4184547329326297
IMG_0057|r1|HHO-VC,IMG_0057,291000.jpg,1,HHO-VC,0.4134968338570835
IMG_0057|r1|EHHO-VC,IMG_0057,291000.jpg,1,EHHO-VC,0.4132590098699467
IMG_0057|r1|BEHHO-VC-Calibrated,IMG_0057,291000.jpg,1,BEHHO-VC-Calibrated,0.4191450498406486
IMG_0057|r1|MO-BDA-EHHO-VC,IMG_0057,291000.jpg,1,MO-BDA-EHHO-VC,0.41674122511686784
IMG_0057|r2|BEHHO-VC-Calibrated,IMG_0057,291000.jpg,2,BEHHO-VC-Calibrated,0.41944215415094693
IMG_0057|r2|EHHO-VC,IMG_0057,291000.jpg,2,EHHO-VC,0.42443434979734823
IMG_0057|r2|HHO-VC,IMG_0057,291000.jpg,2,HHO-VC,0.4230936002432946
IMG_0057|r2|BDA-EHHO-VC-Calibrated,IMG_0057,291000.jpg,2,BDA-EHHO-VC-Calibrated,0.41069935629325083
IMG_0057|r2|MO-BDA-EHHO-VC,IMG_0057,291000.jpg,2,MO-BDA-EHHO-VC,0.4155123563783784
IMG_0057|r3|BDA-EHHO-VC-Calibrated,IMG_0057,291000.jpg,3,BDA-EHHO-VC-Calibrated,0.43127770518385916
IMG_0057|r3|EHHO-VC,IMG_0057,291000.jpg,3,EHHO-VC,0.42639250535638334
IMG_0057|r3|HHO-VC,IMG_0057,291000.jpg,3,HHO-VC,0.4264696747573571
IMG_0057|r3|BEHHO-VC-Calibrated,IMG_0057,291000.jpg,3,BEHHO-VC-Calibrated,0.43442779992273894
IMG_0057|r3|MO-BDA-EHHO-VC,IMG_0057,291000.jpg,3,MO-BDA-EHHO-VC,0.4231709135696459
IMG_0057|r4|EHHO-VC,IMG_0057,291000.jpg,4,EHHO-VC,0.45191619794989457
IMG_0057|r4|BEHHO-VC-Calibrated,IMG_0057,291000.jpg,4,BEHHO-VC-Calibrated,0.4371023144169346
IMG_0057|r4|BDA-EHHO-VC-Calibrated,IMG_0057,291000.jpg,4,BDA-EHHO-VC-Calibrated,0.44098340614849363
IMG_0057|r4|HHO-VC,IMG_0057,291000.jpg,4,HHO-VC,0.4553930371606535
IMG_0057|r4|MO-BDA-EHHO-VC,IMG_0057,291000.jpg,4,MO-BDA-EHHO-VC,0.41381568783179234
IMG_0057|r5|EHHO-VC,IMG_0057,291000.jpg,5,EHHO-VC,0.44636990653224523
IMG_0057|r5|HHO-VC,IMG_0057,291000.jpg,5,HHO-VC,0.4391662889932786
IMG_0057|r5|BDA-EHHO-VC-Calibrated,IMG_0057,291000.jpg,5,BDA-EHHO-VC-Calibrated,0.4315314964217076
IMG_0057|r5|BEHHO-VC-Calibrated,IMG_0057,291000.jpg,5,BEHHO-VC-Calibrated,0.44636990653224523
IMG_0057|r5|MO-BDA-EHHO-VC,IMG_0057,291000.jpg,5,MO-BDA-EHHO-VC,0.4155174360975868
IMG_0058|r1|BDA-EHHO-VC-Calibrated,IMG_0058,295087.jpg,1,BDA-EHHO-VC-Calibrated,0.44370836932619423
IMG_0058|r1|BEHHO-VC-Calibrated,IMG_0058,295087.jpg,1,BEHHO-VC-Calibrated,0.4585665649430485
IMG_0058|r1|EHHO-VC,IMG_0058,295087.jpg,1,EHHO-VC,0.46553952089896206
IMG_0058|r1|HHO-VC,IMG_0058,295087.jpg,1,HHO-VC,0.46553952089896206
IMG_0058|r1|MO-BDA-EHHO-VC,IMG_0058,295087.jpg,1,MO-BDA-EHHO-VC,0.4401037836435437
IMG_0058|r2|EHHO-VC,IMG_0058,295087.jpg,2,EHHO-VC,0.46969618739757474
IMG_0058|r2|BDA-EHHO-VC-Calibrated,IMG_0058,295087.jpg,2,BDA-EHHO-VC-Calibrated,0.4397822120190584
IMG_0058|r2|HHO-VC,IMG_0058,295087.jpg,2,HHO-VC,0.46969618739757474
IMG_0058|r2|BEHHO-VC-Calibrated,IMG_0058,295087.jpg,2,BEHHO-VC-Calibrated,0.44349169390336163
IMG_0058|r2|MO-BDA-EHHO-VC,IMG_0058,295087.jpg,2,MO-BDA-EHHO-VC,0.4422848711462365
IMG_0058|r3|BEHHO-VC-Calibrated,IMG_0058,295087.jpg,3,BEHHO-VC-Calibrated,0.4552769980471044
IMG_0058|r3|HHO-VC,IMG_0058,295087.jpg,3,HHO-VC,0.4438378683012127
IMG_0058|r3|BDA-EHHO-VC-Calibrated,IMG_0058,295087.jpg,3,BDA-EHHO-VC-Calibrated,0.44851764428390245
IMG_0058|r3|EHHO-VC,IMG_0058,295087.jpg,3,EHHO-VC,0.46405783453547256
IMG_0058|r3|MO-BDA-EHHO-VC,IMG_0058,295087.jpg,3,MO-BDA-EHHO-VC,0.4267719843854113
IMG_0058|r4|BDA-EHHO-VC-Calibrated,IMG_0058,295087.jpg,4,BDA-EHHO-VC-Calibrated,0.4287309188347251
IMG_0058|r4|EHHO-VC,IMG_0058,295087.jpg,4,EHHO-VC,0.43364428570521124
IMG_0058|r4|HHO-VC,IMG_0058,295087.jpg,4,HHO-VC,0.43364428570521124
IMG_0058|r4|BEHHO-VC-Calibrated,IMG_0058,295087.jpg,4,BEHHO-VC-Calibrated,0.44274485665295094
IMG_0058|r4|MO-BDA-EHHO-VC,IMG_0058,295087.jpg,4,MO-BDA-EHHO-VC,0.4291584618680955
IMG_0058|r5|HHO-VC,IMG_0058,295087.jpg,5,HHO-VC,0.4323267420017412
IMG_0058|r5|EHHO-VC,IMG_0058,295087.jpg,5,EHHO-VC,0.43243592209992626
IMG_0058|r5|BEHHO-VC-Calibrated,IMG_0058,295087.jpg,5,BEHHO-VC-Calibrated,0.4340982940756572
IMG_0058|r5|BDA-EHHO-VC-Calibrated,IMG_0058,295087.jpg,5,BDA-EHHO-VC-Calibrated,0.4334655388524677
IMG_0058|r5|MO-BDA-EHHO-VC,IMG_0058,295087.jpg,5,MO-BDA-EHHO-VC,0.4253059435570835
IMG_0059|r1|EHHO-VC,IMG_0059,296007.jpg,1,EHHO-VC,0.3485639771830202
IMG_0059|r1|BEHHO-VC-Calibrated,IMG_0059,296007.jpg,1,BEHHO-VC-Calibrated,0.3490496237379356
IMG_0059|r1|HHO-VC,IMG_0059,296007.jpg,1,HHO-VC,0.34849933775609376
IMG_0059|r1|BDA-EHHO-VC-Calibrated,IMG_0059,296007.jpg,1,BDA-EHHO-VC-Calibrated,0.35115054480532176
IMG_0059|r1|MO-BDA-EHHO-VC,IMG_0059,296007.jpg,1,MO-BDA-EHHO-VC,0.35055062150061556
IMG_0059|r2|EHHO-VC,IMG_0059,296007.jpg,2,EHHO-VC,0.3610420026352073
IMG_0059|r2|BEHHO-VC-Calibrated,IMG_0059,296007.jpg,2,BEHHO-VC-Calibrated,0.38189376741220565
IMG_0059|r2|HHO-VC,IMG_0059,296007.jpg,2,HHO-VC,0.36121764239303505
IMG_0059|r2|BDA-EHHO-VC-Calibrated,IMG_0059,296007.jpg,2,BDA-EHHO-VC-Calibrated,0.3591676793755074
IMG_0059|r2|MO-BDA-EHHO-VC,IMG_0059,296007.jpg,2,MO-BDA-EHHO-VC,0.34967277829182125
IMG_0059|r3|BEHHO-VC-Calibrated,IMG_0059,296007.jpg,3,BEHHO-VC-Calibrated,0.3491112745967277
IMG_0059|r3|HHO-VC,IMG_0059,296007.jpg,3,HHO-VC,0.34802628043861644
IMG_0059|r3|EHHO-VC,IMG_0059,296007.jpg,3,EHHO-VC,0.34818338768753243
IMG_0059|r3|BDA-EHHO-VC-Calibrated,IMG_0059,296007.jpg,3,BDA-EHHO-VC-Calibrated,0.34900808856720855
IMG_0059|r3|MO-BDA-EHHO-VC,IMG_0059,296007.jpg,3,MO-BDA-EHHO-VC,0.35317018189917543
IMG_0059|r4|HHO-VC,IMG_0059,296007.jpg,4,HHO-VC,0.34872103363474405
IMG_0059|r4|BEHHO-VC-Calibrated,IMG_0059,296007.jpg,4,BEHHO-VC-Calibrated,0.3464668489726429
IMG_0059|r4|BDA-EHHO-VC-Calibrated,IMG_0059,296007.jpg,4,BDA-EHHO-VC-Calibrated,0.370001213463577
IMG_0059|r4|EHHO-VC,IMG_0059,296007.jpg,4,EHHO-VC,0.34829364299294985
IMG_0059|r4|MO-BDA-EHHO-VC,IMG_0059,296007.jpg,4,MO-BDA-EHHO-VC,0.35329621819893353
IMG_0059|r5|BEHHO-VC-Calibrated,IMG_0059,296007.jpg,5,BEHHO-VC-Calibrated,0.36311845638840645
IMG_0059|r5|HHO-VC,IMG_0059,296007.jpg,5,HHO-VC,0.3651367050256766
IMG_0059|r5|BDA-EHHO-VC-Calibrated,IMG_0059,296007.jpg,5,BDA-EHHO-VC-Calibrated,0.3542493597787931
IMG_0059|r5|EHHO-VC,IMG_0059,296007.jpg,5,EHHO-VC,0.36506752771625733
IMG_0059|r5|MO-BDA-EHHO-VC,IMG_0059,296007.jpg,5,MO-BDA-EHHO-VC,0.3534262505444689
IMG_0060|r1|BEHHO-VC-Calibrated,IMG_0060,296059.jpg,1,BEHHO-VC-Calibrated,0.40828571449748785
IMG_0060|r1|HHO-VC,IMG_0060,296059.jpg,1,HHO-VC,0.41120071983140466
IMG_0060|r1|EHHO-VC,IMG_0060,296059.jpg,1,EHHO-VC,0.4112061127999642
IMG_0060|r1|BDA-EHHO-VC-Calibrated,IMG_0060,296059.jpg,1,BDA-EHHO-VC-Calibrated,0.4001059357844491
IMG_0060|r1|MO-BDA-EHHO-VC,IMG_0060,296059.jpg,1,MO-BDA-EHHO-VC,0.40893645192667494
IMG_0060|r2|HHO-VC,IMG_0060,296059.jpg,2,HHO-VC,0.40718283972776315
IMG_0060|r2|BEHHO-VC-Calibrated,IMG_0060,296059.jpg,2,BEHHO-VC-Calibrated,0.41097211553463103
IMG_0060|r2|EHHO-VC,IMG_0060,296059.jpg,2,EHHO-VC,0.4057317756049013
IMG_0060|r2|BDA-EHHO-VC-Calibrated,IMG_0060,296059.jpg,2,BDA-EHHO-VC-Calibrated,0.4045109497551585
IMG_0060|r2|MO-BDA-EHHO-VC,IMG_0060,296059.jpg,2,MO-BDA-EHHO-VC,0.3998348396364975
IMG_0060|r3|BEHHO-VC-Calibrated,IMG_0060,296059.jpg,3,BEHHO-VC-Calibrated,0.4285282685498275
IMG_0060|r3|HHO-VC,IMG_0060,296059.jpg,3,HHO-VC,0.43380133880365634
IMG_0060|r3|BDA-EHHO-VC-Calibrated,IMG_0060,296059.jpg,3,BDA-EHHO-VC-Calibrated,0.4115889797028971
IMG_0060|r3|EHHO-VC,IMG_0060,296059.jpg,3,EHHO-VC,0.43380133880365634
IMG_0060|r3|MO-BDA-EHHO-VC,IMG_0060,296059.jpg,3,MO-BDA-EHHO-VC,0.4010037084249375
IMG_0060|r4|HHO-VC,IMG_0060,296059.jpg,4,HHO-VC,0.40526186771333317
IMG_0060|r4|BEHHO-VC-Calibrated,IMG_0060,296059.jpg,4,BEHHO-VC-Calibrated,0.40405450311949254
IMG_0060|r4|EHHO-VC,IMG_0060,296059.jpg,4,EHHO-VC,0.4066423237391988
IMG_0060|r4|BDA-EHHO-VC-Calibrated,IMG_0060,296059.jpg,4,BDA-EHHO-VC-Calibrated,0.4066423660701922
IMG_0060|r4|MO-BDA-EHHO-VC,IMG_0060,296059.jpg,4,MO-BDA-EHHO-VC,0.3946585126349918
IMG_0060|r5|BDA-EHHO-VC-Calibrated,IMG_0060,296059.jpg,5,BDA-EHHO-VC-Calibrated,0.39958409623017416
IMG_0060|r5|EHHO-VC,IMG_0060,296059.jpg,5,EHHO-VC,0.3993479570165748
IMG_0060|r5|HHO-VC,IMG_0060,296059.jpg,5,HHO-VC,0.3961574361789951
IMG_0060|r5|BEHHO-VC-Calibrated,IMG_0060,296059.jpg,5,BEHHO-VC-Calibrated,0.39624798217388413
IMG_0060|r5|MO-BDA-EHHO-VC,IMG_0060,296059.jpg,5,MO-BDA-EHHO-VC,0.3911816310932395
IMG_0061|r1|BEHHO-VC-Calibrated,IMG_0061,299086.jpg,1,BEHHO-VC-Calibrated,0.3364843319634252
IMG_0061|r1|EHHO-VC,IMG_0061,299086.jpg,1,EHHO-VC,0.3282739394759574
IMG_0061|r1|HHO-VC,IMG_0061,299086.jpg,1,HHO-VC,0.32826880049335827
IMG_0061|r1|BDA-EHHO-VC-Calibrated,IMG_0061,299086.jpg,1,BDA-EHHO-VC-Calibrated,0.32943313139930547
IMG_0061|r1|MO-BDA-EHHO-VC,IMG_0061,299086.jpg,1,MO-BDA-EHHO-VC,0.3340279321458379
IMG_0061|r2|BEHHO-VC-Calibrated,IMG_0061,299086.jpg,2,BEHHO-VC-Calibrated,0.3263338931159
IMG_0061|r2|BDA-EHHO-VC-Calibrated,IMG_0061,299086.jpg,2,BDA-EHHO-VC-Calibrated,0.33075140319586205
IMG_0061|r2|EHHO-VC,IMG_0061,299086.jpg,2,EHHO-VC,0.3217021543445241
IMG_0061|r2|HHO-VC,IMG_0061,299086.jpg,2,HHO-VC,0.33248656754784883
IMG_0061|r2|MO-BDA-EHHO-VC,IMG_0061,299086.jpg,2,MO-BDA-EHHO-VC,0.3380315467047026
IMG_0061|r3|EHHO-VC,IMG_0061,299086.jpg,3,EHHO-VC,0.32132960773778285
IMG_0061|r3|HHO-VC,IMG_0061,299086.jpg,3,HHO-VC,0.321113812799613
IMG_0061|r3|BDA-EHHO-VC-Calibrated,IMG_0061,299086.jpg,3,BDA-EHHO-VC-Calibrated,0.32301835192240397
IMG_0061|r3|BEHHO-VC-Calibrated,IMG_0061,299086.jpg,3,BEHHO-VC-Calibrated,0.32038133422216464
IMG_0061|r3|MO-BDA-EHHO-VC,IMG_0061,299086.jpg,3,MO-BDA-EHHO-VC,0.329830162252631
IMG_0061|r4|EHHO-VC,IMG_0061,299086.jpg,4,EHHO-VC,0.345806708850398
IMG_0061|r4|HHO-VC,IMG_0061,299086.jpg,4,HHO-VC,0.345806708850398
IMG_0061|r4|BDA-EHHO-VC-Calibrated,IMG_0061,299086.jpg,4,BDA-EHHO-VC-Calibrated,0.3461392272697773
IMG_0061|r4|BEHHO-VC-Calibrated,IMG_0061,299086.jpg,4,BEHHO-VC-Calibrated,0.336671502683856
IMG_0061|r4|MO-BDA-EHHO-VC,IMG_0061,299086.jpg,4,MO-BDA-EHHO-VC,0.33570069214735
IMG_0061|r5|BDA-EHHO-VC-Calibrated,IMG_0061,299086.jpg,5,BDA-EHHO-VC-Calibrated,0.3368421050534688
IMG_0061|r5|EHHO-VC,IMG_0061,299086.jpg,5,EHHO-VC,0.34170955972851
IMG_0061|r5|HHO-VC,IMG_0061,299086.jpg,5,HHO-VC,0.33920344639227024
IMG_0061|r5|BEHHO-VC-Calibrated,IMG_0061,299086.jpg,5,BEHHO-VC-Calibrated,0.3353972212556438
IMG_0061|r5|MO-BDA-EHHO-VC,IMG_0061,299086.jpg,5,MO-BDA-EHHO-VC,0.33243877585629683
IMG_0062|r1|BEHHO-VC-Calibrated,IMG_0062,300091.jpg,1,BEHHO-VC-Calibrated,0.4179653593246496
IMG_0062|r1|EHHO-VC,IMG_0062,300091.jpg,1,EHHO-VC,0.4246552140628826
IMG_0062|r1|BDA-EHHO-VC-Calibrated,IMG_0062,300091.jpg,1,BDA-EHHO-VC-Calibrated,0.41558973550867395
IMG_0062|r1|HHO-VC,IMG_0062,300091.jpg,1,HHO-VC,0.4250394016928096
IMG_0062|r1|MO-BDA-EHHO-VC,IMG_0062,300091.jpg,1,MO-BDA-EHHO-VC,0.4075527392363836
IMG_0062|r2|EHHO-VC,IMG_0062,300091.jpg,2,EHHO-VC,0.4177342236344705
IMG_0062|r2|BEHHO-VC-Calibrated,IMG_0062,300091.jpg,2,BEHHO-VC-Calibrated,0.40904790378817263
IMG_0062|r2|HHO-VC,IMG_0062,300091.jpg,2,HHO-VC,0.4154640547892604
IMG_0062|r2|BDA-EHHO-VC-Calibrated,IMG_0062,300091.jpg,2,BDA-EHHO-VC-Calibrated,0.40798849448247415
IMG_0062|r2|MO-BDA-EHHO-VC,IMG_0062,300091.jpg,2,MO-BDA-EHHO-VC,0.402079003141427
IMG_0062|r3|HHO-VC,IMG_0062,300091.jpg,3,HHO-VC,0.4244782197132659
IMG_0062|r3|BDA-EHHO-VC-Calibrated,IMG_0062,300091.jpg,3,BDA-EHHO-VC-Calibrated,0.41409081196467074
IMG_0062|r3|BEHHO-VC-Calibrated,IMG_0062,300091.jpg,3,BEHHO-VC-Calibrated,0.4140359509972204
IMG_0062|r3|EHHO-VC,IMG_0062,300091.jpg,3,EHHO-VC,0.4244782197132659
IMG_0062|r3|MO-BDA-EHHO-VC,IMG_0062,300091.jpg,3,MO-BDA-EHHO-VC,0.4085833042031772
IMG_0062|r4|HHO-VC,IMG_0062,300091.jpg,4,HHO-VC,0.4120785743284638
IMG_0062|r4|BEHHO-VC-Calibrated,IMG_0062,300091.jpg,4,BEHHO-VC-Calibrated,0.4086968867246762
IMG_0062|r4|EHHO-VC,IMG_0062,300091.jpg,4,EHHO-VC,0.4134461278675402
IMG_0062|r4|BDA-EHHO-VC-Calibrated,IMG_0062,300091.jpg,4,BDA-EHHO-VC-Calibrated,0.4199406504698143
IMG_0062|r4|MO-BDA-EHHO-VC,IMG_0062,300091.jpg,4,MO-BDA-EHHO-VC,0.416068710699029
IMG_0062|r5|EHHO-VC,IMG_0062,300091.jpg,5,EHHO-VC,0.4199492859924685
IMG_0062|r5|BDA-EHHO-VC-Calibrated,IMG_0062,300091.jpg,5,BDA-EHHO-VC-Calibrated,0.41726471365424034
IMG_0062|r5|BEHHO-VC-Calibrated,IMG_0062,300091.jpg,5,BEHHO-VC-Calibrated,0.4192718461726428
IMG_0062|r5|HHO-VC,IMG_0062,300091.jpg,5,HHO-VC,0.4177832005938378
IMG_0062|r5|MO-BDA-EHHO-VC,IMG_0062,300091.jpg,5,MO-BDA-EHHO-VC,0.40596747739823547
IMG_0063|r1|BEHHO-VC-Calibrated,IMG_0063,302008.jpg,1,BEHHO-VC-Calibrated,0.6434810727749102
IMG_0063|r1|HHO-VC,IMG_0063,302008.jpg,1,HHO-VC,0.657307687481129
IMG_0063|r1|EHHO-VC,IMG_0063,302008.jpg,1,EHHO-VC,0.6186849906946059
IMG_0063|r1|BDA-EHHO-VC-Calibrated,IMG_0063,302008.jpg,1,BDA-EHHO-VC-Calibrated,0.5801057593721091
IMG_0063|r1|MO-BDA-EHHO-VC,IMG_0063,302008.jpg,1,MO-BDA-EHHO-VC,0.55379754647786
IMG_0063|r2|EHHO-VC,IMG_0063,302008.jpg,2,EHHO-VC,0.6210458579262813
IMG_0063|r2|BEHHO-VC-Calibrated,IMG_0063,302008.jpg,2,BEHHO-VC-Calibrated,0.5752296268434202
IMG_0063|r2|HHO-VC,IMG_0063,302008.jpg,2,HHO-VC,0.6210458579262813
IMG_0063|r2|BDA-EHHO-VC-Calibrated,IMG_0063,302008.jpg,2,BDA-EHHO-VC-Calibrated,0.6268114408221556
IMG_0063|r2|MO-BDA-EHHO-VC,IMG_0063,302008.jpg,2,MO-BDA-EHHO-VC,0.5513550566247049
IMG_0063|r3|HHO-VC,IMG_0063,302008.jpg,3,HHO-VC,0.6416062923404816
IMG_0063|r3|EHHO-VC,IMG_0063,302008.jpg,3,EHHO-VC,0.652482927846034
IMG_0063|r3|BDA-EHHO-VC-Calibrated,IMG_0063,302008.jpg,3,BDA-EHHO-VC-Calibrated,0.6295930781282569
IMG_0063|r3|BEHHO-VC-Calibrated,IMG_0063,302008.jpg,3,BEHHO-VC-Calibrated,0.6368718755115073
IMG_0063|r3|MO-BDA-EHHO-VC,IMG_0063,302008.jpg,3,MO-BDA-EHHO-VC,0.5082347256539066
IMG_0063|r4|BDA-EHHO-VC-Calibrated,IMG_0063,302008.jpg,4,BDA-EHHO-VC-Calibrated,0.6199324850701927
IMG_0063|r4|HHO-VC,IMG_0063,302008.jpg,4,HHO-VC,0.645776403162599
IMG_0063|r4|BEHHO-VC-Calibrated,IMG_0063,302008.jpg,4,BEHHO-VC-Calibrated,0.6101031691386227
IMG_0063|r4|EHHO-VC,IMG_0063,302008.jpg,4,EHHO-VC,0.645776403162599
IMG_0063|r4|MO-BDA-EHHO-VC,IMG_0063,302008.jpg,4,MO-BDA-EHHO-VC,0.5526718129716977
IMG_0063|r5|BEHHO-VC-Calibrated,IMG_0063,302008.jpg,5,BEHHO-VC-Calibrated,0.5952873045151716
IMG_0063|r5|HHO-VC,IMG_0063,302008.jpg,5,HHO-VC,0.6556438762516223
IMG_0063|r5|BDA-EHHO-VC-Calibrated,IMG_0063,302008.jpg,5,BDA-EHHO-VC-Calibrated,0.6381051974705026
IMG_0063|r5|EHHO-VC,IMG_0063,302008.jpg,5,EHHO-VC,0.6556438762516223
IMG_0063|r5|MO-BDA-EHHO-VC,IMG_0063,302008.jpg,5,MO-BDA-EHHO-VC,0.5867312963989656
IMG_0064|r1|BEHHO-VC-Calibrated,IMG_0064,304034.jpg,1,BEHHO-VC-Calibrated,0.43914809738996696
IMG_0064|r1|HHO-VC,IMG_0064,304034.jpg,1,HHO-VC,0.4540486663312176
IMG_0064|r1|BDA-EHHO-VC-Calibrated,IMG_0064,304034.jpg,1,BDA-EHHO-VC-Calibrated,0.4253314135348004
IMG_0064|r1|EHHO-VC,IMG_0064,304034.jpg,1,EHHO-VC,0.4540486663312176
IMG_0064|r1|MO-BDA-EHHO-VC,IMG_0064,304034.jpg,1,MO-BDA-EHHO-VC,0.41965496277863557
IMG_0064|r2|EHHO-VC,IMG_0064,304034.jpg,2,EHHO-VC,0.4320654279653514
IMG_0064|r2|BEHHO-VC-Calibrated,IMG_0064,304034.jpg,2,BEHHO-VC-Calibrated,0.4414615115780376
IMG_0064|r2|BDA-EHHO-VC-Calibrated,IMG_0064,304034.jpg,2,BDA-EHHO-VC-Calibrated,0.43458803345662106
IMG_0064|r2|HHO-VC,IMG_0064,304034.jpg,2,HHO-VC,0.4430445214073365
IMG_0064|r2|MO-BDA-EHHO-VC,IMG_0064,304034.jpg,2,MO-BDA-EHHO-VC,0.4231580387391057
IMG_0064|r3|HHO-VC,IMG_0064,304034.jpg,3,HHO-VC,0.426641600111617
IMG_0064|r3|EHHO-VC,IMG_0064,304034.jpg,3,EHHO-VC,0.4267461068681304
IMG_0064|r3|BDA-EHHO-VC-Calibrated,IMG_0064,304034.jpg,3,BDA-EHHO-VC-Calibrated,0.417374151921684
IMG_0064|r3|BEHHO-VC-Calibrated,IMG_0064,304034.jpg,3,BEHHO-VC-Calibrated,0.42671427396109135
IMG_0064|r3|MO-BDA-EHHO-VC,IMG_0064,304034.jpg,3,MO-BDA-EHHO-VC,0.4168390458340765
IMG_0064|r4|BEHHO-VC-Calibrated,IMG_0064,304034.jpg,4,BEHHO-VC-Calibrated,0.4452822816439973
IMG_0064|r4|BDA-EHHO-VC-Calibrated,IMG_0064,304034.jpg,4,BDA-EHHO-VC-Calibrated,0.43329299290924406
IMG_0064|r4|HHO-VC,IMG_0064,304034.jpg,4,HHO-VC,0.4510574906077714
IMG_0064|r4|EHHO-VC,IMG_0064,304034.jpg,4,EHHO-VC,0.4409559440576267
IMG_0064|r4|MO-BDA-EHHO-VC,IMG_0064,304034.jpg,4,MO-BDA-EHHO-VC,0.41846208385073735
IMG_0064|r5|BDA-EHHO-VC-Calibrated,IMG_0064,304034.jpg,5,BDA-EHHO-VC-Calibrated,0.41794320746600067
IMG_0064|r5|EHHO-VC,IMG_0064,304034.jpg,5,EHHO-VC,0.4139765309319794
IMG_0064|r5|BEHHO-VC-Calibrated,IMG_0064,304034.jpg,5,BEHHO-VC-Calibrated,0.41770716984678546
IMG_0064|r5|HHO-VC,IMG_0064,304034.jpg,5,HHO-VC,0.41396913994053125
IMG_0064|r5|MO-BDA-EHHO-VC,IMG_0064,304034.jpg,5,MO-BDA-EHHO-VC,0.42511248610311875
IMG_0065|r1|BEHHO-VC-Calibrated,IMG_0065,304074.jpg,1,BEHHO-VC-Calibrated,0.4629406642406675
IMG_0065|r1|HHO-VC,IMG_0065,304074.jpg,1,HHO-VC,0.4629406642406675
IMG_0065|r1|EHHO-VC,IMG_0065,304074.jpg,1,EHHO-VC,0.4629406642406675
IMG_0065|r1|BDA-EHHO-VC-Calibrated,IMG_0065,304074.jpg,1,BDA-EHHO-VC-Calibrated,0.455520828453597
IMG_0065|r1|MO-BDA-EHHO-VC,IMG_0065,304074.jpg,1,MO-BDA-EHHO-VC,0.41474001296140156
IMG_0065|r2|EHHO-VC,IMG_0065,304074.jpg,2,EHHO-VC,0.4514108784393039
IMG_0065|r2|HHO-VC,IMG_0065,304074.jpg,2,HHO-VC,0.44877664611843054
IMG_0065|r2|BEHHO-VC-Calibrated,IMG_0065,304074.jpg,2,BEHHO-VC-Calibrated,0.4377809419946341
IMG_0065|r2|BDA-EHHO-VC-Calibrated,IMG_0065,304074.jpg,2,BDA-EHHO-VC-Calibrated,0.4353680415058677
IMG_0065|r2|MO-BDA-EHHO-VC,IMG_0065,304074.jpg,2,MO-BDA-EHHO-VC,0.41895622223533485
IMG_0065|r3|EHHO-VC,IMG_0065,304074.jpg,3,EHHO-VC,0.41282579697351873
IMG_0065|r3|BEHHO-VC-Calibrated,IMG_0065,304074.jpg,3,BEHHO-VC-Calibrated,0.41446989889249697
IMG_0065|r3|BDA-EHHO-VC-Calibrated,IMG_0065,304074.jpg,3,BDA-EHHO-VC-Calibrated,0.415174870790432
IMG_0065|r3|HHO-VC,IMG_0065,304074.jpg,3,HHO-VC,0.41263489265946984
IMG_0065|r3|MO-BDA-EHHO-VC,IMG_0065,304074.jpg,3,MO-BDA-EHHO-VC,0.41361593883018066
IMG_0065|r4|BDA-EHHO-VC-Calibrated,IMG_0065,304074.jpg,4,BDA-EHHO-VC-Calibrated,0.4143909769883964
IMG_0065|r4|HHO-VC,IMG_0065,304074.jpg,4,HHO-VC,0.4162001613154477
IMG_0065|r4|EHHO-VC,IMG_0065,304074.jpg,4,EHHO-VC,0.43492002720408757
IMG_0065|r4|BEHHO-VC-Calibrated,IMG_0065,304074.jpg,4,BEHHO-VC-Calibrated,0.4280263571988178
IMG_0065|r4|MO-BDA-EHHO-VC,IMG_0065,304074.jpg,4,MO-BDA-EHHO-VC,0.4143778289818454
IMG_0065|r5|BDA-EHHO-VC-Calibrated,IMG_0065,304074.jpg,5,BDA-EHHO-VC-Calibrated,0.44034650497800903
IMG_0065|r5|HHO-VC,IMG_0065,304074.jpg,5,HHO-VC,0.4421174474856201
IMG_0065|r5|BEHHO-VC-Calibrated,IMG_0065,304074.jpg,5,BEHHO-VC-Calibrated,0.43939664828323755
IMG_0065|r5|EHHO-VC,IMG_0065,304074.jpg,5,EHHO-VC,0.4421174474856201
IMG_0065|r5|MO-BDA-EHHO-VC,IMG_0065,304074.jpg,5,MO-BDA-EHHO-VC,0.41467185159582404
IMG_0066|r1|BEHHO-VC-Calibrated,IMG_0066,306005.jpg,1,BEHHO-VC-Calibrated,0.5476527730013269
IMG_0066|r1|BDA-EHHO-VC-Calibrated,IMG_0066,306005.jpg,1,BDA-EHHO-VC-Calibrated,0.5476527730013269
IMG_0066|r1|EHHO-VC,IMG_0066,306005.jpg,1,EHHO-VC,0.5653153461339385
IMG_0066|r1|HHO-VC,IMG_0066,306005.jpg,1,HHO-VC,0.5653153461339385
IMG_0066|r1|MO-BDA-EHHO-VC,IMG_0066,306005.jpg,1,MO-BDA-EHHO-VC,0.4989920684857571
IMG_0066|r2|BDA-EHHO-VC-Calibrated,IMG_0066,306005.jpg,2,BDA-EHHO-VC-Calibrated,0.5546751292265418
IMG_0066|r2|EHHO-VC,IMG_0066,306005.jpg,2,EHHO-VC,0.5653153461339385
IMG_0066|r2|HHO-VC,IMG_0066,306005.jpg,2,HHO-VC,0.5653153461339385
IMG_0066|r2|BEHHO-VC-Calibrated,IMG_0066,306005.jpg,2,BEHHO-VC-Calibrated,0.5546751292265418
IMG_0066|r2|MO-BDA-EHHO-VC,IMG_0066,306005.jpg,2,MO-BDA-EHHO-VC,0.5091416607134143
IMG_0066|r3|BDA-EHHO-VC-Calibrated,IMG_0066,306005.jpg,3,BDA-EHHO-VC-Calibrated,0.5559927660581974
IMG_0066|r3|BEHHO-VC-Calibrated,IMG_0066,306005.jpg,3,BEHHO-VC-Calibrated,0.537093247433555
IMG_0066|r3|EHHO-VC,IMG_0066,306005.jpg,3,EHHO-VC,0.5545559166829204
IMG_0066|r3|HHO-VC,IMG_0066,306005.jpg,3,HHO-VC,0.5545559166829204
IMG_0066|r3|MO-BDA-EHHO-VC,IMG_0066,306005.jpg,3,MO-BDA-EHHO-VC,0.5232098837975802
IMG_0066|r4|EHHO-VC,IMG_0066,306005.jpg,4,EHHO-VC,0.5283694561918968
IMG_0066|r4|HHO-VC,IMG_0066,306005.jpg,4,HHO-VC,0.5289923482936235
IMG_0066|r4|BEHHO-VC-Calibrated,IMG_0066,306005.jpg,4,BEHHO-VC-Calibrated,0.5293434923501003
IMG_0066|r4|BDA-EHHO-VC-Calibrated,IMG_0066,306005.jpg,4,BDA-EHHO-VC-Calibrated,0.5476226248678253
IMG_0066|r4|MO-BDA-EHHO-VC,IMG_0066,306005.jpg,4,MO-BDA-EHHO-VC,0.52787971199682
IMG_0066|r5|BEHHO-VC-Calibrated,IMG_0066,306005.jpg,5,BEHHO-VC-Calibrated,0.5182994039008441
IMG_0066|r5|HHO-VC,IMG_0066,306005.jpg,5,HHO-VC,0.5190916538409774
IMG_0066|r5|EHHO-VC,IMG_0066,306005.jpg,5,EHHO-VC,0.5196079649675139
IMG_0066|r5|BDA-EHHO-VC-Calibrated,IMG_0066,306005.jpg,5,BDA-EHHO-VC-Calibrated,0.4995519805354987
IMG_0066|r5|MO-BDA-EHHO-VC,IMG_0066,306005.jpg,5,MO-BDA-EHHO-VC,0.5000011970374915
IMG_0067|r1|BEHHO-VC-Calibrated,IMG_0067,3096.jpg,1,BEHHO-VC-Calibrated,0.3115275223216454
IMG_0067|r1|HHO-VC,IMG_0067,3096.jpg,1,HHO-VC,0.3025008189573939
IMG_0067|r1|EHHO-VC,IMG_0067,3096.jpg,1,EHHO-VC,0.302166116258755
IMG_0067|r1|BDA-EHHO-VC-Calibrated,IMG_0067,3096.jpg,1,BDA-EHHO-VC-Calibrated,0.30446280970443135
IMG_0067|r1|MO-BDA-EHHO-VC,IMG_0067,3096.jpg,1,MO-BDA-EHHO-VC,0.3035214700055326
IMG_0067|r2|EHHO-VC,IMG_0067,3096.jpg,2,EHHO-VC,0.3065705121969607
IMG_0067|r2|BDA-EHHO-VC-Calibrated,IMG_0067,3096.jpg,2,BDA-EHHO-VC-Calibrated,0.3081632496885437
IMG_0067|r2|BEHHO-VC-Calibrated,IMG_0067,3096.jpg,2,BEHHO-VC-Calibrated,0.3105226438016486
IMG_0067|r2|HHO-VC,IMG_0067,3096.jpg,2,HHO-VC,0.3069586874064663
IMG_0067|r2|MO-BDA-EHHO-VC,IMG_0067,3096.jpg,2,MO-BDA-EHHO-VC,0.30643870194970235
IMG_0067|r3|EHHO-VC,IMG_0067,3096.jpg,3,EHHO-VC,0.30136750820341246
IMG_0067|r3|BDA-EHHO-VC-Calibrated,IMG_0067,3096.jpg,3,BDA-EHHO-VC-Calibrated,0.30635836619042217
IMG_0067|r3|BEHHO-VC-Calibrated,IMG_0067,3096.jpg,3,BEHHO-VC-Calibrated,0.3050288766806138
IMG_0067|r3|HHO-VC,IMG_0067,3096.jpg,3,HHO-VC,0.3012665149193515
IMG_0067|r3|MO-BDA-EHHO-VC,IMG_0067,3096.jpg,3,MO-BDA-EHHO-VC,0.30558617267496313
IMG_0067|r4|BEHHO-VC-Calibrated,IMG_0067,3096.jpg,4,BEHHO-VC-Calibrated,0.3202259234334604
IMG_0067|r4|EHHO-VC,IMG_0067,3096.jpg,4,EHHO-VC,0.32312321747973743
IMG_0067|r4|BDA-EHHO-VC-Calibrated,IMG_0067,3096.jpg,4,BDA-EHHO-VC-Calibrated,0.3149264217073507
IMG_0067|r4|HHO-VC,IMG_0067,3096.jpg,4,HHO-VC,0.32312321747973743
IMG_0067|r4|MO-BDA-EHHO-VC,IMG_0067,3096.jpg,4,MO-BDA-EHHO-VC,0.31021956235508175
IMG_0067|r5|HHO-VC,IMG_0067,3096.jpg,5,HHO-VC,0.3010696165366368
IMG_0067|r5|BDA-EHHO-VC-Calibrated,IMG_0067,3096.jpg,5,BDA-EHHO-VC-Calibrated,0.3005486490008259
IMG_0067|r5|BEHHO-VC-Calibrated,IMG_0067,3096.jpg,5,BEHHO-VC-Calibrated,0.29993807521817956
IMG_0067|r5|EHHO-VC,IMG_0067,3096.jpg,5,EHHO-VC,0.301190056679067
IMG_0067|r5|MO-BDA-EHHO-VC,IMG_0067,3096.jpg,5,MO-BDA-EHHO-VC,0.3063508058750004
IMG_0068|r1|BDA-EHHO-VC-Calibrated,IMG_0068,33039.jpg,1,BDA-EHHO-VC-Calibrated,0.44724862361874723
IMG_0068|r1|EHHO-VC,IMG_0068,33039.jpg,1,EHHO-VC,0.447565809752316
IMG_0068|r1|HHO-VC,IMG_0068,33039.jpg,1,HHO-VC,0.454158066152159
IMG_0068|r1|BEHHO-VC-Calibrated,IMG_0068,33039.jpg,1,BEHHO-VC-Calibrated,0.4473432249228043
IMG_0068|r1|MO-BDA-EHHO-VC,IMG_0068,33039.jpg,1,MO-BDA-EHHO-VC,0.45099729553674295
IMG_0068|r2|EHHO-VC,IMG_0068,33039.jpg,2,EHHO-VC,0.4662041969448539
IMG_0068|r2|BEHHO-VC-Calibrated,IMG_0068,33039.jpg,2,BEHHO-VC-Calibrated,0.46358822621453455
IMG_0068|r2|HHO-VC,IMG_0068,33039.jpg,2,HHO-VC,0.46632530591697985
IMG_0068|r2|BDA-EHHO-VC-Calibrated,IMG_0068,33039.jpg,2,BDA-EHHO-VC-Calibrated,0.46288786839488044
IMG_0068|r2|MO-BDA-EHHO-VC,IMG_0068,33039.jpg,2,MO-BDA-EHHO-VC,0.4433144911524543
IMG_0068|r3|BEHHO-VC-Calibrated,IMG_0068,33039.jpg,3,BEHHO-VC-Calibrated,0.45890828937406997
IMG_0068|r3|EHHO-VC,IMG_0068,33039.jpg,3,EHHO-VC,0.4542562401920593
IMG_0068|r3|BDA-EHHO-VC-Calibrated,IMG_0068,33039.jpg,3,BDA-EHHO-VC-Calibrated,0.4616509821662405
IMG_0068|r3|HHO-VC,IMG_0068,33039.jpg,3,HHO-VC,0.44537001646251506
IMG_0068|r3|MO-BDA-EHHO-VC,IMG_0068,33039.jpg,3,MO-BDA-EHHO-VC,0.44582819866891055
IMG_0068|r4|BEHHO-VC-Calibrated,IMG_0068,33039.jpg,4,BEHHO-VC-Calibrated,0.4614488601389398
IMG_0068|r4|EHHO-VC,IMG_0068,33039.jpg,4,EHHO-VC,0.44672145035930355
IMG_0068|r4|HHO-VC,IMG_0068,33039.jpg,4,HHO-VC,0.46611483621778005
IMG_0068|r4|BDA-EHHO-VC-Calibrated,IMG_0068,33039.jpg,4,BDA-EHHO-VC-Calibrated,0.46744554486019846
IMG_0068|r4|MO-BDA-EHHO-VC,IMG_0068,33039.jpg,4,MO-BDA-EHHO-VC,0.4475126674231979
IMG_0068|r5|BDA-EHHO-VC-Calibrated,IMG_0068,33039.jpg,5,BDA-EHHO-VC-Calibrated,0.448844044895312
IMG_0068|r5|BEHHO-VC-Calibrated,IMG_0068,33039.jpg,5,BEHHO-VC-Calibrated,0.46647654609021016
IMG_0068|r5|EHHO-VC,IMG_0068,33039.jpg,5,EHHO-VC,0.4674414641524344
IMG_0068|r5|HHO-VC,IMG_0068,33039.jpg,5,HHO-VC,0.46344961760973574
IMG_0068|r5|MO-BDA-EHHO-VC,IMG_0068,33039.jpg,5,MO-BDA-EHHO-VC,0.4492472899384691
IMG_0069|r1|HHO-VC,IMG_0069,351093.jpg,1,HHO-VC,0.6213197948989
IMG_0069|r1|BEHHO-VC-Calibrated,IMG_0069,351093.jpg,1,BEHHO-VC-Calibrated,0.6459718500072498
IMG_0069|r1|BDA-EHHO-VC-Calibrated,IMG_0069,351093.jpg,1,BDA-EHHO-VC-Calibrated,0.6459159646297591
IMG_0069|r1|EHHO-VC,IMG_0069,351093.jpg,1,EHHO-VC,0.6213741817592242
IMG_0069|r1|MO-BDA-EHHO-VC,IMG_0069,351093.jpg,1,MO-BDA-EHHO-VC,0.6169985200993404
IMG_0069|r2|BDA-EHHO-VC-Calibrated,IMG_0069,351093.jpg,2,BDA-EHHO-VC-Calibrated,0.6385857266233254
IMG_0069|r2|HHO-VC,IMG_0069,351093.jpg,2,HHO-VC,0.6477584719148173
IMG_0069|r2|BEHHO-VC-Calibrated,IMG_0069,351093.jpg,2,BEHHO-VC-Calibrated,0.6724367045094874
IMG_0069|r2|EHHO-VC,IMG_0069,351093.jpg,2,EHHO-VC,0.6483976275842094
IMG_0069|r2|MO-BDA-EHHO-VC,IMG_0069,351093.jpg,2,MO-BDA-EHHO-VC,0.6195935539203226
IMG_0069|r3|BDA-EHHO-VC-Calibrated,IMG_0069,351093.jpg,3,BDA-EHHO-VC-Calibrated,0.619984065800664
IMG_0069|r3|HHO-VC,IMG_0069,351093.jpg,3,HHO-VC,0.626711002489118
IMG_0069|r3|BEHHO-VC-Calibrated,IMG_0069,351093.jpg,3,BEHHO-VC-Calibrated,0.6112243101470106
IMG_0069|r3|EHHO-VC,IMG_0069,351093.jpg,3,EHHO-VC,0.6266491569077562
IMG_0069|r3|MO-BDA-EHHO-VC,IMG_0069,351093.jpg,3,MO-BDA-EHHO-VC,0.6491759675599105
IMG_0069|r4|BDA-EHHO-VC-Calibrated,IMG_0069,351093.jpg,4,BDA-EHHO-VC-Calibrated,0.6419699202219225
IMG_0069|r4|BEHHO-VC-Calibrated,IMG_0069,351093.jpg,4,BEHHO-VC-Calibrated,0.6446654647536408
IMG_0069|r4|HHO-VC,IMG_0069,351093.jpg,4,HHO-VC,0.6452548391747909
IMG_0069|r4|EHHO-VC,IMG_0069,351093.jpg,4,EHHO-VC,0.6436913777982454
IMG_0069|r4|MO-BDA-EHHO-VC,IMG_0069,351093.jpg,4,MO-BDA-EHHO-VC,0.6134207976651034
IMG_0069|r5|BEHHO-VC-Calibrated,IMG_0069,351093.jpg,5,BEHHO-VC-Calibrated,0.635893128328748
IMG_0069|r5|HHO-VC,IMG_0069,351093.jpg,5,HHO-VC,0.6389392666140287
IMG_0069|r5|BDA-EHHO-VC-Calibrated,IMG_0069,351093.jpg,5,BDA-EHHO-VC-Calibrated,0.6364914261233074
IMG_0069|r5|EHHO-VC,IMG_0069,351093.jpg,5,EHHO-VC,0.6390469397288486
IMG_0069|r5|MO-BDA-EHHO-VC,IMG_0069,351093.jpg,5,MO-BDA-EHHO-VC,0.6143277984621537
IMG_0070|r1|BDA-EHHO-VC-Calibrated,IMG_0070,361010.jpg,1,BDA-EHHO-VC-Calibrated,0.39925097109975677
IMG_0070|r1|HHO-VC,IMG_0070,361010.jpg,1,HHO-VC,0.40122139418068015
IMG_0070|r1|EHHO-VC,IMG_0070,361010.jpg,1,EHHO-VC,0.40122139418068015
IMG_0070|r1|BEHHO-VC-Calibrated,IMG_0070,361010.jpg,1,BEHHO-VC-Calibrated,0.4030777775653758
IMG_0070|r1|MO-BDA-EHHO-VC,IMG_0070,361010.jpg,1,MO-BDA-EHHO-VC,0.39506500308751064
IMG_0070|r2|BDA-EHHO-VC-Calibrated,IMG_0070,361010.jpg,2,BDA-EHHO-VC-Calibrated,0.398477499188297
IMG_0070|r2|BEHHO-VC-Calibrated,IMG_0070,361010.jpg,2,BEHHO-VC-Calibrated,0.3948669109707819
IMG_0070|r2|HHO-VC,IMG_0070,361010.jpg,2,HHO-VC,0.39769275876639326
IMG_0070|r2|EHHO-VC,IMG_0070,361010.jpg,2,EHHO-VC,0.39723102075655187
IMG_0070|r2|MO-BDA-EHHO-VC,IMG_0070,361010.jpg,2,MO-BDA-EHHO-VC,0.40095471738843985
IMG_0070|r3|BEHHO-VC-Calibrated,IMG_0070,361010.jpg,3,BEHHO-VC-Calibrated,0.40143710445686326
IMG_0070|r3|EHHO-VC,IMG_0070,361010.jpg,3,EHHO-VC,0.4242078262930056
IMG_0070|r3|BDA-EHHO-VC-Calibrated,IMG_0070,361010.jpg,3,BDA-EHHO-VC-Calibrated,0.40068843004133886
IMG_0070|r3|HHO-VC,IMG_0070,361010.jpg,3,HHO-VC,0.4242078262930056
IMG_0070|r3|MO-BDA-EHHO-VC,IMG_0070,361010.jpg,3,MO-BDA-EHHO-VC,0.40002302915603694
IMG_0070|r4|HHO-VC,IMG_0070,361010.jpg,4,HHO-VC,0.4037287266495299
IMG_0070|r4|EHHO-VC,IMG_0070,361010.jpg,4,EHHO-VC,0.4043829182877787
IMG_0070|r4|BDA-EHHO-VC-Calibrated,IMG_0070,361010.jpg,4,BDA-EHHO-VC-Calibrated,0.40864090825220084
IMG_0070|r4|BEHHO-VC-Calibrated,IMG_0070,361010.jpg,4,BEHHO-VC-Calibrated,0.39875585086851784
IMG_0070|r4|MO-BDA-EHHO-VC,IMG_0070,361010.jpg,4,MO-BDA-EHHO-VC,0.40400503797586873
IMG_0070|r5|BEHHO-VC-Calibrated,IMG_0070,361010.jpg,5,BEHHO-VC-Calibrated,0.4037049112326414
IMG_0070|r5|BDA-EHHO-VC-Calibrated,IMG_0070,361010.jpg,5,BDA-EHHO-VC-Calibrated,0.40460338656762035
IMG_0070|r5|HHO-VC,IMG_0070,361010.jpg,5,HHO-VC,0.4048956820770681
IMG_0070|r5|EHHO-VC,IMG_0070,361010.jpg,5,EHHO-VC,0.40403301029630945
IMG_0070|r5|MO-BDA-EHHO-VC,IMG_0070,361010.jpg,5,MO-BDA-EHHO-VC,0.39239202944147483
IMG_0071|r1|BEHHO-VC-Calibrated,IMG_0071,37073.jpg,1,BEHHO-VC-Calibrated,0.3580901737859342
IMG_0071|r1|BDA-EHHO-VC-Calibrated,IMG_0071,37073.jpg,1,BDA-EHHO-VC-Calibrated,0.3492134068003162
IMG_0071|r1|EHHO-VC,IMG_0071,37073.jpg,1,EHHO-VC,0.3529415735851075
IMG_0071|r1|HHO-VC,IMG_0071,37073.jpg,1,HHO-VC,0.3511146695042177
IMG_0071|r1|MO-BDA-EHHO-VC,IMG_0071,37073.jpg,1,MO-BDA-EHHO-VC,0.3366336345723857
IMG_0071|r2|BDA-EHHO-VC-Calibrated,IMG_0071,37073.jpg,2,BDA-EHHO-VC-Calibrated,0.3380947650054787
IMG_0071|r2|BEHHO-VC-Calibrated,IMG_0071,37073.jpg,2,BEHHO-VC-Calibrated,0.32103503601611805
IMG_0071|r2|HHO-VC,IMG_0071,37073.jpg,2,HHO-VC,0.3609960948886668
IMG_0071|r2|EHHO-VC,IMG_0071,37073.jpg,2,EHHO-VC,0.3609960948886668
IMG_0071|r2|MO-BDA-EHHO-VC,IMG_0071,37073.jpg,2,MO-BDA-EHHO-VC,0.33295968532394493
IMG_0071|r3|BDA-EHHO-VC-Calibrated,IMG_0071,37073.jpg,3,BDA-EHHO-VC-Calibrated,0.3151196606669879
IMG_0071|r3|BEHHO-VC-Calibrated,IMG_0071,37073.jpg,3,BEHHO-VC-Calibrated,0.3295448864171175
IMG_0071|r3|EHHO-VC,IMG_0071,37073.jpg,3,EHHO-VC,0.33173267914916527
IMG_0071|r3|HHO-VC,IMG_0071,37073.jpg,3,HHO-VC,0.33173267914916527
IMG_0071|r3|MO-BDA-EHHO-VC,IMG_0071,37073.jpg,3,MO-BDA-EHHO-VC,0.3321132263136597
IMG_0071|r4|EHHO-VC,IMG_0071,37073.jpg,4,EHHO-VC,0.3297996174030194
IMG_0071|r4|BEHHO-VC-Calibrated,IMG_0071,37073.jpg,4,BEHHO-VC-Calibrated,0.322782442491397
IMG_0071|r4|BDA-EHHO-VC-Calibrated,IMG_0071,37073.jpg,4,BDA-EHHO-VC-Calibrated,0.3236445047058506
IMG_0071|r4|HHO-VC,IMG_0071,37073.jpg,4,HHO-VC,0.3297996174030194
IMG_0071|r4|MO-BDA-EHHO-VC,IMG_0071,37073.jpg,4,MO-BDA-EHHO-VC,0.3234835538027337
IMG_0071|r5|BDA-EHHO-VC-Calibrated,IMG_0071,37073.jpg,5,BDA-EHHO-VC-Calibrated,0.3241801187653789
IMG_0071|r5|HHO-VC,IMG_0071,37073.jpg,5,HHO-VC,0.3523757690610842
IMG_0071|r5|BEHHO-VC-Calibrated,IMG_0071,37073.jpg,5,BEHHO-VC-Calibrated,0.34910690202091427
IMG_0071|r5|EHHO-VC,IMG_0071,37073.jpg,5,EHHO-VC,0.35252475722546545
IMG_0071|r5|MO-BDA-EHHO-VC,IMG_0071,37073.jpg,5,MO-BDA-EHHO-VC,0.33071511826354505
IMG_0072|r1|BEHHO-VC-Calibrated,IMG_0072,376043.jpg,1,BEHHO-VC-Calibrated,0.39890983435572686
IMG_0072|r1|HHO-VC,IMG_0072,376043.jpg,1,HHO-VC,0.38625726975154046
IMG_0072|r1|BDA-EHHO-VC-Calibrated,IMG_0072,376043.jpg,1,BDA-EHHO-VC-Calibrated,0.3905226761060067
IMG_0072|r1|EHHO-VC,IMG_0072,376043.jpg,1,EHHO-VC,0.40930112808951646
IMG_0072|r1|MO-BDA-EHHO-VC,IMG_0072,376043.jpg,1,MO-BDA-EHHO-VC,0.3849075460268855
IMG_0072|r2|BDA-EHHO-VC-Calibrated,IMG_0072,376043.jpg,2,BDA-EHHO-VC-Calibrated,0.39567100538847566
IMG_0072|r2|EHHO-VC,IMG_0072,376043.jpg,2,EHHO-VC,0.39151107093717236
IMG_0072|r2|HHO-VC,IMG_0072,376043.jpg,2,HHO-VC,0.39631019492266245
IMG_0072|r2|BEHHO-VC-Calibrated,IMG_0072,376043.jpg,2,BEHHO-VC-Calibrated,0.3967327852298047
IMG_0072|r2|MO-BDA-EHHO-VC,IMG_0072,376043.jpg,2,MO-BDA-EHHO-VC,0.3908195518289408
IMG_0072|r3|BEHHO-VC-Calibrated,IMG_0072,376043.jpg,3,BEHHO-VC-Calibrated,0.3921740504896516
IMG_0072|r3|EHHO-VC,IMG_0072,376043.jpg,3,EHHO-VC,0.381840462366069
IMG_0072|r3|BDA-EHHO-VC-Calibrated,IMG_0072,376043.jpg,3,BDA-EHHO-VC-Calibrated,0.3836817674509145
IMG_0072|r3|HHO-VC,IMG_0072,376043.jpg,3,HHO-VC,0.38654794821704025
IMG_0072|r3|MO-BDA-EHHO-VC,IMG_0072,376043.jpg,3,MO-BDA-EHHO-VC,0.3861416299437621
IMG_0072|r4|BEHHO-VC-Calibrated,IMG_0072,376043.jpg,4,BEHHO-VC-Calibrated,0.3848536925370782
IMG_0072|r4|HHO-VC,IMG_0072,376043.jpg,4,HHO-VC,0.38333065725923254
IMG_0072|r4|EHHO-VC,IMG_0072,376043.jpg,4,EHHO-VC,0.38333065725923254
IMG_0072|r4|BDA-EHHO-VC-Calibrated,IMG_0072,376043.jpg,4,BDA-EHHO-VC-Calibrated,0.3874937242040477
IMG_0072|r4|MO-BDA-EHHO-VC,IMG_0072,376043.jpg,4,MO-BDA-EHHO-VC,0.38562754542747857
IMG_0072|r5|HHO-VC,IMG_0072,376043.jpg,5,HHO-VC,0.403969810388765
IMG_0072|r5|EHHO-VC,IMG_0072,376043.jpg,5,EHHO-VC,0.4136943063144704
IMG_0072|r5|BDA-EHHO-VC-Calibrated,IMG_0072,376043.jpg,5,BDA-EHHO-VC-Calibrated,0.38994887949042895
IMG_0072|r5|BEHHO-VC-Calibrated,IMG_0072,376043.jpg,5,BEHHO-VC-Calibrated,0.41460228919056763
IMG_0072|r5|MO-BDA-EHHO-VC,IMG_0072,376043.jpg,5,MO-BDA-EHHO-VC,0.38800134901073796
IMG_0073|r1|BDA-EHHO-VC-Calibrated,IMG_0073,38082.jpg,1,BDA-EHHO-VC-Calibrated,0.37239807837442823
IMG_0073|r1|HHO-VC,IMG_0073,38082.jpg,1,HHO-VC,0.3835775498067859
IMG_0073|r1|BEHHO-VC-Calibrated,IMG_0073,38082.jpg,1,BEHHO-VC-Calibrated,0.391770755910932
IMG_0073|r1|EHHO-VC,IMG_0073,38082.jpg,1,EHHO-VC,0.38359105339368144
IMG_0073|r1|MO-BDA-EHHO-VC,IMG_0073,38082.jpg,1,MO-BDA-EHHO-VC,0.3738873673843329
IMG_0073|r2|HHO-VC,IMG_0073,38082.jpg,2,HHO-VC,0.3735177754809313
IMG_0073|r2|BDA-EHHO-VC-Calibrated,IMG_0073,38082.jpg,2,BDA-EHHO-VC-Calibrated,0.3746363465830098
IMG_0073|r2|EHHO-VC,IMG_0073,38082.jpg,2,EHHO-VC,0.3747888482198435
IMG_0073|r2|BEHHO-VC-Calibrated,IMG_0073,38082.jpg,2,BEHHO-VC-Calibrated,0.37357136651857953
IMG_0073|r2|MO-BDA-EHHO-VC,IMG_0073,38082.jpg,2,MO-BDA-EHHO-VC,0.37639426807705
IMG_0073|r3|HHO-VC,IMG_0073,38082.jpg,3,HHO-VC,0.3965065357978939
IMG_0073|r3|BEHHO-VC-Calibrated,IMG_0073,38082.jpg,3,BEHHO-VC-Calibrated,0.38502192563269
IMG_0073|r3|BDA-EHHO-VC-Calibrated,IMG_0073,38082.jpg,3,BDA-EHHO-VC-Calibrated,0.3840674633258363
IMG_0073|r3|EHHO-VC,IMG_0073,38082.jpg,3,EHHO-VC,0.3965065357978939
IMG_0073|r3|MO-BDA-EHHO-VC,IMG_0073,38082.jpg,3,MO-BDA-EHHO-VC,0.3763107659594633
IMG_0073|r4|BEHHO-VC-Calibrated,IMG_0073,38082.jpg,4,BEHHO-VC-Calibrated,0.37849030414779744
IMG_0073|r4|HHO-VC,IMG_0073,38082.jpg,4,HHO-VC,0.38535858402322415
IMG_0073|r4|EHHO-VC,IMG_0073,38082.jpg,4,EHHO-VC,0.38481711982040756
IMG_0073|r4|BDA-EHHO-VC-Calibrated,IMG_0073,38082.jpg,4,BDA-EHHO-VC-Calibrated,0.37805399859879263
IMG_0073|r4|MO-BDA-EHHO-VC,IMG_0073,38082.jpg,4,MO-BDA-EHHO-VC,0.37195375533527286
IMG_0073|r5|HHO-VC,IMG_0073,38082.jpg,5,HHO-VC,0.36884788801830054
IMG_0073|r5|BEHHO-VC-Calibrated,IMG_0073,38082.jpg,5,BEHHO-VC-Calibrated,0.39381710386162305
IMG_0073|r5|BDA-EHHO-VC-Calibrated,IMG_0073,38082.jpg,5,BDA-EHHO-VC-Calibrated,0.3772467719531933
IMG_0073|r5|EHHO-VC,IMG_0073,38082.jpg,5,EHHO-VC,0.39771178384206446
IMG_0073|r5|MO-BDA-EHHO-VC,IMG_0073,38082.jpg,5,MO-BDA-EHHO-VC,0.3749626677449549
IMG_0074|r1|BDA-EHHO-VC-Calibrated,IMG_0074,38092.jpg,1,BDA-EHHO-VC-Calibrated,0.4643845623073598
IMG_0074|r1|EHHO-VC,IMG_0074,38092.jpg,1,EHHO-VC,0.4696655145921603
IMG_0074|r1|BEHHO-VC-Calibrated,IMG_0074,38092.jpg,1,BEHHO-VC-Calibrated,0.4662918106137285
IMG_0074|r1|HHO-VC,IMG_0074,38092.jpg,1,HHO-VC,0.4696877383636969
IMG_0074|r1|MO-BDA-EHHO-VC,IMG_0074,38092.jpg,1,MO-BDA-EHHO-VC,0.4691480689950006
IMG_0074|r2|BEHHO-VC-Calibrated,IMG_0074,38092.jpg,2,BEHHO-VC-Calibrated,0.47177859312085185
IMG_0074|r2|HHO-VC,IMG_0074,38092.jpg,2,HHO-VC,0.4700581345559733
IMG_0074|r2|EHHO-VC,IMG_0074,38092.jpg,2,EHHO-VC,0.4700269281476366
IMG_0074|r2|BDA-EHHO-VC-Calibrated,IMG_0074,38092.jpg,2,BDA-EHHO-VC-Calibrated,0.4703050004433009
IMG_0074|r2|MO-BDA-EHHO-VC,IMG_0074,38092.jpg,2,MO-BDA-EHHO-VC,0.46818168628040463
IMG_0074|r3|BEHHO-VC-Calibrated,IMG_0074,38092.jpg,3,BEHHO-VC-Calibrated,0.4630465642678774
IMG_0074|r3|EHHO-VC,IMG_0074,38092.jpg,3,EHHO-VC,0.46459035866488785
IMG_0074|r3|HHO-VC,IMG_0074,38092.jpg,3,HHO-VC,0.48780271975520384
IMG_0074|r3|BDA-EHHO-VC-Calibrated,IMG_0074,38092.jpg,3,BDA-EHHO-VC-Calibrated,0.46370377833905524
IMG_0074|r3|MO-BDA-EHHO-VC,IMG_0074,38092.jpg,3,MO-BDA-EHHO-VC,0.4699824044087753
IMG_0074|r4|BEHHO-VC-Calibrated,IMG_0074,38092.jpg,4,BEHHO-VC-Calibrated,0.4915818191912577
IMG_0074|r4|EHHO-VC,IMG_0074,38092.jpg,4,EHHO-VC,0.521150915500321
IMG_0074|r4|BDA-EHHO-VC-Calibrated,IMG_0074,38092.jpg,4,BDA-EHHO-VC-Calibrated,0.4723596875996923
IMG_0074|r4|HHO-VC,IMG_0074,38092.jpg,4,HHO-VC,0.521150915500321
IMG_0074|r4|MO-BDA-EHHO-VC,IMG_0074,38092.jpg,4,MO-BDA-EHHO-VC,0.4709253950164168
IMG_0074|r5|BDA-EHHO-VC-Calibrated,IMG_0074,38092.jpg,5,BDA-EHHO-VC-Calibrated,0.4638506245551703
IMG_0074|r5|HHO-VC,IMG_0074,38092.jpg,5,HHO-VC,0.46371381078449175
IMG_0074|r5|EHHO-VC,IMG_0074,38092.jpg,5,EHHO-VC,0.46376531067106586
IMG_0074|r5|BEHHO-VC-Calibrated,IMG_0074,38092.jpg,5,BEHHO-VC-Calibrated,0.46387021533891715
IMG_0074|r5|MO-BDA-EHHO-VC,IMG_0074,38092.jpg,5,MO-BDA-EHHO-VC,0.47622616667232864
IMG_0075|r1|HHO-VC,IMG_0075,385039.jpg,1,HHO-VC,0.5182512963038786
IMG_0075|r1|BDA-EHHO-VC-Calibrated,IMG_0075,385039.jpg,1,BDA-EHHO-VC-Calibrated,0.4840070634890025
IMG_0075|r1|EHHO-VC,IMG_0075,385039.jpg,1,EHHO-VC,0.5182512963038786
IMG_0075|r1|BEHHO-VC-Calibrated,IMG_0075,385039.jpg,1,BEHHO-VC-Calibrated,0.5182512963038786
IMG_0075|r1|MO-BDA-EHHO-VC,IMG_0075,385039.jpg,1,MO-BDA-EHHO-VC,0.47508426578115803
IMG_0075|r2|HHO-VC,IMG_0075,385039.jpg,2,HHO-VC,0.47632192243387794
IMG_0075|r2|BEHHO-VC-Calibrated,IMG_0075,385039.jpg,2,BEHHO-VC-Calibrated,0.4758192418872172
IMG_0075|r2|BDA-EHHO-VC-Calibrated,IMG_0075,385039.jpg,2,BDA-EHHO-VC-Calibrated,0.4746961752336392
IMG_0075|r2|EHHO-VC,IMG_0075,385039.jpg,2,EHHO-VC,0.4772637616384989
IMG_0075|r2|MO-BDA-EHHO-VC,IMG_0075,385039.jpg,2,MO-BDA-EHHO-VC,0.4839519062045984
IMG_0075|r3|BDA-EHHO-VC-Calibrated,IMG_0075,385039.jpg,3,BDA-EHHO-VC-Calibrated,0.4740362943098771
IMG_0075|r3|BEHHO-VC-Calibrated,IMG_0075,385039.jpg,3,BEHHO-VC-Calibrated,0.490149620813528
IMG_0075|r3|EHHO-VC,IMG_0075,385039.jpg,3,EHHO-VC,0.5041873655824437
IMG_0075|r3|HHO-VC,IMG_0075,385039.jpg,3,HHO-VC,0.48640518199487254
IMG_0075|r3|MO-BDA-EHHO-VC,IMG_0075,385039.jpg,3,MO-BDA-EHHO-VC,0.4928890964501998
IMG_0075|r4|BEHHO-VC-Calibrated,IMG_0075,385039.jpg,4,BEHHO-VC-Calibrated,0.48321689623374453
IMG_0075|r4|BDA-EHHO-VC-Calibrated,IMG_0075,385039.jpg,4,BDA-EHHO-VC-Calibrated,0.4734751292627307
IMG_0075|r4|EHHO-VC,IMG_0075,385039.jpg,4,EHHO-VC,0.4717108242548853
IMG_0075|r4|HHO-VC,IMG_0075,385039.jpg,4,HHO-VC,0.4718984944810382
IMG_0075|r4|MO-BDA-EHHO-VC,IMG_0075,385039.jpg,4,MO-BDA-EHHO-VC,0.4778068174866674
IMG_0075|r5|EHHO-VC,IMG_0075,385039.jpg,5,EHHO-VC,0.48485113503125987
IMG_0075|r5|BEHHO-VC-Calibrated,IMG_0075,385039.jpg,5,BEHHO-VC-Calibrated,0.4850494472691543
IMG_0075|r5|HHO-VC,IMG_0075,385039.jpg,5,HHO-VC,0.5016426463802204
IMG_0075|r5|BDA-EHHO-VC-Calibrated,IMG_0075,385039.jpg,5,BDA-EHHO-VC-Calibrated,0.48518457626629535
IMG_0075|r5|MO-BDA-EHHO-VC,IMG_0075,385039.jpg,5,MO-BDA-EHHO-VC,0.4672741890321039
IMG_0076|r1|EHHO-VC,IMG_0076,41033.jpg,1,EHHO-VC,0.45183301004448156
IMG_0076|r1|BEHHO-VC-Calibrated,IMG_0076,41033.jpg,1,BEHHO-VC-Calibrated,0.4719647500222908
IMG_0076|r1|BDA-EHHO-VC-Calibrated,IMG_0076,41033.jpg,1,BDA-EHHO-VC-Calibrated,0.4686783918156467
IMG_0076|r1|HHO-VC,IMG_0076,41033.jpg,1,HHO-VC,0.4519969664481301
IMG_0076|r1|MO-BDA-EHHO-VC,IMG_0076,41033.jpg,1,MO-BDA-EHHO-VC,0.4729717874229511
IMG_0076|r2|BEHHO-VC-Calibrated,IMG_0076,41033.jpg,2,BEHHO-VC-Calibrated,0.46358756495461645
IMG_0076|r2|BDA-EHHO-VC-Calibrated,IMG_0076,41033.jpg,2,BDA-EHHO-VC-Calibrated,0.45993730413008405
IMG_0076|r2|HHO-VC,IMG_0076,41033.jpg,2,HHO-VC,0.46253444603453764
IMG_0076|r2|EHHO-VC,IMG_0076,41033.jpg,2,EHHO-VC,0.4627022714909832
IMG_0076|r2|MO-BDA-EHHO-VC,IMG_0076,41033.jpg,2,MO-BDA-EHHO-VC,0.4541073273270452
IMG_0076|r3|BEHHO-VC-Calibrated,IMG_0076,41033.jpg,3,BEHHO-VC-Calibrated,0.4767669133731072
IMG_0076|r3|HHO-VC,IMG_0076,41033.jpg,3,HHO-VC,0.4886600260908489
IMG_0076|r3|EHHO-VC,IMG_0076,41033.jpg,3,EHHO-VC,0.4886600260908489
IMG_0076|r3|BDA-EHHO-VC-Calibrated,IMG_0076,41033.jpg,3,BDA-EHHO-VC-Calibrated,0.4812192195296465
IMG_0076|r3|MO-BDA-EHHO-VC,IMG_0076,41033.jpg,3,MO-BDA-EHHO-VC,0.46208543272131325
IMG_0076|r4|EHHO-VC,IMG_0076,41033.jpg,4,EHHO-VC,0.5066291348790891
IMG_0076|r4|HHO-VC,IMG_0076,41033.jpg,4,HHO-VC,0.5066291348790891
IMG_0076|r4|BDA-EHHO-VC-Calibrated,IMG_0076,41033.jpg,4,BDA-EHHO-VC-Calibrated,0.4909921421118049
IMG_0076|r4|BEHHO-VC-Calibrated,IMG_0076,41033.jpg,4,BEHHO-VC-Calibrated,0.4790279895209344
IMG_0076|r4|MO-BDA-EHHO-VC,IMG_0076,41033.jpg,4,MO-BDA-EHHO-VC,0.45821825095418645
IMG_0076|r5|HHO-VC,IMG_0076,41033.jpg,5,HHO-VC,0.4665939883018864
IMG_0076|r5|BEHHO-VC-Calibrated,IMG_0076,41033.jpg,5,BEHHO-VC-Calibrated,0.4866420145071419
IMG_0076|r5|EHHO-VC,IMG_0076,41033.jpg,5,EHHO-VC,0.4731779901580158
IMG_0076|r5|BDA-EHHO-VC-Calibrated,IMG_0076,41033.jpg,5,BDA-EHHO-VC-Calibrated,0.46734192615812553
IMG_0076|r5|MO-BDA-EHHO-VC,IMG_0076,41033.jpg,5,MO-BDA-EHHO-VC,0.4559551090538813
IMG_0077|r1|HHO-VC,IMG_0077,41069.jpg,1,HHO-VC,0.4390337758523251
IMG_0077|r1|BDA-EHHO-VC-Calibrated,IMG_0077,41069.jpg,1,BDA-EHHO-VC-Calibrated,0.4303054297957768
IMG_0077|r1|BEHHO-VC-Calibrated,IMG_0077,41069.jpg,1,BEHHO-VC-Calibrated,0.4321954747864265
IMG_0077|r1|EHHO-VC,IMG_0077,41069.jpg,1,EHHO-VC,0.4432174071937355
IMG_0077|r1|MO-BDA-EHHO-VC,IMG_0077,41069.jpg,1,MO-BDA-EHHO-VC,0.39997277549390864
IMG_0077|r2|BEHHO-VC-Calibrated,IMG_0077,41069.jpg,2,BEHHO-VC-Calibrated,0.4299485964537868
IMG_0077|r2|HHO-VC,IMG_0077,41069.jpg,2,HHO-VC,0.43148747198936377
IMG_0077|r2|EHHO-VC,IMG_0077,41069.jpg,2,EHHO-VC,0.4162112832112509
IMG_0077|r2|BDA-EHHO-VC-Calibrated,IMG_0077,41069.jpg,2,BDA-EHHO-VC-Calibrated,0.4154487919594798
IMG_0077|r2|MO-BDA-EHHO-VC,IMG_0077,41069.jpg,2,MO-BDA-EHHO-VC,0.4012554638574106
IMG_0077|r3|HHO-VC,IMG_0077,41069.jpg,3,HHO-VC,0.41644865002365894
IMG_0077|r3|BDA-EHHO-VC-Calibrated,IMG_0077,41069.jpg,3,BDA-EHHO-VC-Calibrated,0.40780699784159996
IMG_0077|r3|BEHHO-VC-Calibrated,IMG_0077,41069.jpg,3,BEHHO-VC-Calibrated,0.41657058021705695
IMG_0077|r3|EHHO-VC,IMG_0077,41069.jpg,3,EHHO-VC,0.42046456596920656
IMG_0077|r3|MO-BDA-EHHO-VC,IMG_0077,41069.jpg,3,MO-BDA-EHHO-VC,0.40275060301060367
IMG_0077|r4|BEHHO-VC-Calibrated,IMG_0077,41069.jpg,4,BEHHO-VC-Calibrated,0.4175302407699006
IMG_0077|r4|BDA-EHHO-VC-Calibrated,IMG_0077,41069.jpg,4,BDA-EHHO-VC-Calibrated,0.4111524331826372
IMG_0077|r4|HHO-VC,IMG_0077,41069.jpg,4,HHO-VC,0.415711599698923
IMG_0077|r4|EHHO-VC,IMG_0077,41069.jpg,4,EHHO-VC,0.41565364856895437
IMG_0077|r4|MO-BDA-EHHO-VC,IMG_0077,41069.jpg,4,MO-BDA-EHHO-VC,0.40414241220889996
IMG_0077|r5|BEHHO-VC-Calibrated,IMG_0077,41069.jpg,5,BEHHO-VC-Calibrated,0.4182724046786395
IMG_0077|r5|BDA-EHHO-VC-Calibrated,IMG_0077,41069.jpg,5,BDA-EHHO-VC-Calibrated,0.41127813930064683
IMG_0077|r5|EHHO-VC,IMG_0077,41069.jpg,5,EHHO-VC,0.4157983528368032
IMG_0077|r5|HHO-VC,IMG_0077,41069.jpg,5,HHO-VC,0.4157983528368032
IMG_0077|r5|MO-BDA-EHHO-VC,IMG_0077,41069.jpg,5,MO-BDA-EHHO-VC,0.40387457554744044
IMG_0078|r1|EHHO-VC,IMG_0078,42012.jpg,1,EHHO-VC,0.45891538809905935
IMG_0078|r1|BEHHO-VC-Calibrated,IMG_0078,42012.jpg,1,BEHHO-VC-Calibrated,0.46100871498622903
IMG_0078|r1|BDA-EHHO-VC-Calibrated,IMG_0078,42012.jpg,1,BDA-EHHO-VC-Calibrated,0.4604271210016664
IMG_0078|r1|HHO-VC,IMG_0078,42012.jpg,1,HHO-VC,0.45800578817901416
IMG_0078|r1|MO-BDA-EHHO-VC,IMG_0078,42012.jpg,1,MO-BDA-EHHO-VC,0.45439680007304967
IMG_0078|r2|BEHHO-VC-Calibrated,IMG_0078,42012.jpg,2,BEHHO-VC-Calibrated,0.4661935928484021
IMG_0078|r2|BDA-EHHO-VC-Calibrated,IMG_0078,42012.jpg,2,BDA-EHHO-VC-Calibrated,0.4629353424213776
IMG_0078|r2|HHO-VC,IMG_0078,42012.jpg,2,HHO-VC,0.46632480199555404
IMG_0078|r2|EHHO-VC,IMG_0078,42012.jpg,2,EHHO-VC,0.46289081868251636
IMG_0078|r2|MO-BDA-EHHO-VC,IMG_0078,42012.jpg,2,MO-BDA-EHHO-VC,0.4502267146495283
IMG_0078|r3|HHO-VC,IMG_0078,42012.jpg,3,HHO-VC,0.4671424505317293
IMG_0078|r3|EHHO-VC,IMG_0078,42012.jpg,3,EHHO-VC,0.46430182921942026
IMG_0078|r3|BDA-EHHO-VC-Calibrated,IMG_0078,42012.jpg,3,BDA-EHHO-VC-Calibrated,0.45171475066202826
IMG_0078|r3|BEHHO-VC-Calibrated,IMG_0078,42012.jpg,3,BEHHO-VC-Calibrated,0.4573522484380637
IMG_0078|r3|MO-BDA-EHHO-VC,IMG_0078,42012.jpg,3,MO-BDA-EHHO-VC,0.45618639361635405
IMG_0078|r4|EHHO-VC,IMG_0078,42012.jpg,4,EHHO-VC,0.49062333404559794
IMG_0078|r4|BEHHO-VC-Calibrated,IMG_0078,42012.jpg,4,BEHHO-VC-Calibrated,0.480812415163761
IMG_0078|r4|HHO-VC,IMG_0078,42012.jpg,4,HHO-VC,0.49062333404559794
IMG_0078|r4|BDA-EHHO-VC-Calibrated,IMG_0078,42012.jpg,4,BDA-EHHO-VC-Calibrated,0.4750951657961543
IMG_0078|r4|MO-BDA-EHHO-VC,IMG_0078,42012.jpg,4,MO-BDA-EHHO-VC,0.4643497648363498
IMG_0078|r5|BDA-EHHO-VC-Calibrated,IMG_0078,42012.jpg,5,BDA-EHHO-VC-Calibrated,0.4578011516907053
IMG_0078|r5|EHHO-VC,IMG_0078,42012.jpg,5,EHHO-VC,0.45117116144334285
IMG_0078|r5|HHO-VC,IMG_0078,42012.jpg,5,HHO-VC,0.45135820517079345
IMG_0078|r5|BEHHO-VC-Calibrated,IMG_0078,42012.jpg,5,BEHHO-VC-Calibrated,0.451306713750418
IMG_0078|r5|MO-BDA-EHHO-VC,IMG_0078,42012.jpg,5,MO-BDA-EHHO-VC,0.4532776363370635
IMG_0079|r1|BDA-EHHO-VC-Calibrated,IMG_0079,42049.jpg,1,BDA-EHHO-VC-Calibrated,0.4355489033478448
IMG_0079|r1|EHHO-VC,IMG_0079,42049.jpg,1,EHHO-VC,0.4688658588198305
IMG_0079|r1|BEHHO-VC-Calibrated,IMG_0079,42049.jpg,1,BEHHO-VC-Calibrated,0.4599155121014794
IMG_0079|r1|HHO-VC,IMG_0079,42049.jpg,1,HHO-VC,0.4674293988896927
IMG_0079|r1|MO-BDA-EHHO-VC,IMG_0079,42049.jpg,1,MO-BDA-EHHO-VC,0.435495142986223
IMG_0079|r2|BDA-EHHO-VC-Calibrated,IMG_0079,42049.jpg,2,BDA-EHHO-VC-Calibrated,0.4531461089604435
IMG_0079|r2|BEHHO-VC-Calibrated,IMG_0079,42049.jpg,2,BEHHO-VC-Calibrated,0.45337175008767894
IMG_0079|r2|HHO-VC,IMG_0079,42049.jpg,2,HHO-VC,0.4516043549173151
IMG_0079|r2|EHHO-VC,IMG_0079,42049.jpg,2,EHHO-VC,0.45297940104222373
IMG_0079|r2|MO-BDA-EHHO-VC,IMG_0079,42049.jpg,2,MO-BDA-EHHO-VC,0.4297920321704129
IMG_0079|r3|HHO-VC,IMG_0079,42049.jpg,3,HHO-VC,0.4304998825758994
IMG_0079|r3|BDA-EHHO-VC-Calibrated,IMG_0079,42049.jpg,3,BDA-EHHO-VC-Calibrated,0.4356281977646873
IMG_0079|r3|BEHHO-VC-Calibrated,IMG_0079,42049.jpg,3,BEHHO-VC-Calibrated,0.43858916609124116
IMG_0079|r3|EHHO-VC,IMG_0079,42049.jpg,3,EHHO-VC,0.4340530868987573
IMG_0079|r3|MO-BDA-EHHO-VC,IMG_0079,42049.jpg,3,MO-BDA-EHHO-VC,0.42787561497087306
IMG_0079|r4|HHO-VC,IMG_0079,42049.jpg,4,HHO-VC,0.44774524990372955
IMG_0079|r4|EHHO-VC,IMG_0079,42049.jpg,4,EHHO-VC,0.443728749790473
IMG_0079|r4|BEHHO-VC-Calibrated,IMG_0079,42049.jpg,4,BEHHO-VC-Calibrated,0.4371331661745485
IMG_0079|r4|BDA-EHHO-VC-Calibrated,IMG_0079,42049.jpg,4,BDA-EHHO-VC-Calibrated,0.4533132232561999
IMG_0079|r4|MO-BDA-EHHO-VC,IMG_0079,42049.jpg,4,MO-BDA-EHHO-VC,0.43132908747327353
IMG_0079|r5|HHO-VC,IMG_0079,42049.jpg,5,HHO-VC,0.44982398953057257
IMG_0079|r5|EHHO-VC,IMG_0079,42049.jpg,5,EHHO-VC,0.4754317938079755
IMG_0079|r5|BDA-EHHO-VC-Calibrated,IMG_0079,42049.jpg,5,BDA-EHHO-VC-Calibrated,0.4569420984628651
IMG_0079|r5|BEHHO-VC-Calibrated,IMG_0079,42049.jpg,5,BEHHO-VC-Calibrated,0.4422621671254296
IMG_0079|r5|MO-BDA-EHHO-VC,IMG_0079,42049.jpg,5,MO-BDA-EHHO-VC,0.4330051323598737
IMG_0080|r1|BDA-EHHO-VC-Calibrated,IMG_0080,43074.jpg,1,BDA-EHHO-VC-Calibrated,0.41431242089048037
IMG_0080|r1|HHO-VC,IMG_0080,43074.jpg,1,HHO-VC,0.42513344193689995
IMG_0080|r1|BEHHO-VC-Calibrated,IMG_0080,43074.jpg,1,BEHHO-VC-Calibrated,0.4234662696265171
IMG_0080|r1|EHHO-VC,IMG_0080,43074.jpg,1,EHHO-VC,0.425170523887121
IMG_0080|r1|MO-BDA-EHHO-VC,IMG_0080,43074.jpg,1,MO-BDA-EHHO-VC,0.4080341927320983
IMG_0080|r2|BEHHO-VC-Calibrated,IMG_0080,43074.jpg,2,BEHHO-VC-Calibrated,0.42486546981626155
IMG_0080|r2|BDA-EHHO-VC-Calibrated,IMG_0080,43074.jpg,2,BDA-EHHO-VC-Calibrated,0.4243641523275884
IMG_0080|r2|HHO-VC,IMG_0080,43074.jpg,2,HHO-VC,0.4263148830303807
IMG_0080|r2|EHHO-VC,IMG_0080,43074.jpg,2,EHHO-VC,0.42948162231586656
IMG_0080|r2|MO-BDA-EHHO-VC,IMG_0080,43074.jpg,2,MO-BDA-EHHO-VC,0.39744545031267964
IMG_0080|r3|HHO-VC,IMG_0080,43074.jpg,3,HHO-VC,0.4227784841119037
IMG_0080|r3|BDA-EHHO-VC-Calibrated,IMG_0080,43074.jpg,3,BDA-EHHO-VC-Calibrated,0.3978995094803177
IMG_0080|r3|BEHHO-VC-Calibrated,IMG_0080,43074.jpg,3,BEHHO-VC-Calibrated,0.39871460969069006
IMG_0080|r3|EHHO-VC,IMG_0080,43074.jpg,3,EHHO-VC,0.4227784841119037
IMG_0080|r3|MO-BDA-EHHO-VC,IMG_0080,43074.jpg,3,MO-BDA-EHHO-VC,0.40268948997123283
IMG_0080|r4|BDA-EHHO-VC-Calibrated,IMG_0080,43074.jpg,4,BDA-EHHO-VC-Calibrated,0.4211757734382749
IMG_0080|r4|EHHO-VC,IMG_0080,43074.jpg,4,EHHO-VC,0.4222905008861525
IMG_0080|r4|HHO-VC,IMG_0080,43074.jpg,4,HHO-VC,0.42211845079656524
IMG_0080|r4|BEHHO-VC-Calibrated,IMG_0080,43074.jpg,4,BEHHO-VC-Calibrated,0.42166811675634663
IMG_0080|r4|MO-BDA-EHHO-VC,IMG_0080,43074.jpg,4,MO-BDA-EHHO-VC,0.4003726723712926
IMG_0080|r5|BEHHO-VC-Calibrated,IMG_0080,43074.jpg,5,BEHHO-VC-Calibrated,0.400948043699825
IMG_0080|r5|EHHO-VC,IMG_0080,43074.jpg,5,EHHO-VC,0.408220305177694
IMG_0080|r5|HHO-VC,IMG_0080,43074.jpg,5,HHO-VC,0.40371125009139863
IMG_0080|r5|BDA-EHHO-VC-Calibrated,IMG_0080,43074.jpg,5,BDA-EHHO-VC-Calibrated,0.4041075105206442
IMG_0080|r5|MO-BDA-EHHO-VC,IMG_0080,43074.jpg,5,MO-BDA-EHHO-VC,0.39841703127326555
IMG_0081|r1|BDA-EHHO-VC-Calibrated,IMG_0081,45096.jpg,1,BDA-EHHO-VC-Calibrated,0.5420514787824988
IMG_0081|r1|HHO-VC,IMG_0081,45096.jpg,1,HHO-VC,0.5652427844366962
IMG_0081|r1|BEHHO-VC-Calibrated,IMG_0081,45096.jpg,1,BEHHO-VC-Calibrated,0.6176998425012309
IMG_0081|r1|EHHO-VC,IMG_0081,45096.jpg,1,EHHO-VC,0.5652427844366962
IMG_0081|r1|MO-BDA-EHHO-VC,IMG_0081,45096.jpg,1,MO-BDA-EHHO-VC,0.42922908646587893
IMG_0081|r2|BDA-EHHO-VC-Calibrated,IMG_0081,45096.jpg,2,BDA-EHHO-VC-Calibrated,0.564491324641806
IMG_0081|r2|BEHHO-VC-Calibrated,IMG_0081,45096.jpg,2,BEHHO-VC-Calibrated,0.45736797936562945
IMG_0081|r2|HHO-VC,IMG_0081,45096.jpg,2,HHO-VC,0.5260805283420597
IMG_0081|r2|EHHO-VC,IMG_0081,45096.jpg,2,EHHO-VC,0.4264094867248938
IMG_0081|r2|MO-BDA-EHHO-VC,IMG_0081,45096.jpg,2,MO-BDA-EHHO-VC,0.5685398523846712
IMG_0081|r3|EHHO-VC,IMG_0081,45096.jpg,3,EHHO-VC,0.6044119574156548
IMG_0081|r3|HHO-VC,IMG_0081,45096.jpg,3,HHO-VC,0.5969302252500304
IMG_0081|r3|BEHHO-VC-Calibrated,IMG_0081,45096.jpg,3,BEHHO-VC-Calibrated,0.5433109782278147
IMG_0081|r3|BDA-EHHO-VC-Calibrated,IMG_0081,45096.jpg,3,BDA-EHHO-VC-Calibrated,0.5994118204748912
IMG_0081|r3|MO-BDA-EHHO-VC,IMG_0081,45096.jpg,3,MO-BDA-EHHO-VC,0.49185200879193486
IMG_0081|r4|BDA-EHHO-VC-Calibrated,IMG_0081,45096.jpg,4,BDA-EHHO-VC-Calibrated,0.5864947464253266
IMG_0081|r4|EHHO-VC,IMG_0081,45096.jpg,4,EHHO-VC,0.5623098900249672
IMG_0081|r4|HHO-VC,IMG_0081,45096.jpg,4,HHO-VC,0.5432646342562371
IMG_0081|r4|BEHHO-VC-Calibrated,IMG_0081,45096.jpg,4,BEHHO-VC-Calibrated,0.5723471103975367
IMG_0081|r4|MO-BDA-EHHO-VC,IMG_0081,45096.jpg,4,MO-BDA-EHHO-VC,0.4533144142345492
IMG_0081|r5|HHO-VC,IMG_0081,45096.jpg,5,HHO-VC,0.5786182862124178
IMG_0081|r5|BDA-EHHO-VC-Calibrated,IMG_0081,45096.jpg,5,BDA-EHHO-VC-Calibrated,0.556052048473008
IMG_0081|r5|EHHO-VC,IMG_0081,45096.jpg,5,EHHO-VC,0.5817382836149881
IMG_0081|r5|BEHHO-VC-Calibrated,IMG_0081,45096.jpg,5,BEHHO-VC-Calibrated,0.5124481959631632
IMG_0081|r5|MO-BDA-EHHO-VC,IMG_0081,45096.jpg,5,MO-BDA-EHHO-VC,0.4282054214510099
IMG_0082|r1|HHO-VC,IMG_0082,54082.jpg,1,HHO-VC,0.3601500434179454
IMG_0082|r1|EHHO-VC,IMG_0082,54082.jpg,1,EHHO-VC,0.35918379616252827
IMG_0082|r1|BEHHO-VC-Calibrated,IMG_0082,54082.jpg,1,BEHHO-VC-Calibrated,0.35917053809539445
IMG_0082|r1|BDA-EHHO-VC-Calibrated,IMG_0082,54082.jpg,1,BDA-EHHO-VC-Calibrated,0.36447384961091045
IMG_0082|r1|MO-BDA-EHHO-VC,IMG_0082,54082.jpg,1,MO-BDA-EHHO-VC,0.3629533880574638
IMG_0082|r2|HHO-VC,IMG_0082,54082.jpg,2,HHO-VC,0.38731611929210263
IMG_0082|r2|BEHHO-VC-Calibrated,IMG_0082,54082.jpg,2,BEHHO-VC-Calibrated,0.3795149743826565
IMG_0082|r2|EHHO-VC,IMG_0082,54082.jpg,2,EHHO-VC,0.38731611929210263
IMG_0082|r2|BDA-EHHO-VC-Calibrated,IMG_0082,54082.jpg,2,BDA-EHHO-VC-Calibrated,0.36905698393566105
IMG_0082|r2|MO-BDA-EHHO-VC,IMG_0082,54082.jpg,2,MO-BDA-EHHO-VC,0.36511034689391686
IMG_0082|r3|BDA-EHHO-VC-Calibrated,IMG_0082,54082.jpg,3,BDA-EHHO-VC-Calibrated,0.36158250730230596
IMG_0082|r3|BEHHO-VC-Calibrated,IMG_0082,54082.jpg,3,BEHHO-VC-Calibrated,0.3853677591249409
IMG_0082|r3|EHHO-VC,IMG_0082,54082.jpg,3,EHHO-VC,0.38153382412003284
IMG_0082|r3|HHO-VC,IMG_0082,54082.jpg,3,HHO-VC,0.3781796939929506
IMG_0082|r3|MO-BDA-EHHO-VC,IMG_0082,54082.jpg,3,MO-BDA-EHHO-VC,0.3573568836154398
IMG_0082|r4|BEHHO-VC-Calibrated,IMG_0082,54082.jpg,4,BEHHO-VC-Calibrated,0.35751665771694013
IMG_0082|r4|HHO-VC,IMG_0082,54082.jpg,4,HHO-VC,0.36497134037778006
IMG_0082|r4|EHHO-VC,IMG_0082,54082.jpg,4,EHHO-VC,0.36360667381245376
IMG_0082|r4|BDA-EHHO-VC-Calibrated,IMG_0082,54082.jpg,4,BDA-EHHO-VC-Calibrated,0.3589656052901318
IMG_0082|r4|MO-BDA-EHHO-VC,IMG_0082,54082.jpg,4,MO-BDA-EHHO-VC,0.36052706017759
IMG_0082|r5|EHHO-VC,IMG_0082,54082.jpg,5,EHHO-VC,0.37846719763394515
IMG_0082|r5|HHO-VC,IMG_0082,54082.jpg,5,HHO-VC,0.37846719763394515
IMG_0082|r5|BDA-EHHO-VC-Calibrated,IMG_0082,54082.jpg,5,BDA-EHHO-VC-Calibrated,0.3658735069753837
IMG_0082|r5|BEHHO-VC-Calibrated,IMG_0082,54082.jpg,5,BEHHO-VC-Calibrated,0.374262197607065
IMG_0082|r5|MO-BDA-EHHO-VC,IMG_0082,54082.jpg,5,MO-BDA-EHHO-VC,0.37182310269958085
IMG_0083|r1|BEHHO-VC-Calibrated,IMG_0083,55073.jpg,1,BEHHO-VC-Calibrated,0.456840604776661
IMG_0083|r1|HHO-VC,IMG_0083,55073.jpg,1,HHO-VC,0.46201821864036613
IMG_0083|r1|EHHO-VC,IMG_0083,55073.jpg,1,EHHO-VC,0.46029486463553876
IMG_0083|r1|BDA-EHHO-VC-Calibrated,IMG_0083,55073.jpg,1,BDA-EHHO-VC-Calibrated,0.4512967939552251
IMG_0083|r1|MO-BDA-EHHO-VC,IMG_0083,55073.jpg,1,MO-BDA-EHHO-VC,0.45755864001916025
IMG_0083|r2|BDA-EHHO-VC-Calibrated,IMG_0083,55073.jpg,2,BDA-EHHO-VC-Calibrated,0.4958441704432283
IMG_0083|r2|BEHHO-VC-Calibrated,IMG_0083,55073.jpg,2,BEHHO-VC-Calibrated,0.5031590930962488
IMG_0083|r2|HHO-VC,IMG_0083,55073.jpg,2,HHO-VC,0.497932273685812
IMG_0083|r2|EHHO-VC,IMG_0083,55073.jpg,2,EHHO-VC,0.49794617518404555
IMG_0083|r2|MO-BDA-EHHO-VC,IMG_0083,55073.jpg,2,MO-BDA-EHHO-VC,0.467828342207499
IMG_0083|r3|HHO-VC,IMG_0083,55073.jpg,3,HHO-VC,0.4714463129502636
IMG_0083|r3|BEHHO-VC-Calibrated,IMG_0083,55073.jpg,3,BEHHO-VC-Calibrated,0.4696632637785394
IMG_0083|r3|EHHO-VC,IMG_0083,55073.jpg,3,EHHO-VC,0.5085341133145895
IMG_0083|r3|BDA-EHHO-VC-Calibrated,IMG_0083,55073.jpg,3,BDA-EHHO-VC-Calibrated,0.5016057911581201
IMG_0083|r3|MO-BDA-EHHO-VC,IMG_0083,55073.jpg,3,MO-BDA-EHHO-VC,0.47346716071052863
IMG_0083|r4|HHO-VC,IMG_0083,55073.jpg,4,HHO-VC,0.4849950077523944
IMG_0083|r4|BDA-EHHO-VC-Calibrated,IMG_0083,55073.jpg,4,BDA-EHHO-VC-Calibrated,0.45683390801350465
IMG_0083|r4|BEHHO-VC-Calibrated,IMG_0083,55073.jpg,4,BEHHO-VC-Calibrated,0.46152475778406854
IMG_0083|r4|EHHO-VC,IMG_0083,55073.jpg,4,EHHO-VC,0.4723894813480774
IMG_0083|r4|MO-BDA-EHHO-VC,IMG_0083,55073.jpg,4,MO-BDA-EHHO-VC,0.4525408933851409
IMG_0083|r5|HHO-VC,IMG_0083,55073.jpg,5,HHO-VC,0.4565717775699558
IMG_0083|r5|BDA-EHHO-VC-Calibrated,IMG_0083,55073.jpg,5,BDA-EHHO-VC-Calibrated,0.45704977914746264
IMG_0083|r5|EHHO-VC,IMG_0083,55073.jpg,5,EHHO-VC,0.46944134777872343
IMG_0083|r5|BEHHO-VC-Calibrated,IMG_0083,55073.jpg,5,BEHHO-VC-Calibrated,0.4546359643092388
IMG_0083|r5|MO-BDA-EHHO-VC,IMG_0083,55073.jpg,5,MO-BDA-EHHO-VC,0.4635524800976622
IMG_0084|r1|EHHO-VC,IMG_0084,58060.jpg,1,EHHO-VC,0.538173895144866
IMG_0084|r1|BDA-EHHO-VC-Calibrated,IMG_0084,58060.jpg,1,BDA-EHHO-VC-Calibrated,0.527926306667481
IMG_0084|r1|HHO-VC,IMG_0084,58060.jpg,1,HHO-VC,0.5370831947688441
IMG_0084|r1|BEHHO-VC-Calibrated,IMG_0084,58060.jpg,1,BEHHO-VC-Calibrated,0.54265491864733
IMG_0084|r1|MO-BDA-EHHO-VC,IMG_0084,58060.jpg,1,MO-BDA-EHHO-VC,0.4974500317711951
IMG_0084|r2|BEHHO-VC-Calibrated,IMG_0084,58060.jpg,2,BEHHO-VC-Calibrated,0.5349348968536413
IMG_0084|r2|BDA-EHHO-VC-Calibrated,IMG_0084,58060.jpg,2,BDA-EHHO-VC-Calibrated,0.5803597271052995
IMG_0084|r2|HHO-VC,IMG_0084,58060.jpg,2,HHO-VC,0.5538328576977264
IMG_0084|r2|EHHO-VC,IMG_0084,58060.jpg,2,EHHO-VC,0.5173292673733554
IMG_0084|r2|MO-BDA-EHHO-VC,IMG_0084,58060.jpg,2,MO-BDA-EHHO-VC,0.5101554169889497
IMG_0084|r3|HHO-VC,IMG_0084,58060.jpg,3,HHO-VC,0.5133330607383362
IMG_0084|r3|BDA-EHHO-VC-Calibrated,IMG_0084,58060.jpg,3,BDA-EHHO-VC-Calibrated,0.5321366150009339
IMG_0084|r3|BEHHO-VC-Calibrated,IMG_0084,58060.jpg,3,BEHHO-VC-Calibrated,0.5332747260895673
IMG_0084|r3|EHHO-VC,IMG_0084,58060.jpg,3,EHHO-VC,0.5255003682327465
IMG_0084|r3|MO-BDA-EHHO-VC,IMG_0084,58060.jpg,3,MO-BDA-EHHO-VC,0.5103235641609452
IMG_0084|r4|HHO-VC,IMG_0084,58060.jpg,4,HHO-VC,0.5772478149224692
IMG_0084|r4|BDA-EHHO-VC-Calibrated,IMG_0084,58060.jpg,4,BDA-EHHO-VC-Calibrated,0.5663982119893038
IMG_0084|r4|BEHHO-VC-Calibrated,IMG_0084,58060.jpg,4,BEHHO-VC-Calibrated,0.5381591978239566
IMG_0084|r4|EHHO-VC,IMG_0084,58060.jpg,4,EHHO-VC,0.5772478149224692
IMG_0084|r4|MO-BDA-EHHO-VC,IMG_0084,58060.jpg,4,MO-BDA-EHHO-VC,0.5069084096737732
IMG_0084|r5|EHHO-VC,IMG_0084,58060.jpg,5,EHHO-VC,0.5205436882898103
IMG_0084|r5|HHO-VC,IMG_0084,58060.jpg,5,HHO-VC,0.5555989490734934
IMG_0084|r5|BDA-EHHO-VC-Calibrated,IMG_0084,58060.jpg,5,BDA-EHHO-VC-Calibrated,0.538256440582002
IMG_0084|r5|BEHHO-VC-Calibrated,IMG_0084,58060.jpg,5,BEHHO-VC-Calibrated,0.529692719758798
IMG_0084|r5|MO-BDA-EHHO-VC,IMG_0084,58060.jpg,5,MO-BDA-EHHO-VC,0.5349199963439635
IMG_0085|r1|BEHHO-VC-Calibrated,IMG_0085,62096.jpg,1,BEHHO-VC-Calibrated,0.6040410868838468
IMG_0085|r1|EHHO-VC,IMG_0085,62096.jpg,1,EHHO-VC,0.5982389215434737
IMG_0085|r1|HHO-VC,IMG_0085,62096.jpg,1,HHO-VC,0.5984768301925973
IMG_0085|r1|BDA-EHHO-VC-Calibrated,IMG_0085,62096.jpg,1,BDA-EHHO-VC-Calibrated,0.5963521275731174
IMG_0085|r1|MO-BDA-EHHO-VC,IMG_0085,62096.jpg,1,MO-BDA-EHHO-VC,0.583353701820431
IMG_0085|r2|EHHO-VC,IMG_0085,62096.jpg,2,EHHO-VC,0.584361568908562
IMG_0085|r2|BDA-EHHO-VC-Calibrated,IMG_0085,62096.jpg,2,BDA-EHHO-VC-Calibrated,0.6265514138471701
IMG_0085|r2|HHO-VC,IMG_0085,62096.jpg,2,HHO-VC,0.612449317502083
IMG_0085|r2|BEHHO-VC-Calibrated,IMG_0085,62096.jpg,2,BEHHO-VC-Calibrated,0.6260531865210152
IMG_0085|r2|MO-BDA-EHHO-VC,IMG_0085,62096.jpg,2,MO-BDA-EHHO-VC,0.5907990547303249
IMG_0085|r3|HHO-VC,IMG_0085,62096.jpg,3,HHO-VC,0.5832838895461108
IMG_0085|r3|BDA-EHHO-VC-Calibrated,IMG_0085,62096.jpg,3,BDA-EHHO-VC-Calibrated,0.5956553594217038
IMG_0085|r3|EHHO-VC,IMG_0085,62096.jpg,3,EHHO-VC,0.5837239032901377
IMG_0085|r3|BEHHO-VC-Calibrated,IMG_0085,62096.jpg,3,BEHHO-VC-Calibrated,0.5946751429384637
IMG_0085|r3|MO-BDA-EHHO-VC,IMG_0085,62096.jpg,3,MO-BDA-EHHO-VC,0.5819055416037165
IMG_0085|r4|EHHO-VC,IMG_0085,62096.jpg,4,EHHO-VC,0.6018126056009401
IMG_0085|r4|HHO-VC,IMG_0085,62096.jpg,4,HHO-VC,0.6010278651790363
IMG_0085|r4|BEHHO-VC-Calibrated,IMG_0085,62096.jpg,4,BEHHO-VC-Calibrated,0.5918300514732512
IMG_0085|r4|BDA-EHHO-VC-Calibrated,IMG_0085,62096.jpg,4,BDA-EHHO-VC-Calibrated,0.5989348007440258
IMG_0085|r4|MO-BDA-EHHO-VC,IMG_0085,62096.jpg,4,MO-BDA-EHHO-VC,0.5863462406018648
IMG_0085|r5|BDA-EHHO-VC-Calibrated,IMG_0085,62096.jpg,5,BDA-EHHO-VC-Calibrated,0.5931054250410932
IMG_0085|r5|HHO-VC,IMG_0085,62096.jpg,5,HHO-VC,0.6057632640870576
IMG_0085|r5|EHHO-VC,IMG_0085,62096.jpg,5,EHHO-VC,0.6039170994041695
IMG_0085|r5|BEHHO-VC-Calibrated,IMG_0085,62096.jpg,5,BEHHO-VC-Calibrated,0.5988190847404593
IMG_0085|r5|MO-BDA-EHHO-VC,IMG_0085,62096.jpg,5,MO-BDA-EHHO-VC,0.5997102283473809
IMG_0086|r1|EHHO-VC,IMG_0086,65033.jpg,1,EHHO-VC,0.4361446187858028
IMG_0086|r1|BDA-EHHO-VC-Calibrated,IMG_0086,65033.jpg,1,BDA-EHHO-VC-Calibrated,0.4377455176929139
IMG_0086|r1|HHO-VC,IMG_0086,65033.jpg,1,HHO-VC,0.4296516200992912
IMG_0086|r1|BEHHO-VC-Calibrated,IMG_0086,65033.jpg,1,BEHHO-VC-Calibrated,0.4421881977815533
IMG_0086|r1|MO-BDA-EHHO-VC,IMG_0086,65033.jpg,1,MO-BDA-EHHO-VC,0.42064476150474706
IMG_0086|r2|HHO-VC,IMG_0086,65033.jpg,2,HHO-VC,0.4465264473094675
IMG_0086|r2|BEHHO-VC-Calibrated,IMG_0086,65033.jpg,2,BEHHO-VC-Calibrated,0.4432026600384565
IMG_0086|r2|BDA-EHHO-VC-Calibrated,IMG_0086,65033.jpg,2,BDA-EHHO-VC-Calibrated,0.4441972775256523
IMG_0086|r2|EHHO-VC,IMG_0086,65033.jpg,2,EHHO-VC,0.4465264473094675
IMG_0086|r2|MO-BDA-EHHO-VC,IMG_0086,65033.jpg,2,MO-BDA-EHHO-VC,0.4208733150043286
IMG_0086|r3|EHHO-VC,IMG_0086,65033.jpg,3,EHHO-VC,0.44469808704240466
IMG_0086|r3|HHO-VC,IMG_0086,65033.jpg,3,HHO-VC,0.4400336518117242
IMG_0086|r3|BDA-EHHO-VC-Calibrated,IMG_0086,65033.jpg,3,BDA-EHHO-VC-Calibrated,0.42779769191221295
IMG_0086|r3|BEHHO-VC-Calibrated,IMG_0086,65033.jpg,3,BEHHO-VC-Calibrated,0.43132554843622123
IMG_0086|r3|MO-BDA-EHHO-VC,IMG_0086,65033.jpg,3,MO-BDA-EHHO-VC,0.42626688466397855
IMG_0086|r4|HHO-VC,IMG_0086,65033.jpg,4,HHO-VC,0.42971294924253345
IMG_0086|r4|BEHHO-VC-Calibrated,IMG_0086,65033.jpg,4,BEHHO-VC-Calibrated,0.4476393714570261
IMG_0086|r4|EHHO-VC,IMG_0086,65033.jpg,4,EHHO-VC,0.42971294924253345
IMG_0086|r4|BDA-EHHO-VC-Calibrated,IMG_0086,65033.jpg,4,BDA-EHHO-VC-Calibrated,0.43062336191765205
IMG_0086|r4|MO-BDA-EHHO-VC,IMG_0086,65033.jpg,4,MO-BDA-EHHO-VC,0.42614350675060614
IMG_0086|r5|HHO-VC,IMG_0086,65033.jpg,5,HHO-VC,0.4245925076185184
IMG_0086|r5|BEHHO-VC-Calibrated,IMG_0086,65033.jpg,5,BEHHO-VC-Calibrated,0.4235565242845692
IMG_0086|r5|BDA-EHHO-VC-Calibrated,IMG_0086,65033.jpg,5,BDA-EHHO-VC-Calibrated,0.42768779218714004
IMG_0086|r5|EHHO-VC,IMG_0086,65033.jpg,5,EHHO-VC,0.4246767801601852
IMG_0086|r5|MO-BDA-EHHO-VC,IMG_0086,65033.jpg,5,MO-BDA-EHHO-VC,0.42811510663314606
IMG_0087|r1|HHO-VC,IMG_0087,66053.jpg,1,HHO-VC,0.44651544181559594
IMG_0087|r1|EHHO-VC,IMG_0087,66053.jpg,1,EHHO-VC,0.4407095513478034
IMG_0087|r1|BDA-EHHO-VC-Calibrated,IMG_0087,66053.jpg,1,BDA-EHHO-VC-Calibrated,0.43938448965990495
IMG_0087|r1|BEHHO-VC-Calibrated,IMG_0087,66053.jpg,1,BEHHO-VC-Calibrated,0.44709356465869954
IMG_0087|r1|MO-BDA-EHHO-VC,IMG_0087,66053.jpg,1,MO-BDA-EHHO-VC,0.4374011048288016
IMG_0087|r2|EHHO-VC,IMG_0087,66053.jpg,2,EHHO-VC,0.4646143204972124
IMG_0087|r2|BDA-EHHO-VC-Calibrated,IMG_0087,66053.jpg,2,BDA-EHHO-VC-Calibrated,0.4646143204972124
IMG_0087|r2|HHO-VC,IMG_0087,66053.jpg,2,HHO-VC,0.4646143204972124
IMG_0087|r2|BEHHO-VC-Calibrated,IMG_0087,66053.jpg,2,BEHHO-VC-Calibrated,0.4604174564872643
IMG_0087|r2|MO-BDA-EHHO-VC,IMG_0087,66053.jpg,2,MO-BDA-EHHO-VC,0.4353690986186755
IMG_0087|r3|HHO-VC,IMG_0087,66053.jpg,3,HHO-VC,0.4477408648112223
IMG_0087|r3|BDA-EHHO-VC-Calibrated,IMG_0087,66053.jpg,3,BDA-EHHO-VC-Calibrated,0.4380975173998706
IMG_0087|r3|EHHO-VC,IMG_0087,66053.jpg,3,EHHO-VC,0.4546121332547833
IMG_0087|r3|BEHHO-VC-Calibrated,IMG_0087,66053.jpg,3,BEHHO-VC-Calibrated,0.4479919807302877
IMG_0087|r3|MO-BDA-EHHO-VC,IMG_0087,66053.jpg,3,MO-BDA-EHHO-VC,0.44168219058322433
IMG_0087|r4|HHO-VC,IMG_0087,66053.jpg,4,HHO-VC,0.46486984730579034
IMG_0087|r4|EHHO-VC,IMG_0087,66053.jpg,4,EHHO-VC,0.46486984730579034
IMG_0087|r4|BDA-EHHO-VC-Calibrated,IMG_0087,66053.jpg,4,BDA-EHHO-VC-Calibrated,0.45383046606300065
IMG_0087|r4|BEHHO-VC-Calibrated,IMG_0087,66053.jpg,4,BEHHO-VC-Calibrated,0.4469061738171031
IMG_0087|r4|MO-BDA-EHHO-VC,IMG_0087,66053.jpg,4,MO-BDA-EHHO-VC,0.44219802760263477
IMG_0087|r5|BDA-EHHO-VC-Calibrated,IMG_0087,66053.jpg,5,BDA-EHHO-VC-Calibrated,0.4468220198022179
IMG_0087|r5|EHHO-VC,IMG_0087,66053.jpg,5,EHHO-VC,0.4494562097920979
IMG_0087|r5|HHO-VC,IMG_0087,66053.jpg,5,HHO-VC,0.45034091062182346
IMG_0087|r5|BEHHO-VC-Calibrated,IMG_0087,66053.jpg,5,BEHHO-VC-Calibrated,0.4482909137395011
IMG_0087|r5|MO-BDA-EHHO-VC,IMG_0087,66053.jpg,5,MO-BDA-EHHO-VC,0.43332628107283433
IMG_0088|r1|EHHO-VC,IMG_0088,69015.jpg,1,EHHO-VC,0.46030738524696635
IMG_0088|r1|BDA-EHHO-VC-Calibrated,IMG_0088,69015.jpg,1,BDA-EHHO-VC-Calibrated,0.463903724852102
IMG_0088|r1|BEHHO-VC-Calibrated,IMG_0088,69015.jpg,1,BEHHO-VC-Calibrated,0.4633480543678994
IMG_0088|r1|HHO-VC,IMG_0088,69015.jpg,1,HHO-VC,0.4616736011266512
IMG_0088|r1|MO-BDA-EHHO-VC,IMG_0088,69015.jpg,1,MO-BDA-EHHO-VC,0.44649407093887467
IMG_0088|r2|EHHO-VC,IMG_0088,69015.jpg,2,EHHO-VC,0.4629391369716263
IMG_0088|r2|BDA-EHHO-VC-Calibrated,IMG_0088,69015.jpg,2,BDA-EHHO-VC-Calibrated,0.4641571605096058
IMG_0088|r2|BEHHO-VC-Calibrated,IMG_0088,69015.jpg,2,BEHHO-VC-Calibrated,0.4615109993147915
IMG_0088|r2|HHO-VC,IMG_0088,69015.jpg,2,HHO-VC,0.4629391369716263
IMG_0088|r2|MO-BDA-EHHO-VC,IMG_0088,69015.jpg,2,MO-BDA-EHHO-VC,0.4565643602834906
IMG_0088|r3|BEHHO-VC-Calibrated,IMG_0088,69015.jpg,3,BEHHO-VC-Calibrated,0.4732882690359865
IMG_0088|r3|HHO-VC,IMG_0088,69015.jpg,3,HHO-VC,0.47184773686428333
IMG_0088|r3|EHHO-VC,IMG_0088,69015.jpg,3,EHHO-VC,0.47184773686428333
IMG_0088|r3|BDA-EHHO-VC-Calibrated,IMG_0088,69015.jpg,3,BDA-EHHO-VC-Calibrated,0.4669174545288334
IMG_0088|r3|MO-BDA-EHHO-VC,IMG_0088,69015.jpg,3,MO-BDA-EHHO-VC,0.45659793722745784
IMG_0088|r4|BEHHO-VC-Calibrated,IMG_0088,69015.jpg,4,BEHHO-VC-Calibrated,0.4743459935681475
IMG_0088|r4|HHO-VC,IMG_0088,69015.jpg,4,HHO-VC,0.4596226221652819
IMG_0088|r4|EHHO-VC,IMG_0088,69015.jpg,4,EHHO-VC,0.4596226221652819
IMG_0088|r4|BDA-EHHO-VC-Calibrated,IMG_0088,69015.jpg,4,BDA-EHHO-VC-Calibrated,0.4711703309092523
IMG_0088|r4|MO-BDA-EHHO-VC,IMG_0088,69015.jpg,4,MO-BDA-EHHO-VC,0.4522436527192426
IMG_0088|r5|BDA-EHHO-VC-Calibrated,IMG_0088,69015.jpg,5,BDA-EHHO-VC-Calibrated,0.4525697876248168
IMG_0088|r5|EHHO-VC,IMG_0088,69015.jpg,5,EHHO-VC,0.4436636005987837
IMG_0088|r5|HHO-VC,IMG_0088,69015.jpg,5,HHO-VC,0.4436636005987837
IMG_0088|r5|BEHHO-VC-Calibrated,IMG_0088,69015.jpg,5,BEHHO-VC-Calibrated,0.4552355226709806
IMG_0088|r5|MO-BDA-EHHO-VC,IMG_0088,69015.jpg,5,MO-BDA-EHHO-VC,0.45438618515314394
IMG_0089|r1|BDA-EHHO-VC-Calibrated,IMG_0089,69020.jpg,1,BDA-EHHO-VC-Calibrated,0.3551657646633339
IMG_0089|r1|BEHHO-VC-Calibrated,IMG_0089,69020.jpg,1,BEHHO-VC-Calibrated,0.3541311189887762
IMG_0089|r1|HHO-VC,IMG_0089,69020.jpg,1,HHO-VC,0.35451754169515487
IMG_0089|r1|EHHO-VC,IMG_0089,69020.jpg,1,EHHO-VC,0.3545283953618634
IMG_0089|r1|MO-BDA-EHHO-VC,IMG_0089,69020.jpg,1,MO-BDA-EHHO-VC,0.3580357298202699
IMG_0089|r2|BEHHO-VC-Calibrated,IMG_0089,69020.jpg,2,BEHHO-VC-Calibrated,0.3788887306622757
IMG_0089|r2|BDA-EHHO-VC-Calibrated,IMG_0089,69020.jpg,2,BDA-EHHO-VC-Calibrated,0.3782106728099463
IMG_0089|r2|EHHO-VC,IMG_0089,69020.jpg,2,EHHO-VC,0.3816768784751624
IMG_0089|r2|HHO-VC,IMG_0089,69020.jpg,2,HHO-VC,0.3788887306622757
IMG_0089|r2|MO-BDA-EHHO-VC,IMG_0089,69020.jpg,2,MO-BDA-EHHO-VC,0.36091389025752874
IMG_0089|r3|HHO-VC,IMG_0089,69020.jpg,3,HHO-VC,0.36879285646524707
IMG_0089|r3|BEHHO-VC-Calibrated,IMG_0089,69020.jpg,3,BEHHO-VC-Calibrated,0.37435856934266964
IMG_0089|r3|BDA-EHHO-VC-Calibrated,IMG_0089,69020.jpg,3,BDA-EHHO-VC-Calibrated,0.3729475080085737
IMG_0089|r3|EHHO-VC,IMG_0089,69020.jpg,3,EHHO-VC,0.37740658712405745
IMG_0089|r3|MO-BDA-EHHO-VC,IMG_0089,69020.jpg,3,MO-BDA-EHHO-VC,0.3614053869557325
IMG_0089|r4|BEHHO-VC-Calibrated,IMG_0089,69020.jpg,4,BEHHO-VC-Calibrated,0.37351808746865284
IMG_0089|r4|HHO-VC,IMG_0089,69020.jpg,4,HHO-VC,0.36806174941198494
IMG_0089|r4|BDA-EHHO-VC-Calibrated,IMG_0089,69020.jpg,4,BDA-EHHO-VC-Calibrated,0.3679556848749143
IMG_0089|r4|EHHO-VC,IMG_0089,69020.jpg,4,EHHO-VC,0.36930049820433464
IMG_0089|r4|MO-BDA-EHHO-VC,IMG_0089,69020.jpg,4,MO-BDA-EHHO-VC,0.362552108168424
IMG_0089|r5|BEHHO-VC-Calibrated,IMG_0089,69020.jpg,5,BEHHO-VC-Calibrated,0.3570158237976151
IMG_0089|r5|EHHO-VC,IMG_0089,69020.jpg,5,EHHO-VC,0.35971491566658054
IMG_0089|r5|HHO-VC,IMG_0089,69020.jpg,5,HHO-VC,0.35971491566658054
IMG_0089|r5|BDA-EHHO-VC-Calibrated,IMG_0089,69020.jpg,5,BDA-EHHO-VC-Calibrated,0.3667382624370411
IMG_0089|r5|MO-BDA-EHHO-VC,IMG_0089,69020.jpg,5,MO-BDA-EHHO-VC,0.35821639003391526
IMG_0090|r1|EHHO-VC,IMG_0090,69040.jpg,1,EHHO-VC,0.39211224863371597
IMG_0090|r1|BDA-EHHO-VC-Calibrated,IMG_0090,69040.jpg,1,BDA-EHHO-VC-Calibrated,0.3762567178798894
IMG_0090|r1|HHO-VC,IMG_0090,69040.jpg,1,HHO-VC,0.3890623767548171
IMG_0090|r1|BEHHO-VC-Calibrated,IMG_0090,69040.jpg,1,BEHHO-VC-Calibrated,0.3864151064879756
IMG_0090|r1|MO-BDA-EHHO-VC,IMG_0090,69040.jpg,1,MO-BDA-EHHO-VC,0.368171506606113
IMG_0090|r2|EHHO-VC,IMG_0090,69040.jpg,2,EHHO-VC,0.3687117347439222
IMG_0090|r2|HHO-VC,IMG_0090,69040.jpg,2,HHO-VC,0.36989039892423564
IMG_0090|r2|BEHHO-VC-Calibrated,IMG_0090,69040.jpg,2,BEHHO-VC-Calibrated,0.36896699910034103
IMG_0090|r2|BDA-EHHO-VC-Calibrated,IMG_0090,69040.jpg,2,BDA-EHHO-VC-Calibrated,0.36772659093305
IMG_0090|r2|MO-BDA-EHHO-VC,IMG_0090,69040.jpg,2,MO-BDA-EHHO-VC,0.36851249969037164
IMG_0090|r3|BDA-EHHO-VC-Calibrated,IMG_0090,69040.jpg,3,BDA-EHHO-VC-Calibrated,0.3687467763402612
IMG_0090|r3|BEHHO-VC-Calibrated,IMG_0090,69040.jpg,3,BEHHO-VC-Calibrated,0.36621123449740767
IMG_0090|r3|EHHO-VC,IMG_0090,69040.jpg,3,EHHO-VC,0.3645065992578631
IMG_0090|r3|HHO-VC,IMG_0090,69040.jpg,3,HHO-VC,0.365343897841176
IMG_0090|r3|MO-BDA-EHHO-VC,IMG_0090,69040.jpg,3,MO-BDA-EHHO-VC,0.3686240672565846
IMG_0090|r4|EHHO-VC,IMG_0090,69040.jpg,4,EHHO-VC,0.39211224863371597
IMG_0090|r4|BDA-EHHO-VC-Calibrated,IMG_0090,69040.jpg,4,BDA-EHHO-VC-Calibrated,0.3726181488757349
IMG_0090|r4|BEHHO-VC-Calibrated,IMG_0090,69040.jpg,4,BEHHO-VC-Calibrated,0.3755512295438348
IMG_0090|r4|HHO-VC,IMG_0090,69040.jpg,4,HHO-VC,0.39211224863371597
IMG_0090|r4|MO-BDA-EHHO-VC,IMG_0090,69040.jpg,4,MO-BDA-EHHO-VC,0.36762099203690685
IMG_0090|r5|BEHHO-VC-Calibrated,IMG_0090,69040.jpg,5,BEHHO-VC-Calibrated,0.3762206180087153
IMG_0090|r5|EHHO-VC,IMG_0090,69040.jpg,5,EHHO-VC,0.38540392911616056
IMG_0090|r5|BDA-EHHO-VC-Calibrated,IMG_0090,69040.jpg,5,BDA-EHHO-VC-Calibrated,0.37398715860098436
IMG_0090|r5|HHO-VC,IMG_0090,69040.jpg,5,HHO-VC,0.372390560522803
IMG_0090|r5|MO-BDA-EHHO-VC,IMG_0090,69040.jpg,5,MO-BDA-EHHO-VC,0.36693733802724954
IMG_0091|r1|BEHHO-VC-Calibrated,IMG_0091,76053.jpg,1,BEHHO-VC-Calibrated,0.39759944283050064
IMG_0091|r1|BDA-EHHO-VC-Calibrated,IMG_0091,76053.jpg,1,BDA-EHHO-VC-Calibrated,0.3875243108202394
IMG_0091|r1|HHO-VC,IMG_0091,76053.jpg,1,HHO-VC,0.39634926466993214
IMG_0091|r1|EHHO-VC,IMG_0091,76053.jpg,1,EHHO-VC,0.39634926466993214
IMG_0091|r1|MO-BDA-EHHO-VC,IMG_0091,76053.jpg,1,MO-BDA-EHHO-VC,0.3843639296499627
IMG_0091|r2|BEHHO-VC-Calibrated,IMG_0091,76053.jpg,2,BEHHO-VC-Calibrated,0.3709796399600106
IMG_0091|r2|HHO-VC,IMG_0091,76053.jpg,2,HHO-VC,0.37092636217171354
IMG_0091|r2|BDA-EHHO-VC-Calibrated,IMG_0091,76053.jpg,2,BDA-EHHO-VC-Calibrated,0.378827721474942
IMG_0091|r2|EHHO-VC,IMG_0091,76053.jpg,2,EHHO-VC,0.38342093057612253
IMG_0091|r2|MO-BDA-EHHO-VC,IMG_0091,76053.jpg,2,MO-BDA-EHHO-VC,0.38485954092072516
IMG_0091|r3|EHHO-VC,IMG_0091,76053.jpg,3,EHHO-VC,0.37536428425669444
IMG_0091|r3|HHO-VC,IMG_0091,76053.jpg,3,HHO-VC,0.37489071896729625
IMG_0091|r3|BEHHO-VC-Calibrated,IMG_0091,76053.jpg,3,BEHHO-VC-Calibrated,0.37453281888427253
IMG_0091|r3|BDA-EHHO-VC-Calibrated,IMG_0091,76053.jpg,3,BDA-EHHO-VC-Calibrated,0.3721965205611682
IMG_0091|r3|MO-BDA-EHHO-VC,IMG_0091,76053.jpg,3,MO-BDA-EHHO-VC,0.376102985490173
IMG_0091|r4|EHHO-VC,IMG_0091,76053.jpg,4,EHHO-VC,0.3930810241284645
IMG_0091|r4|BEHHO-VC-Calibrated,IMG_0091,76053.jpg,4,BEHHO-VC-Calibrated,0.3710829445163113
IMG_0091|r4|BDA-EHHO-VC-Calibrated,IMG_0091,76053.jpg,4,BDA-EHHO-VC-Calibrated,0.38242649934529765
IMG_0091|r4|HHO-VC,IMG_0091,76053.jpg,4,HHO-VC,0.3866485418301219
IMG_0091|r4|MO-BDA-EHHO-VC,IMG_0091,76053.jpg,4,MO-BDA-EHHO-VC,0.376333410019663
IMG_0091|r5|HHO-VC,IMG_0091,76053.jpg,5,HHO-VC,0.39874933886769737
IMG_0091|r5|BEHHO-VC-Calibrated,IMG_0091,76053.jpg,5,BEHHO-VC-Calibrated,0.391161736887572
IMG_0091|r5|EHHO-VC,IMG_0091,76053.jpg,5,EHHO-VC,0.39874933886769737
IMG_0091|r5|BDA-EHHO-VC-Calibrated,IMG_0091,76053.jpg,5,BDA-EHHO-VC-Calibrated,0.3858504163481042
IMG_0091|r5|MO-BDA-EHHO-VC,IMG_0091,76053.jpg,5,MO-BDA-EHHO-VC,0.37367280548989956
IMG_0092|r1|EHHO-VC,IMG_0092,78004.jpg,1,EHHO-VC,0.5093475116530232
IMG_0092|r1|HHO-VC,IMG_0092,78004.jpg,1,HHO-VC,0.5089802310218613
IMG_0092|r1|BDA-EHHO-VC-Calibrated,IMG_0092,78004.jpg,1,BDA-EHHO-VC-Calibrated,0.5088691375627745
IMG_0092|r1|BEHHO-VC-Calibrated,IMG_0092,78004.jpg,1,BEHHO-VC-Calibrated,0.507480274601619
IMG_0092|r1|MO-BDA-EHHO-VC,IMG_0092,78004.jpg,1,MO-BDA-EHHO-VC,0.5189919512040048
IMG_0092|r2|HHO-VC,IMG_0092,78004.jpg,2,HHO-VC,0.5201588643005496
IMG_0092|r2|BDA-EHHO-VC-Calibrated,IMG_0092,78004.jpg,2,BDA-EHHO-VC-Calibrated,0.5055413457797875
IMG_0092|r2|BEHHO-VC-Calibrated,IMG_0092,78004.jpg,2,BEHHO-VC-Calibrated,0.49620198569826135
IMG_0092|r2|EHHO-VC,IMG_0092,78004.jpg,2,EHHO-VC,0.5050994610058521
IMG_0092|r2|MO-BDA-EHHO-VC,IMG_0092,78004.jpg,2,MO-BDA-EHHO-VC,0.5156830305778769
IMG_0092|r3|BDA-EHHO-VC-Calibrated,IMG_0092,78004.jpg,3,BDA-EHHO-VC-Calibrated,0.5442301297132113
IMG_0092|r3|EHHO-VC,IMG_0092,78004.jpg,3,EHHO-VC,0.5226084234296029
IMG_0092|r3|BEHHO-VC-Calibrated,IMG_0092,78004.jpg,3,BEHHO-VC-Calibrated,0.5203216185039855
IMG_0092|r3|HHO-VC,IMG_0092,78004.jpg,3,HHO-VC,0.5226199120612125
IMG_0092|r3|MO-BDA-EHHO-VC,IMG_0092,78004.jpg,3,MO-BDA-EHHO-VC,0.49945740841492653
IMG_0092|r4|HHO-VC,IMG_0092,78004.jpg,4,HHO-VC,0.4959492866000428
IMG_0092|r4|BDA-EHHO-VC-Calibrated,IMG_0092,78004.jpg,4,BDA-EHHO-VC-Calibrated,0.5186938478822621
IMG_0092|r4|BEHHO-VC-Calibrated,IMG_0092,78004.jpg,4,BEHHO-VC-Calibrated,0.5190748691538827
IMG_0092|r4|EHHO-VC,IMG_0092,78004.jpg,4,EHHO-VC,0.4969770831198679
IMG_0092|r4|MO-BDA-EHHO-VC,IMG_0092,78004.jpg,4,MO-BDA-EHHO-VC,0.5016461832260213
IMG_0092|r5|BEHHO-VC-Calibrated,IMG_0092,78004.jpg,5,BEHHO-VC-Calibrated,0.49979525207327596
IMG_0092|r5|EHHO-VC,IMG_0092,78004.jpg,5,EHHO-VC,0.5193761303677331
IMG_0092|r5|HHO-VC,IMG_0092,78004.jpg,5,HHO-VC,0.5306380625752399
IMG_0092|r5|BDA-EHHO-VC-Calibrated,IMG_0092,78004.jpg,5,BDA-EHHO-VC-Calibrated,0.49969752674190576
IMG_0092|r5|MO-BDA-EHHO-VC,IMG_0092,78004.jpg,5,MO-BDA-EHHO-VC,0.4954567570256001
IMG_0093|r1|EHHO-VC,IMG_0093,8023.jpg,1,EHHO-VC,0.34908507031737857
IMG_0093|r1|HHO-VC,IMG_0093,8023.jpg,1,HHO-VC,0.35030070638733013
IMG_0093|r1|BEHHO-VC-Calibrated,IMG_0093,8023.jpg,1,BEHHO-VC-Calibrated,0.34983186523679577
IMG_0093|r1|BDA-EHHO-VC-Calibrated,IMG_0093,8023.jpg,1,BDA-EHHO-VC-Calibrated,0.3443322056414792
IMG_0093|r1|MO-BDA-EHHO-VC,IMG_0093,8023.jpg,1,MO-BDA-EHHO-VC,0.34747122659248475
IMG_0093|r2|HHO-VC,IMG_0093,8023.jpg,2,HHO-VC,0.3426469749293106
IMG_0093|r2|BDA-EHHO-VC-Calibrated,IMG_0093,8023.jpg,2,BDA-EHHO-VC-Calibrated,0.35250311177830074
IMG_0093|r2|BEHHO-VC-Calibrated,IMG_0093,8023.jpg,2,BEHHO-VC-Calibrated,0.3521478362168679
IMG_0093|r2|EHHO-VC,IMG_0093,8023.jpg,2,EHHO-VC,0.3426593017145896
IMG_0093|r2|MO-BDA-EHHO-VC,IMG_0093,8023.jpg,2,MO-BDA-EHHO-VC,0.34413491781362515
IMG_0093|r3|HHO-VC,IMG_0093,8023.jpg,3,HHO-VC,0.35197125671098656
IMG_0093|r3|EHHO-VC,IMG_0093,8023.jpg,3,EHHO-VC,0.35197125671098656
IMG_0093|r3|BEHHO-VC-Calibrated,IMG_0093,8023.jpg,3,BEHHO-VC-Calibrated,0.3473329397032358
IMG_0093|r3|BDA-EHHO-VC-Calibrated,IMG_0093,8023.jpg,3,BDA-EHHO-VC-Calibrated,0.3479163539205148
IMG_0093|r3|MO-BDA-EHHO-VC,IMG_0093,8023.jpg,3,MO-BDA-EHHO-VC,0.3416441536955933
IMG_0093|r4|EHHO-VC,IMG_0093,8023.jpg,4,EHHO-VC,0.34640280925139016
IMG_0093|r4|BEHHO-VC-Calibrated,IMG_0093,8023.jpg,4,BEHHO-VC-Calibrated,0.3444070976350078
IMG_0093|r4|HHO-VC,IMG_0093,8023.jpg,4,HHO-VC,0.34604801626328213
IMG_0093|r4|BDA-EHHO-VC-Calibrated,IMG_0093,8023.jpg,4,BDA-EHHO-VC-Calibrated,0.3442341585945592
IMG_0093|r4|MO-BDA-EHHO-VC,IMG_0093,8023.jpg,4,MO-BDA-EHHO-VC,0.34552350139022414
IMG_0093|r5|EHHO-VC,IMG_0093,8023.jpg,5,EHHO-VC,0.3509900158177061
IMG_0093|r5|BEHHO-VC-Calibrated,IMG_0093,8023.jpg,5,BEHHO-VC-Calibrated,0.3476572882408883
IMG_0093|r5|BDA-EHHO-VC-Calibrated,IMG_0093,8023.jpg,5,BDA-EHHO-VC-Calibrated,0.34703801120599836
IMG_0093|r5|HHO-VC,IMG_0093,8023.jpg,5,HHO-VC,0.35099955722361914
IMG_0093|r5|MO-BDA-EHHO-VC,IMG_0093,8023.jpg,5,MO-BDA-EHHO-VC,0.3461528870663388
IMG_0094|r1|BDA-EHHO-VC-Calibrated,IMG_0094,85048.jpg,1,BDA-EHHO-VC-Calibrated,0.4542843383766537
IMG_0094|r1|HHO-VC,IMG_0094,85048.jpg,1,HHO-VC,0.4583922819018595
IMG_0094|r1|BEHHO-VC-Calibrated,IMG_0094,85048.jpg,1,BEHHO-VC-Calibrated,0.4576803677210063
IMG_0094|r1|EHHO-VC,IMG_0094,85048.jpg,1,EHHO-VC,0.45826219029293336
IMG_0094|r1|MO-BDA-EHHO-VC,IMG_0094,85048.jpg,1,MO-BDA-EHHO-VC,0.4534610005549652
IMG_0094|r2|EHHO-VC,IMG_0094,85048.jpg,2,EHHO-VC,0.4733342251560622
IMG_0094|r2|HHO-VC,IMG_0094,85048.jpg,2,HHO-VC,0.4728808009533252
IMG_0094|r2|BEHHO-VC-Calibrated,IMG_0094,85048.jpg,2,BEHHO-VC-Calibrated,0.48687784870518325
IMG_0094|r2|BDA-EHHO-VC-Calibrated,IMG_0094,85048.jpg,2,BDA-EHHO-VC-Calibrated,0.4726471931331313
IMG_0094|r2|MO-BDA-EHHO-VC,IMG_0094,85048.jpg,2,MO-BDA-EHHO-VC,0.4640171565756621
IMG_0094|r3|BEHHO-VC-Calibrated,IMG_0094,85048.jpg,3,BEHHO-VC-Calibrated,0.483959541553781
IMG_0094|r3|EHHO-VC,IMG_0094,85048.jpg,3,EHHO-VC,0.5028187187417102
IMG_0094|r3|BDA-EHHO-VC-Calibrated,IMG_0094,85048.jpg,3,BDA-EHHO-VC-Calibrated,0.48406457321461255
IMG_0094|r3|HHO-VC,IMG_0094,85048.jpg,3,HHO-VC,0.5062367940674272
IMG_0094|r3|MO-BDA-EHHO-VC,IMG_0094,85048.jpg,3,MO-BDA-EHHO-VC,0.4705530111598949
IMG_0094|r4|BEHHO-VC-Calibrated,IMG_0094,85048.jpg,4,BEHHO-VC-Calibrated,0.4859471002208339
IMG_0094|r4|EHHO-VC,IMG_0094,85048.jpg,4,EHHO-VC,0.48372498551933496
IMG_0094|r4|BDA-EHHO-VC-Calibrated,IMG_0094,85048.jpg,4,BDA-EHHO-VC-Calibrated,0.4827719963310516
IMG_0094|r4|HHO-VC,IMG_0094,85048.jpg,4,HHO-VC,0.4900399231151961
IMG_0094|r4|MO-BDA-EHHO-VC,IMG_0094,85048.jpg,4,MO-BDA-EHHO-VC,0.4555778888730629
IMG_0094|r5|BEHHO-VC-Calibrated,IMG_0094,85048.jpg,5,BEHHO-VC-Calibrated,0.4956125359445434
IMG_0094|r5|BDA-EHHO-VC-Calibrated,IMG_0094,85048.jpg,5,BDA-EHHO-VC-Calibrated,0.4771106408071342
IMG_0094|r5|HHO-VC,IMG_0094,85048.jpg,5,HHO-VC,0.5062001523595375
IMG_0094|r5|EHHO-VC,IMG_0094,85048.jpg,5,EHHO-VC,0.5062001523595375
IMG_0094|r5|MO-BDA-EHHO-VC,IMG_0094,85048.jpg,5,MO-BDA-EHHO-VC,0.4793292166375847
IMG_0095|r1|EHHO-VC,IMG_0095,86000.jpg,1,EHHO-VC,0.4290461760030258
IMG_0095|r1|HHO-VC,IMG_0095,86000.jpg,1,HHO-VC,0.4288342416514543
IMG_0095|r1|BEHHO-VC-Calibrated,IMG_0095,86000.jpg,1,BEHHO-VC-Calibrated,0.429506567887277
IMG_0095|r1|BDA-EHHO-VC-Calibrated,IMG_0095,86000.jpg,1,BDA-EHHO-VC-Calibrated,0.42859265867210333
IMG_0095|r1|MO-BDA-EHHO-VC,IMG_0095,86000.jpg,1,MO-BDA-EHHO-VC,0.4217122636663647
IMG_0095|r2|EHHO-VC,IMG_0095,86000.jpg,2,EHHO-VC,0.4250092300199556
IMG_0095|r2|BDA-EHHO-VC-Calibrated,IMG_0095,86000.jpg,2,BDA-EHHO-VC-Calibrated,0.4243113612627135
IMG_0095|r2|BEHHO-VC-Calibrated,IMG_0095,86000.jpg,2,BEHHO-VC-Calibrated,0.41934473353632773
IMG_0095|r2|HHO-VC,IMG_0095,86000.jpg,2,HHO-VC,0.4282317530885479
IMG_0095|r2|MO-BDA-EHHO-VC,IMG_0095,86000.jpg,2,MO-BDA-EHHO-VC,0.42883552851365375
IMG_0095|r3|BDA-EHHO-VC-Calibrated,IMG_0095,86000.jpg,3,BDA-EHHO-VC-Calibrated,0.42331786131374355
IMG_0095|r3|HHO-VC,IMG_0095,86000.jpg,3,HHO-VC,0.42080638887373895
IMG_0095|r3|EHHO-VC,IMG_0095,86000.jpg,3,EHHO-VC,0.4282840657301954
IMG_0095|r3|BEHHO-VC-Calibrated,IMG_0095,86000.jpg,3,BEHHO-VC-Calibrated,0.4308278705829612
IMG_0095|r3|MO-BDA-EHHO-VC,IMG_0095,86000.jpg,3,MO-BDA-EHHO-VC,0.4264529200837666
IMG_0095|r4|BDA-EHHO-VC-Calibrated,IMG_0095,86000.jpg,4,BDA-EHHO-VC-Calibrated,0.4316535789402803
IMG_0095|r4|HHO-VC,IMG_0095,86000.jpg,4,HHO-VC,0.4329278519022938
IMG_0095|r4|EHHO-VC,IMG_0095,86000.jpg,4,EHHO-VC,0.44885830004824495
IMG_0095|r4|BEHHO-VC-Calibrated,IMG_0095,86000.jpg,4,BEHHO-VC-Calibrated,0.4400916867736603
IMG_0095|r4|MO-BDA-EHHO-VC,IMG_0095,86000.jpg,4,MO-BDA-EHHO-VC,0.42287762744855095
IMG_0095|r5|HHO-VC,IMG_0095,86000.jpg,5,HHO-VC,0.42436896527853635
IMG_0095|r5|EHHO-VC,IMG_0095,86000.jpg,5,EHHO-VC,0.4256840622505877
IMG_0095|r5|BEHHO-VC-Calibrated,IMG_0095,86000.jpg,5,BEHHO-VC-Calibrated,0.42490056635989004
IMG_0095|r5|BDA-EHHO-VC-Calibrated,IMG_0095,86000.jpg,5,BDA-EHHO-VC-Calibrated,0.43335613149494945
IMG_0095|r5|MO-BDA-EHHO-VC,IMG_0095,86000.jpg,5,MO-BDA-EHHO-VC,0.42700118264412373
IMG_0096|r1|BDA-EHHO-VC-Calibrated,IMG_0096,86016.jpg,1,BDA-EHHO-VC-Calibrated,0.3955982995666511
IMG_0096|r1|BEHHO-VC-Calibrated,IMG_0096,86016.jpg,1,BEHHO-VC-Calibrated,0.4062893898619195
IMG_0096|r1|EHHO-VC,IMG_0096,86016.jpg,1,EHHO-VC,0.3940378267582398
IMG_0096|r1|HHO-VC,IMG_0096,86016.jpg,1,HHO-VC,0.3945622569693111
IMG_0096|r1|MO-BDA-EHHO-VC,IMG_0096,86016.jpg,1,MO-BDA-EHHO-VC,0.3914780038575703
IMG_0096|r2|EHHO-VC,IMG_0096,86016.jpg,2,EHHO-VC,0.41796067970803064
IMG_0096|r2|BDA-EHHO-VC-Calibrated,IMG_0096,86016.jpg,2,BDA-EHHO-VC-Calibrated,0.4026718847600823
IMG_0096|r2|HHO-VC,IMG_0096,86016.jpg,2,HHO-VC,0.41796067970803064
IMG_0096|r2|BEHHO-VC-Calibrated,IMG_0096,86016.jpg,2,BEHHO-VC-Calibrated,0.4004148131242311
IMG_0096|r2|MO-BDA-EHHO-VC,IMG_0096,86016.jpg,2,MO-BDA-EHHO-VC,0.39767901181778664
IMG_0096|r3|BEHHO-VC-Calibrated,IMG_0096,86016.jpg,3,BEHHO-VC-Calibrated,0.39174701732064643
IMG_0096|r3|BDA-EHHO-VC-Calibrated,IMG_0096,86016.jpg,3,BDA-EHHO-VC-Calibrated,0.3911725434091742
IMG_0096|r3|EHHO-VC,IMG_0096,86016.jpg,3,EHHO-VC,0.39115178429000935
IMG_0096|r3|HHO-VC,IMG_0096,86016.jpg,3,HHO-VC,0.3911237273075818
IMG_0096|r3|MO-BDA-EHHO-VC,IMG_0096,86016.jpg,3,MO-BDA-EHHO-VC,0.39851980694115463
IMG_0096|r4|BDA-EHHO-VC-Calibrated,IMG_0096,86016.jpg,4,BDA-EHHO-VC-Calibrated,0.40610156724419033
IMG_0096|r4|EHHO-VC,IMG_0096,86016.jpg,4,EHHO-VC,0.41870507022702264
IMG_0096|r4|HHO-VC,IMG_0096,86016.jpg,4,HHO-VC,0.41870507022702264
IMG_0096|r4|BEHHO-VC-Calibrated,IMG_0096,86016.jpg,4,BEHHO-VC-Calibrated,0.40567622542247683
IMG_0096|r4|MO-BDA-EHHO-VC,IMG_0096,86016.jpg,4,MO-BDA-EHHO-VC,0.3949598465917495
IMG_0096|r5|BEHHO-VC-Calibrated,IMG_0096,86016.jpg,5,BEHHO-VC-Calibrated,0.4085044268213215
IMG_0096|r5|BDA-EHHO-VC-Calibrated,IMG_0096,86016.jpg,5,BDA-EHHO-VC-Calibrated,0.4038036631321026
IMG_0096|r5|HHO-VC,IMG_0096,86016.jpg,5,HHO-VC,0.4037605363160236
IMG_0096|r5|EHHO-VC,IMG_0096,86016.jpg,5,EHHO-VC,0.4037605363160236
IMG_0096|r5|MO-BDA-EHHO-VC,IMG_0096,86016.jpg,5,MO-BDA-EHHO-VC,0.4017318657881777
IMG_0097|r1|EHHO-VC,IMG_0097,86068.jpg,1,EHHO-VC,0.36384366067514534
IMG_0097|r1|HHO-VC,IMG_0097,86068.jpg,1,HHO-VC,0.35650576075890567
IMG_0097|r1|BEHHO-VC-Calibrated,IMG_0097,86068.jpg,1,BEHHO-VC-Calibrated,0.35403721194621174
IMG_0097|r1|BDA-EHHO-VC-Calibrated,IMG_0097,86068.jpg,1,BDA-EHHO-VC-Calibrated,0.34732301688677203
IMG_0097|r1|MO-BDA-EHHO-VC,IMG_0097,86068.jpg,1,MO-BDA-EHHO-VC,0.3485008259810187
IMG_0097|r2|BEHHO-VC-Calibrated,IMG_0097,86068.jpg,2,BEHHO-VC-Calibrated,0.34863667460504766
IMG_0097|r2|HHO-VC,IMG_0097,86068.jpg,2,HHO-VC,0.3566406019052916
IMG_0097|r2|EHHO-VC,IMG_0097,86068.jpg,2,EHHO-VC,0.3566406019052916
IMG_0097|r2|BDA-EHHO-VC-Calibrated,IMG_0097,86068.jpg,2,BDA-EHHO-VC-Calibrated,0.3486940584997048
IMG_0097|r2|MO-BDA-EHHO-VC,IMG_0097,86068.jpg,2,MO-BDA-EHHO-VC,0.3459539648305292
IMG_0097|r3|BEHHO-VC-Calibrated,IMG_0097,86068.jpg,3,BEHHO-VC-Calibrated,0.3324226596004884
IMG_0097|r3|EHHO-VC,IMG_0097,86068.jpg,3,EHHO-VC,0.3319372924301295
IMG_0097|r3|HHO-VC,IMG_0097,86068.jpg,3,HHO-VC,0.33380248066145296
IMG_0097|r3|BDA-EHHO-VC-Calibrated,IMG_0097,86068.jpg,3,BDA-EHHO-VC-Calibrated,0.333936551383759
IMG_0097|r3|MO-BDA-EHHO-VC,IMG_0097,86068.jpg,3,MO-BDA-EHHO-VC,0.3357573682677974
IMG_0097|r4|BDA-EHHO-VC-Calibrated,IMG_0097,86068.jpg,4,BDA-EHHO-VC-Calibrated,0.34703553864437353
IMG_0097|r4|HHO-VC,IMG_0097,86068.jpg,4,HHO-VC,0.3376198896465365
IMG_0097|r4|EHHO-VC,IMG_0097,86068.jpg,4,EHHO-VC,0.33755451366032485
IMG_0097|r4|BEHHO-VC-Calibrated,IMG_0097,86068.jpg,4,BEHHO-VC-Calibrated,0.3450815569212879
IMG_0097|r4|MO-BDA-EHHO-VC,IMG_0097,86068.jpg,4,MO-BDA-EHHO-VC,0.3399596929758945
IMG_0097|r5|HHO-VC,IMG_0097,86068.jpg,5,HHO-VC,0.3555686287607511
IMG_0097|r5|BDA-EHHO-VC-Calibrated,IMG_0097,86068.jpg,5,BDA-EHHO-VC-Calibrated,0.3466486418308687
IMG_0097|r5|BEHHO-VC-Calibrated,IMG_0097,86068.jpg,5,BEHHO-VC-Calibrated,0.3467644509626206
IMG_0097|r5|EHHO-VC,IMG_0097,86068.jpg,5,EHHO-VC,0.3388469720171043
IMG_0097|r5|MO-BDA-EHHO-VC,IMG_0097,86068.jpg,5,MO-BDA-EHHO-VC,0.338986139391016
IMG_0098|r1|BEHHO-VC-Calibrated,IMG_0098,87046.jpg,1,BEHHO-VC-Calibrated,0.4074323660931256
IMG_0098|r1|BDA-EHHO-VC-Calibrated,IMG_0098,87046.jpg,1,BDA-EHHO-VC-Calibrated,0.409777672451626
IMG_0098|r1|HHO-VC,IMG_0098,87046.jpg,1,HHO-VC,0.4151407976608205
IMG_0098|r1|EHHO-VC,IMG_0098,87046.jpg,1,EHHO-VC,0.4158983531187608
IMG_0098|r1|MO-BDA-EHHO-VC,IMG_0098,87046.jpg,1,MO-BDA-EHHO-VC,0.4279374654327494
IMG_0098|r2|BDA-EHHO-VC-Calibrated,IMG_0098,87046.jpg,2,BDA-EHHO-VC-Calibrated,0.4324908495353364
IMG_0098|r2|BEHHO-VC-Calibrated,IMG_0098,87046.jpg,2,BEHHO-VC-Calibrated,0.4438983410967587
IMG_0098|r2|EHHO-VC,IMG_0098,87046.jpg,2,EHHO-VC,0.4454842294336091
IMG_0098|r2|HHO-VC,IMG_0098,87046.jpg,2,HHO-VC,0.4454842294336091
IMG_0098|r2|MO-BDA-EHHO-VC,IMG_0098,87046.jpg,2,MO-BDA-EHHO-VC,0.4142869307266897
IMG_0098|r3|BDA-EHHO-VC-Calibrated,IMG_0098,87046.jpg,3,BDA-EHHO-VC-Calibrated,0.420554948649463
IMG_0098|r3|HHO-VC,IMG_0098,87046.jpg,3,HHO-VC,0.4247879633277773
IMG_0098|r3|BEHHO-VC-Calibrated,IMG_0098,87046.jpg,3,BEHHO-VC-Calibrated,0.4161574272645859
IMG_0098|r3|EHHO-VC,IMG_0098,87046.jpg,3,EHHO-VC,0.4247879633277773
IMG_0098|r3|MO-BDA-EHHO-VC,IMG_0098,87046.jpg,3,MO-BDA-EHHO-VC,0.41628097450193197
IMG_0098|r4|HHO-VC,IMG_0098,87046.jpg,4,HHO-VC,0.4166475101076099
IMG_0098|r4|BDA-EHHO-VC-Calibrated,IMG_0098,87046.jpg,4,BDA-EHHO-VC-Calibrated,0.4209418200643718
IMG_0098|r4|EHHO-VC,IMG_0098,87046.jpg,4,EHHO-VC,0.41742485953806546
IMG_0098|r4|BEHHO-VC-Calibrated,IMG_0098,87046.jpg,4,BEHHO-VC-Calibrated,0.4156825751129883
IMG_0098|r4|MO-BDA-EHHO-VC,IMG_0098,87046.jpg,4,MO-BDA-EHHO-VC,0.41535591530309596
IMG_0098|r5|BEHHO-VC-Calibrated,IMG_0098,87046.jpg,5,BEHHO-VC-Calibrated,0.4141457822622867
IMG_0098|r5|HHO-VC,IMG_0098,87046.jpg,5,HHO-VC,0.4093380227541424
IMG_0098|r5|BDA-EHHO-VC-Calibrated,IMG_0098,87046.jpg,5,BDA-EHHO-VC-Calibrated,0.4143824379140056
IMG_0098|r5|EHHO-VC,IMG_0098,87046.jpg,5,EHHO-VC,0.4093380227541424
IMG_0098|r5|MO-BDA-EHHO-VC,IMG_0098,87046.jpg,5,MO-BDA-EHHO-VC,0.4145640378757045
IMG_0099|r1|HHO-VC,IMG_0099,89072.jpg,1,HHO-VC,0.42102785931909886
IMG_0099|r1|EHHO-VC,IMG_0099,89072.jpg,1,EHHO-VC,0.4206288050442887
IMG_0099|r1|BDA-EHHO-VC-Calibrated,IMG_0099,89072.jpg,1,BDA-EHHO-VC-Calibrated,0.43525040427281475
IMG_0099|r1|BEHHO-VC-Calibrated,IMG_0099,89072.jpg,1,BEHHO-VC-Calibrated,0.44553693726413063
IMG_0099|r1|MO-BDA-EHHO-VC,IMG_0099,89072.jpg,1,MO-BDA-EHHO-VC,0.42644709002694964
IMG_0099|r2|EHHO-VC,IMG_0099,89072.jpg,2,EHHO-VC,0.4446351093144742
IMG_0099|r2|BDA-EHHO-VC-Calibrated,IMG_0099,89072.jpg,2,BDA-EHHO-VC-Calibrated,0.4191400240063048
IMG_0099|r2|BEHHO-VC-Calibrated,IMG_0099,89072.jpg,2,BEHHO-VC-Calibrated,0.4309126711830201
IMG_0099|r2|HHO-VC,IMG_0099,89072.jpg,2,HHO-VC,0.4446351093144742
IMG_0099|r2|MO-BDA-EHHO-VC,IMG_0099,89072.jpg,2,MO-BDA-EHHO-VC,0.41955432590493874
IMG_0099|r3|BEHHO-VC-Calibrated,IMG_0099,89072.jpg,3,BEHHO-VC-Calibrated,0.4367824560522552
IMG_0099|r3|BDA-EHHO-VC-Calibrated,IMG_0099,89072.jpg,3,BDA-EHHO-VC-Calibrated,0.4374559421572971
IMG_0099|r3|HHO-VC,IMG_0099,89072.jpg,3,HHO-VC,0.4267909616187597
IMG_0099|r3|EHHO-VC,IMG_0099,89072.jpg,3,EHHO-VC,0.4267852469346503
IMG_0099|r3|MO-BDA-EHHO-VC,IMG_0099,89072.jpg,3,MO-BDA-EHHO-VC,0.41675600172123795
IMG_0099|r4|EHHO-VC,IMG_0099,89072.jpg,4,EHHO-VC,0.4410804657378405
IMG_0099|r4|HHO-VC,IMG_0099,89072.jpg,4,HHO-VC,0.4586624745238075
IMG_0099|r4|BDA-EHHO-VC-Calibrated,IMG_0099,89072.jpg,4,BDA-EHHO-VC-Calibrated,0.4172725075703442
IMG_0099|r4|BEHHO-VC-Calibrated,IMG_0099,89072.jpg,4,BEHHO-VC-Calibrated,0.41909324825859445
IMG_0099|r4|MO-BDA-EHHO-VC,IMG_0099,89072.jpg,4,MO-BDA-EHHO-VC,0.4308692734485834
IMG_0099|r5|BEHHO-VC-Calibrated,IMG_0099,89072.jpg,5,BEHHO-VC-Calibrated,0.4212402169806044
IMG_0099|r5|EHHO-VC,IMG_0099,89072.jpg,5,EHHO-VC,0.41788903309066294
IMG_0099|r5|BDA-EHHO-VC-Calibrated,IMG_0099,89072.jpg,5,BDA-EHHO-VC-Calibrated,0.41899941737861734
IMG_0099|r5|HHO-VC,IMG_0099,89072.jpg,5,HHO-VC,0.42029893654509637
IMG_0099|r5|MO-BDA-EHHO-VC,IMG_0099,89072.jpg,5,MO-BDA-EHHO-VC,0.4187235039636165
IMG_0100|r1|HHO-VC,IMG_0100,97033.jpg,1,HHO-VC,0.5519037497991675
IMG_0100|r1|BEHHO-VC-Calibrated,IMG_0100,97033.jpg,1,BEHHO-VC-Calibrated,0.5612553520039857
IMG_0100|r1|EHHO-VC,IMG_0100,97033.jpg,1,EHHO-VC,0.5508244025955762
IMG_0100|r1|BDA-EHHO-VC-Calibrated,IMG_0100,97033.jpg,1,BDA-EHHO-VC-Calibrated,0.5525689051647076
IMG_0100|r1|MO-BDA-EHHO-VC,IMG_0100,97033.jpg,1,MO-BDA-EHHO-VC,0.5337479020666293
IMG_0100|r2|EHHO-VC,IMG_0100,97033.jpg,2,EHHO-VC,0.5506734079421076
IMG_0100|r2|BEHHO-VC-Calibrated,IMG_0100,97033.jpg,2,BEHHO-VC-Calibrated,0.5460676942654759
IMG_0100|r2|BDA-EHHO-VC-Calibrated,IMG_0100,97033.jpg,2,BDA-EHHO-VC-Calibrated,0.5380258468613415
IMG_0100|r2|HHO-VC,IMG_0100,97033.jpg,2,HHO-VC,0.5503241349155394
IMG_0100|r2|MO-BDA-EHHO-VC,IMG_0100,97033.jpg,2,MO-BDA-EHHO-VC,0.5351572024313996
IMG_0100|r3|BDA-EHHO-VC-Calibrated,IMG_0100,97033.jpg,3,BDA-EHHO-VC-Calibrated,0.5417658155270936
IMG_0100|r3|BEHHO-VC-Calibrated,IMG_0100,97033.jpg,3,BEHHO-VC-Calibrated,0.5334198791987493
IMG_0100|r3|HHO-VC,IMG_0100,97033.jpg,3,HHO-VC,0.532225941996016
IMG_0100|r3|EHHO-VC,IMG_0100,97033.jpg,3,EHHO-VC,0.5332586827758706
IMG_0100|r3|MO-BDA-EHHO-VC,IMG_0100,97033.jpg,3,MO-BDA-EHHO-VC,0.5736802097284586
IMG_0100|r4|BEHHO-VC-Calibrated,IMG_0100,97033.jpg,4,BEHHO-VC-Calibrated,0.5861866392772191
IMG_0100|r4|BDA-EHHO-VC-Calibrated,IMG_0100,97033.jpg,4,BDA-EHHO-VC-Calibrated,0.5431528582555327
IMG_0100|r4|HHO-VC,IMG_0100,97033.jpg,4,HHO-VC,0.5613655565122112
IMG_0100|r4|EHHO-VC,IMG_0100,97033.jpg,4,EHHO-VC,0.5615756198338743
IMG_0100|r4|MO-BDA-EHHO-VC,IMG_0100,97033.jpg,4,MO-BDA-EHHO-VC,0.5316645483615053
IMG_0100|r5|HHO-VC,IMG_0100,97033.jpg,5,HHO-VC,0.5575481136623329
IMG_0100|r5|EHHO-VC,IMG_0100,97033.jpg,5,EHHO-VC,0.5575481136623329
IMG_0100|r5|BDA-EHHO-VC-Calibrated,IMG_0100,97033.jpg,5,BDA-EHHO-VC-Calibrated,0.539898536144696
IMG_0100|r5|BEHHO-VC-Calibrated,IMG_0100,97033.jpg,5,BEHHO-VC-Calibrated,0.5472869284698668
IMG_0100|r5|MO-BDA-EHHO-VC,IMG_0100,97033.jpg,5,MO-BDA-EHHO-VC,0.5528165076113206
