experiment_id,filename,run_index,algorithm,level_R,level_G,level_B,source
IMG_0001,101085.jpg,1,BEHHO-VC-Calibrated,17,75,128,E4_singleobjective_attained_solution
IMG_0001,101085.jpg,1,BDA-EHHO-VC-Calibrated,17,83,71,E4_singleobjective_attained_solution
IMG_0001,101085.jpg,1,HHO-VC,17,53,29,E4_singleobjective_attained_solution
IMG_0001,101085.jpg,1,EHHO-VC,17,25,50,E4_singleobjective_attained_solution
IMG_0001,101085.jpg,1,MO-BDA-EHHO-VC,2,66,13,E4_MO_equal_weight_compromise
IMG_0001,101085.jpg,2,HHO-VC,27,154,240,E4_singleobjective_attained_solution
IMG_0001,101085.jpg,2,EHHO-VC,27,152,239,E4_singleobjective_attained_solution
IMG_0001,101085.jpg,2,BDA-EHHO-VC-Calibrated,27,127,217,E4_singleobjective_attained_solution
IMG_0001,101085.jpg,2,BEHHO-VC-Calibrated,27,145,229,E4_singleobjective_attained_solution
IMG_0001,101085.jpg,2,MO-BDA-EHHO-VC,19,30,2,E4_MO_equal_weight_compromise
IMG_0001,101085.jpg,3,BDA-EHHO-VC-Calibrated,2,2,177,E4_singleobjective_attained_solution
IMG_0001,101085.jpg,3,BEHHO-VC-Calibrated,2,2,136,E4_singleobjective_attained_solution
IMG_0001,101085.jpg,3,EHHO-VC,2,2,37,E4_singleobjective_attained_solution
IMG_0001,101085.jpg,3,HHO-VC,2,2,37,E4_singleobjective_attained_solution
IMG_0001,101085.jpg,3,MO-BDA-EHHO-VC,50,35,26,E4_MO_equal_weight_compromise
IMG_0001,101085.jpg,4,BDA-EHHO-VC-Calibrated,160,41,26,E4_singleobjective_attained_solution
IMG_0001,101085.jpg,4,EHHO-VC,82,233,17,E4_singleobjective_attained_solution
IMG_0001,101085.jpg,4,HHO-VC,21,56,7,E4_singleobjective_attained_solution
IMG_0001,101085.jpg,4,BEHHO-VC-Calibrated,160,240,22,E4_singleobjective_attained_solution
IMG_0001,101085.jpg,4,MO-BDA-EHHO-VC,21,58,24,E4_MO_equal_weight_compromise
IMG_0001,101085.jpg,5,HHO-VC,165,80,33,E4_singleobjective_attained_solution
IMG_0001,101085.jpg,5,BDA-EHHO-VC-Calibrated,165,80,64,E4_singleobjective_attained_solution
IMG_0001,101085.jpg,5,EHHO-VC,92,74,21,E4_singleobjective_attained_solution
IMG_0001,101085.jpg,5,BEHHO-VC-Calibrated,160,24,40,E4_singleobjective_attained_solution
IMG_0001,101085.jpg,5,MO-BDA-EHHO-VC,35,27,37,E4_MO_equal_weight_compromise
IMG_0002,101087.jpg,1,BEHHO-VC-Calibrated,108,2,130,E4_singleobjective_attained_solution
IMG_0002,101087.jpg,1,HHO-VC,76,39,21,E4_singleobjective_attained_solution
IMG_0002,101087.jpg,1,BDA-EHHO-VC-Calibrated,149,2,21,E4_singleobjective_attained_solution
IMG_0002,101087.jpg,1,EHHO-VC,76,39,21,E4_singleobjective_attained_solution
IMG_0002,101087.jpg,1,MO-BDA-EHHO-VC,4,32,9,E4_MO_equal_weight_compromise
IMG_0002,101087.jpg,2,BDA-EHHO-VC-Calibrated,2,2,34,E4_singleobjective_attained_solution
IMG_0002,101087.jpg,2,BEHHO-VC-Calibrated,2,2,10,E4_singleobjective_attained_solution
IMG_0002,101087.jpg,2,EHHO-VC,2,2,17,E4_singleobjective_attained_solution
IMG_0002,101087.jpg,2,HHO-VC,2,2,17,E4_singleobjective_attained_solution
IMG_0002,101087.jpg,2,MO-BDA-EHHO-VC,3,81,32,E4_MO_equal_weight_compromise
IMG_0002,101087.jpg,3,BEHHO-VC-Calibrated,79,9,253,E4_singleobjective_attained_solution
IMG_0002,101087.jpg,3,BDA-EHHO-VC-Calibrated,61,7,144,E4_singleobjective_attained_solution
IMG_0002,101087.jpg,3,EHHO-VC,13,14,2,E4_singleobjective_attained_solution
IMG_0002,101087.jpg,3,HHO-VC,13,9,2,E4_singleobjective_attained_solution
IMG_0002,101087.jpg,3,MO-BDA-EHHO-VC,8,39,57,E4_MO_equal_weight_compromise
IMG_0002,101087.jpg,4,BEHHO-VC-Calibrated,93,13,69,E4_singleobjective_attained_solution
IMG_0002,101087.jpg,4,EHHO-VC,4,13,24,E4_singleobjective_attained_solution
IMG_0002,101087.jpg,4,HHO-VC,4,31,39,E4_singleobjective_attained_solution
IMG_0002,101087.jpg,4,BDA-EHHO-VC-Calibrated,4,7,174,E4_singleobjective_attained_solution
IMG_0002,101087.jpg,4,MO-BDA-EHHO-VC,23,29,24,E4_MO_equal_weight_compromise
IMG_0002,101087.jpg,5,HHO-VC,2,2,9,E4_singleobjective_attained_solution
IMG_0002,101087.jpg,5,BDA-EHHO-VC-Calibrated,68,2,237,E4_singleobjective_attained_solution
IMG_0002,101087.jpg,5,BEHHO-VC-Calibrated,2,2,9,E4_singleobjective_attained_solution
IMG_0002,101087.jpg,5,EHHO-VC,2,2,9,E4_singleobjective_attained_solution
IMG_0002,101087.jpg,5,MO-BDA-EHHO-VC,13,24,4,E4_MO_equal_weight_compromise
IMG_0003,102061.jpg,1,BDA-EHHO-VC-Calibrated,48,10,20,E4_singleobjective_attained_solution
IMG_0003,102061.jpg,1,HHO-VC,21,27,6,E4_singleobjective_attained_solution
IMG_0003,102061.jpg,1,BEHHO-VC-Calibrated,38,12,20,E4_singleobjective_attained_solution
IMG_0003,102061.jpg,1,EHHO-VC,19,38,4,E4_singleobjective_attained_solution
IMG_0003,102061.jpg,1,MO-BDA-EHHO-VC,50,22,75,E4_MO_equal_weight_compromise
IMG_0003,102061.jpg,2,BEHHO-VC-Calibrated,154,7,4,E4_singleobjective_attained_solution
IMG_0003,102061.jpg,2,HHO-VC,130,20,78,E4_singleobjective_attained_solution
IMG_0003,102061.jpg,2,BDA-EHHO-VC-Calibrated,8,102,84,E4_singleobjective_attained_solution
IMG_0003,102061.jpg,2,EHHO-VC,137,20,84,E4_singleobjective_attained_solution
IMG_0003,102061.jpg,2,MO-BDA-EHHO-VC,2,33,28,E4_MO_equal_weight_compromise
IMG_0003,102061.jpg,3,HHO-VC,4,2,2,E4_singleobjective_attained_solution
IMG_0003,102061.jpg,3,BEHHO-VC-Calibrated,4,2,4,E4_singleobjective_attained_solution
IMG_0003,102061.jpg,3,BDA-EHHO-VC-Calibrated,4,2,140,E4_singleobjective_attained_solution
IMG_0003,102061.jpg,3,EHHO-VC,14,2,10,E4_singleobjective_attained_solution
IMG_0003,102061.jpg,3,MO-BDA-EHHO-VC,15,32,105,E4_MO_equal_weight_compromise
IMG_0003,102061.jpg,4,BDA-EHHO-VC-Calibrated,195,166,251,E4_singleobjective_attained_solution
IMG_0003,102061.jpg,4,BEHHO-VC-Calibrated,193,4,238,E4_singleobjective_attained_solution
IMG_0003,102061.jpg,4,EHHO-VC,222,145,221,E4_singleobjective_attained_solution
IMG_0003,102061.jpg,4,HHO-VC,222,145,222,E4_singleobjective_attained_solution
IMG_0003,102061.jpg,4,MO-BDA-EHHO-VC,2,28,15,E4_MO_equal_weight_compromise
IMG_0003,102061.jpg,5,BEHHO-VC-Calibrated,2,3,2,E4_singleobjective_attained_solution
IMG_0003,102061.jpg,5,EHHO-VC,5,5,5,E4_singleobjective_attained_solution
IMG_0003,102061.jpg,5,HHO-VC,2,3,3,E4_singleobjective_attained_solution
IMG_0003,102061.jpg,5,BDA-EHHO-VC-Calibrated,5,2,2,E4_singleobjective_attained_solution
IMG_0003,102061.jpg,5,MO-BDA-EHHO-VC,3,35,24,E4_MO_equal_weight_compromise
IMG_0004,103070.jpg,1,EHHO-VC,141,3,247,E4_singleobjective_attained_solution
IMG_0004,103070.jpg,1,HHO-VC,126,3,248,E4_singleobjective_attained_solution
IMG_0004,103070.jpg,1,BEHHO-VC-Calibrated,141,44,249,E4_singleobjective_attained_solution
IMG_0004,103070.jpg,1,BDA-EHHO-VC-Calibrated,148,43,2,E4_singleobjective_attained_solution
IMG_0004,103070.jpg,1,MO-BDA-EHHO-VC,34,10,32,E4_MO_equal_weight_compromise
IMG_0004,103070.jpg,2,BDA-EHHO-VC-Calibrated,179,103,173,E4_singleobjective_attained_solution
IMG_0004,103070.jpg,2,EHHO-VC,136,86,248,E4_singleobjective_attained_solution
IMG_0004,103070.jpg,2,HHO-VC,135,86,251,E4_singleobjective_attained_solution
IMG_0004,103070.jpg,2,BEHHO-VC-Calibrated,125,24,21,E4_singleobjective_attained_solution
IMG_0004,103070.jpg,2,MO-BDA-EHHO-VC,26,46,55,E4_MO_equal_weight_compromise
IMG_0004,103070.jpg,3,EHHO-VC,240,241,213,E4_singleobjective_attained_solution
IMG_0004,103070.jpg,3,HHO-VC,241,242,213,E4_singleobjective_attained_solution
IMG_0004,103070.jpg,3,BDA-EHHO-VC-Calibrated,247,200,49,E4_singleobjective_attained_solution
IMG_0004,103070.jpg,3,BEHHO-VC-Calibrated,220,4,12,E4_singleobjective_attained_solution
IMG_0004,103070.jpg,3,MO-BDA-EHHO-VC,18,2,64,E4_MO_equal_weight_compromise
IMG_0004,103070.jpg,4,HHO-VC,2,2,2,E4_singleobjective_attained_solution
IMG_0004,103070.jpg,4,EHHO-VC,2,2,2,E4_singleobjective_attained_solution
IMG_0004,103070.jpg,4,BDA-EHHO-VC-Calibrated,43,50,2,E4_singleobjective_attained_solution
IMG_0004,103070.jpg,4,BEHHO-VC-Calibrated,2,12,2,E4_singleobjective_attained_solution
IMG_0004,103070.jpg,4,MO-BDA-EHHO-VC,130,17,7,E4_MO_equal_weight_compromise
IMG_0004,103070.jpg,5,BEHHO-VC-Calibrated,2,2,2,E4_singleobjective_attained_solution
IMG_0004,103070.jpg,5,EHHO-VC,2,2,2,E4_singleobjective_attained_solution
IMG_0004,103070.jpg,5,HHO-VC,2,2,2,E4_singleobjective_attained_solution
IMG_0004,103070.jpg,5,BDA-EHHO-VC-Calibrated,68,2,2,E4_singleobjective_attained_solution
IMG_0004,103070.jpg,5,MO-BDA-EHHO-VC,22,24,18,E4_MO_equal_weight_compromise
IMG_0005,105025.jpg,1,HHO-VC,251,3,255,E4_singleobjective_attained_solution
IMG_0005,105025.jpg,1,EHHO-VC,250,3,253,E4_singleobjective_attained_solution
IMG_0005,105025.jpg,1,BDA-EHHO-VC-Calibrated,184,3,136,E4_singleobjective_attained_solution
IMG_0005,105025.jpg,1,BEHHO-VC-Calibrated,32,2,16,E4_singleobjective_attained_solution
IMG_0005,105025.jpg,1,MO-BDA-EHHO-VC,12,17,50,E4_MO_equal_weight_compromise
IMG_0005,105025.jpg,2,BEHHO-VC-Calibrated,60,186,13,E4_singleobjective_attained_solution
IMG_0005,105025.jpg,2,BDA-EHHO-VC-Calibrated,89,130,11,E4_singleobjective_attained_solution
IMG_0005,105025.jpg,2,HHO-VC,121,127,220,E4_singleobjective_attained_solution
IMG_0005,105025.jpg,2,EHHO-VC,121,127,220,E4_singleobjective_attained_solution
IMG_0005,105025.jpg,2,MO-BDA-EHHO-VC,2,8,10,E4_MO_equal_weight_compromise
IMG_0005,105025.jpg,3,BEHHO-VC-Calibrated,2,46,130,E4_singleobjective_attained_solution
IMG_0005,105025.jpg,3,BDA-EHHO-VC-Calibrated,2,111,48,E4_singleobjective_attained_solution
IMG_0005,105025.jpg,3,HHO-VC,2,2,7,E4_singleobjective_attained_solution
IMG_0005,105025.jpg,3,EHHO-VC,2,23,54,E4_singleobjective_attained_solution
IMG_0005,105025.jpg,3,MO-BDA-EHHO-VC,28,34,8,E4_MO_equal_weight_compromise
IMG_0005,105025.jpg,4,BEHHO-VC-Calibrated,2,38,32,E4_singleobjective_attained_solution
IMG_0005,105025.jpg,4,HHO-VC,3,3,13,E4_singleobjective_attained_solution
IMG_0005,105025.jpg,4,BDA-EHHO-VC-Calibrated,2,20,20,E4_singleobjective_attained_solution
IMG_0005,105025.jpg,4,EHHO-VC,3,3,13,E4_singleobjective_attained_solution
IMG_0005,105025.jpg,4,MO-BDA-EHHO-VC,3,26,13,E4_MO_equal_weight_compromise
IMG_0005,105025.jpg,5,EHHO-VC,8,53,161,E4_singleobjective_attained_solution
IMG_0005,105025.jpg,5,BDA-EHHO-VC-Calibrated,8,249,12,E4_singleobjective_attained_solution
IMG_0005,105025.jpg,5,HHO-VC,9,56,161,E4_singleobjective_attained_solution
IMG_0005,105025.jpg,5,BEHHO-VC-Calibrated,8,192,4,E4_singleobjective_attained_solution
IMG_0005,105025.jpg,5,MO-BDA-EHHO-VC,10,4,8,E4_MO_equal_weight_compromise
IMG_0006,106024.jpg,1,EHHO-VC,66,157,38,E4_singleobjective_attained_solution
IMG_0006,106024.jpg,1,HHO-VC,63,136,37,E4_singleobjective_attained_solution
IMG_0006,106024.jpg,1,BEHHO-VC-Calibrated,64,2,35,E4_singleobjective_attained_solution
IMG_0006,106024.jpg,1,BDA-EHHO-VC-Calibrated,176,2,9,E4_singleobjective_attained_solution
IMG_0006,106024.jpg,1,MO-BDA-EHHO-VC,32,8,6,E4_MO_equal_weight_compromise
IMG_0006,106024.jpg,2,BDA-EHHO-VC-Calibrated,174,2,38,E4_singleobjective_attained_solution
IMG_0006,106024.jpg,2,HHO-VC,6,2,24,E4_singleobjective_attained_solution
IMG_0006,106024.jpg,2,EHHO-VC,6,2,24,E4_singleobjective_attained_solution
IMG_0006,106024.jpg,2,BEHHO-VC-Calibrated,132,2,32,E4_singleobjective_attained_solution
IMG_0006,106024.jpg,2,MO-BDA-EHHO-VC,130,9,43,E4_MO_equal_weight_compromise
IMG_0006,106024.jpg,3,HHO-VC,31,4,10,E4_singleobjective_attained_solution
IMG_0006,106024.jpg,3,BDA-EHHO-VC-Calibrated,111,64,17,E4_singleobjective_attained_solution
IMG_0006,106024.jpg,3,EHHO-VC,31,4,10,E4_singleobjective_attained_solution
IMG_0006,106024.jpg,3,BEHHO-VC-Calibrated,88,64,10,E4_singleobjective_attained_solution
IMG_0006,106024.jpg,3,MO-BDA-EHHO-VC,6,33,6,E4_MO_equal_weight_compromise
IMG_0006,106024.jpg,4,EHHO-VC,7,2,18,E4_singleobjective_attained_solution
IMG_0006,106024.jpg,4,BDA-EHHO-VC-Calibrated,171,2,27,E4_singleobjective_attained_solution
IMG_0006,106024.jpg,4,HHO-VC,7,2,18,E4_singleobjective_attained_solution
IMG_0006,106024.jpg,4,BEHHO-VC-Calibrated,8,16,16,E4_singleobjective_attained_solution
IMG_0006,106024.jpg,4,MO-BDA-EHHO-VC,156,132,6,E4_MO_equal_weight_compromise
IMG_0006,106024.jpg,5,BEHHO-VC-Calibrated,196,192,8,E4_singleobjective_attained_solution
IMG_0006,106024.jpg,5,EHHO-VC,250,228,23,E4_singleobjective_attained_solution
IMG_0006,106024.jpg,5,HHO-VC,94,83,8,E4_singleobjective_attained_solution
IMG_0006,106024.jpg,5,BDA-EHHO-VC-Calibrated,125,225,8,E4_singleobjective_attained_solution
IMG_0006,106024.jpg,5,MO-BDA-EHHO-VC,23,33,21,E4_MO_equal_weight_compromise
IMG_0007,108005.jpg,1,BEHHO-VC-Calibrated,154,116,70,E4_singleobjective_attained_solution
IMG_0007,108005.jpg,1,EHHO-VC,132,119,28,E4_singleobjective_attained_solution
IMG_0007,108005.jpg,1,BDA-EHHO-VC-Calibrated,190,109,19,E4_singleobjective_attained_solution
IMG_0007,108005.jpg,1,HHO-VC,185,254,18,E4_singleobjective_attained_solution
IMG_0007,108005.jpg,1,MO-BDA-EHHO-VC,49,25,16,E4_MO_equal_weight_compromise
IMG_0007,108005.jpg,2,HHO-VC,2,212,149,E4_singleobjective_attained_solution
IMG_0007,108005.jpg,2,EHHO-VC,2,212,149,E4_singleobjective_attained_solution
IMG_0007,108005.jpg,2,BEHHO-VC-Calibrated,4,211,100,E4_singleobjective_attained_solution
IMG_0007,108005.jpg,2,BDA-EHHO-VC-Calibrated,4,178,142,E4_singleobjective_attained_solution
IMG_0007,108005.jpg,2,MO-BDA-EHHO-VC,64,52,18,E4_MO_equal_weight_compromise
IMG_0007,108005.jpg,3,BDA-EHHO-VC-Calibrated,133,22,114,E4_singleobjective_attained_solution
IMG_0007,108005.jpg,3,EHHO-VC,132,136,134,E4_singleobjective_attained_solution
IMG_0007,108005.jpg,3,BEHHO-VC-Calibrated,135,101,103,E4_singleobjective_attained_solution
IMG_0007,108005.jpg,3,HHO-VC,132,136,136,E4_singleobjective_attained_solution
IMG_0007,108005.jpg,3,MO-BDA-EHHO-VC,41,9,56,E4_MO_equal_weight_compromise
IMG_0007,108005.jpg,4,EHHO-VC,150,27,5,E4_singleobjective_attained_solution
IMG_0007,108005.jpg,4,BEHHO-VC-Calibrated,2,24,5,E4_singleobjective_attained_solution
IMG_0007,108005.jpg,4,HHO-VC,25,4,2,E4_singleobjective_attained_solution
IMG_0007,108005.jpg,4,BDA-EHHO-VC-Calibrated,13,41,5,E4_singleobjective_attained_solution
IMG_0007,108005.jpg,4,MO-BDA-EHHO-VC,26,37,10,E4_MO_equal_weight_compromise
IMG_0007,108005.jpg,5,EHHO-VC,9,2,23,E4_singleobjective_attained_solution
IMG_0007,108005.jpg,5,BDA-EHHO-VC-Calibrated,9,84,3,E4_singleobjective_attained_solution
IMG_0007,108005.jpg,5,BEHHO-VC-Calibrated,9,3,91,E4_singleobjective_attained_solution
IMG_0007,108005.jpg,5,HHO-VC,9,2,20,E4_singleobjective_attained_solution
IMG_0007,108005.jpg,5,MO-BDA-EHHO-VC,2,28,32,E4_MO_equal_weight_compromise
IMG_0008,108070.jpg,1,EHHO-VC,59,120,31,E4_singleobjective_attained_solution
IMG_0008,108070.jpg,1,BDA-EHHO-VC-Calibrated,159,116,45,E4_singleobjective_attained_solution
IMG_0008,108070.jpg,1,BEHHO-VC-Calibrated,129,2,35,E4_singleobjective_attained_solution
IMG_0008,108070.jpg,1,HHO-VC,61,128,31,E4_singleobjective_attained_solution
IMG_0008,108070.jpg,1,MO-BDA-EHHO-VC,56,9,43,E4_MO_equal_weight_compromise
IMG_0008,108070.jpg,2,BDA-EHHO-VC-Calibrated,22,38,2,E4_singleobjective_attained_solution
IMG_0008,108070.jpg,2,EHHO-VC,52,45,255,E4_singleobjective_attained_solution
IMG_0008,108070.jpg,2,BEHHO-VC-Calibrated,36,24,2,E4_singleobjective_attained_solution
IMG_0008,108070.jpg,2,HHO-VC,41,2,2,E4_singleobjective_attained_solution
IMG_0008,108070.jpg,2,MO-BDA-EHHO-VC,16,12,4,E4_MO_equal_weight_compromise
IMG_0008,108070.jpg,3,BEHHO-VC-Calibrated,41,193,35,E4_singleobjective_attained_solution
IMG_0008,108070.jpg,3,EHHO-VC,48,49,7,E4_singleobjective_attained_solution
IMG_0008,108070.jpg,3,HHO-VC,189,200,46,E4_singleobjective_attained_solution
IMG_0008,108070.jpg,3,BDA-EHHO-VC-Calibrated,171,254,7,E4_singleobjective_attained_solution
IMG_0008,108070.jpg,3,MO-BDA-EHHO-VC,12,32,4,E4_MO_equal_weight_compromise
IMG_0008,108070.jpg,4,BDA-EHHO-VC-Calibrated,107,85,2,E4_singleobjective_attained_solution
IMG_0008,108070.jpg,4,EHHO-VC,3,14,2,E4_singleobjective_attained_solution
IMG_0008,108070.jpg,4,HHO-VC,3,14,2,E4_singleobjective_attained_solution
IMG_0008,108070.jpg,4,BEHHO-VC-Calibrated,251,105,2,E4_singleobjective_attained_solution
IMG_0008,108070.jpg,4,MO-BDA-EHHO-VC,32,2,21,E4_MO_equal_weight_compromise
IMG_0008,108070.jpg,5,BEHHO-VC-Calibrated,168,9,9,E4_singleobjective_attained_solution
IMG_0008,108070.jpg,5,BDA-EHHO-VC-Calibrated,141,169,13,E4_singleobjective_attained_solution
IMG_0008,108070.jpg,5,EHHO-VC,4,92,9,E4_singleobjective_attained_solution
IMG_0008,108070.jpg,5,HHO-VC,2,2,5,E4_singleobjective_attained_solution
IMG_0008,108070.jpg,5,MO-BDA-EHHO-VC,21,168,2,E4_MO_equal_weight_compromise
IMG_0009,108082.jpg,1,HHO-VC,2,2,2,E4_singleobjective_attained_solution
IMG_0009,108082.jpg,1,BEHHO-VC-Calibrated,4,2,2,E4_singleobjective_attained_solution
IMG_0009,108082.jpg,1,EHHO-VC,2,2,2,E4_singleobjective_attained_solution
IMG_0009,108082.jpg,1,BDA-EHHO-VC-Calibrated,26,132,2,E4_singleobjective_attained_solution
IMG_0009,108082.jpg,1,MO-BDA-EHHO-VC,14,39,24,E4_MO_equal_weight_compromise
IMG_0009,108082.jpg,2,HHO-VC,2,2,2,E4_singleobjective_attained_solution
IMG_0009,108082.jpg,2,EHHO-VC,2,2,2,E4_singleobjective_attained_solution
IMG_0009,108082.jpg,2,BDA-EHHO-VC-Calibrated,47,8,119,E4_singleobjective_attained_solution
IMG_0009,108082.jpg,2,BEHHO-VC-Calibrated,33,16,2,E4_singleobjective_attained_solution
IMG_0009,108082.jpg,2,MO-BDA-EHHO-VC,16,2,2,E4_MO_equal_weight_compromise
IMG_0009,108082.jpg,3,BDA-EHHO-VC-Calibrated,24,4,2,E4_singleobjective_attained_solution
IMG_0009,108082.jpg,3,HHO-VC,4,4,3,E4_singleobjective_attained_solution
IMG_0009,108082.jpg,3,EHHO-VC,4,4,3,E4_singleobjective_attained_solution
IMG_0009,108082.jpg,3,BEHHO-VC-Calibrated,4,4,2,E4_singleobjective_attained_solution
IMG_0009,108082.jpg,3,MO-BDA-EHHO-VC,4,8,2,E4_MO_equal_weight_compromise
IMG_0009,108082.jpg,4,EHHO-VC,20,2,2,E4_singleobjective_attained_solution
IMG_0009,108082.jpg,4,HHO-VC,126,2,2,E4_singleobjective_attained_solution
IMG_0009,108082.jpg,4,BDA-EHHO-VC-Calibrated,152,2,81,E4_singleobjective_attained_solution
IMG_0009,108082.jpg,4,BEHHO-VC-Calibrated,129,2,2,E4_singleobjective_attained_solution
IMG_0009,108082.jpg,4,MO-BDA-EHHO-VC,12,4,40,E4_MO_equal_weight_compromise
IMG_0009,108082.jpg,5,EHHO-VC,22,9,32,E4_singleobjective_attained_solution
IMG_0009,108082.jpg,5,BEHHO-VC-Calibrated,65,3,2,E4_singleobjective_attained_solution
IMG_0009,108082.jpg,5,BDA-EHHO-VC-Calibrated,18,47,2,E4_singleobjective_attained_solution
IMG_0009,108082.jpg,5,HHO-VC,7,3,10,E4_singleobjective_attained_solution
IMG_0009,108082.jpg,5,MO-BDA-EHHO-VC,10,2,8,E4_MO_equal_weight_compromise
IMG_0010,109053.jpg,1,HHO-VC,2,110,108,E4_singleobjective_attained_solution
IMG_0010,109053.jpg,1,EHHO-VC,2,107,107,E4_singleobjective_attained_solution
IMG_0010,109053.jpg,1,BDA-EHHO-VC-Calibrated,2,4,120,E4_singleobjective_attained_solution
IMG_0010,109053.jpg,1,BEHHO-VC-Calibrated,2,4,96,E4_singleobjective_attained_solution
IMG_0010,109053.jpg,1,MO-BDA-EHHO-VC,32,2,16,E4_MO_equal_weight_compromise
IMG_0010,109053.jpg,2,BDA-EHHO-VC-Calibrated,2,37,88,E4_singleobjective_attained_solution
IMG_0010,109053.jpg,2,HHO-VC,225,4,223,E4_singleobjective_attained_solution
IMG_0010,109053.jpg,2,BEHHO-VC-Calibrated,2,2,33,E4_singleobjective_attained_solution
IMG_0010,109053.jpg,2,EHHO-VC,225,4,223,E4_singleobjective_attained_solution
IMG_0010,109053.jpg,2,MO-BDA-EHHO-VC,64,5,8,E4_MO_equal_weight_compromise
IMG_0010,109053.jpg,3,HHO-VC,31,2,10,E4_singleobjective_attained_solution
IMG_0010,109053.jpg,3,BEHHO-VC-Calibrated,32,2,10,E4_singleobjective_attained_solution
IMG_0010,109053.jpg,3,EHHO-VC,50,13,7,E4_singleobjective_attained_solution
IMG_0010,109053.jpg,3,BDA-EHHO-VC-Calibrated,137,2,5,E4_singleobjective_attained_solution
IMG_0010,109053.jpg,3,MO-BDA-EHHO-VC,56,2,32,E4_MO_equal_weight_compromise
IMG_0010,109053.jpg,4,EHHO-VC,15,12,23,E4_singleobjective_attained_solution
IMG_0010,109053.jpg,4,BDA-EHHO-VC-Calibrated,4,88,70,E4_singleobjective_attained_solution
IMG_0010,109053.jpg,4,BEHHO-VC-Calibrated,6,48,20,E4_singleobjective_attained_solution
IMG_0010,109053.jpg,4,HHO-VC,15,12,23,E4_singleobjective_attained_solution
IMG_0010,109053.jpg,4,MO-BDA-EHHO-VC,9,40,18,E4_MO_equal_weight_compromise
IMG_0010,109053.jpg,5,HHO-VC,4,2,2,E4_singleobjective_attained_solution
IMG_0010,109053.jpg,5,EHHO-VC,3,2,2,E4_singleobjective_attained_solution
IMG_0010,109053.jpg,5,BEHHO-VC-Calibrated,2,160,2,E4_singleobjective_attained_solution
IMG_0010,109053.jpg,5,BDA-EHHO-VC-Calibrated,4,161,2,E4_singleobjective_attained_solution
IMG_0010,109053.jpg,5,MO-BDA-EHHO-VC,42,2,38,E4_MO_equal_weight_compromise
IMG_0011,119082.jpg,1,HHO-VC,53,5,15,E4_singleobjective_attained_solution
IMG_0011,119082.jpg,1,EHHO-VC,21,5,8,E4_singleobjective_attained_solution
IMG_0011,119082.jpg,1,BDA-EHHO-VC-Calibrated,118,8,50,E4_singleobjective_attained_solution
IMG_0011,119082.jpg,1,BEHHO-VC-Calibrated,252,5,88,E4_singleobjective_attained_solution
IMG_0011,119082.jpg,1,MO-BDA-EHHO-VC,25,6,10,E4_MO_equal_weight_compromise
IMG_0011,119082.jpg,2,HHO-VC,5,3,6,E4_singleobjective_attained_solution
IMG_0011,119082.jpg,2,BEHHO-VC-Calibrated,2,8,2,E4_singleobjective_attained_solution
IMG_0011,119082.jpg,2,EHHO-VC,5,32,112,E4_singleobjective_attained_solution
IMG_0011,119082.jpg,2,BDA-EHHO-VC-Calibrated,5,36,84,E4_singleobjective_attained_solution
IMG_0011,119082.jpg,2,MO-BDA-EHHO-VC,94,12,22,E4_MO_equal_weight_compromise
IMG_0011,119082.jpg,3,HHO-VC,193,18,141,E4_singleobjective_attained_solution
IMG_0011,119082.jpg,3,BDA-EHHO-VC-Calibrated,193,2,85,E4_singleobjective_attained_solution
IMG_0011,119082.jpg,3,BEHHO-VC-Calibrated,217,2,82,E4_singleobjective_attained_solution
IMG_0011,119082.jpg,3,EHHO-VC,193,18,141,E4_singleobjective_attained_solution
IMG_0011,119082.jpg,3,MO-BDA-EHHO-VC,11,4,17,E4_MO_equal_weight_compromise
IMG_0011,119082.jpg,4,HHO-VC,4,46,29,E4_singleobjective_attained_solution
IMG_0011,119082.jpg,4,BDA-EHHO-VC-Calibrated,4,24,19,E4_singleobjective_attained_solution
IMG_0011,119082.jpg,4,BEHHO-VC-Calibrated,208,2,103,E4_singleobjective_attained_solution
IMG_0011,119082.jpg,4,EHHO-VC,4,63,39,E4_singleobjective_attained_solution
IMG_0011,119082.jpg,4,MO-BDA-EHHO-VC,32,32,18,E4_MO_equal_weight_compromise
IMG_0011,119082.jpg,5,EHHO-VC,11,111,170,E4_singleobjective_attained_solution
IMG_0011,119082.jpg,5,BDA-EHHO-VC-Calibrated,7,109,202,E4_singleobjective_attained_solution
IMG_0011,119082.jpg,5,HHO-VC,11,115,173,E4_singleobjective_attained_solution
IMG_0011,119082.jpg,5,BEHHO-VC-Calibrated,2,19,186,E4_singleobjective_attained_solution
IMG_0011,119082.jpg,5,MO-BDA-EHHO-VC,6,8,66,E4_MO_equal_weight_compromise
IMG_0012,12084.jpg,1,BEHHO-VC-Calibrated,16,42,104,E4_singleobjective_attained_solution
IMG_0012,12084.jpg,1,BDA-EHHO-VC-Calibrated,16,28,105,E4_singleobjective_attained_solution
IMG_0012,12084.jpg,1,EHHO-VC,228,46,254,E4_singleobjective_attained_solution
IMG_0012,12084.jpg,1,HHO-VC,229,46,254,E4_singleobjective_attained_solution
IMG_0012,12084.jpg,1,MO-BDA-EHHO-VC,5,37,28,E4_MO_equal_weight_compromise
IMG_0012,12084.jpg,2,BDA-EHHO-VC-Calibrated,132,2,59,E4_singleobjective_attained_solution
IMG_0012,12084.jpg,2,BEHHO-VC-Calibrated,97,2,5,E4_singleobjective_attained_solution
IMG_0012,12084.jpg,2,HHO-VC,51,2,5,E4_singleobjective_attained_solution
IMG_0012,12084.jpg,2,EHHO-VC,100,2,5,E4_singleobjective_attained_solution
IMG_0012,12084.jpg,2,MO-BDA-EHHO-VC,68,5,4,E4_MO_equal_weight_compromise
IMG_0012,12084.jpg,3,BEHHO-VC-Calibrated,168,9,200,E4_singleobjective_attained_solution
IMG_0012,12084.jpg,3,BDA-EHHO-VC-Calibrated,175,24,157,E4_singleobjective_attained_solution
IMG_0012,12084.jpg,3,EHHO-VC,72,48,205,E4_singleobjective_attained_solution
IMG_0012,12084.jpg,3,HHO-VC,72,48,204,E4_singleobjective_attained_solution
IMG_0012,12084.jpg,3,MO-BDA-EHHO-VC,34,2,4,E4_MO_equal_weight_compromise
IMG_0012,12084.jpg,4,BEHHO-VC-Calibrated,247,187,175,E4_singleobjective_attained_solution
IMG_0012,12084.jpg,4,EHHO-VC,227,3,210,E4_singleobjective_attained_solution
IMG_0012,12084.jpg,4,BDA-EHHO-VC-Calibrated,251,3,225,E4_singleobjective_attained_solution
IMG_0012,12084.jpg,4,HHO-VC,246,6,228,E4_singleobjective_attained_solution
IMG_0012,12084.jpg,4,MO-BDA-EHHO-VC,23,9,32,E4_MO_equal_weight_compromise
IMG_0012,12084.jpg,5,BEHHO-VC-Calibrated,8,128,244,E4_singleobjective_attained_solution
IMG_0012,12084.jpg,5,BDA-EHHO-VC-Calibrated,16,164,255,E4_singleobjective_attained_solution
IMG_0012,12084.jpg,5,HHO-VC,17,13,250,E4_singleobjective_attained_solution
IMG_0012,12084.jpg,5,EHHO-VC,17,13,255,E4_singleobjective_attained_solution
IMG_0012,12084.jpg,5,MO-BDA-EHHO-VC,52,12,37,E4_MO_equal_weight_compromise
IMG_0013,123074.jpg,1,BDA-EHHO-VC-Calibrated,4,32,243,E4_singleobjective_attained_solution
IMG_0013,123074.jpg,1,EHHO-VC,255,64,212,E4_singleobjective_attained_solution
IMG_0013,123074.jpg,1,BEHHO-VC-Calibrated,254,255,237,E4_singleobjective_attained_solution
IMG_0013,123074.jpg,1,HHO-VC,255,33,212,E4_singleobjective_attained_solution
IMG_0013,123074.jpg,1,MO-BDA-EHHO-VC,15,132,22,E4_MO_equal_weight_compromise
IMG_0013,123074.jpg,2,HHO-VC,21,109,99,E4_singleobjective_attained_solution
IMG_0013,123074.jpg,2,EHHO-VC,21,109,99,E4_singleobjective_attained_solution
IMG_0013,123074.jpg,2,BDA-EHHO-VC-Calibrated,18,20,217,E4_singleobjective_attained_solution
IMG_0013,123074.jpg,2,BEHHO-VC-Calibrated,20,109,8,E4_singleobjective_attained_solution
IMG_0013,123074.jpg,2,MO-BDA-EHHO-VC,3,134,18,E4_MO_equal_weight_compromise
IMG_0013,123074.jpg,3,HHO-VC,3,5,5,E4_singleobjective_attained_solution
IMG_0013,123074.jpg,3,BDA-EHHO-VC-Calibrated,2,10,32,E4_singleobjective_attained_solution
IMG_0013,123074.jpg,3,EHHO-VC,3,7,10,E4_singleobjective_attained_solution
IMG_0013,123074.jpg,3,BEHHO-VC-Calibrated,4,9,64,E4_singleobjective_attained_solution
IMG_0013,123074.jpg,3,MO-BDA-EHHO-VC,24,144,65,E4_MO_equal_weight_compromise
IMG_0013,123074.jpg,4,EHHO-VC,232,69,2,E4_singleobjective_attained_solution
IMG_0013,123074.jpg,4,BDA-EHHO-VC-Calibrated,239,9,2,E4_singleobjective_attained_solution
IMG_0013,123074.jpg,4,HHO-VC,217,64,2,E4_singleobjective_attained_solution
IMG_0013,123074.jpg,4,BEHHO-VC-Calibrated,32,239,2,E4_singleobjective_attained_solution
IMG_0013,123074.jpg,4,MO-BDA-EHHO-VC,116,16,97,E4_MO_equal_weight_compromise
IMG_0013,123074.jpg,5,BEHHO-VC-Calibrated,38,40,71,E4_singleobjective_attained_solution
IMG_0013,123074.jpg,5,BDA-EHHO-VC-Calibrated,12,26,26,E4_singleobjective_attained_solution
IMG_0013,123074.jpg,5,EHHO-VC,12,72,65,E4_singleobjective_attained_solution
IMG_0013,123074.jpg,5,HHO-VC,15,96,86,E4_singleobjective_attained_solution
IMG_0013,123074.jpg,5,MO-BDA-EHHO-VC,10,9,34,E4_MO_equal_weight_compromise
IMG_0014,126007.jpg,1,BEHHO-VC-Calibrated,2,220,10,E4_singleobjective_attained_solution
IMG_0014,126007.jpg,1,BDA-EHHO-VC-Calibrated,4,146,89,E4_singleobjective_attained_solution
IMG_0014,126007.jpg,1,EHHO-VC,2,108,2,E4_singleobjective_attained_solution
IMG_0014,126007.jpg,1,HHO-VC,2,108,2,E4_singleobjective_attained_solution
IMG_0014,126007.jpg,1,MO-BDA-EHHO-VC,43,244,6,E4_MO_equal_weight_compromise
IMG_0014,126007.jpg,2,BEHHO-VC-Calibrated,201,192,28,E4_singleobjective_attained_solution
IMG_0014,126007.jpg,2,BDA-EHHO-VC-Calibrated,198,245,150,E4_singleobjective_attained_solution
IMG_0014,126007.jpg,2,HHO-VC,199,213,28,E4_singleobjective_attained_solution
IMG_0014,126007.jpg,2,EHHO-VC,200,215,33,E4_singleobjective_attained_solution
IMG_0014,126007.jpg,2,MO-BDA-EHHO-VC,62,13,56,E4_MO_equal_weight_compromise
IMG_0014,126007.jpg,3,BDA-EHHO-VC-Calibrated,2,102,193,E4_singleobjective_attained_solution
IMG_0014,126007.jpg,3,HHO-VC,2,101,2,E4_singleobjective_attained_solution
IMG_0014,126007.jpg,3,EHHO-VC,2,150,2,E4_singleobjective_attained_solution
IMG_0014,126007.jpg,3,BEHHO-VC-Calibrated,2,136,2,E4_singleobjective_attained_solution
IMG_0014,126007.jpg,3,MO-BDA-EHHO-VC,2,20,64,E4_MO_equal_weight_compromise
IMG_0014,126007.jpg,4,EHHO-VC,240,249,182,E4_singleobjective_attained_solution
IMG_0014,126007.jpg,4,BDA-EHHO-VC-Calibrated,3,154,44,E4_singleobjective_attained_solution
IMG_0014,126007.jpg,4,BEHHO-VC-Calibrated,239,255,247,E4_singleobjective_attained_solution
IMG_0014,126007.jpg,4,HHO-VC,242,254,187,E4_singleobjective_attained_solution
IMG_0014,126007.jpg,4,MO-BDA-EHHO-VC,64,64,48,E4_MO_equal_weight_compromise
IMG_0014,126007.jpg,5,HHO-VC,212,27,104,E4_singleobjective_attained_solution
IMG_0014,126007.jpg,5,EHHO-VC,212,27,104,E4_singleobjective_attained_solution
IMG_0014,126007.jpg,5,BEHHO-VC-Calibrated,210,82,2,E4_singleobjective_attained_solution
IMG_0014,126007.jpg,5,BDA-EHHO-VC-Calibrated,238,102,85,E4_singleobjective_attained_solution
IMG_0014,126007.jpg,5,MO-BDA-EHHO-VC,12,42,140,E4_MO_equal_weight_compromise
IMG_0015,130026.jpg,1,HHO-VC,182,158,90,E4_singleobjective_attained_solution
IMG_0015,130026.jpg,1,BDA-EHHO-VC-Calibrated,2,206,96,E4_singleobjective_attained_solution
IMG_0015,130026.jpg,1,BEHHO-VC-Calibrated,18,164,96,E4_singleobjective_attained_solution
IMG_0015,130026.jpg,1,EHHO-VC,178,155,90,E4_singleobjective_attained_solution
IMG_0015,130026.jpg,1,MO-BDA-EHHO-VC,15,35,53,E4_MO_equal_weight_compromise
IMG_0015,130026.jpg,2,EHHO-VC,214,140,50,E4_singleobjective_attained_solution
IMG_0015,130026.jpg,2,HHO-VC,214,140,50,E4_singleobjective_attained_solution
IMG_0015,130026.jpg,2,BEHHO-VC-Calibrated,81,11,29,E4_singleobjective_attained_solution
IMG_0015,130026.jpg,2,BDA-EHHO-VC-Calibrated,196,56,50,E4_singleobjective_attained_solution
IMG_0015,130026.jpg,2,MO-BDA-EHHO-VC,5,6,38,E4_MO_equal_weight_compromise
IMG_0015,130026.jpg,3,HHO-VC,161,255,254,E4_singleobjective_attained_solution
IMG_0015,130026.jpg,3,EHHO-VC,160,255,254,E4_singleobjective_attained_solution
IMG_0015,130026.jpg,3,BEHHO-VC-Calibrated,132,241,249,E4_singleobjective_attained_solution
IMG_0015,130026.jpg,3,BDA-EHHO-VC-Calibrated,6,239,254,E4_singleobjective_attained_solution
IMG_0015,130026.jpg,3,MO-BDA-EHHO-VC,23,39,34,E4_MO_equal_weight_compromise
IMG_0015,130026.jpg,4,BDA-EHHO-VC-Calibrated,12,2,66,E4_singleobjective_attained_solution
IMG_0015,130026.jpg,4,EHHO-VC,4,2,2,E4_singleobjective_attained_solution
IMG_0015,130026.jpg,4,BEHHO-VC-Calibrated,251,158,173,E4_singleobjective_attained_solution
IMG_0015,130026.jpg,4,HHO-VC,248,250,250,E4_singleobjective_attained_solution
IMG_0015,130026.jpg,4,MO-BDA-EHHO-VC,41,6,6,E4_MO_equal_weight_compromise
IMG_0015,130026.jpg,5,EHHO-VC,10,54,101,E4_singleobjective_attained_solution
IMG_0015,130026.jpg,5,BEHHO-VC-Calibrated,102,145,28,E4_singleobjective_attained_solution
IMG_0015,130026.jpg,5,HHO-VC,9,54,100,E4_singleobjective_attained_solution
IMG_0015,130026.jpg,5,BDA-EHHO-VC-Calibrated,9,6,37,E4_singleobjective_attained_solution
IMG_0015,130026.jpg,5,MO-BDA-EHHO-VC,8,59,42,E4_MO_equal_weight_compromise
IMG_0016,134035.jpg,1,BDA-EHHO-VC-Calibrated,21,254,197,E4_singleobjective_attained_solution
IMG_0016,134035.jpg,1,EHHO-VC,194,255,255,E4_singleobjective_attained_solution
IMG_0016,134035.jpg,1,HHO-VC,90,255,255,E4_singleobjective_attained_solution
IMG_0016,134035.jpg,1,BEHHO-VC-Calibrated,191,255,255,E4_singleobjective_attained_solution
IMG_0016,134035.jpg,1,MO-BDA-EHHO-VC,15,16,2,E4_MO_equal_weight_compromise
IMG_0016,134035.jpg,2,HHO-VC,2,32,14,E4_singleobjective_attained_solution
IMG_0016,134035.jpg,2,BEHHO-VC-Calibrated,136,48,4,E4_singleobjective_attained_solution
IMG_0016,134035.jpg,2,EHHO-VC,6,64,32,E4_singleobjective_attained_solution
IMG_0016,134035.jpg,2,BDA-EHHO-VC-Calibrated,138,64,9,E4_singleobjective_attained_solution
IMG_0016,134035.jpg,2,MO-BDA-EHHO-VC,6,29,67,E4_MO_equal_weight_compromise
IMG_0016,134035.jpg,3,BDA-EHHO-VC-Calibrated,25,4,214,E4_singleobjective_attained_solution
IMG_0016,134035.jpg,3,BEHHO-VC-Calibrated,23,4,9,E4_singleobjective_attained_solution
IMG_0016,134035.jpg,3,HHO-VC,2,2,9,E4_singleobjective_attained_solution
IMG_0016,134035.jpg,3,EHHO-VC,6,4,9,E4_singleobjective_attained_solution
IMG_0016,134035.jpg,3,MO-BDA-EHHO-VC,3,12,19,E4_MO_equal_weight_compromise
IMG_0016,134035.jpg,4,EHHO-VC,2,3,5,E4_singleobjective_attained_solution
IMG_0016,134035.jpg,4,BEHHO-VC-Calibrated,2,3,212,E4_singleobjective_attained_solution
IMG_0016,134035.jpg,4,HHO-VC,2,3,5,E4_singleobjective_attained_solution
IMG_0016,134035.jpg,4,BDA-EHHO-VC-Calibrated,2,95,205,E4_singleobjective_attained_solution
IMG_0016,134035.jpg,4,MO-BDA-EHHO-VC,12,2,33,E4_MO_equal_weight_compromise
IMG_0016,134035.jpg,5,BDA-EHHO-VC-Calibrated,2,231,192,E4_singleobjective_attained_solution
IMG_0016,134035.jpg,5,HHO-VC,225,253,13,E4_singleobjective_attained_solution
IMG_0016,134035.jpg,5,BEHHO-VC-Calibrated,2,4,32,E4_singleobjective_attained_solution
IMG_0016,134035.jpg,5,EHHO-VC,203,232,13,E4_singleobjective_attained_solution
IMG_0016,134035.jpg,5,MO-BDA-EHHO-VC,66,12,68,E4_MO_equal_weight_compromise
IMG_0017,14037.jpg,1,HHO-VC,3,178,66,E4_singleobjective_attained_solution
IMG_0017,14037.jpg,1,BDA-EHHO-VC-Calibrated,3,73,112,E4_singleobjective_attained_solution
IMG_0017,14037.jpg,1,BEHHO-VC-Calibrated,2,17,6,E4_singleobjective_attained_solution
IMG_0017,14037.jpg,1,EHHO-VC,3,218,66,E4_singleobjective_attained_solution
IMG_0017,14037.jpg,1,MO-BDA-EHHO-VC,48,5,4,E4_MO_equal_weight_compromise
IMG_0017,14037.jpg,2,HHO-VC,252,52,11,E4_singleobjective_attained_solution
IMG_0017,14037.jpg,2,BDA-EHHO-VC-Calibrated,4,233,11,E4_singleobjective_attained_solution
IMG_0017,14037.jpg,2,BEHHO-VC-Calibrated,4,34,2,E4_singleobjective_attained_solution
IMG_0017,14037.jpg,2,EHHO-VC,4,2,2,E4_singleobjective_attained_solution
IMG_0017,14037.jpg,2,MO-BDA-EHHO-VC,21,6,24,E4_MO_equal_weight_compromise
IMG_0017,14037.jpg,3,HHO-VC,2,4,95,E4_singleobjective_attained_solution
IMG_0017,14037.jpg,3,BDA-EHHO-VC-Calibrated,168,4,41,E4_singleobjective_attained_solution
IMG_0017,14037.jpg,3,BEHHO-VC-Calibrated,210,4,20,E4_singleobjective_attained_solution
IMG_0017,14037.jpg,3,EHHO-VC,2,4,70,E4_singleobjective_attained_solution
IMG_0017,14037.jpg,3,MO-BDA-EHHO-VC,9,8,10,E4_MO_equal_weight_compromise
IMG_0017,14037.jpg,4,BEHHO-VC-Calibrated,2,32,2,E4_singleobjective_attained_solution
IMG_0017,14037.jpg,4,EHHO-VC,3,2,3,E4_singleobjective_attained_solution
IMG_0017,14037.jpg,4,BDA-EHHO-VC-Calibrated,2,60,2,E4_singleobjective_attained_solution
IMG_0017,14037.jpg,4,HHO-VC,3,2,3,E4_singleobjective_attained_solution
IMG_0017,14037.jpg,4,MO-BDA-EHHO-VC,6,2,10,E4_MO_equal_weight_compromise
IMG_0017,14037.jpg,5,BDA-EHHO-VC-Calibrated,6,2,34,E4_singleobjective_attained_solution
IMG_0017,14037.jpg,5,BEHHO-VC-Calibrated,33,2,2,E4_singleobjective_attained_solution
IMG_0017,14037.jpg,5,EHHO-VC,6,196,214,E4_singleobjective_attained_solution
IMG_0017,14037.jpg,5,HHO-VC,6,193,210,E4_singleobjective_attained_solution
IMG_0017,14037.jpg,5,MO-BDA-EHHO-VC,4,10,6,E4_MO_equal_weight_compromise
IMG_0018,143090.jpg,1,BEHHO-VC-Calibrated,18,40,240,E4_singleobjective_attained_solution
IMG_0018,143090.jpg,1,BDA-EHHO-VC-Calibrated,66,11,248,E4_singleobjective_attained_solution
IMG_0018,143090.jpg,1,EHHO-VC,37,75,255,E4_singleobjective_attained_solution
IMG_0018,143090.jpg,1,HHO-VC,37,75,255,E4_singleobjective_attained_solution
IMG_0018,143090.jpg,1,MO-BDA-EHHO-VC,8,65,36,E4_MO_equal_weight_compromise
IMG_0018,143090.jpg,2,BDA-EHHO-VC-Calibrated,2,18,129,E4_singleobjective_attained_solution
IMG_0018,143090.jpg,2,HHO-VC,2,77,190,E4_singleobjective_attained_solution
IMG_0018,143090.jpg,2,EHHO-VC,2,64,139,E4_singleobjective_attained_solution
IMG_0018,143090.jpg,2,BEHHO-VC-Calibrated,2,20,212,E4_singleobjective_attained_solution
IMG_0018,143090.jpg,2,MO-BDA-EHHO-VC,2,34,19,E4_MO_equal_weight_compromise
IMG_0018,143090.jpg,3,BEHHO-VC-Calibrated,225,83,80,E4_singleobjective_attained_solution
IMG_0018,143090.jpg,3,HHO-VC,12,2,41,E4_singleobjective_attained_solution
IMG_0018,143090.jpg,3,BDA-EHHO-VC-Calibrated,24,7,6,E4_singleobjective_attained_solution
IMG_0018,143090.jpg,3,EHHO-VC,12,2,67,E4_singleobjective_attained_solution
IMG_0018,143090.jpg,3,MO-BDA-EHHO-VC,34,19,18,E4_MO_equal_weight_compromise
IMG_0018,143090.jpg,4,BDA-EHHO-VC-Calibrated,79,10,2,E4_singleobjective_attained_solution
IMG_0018,143090.jpg,4,EHHO-VC,42,2,2,E4_singleobjective_attained_solution
IMG_0018,143090.jpg,4,HHO-VC,42,2,2,E4_singleobjective_attained_solution
IMG_0018,143090.jpg,4,BEHHO-VC-Calibrated,49,2,2,E4_singleobjective_attained_solution
IMG_0018,143090.jpg,4,MO-BDA-EHHO-VC,91,10,68,E4_MO_equal_weight_compromise
IMG_0018,143090.jpg,5,BDA-EHHO-VC-Calibrated,136,7,181,E4_singleobjective_attained_solution
IMG_0018,143090.jpg,5,EHHO-VC,229,65,156,E4_singleobjective_attained_solution
IMG_0018,143090.jpg,5,HHO-VC,216,65,155,E4_singleobjective_attained_solution
IMG_0018,143090.jpg,5,BEHHO-VC-Calibrated,2,19,131,E4_singleobjective_attained_solution
IMG_0018,143090.jpg,5,MO-BDA-EHHO-VC,9,48,142,E4_MO_equal_weight_compromise
IMG_0019,145086.jpg,1,BDA-EHHO-VC-Calibrated,128,53,7,E4_singleobjective_attained_solution
IMG_0019,145086.jpg,1,EHHO-VC,195,47,118,E4_singleobjective_attained_solution
IMG_0019,145086.jpg,1,BEHHO-VC-Calibrated,168,56,32,E4_singleobjective_attained_solution
IMG_0019,145086.jpg,1,HHO-VC,216,47,139,E4_singleobjective_attained_solution
IMG_0019,145086.jpg,1,MO-BDA-EHHO-VC,28,15,45,E4_MO_equal_weight_compromise
IMG_0019,145086.jpg,2,BEHHO-VC-Calibrated,113,248,12,E4_singleobjective_attained_solution
IMG_0019,145086.jpg,2,BDA-EHHO-VC-Calibrated,97,224,46,E4_singleobjective_attained_solution
IMG_0019,145086.jpg,2,HHO-VC,253,214,52,E4_singleobjective_attained_solution
IMG_0019,145086.jpg,2,EHHO-VC,253,214,52,E4_singleobjective_attained_solution
IMG_0019,145086.jpg,2,MO-BDA-EHHO-VC,12,32,5,E4_MO_equal_weight_compromise
IMG_0019,145086.jpg,3,BEHHO-VC-Calibrated,37,2,64,E4_singleobjective_attained_solution
IMG_0019,145086.jpg,3,BDA-EHHO-VC-Calibrated,205,3,150,E4_singleobjective_attained_solution
IMG_0019,145086.jpg,3,EHHO-VC,47,2,8,E4_singleobjective_attained_solution
IMG_0019,145086.jpg,3,HHO-VC,51,2,8,E4_singleobjective_attained_solution
IMG_0019,145086.jpg,3,MO-BDA-EHHO-VC,28,33,58,E4_MO_equal_weight_compromise
IMG_0019,145086.jpg,4,HHO-VC,232,30,171,E4_singleobjective_attained_solution
IMG_0019,145086.jpg,4,BDA-EHHO-VC-Calibrated,3,73,155,E4_singleobjective_attained_solution
IMG_0019,145086.jpg,4,BEHHO-VC-Calibrated,2,229,184,E4_singleobjective_attained_solution
IMG_0019,145086.jpg,4,EHHO-VC,206,26,150,E4_singleobjective_attained_solution
IMG_0019,145086.jpg,4,MO-BDA-EHHO-VC,19,5,180,E4_MO_equal_weight_compromise
IMG_0019,145086.jpg,5,HHO-VC,9,200,86,E4_singleobjective_attained_solution
IMG_0019,145086.jpg,5,BDA-EHHO-VC-Calibrated,96,3,129,E4_singleobjective_attained_solution
IMG_0019,145086.jpg,5,EHHO-VC,9,197,95,E4_singleobjective_attained_solution
IMG_0019,145086.jpg,5,BEHHO-VC-Calibrated,114,2,77,E4_singleobjective_attained_solution
IMG_0019,145086.jpg,5,MO-BDA-EHHO-VC,210,64,31,E4_MO_equal_weight_compromise
IMG_0020,147091.jpg,1,HHO-VC,57,95,255,E4_singleobjective_attained_solution
IMG_0020,147091.jpg,1,BDA-EHHO-VC-Calibrated,20,242,233,E4_singleobjective_attained_solution
IMG_0020,147091.jpg,1,EHHO-VC,57,95,254,E4_singleobjective_attained_solution
IMG_0020,147091.jpg,1,BEHHO-VC-Calibrated,20,47,252,E4_singleobjective_attained_solution
IMG_0020,147091.jpg,1,MO-BDA-EHHO-VC,24,18,34,E4_MO_equal_weight_compromise
IMG_0020,147091.jpg,2,HHO-VC,118,12,15,E4_singleobjective_attained_solution
IMG_0020,147091.jpg,2,BDA-EHHO-VC-Calibrated,200,123,16,E4_singleobjective_attained_solution
IMG_0020,147091.jpg,2,EHHO-VC,155,97,74,E4_singleobjective_attained_solution
IMG_0020,147091.jpg,2,BEHHO-VC-Calibrated,192,6,16,E4_singleobjective_attained_solution
IMG_0020,147091.jpg,2,MO-BDA-EHHO-VC,2,18,42,E4_MO_equal_weight_compromise
IMG_0020,147091.jpg,3,BEHHO-VC-Calibrated,94,2,244,E4_singleobjective_attained_solution
IMG_0020,147091.jpg,3,EHHO-VC,104,2,182,E4_singleobjective_attained_solution
IMG_0020,147091.jpg,3,BDA-EHHO-VC-Calibrated,134,2,250,E4_singleobjective_attained_solution
IMG_0020,147091.jpg,3,HHO-VC,104,2,186,E4_singleobjective_attained_solution
IMG_0020,147091.jpg,3,MO-BDA-EHHO-VC,32,26,10,E4_MO_equal_weight_compromise
IMG_0020,147091.jpg,4,BEHHO-VC-Calibrated,2,208,2,E4_singleobjective_attained_solution
IMG_0020,147091.jpg,4,BDA-EHHO-VC-Calibrated,40,213,243,E4_singleobjective_attained_solution
IMG_0020,147091.jpg,4,HHO-VC,164,216,224,E4_singleobjective_attained_solution
IMG_0020,147091.jpg,4,EHHO-VC,165,213,218,E4_singleobjective_attained_solution
IMG_0020,147091.jpg,4,MO-BDA-EHHO-VC,2,5,28,E4_MO_equal_weight_compromise
IMG_0020,147091.jpg,5,HHO-VC,124,199,93,E4_singleobjective_attained_solution
IMG_0020,147091.jpg,5,BEHHO-VC-Calibrated,128,52,108,E4_singleobjective_attained_solution
IMG_0020,147091.jpg,5,EHHO-VC,124,198,91,E4_singleobjective_attained_solution
IMG_0020,147091.jpg,5,BDA-EHHO-VC-Calibrated,124,35,105,E4_singleobjective_attained_solution
IMG_0020,147091.jpg,5,MO-BDA-EHHO-VC,18,18,16,E4_MO_equal_weight_compromise
IMG_0021,148026.jpg,1,HHO-VC,141,3,149,E4_singleobjective_attained_solution
IMG_0021,148026.jpg,1,BEHHO-VC-Calibrated,16,2,136,E4_singleobjective_attained_solution
IMG_0021,148026.jpg,1,EHHO-VC,142,3,149,E4_singleobjective_attained_solution
IMG_0021,148026.jpg,1,BDA-EHHO-VC-Calibrated,27,3,232,E4_singleobjective_attained_solution
IMG_0021,148026.jpg,1,MO-BDA-EHHO-VC,16,16,16,E4_MO_equal_weight_compromise
IMG_0021,148026.jpg,2,BDA-EHHO-VC-Calibrated,32,8,58,E4_singleobjective_attained_solution
IMG_0021,148026.jpg,2,EHHO-VC,8,2,2,E4_singleobjective_attained_solution
IMG_0021,148026.jpg,2,HHO-VC,142,82,9,E4_singleobjective_attained_solution
IMG_0021,148026.jpg,2,BEHHO-VC-Calibrated,24,2,9,E4_singleobjective_attained_solution
IMG_0021,148026.jpg,2,MO-BDA-EHHO-VC,62,2,54,E4_MO_equal_weight_compromise
IMG_0021,148026.jpg,3,EHHO-VC,2,2,2,E4_singleobjective_attained_solution
IMG_0021,148026.jpg,3,BEHHO-VC-Calibrated,239,245,157,E4_singleobjective_attained_solution
IMG_0021,148026.jpg,3,BDA-EHHO-VC-Calibrated,52,253,2,E4_singleobjective_attained_solution
IMG_0021,148026.jpg,3,HHO-VC,2,2,2,E4_singleobjective_attained_solution
IMG_0021,148026.jpg,3,MO-BDA-EHHO-VC,16,16,32,E4_MO_equal_weight_compromise
IMG_0021,148026.jpg,4,BEHHO-VC-Calibrated,20,140,220,E4_singleobjective_attained_solution
IMG_0021,148026.jpg,4,EHHO-VC,20,83,179,E4_singleobjective_attained_solution
IMG_0021,148026.jpg,4,BDA-EHHO-VC-Calibrated,229,134,181,E4_singleobjective_attained_solution
IMG_0021,148026.jpg,4,HHO-VC,20,83,178,E4_singleobjective_attained_solution
IMG_0021,148026.jpg,4,MO-BDA-EHHO-VC,41,38,13,E4_MO_equal_weight_compromise
IMG_0021,148026.jpg,5,BDA-EHHO-VC-Calibrated,245,227,47,E4_singleobjective_attained_solution
IMG_0021,148026.jpg,5,EHHO-VC,130,53,25,E4_singleobjective_attained_solution
IMG_0021,148026.jpg,5,HHO-VC,120,52,25,E4_singleobjective_attained_solution
IMG_0021,148026.jpg,5,BEHHO-VC-Calibrated,52,37,198,E4_singleobjective_attained_solution
IMG_0021,148026.jpg,5,MO-BDA-EHHO-VC,42,84,4,E4_MO_equal_weight_compromise
IMG_0022,148089.jpg,1,HHO-VC,156,189,152,E4_singleobjective_attained_solution
IMG_0022,148089.jpg,1,BDA-EHHO-VC-Calibrated,21,195,158,E4_singleobjective_attained_solution
IMG_0022,148089.jpg,1,EHHO-VC,157,192,152,E4_singleobjective_attained_solution
IMG_0022,148089.jpg,1,BEHHO-VC-Calibrated,8,68,145,E4_singleobjective_attained_solution
IMG_0022,148089.jpg,1,MO-BDA-EHHO-VC,5,32,24,E4_MO_equal_weight_compromise
IMG_0022,148089.jpg,2,EHHO-VC,242,153,252,E4_singleobjective_attained_solution
IMG_0022,148089.jpg,2,BEHHO-VC-Calibrated,132,90,236,E4_singleobjective_attained_solution
IMG_0022,148089.jpg,2,HHO-VC,171,152,239,E4_singleobjective_attained_solution
IMG_0022,148089.jpg,2,BDA-EHHO-VC-Calibrated,225,153,252,E4_singleobjective_attained_solution
IMG_0022,148089.jpg,2,MO-BDA-EHHO-VC,20,26,16,E4_MO_equal_weight_compromise
IMG_0022,148089.jpg,3,HHO-VC,199,253,63,E4_singleobjective_attained_solution
IMG_0022,148089.jpg,3,EHHO-VC,199,253,63,E4_singleobjective_attained_solution
IMG_0022,148089.jpg,3,BDA-EHHO-VC-Calibrated,237,163,63,E4_singleobjective_attained_solution
IMG_0022,148089.jpg,3,BEHHO-VC-Calibrated,243,231,63,E4_singleobjective_attained_solution
IMG_0022,148089.jpg,3,MO-BDA-EHHO-VC,27,11,22,E4_MO_equal_weight_compromise
IMG_0022,148089.jpg,4,BDA-EHHO-VC-Calibrated,2,230,60,E4_singleobjective_attained_solution
IMG_0022,148089.jpg,4,BEHHO-VC-Calibrated,2,162,34,E4_singleobjective_attained_solution
IMG_0022,148089.jpg,4,EHHO-VC,150,233,34,E4_singleobjective_attained_solution
IMG_0022,148089.jpg,4,HHO-VC,148,220,34,E4_singleobjective_attained_solution
IMG_0022,148089.jpg,4,MO-BDA-EHHO-VC,44,12,21,E4_MO_equal_weight_compromise
IMG_0022,148089.jpg,5,BEHHO-VC-Calibrated,2,64,225,E4_singleobjective_attained_solution
IMG_0022,148089.jpg,5,EHHO-VC,2,2,2,E4_singleobjective_attained_solution
IMG_0022,148089.jpg,5,BDA-EHHO-VC-Calibrated,3,6,255,E4_singleobjective_attained_solution
IMG_0022,148089.jpg,5,HHO-VC,2,2,2,E4_singleobjective_attained_solution
IMG_0022,148089.jpg,5,MO-BDA-EHHO-VC,32,25,21,E4_MO_equal_weight_compromise
IMG_0023,156065.jpg,1,HHO-VC,252,253,65,E4_singleobjective_attained_solution
IMG_0023,156065.jpg,1,BDA-EHHO-VC-Calibrated,181,222,37,E4_singleobjective_attained_solution
IMG_0023,156065.jpg,1,EHHO-VC,248,251,65,E4_singleobjective_attained_solution
IMG_0023,156065.jpg,1,BEHHO-VC-Calibrated,180,246,13,E4_singleobjective_attained_solution
IMG_0023,156065.jpg,1,MO-BDA-EHHO-VC,105,26,16,E4_MO_equal_weight_compromise
IMG_0023,156065.jpg,2,EHHO-VC,6,6,15,E4_singleobjective_attained_solution
IMG_0023,156065.jpg,2,HHO-VC,6,6,15,E4_singleobjective_attained_solution
IMG_0023,156065.jpg,2,BEHHO-VC-Calibrated,100,52,13,E4_singleobjective_attained_solution
IMG_0023,156065.jpg,2,BDA-EHHO-VC-Calibrated,76,53,5,E4_singleobjective_attained_solution
IMG_0023,156065.jpg,2,MO-BDA-EHHO-VC,21,13,10,E4_MO_equal_weight_compromise
IMG_0023,156065.jpg,3,EHHO-VC,13,136,39,E4_singleobjective_attained_solution
IMG_0023,156065.jpg,3,BDA-EHHO-VC-Calibrated,11,249,94,E4_singleobjective_attained_solution
IMG_0023,156065.jpg,3,BEHHO-VC-Calibrated,2,64,8,E4_singleobjective_attained_solution
IMG_0023,156065.jpg,3,HHO-VC,95,100,40,E4_singleobjective_attained_solution
IMG_0023,156065.jpg,3,MO-BDA-EHHO-VC,7,2,44,E4_MO_equal_weight_compromise
IMG_0023,156065.jpg,4,EHHO-VC,41,83,13,E4_singleobjective_attained_solution
IMG_0023,156065.jpg,4,HHO-VC,43,87,13,E4_singleobjective_attained_solution
IMG_0023,156065.jpg,4,BDA-EHHO-VC-Calibrated,2,83,14,E4_singleobjective_attained_solution
IMG_0023,156065.jpg,4,BEHHO-VC-Calibrated,199,87,14,E4_singleobjective_attained_solution
IMG_0023,156065.jpg,4,MO-BDA-EHHO-VC,40,27,24,E4_MO_equal_weight_compromise
IMG_0023,156065.jpg,5,BEHHO-VC-Calibrated,208,4,64,E4_singleobjective_attained_solution
IMG_0023,156065.jpg,5,HHO-VC,210,18,4,E4_singleobjective_attained_solution
IMG_0023,156065.jpg,5,EHHO-VC,207,18,4,E4_singleobjective_attained_solution
IMG_0023,156065.jpg,5,BDA-EHHO-VC-Calibrated,226,8,21,E4_singleobjective_attained_solution
IMG_0023,156065.jpg,5,MO-BDA-EHHO-VC,21,60,58,E4_MO_equal_weight_compromise
IMG_0024,157055.jpg,1,BDA-EHHO-VC-Calibrated,244,197,220,E4_singleobjective_attained_solution
IMG_0024,157055.jpg,1,HHO-VC,215,181,232,E4_singleobjective_attained_solution
IMG_0024,157055.jpg,1,EHHO-VC,235,197,253,E4_singleobjective_attained_solution
IMG_0024,157055.jpg,1,BEHHO-VC-Calibrated,238,228,213,E4_singleobjective_attained_solution
IMG_0024,157055.jpg,1,MO-BDA-EHHO-VC,16,33,57,E4_MO_equal_weight_compromise
IMG_0024,157055.jpg,2,BEHHO-VC-Calibrated,255,255,252,E4_singleobjective_attained_solution
IMG_0024,157055.jpg,2,HHO-VC,252,251,252,E4_singleobjective_attained_solution
IMG_0024,157055.jpg,2,BDA-EHHO-VC-Calibrated,209,239,5,E4_singleobjective_attained_solution
IMG_0024,157055.jpg,2,EHHO-VC,253,252,252,E4_singleobjective_attained_solution
IMG_0024,157055.jpg,2,MO-BDA-EHHO-VC,52,140,4,E4_MO_equal_weight_compromise
IMG_0024,157055.jpg,3,EHHO-VC,5,3,2,E4_singleobjective_attained_solution
IMG_0024,157055.jpg,3,BEHHO-VC-Calibrated,5,84,245,E4_singleobjective_attained_solution
IMG_0024,157055.jpg,3,BDA-EHHO-VC-Calibrated,5,185,235,E4_singleobjective_attained_solution
IMG_0024,157055.jpg,3,HHO-VC,3,3,2,E4_singleobjective_attained_solution
IMG_0024,157055.jpg,3,MO-BDA-EHHO-VC,12,5,192,E4_MO_equal_weight_compromise
IMG_0024,157055.jpg,4,HHO-VC,3,5,157,E4_singleobjective_attained_solution
IMG_0024,157055.jpg,4,EHHO-VC,2,2,5,E4_singleobjective_attained_solution
IMG_0024,157055.jpg,4,BEHHO-VC-Calibrated,3,2,16,E4_singleobjective_attained_solution
IMG_0024,157055.jpg,4,BDA-EHHO-VC-Calibrated,6,2,167,E4_singleobjective_attained_solution
IMG_0024,157055.jpg,4,MO-BDA-EHHO-VC,16,73,14,E4_MO_equal_weight_compromise
IMG_0024,157055.jpg,5,BDA-EHHO-VC-Calibrated,4,10,169,E4_singleobjective_attained_solution
IMG_0024,157055.jpg,5,EHHO-VC,2,131,12,E4_singleobjective_attained_solution
IMG_0024,157055.jpg,5,BEHHO-VC-Calibrated,4,129,12,E4_singleobjective_attained_solution
IMG_0024,157055.jpg,5,HHO-VC,2,131,12,E4_singleobjective_attained_solution
IMG_0024,157055.jpg,5,MO-BDA-EHHO-VC,46,16,9,E4_MO_equal_weight_compromise
IMG_0025,159008.jpg,1,BDA-EHHO-VC-Calibrated,65,64,9,E4_singleobjective_attained_solution
IMG_0025,159008.jpg,1,HHO-VC,69,40,2,E4_singleobjective_attained_solution
IMG_0025,159008.jpg,1,EHHO-VC,48,30,2,E4_singleobjective_attained_solution
IMG_0025,159008.jpg,1,BEHHO-VC-Calibrated,68,64,2,E4_singleobjective_attained_solution
IMG_0025,159008.jpg,1,MO-BDA-EHHO-VC,20,19,26,E4_MO_equal_weight_compromise
IMG_0025,159008.jpg,2,HHO-VC,2,2,2,E4_singleobjective_attained_solution
IMG_0025,159008.jpg,2,BDA-EHHO-VC-Calibrated,2,2,132,E4_singleobjective_attained_solution
IMG_0025,159008.jpg,2,BEHHO-VC-Calibrated,2,2,206,E4_singleobjective_attained_solution
IMG_0025,159008.jpg,2,EHHO-VC,2,2,2,E4_singleobjective_attained_solution
IMG_0025,159008.jpg,2,MO-BDA-EHHO-VC,12,9,99,E4_MO_equal_weight_compromise
IMG_0025,159008.jpg,3,HHO-VC,9,177,135,E4_singleobjective_attained_solution
IMG_0025,159008.jpg,3,BDA-EHHO-VC-Calibrated,15,184,141,E4_singleobjective_attained_solution
IMG_0025,159008.jpg,3,BEHHO-VC-Calibrated,5,180,160,E4_singleobjective_attained_solution
IMG_0025,159008.jpg,3,EHHO-VC,10,184,139,E4_singleobjective_attained_solution
IMG_0025,159008.jpg,3,MO-BDA-EHHO-VC,22,10,8,E4_MO_equal_weight_compromise
IMG_0025,159008.jpg,4,BDA-EHHO-VC-Calibrated,221,115,97,E4_singleobjective_attained_solution
IMG_0025,159008.jpg,4,HHO-VC,214,8,98,E4_singleobjective_attained_solution
IMG_0025,159008.jpg,4,BEHHO-VC-Calibrated,241,47,105,E4_singleobjective_attained_solution
IMG_0025,159008.jpg,4,EHHO-VC,214,8,98,E4_singleobjective_attained_solution
IMG_0025,159008.jpg,4,MO-BDA-EHHO-VC,75,80,4,E4_MO_equal_weight_compromise
IMG_0025,159008.jpg,5,HHO-VC,140,83,133,E4_singleobjective_attained_solution
IMG_0025,159008.jpg,5,EHHO-VC,140,83,133,E4_singleobjective_attained_solution
IMG_0025,159008.jpg,5,BDA-EHHO-VC-Calibrated,138,106,151,E4_singleobjective_attained_solution
IMG_0025,159008.jpg,5,BEHHO-VC-Calibrated,215,86,159,E4_singleobjective_attained_solution
IMG_0025,159008.jpg,5,MO-BDA-EHHO-VC,7,32,72,E4_MO_equal_weight_compromise
IMG_0026,160068.jpg,1,EHHO-VC,40,128,118,E4_singleobjective_attained_solution
IMG_0026,160068.jpg,1,HHO-VC,40,128,118,E4_singleobjective_attained_solution
IMG_0026,160068.jpg,1,BEHHO-VC-Calibrated,105,140,58,E4_singleobjective_attained_solution
IMG_0026,160068.jpg,1,BDA-EHHO-VC-Calibrated,36,242,58,E4_singleobjective_attained_solution
IMG_0026,160068.jpg,1,MO-BDA-EHHO-VC,32,10,19,E4_MO_equal_weight_compromise
IMG_0026,160068.jpg,2,EHHO-VC,2,9,255,E4_singleobjective_attained_solution
IMG_0026,160068.jpg,2,BDA-EHHO-VC-Calibrated,2,12,232,E4_singleobjective_attained_solution
IMG_0026,160068.jpg,2,BEHHO-VC-Calibrated,2,8,4,E4_singleobjective_attained_solution
IMG_0026,160068.jpg,2,HHO-VC,2,9,233,E4_singleobjective_attained_solution
IMG_0026,160068.jpg,2,MO-BDA-EHHO-VC,7,14,24,E4_MO_equal_weight_compromise
IMG_0026,160068.jpg,3,BEHHO-VC-Calibrated,3,11,151,E4_singleobjective_attained_solution
IMG_0026,160068.jpg,3,HHO-VC,8,3,3,E4_singleobjective_attained_solution
IMG_0026,160068.jpg,3,EHHO-VC,23,12,3,E4_singleobjective_attained_solution
IMG_0026,160068.jpg,3,BDA-EHHO-VC-Calibrated,2,49,86,E4_singleobjective_attained_solution
IMG_0026,160068.jpg,3,MO-BDA-EHHO-VC,34,24,53,E4_MO_equal_weight_compromise
IMG_0026,160068.jpg,4,HHO-VC,11,2,2,E4_singleobjective_attained_solution
IMG_0026,160068.jpg,4,BDA-EHHO-VC-Calibrated,29,27,2,E4_singleobjective_attained_solution
IMG_0026,160068.jpg,4,BEHHO-VC-Calibrated,72,2,2,E4_singleobjective_attained_solution
IMG_0026,160068.jpg,4,EHHO-VC,29,2,2,E4_singleobjective_attained_solution
IMG_0026,160068.jpg,4,MO-BDA-EHHO-VC,18,9,8,E4_MO_equal_weight_compromise
IMG_0026,160068.jpg,5,BDA-EHHO-VC-Calibrated,203,60,2,E4_singleobjective_attained_solution
IMG_0026,160068.jpg,5,HHO-VC,2,2,2,E4_singleobjective_attained_solution
IMG_0026,160068.jpg,5,EHHO-VC,2,2,2,E4_singleobjective_attained_solution
IMG_0026,160068.jpg,5,BEHHO-VC-Calibrated,206,2,2,E4_singleobjective_attained_solution
IMG_0026,160068.jpg,5,MO-BDA-EHHO-VC,25,4,20,E4_MO_equal_weight_compromise
IMG_0027,16077.jpg,1,EHHO-VC,195,254,199,E4_singleobjective_attained_solution
IMG_0027,16077.jpg,1,BEHHO-VC-Calibrated,192,230,175,E4_singleobjective_attained_solution
IMG_0027,16077.jpg,1,HHO-VC,168,246,204,E4_singleobjective_attained_solution
IMG_0027,16077.jpg,1,BDA-EHHO-VC-Calibrated,196,47,214,E4_singleobjective_attained_solution
IMG_0027,16077.jpg,1,MO-BDA-EHHO-VC,27,29,41,E4_MO_equal_weight_compromise
IMG_0027,16077.jpg,2,HHO-VC,12,3,6,E4_singleobjective_attained_solution
IMG_0027,16077.jpg,2,BEHHO-VC-Calibrated,118,3,101,E4_singleobjective_attained_solution
IMG_0027,16077.jpg,2,EHHO-VC,67,3,6,E4_singleobjective_attained_solution
IMG_0027,16077.jpg,2,BDA-EHHO-VC-Calibrated,41,3,12,E4_singleobjective_attained_solution
IMG_0027,16077.jpg,2,MO-BDA-EHHO-VC,4,18,17,E4_MO_equal_weight_compromise
IMG_0027,16077.jpg,3,BEHHO-VC-Calibrated,141,5,2,E4_singleobjective_attained_solution
IMG_0027,16077.jpg,3,HHO-VC,113,76,2,E4_singleobjective_attained_solution
IMG_0027,16077.jpg,3,BDA-EHHO-VC-Calibrated,118,78,2,E4_singleobjective_attained_solution
IMG_0027,16077.jpg,3,EHHO-VC,56,51,2,E4_singleobjective_attained_solution
IMG_0027,16077.jpg,3,MO-BDA-EHHO-VC,20,62,15,E4_MO_equal_weight_compromise
IMG_0027,16077.jpg,4,EHHO-VC,249,75,255,E4_singleobjective_attained_solution
IMG_0027,16077.jpg,4,BDA-EHHO-VC-Calibrated,2,22,100,E4_singleobjective_attained_solution
IMG_0027,16077.jpg,4,HHO-VC,141,42,255,E4_singleobjective_attained_solution
IMG_0027,16077.jpg,4,BEHHO-VC-Calibrated,2,64,81,E4_singleobjective_attained_solution
IMG_0027,16077.jpg,4,MO-BDA-EHHO-VC,85,10,56,E4_MO_equal_weight_compromise
IMG_0027,16077.jpg,5,HHO-VC,8,254,2,E4_singleobjective_attained_solution
IMG_0027,16077.jpg,5,BDA-EHHO-VC-Calibrated,33,246,2,E4_singleobjective_attained_solution
IMG_0027,16077.jpg,5,BEHHO-VC-Calibrated,8,4,2,E4_singleobjective_attained_solution
IMG_0027,16077.jpg,5,EHHO-VC,8,254,2,E4_singleobjective_attained_solution
IMG_0027,16077.jpg,5,MO-BDA-EHHO-VC,40,56,18,E4_MO_equal_weight_compromise
IMG_0028,163085.jpg,1,BEHHO-VC-Calibrated,4,65,54,E4_singleobjective_attained_solution
IMG_0028,163085.jpg,1,BDA-EHHO-VC-Calibrated,4,108,71,E4_singleobjective_attained_solution
IMG_0028,163085.jpg,1,HHO-VC,2,100,26,E4_singleobjective_attained_solution
IMG_0028,163085.jpg,1,EHHO-VC,2,101,23,E4_singleobjective_attained_solution
IMG_0028,163085.jpg,1,MO-BDA-EHHO-VC,37,4,13,E4_MO_equal_weight_compromise
IMG_0028,163085.jpg,2,EHHO-VC,2,6,2,E4_singleobjective_attained_solution
IMG_0028,163085.jpg,2,HHO-VC,2,6,2,E4_singleobjective_attained_solution
IMG_0028,163085.jpg,2,BDA-EHHO-VC-Calibrated,2,64,2,E4_singleobjective_attained_solution
IMG_0028,163085.jpg,2,BEHHO-VC-Calibrated,2,33,2,E4_singleobjective_attained_solution
IMG_0028,163085.jpg,2,MO-BDA-EHHO-VC,148,58,6,E4_MO_equal_weight_compromise
IMG_0028,163085.jpg,3,BEHHO-VC-Calibrated,255,239,247,E4_singleobjective_attained_solution
IMG_0028,163085.jpg,3,EHHO-VC,255,239,255,E4_singleobjective_attained_solution
IMG_0028,163085.jpg,3,HHO-VC,255,241,255,E4_singleobjective_attained_solution
IMG_0028,163085.jpg,3,BDA-EHHO-VC-Calibrated,209,170,199,E4_singleobjective_attained_solution
IMG_0028,163085.jpg,3,MO-BDA-EHHO-VC,181,6,30,E4_MO_equal_weight_compromise
IMG_0028,163085.jpg,4,BEHHO-VC-Calibrated,4,2,180,E4_singleobjective_attained_solution
IMG_0028,163085.jpg,4,HHO-VC,2,2,2,E4_singleobjective_attained_solution
IMG_0028,163085.jpg,4,BDA-EHHO-VC-Calibrated,31,6,183,E4_singleobjective_attained_solution
IMG_0028,163085.jpg,4,EHHO-VC,5,2,2,E4_singleobjective_attained_solution
IMG_0028,163085.jpg,4,MO-BDA-EHHO-VC,16,8,14,E4_MO_equal_weight_compromise
IMG_0028,163085.jpg,5,HHO-VC,46,229,34,E4_singleobjective_attained_solution
IMG_0028,163085.jpg,5,EHHO-VC,46,229,34,E4_singleobjective_attained_solution
IMG_0028,163085.jpg,5,BEHHO-VC-Calibrated,72,4,34,E4_singleobjective_attained_solution
IMG_0028,163085.jpg,5,BDA-EHHO-VC-Calibrated,74,245,15,E4_singleobjective_attained_solution
IMG_0028,163085.jpg,5,MO-BDA-EHHO-VC,137,28,20,E4_MO_equal_weight_compromise
IMG_0029,167062.jpg,1,EHHO-VC,5,116,182,E4_singleobjective_attained_solution
IMG_0029,167062.jpg,1,HHO-VC,5,141,221,E4_singleobjective_attained_solution
IMG_0029,167062.jpg,1,BDA-EHHO-VC-Calibrated,5,211,184,E4_singleobjective_attained_solution
IMG_0029,167062.jpg,1,BEHHO-VC-Calibrated,5,221,161,E4_singleobjective_attained_solution
IMG_0029,167062.jpg,1,MO-BDA-EHHO-VC,18,21,19,E4_MO_equal_weight_compromise
IMG_0029,167062.jpg,2,BEHHO-VC-Calibrated,205,57,220,E4_singleobjective_attained_solution
IMG_0029,167062.jpg,2,BDA-EHHO-VC-Calibrated,37,52,246,E4_singleobjective_attained_solution
IMG_0029,167062.jpg,2,HHO-VC,255,63,241,E4_singleobjective_attained_solution
IMG_0029,167062.jpg,2,EHHO-VC,228,57,226,E4_singleobjective_attained_solution
IMG_0029,167062.jpg,2,MO-BDA-EHHO-VC,15,17,139,E4_MO_equal_weight_compromise
IMG_0029,167062.jpg,3,HHO-VC,173,169,165,E4_singleobjective_attained_solution
IMG_0029,167062.jpg,3,BDA-EHHO-VC-Calibrated,157,203,249,E4_singleobjective_attained_solution
IMG_0029,167062.jpg,3,EHHO-VC,170,171,167,E4_singleobjective_attained_solution
IMG_0029,167062.jpg,3,BEHHO-VC-Calibrated,159,187,235,E4_singleobjective_attained_solution
IMG_0029,167062.jpg,3,MO-BDA-EHHO-VC,9,29,42,E4_MO_equal_weight_compromise
IMG_0029,167062.jpg,4,BDA-EHHO-VC-Calibrated,253,191,22,E4_singleobjective_attained_solution
IMG_0029,167062.jpg,4,HHO-VC,238,222,3,E4_singleobjective_attained_solution
IMG_0029,167062.jpg,4,BEHHO-VC-Calibrated,244,197,24,E4_singleobjective_attained_solution
IMG_0029,167062.jpg,4,EHHO-VC,215,222,5,E4_singleobjective_attained_solution
IMG_0029,167062.jpg,4,MO-BDA-EHHO-VC,9,8,28,E4_MO_equal_weight_compromise
IMG_0029,167062.jpg,5,BDA-EHHO-VC-Calibrated,204,200,37,E4_singleobjective_attained_solution
IMG_0029,167062.jpg,5,BEHHO-VC-Calibrated,4,65,33,E4_singleobjective_attained_solution
IMG_0029,167062.jpg,5,HHO-VC,10,199,37,E4_singleobjective_attained_solution
IMG_0029,167062.jpg,5,EHHO-VC,10,199,37,E4_singleobjective_attained_solution
IMG_0029,167062.jpg,5,MO-BDA-EHHO-VC,5,24,103,E4_MO_equal_weight_compromise
IMG_0030,167083.jpg,1,BDA-EHHO-VC-Calibrated,142,6,112,E4_singleobjective_attained_solution
IMG_0030,167083.jpg,1,EHHO-VC,163,228,100,E4_singleobjective_attained_solution
IMG_0030,167083.jpg,1,HHO-VC,163,228,100,E4_singleobjective_attained_solution
IMG_0030,167083.jpg,1,BEHHO-VC-Calibrated,14,191,69,E4_singleobjective_attained_solution
IMG_0030,167083.jpg,1,MO-BDA-EHHO-VC,34,13,31,E4_MO_equal_weight_compromise
IMG_0030,167083.jpg,2,EHHO-VC,36,33,3,E4_singleobjective_attained_solution
IMG_0030,167083.jpg,2,HHO-VC,68,37,2,E4_singleobjective_attained_solution
IMG_0030,167083.jpg,2,BEHHO-VC-Calibrated,42,64,3,E4_singleobjective_attained_solution
IMG_0030,167083.jpg,2,BDA-EHHO-VC-Calibrated,36,64,2,E4_singleobjective_attained_solution
IMG_0030,167083.jpg,2,MO-BDA-EHHO-VC,18,8,2,E4_MO_equal_weight_compromise
IMG_0030,167083.jpg,3,BEHHO-VC-Calibrated,2,114,11,E4_singleobjective_attained_solution
IMG_0030,167083.jpg,3,HHO-VC,194,223,34,E4_singleobjective_attained_solution
IMG_0030,167083.jpg,3,BDA-EHHO-VC-Calibrated,190,146,11,E4_singleobjective_attained_solution
IMG_0030,167083.jpg,3,EHHO-VC,50,55,11,E4_singleobjective_attained_solution
IMG_0030,167083.jpg,3,MO-BDA-EHHO-VC,7,97,146,E4_MO_equal_weight_compromise
IMG_0030,167083.jpg,4,EHHO-VC,2,2,2,E4_singleobjective_attained_solution
IMG_0030,167083.jpg,4,HHO-VC,2,2,2,E4_singleobjective_attained_solution
IMG_0030,167083.jpg,4,BEHHO-VC-Calibrated,237,255,255,E4_singleobjective_attained_solution
IMG_0030,167083.jpg,4,BDA-EHHO-VC-Calibrated,227,253,253,E4_singleobjective_attained_solution
IMG_0030,167083.jpg,4,MO-BDA-EHHO-VC,21,12,31,E4_MO_equal_weight_compromise
IMG_0030,167083.jpg,5,EHHO-VC,6,2,10,E4_singleobjective_attained_solution
IMG_0030,167083.jpg,5,BEHHO-VC-Calibrated,6,2,152,E4_singleobjective_attained_solution
IMG_0030,167083.jpg,5,BDA-EHHO-VC-Calibrated,6,75,195,E4_singleobjective_attained_solution
IMG_0030,167083.jpg,5,HHO-VC,3,2,10,E4_singleobjective_attained_solution
IMG_0030,167083.jpg,5,MO-BDA-EHHO-VC,48,26,32,E4_MO_equal_weight_compromise
IMG_0031,170057.jpg,1,EHHO-VC,144,153,39,E4_singleobjective_attained_solution
IMG_0031,170057.jpg,1,BDA-EHHO-VC-Calibrated,35,155,60,E4_singleobjective_attained_solution
IMG_0031,170057.jpg,1,HHO-VC,140,150,39,E4_singleobjective_attained_solution
IMG_0031,170057.jpg,1,BEHHO-VC-Calibrated,15,184,39,E4_singleobjective_attained_solution
IMG_0031,170057.jpg,1,MO-BDA-EHHO-VC,251,17,115,E4_MO_equal_weight_compromise
IMG_0031,170057.jpg,2,HHO-VC,255,255,255,E4_singleobjective_attained_solution
IMG_0031,170057.jpg,2,EHHO-VC,255,255,255,E4_singleobjective_attained_solution
IMG_0031,170057.jpg,2,BEHHO-VC-Calibrated,255,255,223,E4_singleobjective_attained_solution
IMG_0031,170057.jpg,2,BDA-EHHO-VC-Calibrated,121,99,243,E4_singleobjective_attained_solution
IMG_0031,170057.jpg,2,MO-BDA-EHHO-VC,64,230,20,E4_MO_equal_weight_compromise
IMG_0031,170057.jpg,3,BDA-EHHO-VC-Calibrated,148,2,54,E4_singleobjective_attained_solution
IMG_0031,170057.jpg,3,BEHHO-VC-Calibrated,2,2,36,E4_singleobjective_attained_solution
IMG_0031,170057.jpg,3,HHO-VC,3,3,3,E4_singleobjective_attained_solution
IMG_0031,170057.jpg,3,EHHO-VC,6,6,6,E4_singleobjective_attained_solution
IMG_0031,170057.jpg,3,MO-BDA-EHHO-VC,48,64,4,E4_MO_equal_weight_compromise
IMG_0031,170057.jpg,4,BEHHO-VC-Calibrated,63,237,66,E4_singleobjective_attained_solution
IMG_0031,170057.jpg,4,EHHO-VC,3,241,255,E4_singleobjective_attained_solution
IMG_0031,170057.jpg,4,BDA-EHHO-VC-Calibrated,12,233,254,E4_singleobjective_attained_solution
IMG_0031,170057.jpg,4,HHO-VC,3,241,255,E4_singleobjective_attained_solution
IMG_0031,170057.jpg,4,MO-BDA-EHHO-VC,60,28,36,E4_MO_equal_weight_compromise
IMG_0031,170057.jpg,5,BDA-EHHO-VC-Calibrated,229,65,16,E4_singleobjective_attained_solution
IMG_0031,170057.jpg,5,EHHO-VC,201,253,56,E4_singleobjective_attained_solution
IMG_0031,170057.jpg,5,HHO-VC,202,255,56,E4_singleobjective_attained_solution
IMG_0031,170057.jpg,5,BEHHO-VC-Calibrated,128,64,16,E4_singleobjective_attained_solution
IMG_0031,170057.jpg,5,MO-BDA-EHHO-VC,66,36,133,E4_MO_equal_weight_compromise
IMG_0032,175032.jpg,1,BEHHO-VC-Calibrated,8,32,2,E4_singleobjective_attained_solution
IMG_0032,175032.jpg,1,BDA-EHHO-VC-Calibrated,253,229,2,E4_singleobjective_attained_solution
IMG_0032,175032.jpg,1,HHO-VC,36,3,2,E4_singleobjective_attained_solution
IMG_0032,175032.jpg,1,EHHO-VC,21,3,2,E4_singleobjective_attained_solution
IMG_0032,175032.jpg,1,MO-BDA-EHHO-VC,23,55,18,E4_MO_equal_weight_compromise
IMG_0032,175032.jpg,2,BDA-EHHO-VC-Calibrated,243,252,235,E4_singleobjective_attained_solution
IMG_0032,175032.jpg,2,HHO-VC,255,255,193,E4_singleobjective_attained_solution
IMG_0032,175032.jpg,2,EHHO-VC,255,255,193,E4_singleobjective_attained_solution
IMG_0032,175032.jpg,2,BEHHO-VC-Calibrated,255,255,191,E4_singleobjective_attained_solution
IMG_0032,175032.jpg,2,MO-BDA-EHHO-VC,37,127,126,E4_MO_equal_weight_compromise
IMG_0032,175032.jpg,3,HHO-VC,37,56,12,E4_singleobjective_attained_solution
IMG_0032,175032.jpg,3,EHHO-VC,37,56,12,E4_singleobjective_attained_solution
IMG_0032,175032.jpg,3,BEHHO-VC-Calibrated,48,130,12,E4_singleobjective_attained_solution
IMG_0032,175032.jpg,3,BDA-EHHO-VC-Calibrated,142,164,12,E4_singleobjective_attained_solution
IMG_0032,175032.jpg,3,MO-BDA-EHHO-VC,22,16,137,E4_MO_equal_weight_compromise
IMG_0032,175032.jpg,4,HHO-VC,46,2,2,E4_singleobjective_attained_solution
IMG_0032,175032.jpg,4,EHHO-VC,46,2,2,E4_singleobjective_attained_solution
IMG_0032,175032.jpg,4,BEHHO-VC-Calibrated,71,64,2,E4_singleobjective_attained_solution
IMG_0032,175032.jpg,4,BDA-EHHO-VC-Calibrated,111,20,2,E4_singleobjective_attained_solution
IMG_0032,175032.jpg,4,MO-BDA-EHHO-VC,17,164,181,E4_MO_equal_weight_compromise
IMG_0032,175032.jpg,5,BDA-EHHO-VC-Calibrated,126,130,5,E4_singleobjective_attained_solution
IMG_0032,175032.jpg,5,EHHO-VC,38,255,95,E4_singleobjective_attained_solution
IMG_0032,175032.jpg,5,BEHHO-VC-Calibrated,36,129,5,E4_singleobjective_attained_solution
IMG_0032,175032.jpg,5,HHO-VC,21,217,41,E4_singleobjective_attained_solution
IMG_0032,175032.jpg,5,MO-BDA-EHHO-VC,57,17,29,E4_MO_equal_weight_compromise
IMG_0033,175043.jpg,1,HHO-VC,4,2,2,E4_singleobjective_attained_solution
IMG_0033,175043.jpg,1,BEHHO-VC-Calibrated,2,4,2,E4_singleobjective_attained_solution
IMG_0033,175043.jpg,1,BDA-EHHO-VC-Calibrated,4,208,174,E4_singleobjective_attained_solution
IMG_0033,175043.jpg,1,EHHO-VC,4,2,2,E4_singleobjective_attained_solution
IMG_0033,175043.jpg,1,MO-BDA-EHHO-VC,53,20,130,E4_MO_equal_weight_compromise
IMG_0033,175043.jpg,2,EHHO-VC,7,3,200,E4_singleobjective_attained_solution
IMG_0033,175043.jpg,2,BEHHO-VC-Calibrated,7,2,252,E4_singleobjective_attained_solution
IMG_0033,175043.jpg,2,HHO-VC,7,3,205,E4_singleobjective_attained_solution
IMG_0033,175043.jpg,2,BDA-EHHO-VC-Calibrated,131,198,210,E4_singleobjective_attained_solution
IMG_0033,175043.jpg,2,MO-BDA-EHHO-VC,36,30,21,E4_MO_equal_weight_compromise
IMG_0033,175043.jpg,3,EHHO-VC,189,106,160,E4_singleobjective_attained_solution
IMG_0033,175043.jpg,3,HHO-VC,191,108,162,E4_singleobjective_attained_solution
IMG_0033,175043.jpg,3,BDA-EHHO-VC-Calibrated,198,106,184,E4_singleobjective_attained_solution
IMG_0033,175043.jpg,3,BEHHO-VC-Calibrated,205,108,197,E4_singleobjective_attained_solution
IMG_0033,175043.jpg,3,MO-BDA-EHHO-VC,12,16,64,E4_MO_equal_weight_compromise
IMG_0033,175043.jpg,4,HHO-VC,195,248,192,E4_singleobjective_attained_solution
IMG_0033,175043.jpg,4,BEHHO-VC-Calibrated,186,249,243,E4_singleobjective_attained_solution
IMG_0033,175043.jpg,4,EHHO-VC,211,248,209,E4_singleobjective_attained_solution
IMG_0033,175043.jpg,4,BDA-EHHO-VC-Calibrated,192,2,172,E4_singleobjective_attained_solution
IMG_0033,175043.jpg,4,MO-BDA-EHHO-VC,64,2,196,E4_MO_equal_weight_compromise
IMG_0033,175043.jpg,5,BDA-EHHO-VC-Calibrated,29,2,5,E4_singleobjective_attained_solution
IMG_0033,175043.jpg,5,HHO-VC,2,2,5,E4_singleobjective_attained_solution
IMG_0033,175043.jpg,5,BEHHO-VC-Calibrated,106,2,5,E4_singleobjective_attained_solution
IMG_0033,175043.jpg,5,EHHO-VC,2,2,5,E4_singleobjective_attained_solution
IMG_0033,175043.jpg,5,MO-BDA-EHHO-VC,47,31,134,E4_MO_equal_weight_compromise
IMG_0034,182053.jpg,1,EHHO-VC,10,14,2,E4_singleobjective_attained_solution
IMG_0034,182053.jpg,1,BDA-EHHO-VC-Calibrated,19,249,2,E4_singleobjective_attained_solution
IMG_0034,182053.jpg,1,BEHHO-VC-Calibrated,20,128,2,E4_singleobjective_attained_solution
IMG_0034,182053.jpg,1,HHO-VC,10,6,2,E4_singleobjective_attained_solution
IMG_0034,182053.jpg,1,MO-BDA-EHHO-VC,249,55,8,E4_MO_equal_weight_compromise
IMG_0034,182053.jpg,2,BEHHO-VC-Calibrated,84,3,32,E4_singleobjective_attained_solution
IMG_0034,182053.jpg,2,HHO-VC,65,3,63,E4_singleobjective_attained_solution
IMG_0034,182053.jpg,2,BDA-EHHO-VC-Calibrated,92,3,100,E4_singleobjective_attained_solution
IMG_0034,182053.jpg,2,EHHO-VC,64,3,63,E4_singleobjective_attained_solution
IMG_0034,182053.jpg,2,MO-BDA-EHHO-VC,128,100,91,E4_MO_equal_weight_compromise
IMG_0034,182053.jpg,3,EHHO-VC,248,172,205,E4_singleobjective_attained_solution
IMG_0034,182053.jpg,3,BEHHO-VC-Calibrated,163,2,149,E4_singleobjective_attained_solution
IMG_0034,182053.jpg,3,BDA-EHHO-VC-Calibrated,247,175,220,E4_singleobjective_attained_solution
IMG_0034,182053.jpg,3,HHO-VC,248,172,205,E4_singleobjective_attained_solution
IMG_0034,182053.jpg,3,MO-BDA-EHHO-VC,156,72,24,E4_MO_equal_weight_compromise
IMG_0034,182053.jpg,4,EHHO-VC,154,252,2,E4_singleobjective_attained_solution
IMG_0034,182053.jpg,4,HHO-VC,156,250,2,E4_singleobjective_attained_solution
IMG_0034,182053.jpg,4,BEHHO-VC-Calibrated,202,17,2,E4_singleobjective_attained_solution
IMG_0034,182053.jpg,4,BDA-EHHO-VC-Calibrated,169,32,2,E4_singleobjective_attained_solution
IMG_0034,182053.jpg,4,MO-BDA-EHHO-VC,23,130,50,E4_MO_equal_weight_compromise
IMG_0034,182053.jpg,5,BEHHO-VC-Calibrated,202,218,12,E4_singleobjective_attained_solution
IMG_0034,182053.jpg,5,BDA-EHHO-VC-Calibrated,12,104,8,E4_singleobjective_attained_solution
IMG_0034,182053.jpg,5,EHHO-VC,21,242,87,E4_singleobjective_attained_solution
IMG_0034,182053.jpg,5,HHO-VC,3,74,23,E4_singleobjective_attained_solution
IMG_0034,182053.jpg,5,MO-BDA-EHHO-VC,9,41,159,E4_MO_equal_weight_compromise
IMG_0035,189080.jpg,1,BEHHO-VC-Calibrated,64,42,15,E4_singleobjective_attained_solution
IMG_0035,189080.jpg,1,BDA-EHHO-VC-Calibrated,34,96,2,E4_singleobjective_attained_solution
IMG_0035,189080.jpg,1,EHHO-VC,2,55,2,E4_singleobjective_attained_solution
IMG_0035,189080.jpg,1,HHO-VC,2,55,2,E4_singleobjective_attained_solution
IMG_0035,189080.jpg,1,MO-BDA-EHHO-VC,6,5,36,E4_MO_equal_weight_compromise
IMG_0035,189080.jpg,2,HHO-VC,196,133,212,E4_singleobjective_attained_solution
IMG_0035,189080.jpg,2,BEHHO-VC-Calibrated,6,227,212,E4_singleobjective_attained_solution
IMG_0035,189080.jpg,2,BDA-EHHO-VC-Calibrated,210,177,154,E4_singleobjective_attained_solution
IMG_0035,189080.jpg,2,EHHO-VC,207,137,224,E4_singleobjective_attained_solution
IMG_0035,189080.jpg,2,MO-BDA-EHHO-VC,54,47,14,E4_MO_equal_weight_compromise
IMG_0035,189080.jpg,3,BDA-EHHO-VC-Calibrated,5,26,227,E4_singleobjective_attained_solution
IMG_0035,189080.jpg,3,EHHO-VC,4,5,5,E4_singleobjective_attained_solution
IMG_0035,189080.jpg,3,HHO-VC,4,2,3,E4_singleobjective_attained_solution
IMG_0035,189080.jpg,3,BEHHO-VC-Calibrated,4,32,2,E4_singleobjective_attained_solution
IMG_0035,189080.jpg,3,MO-BDA-EHHO-VC,34,12,64,E4_MO_equal_weight_compromise
IMG_0035,189080.jpg,4,BEHHO-VC-Calibrated,254,255,255,E4_singleobjective_attained_solution
IMG_0035,189080.jpg,4,EHHO-VC,254,255,255,E4_singleobjective_attained_solution
IMG_0035,189080.jpg,4,BDA-EHHO-VC-Calibrated,225,4,164,E4_singleobjective_attained_solution
IMG_0035,189080.jpg,4,HHO-VC,254,255,255,E4_singleobjective_attained_solution
IMG_0035,189080.jpg,4,MO-BDA-EHHO-VC,19,44,32,E4_MO_equal_weight_compromise
IMG_0035,189080.jpg,5,BDA-EHHO-VC-Calibrated,85,4,4,E4_singleobjective_attained_solution
IMG_0035,189080.jpg,5,HHO-VC,44,57,8,E4_singleobjective_attained_solution
IMG_0035,189080.jpg,5,EHHO-VC,86,107,8,E4_singleobjective_attained_solution
IMG_0035,189080.jpg,5,BEHHO-VC-Calibrated,64,2,8,E4_singleobjective_attained_solution
IMG_0035,189080.jpg,5,MO-BDA-EHHO-VC,26,2,29,E4_MO_equal_weight_compromise
IMG_0036,19021.jpg,1,EHHO-VC,134,178,79,E4_singleobjective_attained_solution
IMG_0036,19021.jpg,1,BEHHO-VC-Calibrated,141,147,4,E4_singleobjective_attained_solution
IMG_0036,19021.jpg,1,HHO-VC,134,173,102,E4_singleobjective_attained_solution
IMG_0036,19021.jpg,1,BDA-EHHO-VC-Calibrated,136,138,4,E4_singleobjective_attained_solution
IMG_0036,19021.jpg,1,MO-BDA-EHHO-VC,25,60,56,E4_MO_equal_weight_compromise
IMG_0036,19021.jpg,2,BEHHO-VC-Calibrated,2,2,18,E4_singleobjective_attained_solution
IMG_0036,19021.jpg,2,BDA-EHHO-VC-Calibrated,86,101,18,E4_singleobjective_attained_solution
IMG_0036,19021.jpg,2,HHO-VC,2,3,9,E4_singleobjective_attained_solution
IMG_0036,19021.jpg,2,EHHO-VC,3,3,9,E4_singleobjective_attained_solution
IMG_0036,19021.jpg,2,MO-BDA-EHHO-VC,18,52,39,E4_MO_equal_weight_compromise
IMG_0036,19021.jpg,3,HHO-VC,2,27,32,E4_singleobjective_attained_solution
IMG_0036,19021.jpg,3,BDA-EHHO-VC-Calibrated,2,116,35,E4_singleobjective_attained_solution
IMG_0036,19021.jpg,3,EHHO-VC,2,52,31,E4_singleobjective_attained_solution
IMG_0036,19021.jpg,3,BEHHO-VC-Calibrated,2,21,35,E4_singleobjective_attained_solution
IMG_0036,19021.jpg,3,MO-BDA-EHHO-VC,16,9,26,E4_MO_equal_weight_compromise
IMG_0036,19021.jpg,4,EHHO-VC,179,2,2,E4_singleobjective_attained_solution
IMG_0036,19021.jpg,4,HHO-VC,179,2,2,E4_singleobjective_attained_solution
IMG_0036,19021.jpg,4,BEHHO-VC-Calibrated,192,2,2,E4_singleobjective_attained_solution
IMG_0036,19021.jpg,4,BDA-EHHO-VC-Calibrated,88,2,2,E4_singleobjective_attained_solution
IMG_0036,19021.jpg,4,MO-BDA-EHHO-VC,4,48,16,E4_MO_equal_weight_compromise
IMG_0036,19021.jpg,5,BDA-EHHO-VC-Calibrated,244,238,34,E4_singleobjective_attained_solution
IMG_0036,19021.jpg,5,HHO-VC,254,253,62,E4_singleobjective_attained_solution
IMG_0036,19021.jpg,5,EHHO-VC,226,228,62,E4_singleobjective_attained_solution
IMG_0036,19021.jpg,5,BEHHO-VC-Calibrated,254,229,15,E4_singleobjective_attained_solution
IMG_0036,19021.jpg,5,MO-BDA-EHHO-VC,2,22,38,E4_MO_equal_weight_compromise
IMG_0037,196073.jpg,1,BEHHO-VC-Calibrated,32,141,224,E4_singleobjective_attained_solution
IMG_0037,196073.jpg,1,HHO-VC,32,105,94,E4_singleobjective_attained_solution
IMG_0037,196073.jpg,1,EHHO-VC,32,106,94,E4_singleobjective_attained_solution
IMG_0037,196073.jpg,1,BDA-EHHO-VC-Calibrated,2,200,93,E4_singleobjective_attained_solution
IMG_0037,196073.jpg,1,MO-BDA-EHHO-VC,4,18,81,E4_MO_equal_weight_compromise
IMG_0037,196073.jpg,2,EHHO-VC,250,6,112,E4_singleobjective_attained_solution
IMG_0037,196073.jpg,2,BDA-EHHO-VC-Calibrated,156,8,93,E4_singleobjective_attained_solution
IMG_0037,196073.jpg,2,HHO-VC,250,6,94,E4_singleobjective_attained_solution
IMG_0037,196073.jpg,2,BEHHO-VC-Calibrated,249,112,95,E4_singleobjective_attained_solution
IMG_0037,196073.jpg,2,MO-BDA-EHHO-VC,31,55,38,E4_MO_equal_weight_compromise
IMG_0037,196073.jpg,3,BDA-EHHO-VC-Calibrated,233,149,254,E4_singleobjective_attained_solution
IMG_0037,196073.jpg,3,HHO-VC,255,255,255,E4_singleobjective_attained_solution
IMG_0037,196073.jpg,3,BEHHO-VC-Calibrated,255,255,251,E4_singleobjective_attained_solution
IMG_0037,196073.jpg,3,EHHO-VC,255,255,255,E4_singleobjective_attained_solution
IMG_0037,196073.jpg,3,MO-BDA-EHHO-VC,20,71,195,E4_MO_equal_weight_compromise
IMG_0037,196073.jpg,4,BEHHO-VC-Calibrated,208,2,2,E4_singleobjective_attained_solution
IMG_0037,196073.jpg,4,HHO-VC,88,2,2,E4_singleobjective_attained_solution
IMG_0037,196073.jpg,4,EHHO-VC,88,2,2,E4_singleobjective_attained_solution
IMG_0037,196073.jpg,4,BDA-EHHO-VC-Calibrated,96,40,2,E4_singleobjective_attained_solution
IMG_0037,196073.jpg,4,MO-BDA-EHHO-VC,33,152,161,E4_MO_equal_weight_compromise
IMG_0037,196073.jpg,5,BDA-EHHO-VC-Calibrated,142,17,4,E4_singleobjective_attained_solution
IMG_0037,196073.jpg,5,HHO-VC,123,135,4,E4_singleobjective_attained_solution
IMG_0037,196073.jpg,5,BEHHO-VC-Calibrated,26,8,4,E4_singleobjective_attained_solution
IMG_0037,196073.jpg,5,EHHO-VC,123,135,4,E4_singleobjective_attained_solution
IMG_0037,196073.jpg,5,MO-BDA-EHHO-VC,21,56,9,E4_MO_equal_weight_compromise
IMG_0038,197017.jpg,1,EHHO-VC,9,200,151,E4_singleobjective_attained_solution
IMG_0038,197017.jpg,1,BEHHO-VC-Calibrated,9,2,160,E4_singleobjective_attained_solution
IMG_0038,197017.jpg,1,HHO-VC,9,199,158,E4_singleobjective_attained_solution
IMG_0038,197017.jpg,1,BDA-EHHO-VC-Calibrated,9,40,18,E4_singleobjective_attained_solution
IMG_0038,197017.jpg,1,MO-BDA-EHHO-VC,59,85,7,E4_MO_equal_weight_compromise
IMG_0038,197017.jpg,2,BEHHO-VC-Calibrated,2,2,227,E4_singleobjective_attained_solution
IMG_0038,197017.jpg,2,HHO-VC,236,3,13,E4_singleobjective_attained_solution
IMG_0038,197017.jpg,2,BDA-EHHO-VC-Calibrated,3,2,168,E4_singleobjective_attained_solution
IMG_0038,197017.jpg,2,EHHO-VC,252,3,13,E4_singleobjective_attained_solution
IMG_0038,197017.jpg,2,MO-BDA-EHHO-VC,4,23,33,E4_MO_equal_weight_compromise
IMG_0038,197017.jpg,3,EHHO-VC,147,5,5,E4_singleobjective_attained_solution
IMG_0038,197017.jpg,3,HHO-VC,140,2,2,E4_singleobjective_attained_solution
IMG_0038,197017.jpg,3,BEHHO-VC-Calibrated,130,100,4,E4_singleobjective_attained_solution
IMG_0038,197017.jpg,3,BDA-EHHO-VC-Calibrated,8,5,5,E4_singleobjective_attained_solution
IMG_0038,197017.jpg,3,MO-BDA-EHHO-VC,20,10,40,E4_MO_equal_weight_compromise
IMG_0038,197017.jpg,4,BEHHO-VC-Calibrated,2,3,64,E4_singleobjective_attained_solution
IMG_0038,197017.jpg,4,EHHO-VC,3,5,12,E4_singleobjective_attained_solution
IMG_0038,197017.jpg,4,HHO-VC,3,5,12,E4_singleobjective_attained_solution
IMG_0038,197017.jpg,4,BDA-EHHO-VC-Calibrated,72,4,69,E4_singleobjective_attained_solution
IMG_0038,197017.jpg,4,MO-BDA-EHHO-VC,65,72,14,E4_MO_equal_weight_compromise
IMG_0038,197017.jpg,5,BEHHO-VC-Calibrated,64,2,2,E4_singleobjective_attained_solution
IMG_0038,197017.jpg,5,BDA-EHHO-VC-Calibrated,228,3,188,E4_singleobjective_attained_solution
IMG_0038,197017.jpg,5,EHHO-VC,249,2,2,E4_singleobjective_attained_solution
IMG_0038,197017.jpg,5,HHO-VC,249,2,2,E4_singleobjective_attained_solution
IMG_0038,197017.jpg,5,MO-BDA-EHHO-VC,134,11,34,E4_MO_equal_weight_compromise
IMG_0039,208001.jpg,1,BDA-EHHO-VC-Calibrated,235,116,45,E4_singleobjective_attained_solution
IMG_0039,208001.jpg,1,BEHHO-VC-Calibrated,188,122,20,E4_singleobjective_attained_solution
IMG_0039,208001.jpg,1,HHO-VC,151,142,35,E4_singleobjective_attained_solution
IMG_0039,208001.jpg,1,EHHO-VC,150,140,35,E4_singleobjective_attained_solution
IMG_0039,208001.jpg,1,MO-BDA-EHHO-VC,21,64,2,E4_MO_equal_weight_compromise
IMG_0039,208001.jpg,2,HHO-VC,7,77,177,E4_singleobjective_attained_solution
IMG_0039,208001.jpg,2,BEHHO-VC-Calibrated,2,2,128,E4_singleobjective_attained_solution
IMG_0039,208001.jpg,2,EHHO-VC,4,77,161,E4_singleobjective_attained_solution
IMG_0039,208001.jpg,2,BDA-EHHO-VC-Calibrated,82,2,159,E4_singleobjective_attained_solution
IMG_0039,208001.jpg,2,MO-BDA-EHHO-VC,16,6,2,E4_MO_equal_weight_compromise
IMG_0039,208001.jpg,3,EHHO-VC,184,143,61,E4_singleobjective_attained_solution
IMG_0039,208001.jpg,3,HHO-VC,247,179,77,E4_singleobjective_attained_solution
IMG_0039,208001.jpg,3,BDA-EHHO-VC-Calibrated,186,108,4,E4_singleobjective_attained_solution
IMG_0039,208001.jpg,3,BEHHO-VC-Calibrated,223,201,11,E4_singleobjective_attained_solution
IMG_0039,208001.jpg,3,MO-BDA-EHHO-VC,74,14,18,E4_MO_equal_weight_compromise
IMG_0039,208001.jpg,4,HHO-VC,14,3,2,E4_singleobjective_attained_solution
IMG_0039,208001.jpg,4,BDA-EHHO-VC-Calibrated,179,8,35,E4_singleobjective_attained_solution
IMG_0039,208001.jpg,4,EHHO-VC,14,3,2,E4_singleobjective_attained_solution
IMG_0039,208001.jpg,4,BEHHO-VC-Calibrated,20,8,2,E4_singleobjective_attained_solution
IMG_0039,208001.jpg,4,MO-BDA-EHHO-VC,40,14,9,E4_MO_equal_weight_compromise
IMG_0039,208001.jpg,5,EHHO-VC,16,102,12,E4_singleobjective_attained_solution
IMG_0039,208001.jpg,5,HHO-VC,16,102,12,E4_singleobjective_attained_solution
IMG_0039,208001.jpg,5,BEHHO-VC-Calibrated,61,167,38,E4_singleobjective_attained_solution
IMG_0039,208001.jpg,5,BDA-EHHO-VC-Calibrated,32,91,39,E4_singleobjective_attained_solution
IMG_0039,208001.jpg,5,MO-BDA-EHHO-VC,17,9,9,E4_MO_equal_weight_compromise
IMG_0040,210088.jpg,1,EHHO-VC,162,13,116,E4_singleobjective_attained_solution
IMG_0040,210088.jpg,1,HHO-VC,158,7,97,E4_singleobjective_attained_solution
IMG_0040,210088.jpg,1,BDA-EHHO-VC-Calibrated,168,16,22,E4_singleobjective_attained_solution
IMG_0040,210088.jpg,1,BEHHO-VC-Calibrated,240,15,11,E4_singleobjective_attained_solution
IMG_0040,210088.jpg,1,MO-BDA-EHHO-VC,16,2,24,E4_MO_equal_weight_compromise
IMG_0040,210088.jpg,2,BEHHO-VC-Calibrated,2,2,8,E4_singleobjective_attained_solution
IMG_0040,210088.jpg,2,EHHO-VC,3,3,8,E4_singleobjective_attained_solution
IMG_0040,210088.jpg,2,BDA-EHHO-VC-Calibrated,2,45,23,E4_singleobjective_attained_solution
IMG_0040,210088.jpg,2,HHO-VC,2,6,8,E4_singleobjective_attained_solution
IMG_0040,210088.jpg,2,MO-BDA-EHHO-VC,21,38,19,E4_MO_equal_weight_compromise
IMG_0040,210088.jpg,3,BDA-EHHO-VC-Calibrated,72,240,162,E4_singleobjective_attained_solution
IMG_0040,210088.jpg,3,BEHHO-VC-Calibrated,7,212,164,E4_singleobjective_attained_solution
IMG_0040,210088.jpg,3,EHHO-VC,73,139,241,E4_singleobjective_attained_solution
IMG_0040,210088.jpg,3,HHO-VC,74,139,242,E4_singleobjective_attained_solution
IMG_0040,210088.jpg,3,MO-BDA-EHHO-VC,2,22,33,E4_MO_equal_weight_compromise
IMG_0040,210088.jpg,4,BDA-EHHO-VC-Calibrated,140,47,238,E4_singleobjective_attained_solution
IMG_0040,210088.jpg,4,HHO-VC,153,128,133,E4_singleobjective_attained_solution
IMG_0040,210088.jpg,4,EHHO-VC,144,120,123,E4_singleobjective_attained_solution
IMG_0040,210088.jpg,4,BEHHO-VC-Calibrated,219,4,182,E4_singleobjective_attained_solution
IMG_0040,210088.jpg,4,MO-BDA-EHHO-VC,8,2,36,E4_MO_equal_weight_compromise
IMG_0040,210088.jpg,5,BEHHO-VC-Calibrated,2,18,39,E4_singleobjective_attained_solution
IMG_0040,210088.jpg,5,EHHO-VC,2,9,20,E4_singleobjective_attained_solution
IMG_0040,210088.jpg,5,BDA-EHHO-VC-Calibrated,2,88,18,E4_singleobjective_attained_solution
IMG_0040,210088.jpg,5,HHO-VC,2,2,27,E4_singleobjective_attained_solution
IMG_0040,210088.jpg,5,MO-BDA-EHHO-VC,36,46,15,E4_MO_equal_weight_compromise
IMG_0041,21077.jpg,1,BEHHO-VC-Calibrated,8,2,41,E4_singleobjective_attained_solution
IMG_0041,21077.jpg,1,EHHO-VC,11,2,2,E4_singleobjective_attained_solution
IMG_0041,21077.jpg,1,BDA-EHHO-VC-Calibrated,6,2,169,E4_singleobjective_attained_solution
IMG_0041,21077.jpg,1,HHO-VC,11,2,2,E4_singleobjective_attained_solution
IMG_0041,21077.jpg,1,MO-BDA-EHHO-VC,24,11,62,E4_MO_equal_weight_compromise
IMG_0041,21077.jpg,2,HHO-VC,2,2,2,E4_singleobjective_attained_solution
IMG_0041,21077.jpg,2,BDA-EHHO-VC-Calibrated,2,170,234,E4_singleobjective_attained_solution
IMG_0041,21077.jpg,2,EHHO-VC,5,5,4,E4_singleobjective_attained_solution
IMG_0041,21077.jpg,2,BEHHO-VC-Calibrated,5,196,2,E4_singleobjective_attained_solution
IMG_0041,21077.jpg,2,MO-BDA-EHHO-VC,130,11,17,E4_MO_equal_weight_compromise
IMG_0041,21077.jpg,3,EHHO-VC,5,77,5,E4_singleobjective_attained_solution
IMG_0041,21077.jpg,3,BEHHO-VC-Calibrated,22,202,2,E4_singleobjective_attained_solution
IMG_0041,21077.jpg,3,BDA-EHHO-VC-Calibrated,72,218,5,E4_singleobjective_attained_solution
IMG_0041,21077.jpg,3,HHO-VC,5,50,5,E4_singleobjective_attained_solution
IMG_0041,21077.jpg,3,MO-BDA-EHHO-VC,68,66,42,E4_MO_equal_weight_compromise
IMG_0041,21077.jpg,4,BEHHO-VC-Calibrated,2,8,8,E4_singleobjective_attained_solution
IMG_0041,21077.jpg,4,EHHO-VC,14,144,123,E4_singleobjective_attained_solution
IMG_0041,21077.jpg,4,BDA-EHHO-VC-Calibrated,2,8,152,E4_singleobjective_attained_solution
IMG_0041,21077.jpg,4,HHO-VC,14,156,123,E4_singleobjective_attained_solution
IMG_0041,21077.jpg,4,MO-BDA-EHHO-VC,13,2,50,E4_MO_equal_weight_compromise
IMG_0041,21077.jpg,5,EHHO-VC,7,107,116,E4_singleobjective_attained_solution
IMG_0041,21077.jpg,5,BDA-EHHO-VC-Calibrated,127,64,17,E4_singleobjective_attained_solution
IMG_0041,21077.jpg,5,BEHHO-VC-Calibrated,31,51,47,E4_singleobjective_attained_solution
IMG_0041,21077.jpg,5,HHO-VC,7,112,120,E4_singleobjective_attained_solution
IMG_0041,21077.jpg,5,MO-BDA-EHHO-VC,152,62,30,E4_MO_equal_weight_compromise
IMG_0042,216081.jpg,1,EHHO-VC,6,117,10,E4_singleobjective_attained_solution
IMG_0042,216081.jpg,1,HHO-VC,6,117,10,E4_singleobjective_attained_solution
IMG_0042,216081.jpg,1,BEHHO-VC-Calibrated,14,2,23,E4_singleobjective_attained_solution
IMG_0042,216081.jpg,1,BDA-EHHO-VC-Calibrated,141,2,10,E4_singleobjective_attained_solution
IMG_0042,216081.jpg,1,MO-BDA-EHHO-VC,9,4,16,E4_MO_equal_weight_compromise
IMG_0042,216081.jpg,2,EHHO-VC,2,249,41,E4_singleobjective_attained_solution
IMG_0042,216081.jpg,2,BEHHO-VC-Calibrated,2,179,38,E4_singleobjective_attained_solution
IMG_0042,216081.jpg,2,BDA-EHHO-VC-Calibrated,4,249,43,E4_singleobjective_attained_solution
IMG_0042,216081.jpg,2,HHO-VC,2,255,41,E4_singleobjective_attained_solution
IMG_0042,216081.jpg,2,MO-BDA-EHHO-VC,20,20,25,E4_MO_equal_weight_compromise
IMG_0042,216081.jpg,3,EHHO-VC,70,20,4,E4_singleobjective_attained_solution
IMG_0042,216081.jpg,3,BEHHO-VC-Calibrated,16,8,4,E4_singleobjective_attained_solution
IMG_0042,216081.jpg,3,BDA-EHHO-VC-Calibrated,80,20,4,E4_singleobjective_attained_solution
IMG_0042,216081.jpg,3,HHO-VC,95,26,4,E4_singleobjective_attained_solution
IMG_0042,216081.jpg,3,MO-BDA-EHHO-VC,50,2,17,E4_MO_equal_weight_compromise
IMG_0042,216081.jpg,4,HHO-VC,115,38,57,E4_singleobjective_attained_solution
IMG_0042,216081.jpg,4,EHHO-VC,49,17,26,E4_singleobjective_attained_solution
IMG_0042,216081.jpg,4,BDA-EHHO-VC-Calibrated,59,226,66,E4_singleobjective_attained_solution
IMG_0042,216081.jpg,4,BEHHO-VC-Calibrated,51,78,22,E4_singleobjective_attained_solution
IMG_0042,216081.jpg,4,MO-BDA-EHHO-VC,2,65,24,E4_MO_equal_weight_compromise
IMG_0042,216081.jpg,5,BDA-EHHO-VC-Calibrated,214,228,8,E4_singleobjective_attained_solution
IMG_0042,216081.jpg,5,HHO-VC,2,117,2,E4_singleobjective_attained_solution
IMG_0042,216081.jpg,5,EHHO-VC,2,122,2,E4_singleobjective_attained_solution
IMG_0042,216081.jpg,5,BEHHO-VC-Calibrated,20,178,8,E4_singleobjective_attained_solution
IMG_0042,216081.jpg,5,MO-BDA-EHHO-VC,17,33,8,E4_MO_equal_weight_compromise
IMG_0043,219090.jpg,1,EHHO-VC,169,95,2,E4_singleobjective_attained_solution
IMG_0043,219090.jpg,1,BDA-EHHO-VC-Calibrated,40,92,2,E4_singleobjective_attained_solution
IMG_0043,219090.jpg,1,BEHHO-VC-Calibrated,2,92,2,E4_singleobjective_attained_solution
IMG_0043,219090.jpg,1,HHO-VC,6,19,2,E4_singleobjective_attained_solution
IMG_0043,219090.jpg,1,MO-BDA-EHHO-VC,9,4,16,E4_MO_equal_weight_compromise
IMG_0043,219090.jpg,2,EHHO-VC,178,203,52,E4_singleobjective_attained_solution
IMG_0043,219090.jpg,2,BDA-EHHO-VC-Calibrated,247,247,53,E4_singleobjective_attained_solution
IMG_0043,219090.jpg,2,BEHHO-VC-Calibrated,251,246,24,E4_singleobjective_attained_solution
IMG_0043,219090.jpg,2,HHO-VC,178,203,52,E4_singleobjective_attained_solution
IMG_0043,219090.jpg,2,MO-BDA-EHHO-VC,4,58,18,E4_MO_equal_weight_compromise
IMG_0043,219090.jpg,3,BEHHO-VC-Calibrated,7,2,2,E4_singleobjective_attained_solution
IMG_0043,219090.jpg,3,HHO-VC,194,2,2,E4_singleobjective_attained_solution
IMG_0043,219090.jpg,3,BDA-EHHO-VC-Calibrated,190,3,62,E4_singleobjective_attained_solution
IMG_0043,219090.jpg,3,EHHO-VC,191,2,2,E4_singleobjective_attained_solution
IMG_0043,219090.jpg,3,MO-BDA-EHHO-VC,9,17,2,E4_MO_equal_weight_compromise
IMG_0043,219090.jpg,4,BEHHO-VC-Calibrated,83,128,2,E4_singleobjective_attained_solution
IMG_0043,219090.jpg,4,EHHO-VC,85,61,2,E4_singleobjective_attained_solution
IMG_0043,219090.jpg,4,BDA-EHHO-VC-Calibrated,204,72,15,E4_singleobjective_attained_solution
IMG_0043,219090.jpg,4,HHO-VC,51,31,2,E4_singleobjective_attained_solution
IMG_0043,219090.jpg,4,MO-BDA-EHHO-VC,33,20,21,E4_MO_equal_weight_compromise
IMG_0043,219090.jpg,5,EHHO-VC,2,4,2,E4_singleobjective_attained_solution
IMG_0043,219090.jpg,5,HHO-VC,146,212,84,E4_singleobjective_attained_solution
IMG_0043,219090.jpg,5,BEHHO-VC-Calibrated,144,8,2,E4_singleobjective_attained_solution
IMG_0043,219090.jpg,5,BDA-EHHO-VC-Calibrated,146,212,149,E4_singleobjective_attained_solution
IMG_0043,219090.jpg,5,MO-BDA-EHHO-VC,9,77,69,E4_MO_equal_weight_compromise
IMG_0044,220075.jpg,1,BDA-EHHO-VC-Calibrated,8,201,2,E4_singleobjective_attained_solution
IMG_0044,220075.jpg,1,HHO-VC,7,7,2,E4_singleobjective_attained_solution
IMG_0044,220075.jpg,1,BEHHO-VC-Calibrated,8,2,2,E4_singleobjective_attained_solution
IMG_0044,220075.jpg,1,EHHO-VC,7,7,2,E4_singleobjective_attained_solution
IMG_0044,220075.jpg,1,MO-BDA-EHHO-VC,45,50,33,E4_MO_equal_weight_compromise
IMG_0044,220075.jpg,2,BEHHO-VC-Calibrated,247,37,145,E4_singleobjective_attained_solution
IMG_0044,220075.jpg,2,EHHO-VC,203,46,149,E4_singleobjective_attained_solution
IMG_0044,220075.jpg,2,HHO-VC,197,45,145,E4_singleobjective_attained_solution
IMG_0044,220075.jpg,2,BDA-EHHO-VC-Calibrated,31,10,145,E4_singleobjective_attained_solution
IMG_0044,220075.jpg,2,MO-BDA-EHHO-VC,102,4,67,E4_MO_equal_weight_compromise
IMG_0044,220075.jpg,3,BDA-EHHO-VC-Calibrated,27,137,2,E4_singleobjective_attained_solution
IMG_0044,220075.jpg,3,EHHO-VC,2,7,2,E4_singleobjective_attained_solution
IMG_0044,220075.jpg,3,HHO-VC,2,7,2,E4_singleobjective_attained_solution
IMG_0044,220075.jpg,3,BEHHO-VC-Calibrated,255,73,2,E4_singleobjective_attained_solution
IMG_0044,220075.jpg,3,MO-BDA-EHHO-VC,22,8,23,E4_MO_equal_weight_compromise
IMG_0044,220075.jpg,4,BEHHO-VC-Calibrated,86,238,41,E4_singleobjective_attained_solution
IMG_0044,220075.jpg,4,EHHO-VC,107,255,255,E4_singleobjective_attained_solution
IMG_0044,220075.jpg,4,HHO-VC,107,234,249,E4_singleobjective_attained_solution
IMG_0044,220075.jpg,4,BDA-EHHO-VC-Calibrated,41,251,4,E4_singleobjective_attained_solution
IMG_0044,220075.jpg,4,MO-BDA-EHHO-VC,76,3,26,E4_MO_equal_weight_compromise
IMG_0044,220075.jpg,5,BDA-EHHO-VC-Calibrated,71,78,148,E4_singleobjective_attained_solution
IMG_0044,220075.jpg,5,BEHHO-VC-Calibrated,173,13,164,E4_singleobjective_attained_solution
IMG_0044,220075.jpg,5,EHHO-VC,215,13,139,E4_singleobjective_attained_solution
IMG_0044,220075.jpg,5,HHO-VC,244,13,151,E4_singleobjective_attained_solution
IMG_0044,220075.jpg,5,MO-BDA-EHHO-VC,4,20,36,E4_MO_equal_weight_compromise
IMG_0045,223061.jpg,1,BEHHO-VC-Calibrated,253,33,144,E4_singleobjective_attained_solution
IMG_0045,223061.jpg,1,BDA-EHHO-VC-Calibrated,9,33,162,E4_singleobjective_attained_solution
IMG_0045,223061.jpg,1,HHO-VC,162,52,172,E4_singleobjective_attained_solution
IMG_0045,223061.jpg,1,EHHO-VC,162,52,172,E4_singleobjective_attained_solution
IMG_0045,223061.jpg,1,MO-BDA-EHHO-VC,8,19,5,E4_MO_equal_weight_compromise
IMG_0045,223061.jpg,2,EHHO-VC,84,212,255,E4_singleobjective_attained_solution
IMG_0045,223061.jpg,2,HHO-VC,94,255,255,E4_singleobjective_attained_solution
IMG_0045,223061.jpg,2,BDA-EHHO-VC-Calibrated,6,225,248,E4_singleobjective_attained_solution
IMG_0045,223061.jpg,2,BEHHO-VC-Calibrated,75,245,247,E4_singleobjective_attained_solution
IMG_0045,223061.jpg,2,MO-BDA-EHHO-VC,41,50,16,E4_MO_equal_weight_compromise
IMG_0045,223061.jpg,3,BDA-EHHO-VC-Calibrated,244,255,50,E4_singleobjective_attained_solution
IMG_0045,223061.jpg,3,HHO-VC,236,239,25,E4_singleobjective_attained_solution
IMG_0045,223061.jpg,3,BEHHO-VC-Calibrated,3,255,111,E4_singleobjective_attained_solution
IMG_0045,223061.jpg,3,EHHO-VC,3,255,57,E4_singleobjective_attained_solution
IMG_0045,223061.jpg,3,MO-BDA-EHHO-VC,3,38,76,E4_MO_equal_weight_compromise
IMG_0045,223061.jpg,4,HHO-VC,17,227,186,E4_singleobjective_attained_solution
IMG_0045,223061.jpg,4,BDA-EHHO-VC-Calibrated,64,208,9,E4_singleobjective_attained_solution
IMG_0045,223061.jpg,4,BEHHO-VC-Calibrated,41,237,36,E4_singleobjective_attained_solution
IMG_0045,223061.jpg,4,EHHO-VC,16,222,162,E4_singleobjective_attained_solution
IMG_0045,223061.jpg,4,MO-BDA-EHHO-VC,43,36,27,E4_MO_equal_weight_compromise
IMG_0045,223061.jpg,5,HHO-VC,4,3,3,E4_singleobjective_attained_solution
IMG_0045,223061.jpg,5,BEHHO-VC-Calibrated,9,4,7,E4_singleobjective_attained_solution
IMG_0045,223061.jpg,5,EHHO-VC,4,4,4,E4_singleobjective_attained_solution
IMG_0045,223061.jpg,5,BDA-EHHO-VC-Calibrated,10,4,244,E4_singleobjective_attained_solution
IMG_0045,223061.jpg,5,MO-BDA-EHHO-VC,65,73,15,E4_MO_equal_weight_compromise
IMG_0046,227092.jpg,1,HHO-VC,18,2,16,E4_singleobjective_attained_solution
IMG_0046,227092.jpg,1,BDA-EHHO-VC-Calibrated,47,52,32,E4_singleobjective_attained_solution
IMG_0046,227092.jpg,1,EHHO-VC,18,2,16,E4_singleobjective_attained_solution
IMG_0046,227092.jpg,1,BEHHO-VC-Calibrated,50,64,16,E4_singleobjective_attained_solution
IMG_0046,227092.jpg,1,MO-BDA-EHHO-VC,119,22,43,E4_MO_equal_weight_compromise
IMG_0046,227092.jpg,2,BDA-EHHO-VC-Calibrated,2,2,70,E4_singleobjective_attained_solution
IMG_0046,227092.jpg,2,BEHHO-VC-Calibrated,2,2,65,E4_singleobjective_attained_solution
IMG_0046,227092.jpg,2,EHHO-VC,2,97,31,E4_singleobjective_attained_solution
IMG_0046,227092.jpg,2,HHO-VC,2,138,43,E4_singleobjective_attained_solution
IMG_0046,227092.jpg,2,MO-BDA-EHHO-VC,80,68,10,E4_MO_equal_weight_compromise
IMG_0046,227092.jpg,3,EHHO-VC,41,43,103,E4_singleobjective_attained_solution
IMG_0046,227092.jpg,3,HHO-VC,41,43,103,E4_singleobjective_attained_solution
IMG_0046,227092.jpg,3,BEHHO-VC-Calibrated,40,73,136,E4_singleobjective_attained_solution
IMG_0046,227092.jpg,3,BDA-EHHO-VC-Calibrated,36,10,149,E4_singleobjective_attained_solution
IMG_0046,227092.jpg,3,MO-BDA-EHHO-VC,58,23,40,E4_MO_equal_weight_compromise
IMG_0046,227092.jpg,4,BEHHO-VC-Calibrated,127,253,255,E4_singleobjective_attained_solution
IMG_0046,227092.jpg,4,EHHO-VC,41,253,253,E4_singleobjective_attained_solution
IMG_0046,227092.jpg,4,BDA-EHHO-VC-Calibrated,145,154,249,E4_singleobjective_attained_solution
IMG_0046,227092.jpg,4,HHO-VC,41,255,255,E4_singleobjective_attained_solution
IMG_0046,227092.jpg,4,MO-BDA-EHHO-VC,21,62,81,E4_MO_equal_weight_compromise
IMG_0046,227092.jpg,5,EHHO-VC,19,216,192,E4_singleobjective_attained_solution
IMG_0046,227092.jpg,5,HHO-VC,19,221,197,E4_singleobjective_attained_solution
IMG_0046,227092.jpg,5,BEHHO-VC-Calibrated,32,2,2,E4_singleobjective_attained_solution
IMG_0046,227092.jpg,5,BDA-EHHO-VC-Calibrated,32,4,2,E4_singleobjective_attained_solution
IMG_0046,227092.jpg,5,MO-BDA-EHHO-VC,43,12,35,E4_MO_equal_weight_compromise
IMG_0047,229036.jpg,1,HHO-VC,100,2,172,E4_singleobjective_attained_solution
IMG_0047,229036.jpg,1,EHHO-VC,100,2,171,E4_singleobjective_attained_solution
IMG_0047,229036.jpg,1,BEHHO-VC-Calibrated,38,4,212,E4_singleobjective_attained_solution
IMG_0047,229036.jpg,1,BDA-EHHO-VC-Calibrated,135,2,168,E4_singleobjective_attained_solution
IMG_0047,229036.jpg,1,MO-BDA-EHHO-VC,48,151,60,E4_MO_equal_weight_compromise
IMG_0047,229036.jpg,2,BEHHO-VC-Calibrated,2,2,6,E4_singleobjective_attained_solution
IMG_0047,229036.jpg,2,BDA-EHHO-VC-Calibrated,5,2,143,E4_singleobjective_attained_solution
IMG_0047,229036.jpg,2,HHO-VC,2,2,6,E4_singleobjective_attained_solution
IMG_0047,229036.jpg,2,EHHO-VC,2,2,6,E4_singleobjective_attained_solution
IMG_0047,229036.jpg,2,MO-BDA-EHHO-VC,46,37,41,E4_MO_equal_weight_compromise
IMG_0047,229036.jpg,3,BDA-EHHO-VC-Calibrated,131,182,4,E4_singleobjective_attained_solution
IMG_0047,229036.jpg,3,HHO-VC,72,188,255,E4_singleobjective_attained_solution
IMG_0047,229036.jpg,3,BEHHO-VC-Calibrated,17,3,5,E4_singleobjective_attained_solution
IMG_0047,229036.jpg,3,EHHO-VC,73,188,255,E4_singleobjective_attained_solution
IMG_0047,229036.jpg,3,MO-BDA-EHHO-VC,8,67,65,E4_MO_equal_weight_compromise
IMG_0047,229036.jpg,4,BDA-EHHO-VC-Calibrated,128,212,2,E4_singleobjective_attained_solution
IMG_0047,229036.jpg,4,BEHHO-VC-Calibrated,10,210,2,E4_singleobjective_attained_solution
IMG_0047,229036.jpg,4,EHHO-VC,123,23,2,E4_singleobjective_attained_solution
IMG_0047,229036.jpg,4,HHO-VC,123,23,2,E4_singleobjective_attained_solution
IMG_0047,229036.jpg,4,MO-BDA-EHHO-VC,12,112,12,E4_MO_equal_weight_compromise
IMG_0047,229036.jpg,5,HHO-VC,23,43,2,E4_singleobjective_attained_solution
IMG_0047,229036.jpg,5,BEHHO-VC-Calibrated,16,192,2,E4_singleobjective_attained_solution
IMG_0047,229036.jpg,5,EHHO-VC,16,43,2,E4_singleobjective_attained_solution
IMG_0047,229036.jpg,5,BDA-EHHO-VC-Calibrated,23,65,2,E4_singleobjective_attained_solution
IMG_0047,229036.jpg,5,MO-BDA-EHHO-VC,16,89,105,E4_MO_equal_weight_compromise
IMG_0048,236037.jpg,1,BDA-EHHO-VC-Calibrated,242,19,2,E4_singleobjective_attained_solution
IMG_0048,236037.jpg,1,HHO-VC,20,3,3,E4_singleobjective_attained_solution
IMG_0048,236037.jpg,1,BEHHO-VC-Calibrated,40,19,2,E4_singleobjective_attained_solution
IMG_0048,236037.jpg,1,EHHO-VC,30,3,2,E4_singleobjective_attained_solution
IMG_0048,236037.jpg,1,MO-BDA-EHHO-VC,30,40,2,E4_MO_equal_weight_compromise
IMG_0048,236037.jpg,2,EHHO-VC,3,6,39,E4_singleobjective_attained_solution
IMG_0048,236037.jpg,2,BDA-EHHO-VC-Calibrated,2,152,97,E4_singleobjective_attained_solution
IMG_0048,236037.jpg,2,BEHHO-VC-Calibrated,2,67,98,E4_singleobjective_attained_solution
IMG_0048,236037.jpg,2,HHO-VC,2,22,202,E4_singleobjective_attained_solution
IMG_0048,236037.jpg,2,MO-BDA-EHHO-VC,5,19,16,E4_MO_equal_weight_compromise
IMG_0048,236037.jpg,3,EHHO-VC,180,46,3,E4_singleobjective_attained_solution
IMG_0048,236037.jpg,3,BEHHO-VC-Calibrated,201,250,2,E4_singleobjective_attained_solution
IMG_0048,236037.jpg,3,BDA-EHHO-VC-Calibrated,183,62,2,E4_singleobjective_attained_solution
IMG_0048,236037.jpg,3,HHO-VC,201,46,3,E4_singleobjective_attained_solution
IMG_0048,236037.jpg,3,MO-BDA-EHHO-VC,43,77,62,E4_MO_equal_weight_compromise
IMG_0048,236037.jpg,4,HHO-VC,52,39,2,E4_singleobjective_attained_solution
IMG_0048,236037.jpg,4,BDA-EHHO-VC-Calibrated,80,246,2,E4_singleobjective_attained_solution
IMG_0048,236037.jpg,4,EHHO-VC,229,180,255,E4_singleobjective_attained_solution
IMG_0048,236037.jpg,4,BEHHO-VC-Calibrated,34,4,2,E4_singleobjective_attained_solution
IMG_0048,236037.jpg,4,MO-BDA-EHHO-VC,76,85,30,E4_MO_equal_weight_compromise
IMG_0048,236037.jpg,5,BEHHO-VC-Calibrated,8,165,6,E4_singleobjective_attained_solution
IMG_0048,236037.jpg,5,BDA-EHHO-VC-Calibrated,34,234,3,E4_singleobjective_attained_solution
IMG_0048,236037.jpg,5,HHO-VC,8,186,3,E4_singleobjective_attained_solution
IMG_0048,236037.jpg,5,EHHO-VC,8,180,3,E4_singleobjective_attained_solution
IMG_0048,236037.jpg,5,MO-BDA-EHHO-VC,33,180,56,E4_MO_equal_weight_compromise
IMG_0049,24077.jpg,1,HHO-VC,218,135,189,E4_singleobjective_attained_solution
IMG_0049,24077.jpg,1,BEHHO-VC-Calibrated,2,130,4,E4_singleobjective_attained_solution
IMG_0049,24077.jpg,1,BDA-EHHO-VC-Calibrated,240,242,10,E4_singleobjective_attained_solution
IMG_0049,24077.jpg,1,EHHO-VC,3,7,4,E4_singleobjective_attained_solution
IMG_0049,24077.jpg,1,MO-BDA-EHHO-VC,61,8,32,E4_MO_equal_weight_compromise
IMG_0049,24077.jpg,2,EHHO-VC,5,23,100,E4_singleobjective_attained_solution
IMG_0049,24077.jpg,2,HHO-VC,6,23,144,E4_singleobjective_attained_solution
IMG_0049,24077.jpg,2,BDA-EHHO-VC-Calibrated,128,10,92,E4_singleobjective_attained_solution
IMG_0049,24077.jpg,2,BEHHO-VC-Calibrated,7,16,32,E4_singleobjective_attained_solution
IMG_0049,24077.jpg,2,MO-BDA-EHHO-VC,5,40,37,E4_MO_equal_weight_compromise
IMG_0049,24077.jpg,3,BEHHO-VC-Calibrated,2,5,160,E4_singleobjective_attained_solution
IMG_0049,24077.jpg,3,BDA-EHHO-VC-Calibrated,2,215,222,E4_singleobjective_attained_solution
IMG_0049,24077.jpg,3,HHO-VC,2,9,20,E4_singleobjective_attained_solution
IMG_0049,24077.jpg,3,EHHO-VC,2,14,20,E4_singleobjective_attained_solution
IMG_0049,24077.jpg,3,MO-BDA-EHHO-VC,36,32,68,E4_MO_equal_weight_compromise
IMG_0049,24077.jpg,4,BEHHO-VC-Calibrated,6,192,100,E4_singleobjective_attained_solution
IMG_0049,24077.jpg,4,BDA-EHHO-VC-Calibrated,241,204,60,E4_singleobjective_attained_solution
IMG_0049,24077.jpg,4,HHO-VC,2,2,3,E4_singleobjective_attained_solution
IMG_0049,24077.jpg,4,EHHO-VC,6,7,11,E4_singleobjective_attained_solution
IMG_0049,24077.jpg,4,MO-BDA-EHHO-VC,16,34,28,E4_MO_equal_weight_compromise
IMG_0049,24077.jpg,5,EHHO-VC,9,34,5,E4_singleobjective_attained_solution
IMG_0049,24077.jpg,5,BEHHO-VC-Calibrated,8,34,2,E4_singleobjective_attained_solution
IMG_0049,24077.jpg,5,BDA-EHHO-VC-Calibrated,3,32,4,E4_singleobjective_attained_solution
IMG_0049,24077.jpg,5,HHO-VC,3,3,3,E4_singleobjective_attained_solution
IMG_0049,24077.jpg,5,MO-BDA-EHHO-VC,136,2,2,E4_MO_equal_weight_compromise
IMG_0050,241004.jpg,1,HHO-VC,13,7,26,E4_singleobjective_attained_solution
IMG_0050,241004.jpg,1,BEHHO-VC-Calibrated,64,4,3,E4_singleobjective_attained_solution
IMG_0050,241004.jpg,1,BDA-EHHO-VC-Calibrated,69,33,48,E4_singleobjective_attained_solution
IMG_0050,241004.jpg,1,EHHO-VC,13,7,26,E4_singleobjective_attained_solution
IMG_0050,241004.jpg,1,MO-BDA-EHHO-VC,65,48,2,E4_MO_equal_weight_compromise
IMG_0050,241004.jpg,2,BEHHO-VC-Calibrated,5,130,98,E4_singleobjective_attained_solution
IMG_0050,241004.jpg,2,BDA-EHHO-VC-Calibrated,2,56,40,E4_singleobjective_attained_solution
IMG_0050,241004.jpg,2,EHHO-VC,2,67,36,E4_singleobjective_attained_solution
IMG_0050,241004.jpg,2,HHO-VC,2,57,34,E4_singleobjective_attained_solution
IMG_0050,241004.jpg,2,MO-BDA-EHHO-VC,36,2,11,E4_MO_equal_weight_compromise
IMG_0050,241004.jpg,3,BEHHO-VC-Calibrated,2,76,16,E4_singleobjective_attained_solution
IMG_0050,241004.jpg,3,EHHO-VC,2,79,9,E4_singleobjective_attained_solution
IMG_0050,241004.jpg,3,BDA-EHHO-VC-Calibrated,2,66,103,E4_singleobjective_attained_solution
IMG_0050,241004.jpg,3,HHO-VC,2,76,5,E4_singleobjective_attained_solution
IMG_0050,241004.jpg,3,MO-BDA-EHHO-VC,18,16,11,E4_MO_equal_weight_compromise
IMG_0050,241004.jpg,4,HHO-VC,2,2,2,E4_singleobjective_attained_solution
IMG_0050,241004.jpg,4,BEHHO-VC-Calibrated,2,4,2,E4_singleobjective_attained_solution
IMG_0050,241004.jpg,4,BDA-EHHO-VC-Calibrated,2,60,212,E4_singleobjective_attained_solution
IMG_0050,241004.jpg,4,EHHO-VC,2,3,2,E4_singleobjective_attained_solution
IMG_0050,241004.jpg,4,MO-BDA-EHHO-VC,22,7,9,E4_MO_equal_weight_compromise
IMG_0050,241004.jpg,5,HHO-VC,5,4,5,E4_singleobjective_attained_solution
IMG_0050,241004.jpg,5,EHHO-VC,5,3,4,E4_singleobjective_attained_solution
IMG_0050,241004.jpg,5,BDA-EHHO-VC-Calibrated,5,81,115,E4_singleobjective_attained_solution
IMG_0050,241004.jpg,5,BEHHO-VC-Calibrated,253,108,2,E4_singleobjective_attained_solution
IMG_0050,241004.jpg,5,MO-BDA-EHHO-VC,59,52,35,E4_MO_equal_weight_compromise
IMG_0051,241048.jpg,1,BDA-EHHO-VC-Calibrated,56,19,158,E4_singleobjective_attained_solution
IMG_0051,241048.jpg,1,HHO-VC,26,109,165,E4_singleobjective_attained_solution
IMG_0051,241048.jpg,1,BEHHO-VC-Calibrated,64,26,48,E4_singleobjective_attained_solution
IMG_0051,241048.jpg,1,EHHO-VC,26,106,160,E4_singleobjective_attained_solution
IMG_0051,241048.jpg,1,MO-BDA-EHHO-VC,129,21,21,E4_MO_equal_weight_compromise
IMG_0051,241048.jpg,2,EHHO-VC,3,3,3,E4_singleobjective_attained_solution
IMG_0051,241048.jpg,2,BEHHO-VC-Calibrated,2,2,3,E4_singleobjective_attained_solution
IMG_0051,241048.jpg,2,BDA-EHHO-VC-Calibrated,3,4,2,E4_singleobjective_attained_solution
IMG_0051,241048.jpg,2,HHO-VC,3,3,3,E4_singleobjective_attained_solution
IMG_0051,241048.jpg,2,MO-BDA-EHHO-VC,48,14,144,E4_MO_equal_weight_compromise
IMG_0051,241048.jpg,3,HHO-VC,6,14,12,E4_singleobjective_attained_solution
IMG_0051,241048.jpg,3,BDA-EHHO-VC-Calibrated,18,40,208,E4_singleobjective_attained_solution
IMG_0051,241048.jpg,3,EHHO-VC,7,31,12,E4_singleobjective_attained_solution
IMG_0051,241048.jpg,3,BEHHO-VC-Calibrated,64,2,32,E4_singleobjective_attained_solution
IMG_0051,241048.jpg,3,MO-BDA-EHHO-VC,16,44,15,E4_MO_equal_weight_compromise
IMG_0051,241048.jpg,4,HHO-VC,2,2,16,E4_singleobjective_attained_solution
IMG_0051,241048.jpg,4,BDA-EHHO-VC-Calibrated,3,2,8,E4_singleobjective_attained_solution
IMG_0051,241048.jpg,4,BEHHO-VC-Calibrated,2,2,8,E4_singleobjective_attained_solution
IMG_0051,241048.jpg,4,EHHO-VC,3,3,55,E4_singleobjective_attained_solution
IMG_0051,241048.jpg,4,MO-BDA-EHHO-VC,11,16,4,E4_MO_equal_weight_compromise
IMG_0051,241048.jpg,5,EHHO-VC,2,9,2,E4_singleobjective_attained_solution
IMG_0051,241048.jpg,5,BEHHO-VC-Calibrated,48,8,2,E4_singleobjective_attained_solution
IMG_0051,241048.jpg,5,HHO-VC,2,9,2,E4_singleobjective_attained_solution
IMG_0051,241048.jpg,5,BDA-EHHO-VC-Calibrated,194,25,2,E4_singleobjective_attained_solution
IMG_0051,241048.jpg,5,MO-BDA-EHHO-VC,69,228,5,E4_MO_equal_weight_compromise
IMG_0052,253027.jpg,1,HHO-VC,17,203,135,E4_singleobjective_attained_solution
IMG_0052,253027.jpg,1,BDA-EHHO-VC-Calibrated,73,235,134,E4_singleobjective_attained_solution
IMG_0052,253027.jpg,1,BEHHO-VC-Calibrated,40,207,136,E4_singleobjective_attained_solution
IMG_0052,253027.jpg,1,EHHO-VC,29,228,186,E4_singleobjective_attained_solution
IMG_0052,253027.jpg,1,MO-BDA-EHHO-VC,4,40,64,E4_MO_equal_weight_compromise
IMG_0052,253027.jpg,2,EHHO-VC,2,26,2,E4_singleobjective_attained_solution
IMG_0052,253027.jpg,2,BDA-EHHO-VC-Calibrated,38,178,2,E4_singleobjective_attained_solution
IMG_0052,253027.jpg,2,BEHHO-VC-Calibrated,8,97,2,E4_singleobjective_attained_solution
IMG_0052,253027.jpg,2,HHO-VC,2,43,2,E4_singleobjective_attained_solution
IMG_0052,253027.jpg,2,MO-BDA-EHHO-VC,138,18,8,E4_MO_equal_weight_compromise
IMG_0052,253027.jpg,3,EHHO-VC,27,5,71,E4_singleobjective_attained_solution
IMG_0052,253027.jpg,3,BEHHO-VC-Calibrated,64,2,2,E4_singleobjective_attained_solution
IMG_0052,253027.jpg,3,BDA-EHHO-VC-Calibrated,16,2,2,E4_singleobjective_attained_solution
IMG_0052,253027.jpg,3,HHO-VC,11,2,47,E4_singleobjective_attained_solution
IMG_0052,253027.jpg,3,MO-BDA-EHHO-VC,4,21,34,E4_MO_equal_weight_compromise
IMG_0052,253027.jpg,4,BDA-EHHO-VC-Calibrated,65,198,234,E4_singleobjective_attained_solution
IMG_0052,253027.jpg,4,BEHHO-VC-Calibrated,28,144,7,E4_singleobjective_attained_solution
IMG_0052,253027.jpg,4,EHHO-VC,32,196,14,E4_singleobjective_attained_solution
IMG_0052,253027.jpg,4,HHO-VC,32,201,14,E4_singleobjective_attained_solution
IMG_0052,253027.jpg,4,MO-BDA-EHHO-VC,156,19,8,E4_MO_equal_weight_compromise
IMG_0052,253027.jpg,5,BEHHO-VC-Calibrated,219,65,134,E4_singleobjective_attained_solution
IMG_0052,253027.jpg,5,HHO-VC,230,247,138,E4_singleobjective_attained_solution
IMG_0052,253027.jpg,5,BDA-EHHO-VC-Calibrated,193,5,132,E4_singleobjective_attained_solution
IMG_0052,253027.jpg,5,EHHO-VC,231,247,138,E4_singleobjective_attained_solution
IMG_0052,253027.jpg,5,MO-BDA-EHHO-VC,4,12,25,E4_MO_equal_weight_compromise
IMG_0053,253055.jpg,1,EHHO-VC,2,3,20,E4_singleobjective_attained_solution
IMG_0053,253055.jpg,1,BDA-EHHO-VC-Calibrated,149,36,50,E4_singleobjective_attained_solution
IMG_0053,253055.jpg,1,BEHHO-VC-Calibrated,2,2,16,E4_singleobjective_attained_solution
IMG_0053,253055.jpg,1,HHO-VC,2,2,7,E4_singleobjective_attained_solution
IMG_0053,253055.jpg,1,MO-BDA-EHHO-VC,2,2,16,E4_MO_equal_weight_compromise
IMG_0053,253055.jpg,2,HHO-VC,2,2,2,E4_singleobjective_attained_solution
IMG_0053,253055.jpg,2,BEHHO-VC-Calibrated,17,2,2,E4_singleobjective_attained_solution
IMG_0053,253055.jpg,2,EHHO-VC,2,2,2,E4_singleobjective_attained_solution
IMG_0053,253055.jpg,2,BDA-EHHO-VC-Calibrated,2,2,64,E4_singleobjective_attained_solution
IMG_0053,253055.jpg,2,MO-BDA-EHHO-VC,22,5,4,E4_MO_equal_weight_compromise
IMG_0053,253055.jpg,3,HHO-VC,141,96,43,E4_singleobjective_attained_solution
IMG_0053,253055.jpg,3,BEHHO-VC-Calibrated,12,168,72,E4_singleobjective_attained_solution
IMG_0053,253055.jpg,3,EHHO-VC,139,94,43,E4_singleobjective_attained_solution
IMG_0053,253055.jpg,3,BDA-EHHO-VC-Calibrated,11,244,35,E4_singleobjective_attained_solution
IMG_0053,253055.jpg,3,MO-BDA-EHHO-VC,12,38,64,E4_MO_equal_weight_compromise
IMG_0053,253055.jpg,4,BDA-EHHO-VC-Calibrated,4,11,33,E4_singleobjective_attained_solution
IMG_0053,253055.jpg,4,HHO-VC,4,70,23,E4_singleobjective_attained_solution
IMG_0053,253055.jpg,4,BEHHO-VC-Calibrated,3,154,23,E4_singleobjective_attained_solution
IMG_0053,253055.jpg,4,EHHO-VC,4,124,43,E4_singleobjective_attained_solution
IMG_0053,253055.jpg,4,MO-BDA-EHHO-VC,18,6,2,E4_MO_equal_weight_compromise
IMG_0053,253055.jpg,5,EHHO-VC,11,3,2,E4_singleobjective_attained_solution
IMG_0053,253055.jpg,5,BDA-EHHO-VC-Calibrated,39,8,70,E4_singleobjective_attained_solution
IMG_0053,253055.jpg,5,BEHHO-VC-Calibrated,136,3,56,E4_singleobjective_attained_solution
IMG_0053,253055.jpg,5,HHO-VC,11,3,4,E4_singleobjective_attained_solution
IMG_0053,253055.jpg,5,MO-BDA-EHHO-VC,53,37,8,E4_MO_equal_weight_compromise
IMG_0054,260058.jpg,1,BEHHO-VC-Calibrated,4,16,2,E4_singleobjective_attained_solution
IMG_0054,260058.jpg,1,EHHO-VC,6,2,2,E4_singleobjective_attained_solution
IMG_0054,260058.jpg,1,BDA-EHHO-VC-Calibrated,4,6,75,E4_singleobjective_attained_solution
IMG_0054,260058.jpg,1,HHO-VC,6,2,2,E4_singleobjective_attained_solution
IMG_0054,260058.jpg,1,MO-BDA-EHHO-VC,17,221,30,E4_MO_equal_weight_compromise
IMG_0054,260058.jpg,2,BEHHO-VC-Calibrated,3,202,111,E4_singleobjective_attained_solution
IMG_0054,260058.jpg,2,BDA-EHHO-VC-Calibrated,3,2,48,E4_singleobjective_attained_solution
IMG_0054,260058.jpg,2,HHO-VC,197,177,213,E4_singleobjective_attained_solution
IMG_0054,260058.jpg,2,EHHO-VC,3,2,30,E4_singleobjective_attained_solution
IMG_0054,260058.jpg,2,MO-BDA-EHHO-VC,33,4,20,E4_MO_equal_weight_compromise
IMG_0054,260058.jpg,3,BDA-EHHO-VC-Calibrated,224,3,190,E4_singleobjective_attained_solution
IMG_0054,260058.jpg,3,HHO-VC,3,2,2,E4_singleobjective_attained_solution
IMG_0054,260058.jpg,3,BEHHO-VC-Calibrated,3,2,2,E4_singleobjective_attained_solution
IMG_0054,260058.jpg,3,EHHO-VC,3,3,3,E4_singleobjective_attained_solution
IMG_0054,260058.jpg,3,MO-BDA-EHHO-VC,13,7,41,E4_MO_equal_weight_compromise
IMG_0054,260058.jpg,4,EHHO-VC,2,179,188,E4_singleobjective_attained_solution
IMG_0054,260058.jpg,4,BDA-EHHO-VC-Calibrated,2,191,192,E4_singleobjective_attained_solution
IMG_0054,260058.jpg,4,BEHHO-VC-Calibrated,2,34,201,E4_singleobjective_attained_solution
IMG_0054,260058.jpg,4,HHO-VC,2,250,192,E4_singleobjective_attained_solution
IMG_0054,260058.jpg,4,MO-BDA-EHHO-VC,29,34,172,E4_MO_equal_weight_compromise
IMG_0054,260058.jpg,5,BEHHO-VC-Calibrated,174,223,165,E4_singleobjective_attained_solution
IMG_0054,260058.jpg,5,HHO-VC,176,174,205,E4_singleobjective_attained_solution
IMG_0054,260058.jpg,5,BDA-EHHO-VC-Calibrated,3,220,223,E4_singleobjective_attained_solution
IMG_0054,260058.jpg,5,EHHO-VC,176,174,205,E4_singleobjective_attained_solution
IMG_0054,260058.jpg,5,MO-BDA-EHHO-VC,4,24,48,E4_MO_equal_weight_compromise
IMG_0055,271035.jpg,1,BDA-EHHO-VC-Calibrated,15,2,13,E4_singleobjective_attained_solution
IMG_0055,271035.jpg,1,HHO-VC,68,5,19,E4_singleobjective_attained_solution
IMG_0055,271035.jpg,1,BEHHO-VC-Calibrated,8,2,16,E4_singleobjective_attained_solution
IMG_0055,271035.jpg,1,EHHO-VC,57,2,13,E4_singleobjective_attained_solution
IMG_0055,271035.jpg,1,MO-BDA-EHHO-VC,23,40,33,E4_MO_equal_weight_compromise
IMG_0055,271035.jpg,2,BDA-EHHO-VC-Calibrated,139,20,6,E4_singleobjective_attained_solution
IMG_0055,271035.jpg,2,HHO-VC,2,38,6,E4_singleobjective_attained_solution
IMG_0055,271035.jpg,2,EHHO-VC,2,38,2,E4_singleobjective_attained_solution
IMG_0055,271035.jpg,2,BEHHO-VC-Calibrated,2,48,2,E4_singleobjective_attained_solution
IMG_0055,271035.jpg,2,MO-BDA-EHHO-VC,12,26,31,E4_MO_equal_weight_compromise
IMG_0055,271035.jpg,3,BDA-EHHO-VC-Calibrated,2,85,11,E4_singleobjective_attained_solution
IMG_0055,271035.jpg,3,HHO-VC,2,15,11,E4_singleobjective_attained_solution
IMG_0055,271035.jpg,3,EHHO-VC,2,20,11,E4_singleobjective_attained_solution
IMG_0055,271035.jpg,3,BEHHO-VC-Calibrated,2,8,24,E4_singleobjective_attained_solution
IMG_0055,271035.jpg,3,MO-BDA-EHHO-VC,66,61,34,E4_MO_equal_weight_compromise
IMG_0055,271035.jpg,4,EHHO-VC,2,2,140,E4_singleobjective_attained_solution
IMG_0055,271035.jpg,4,BDA-EHHO-VC-Calibrated,7,12,148,E4_singleobjective_attained_solution
IMG_0055,271035.jpg,4,HHO-VC,2,2,140,E4_singleobjective_attained_solution
IMG_0055,271035.jpg,4,BEHHO-VC-Calibrated,2,2,132,E4_singleobjective_attained_solution
IMG_0055,271035.jpg,4,MO-BDA-EHHO-VC,30,10,9,E4_MO_equal_weight_compromise
IMG_0055,271035.jpg,5,EHHO-VC,47,165,120,E4_singleobjective_attained_solution
IMG_0055,271035.jpg,5,HHO-VC,47,164,124,E4_singleobjective_attained_solution
IMG_0055,271035.jpg,5,BDA-EHHO-VC-Calibrated,65,14,60,E4_singleobjective_attained_solution
IMG_0055,271035.jpg,5,BEHHO-VC-Calibrated,32,2,3,E4_singleobjective_attained_solution
IMG_0055,271035.jpg,5,MO-BDA-EHHO-VC,35,34,16,E4_MO_equal_weight_compromise
IMG_0056,285079.jpg,1,BEHHO-VC-Calibrated,64,16,132,E4_singleobjective_attained_solution
IMG_0056,285079.jpg,1,EHHO-VC,11,9,131,E4_singleobjective_attained_solution
IMG_0056,285079.jpg,1,BDA-EHHO-VC-Calibrated,7,10,183,E4_singleobjective_attained_solution
IMG_0056,285079.jpg,1,HHO-VC,11,10,131,E4_singleobjective_attained_solution
IMG_0056,285079.jpg,1,MO-BDA-EHHO-VC,4,20,36,E4_MO_equal_weight_compromise
IMG_0056,285079.jpg,2,HHO-VC,30,107,11,E4_singleobjective_attained_solution
IMG_0056,285079.jpg,2,BDA-EHHO-VC-Calibrated,52,175,4,E4_singleobjective_attained_solution
IMG_0056,285079.jpg,2,EHHO-VC,35,97,11,E4_singleobjective_attained_solution
IMG_0056,285079.jpg,2,BEHHO-VC-Calibrated,15,180,10,E4_singleobjective_attained_solution
IMG_0056,285079.jpg,2,MO-BDA-EHHO-VC,16,64,28,E4_MO_equal_weight_compromise
IMG_0056,285079.jpg,3,BEHHO-VC-Calibrated,137,92,3,E4_singleobjective_attained_solution
IMG_0056,285079.jpg,3,BDA-EHHO-VC-Calibrated,235,198,180,E4_singleobjective_attained_solution
IMG_0056,285079.jpg,3,HHO-VC,192,225,20,E4_singleobjective_attained_solution
IMG_0056,285079.jpg,3,EHHO-VC,16,18,3,E4_singleobjective_attained_solution
IMG_0056,285079.jpg,3,MO-BDA-EHHO-VC,8,18,9,E4_MO_equal_weight_compromise
IMG_0056,285079.jpg,4,BDA-EHHO-VC-Calibrated,243,23,2,E4_singleobjective_attained_solution
IMG_0056,285079.jpg,4,BEHHO-VC-Calibrated,2,29,2,E4_singleobjective_attained_solution
IMG_0056,285079.jpg,4,HHO-VC,239,214,2,E4_singleobjective_attained_solution
IMG_0056,285079.jpg,4,EHHO-VC,236,204,2,E4_singleobjective_attained_solution
IMG_0056,285079.jpg,4,MO-BDA-EHHO-VC,19,14,12,E4_MO_equal_weight_compromise
IMG_0056,285079.jpg,5,EHHO-VC,198,105,255,E4_singleobjective_attained_solution
IMG_0056,285079.jpg,5,BEHHO-VC-Calibrated,175,5,209,E4_singleobjective_attained_solution
IMG_0056,285079.jpg,5,BDA-EHHO-VC-Calibrated,169,13,193,E4_singleobjective_attained_solution
IMG_0056,285079.jpg,5,HHO-VC,181,94,254,E4_singleobjective_attained_solution
IMG_0056,285079.jpg,5,MO-BDA-EHHO-VC,2,32,64,E4_MO_equal_weight_compromise
IMG_0057,291000.jpg,1,BDA-EHHO-VC-Calibrated,16,92,4,E4_singleobjective_attained_solution
IMG_0057,291000.jpg,1,HHO-VC,99,49,15,E4_singleobjective_attained_solution
IMG_0057,291000.jpg,1,EHHO-VC,81,51,22,E4_singleobjective_attained_solution
IMG_0057,291000.jpg,1,BEHHO-VC-Calibrated,98,49,3,E4_singleobjective_attained_solution
IMG_0057,291000.jpg,1,MO-BDA-EHHO-VC,8,48,16,E4_MO_equal_weight_compromise
IMG_0057,291000.jpg,2,BEHHO-VC-Calibrated,226,208,2,E4_singleobjective_attained_solution
IMG_0057,291000.jpg,2,EHHO-VC,13,29,2,E4_singleobjective_attained_solution
IMG_0057,291000.jpg,2,HHO-VC,20,44,2,E4_singleobjective_attained_solution
IMG_0057,291000.jpg,2,BDA-EHHO-VC-Calibrated,223,204,15,E4_singleobjective_attained_solution
IMG_0057,291000.jpg,2,MO-BDA-EHHO-VC,7,84,67,E4_MO_equal_weight_compromise
IMG_0057,291000.jpg,3,BDA-EHHO-VC-Calibrated,217,2,8,E4_singleobjective_attained_solution
IMG_0057,291000.jpg,3,EHHO-VC,250,2,145,E4_singleobjective_attained_solution
IMG_0057,291000.jpg,3,HHO-VC,255,2,145,E4_singleobjective_attained_solution
IMG_0057,291000.jpg,3,BEHHO-VC-Calibrated,16,2,8,E4_singleobjective_attained_solution
IMG_0057,291000.jpg,3,MO-BDA-EHHO-VC,34,29,2,E4_MO_equal_weight_compromise
IMG_0057,291000.jpg,4,EHHO-VC,2,2,3,E4_singleobjective_attained_solution
IMG_0057,291000.jpg,4,BEHHO-VC-Calibrated,68,2,3,E4_singleobjective_attained_solution
IMG_0057,291000.jpg,4,BDA-EHHO-VC-Calibrated,114,2,2,E4_singleobjective_attained_solution
IMG_0057,291000.jpg,4,HHO-VC,2,2,2,E4_singleobjective_attained_solution
IMG_0057,291000.jpg,4,MO-BDA-EHHO-VC,20,28,20,E4_MO_equal_weight_compromise
IMG_0057,291000.jpg,5,EHHO-VC,2,2,16,E4_singleobjective_attained_solution
IMG_0057,291000.jpg,5,HHO-VC,4,2,16,E4_singleobjective_attained_solution
IMG_0057,291000.jpg,5,BDA-EHHO-VC-Calibrated,29,2,16,E4_singleobjective_attained_solution
IMG_0057,291000.jpg,5,BEHHO-VC-Calibrated,2,2,16,E4_singleobjective_attained_solution
IMG_0057,291000.jpg,5,MO-BDA-EHHO-VC,13,179,12,E4_MO_equal_weight_compromise
IMG_0058,295087.jpg,1,BDA-EHHO-VC-Calibrated,146,13,2,E4_singleobjective_attained_solution
IMG_0058,295087.jpg,1,BEHHO-VC-Calibrated,2,2,5,E4_singleobjective_attained_solution
IMG_0058,295087.jpg,1,EHHO-VC,3,2,2,E4_singleobjective_attained_solution
IMG_0058,295087.jpg,1,HHO-VC,3,2,2,E4_singleobjective_attained_solution
IMG_0058,295087.jpg,1,MO-BDA-EHHO-VC,14,2,16,E4_MO_equal_weight_compromise
IMG_0058,295087.jpg,2,EHHO-VC,2,2,2,E4_singleobjective_attained_solution
IMG_0058,295087.jpg,2,BDA-EHHO-VC-Calibrated,152,2,10,E4_singleobjective_attained_solution
IMG_0058,295087.jpg,2,HHO-VC,2,2,2,E4_singleobjective_attained_solution
IMG_0058,295087.jpg,2,BEHHO-VC-Calibrated,5,2,70,E4_singleobjective_attained_solution
IMG_0058,295087.jpg,2,MO-BDA-EHHO-VC,41,38,2,E4_MO_equal_weight_compromise
IMG_0058,295087.jpg,3,BEHHO-VC-Calibrated,2,2,9,E4_singleobjective_attained_solution
IMG_0058,295087.jpg,3,HHO-VC,3,74,217,E4_singleobjective_attained_solution
IMG_0058,295087.jpg,3,BDA-EHHO-VC-Calibrated,4,2,9,E4_singleobjective_attained_solution
IMG_0058,295087.jpg,3,EHHO-VC,2,2,3,E4_singleobjective_attained_solution
IMG_0058,295087.jpg,3,MO-BDA-EHHO-VC,65,44,12,E4_MO_equal_weight_compromise
IMG_0058,295087.jpg,4,BDA-EHHO-VC-Calibrated,229,19,70,E4_singleobjective_attained_solution
IMG_0058,295087.jpg,4,EHHO-VC,120,13,215,E4_singleobjective_attained_solution
IMG_0058,295087.jpg,4,HHO-VC,120,13,215,E4_singleobjective_attained_solution
IMG_0058,295087.jpg,4,BEHHO-VC-Calibrated,4,9,196,E4_singleobjective_attained_solution
IMG_0058,295087.jpg,4,MO-BDA-EHHO-VC,19,8,40,E4_MO_equal_weight_compromise
IMG_0058,295087.jpg,5,HHO-VC,49,3,35,E4_singleobjective_attained_solution
IMG_0058,295087.jpg,5,EHHO-VC,146,3,44,E4_singleobjective_attained_solution
IMG_0058,295087.jpg,5,BEHHO-VC-Calibrated,24,3,21,E4_singleobjective_attained_solution
IMG_0058,295087.jpg,5,BDA-EHHO-VC-Calibrated,36,3,26,E4_singleobjective_attained_solution
IMG_0058,295087.jpg,5,MO-BDA-EHHO-VC,24,59,48,E4_MO_equal_weight_compromise
IMG_0059,296007.jpg,1,EHHO-VC,156,60,216,E4_singleobjective_attained_solution
IMG_0059,296007.jpg,1,BEHHO-VC-Calibrated,144,196,217,E4_singleobjective_attained_solution
IMG_0059,296007.jpg,1,HHO-VC,157,61,214,E4_singleobjective_attained_solution
IMG_0059,296007.jpg,1,BDA-EHHO-VC-Calibrated,52,71,215,E4_singleobjective_attained_solution
IMG_0059,296007.jpg,1,MO-BDA-EHHO-VC,53,84,55,E4_MO_equal_weight_compromise
IMG_0059,296007.jpg,2,EHHO-VC,16,2,233,E4_singleobjective_attained_solution
IMG_0059,296007.jpg,2,BEHHO-VC-Calibrated,16,2,2,E4_singleobjective_attained_solution
IMG_0059,296007.jpg,2,HHO-VC,14,2,194,E4_singleobjective_attained_solution
IMG_0059,296007.jpg,2,BDA-EHHO-VC-Calibrated,56,2,254,E4_singleobjective_attained_solution
IMG_0059,296007.jpg,2,MO-BDA-EHHO-VC,49,12,44,E4_MO_equal_weight_compromise
IMG_0059,296007.jpg,3,BEHHO-VC-Calibrated,121,180,85,E4_singleobjective_attained_solution
IMG_0059,296007.jpg,3,HHO-VC,140,231,76,E4_singleobjective_attained_solution
IMG_0059,296007.jpg,3,EHHO-VC,136,224,74,E4_singleobjective_attained_solution
IMG_0059,296007.jpg,3,BDA-EHHO-VC-Calibrated,127,223,180,E4_singleobjective_attained_solution
IMG_0059,296007.jpg,3,MO-BDA-EHHO-VC,32,5,39,E4_MO_equal_weight_compromise
IMG_0059,296007.jpg,4,HHO-VC,109,249,22,E4_singleobjective_attained_solution
IMG_0059,296007.jpg,4,BEHHO-VC-Calibrated,237,251,28,E4_singleobjective_attained_solution
IMG_0059,296007.jpg,4,BDA-EHHO-VC-Calibrated,118,229,2,E4_singleobjective_attained_solution
IMG_0059,296007.jpg,4,EHHO-VC,112,249,28,E4_singleobjective_attained_solution
IMG_0059,296007.jpg,4,MO-BDA-EHHO-VC,10,6,28,E4_MO_equal_weight_compromise
IMG_0059,296007.jpg,5,BEHHO-VC-Calibrated,4,2,32,E4_singleobjective_attained_solution
IMG_0059,296007.jpg,5,HHO-VC,2,2,26,E4_singleobjective_attained_solution
IMG_0059,296007.jpg,5,BDA-EHHO-VC-Calibrated,4,196,33,E4_singleobjective_attained_solution
IMG_0059,296007.jpg,5,EHHO-VC,2,2,52,E4_singleobjective_attained_solution
IMG_0059,296007.jpg,5,MO-BDA-EHHO-VC,9,7,15,E4_MO_equal_weight_compromise
IMG_0060,296059.jpg,1,BEHHO-VC-Calibrated,2,134,112,E4_singleobjective_attained_solution
IMG_0060,296059.jpg,1,HHO-VC,2,249,115,E4_singleobjective_attained_solution
IMG_0060,296059.jpg,1,EHHO-VC,2,251,115,E4_singleobjective_attained_solution
IMG_0060,296059.jpg,1,BDA-EHHO-VC-Calibrated,27,253,120,E4_singleobjective_attained_solution
IMG_0060,296059.jpg,1,MO-BDA-EHHO-VC,144,10,2,E4_MO_equal_weight_compromise
IMG_0060,296059.jpg,2,HHO-VC,18,178,3,E4_singleobjective_attained_solution
IMG_0060,296059.jpg,2,BEHHO-VC-Calibrated,97,7,2,E4_singleobjective_attained_solution
IMG_0060,296059.jpg,2,EHHO-VC,16,21,3,E4_singleobjective_attained_solution
IMG_0060,296059.jpg,2,BDA-EHHO-VC-Calibrated,78,19,3,E4_singleobjective_attained_solution
IMG_0060,296059.jpg,2,MO-BDA-EHHO-VC,10,8,46,E4_MO_equal_weight_compromise
IMG_0060,296059.jpg,3,BEHHO-VC-Calibrated,2,2,4,E4_singleobjective_attained_solution
IMG_0060,296059.jpg,3,HHO-VC,2,2,2,E4_singleobjective_attained_solution
IMG_0060,296059.jpg,3,BDA-EHHO-VC-Calibrated,218,2,205,E4_singleobjective_attained_solution
IMG_0060,296059.jpg,3,EHHO-VC,2,2,2,E4_singleobjective_attained_solution
IMG_0060,296059.jpg,3,MO-BDA-EHHO-VC,99,8,8,E4_MO_equal_weight_compromise
IMG_0060,296059.jpg,4,HHO-VC,46,193,215,E4_singleobjective_attained_solution
IMG_0060,296059.jpg,4,BEHHO-VC-Calibrated,175,223,255,E4_singleobjective_attained_solution
IMG_0060,296059.jpg,4,EHHO-VC,46,211,255,E4_singleobjective_attained_solution
IMG_0060,296059.jpg,4,BDA-EHHO-VC-Calibrated,87,221,254,E4_singleobjective_attained_solution
IMG_0060,296059.jpg,4,MO-BDA-EHHO-VC,76,68,28,E4_MO_equal_weight_compromise
IMG_0060,296059.jpg,5,BDA-EHHO-VC-Calibrated,181,19,206,E4_singleobjective_attained_solution
IMG_0060,296059.jpg,5,EHHO-VC,245,7,181,E4_singleobjective_attained_solution
IMG_0060,296059.jpg,5,HHO-VC,245,19,173,E4_singleobjective_attained_solution
IMG_0060,296059.jpg,5,BEHHO-VC-Calibrated,209,25,166,E4_singleobjective_attained_solution
IMG_0060,296059.jpg,5,MO-BDA-EHHO-VC,181,66,30,E4_MO_equal_weight_compromise
IMG_0061,299086.jpg,1,BEHHO-VC-Calibrated,122,24,9,E4_singleobjective_attained_solution
IMG_0061,299086.jpg,1,EHHO-VC,229,255,46,E4_singleobjective_attained_solution
IMG_0061,299086.jpg,1,HHO-VC,234,255,46,E4_singleobjective_attained_solution
IMG_0061,299086.jpg,1,BDA-EHHO-VC-Calibrated,231,249,14,E4_singleobjective_attained_solution
IMG_0061,299086.jpg,1,MO-BDA-EHHO-VC,40,66,11,E4_MO_equal_weight_compromise
IMG_0061,299086.jpg,2,BEHHO-VC-Calibrated,38,34,198,E4_singleobjective_attained_solution
IMG_0061,299086.jpg,2,BDA-EHHO-VC-Calibrated,35,2,199,E4_singleobjective_attained_solution
IMG_0061,299086.jpg,2,EHHO-VC,100,243,183,E4_singleobjective_attained_solution
IMG_0061,299086.jpg,2,HHO-VC,92,24,94,E4_singleobjective_attained_solution
IMG_0061,299086.jpg,2,MO-BDA-EHHO-VC,52,130,2,E4_MO_equal_weight_compromise
IMG_0061,299086.jpg,3,EHHO-VC,53,129,250,E4_singleobjective_attained_solution
IMG_0061,299086.jpg,3,HHO-VC,58,102,255,E4_singleobjective_attained_solution
IMG_0061,299086.jpg,3,BDA-EHHO-VC-Calibrated,53,72,248,E4_singleobjective_attained_solution
IMG_0061,299086.jpg,3,BEHHO-VC-Calibrated,32,175,247,E4_singleobjective_attained_solution
IMG_0061,299086.jpg,3,MO-BDA-EHHO-VC,14,70,114,E4_MO_equal_weight_compromise
IMG_0061,299086.jpg,4,EHHO-VC,4,60,2,E4_singleobjective_attained_solution
IMG_0061,299086.jpg,4,HHO-VC,4,60,2,E4_singleobjective_attained_solution
IMG_0061,299086.jpg,4,BDA-EHHO-VC-Calibrated,2,138,5,E4_singleobjective_attained_solution
IMG_0061,299086.jpg,4,BEHHO-VC-Calibrated,121,61,5,E4_singleobjective_attained_solution
IMG_0061,299086.jpg,4,MO-BDA-EHHO-VC,32,13,11,E4_MO_equal_weight_compromise
IMG_0061,299086.jpg,5,BDA-EHHO-VC-Calibrated,152,107,3,E4_singleobjective_attained_solution
IMG_0061,299086.jpg,5,EHHO-VC,7,11,3,E4_singleobjective_attained_solution
IMG_0061,299086.jpg,5,HHO-VC,18,32,3,E4_singleobjective_attained_solution
IMG_0061,299086.jpg,5,BEHHO-VC-Calibrated,118,170,3,E4_singleobjective_attained_solution
IMG_0061,299086.jpg,5,MO-BDA-EHHO-VC,80,137,8,E4_MO_equal_weight_compromise
IMG_0062,300091.jpg,1,BEHHO-VC-Calibrated,16,9,2,E4_singleobjective_attained_solution
IMG_0062,300091.jpg,1,EHHO-VC,2,22,2,E4_singleobjective_attained_solution
IMG_0062,300091.jpg,1,BDA-EHHO-VC-Calibrated,40,21,2,E4_singleobjective_attained_solution
IMG_0062,300091.jpg,1,HHO-VC,2,17,2,E4_singleobjective_attained_solution
IMG_0062,300091.jpg,1,MO-BDA-EHHO-VC,44,7,6,E4_MO_equal_weight_compromise
IMG_0062,300091.jpg,2,EHHO-VC,11,8,2,E4_singleobjective_attained_solution
IMG_0062,300091.jpg,2,BEHHO-VC-Calibrated,11,248,164,E4_singleobjective_attained_solution
IMG_0062,300091.jpg,2,HHO-VC,41,26,2,E4_singleobjective_attained_solution
IMG_0062,300091.jpg,2,BDA-EHHO-VC-Calibrated,30,214,189,E4_singleobjective_attained_solution
IMG_0062,300091.jpg,2,MO-BDA-EHHO-VC,32,20,33,E4_MO_equal_weight_compromise
IMG_0062,300091.jpg,3,HHO-VC,248,2,126,E4_singleobjective_attained_solution
IMG_0062,300091.jpg,3,BDA-EHHO-VC-Calibrated,19,2,192,E4_singleobjective_attained_solution
IMG_0062,300091.jpg,3,BEHHO-VC-Calibrated,13,2,144,E4_singleobjective_attained_solution
IMG_0062,300091.jpg,3,EHHO-VC,248,2,126,E4_singleobjective_attained_solution
IMG_0062,300091.jpg,3,MO-BDA-EHHO-VC,4,38,11,E4_MO_equal_weight_compromise
IMG_0062,300091.jpg,4,HHO-VC,38,2,8,E4_singleobjective_attained_solution
IMG_0062,300091.jpg,4,BEHHO-VC-Calibrated,33,2,51,E4_singleobjective_attained_solution
IMG_0062,300091.jpg,4,EHHO-VC,13,2,8,E4_singleobjective_attained_solution
IMG_0062,300091.jpg,4,BDA-EHHO-VC-Calibrated,159,2,13,E4_singleobjective_attained_solution
IMG_0062,300091.jpg,4,MO-BDA-EHHO-VC,32,17,2,E4_MO_equal_weight_compromise
IMG_0062,300091.jpg,5,EHHO-VC,255,11,246,E4_singleobjective_attained_solution
IMG_0062,300091.jpg,5,BDA-EHHO-VC-Calibrated,219,61,215,E4_singleobjective_attained_solution
IMG_0062,300091.jpg,5,BEHHO-VC-Calibrated,219,99,217,E4_singleobjective_attained_solution
IMG_0062,300091.jpg,5,HHO-VC,220,13,220,E4_singleobjective_attained_solution
IMG_0062,300091.jpg,5,MO-BDA-EHHO-VC,50,14,117,E4_MO_equal_weight_compromise
IMG_0063,302008.jpg,1,BEHHO-VC-Calibrated,61,254,39,E4_singleobjective_attained_solution
IMG_0063,302008.jpg,1,HHO-VC,60,161,158,E4_singleobjective_attained_solution
IMG_0063,302008.jpg,1,EHHO-VC,2,75,26,E4_singleobjective_attained_solution
IMG_0063,302008.jpg,1,BDA-EHHO-VC-Calibrated,5,209,7,E4_singleobjective_attained_solution
IMG_0063,302008.jpg,1,MO-BDA-EHHO-VC,7,20,13,E4_MO_equal_weight_compromise
IMG_0063,302008.jpg,2,EHHO-VC,10,244,53,E4_singleobjective_attained_solution
IMG_0063,302008.jpg,2,BEHHO-VC-Calibrated,2,2,14,E4_singleobjective_attained_solution
IMG_0063,302008.jpg,2,HHO-VC,10,244,53,E4_singleobjective_attained_solution
IMG_0063,302008.jpg,2,BDA-EHHO-VC-Calibrated,74,230,14,E4_singleobjective_attained_solution
IMG_0063,302008.jpg,2,MO-BDA-EHHO-VC,6,18,2,E4_MO_equal_weight_compromise
IMG_0063,302008.jpg,3,HHO-VC,16,211,170,E4_singleobjective_attained_solution
IMG_0063,302008.jpg,3,EHHO-VC,38,156,193,E4_singleobjective_attained_solution
IMG_0063,302008.jpg,3,BDA-EHHO-VC-Calibrated,11,143,192,E4_singleobjective_attained_solution
IMG_0063,302008.jpg,3,BEHHO-VC-Calibrated,11,231,251,E4_singleobjective_attained_solution
IMG_0063,302008.jpg,3,MO-BDA-EHHO-VC,6,9,4,E4_MO_equal_weight_compromise
IMG_0063,302008.jpg,4,BDA-EHHO-VC-Calibrated,3,226,93,E4_singleobjective_attained_solution
IMG_0063,302008.jpg,4,HHO-VC,31,184,116,E4_singleobjective_attained_solution
IMG_0063,302008.jpg,4,BEHHO-VC-Calibrated,3,165,46,E4_singleobjective_attained_solution
IMG_0063,302008.jpg,4,EHHO-VC,31,184,116,E4_singleobjective_attained_solution
IMG_0063,302008.jpg,4,MO-BDA-EHHO-VC,6,2,19,E4_MO_equal_weight_compromise
IMG_0063,302008.jpg,5,BEHHO-VC-Calibrated,6,48,72,E4_singleobjective_attained_solution
IMG_0063,302008.jpg,5,HHO-VC,68,124,157,E4_singleobjective_attained_solution
IMG_0063,302008.jpg,5,BDA-EHHO-VC-Calibrated,65,67,66,E4_singleobjective_attained_solution
IMG_0063,302008.jpg,5,EHHO-VC,68,124,157,E4_singleobjective_attained_solution
IMG_0063,302008.jpg,5,MO-BDA-EHHO-VC,3,16,98,E4_MO_equal_weight_compromise
IMG_0064,304034.jpg,1,BEHHO-VC-Calibrated,136,2,2,E4_singleobjective_attained_solution
IMG_0064,304034.jpg,1,HHO-VC,2,2,2,E4_singleobjective_attained_solution
IMG_0064,304034.jpg,1,BDA-EHHO-VC-Calibrated,237,81,2,E4_singleobjective_attained_solution
IMG_0064,304034.jpg,1,EHHO-VC,2,2,2,E4_singleobjective_attained_solution
IMG_0064,304034.jpg,1,MO-BDA-EHHO-VC,202,19,9,E4_MO_equal_weight_compromise
IMG_0064,304034.jpg,2,EHHO-VC,3,124,4,E4_singleobjective_attained_solution
IMG_0064,304034.jpg,2,BEHHO-VC-Calibrated,3,2,18,E4_singleobjective_attained_solution
IMG_0064,304034.jpg,2,BDA-EHHO-VC-Calibrated,52,2,4,E4_singleobjective_attained_solution
IMG_0064,304034.jpg,2,HHO-VC,3,2,7,E4_singleobjective_attained_solution
IMG_0064,304034.jpg,2,MO-BDA-EHHO-VC,6,175,8,E4_MO_equal_weight_compromise
IMG_0064,304034.jpg,3,HHO-VC,87,28,2,E4_singleobjective_attained_solution
IMG_0064,304034.jpg,3,EHHO-VC,65,28,2,E4_singleobjective_attained_solution
IMG_0064,304034.jpg,3,BDA-EHHO-VC-Calibrated,20,55,101,E4_singleobjective_attained_solution
IMG_0064,304034.jpg,3,BEHHO-VC-Calibrated,32,40,2,E4_singleobjective_attained_solution
IMG_0064,304034.jpg,3,MO-BDA-EHHO-VC,26,58,101,E4_MO_equal_weight_compromise
IMG_0064,304034.jpg,4,BEHHO-VC-Calibrated,2,4,3,E4_singleobjective_attained_solution
IMG_0064,304034.jpg,4,BDA-EHHO-VC-Calibrated,2,64,9,E4_singleobjective_attained_solution
IMG_0064,304034.jpg,4,HHO-VC,2,2,3,E4_singleobjective_attained_solution
IMG_0064,304034.jpg,4,EHHO-VC,3,4,3,E4_singleobjective_attained_solution
IMG_0064,304034.jpg,4,MO-BDA-EHHO-VC,36,29,11,E4_MO_equal_weight_compromise
IMG_0064,304034.jpg,5,BDA-EHHO-VC-Calibrated,12,196,21,E4_singleobjective_attained_solution
IMG_0064,304034.jpg,5,EHHO-VC,165,255,71,E4_singleobjective_attained_solution
IMG_0064,304034.jpg,5,BEHHO-VC-Calibrated,12,231,28,E4_singleobjective_attained_solution
IMG_0064,304034.jpg,5,HHO-VC,171,254,62,E4_singleobjective_attained_solution
IMG_0064,304034.jpg,5,MO-BDA-EHHO-VC,4,76,18,E4_MO_equal_weight_compromise
IMG_0065,304074.jpg,1,BEHHO-VC-Calibrated,2,2,2,E4_singleobjective_attained_solution
IMG_0065,304074.jpg,1,HHO-VC,2,2,2,E4_singleobjective_attained_solution
IMG_0065,304074.jpg,1,EHHO-VC,2,2,2,E4_singleobjective_attained_solution
IMG_0065,304074.jpg,1,BDA-EHHO-VC-Calibrated,3,2,2,E4_singleobjective_attained_solution
IMG_0065,304074.jpg,1,MO-BDA-EHHO-VC,18,61,14,E4_MO_equal_weight_compromise
IMG_0065,304074.jpg,2,EHHO-VC,2,6,2,E4_singleobjective_attained_solution
IMG_0065,304074.jpg,2,HHO-VC,2,11,2,E4_singleobjective_attained_solution
IMG_0065,304074.jpg,2,BEHHO-VC-Calibrated,4,11,2,E4_singleobjective_attained_solution
IMG_0065,304074.jpg,2,BDA-EHHO-VC-Calibrated,4,181,2,E4_singleobjective_attained_solution
IMG_0065,304074.jpg,2,MO-BDA-EHHO-VC,113,17,4,E4_MO_equal_weight_compromise
IMG_0065,304074.jpg,3,EHHO-VC,50,65,201,E4_singleobjective_attained_solution
IMG_0065,304074.jpg,3,BEHHO-VC-Calibrated,150,129,8,E4_singleobjective_attained_solution
IMG_0065,304074.jpg,3,BDA-EHHO-VC-Calibrated,84,48,6,E4_singleobjective_attained_solution
IMG_0065,304074.jpg,3,HHO-VC,50,65,197,E4_singleobjective_attained_solution
IMG_0065,304074.jpg,3,MO-BDA-EHHO-VC,15,100,32,E4_MO_equal_weight_compromise
IMG_0065,304074.jpg,4,BDA-EHHO-VC-Calibrated,59,10,48,E4_singleobjective_attained_solution
IMG_0065,304074.jpg,4,HHO-VC,8,186,93,E4_singleobjective_attained_solution
IMG_0065,304074.jpg,4,EHHO-VC,4,3,11,E4_singleobjective_attained_solution
IMG_0065,304074.jpg,4,BEHHO-VC-Calibrated,59,2,72,E4_singleobjective_attained_solution
IMG_0065,304074.jpg,4,MO-BDA-EHHO-VC,36,45,11,E4_MO_equal_weight_compromise
IMG_0065,304074.jpg,5,BDA-EHHO-VC-Calibrated,2,5,128,E4_singleobjective_attained_solution
IMG_0065,304074.jpg,5,HHO-VC,2,4,255,E4_singleobjective_attained_solution
IMG_0065,304074.jpg,5,BEHHO-VC-Calibrated,2,5,32,E4_singleobjective_attained_solution
IMG_0065,304074.jpg,5,EHHO-VC,2,4,255,E4_singleobjective_attained_solution
IMG_0065,304074.jpg,5,MO-BDA-EHHO-VC,20,18,28,E4_MO_equal_weight_compromise
IMG_0066,306005.jpg,1,BEHHO-VC-Calibrated,16,2,2,E4_singleobjective_attained_solution
IMG_0066,306005.jpg,1,BDA-EHHO-VC-Calibrated,16,2,2,E4_singleobjective_attained_solution
IMG_0066,306005.jpg,1,EHHO-VC,2,2,2,E4_singleobjective_attained_solution
IMG_0066,306005.jpg,1,HHO-VC,2,2,2,E4_singleobjective_attained_solution
IMG_0066,306005.jpg,1,MO-BDA-EHHO-VC,10,15,25,E4_MO_equal_weight_compromise
IMG_0066,306005.jpg,2,BDA-EHHO-VC-Calibrated,2,66,2,E4_singleobjective_attained_solution
IMG_0066,306005.jpg,2,EHHO-VC,2,2,2,E4_singleobjective_attained_solution
IMG_0066,306005.jpg,2,HHO-VC,2,2,2,E4_singleobjective_attained_solution
IMG_0066,306005.jpg,2,BEHHO-VC-Calibrated,2,66,2,E4_singleobjective_attained_solution
IMG_0066,306005.jpg,2,MO-BDA-EHHO-VC,20,16,12,E4_MO_equal_weight_compromise
IMG_0066,306005.jpg,3,BDA-EHHO-VC-Calibrated,52,223,255,E4_singleobjective_attained_solution
IMG_0066,306005.jpg,3,BEHHO-VC-Calibrated,50,244,12,E4_singleobjective_attained_solution
IMG_0066,306005.jpg,3,EHHO-VC,50,205,255,E4_singleobjective_attained_solution
IMG_0066,306005.jpg,3,HHO-VC,50,205,255,E4_singleobjective_attained_solution
IMG_0066,306005.jpg,3,MO-BDA-EHHO-VC,4,3,97,E4_MO_equal_weight_compromise
IMG_0066,306005.jpg,4,EHHO-VC,54,32,37,E4_singleobjective_attained_solution
IMG_0066,306005.jpg,4,HHO-VC,55,32,38,E4_singleobjective_attained_solution
IMG_0066,306005.jpg,4,BEHHO-VC-Calibrated,27,83,104,E4_singleobjective_attained_solution
IMG_0066,306005.jpg,4,BDA-EHHO-VC-Calibrated,213,36,115,E4_singleobjective_attained_solution
IMG_0066,306005.jpg,4,MO-BDA-EHHO-VC,16,2,20,E4_MO_equal_weight_compromise
IMG_0066,306005.jpg,5,BEHHO-VC-Calibrated,67,15,19,E4_singleobjective_attained_solution
IMG_0066,306005.jpg,5,HHO-VC,80,15,55,E4_singleobjective_attained_solution
IMG_0066,306005.jpg,5,EHHO-VC,83,15,58,E4_singleobjective_attained_solution
IMG_0066,306005.jpg,5,BDA-EHHO-VC-Calibrated,10,15,25,E4_singleobjective_attained_solution
IMG_0066,306005.jpg,5,MO-BDA-EHHO-VC,13,11,10,E4_MO_equal_weight_compromise
IMG_0067,3096.jpg,1,BEHHO-VC-Calibrated,20,6,145,E4_singleobjective_attained_solution
IMG_0067,3096.jpg,1,HHO-VC,217,49,160,E4_singleobjective_attained_solution
IMG_0067,3096.jpg,1,EHHO-VC,224,53,162,E4_singleobjective_attained_solution
IMG_0067,3096.jpg,1,BDA-EHHO-VC-Calibrated,250,6,135,E4_singleobjective_attained_solution
IMG_0067,3096.jpg,1,MO-BDA-EHHO-VC,83,223,37,E4_MO_equal_weight_compromise
IMG_0067,3096.jpg,2,EHHO-VC,14,145,120,E4_singleobjective_attained_solution
IMG_0067,3096.jpg,2,BDA-EHHO-VC-Calibrated,10,98,94,E4_singleobjective_attained_solution
IMG_0067,3096.jpg,2,BEHHO-VC-Calibrated,14,24,112,E4_singleobjective_attained_solution
IMG_0067,3096.jpg,2,HHO-VC,14,133,112,E4_singleobjective_attained_solution
IMG_0067,3096.jpg,2,MO-BDA-EHHO-VC,72,136,10,E4_MO_equal_weight_compromise
IMG_0067,3096.jpg,3,EHHO-VC,163,136,109,E4_singleobjective_attained_solution
IMG_0067,3096.jpg,3,BDA-EHHO-VC-Calibrated,188,84,2,E4_singleobjective_attained_solution
IMG_0067,3096.jpg,3,BEHHO-VC-Calibrated,158,31,117,E4_singleobjective_attained_solution
IMG_0067,3096.jpg,3,HHO-VC,169,146,70,E4_singleobjective_attained_solution
IMG_0067,3096.jpg,3,MO-BDA-EHHO-VC,129,66,27,E4_MO_equal_weight_compromise
IMG_0067,3096.jpg,4,BEHHO-VC-Calibrated,2,8,2,E4_singleobjective_attained_solution
IMG_0067,3096.jpg,4,EHHO-VC,2,2,2,E4_singleobjective_attained_solution
IMG_0067,3096.jpg,4,BDA-EHHO-VC-Calibrated,13,23,2,E4_singleobjective_attained_solution
IMG_0067,3096.jpg,4,HHO-VC,2,2,2,E4_singleobjective_attained_solution
IMG_0067,3096.jpg,4,MO-BDA-EHHO-VC,56,46,8,E4_MO_equal_weight_compromise
IMG_0067,3096.jpg,5,HHO-VC,205,109,138,E4_singleobjective_attained_solution
IMG_0067,3096.jpg,5,BDA-EHHO-VC-Calibrated,203,112,221,E4_singleobjective_attained_solution
IMG_0067,3096.jpg,5,BEHHO-VC-Calibrated,205,163,140,E4_singleobjective_attained_solution
IMG_0067,3096.jpg,5,EHHO-VC,203,109,140,E4_singleobjective_attained_solution
IMG_0067,3096.jpg,5,MO-BDA-EHHO-VC,87,84,41,E4_MO_equal_weight_compromise
IMG_0068,33039.jpg,1,BDA-EHHO-VC-Calibrated,101,12,184,E4_singleobjective_attained_solution
IMG_0068,33039.jpg,1,EHHO-VC,122,225,7,E4_singleobjective_attained_solution
IMG_0068,33039.jpg,1,HHO-VC,12,13,7,E4_singleobjective_attained_solution
IMG_0068,33039.jpg,1,BEHHO-VC-Calibrated,20,14,91,E4_singleobjective_attained_solution
IMG_0068,33039.jpg,1,MO-BDA-EHHO-VC,89,40,5,E4_MO_equal_weight_compromise
IMG_0068,33039.jpg,2,EHHO-VC,2,10,138,E4_singleobjective_attained_solution
IMG_0068,33039.jpg,2,BEHHO-VC-Calibrated,2,64,38,E4_singleobjective_attained_solution
IMG_0068,33039.jpg,2,HHO-VC,2,10,123,E4_singleobjective_attained_solution
IMG_0068,33039.jpg,2,BDA-EHHO-VC-Calibrated,2,75,98,E4_singleobjective_attained_solution
IMG_0068,33039.jpg,2,MO-BDA-EHHO-VC,32,127,73,E4_MO_equal_weight_compromise
IMG_0068,33039.jpg,3,BEHHO-VC-Calibrated,3,111,14,E4_singleobjective_attained_solution
IMG_0068,33039.jpg,3,EHHO-VC,12,7,13,E4_singleobjective_attained_solution
IMG_0068,33039.jpg,3,BDA-EHHO-VC-Calibrated,3,8,52,E4_singleobjective_attained_solution
IMG_0068,33039.jpg,3,HHO-VC,252,53,255,E4_singleobjective_attained_solution
IMG_0068,33039.jpg,3,MO-BDA-EHHO-VC,38,96,16,E4_MO_equal_weight_compromise
IMG_0068,33039.jpg,4,BEHHO-VC-Calibrated,36,48,2,E4_singleobjective_attained_solution
IMG_0068,33039.jpg,4,EHHO-VC,13,152,190,E4_singleobjective_attained_solution
IMG_0068,33039.jpg,4,HHO-VC,13,13,2,E4_singleobjective_attained_solution
IMG_0068,33039.jpg,4,BDA-EHHO-VC-Calibrated,6,50,2,E4_singleobjective_attained_solution
IMG_0068,33039.jpg,4,MO-BDA-EHHO-VC,66,18,13,E4_MO_equal_weight_compromise
IMG_0068,33039.jpg,5,BDA-EHHO-VC-Calibrated,38,7,91,E4_singleobjective_attained_solution
IMG_0068,33039.jpg,5,BEHHO-VC-Calibrated,2,130,9,E4_singleobjective_attained_solution
IMG_0068,33039.jpg,5,EHHO-VC,5,3,9,E4_singleobjective_attained_solution
IMG_0068,33039.jpg,5,HHO-VC,4,6,9,E4_singleobjective_attained_solution
IMG_0068,33039.jpg,5,MO-BDA-EHHO-VC,37,74,6,E4_MO_equal_weight_compromise
IMG_0069,351093.jpg,1,HHO-VC,255,195,201,E4_singleobjective_attained_solution
IMG_0069,351093.jpg,1,BEHHO-VC-Calibrated,2,219,159,E4_singleobjective_attained_solution
IMG_0069,351093.jpg,1,BDA-EHHO-VC-Calibrated,2,176,204,E4_singleobjective_attained_solution
IMG_0069,351093.jpg,1,EHHO-VC,254,195,201,E4_singleobjective_attained_solution
IMG_0069,351093.jpg,1,MO-BDA-EHHO-VC,13,36,10,E4_MO_equal_weight_compromise
IMG_0069,351093.jpg,2,BDA-EHHO-VC-Calibrated,60,2,13,E4_singleobjective_attained_solution
IMG_0069,351093.jpg,2,HHO-VC,5,98,2,E4_singleobjective_attained_solution
IMG_0069,351093.jpg,2,BEHHO-VC-Calibrated,5,2,2,E4_singleobjective_attained_solution
IMG_0069,351093.jpg,2,EHHO-VC,5,114,2,E4_singleobjective_attained_solution
IMG_0069,351093.jpg,2,MO-BDA-EHHO-VC,74,34,5,E4_MO_equal_weight_compromise
IMG_0069,351093.jpg,3,BDA-EHHO-VC-Calibrated,214,49,32,E4_singleobjective_attained_solution
IMG_0069,351093.jpg,3,HHO-VC,4,181,32,E4_singleobjective_attained_solution
IMG_0069,351093.jpg,3,BEHHO-VC-Calibrated,62,122,181,E4_singleobjective_attained_solution
IMG_0069,351093.jpg,3,EHHO-VC,4,186,32,E4_singleobjective_attained_solution
IMG_0069,351093.jpg,3,MO-BDA-EHHO-VC,2,77,8,E4_MO_equal_weight_compromise
IMG_0069,351093.jpg,4,BDA-EHHO-VC-Calibrated,58,8,2,E4_singleobjective_attained_solution
IMG_0069,351093.jpg,4,BEHHO-VC-Calibrated,72,4,2,E4_singleobjective_attained_solution
IMG_0069,351093.jpg,4,HHO-VC,101,4,2,E4_singleobjective_attained_solution
IMG_0069,351093.jpg,4,EHHO-VC,36,4,2,E4_singleobjective_attained_solution
IMG_0069,351093.jpg,4,MO-BDA-EHHO-VC,27,96,24,E4_MO_equal_weight_compromise
IMG_0069,351093.jpg,5,BEHHO-VC-Calibrated,17,2,147,E4_singleobjective_attained_solution
IMG_0069,351093.jpg,5,HHO-VC,71,2,22,E4_singleobjective_attained_solution
IMG_0069,351093.jpg,5,BDA-EHHO-VC-Calibrated,72,2,136,E4_singleobjective_attained_solution
IMG_0069,351093.jpg,5,EHHO-VC,71,2,21,E4_singleobjective_attained_solution
IMG_0069,351093.jpg,5,MO-BDA-EHHO-VC,32,25,33,E4_MO_equal_weight_compromise
IMG_0070,361010.jpg,1,BDA-EHHO-VC-Calibrated,120,110,5,E4_singleobjective_attained_solution
IMG_0070,361010.jpg,1,HHO-VC,154,13,5,E4_singleobjective_attained_solution
IMG_0070,361010.jpg,1,EHHO-VC,154,13,5,E4_singleobjective_attained_solution
IMG_0070,361010.jpg,1,BEHHO-VC-Calibrated,132,24,2,E4_singleobjective_attained_solution
IMG_0070,361010.jpg,1,MO-BDA-EHHO-VC,26,100,132,E4_MO_equal_weight_compromise
IMG_0070,361010.jpg,2,BDA-EHHO-VC-Calibrated,24,155,9,E4_singleobjective_attained_solution
IMG_0070,361010.jpg,2,BEHHO-VC-Calibrated,11,148,90,E4_singleobjective_attained_solution
IMG_0070,361010.jpg,2,HHO-VC,47,158,28,E4_singleobjective_attained_solution
IMG_0070,361010.jpg,2,EHHO-VC,47,157,28,E4_singleobjective_attained_solution
IMG_0070,361010.jpg,2,MO-BDA-EHHO-VC,176,27,2,E4_MO_equal_weight_compromise
IMG_0070,361010.jpg,3,BEHHO-VC-Calibrated,14,196,2,E4_singleobjective_attained_solution
IMG_0070,361010.jpg,3,EHHO-VC,7,2,2,E4_singleobjective_attained_solution
IMG_0070,361010.jpg,3,BDA-EHHO-VC-Calibrated,14,228,2,E4_singleobjective_attained_solution
IMG_0070,361010.jpg,3,HHO-VC,7,2,2,E4_singleobjective_attained_solution
IMG_0070,361010.jpg,3,MO-BDA-EHHO-VC,19,136,16,E4_MO_equal_weight_compromise
IMG_0070,361010.jpg,4,HHO-VC,126,17,3,E4_singleobjective_attained_solution
IMG_0070,361010.jpg,4,EHHO-VC,121,14,3,E4_singleobjective_attained_solution
IMG_0070,361010.jpg,4,BDA-EHHO-VC-Calibrated,102,4,7,E4_singleobjective_attained_solution
IMG_0070,361010.jpg,4,BEHHO-VC-Calibrated,137,17,62,E4_singleobjective_attained_solution
IMG_0070,361010.jpg,4,MO-BDA-EHHO-VC,48,34,28,E4_MO_equal_weight_compromise
IMG_0070,361010.jpg,5,BEHHO-VC-Calibrated,69,32,34,E4_singleobjective_attained_solution
IMG_0070,361010.jpg,5,BDA-EHHO-VC-Calibrated,24,40,14,E4_singleobjective_attained_solution
IMG_0070,361010.jpg,5,HHO-VC,36,21,17,E4_singleobjective_attained_solution
IMG_0070,361010.jpg,5,EHHO-VC,61,30,14,E4_singleobjective_attained_solution
IMG_0070,361010.jpg,5,MO-BDA-EHHO-VC,164,9,101,E4_MO_equal_weight_compromise
IMG_0071,37073.jpg,1,BEHHO-VC-Calibrated,32,4,2,E4_singleobjective_attained_solution
IMG_0071,37073.jpg,1,BDA-EHHO-VC-Calibrated,32,40,4,E4_singleobjective_attained_solution
IMG_0071,37073.jpg,1,EHHO-VC,12,15,13,E4_singleobjective_attained_solution
IMG_0071,37073.jpg,1,HHO-VC,33,14,13,E4_singleobjective_attained_solution
IMG_0071,37073.jpg,1,MO-BDA-EHHO-VC,9,72,82,E4_MO_equal_weight_compromise
IMG_0071,37073.jpg,2,BDA-EHHO-VC-Calibrated,22,215,8,E4_singleobjective_attained_solution
IMG_0071,37073.jpg,2,BEHHO-VC-Calibrated,31,197,182,E4_singleobjective_attained_solution
IMG_0071,37073.jpg,2,HHO-VC,2,2,4,E4_singleobjective_attained_solution
IMG_0071,37073.jpg,2,EHHO-VC,2,2,4,E4_singleobjective_attained_solution
IMG_0071,37073.jpg,2,MO-BDA-EHHO-VC,105,18,84,E4_MO_equal_weight_compromise
IMG_0071,37073.jpg,3,BDA-EHHO-VC-Calibrated,218,131,145,E4_singleobjective_attained_solution
IMG_0071,37073.jpg,3,BEHHO-VC-Calibrated,188,2,152,E4_singleobjective_attained_solution
IMG_0071,37073.jpg,3,EHHO-VC,134,2,145,E4_singleobjective_attained_solution
IMG_0071,37073.jpg,3,HHO-VC,134,2,145,E4_singleobjective_attained_solution
IMG_0071,37073.jpg,3,MO-BDA-EHHO-VC,92,3,177,E4_MO_equal_weight_compromise
IMG_0071,37073.jpg,4,EHHO-VC,143,2,192,E4_singleobjective_attained_solution
IMG_0071,37073.jpg,4,BEHHO-VC-Calibrated,13,244,232,E4_singleobjective_attained_solution
IMG_0071,37073.jpg,4,BDA-EHHO-VC-Calibrated,28,172,237,E4_singleobjective_attained_solution
IMG_0071,37073.jpg,4,HHO-VC,143,2,192,E4_singleobjective_attained_solution
IMG_0071,37073.jpg,4,MO-BDA-EHHO-VC,143,109,67,E4_MO_equal_weight_compromise
IMG_0071,37073.jpg,5,BDA-EHHO-VC-Calibrated,17,191,173,E4_singleobjective_attained_solution
IMG_0071,37073.jpg,5,HHO-VC,3,84,2,E4_singleobjective_attained_solution
IMG_0071,37073.jpg,5,BEHHO-VC-Calibrated,8,85,2,E4_singleobjective_attained_solution
IMG_0071,37073.jpg,5,EHHO-VC,3,83,2,E4_singleobjective_attained_solution
IMG_0071,37073.jpg,5,MO-BDA-EHHO-VC,7,128,92,E4_MO_equal_weight_compromise
IMG_0072,376043.jpg,1,BEHHO-VC-Calibrated,2,34,10,E4_singleobjective_attained_solution
IMG_0072,376043.jpg,1,HHO-VC,33,54,193,E4_singleobjective_attained_solution
IMG_0072,376043.jpg,1,BDA-EHHO-VC-Calibrated,64,9,10,E4_singleobjective_attained_solution
IMG_0072,376043.jpg,1,EHHO-VC,2,2,10,E4_singleobjective_attained_solution
IMG_0072,376043.jpg,1,MO-BDA-EHHO-VC,183,10,97,E4_MO_equal_weight_compromise
IMG_0072,376043.jpg,2,BDA-EHHO-VC-Calibrated,102,2,152,E4_singleobjective_attained_solution
IMG_0072,376043.jpg,2,EHHO-VC,79,4,186,E4_singleobjective_attained_solution
IMG_0072,376043.jpg,2,HHO-VC,70,2,186,E4_singleobjective_attained_solution
IMG_0072,376043.jpg,2,BEHHO-VC-Calibrated,33,2,177,E4_singleobjective_attained_solution
IMG_0072,376043.jpg,2,MO-BDA-EHHO-VC,9,21,13,E4_MO_equal_weight_compromise
IMG_0072,376043.jpg,3,BEHHO-VC-Calibrated,218,24,3,E4_singleobjective_attained_solution
IMG_0072,376043.jpg,3,EHHO-VC,233,242,6,E4_singleobjective_attained_solution
IMG_0072,376043.jpg,3,BDA-EHHO-VC-Calibrated,254,155,6,E4_singleobjective_attained_solution
IMG_0072,376043.jpg,3,HHO-VC,234,242,3,E4_singleobjective_attained_solution
IMG_0072,376043.jpg,3,MO-BDA-EHHO-VC,111,27,27,E4_MO_equal_weight_compromise
IMG_0072,376043.jpg,4,BEHHO-VC-Calibrated,20,120,248,E4_singleobjective_attained_solution
IMG_0072,376043.jpg,4,HHO-VC,33,183,206,E4_singleobjective_attained_solution
IMG_0072,376043.jpg,4,EHHO-VC,33,183,206,E4_singleobjective_attained_solution
IMG_0072,376043.jpg,4,BDA-EHHO-VC-Calibrated,29,16,132,E4_singleobjective_attained_solution
IMG_0072,376043.jpg,4,MO-BDA-EHHO-VC,8,173,42,E4_MO_equal_weight_compromise
IMG_0072,376043.jpg,5,HHO-VC,4,4,4,E4_singleobjective_attained_solution
IMG_0072,376043.jpg,5,EHHO-VC,5,2,2,E4_singleobjective_attained_solution
IMG_0072,376043.jpg,5,BDA-EHHO-VC-Calibrated,5,98,48,E4_singleobjective_attained_solution
IMG_0072,376043.jpg,5,BEHHO-VC-Calibrated,4,2,2,E4_singleobjective_attained_solution
IMG_0072,376043.jpg,5,MO-BDA-EHHO-VC,28,32,13,E4_MO_equal_weight_compromise
IMG_0073,38082.jpg,1,BDA-EHHO-VC-Calibrated,13,88,217,E4_singleobjective_attained_solution
IMG_0073,38082.jpg,1,HHO-VC,13,2,192,E4_singleobjective_attained_solution
IMG_0073,38082.jpg,1,BEHHO-VC-Calibrated,2,2,244,E4_singleobjective_attained_solution
IMG_0073,38082.jpg,1,EHHO-VC,13,2,191,E4_singleobjective_attained_solution
IMG_0073,38082.jpg,1,MO-BDA-EHHO-VC,79,62,67,E4_MO_equal_weight_compromise
IMG_0073,38082.jpg,2,HHO-VC,8,161,116,E4_singleobjective_attained_solution
IMG_0073,38082.jpg,2,BDA-EHHO-VC-Calibrated,5,153,146,E4_singleobjective_attained_solution
IMG_0073,38082.jpg,2,EHHO-VC,5,190,113,E4_singleobjective_attained_solution
IMG_0073,38082.jpg,2,BEHHO-VC-Calibrated,5,191,158,E4_singleobjective_attained_solution
IMG_0073,38082.jpg,2,MO-BDA-EHHO-VC,79,72,8,E4_MO_equal_weight_compromise
IMG_0073,38082.jpg,3,HHO-VC,2,8,2,E4_singleobjective_attained_solution
IMG_0073,38082.jpg,3,BEHHO-VC-Calibrated,26,27,2,E4_singleobjective_attained_solution
IMG_0073,38082.jpg,3,BDA-EHHO-VC-Calibrated,15,131,2,E4_singleobjective_attained_solution
IMG_0073,38082.jpg,3,EHHO-VC,2,8,2,E4_singleobjective_attained_solution
IMG_0073,38082.jpg,3,MO-BDA-EHHO-VC,64,11,31,E4_MO_equal_weight_compromise
IMG_0073,38082.jpg,4,BEHHO-VC-Calibrated,13,7,74,E4_singleobjective_attained_solution
IMG_0073,38082.jpg,4,HHO-VC,3,15,7,E4_singleobjective_attained_solution
IMG_0073,38082.jpg,4,EHHO-VC,3,15,10,E4_singleobjective_attained_solution
IMG_0073,38082.jpg,4,BDA-EHHO-VC-Calibrated,2,233,182,E4_singleobjective_attained_solution
IMG_0073,38082.jpg,4,MO-BDA-EHHO-VC,65,154,34,E4_MO_equal_weight_compromise
IMG_0073,38082.jpg,5,HHO-VC,83,218,146,E4_singleobjective_attained_solution
IMG_0073,38082.jpg,5,BEHHO-VC-Calibrated,2,2,144,E4_singleobjective_attained_solution
IMG_0073,38082.jpg,5,BDA-EHHO-VC-Calibrated,2,253,227,E4_singleobjective_attained_solution
IMG_0073,38082.jpg,5,EHHO-VC,2,2,7,E4_singleobjective_attained_solution
IMG_0073,38082.jpg,5,MO-BDA-EHHO-VC,158,20,26,E4_MO_equal_weight_compromise
IMG_0074,38092.jpg,1,BDA-EHHO-VC-Calibrated,70,75,62,E4_singleobjective_attained_solution
IMG_0074,38092.jpg,1,EHHO-VC,119,8,62,E4_singleobjective_attained_solution
IMG_0074,38092.jpg,1,BEHHO-VC-Calibrated,18,75,71,E4_singleobjective_attained_solution
IMG_0074,38092.jpg,1,HHO-VC,120,8,62,E4_singleobjective_attained_solution
IMG_0074,38092.jpg,1,MO-BDA-EHHO-VC,17,19,32,E4_MO_equal_weight_compromise
IMG_0074,38092.jpg,2,BEHHO-VC-Calibrated,98,8,22,E4_singleobjective_attained_solution
IMG_0074,38092.jpg,2,HHO-VC,255,193,22,E4_singleobjective_attained_solution
IMG_0074,38092.jpg,2,EHHO-VC,255,196,22,E4_singleobjective_attained_solution
IMG_0074,38092.jpg,2,BDA-EHHO-VC-Calibrated,246,186,21,E4_singleobjective_attained_solution
IMG_0074,38092.jpg,2,MO-BDA-EHHO-VC,48,34,16,E4_MO_equal_weight_compromise
IMG_0074,38092.jpg,3,BEHHO-VC-Calibrated,52,86,151,E4_singleobjective_attained_solution
IMG_0074,38092.jpg,3,EHHO-VC,214,41,149,E4_singleobjective_attained_solution
IMG_0074,38092.jpg,3,HHO-VC,74,2,47,E4_singleobjective_attained_solution
IMG_0074,38092.jpg,3,BDA-EHHO-VC-Calibrated,185,41,158,E4_singleobjective_attained_solution
IMG_0074,38092.jpg,3,MO-BDA-EHHO-VC,15,34,18,E4_MO_equal_weight_compromise
IMG_0074,38092.jpg,4,BEHHO-VC-Calibrated,8,208,2,E4_singleobjective_attained_solution
IMG_0074,38092.jpg,4,EHHO-VC,2,3,2,E4_singleobjective_attained_solution
IMG_0074,38092.jpg,4,BDA-EHHO-VC-Calibrated,7,167,95,E4_singleobjective_attained_solution
IMG_0074,38092.jpg,4,HHO-VC,2,3,2,E4_singleobjective_attained_solution
IMG_0074,38092.jpg,4,MO-BDA-EHHO-VC,16,16,26,E4_MO_equal_weight_compromise
IMG_0074,38092.jpg,5,BDA-EHHO-VC-Calibrated,237,252,255,E4_singleobjective_attained_solution
IMG_0074,38092.jpg,5,HHO-VC,255,251,255,E4_singleobjective_attained_solution
IMG_0074,38092.jpg,5,EHHO-VC,255,221,255,E4_singleobjective_attained_solution
IMG_0074,38092.jpg,5,BEHHO-VC-Calibrated,255,247,251,E4_singleobjective_attained_solution
IMG_0074,38092.jpg,5,MO-BDA-EHHO-VC,16,5,44,E4_MO_equal_weight_compromise
IMG_0075,385039.jpg,1,HHO-VC,2,2,2,E4_singleobjective_attained_solution
IMG_0075,385039.jpg,1,BDA-EHHO-VC-Calibrated,127,47,2,E4_singleobjective_attained_solution
IMG_0075,385039.jpg,1,EHHO-VC,2,2,2,E4_singleobjective_attained_solution
IMG_0075,385039.jpg,1,BEHHO-VC-Calibrated,2,2,2,E4_singleobjective_attained_solution
IMG_0075,385039.jpg,1,MO-BDA-EHHO-VC,34,5,32,E4_MO_equal_weight_compromise
IMG_0075,385039.jpg,2,HHO-VC,30,248,226,E4_singleobjective_attained_solution
IMG_0075,385039.jpg,2,BEHHO-VC-Calibrated,251,255,249,E4_singleobjective_attained_solution
IMG_0075,385039.jpg,2,BDA-EHHO-VC-Calibrated,235,223,247,E4_singleobjective_attained_solution
IMG_0075,385039.jpg,2,EHHO-VC,30,255,249,E4_singleobjective_attained_solution
IMG_0075,385039.jpg,2,MO-BDA-EHHO-VC,130,3,8,E4_MO_equal_weight_compromise
IMG_0075,385039.jpg,3,BDA-EHHO-VC-Calibrated,25,15,173,E4_singleobjective_attained_solution
IMG_0075,385039.jpg,3,BEHHO-VC-Calibrated,2,8,156,E4_singleobjective_attained_solution
IMG_0075,385039.jpg,3,EHHO-VC,2,2,184,E4_singleobjective_attained_solution
IMG_0075,385039.jpg,3,HHO-VC,2,32,184,E4_singleobjective_attained_solution
IMG_0075,385039.jpg,3,MO-BDA-EHHO-VC,16,8,2,E4_MO_equal_weight_compromise
IMG_0075,385039.jpg,4,BEHHO-VC-Calibrated,106,4,253,E4_singleobjective_attained_solution
IMG_0075,385039.jpg,4,BDA-EHHO-VC-Calibrated,93,115,237,E4_singleobjective_attained_solution
IMG_0075,385039.jpg,4,EHHO-VC,88,7,73,E4_singleobjective_attained_solution
IMG_0075,385039.jpg,4,HHO-VC,89,7,73,E4_singleobjective_attained_solution
IMG_0075,385039.jpg,4,MO-BDA-EHHO-VC,4,45,23,E4_MO_equal_weight_compromise
IMG_0075,385039.jpg,5,EHHO-VC,78,38,2,E4_singleobjective_attained_solution
IMG_0075,385039.jpg,5,BEHHO-VC-Calibrated,116,19,2,E4_singleobjective_attained_solution
IMG_0075,385039.jpg,5,HHO-VC,19,3,2,E4_singleobjective_attained_solution
IMG_0075,385039.jpg,5,BDA-EHHO-VC-Calibrated,76,77,2,E4_singleobjective_attained_solution
IMG_0075,385039.jpg,5,MO-BDA-EHHO-VC,42,29,46,E4_MO_equal_weight_compromise
IMG_0076,41033.jpg,1,EHHO-VC,132,104,13,E4_singleobjective_attained_solution
IMG_0076,41033.jpg,1,BEHHO-VC-Calibrated,246,2,15,E4_singleobjective_attained_solution
IMG_0076,41033.jpg,1,BDA-EHHO-VC-Calibrated,144,2,32,E4_singleobjective_attained_solution
IMG_0076,41033.jpg,1,HHO-VC,136,108,13,E4_singleobjective_attained_solution
IMG_0076,41033.jpg,1,MO-BDA-EHHO-VC,4,11,4,E4_MO_equal_weight_compromise
IMG_0076,41033.jpg,2,BEHHO-VC-Calibrated,4,150,16,E4_singleobjective_attained_solution
IMG_0076,41033.jpg,2,BDA-EHHO-VC-Calibrated,233,151,4,E4_singleobjective_attained_solution
IMG_0076,41033.jpg,2,HHO-VC,58,157,179,E4_singleobjective_attained_solution
IMG_0076,41033.jpg,2,EHHO-VC,51,157,180,E4_singleobjective_attained_solution
IMG_0076,41033.jpg,2,MO-BDA-EHHO-VC,31,12,32,E4_MO_equal_weight_compromise
IMG_0076,41033.jpg,3,BEHHO-VC-Calibrated,16,5,2,E4_singleobjective_attained_solution
IMG_0076,41033.jpg,3,HHO-VC,14,2,2,E4_singleobjective_attained_solution
IMG_0076,41033.jpg,3,EHHO-VC,14,2,2,E4_singleobjective_attained_solution
IMG_0076,41033.jpg,3,BDA-EHHO-VC-Calibrated,206,3,2,E4_singleobjective_attained_solution
IMG_0076,41033.jpg,3,MO-BDA-EHHO-VC,6,36,8,E4_MO_equal_weight_compromise
IMG_0076,41033.jpg,4,EHHO-VC,2,2,2,E4_singleobjective_attained_solution
IMG_0076,41033.jpg,4,HHO-VC,2,2,2,E4_singleobjective_attained_solution
IMG_0076,41033.jpg,4,BDA-EHHO-VC-Calibrated,4,2,170,E4_singleobjective_attained_solution
IMG_0076,41033.jpg,4,BEHHO-VC-Calibrated,4,32,2,E4_singleobjective_attained_solution
IMG_0076,41033.jpg,4,MO-BDA-EHHO-VC,16,16,10,E4_MO_equal_weight_compromise
IMG_0076,41033.jpg,5,HHO-VC,83,3,11,E4_singleobjective_attained_solution
IMG_0076,41033.jpg,5,BEHHO-VC-Calibrated,36,2,2,E4_singleobjective_attained_solution
IMG_0076,41033.jpg,5,EHHO-VC,39,3,4,E4_singleobjective_attained_solution
IMG_0076,41033.jpg,5,BDA-EHHO-VC-Calibrated,225,3,14,E4_singleobjective_attained_solution
IMG_0076,41033.jpg,5,MO-BDA-EHHO-VC,13,16,32,E4_MO_equal_weight_compromise
IMG_0077,41069.jpg,1,HHO-VC,2,3,2,E4_singleobjective_attained_solution
IMG_0077,41069.jpg,1,BDA-EHHO-VC-Calibrated,2,2,23,E4_singleobjective_attained_solution
IMG_0077,41069.jpg,1,BEHHO-VC-Calibrated,2,2,10,E4_singleobjective_attained_solution
IMG_0077,41069.jpg,1,EHHO-VC,2,2,2,E4_singleobjective_attained_solution
IMG_0077,41069.jpg,1,MO-BDA-EHHO-VC,39,26,208,E4_MO_equal_weight_compromise
IMG_0077,41069.jpg,2,BEHHO-VC-Calibrated,2,2,32,E4_singleobjective_attained_solution
IMG_0077,41069.jpg,2,HHO-VC,2,2,13,E4_singleobjective_attained_solution
IMG_0077,41069.jpg,2,EHHO-VC,70,2,49,E4_singleobjective_attained_solution
IMG_0077,41069.jpg,2,BDA-EHHO-VC-Calibrated,2,63,50,E4_singleobjective_attained_solution
IMG_0077,41069.jpg,2,MO-BDA-EHHO-VC,18,32,193,E4_MO_equal_weight_compromise
IMG_0077,41069.jpg,3,HHO-VC,3,254,3,E4_singleobjective_attained_solution
IMG_0077,41069.jpg,3,BDA-EHHO-VC-Calibrated,3,250,20,E4_singleobjective_attained_solution
IMG_0077,41069.jpg,3,BEHHO-VC-Calibrated,2,34,20,E4_singleobjective_attained_solution
IMG_0077,41069.jpg,3,EHHO-VC,3,255,2,E4_singleobjective_attained_solution
IMG_0077,41069.jpg,3,MO-BDA-EHHO-VC,23,45,44,E4_MO_equal_weight_compromise
IMG_0077,41069.jpg,4,BEHHO-VC-Calibrated,2,53,12,E4_singleobjective_attained_solution
IMG_0077,41069.jpg,4,BDA-EHHO-VC-Calibrated,2,221,84,E4_singleobjective_attained_solution
IMG_0077,41069.jpg,4,HHO-VC,2,36,58,E4_singleobjective_attained_solution
IMG_0077,41069.jpg,4,EHHO-VC,2,36,60,E4_singleobjective_attained_solution
IMG_0077,41069.jpg,4,MO-BDA-EHHO-VC,58,26,14,E4_MO_equal_weight_compromise
IMG_0077,41069.jpg,5,BEHHO-VC-Calibrated,2,8,144,E4_singleobjective_attained_solution
IMG_0077,41069.jpg,5,BDA-EHHO-VC-Calibrated,2,243,40,E4_singleobjective_attained_solution
IMG_0077,41069.jpg,5,EHHO-VC,3,8,35,E4_singleobjective_attained_solution
IMG_0077,41069.jpg,5,HHO-VC,3,8,35,E4_singleobjective_attained_solution
IMG_0077,41069.jpg,5,MO-BDA-EHHO-VC,13,50,80,E4_MO_equal_weight_compromise
IMG_0078,42012.jpg,1,EHHO-VC,8,100,187,E4_singleobjective_attained_solution
IMG_0078,42012.jpg,1,BEHHO-VC-Calibrated,8,166,196,E4_singleobjective_attained_solution
IMG_0078,42012.jpg,1,BDA-EHHO-VC-Calibrated,226,249,187,E4_singleobjective_attained_solution
IMG_0078,42012.jpg,1,HHO-VC,8,91,171,E4_singleobjective_attained_solution
IMG_0078,42012.jpg,1,MO-BDA-EHHO-VC,17,13,9,E4_MO_equal_weight_compromise
IMG_0078,42012.jpg,2,BEHHO-VC-Calibrated,255,251,255,E4_singleobjective_attained_solution
IMG_0078,42012.jpg,2,BDA-EHHO-VC-Calibrated,121,255,255,E4_singleobjective_attained_solution
IMG_0078,42012.jpg,2,HHO-VC,255,255,255,E4_singleobjective_attained_solution
IMG_0078,42012.jpg,2,EHHO-VC,139,255,255,E4_singleobjective_attained_solution
IMG_0078,42012.jpg,2,MO-BDA-EHHO-VC,25,62,14,E4_MO_equal_weight_compromise
IMG_0078,42012.jpg,3,HHO-VC,10,3,7,E4_singleobjective_attained_solution
IMG_0078,42012.jpg,3,EHHO-VC,237,3,135,E4_singleobjective_attained_solution
IMG_0078,42012.jpg,3,BDA-EHHO-VC-Calibrated,64,8,37,E4_singleobjective_attained_solution
IMG_0078,42012.jpg,3,BEHHO-VC-Calibrated,219,10,7,E4_singleobjective_attained_solution
IMG_0078,42012.jpg,3,MO-BDA-EHHO-VC,20,5,32,E4_MO_equal_weight_compromise
IMG_0078,42012.jpg,4,EHHO-VC,2,2,232,E4_singleobjective_attained_solution
IMG_0078,42012.jpg,4,BEHHO-VC-Calibrated,20,2,2,E4_singleobjective_attained_solution
IMG_0078,42012.jpg,4,HHO-VC,2,2,232,E4_singleobjective_attained_solution
IMG_0078,42012.jpg,4,BDA-EHHO-VC-Calibrated,28,2,233,E4_singleobjective_attained_solution
IMG_0078,42012.jpg,4,MO-BDA-EHHO-VC,19,2,45,E4_MO_equal_weight_compromise
IMG_0078,42012.jpg,5,BDA-EHHO-VC-Calibrated,37,4,16,E4_singleobjective_attained_solution
IMG_0078,42012.jpg,5,EHHO-VC,126,227,16,E4_singleobjective_attained_solution
IMG_0078,42012.jpg,5,HHO-VC,122,220,16,E4_singleobjective_attained_solution
IMG_0078,42012.jpg,5,BEHHO-VC-Calibrated,16,160,16,E4_singleobjective_attained_solution
IMG_0078,42012.jpg,5,MO-BDA-EHHO-VC,70,18,7,E4_MO_equal_weight_compromise
IMG_0079,42049.jpg,1,BDA-EHHO-VC-Calibrated,48,2,16,E4_singleobjective_attained_solution
IMG_0079,42049.jpg,1,EHHO-VC,56,231,173,E4_singleobjective_attained_solution
IMG_0079,42049.jpg,1,BEHHO-VC-Calibrated,48,228,58,E4_singleobjective_attained_solution
IMG_0079,42049.jpg,1,HHO-VC,51,202,154,E4_singleobjective_attained_solution
IMG_0079,42049.jpg,1,MO-BDA-EHHO-VC,2,12,18,E4_MO_equal_weight_compromise
IMG_0079,42049.jpg,2,BDA-EHHO-VC-Calibrated,73,3,237,E4_singleobjective_attained_solution
IMG_0079,42049.jpg,2,BEHHO-VC-Calibrated,160,3,105,E4_singleobjective_attained_solution
IMG_0079,42049.jpg,2,HHO-VC,3,3,114,E4_singleobjective_attained_solution
IMG_0079,42049.jpg,2,EHHO-VC,2,3,103,E4_singleobjective_attained_solution
IMG_0079,42049.jpg,2,MO-BDA-EHHO-VC,4,21,8,E4_MO_equal_weight_compromise
IMG_0079,42049.jpg,3,HHO-VC,66,7,19,E4_singleobjective_attained_solution
IMG_0079,42049.jpg,3,BDA-EHHO-VC-Calibrated,107,7,5,E4_singleobjective_attained_solution
IMG_0079,42049.jpg,3,BEHHO-VC-Calibrated,132,4,12,E4_singleobjective_attained_solution
IMG_0079,42049.jpg,3,EHHO-VC,125,7,7,E4_singleobjective_attained_solution
IMG_0079,42049.jpg,3,MO-BDA-EHHO-VC,10,16,19,E4_MO_equal_weight_compromise
IMG_0079,42049.jpg,4,HHO-VC,2,5,2,E4_singleobjective_attained_solution
IMG_0079,42049.jpg,4,EHHO-VC,3,5,3,E4_singleobjective_attained_solution
IMG_0079,42049.jpg,4,BEHHO-VC-Calibrated,108,5,12,E4_singleobjective_attained_solution
IMG_0079,42049.jpg,4,BDA-EHHO-VC-Calibrated,89,5,174,E4_singleobjective_attained_solution
IMG_0079,42049.jpg,4,MO-BDA-EHHO-VC,39,6,18,E4_MO_equal_weight_compromise
IMG_0079,42049.jpg,5,HHO-VC,92,2,92,E4_singleobjective_attained_solution
IMG_0079,42049.jpg,5,EHHO-VC,255,160,255,E4_singleobjective_attained_solution
IMG_0079,42049.jpg,5,BDA-EHHO-VC-Calibrated,196,159,14,E4_singleobjective_attained_solution
IMG_0079,42049.jpg,5,BEHHO-VC-Calibrated,135,10,36,E4_singleobjective_attained_solution
IMG_0079,42049.jpg,5,MO-BDA-EHHO-VC,23,2,10,E4_MO_equal_weight_compromise
IMG_0080,43074.jpg,1,BDA-EHHO-VC-Calibrated,88,139,80,E4_singleobjective_attained_solution
IMG_0080,43074.jpg,1,HHO-VC,9,167,248,E4_singleobjective_attained_solution
IMG_0080,43074.jpg,1,BEHHO-VC-Calibrated,57,119,239,E4_singleobjective_attained_solution
IMG_0080,43074.jpg,1,EHHO-VC,9,165,234,E4_singleobjective_attained_solution
IMG_0080,43074.jpg,1,MO-BDA-EHHO-VC,6,2,20,E4_MO_equal_weight_compromise
IMG_0080,43074.jpg,2,BEHHO-VC-Calibrated,191,119,189,E4_singleobjective_attained_solution
IMG_0080,43074.jpg,2,BDA-EHHO-VC-Calibrated,157,10,192,E4_singleobjective_attained_solution
IMG_0080,43074.jpg,2,HHO-VC,135,3,199,E4_singleobjective_attained_solution
IMG_0080,43074.jpg,2,EHHO-VC,158,3,246,E4_singleobjective_attained_solution
IMG_0080,43074.jpg,2,MO-BDA-EHHO-VC,77,45,19,E4_MO_equal_weight_compromise
IMG_0080,43074.jpg,3,HHO-VC,46,3,182,E4_singleobjective_attained_solution
IMG_0080,43074.jpg,3,BDA-EHHO-VC-Calibrated,50,63,17,E4_singleobjective_attained_solution
IMG_0080,43074.jpg,3,BEHHO-VC-Calibrated,64,16,17,E4_singleobjective_attained_solution
IMG_0080,43074.jpg,3,EHHO-VC,46,3,182,E4_singleobjective_attained_solution
IMG_0080,43074.jpg,3,MO-BDA-EHHO-VC,129,27,4,E4_MO_equal_weight_compromise
IMG_0080,43074.jpg,4,BDA-EHHO-VC-Calibrated,235,197,154,E4_singleobjective_attained_solution
IMG_0080,43074.jpg,4,EHHO-VC,166,159,138,E4_singleobjective_attained_solution
IMG_0080,43074.jpg,4,HHO-VC,186,178,154,E4_singleobjective_attained_solution
IMG_0080,43074.jpg,4,BEHHO-VC-Calibrated,216,243,188,E4_singleobjective_attained_solution
IMG_0080,43074.jpg,4,MO-BDA-EHHO-VC,32,8,17,E4_MO_equal_weight_compromise
IMG_0080,43074.jpg,5,BEHHO-VC-Calibrated,223,237,18,E4_singleobjective_attained_solution
IMG_0080,43074.jpg,5,EHHO-VC,211,4,4,E4_singleobjective_attained_solution
IMG_0080,43074.jpg,5,HHO-VC,210,10,13,E4_singleobjective_attained_solution
IMG_0080,43074.jpg,5,BDA-EHHO-VC-Calibrated,209,237,47,E4_singleobjective_attained_solution
IMG_0080,43074.jpg,5,MO-BDA-EHHO-VC,69,166,20,E4_MO_equal_weight_compromise
IMG_0081,45096.jpg,1,BDA-EHHO-VC-Calibrated,35,11,43,E4_singleobjective_attained_solution
IMG_0081,45096.jpg,1,HHO-VC,7,247,247,E4_singleobjective_attained_solution
IMG_0081,45096.jpg,1,BEHHO-VC-Calibrated,58,251,248,E4_singleobjective_attained_solution
IMG_0081,45096.jpg,1,EHHO-VC,7,247,247,E4_singleobjective_attained_solution
IMG_0081,45096.jpg,1,MO-BDA-EHHO-VC,7,2,2,E4_MO_equal_weight_compromise
IMG_0081,45096.jpg,2,BDA-EHHO-VC-Calibrated,105,152,11,E4_singleobjective_attained_solution
IMG_0081,45096.jpg,2,BEHHO-VC-Calibrated,2,4,4,E4_singleobjective_attained_solution
IMG_0081,45096.jpg,2,HHO-VC,3,150,131,E4_singleobjective_attained_solution
IMG_0081,45096.jpg,2,EHHO-VC,3,7,4,E4_singleobjective_attained_solution
IMG_0081,45096.jpg,2,MO-BDA-EHHO-VC,105,36,31,E4_MO_equal_weight_compromise
IMG_0081,45096.jpg,3,EHHO-VC,45,215,159,E4_singleobjective_attained_solution
IMG_0081,45096.jpg,3,HHO-VC,45,179,141,E4_singleobjective_attained_solution
IMG_0081,45096.jpg,3,BEHHO-VC-Calibrated,4,153,139,E4_singleobjective_attained_solution
IMG_0081,45096.jpg,3,BDA-EHHO-VC-Calibrated,46,187,138,E4_singleobjective_attained_solution
IMG_0081,45096.jpg,3,MO-BDA-EHHO-VC,3,210,7,E4_MO_equal_weight_compromise
IMG_0081,45096.jpg,4,BDA-EHHO-VC-Calibrated,27,124,254,E4_singleobjective_attained_solution
IMG_0081,45096.jpg,4,EHHO-VC,6,60,250,E4_singleobjective_attained_solution
IMG_0081,45096.jpg,4,HHO-VC,6,20,83,E4_singleobjective_attained_solution
IMG_0081,45096.jpg,4,BEHHO-VC-Calibrated,28,26,253,E4_singleobjective_attained_solution
IMG_0081,45096.jpg,4,MO-BDA-EHHO-VC,8,64,2,E4_MO_equal_weight_compromise
IMG_0081,45096.jpg,5,HHO-VC,80,24,109,E4_singleobjective_attained_solution
IMG_0081,45096.jpg,5,BDA-EHHO-VC-Calibrated,87,28,23,E4_singleobjective_attained_solution
IMG_0081,45096.jpg,5,EHHO-VC,80,29,118,E4_singleobjective_attained_solution
IMG_0081,45096.jpg,5,BEHHO-VC-Calibrated,5,29,24,E4_singleobjective_attained_solution
IMG_0081,45096.jpg,5,MO-BDA-EHHO-VC,2,8,2,E4_MO_equal_weight_compromise
IMG_0082,54082.jpg,1,HHO-VC,24,27,13,E4_singleobjective_attained_solution
IMG_0082,54082.jpg,1,EHHO-VC,57,70,13,E4_singleobjective_attained_solution
IMG_0082,54082.jpg,1,BEHHO-VC-Calibrated,237,6,97,E4_singleobjective_attained_solution
IMG_0082,54082.jpg,1,BDA-EHHO-VC-Calibrated,4,10,82,E4_singleobjective_attained_solution
IMG_0082,54082.jpg,1,MO-BDA-EHHO-VC,49,13,6,E4_MO_equal_weight_compromise
IMG_0082,54082.jpg,2,HHO-VC,2,2,2,E4_singleobjective_attained_solution
IMG_0082,54082.jpg,2,BEHHO-VC-Calibrated,2,64,2,E4_singleobjective_attained_solution
IMG_0082,54082.jpg,2,EHHO-VC,2,2,2,E4_singleobjective_attained_solution
IMG_0082,54082.jpg,2,BDA-EHHO-VC-Calibrated,32,101,2,E4_singleobjective_attained_solution
IMG_0082,54082.jpg,2,MO-BDA-EHHO-VC,132,3,49,E4_MO_equal_weight_compromise
IMG_0082,54082.jpg,3,BDA-EHHO-VC-Calibrated,176,3,177,E4_singleobjective_attained_solution
IMG_0082,54082.jpg,3,BEHHO-VC-Calibrated,2,3,2,E4_singleobjective_attained_solution
IMG_0082,54082.jpg,3,EHHO-VC,3,3,2,E4_singleobjective_attained_solution
IMG_0082,54082.jpg,3,HHO-VC,3,3,3,E4_singleobjective_attained_solution
IMG_0082,54082.jpg,3,MO-BDA-EHHO-VC,79,60,109,E4_MO_equal_weight_compromise
IMG_0082,54082.jpg,4,BEHHO-VC-Calibrated,16,184,35,E4_singleobjective_attained_solution
IMG_0082,54082.jpg,4,HHO-VC,6,5,48,E4_singleobjective_attained_solution
IMG_0082,54082.jpg,4,EHHO-VC,5,8,48,E4_singleobjective_attained_solution
IMG_0082,54082.jpg,4,BDA-EHHO-VC-Calibrated,6,184,80,E4_singleobjective_attained_solution
IMG_0082,54082.jpg,4,MO-BDA-EHHO-VC,18,16,20,E4_MO_equal_weight_compromise
IMG_0082,54082.jpg,5,EHHO-VC,2,4,4,E4_singleobjective_attained_solution
IMG_0082,54082.jpg,5,HHO-VC,2,4,4,E4_singleobjective_attained_solution
IMG_0082,54082.jpg,5,BDA-EHHO-VC-Calibrated,2,22,212,E4_singleobjective_attained_solution
IMG_0082,54082.jpg,5,BEHHO-VC-Calibrated,2,88,4,E4_singleobjective_attained_solution
IMG_0082,54082.jpg,5,MO-BDA-EHHO-VC,4,2,16,E4_MO_equal_weight_compromise
IMG_0083,55073.jpg,1,BEHHO-VC-Calibrated,169,121,20,E4_singleobjective_attained_solution
IMG_0083,55073.jpg,1,HHO-VC,230,255,20,E4_singleobjective_attained_solution
IMG_0083,55073.jpg,1,EHHO-VC,203,227,20,E4_singleobjective_attained_solution
IMG_0083,55073.jpg,1,BDA-EHHO-VC-Calibrated,12,105,14,E4_singleobjective_attained_solution
IMG_0083,55073.jpg,1,MO-BDA-EHHO-VC,13,104,24,E4_MO_equal_weight_compromise
IMG_0083,55073.jpg,2,BDA-EHHO-VC-Calibrated,26,201,191,E4_singleobjective_attained_solution
IMG_0083,55073.jpg,2,BEHHO-VC-Calibrated,119,4,231,E4_singleobjective_attained_solution
IMG_0083,55073.jpg,2,HHO-VC,39,193,220,E4_singleobjective_attained_solution
IMG_0083,55073.jpg,2,EHHO-VC,39,193,221,E4_singleobjective_attained_solution
IMG_0083,55073.jpg,2,MO-BDA-EHHO-VC,8,2,7,E4_MO_equal_weight_compromise
IMG_0083,55073.jpg,3,HHO-VC,2,34,22,E4_singleobjective_attained_solution
IMG_0083,55073.jpg,3,BEHHO-VC-Calibrated,2,192,8,E4_singleobjective_attained_solution
IMG_0083,55073.jpg,3,EHHO-VC,2,175,182,E4_singleobjective_attained_solution
IMG_0083,55073.jpg,3,BDA-EHHO-VC-Calibrated,2,216,127,E4_singleobjective_attained_solution
IMG_0083,55073.jpg,3,MO-BDA-EHHO-VC,8,2,2,E4_MO_equal_weight_compromise
IMG_0083,55073.jpg,4,HHO-VC,2,2,2,E4_singleobjective_attained_solution
IMG_0083,55073.jpg,4,BDA-EHHO-VC-Calibrated,120,99,2,E4_singleobjective_attained_solution
IMG_0083,55073.jpg,4,BEHHO-VC-Calibrated,8,40,2,E4_singleobjective_attained_solution
IMG_0083,55073.jpg,4,EHHO-VC,5,3,2,E4_singleobjective_attained_solution
IMG_0083,55073.jpg,4,MO-BDA-EHHO-VC,63,54,6,E4_MO_equal_weight_compromise
IMG_0083,55073.jpg,5,HHO-VC,62,17,25,E4_singleobjective_attained_solution
IMG_0083,55073.jpg,5,BDA-EHHO-VC-Calibrated,168,149,26,E4_singleobjective_attained_solution
IMG_0083,55073.jpg,5,EHHO-VC,78,59,76,E4_singleobjective_attained_solution
IMG_0083,55073.jpg,5,BEHHO-VC-Calibrated,112,115,25,E4_singleobjective_attained_solution
IMG_0083,55073.jpg,5,MO-BDA-EHHO-VC,3,8,16,E4_MO_equal_weight_compromise
IMG_0084,58060.jpg,1,EHHO-VC,145,80,12,E4_singleobjective_attained_solution
IMG_0084,58060.jpg,1,BDA-EHHO-VC-Calibrated,144,49,11,E4_singleobjective_attained_solution
IMG_0084,58060.jpg,1,HHO-VC,140,79,12,E4_singleobjective_attained_solution
IMG_0084,58060.jpg,1,BEHHO-VC-Calibrated,4,212,29,E4_singleobjective_attained_solution
IMG_0084,58060.jpg,1,MO-BDA-EHHO-VC,70,4,15,E4_MO_equal_weight_compromise
IMG_0084,58060.jpg,2,BEHHO-VC-Calibrated,2,64,4,E4_singleobjective_attained_solution
IMG_0084,58060.jpg,2,BDA-EHHO-VC-Calibrated,26,208,215,E4_singleobjective_attained_solution
IMG_0084,58060.jpg,2,HHO-VC,205,221,4,E4_singleobjective_attained_solution
IMG_0084,58060.jpg,2,EHHO-VC,29,29,4,E4_singleobjective_attained_solution
IMG_0084,58060.jpg,2,MO-BDA-EHHO-VC,57,20,10,E4_MO_equal_weight_compromise
IMG_0084,58060.jpg,3,HHO-VC,12,3,3,E4_singleobjective_attained_solution
IMG_0084,58060.jpg,3,BDA-EHHO-VC-Calibrated,19,252,6,E4_singleobjective_attained_solution
IMG_0084,58060.jpg,3,BEHHO-VC-Calibrated,24,192,4,E4_singleobjective_attained_solution
IMG_0084,58060.jpg,3,EHHO-VC,12,2,2,E4_singleobjective_attained_solution
IMG_0084,58060.jpg,3,MO-BDA-EHHO-VC,32,11,2,E4_MO_equal_weight_compromise
IMG_0084,58060.jpg,4,HHO-VC,114,215,97,E4_singleobjective_attained_solution
IMG_0084,58060.jpg,4,BDA-EHHO-VC-Calibrated,156,74,96,E4_singleobjective_attained_solution
IMG_0084,58060.jpg,4,BEHHO-VC-Calibrated,230,4,84,E4_singleobjective_attained_solution
IMG_0084,58060.jpg,4,EHHO-VC,114,215,97,E4_singleobjective_attained_solution
IMG_0084,58060.jpg,4,MO-BDA-EHHO-VC,30,10,2,E4_MO_equal_weight_compromise
IMG_0084,58060.jpg,5,EHHO-VC,34,48,9,E4_singleobjective_attained_solution
IMG_0084,58060.jpg,5,HHO-VC,130,188,35,E4_singleobjective_attained_solution
IMG_0084,58060.jpg,5,BDA-EHHO-VC-Calibrated,46,103,31,E4_singleobjective_attained_solution
IMG_0084,58060.jpg,5,BEHHO-VC-Calibrated,70,8,32,E4_singleobjective_attained_solution
IMG_0084,58060.jpg,5,MO-BDA-EHHO-VC,18,2,48,E4_MO_equal_weight_compromise
IMG_0085,62096.jpg,1,BEHHO-VC-Calibrated,73,246,84,E4_singleobjective_attained_solution
IMG_0085,62096.jpg,1,EHHO-VC,26,253,50,E4_singleobjective_attained_solution
IMG_0085,62096.jpg,1,HHO-VC,26,242,50,E4_singleobjective_attained_solution
IMG_0085,62096.jpg,1,BDA-EHHO-VC-Calibrated,26,248,36,E4_singleobjective_attained_solution
IMG_0085,62096.jpg,1,MO-BDA-EHHO-VC,38,20,54,E4_MO_equal_weight_compromise
IMG_0085,62096.jpg,2,EHHO-VC,7,10,14,E4_singleobjective_attained_solution
IMG_0085,62096.jpg,2,BDA-EHHO-VC-Calibrated,2,24,7,E4_singleobjective_attained_solution
IMG_0085,62096.jpg,2,HHO-VC,3,3,8,E4_singleobjective_attained_solution
IMG_0085,62096.jpg,2,BEHHO-VC-Calibrated,2,32,8,E4_singleobjective_attained_solution
IMG_0085,62096.jpg,2,MO-BDA-EHHO-VC,21,65,86,E4_MO_equal_weight_compromise
IMG_0085,62096.jpg,3,HHO-VC,54,9,27,E4_singleobjective_attained_solution
IMG_0085,62096.jpg,3,BDA-EHHO-VC-Calibrated,154,53,27,E4_singleobjective_attained_solution
IMG_0085,62096.jpg,3,EHHO-VC,56,9,27,E4_singleobjective_attained_solution
IMG_0085,62096.jpg,3,BEHHO-VC-Calibrated,200,9,65,E4_singleobjective_attained_solution
IMG_0085,62096.jpg,3,MO-BDA-EHHO-VC,8,14,43,E4_MO_equal_weight_compromise
IMG_0085,62096.jpg,4,EHHO-VC,187,8,240,E4_singleobjective_attained_solution
IMG_0085,62096.jpg,4,HHO-VC,194,11,240,E4_singleobjective_attained_solution
IMG_0085,62096.jpg,4,BEHHO-VC-Calibrated,176,21,28,E4_singleobjective_attained_solution
IMG_0085,62096.jpg,4,BDA-EHHO-VC-Calibrated,151,8,188,E4_singleobjective_attained_solution
IMG_0085,62096.jpg,4,MO-BDA-EHHO-VC,14,28,10,E4_MO_equal_weight_compromise
IMG_0085,62096.jpg,5,BDA-EHHO-VC-Calibrated,13,43,201,E4_singleobjective_attained_solution
IMG_0085,62096.jpg,5,HHO-VC,179,54,241,E4_singleobjective_attained_solution
IMG_0085,62096.jpg,5,EHHO-VC,167,48,218,E4_singleobjective_attained_solution
IMG_0085,62096.jpg,5,BEHHO-VC-Calibrated,20,7,4,E4_singleobjective_attained_solution
IMG_0085,62096.jpg,5,MO-BDA-EHHO-VC,171,6,9,E4_MO_equal_weight_compromise
IMG_0086,65033.jpg,1,EHHO-VC,81,172,197,E4_singleobjective_attained_solution
IMG_0086,65033.jpg,1,BDA-EHHO-VC-Calibrated,12,2,37,E4_singleobjective_attained_solution
IMG_0086,65033.jpg,1,HHO-VC,3,27,43,E4_singleobjective_attained_solution
IMG_0086,65033.jpg,1,BEHHO-VC-Calibrated,72,2,5,E4_singleobjective_attained_solution
IMG_0086,65033.jpg,1,MO-BDA-EHHO-VC,33,58,33,E4_MO_equal_weight_compromise
IMG_0086,65033.jpg,2,HHO-VC,176,226,203,E4_singleobjective_attained_solution
IMG_0086,65033.jpg,2,BEHHO-VC-Calibrated,181,253,154,E4_singleobjective_attained_solution
IMG_0086,65033.jpg,2,BDA-EHHO-VC-Calibrated,4,2,5,E4_singleobjective_attained_solution
IMG_0086,65033.jpg,2,EHHO-VC,176,226,203,E4_singleobjective_attained_solution
IMG_0086,65033.jpg,2,MO-BDA-EHHO-VC,24,32,20,E4_MO_equal_weight_compromise
IMG_0086,65033.jpg,3,EHHO-VC,8,2,2,E4_singleobjective_attained_solution
IMG_0086,65033.jpg,3,HHO-VC,8,3,2,E4_singleobjective_attained_solution
IMG_0086,65033.jpg,3,BDA-EHHO-VC-Calibrated,23,34,2,E4_singleobjective_attained_solution
IMG_0086,65033.jpg,3,BEHHO-VC-Calibrated,5,96,2,E4_singleobjective_attained_solution
IMG_0086,65033.jpg,3,MO-BDA-EHHO-VC,96,34,17,E4_MO_equal_weight_compromise
IMG_0086,65033.jpg,4,HHO-VC,72,102,3,E4_singleobjective_attained_solution
IMG_0086,65033.jpg,4,BEHHO-VC-Calibrated,230,51,248,E4_singleobjective_attained_solution
IMG_0086,65033.jpg,4,EHHO-VC,72,102,3,E4_singleobjective_attained_solution
IMG_0086,65033.jpg,4,BDA-EHHO-VC-Calibrated,72,40,155,E4_singleobjective_attained_solution
IMG_0086,65033.jpg,4,MO-BDA-EHHO-VC,15,7,29,E4_MO_equal_weight_compromise
IMG_0086,65033.jpg,5,HHO-VC,20,137,7,E4_singleobjective_attained_solution
IMG_0086,65033.jpg,5,BEHHO-VC-Calibrated,48,116,73,E4_singleobjective_attained_solution
IMG_0086,65033.jpg,5,BDA-EHHO-VC-Calibrated,94,174,73,E4_singleobjective_attained_solution
IMG_0086,65033.jpg,5,EHHO-VC,20,152,7,E4_singleobjective_attained_solution
IMG_0086,65033.jpg,5,MO-BDA-EHHO-VC,59,25,2,E4_MO_equal_weight_compromise
IMG_0087,66053.jpg,1,HHO-VC,74,41,175,E4_singleobjective_attained_solution
IMG_0087,66053.jpg,1,EHHO-VC,28,11,2,E4_singleobjective_attained_solution
IMG_0087,66053.jpg,1,BDA-EHHO-VC-Calibrated,59,14,2,E4_singleobjective_attained_solution
IMG_0087,66053.jpg,1,BEHHO-VC-Calibrated,32,18,160,E4_singleobjective_attained_solution
IMG_0087,66053.jpg,1,MO-BDA-EHHO-VC,6,33,23,E4_MO_equal_weight_compromise
IMG_0087,66053.jpg,2,EHHO-VC,2,2,2,E4_singleobjective_attained_solution
IMG_0087,66053.jpg,2,BDA-EHHO-VC-Calibrated,2,2,2,E4_singleobjective_attained_solution
IMG_0087,66053.jpg,2,HHO-VC,2,2,2,E4_singleobjective_attained_solution
IMG_0087,66053.jpg,2,BEHHO-VC-Calibrated,2,3,2,E4_singleobjective_attained_solution
IMG_0087,66053.jpg,2,MO-BDA-EHHO-VC,18,12,17,E4_MO_equal_weight_compromise
IMG_0087,66053.jpg,3,HHO-VC,4,5,4,E4_singleobjective_attained_solution
IMG_0087,66053.jpg,3,BDA-EHHO-VC-Calibrated,106,117,4,E4_singleobjective_attained_solution
IMG_0087,66053.jpg,3,EHHO-VC,2,5,4,E4_singleobjective_attained_solution
IMG_0087,66053.jpg,3,BEHHO-VC-Calibrated,17,2,4,E4_singleobjective_attained_solution
IMG_0087,66053.jpg,3,MO-BDA-EHHO-VC,32,8,2,E4_MO_equal_weight_compromise
IMG_0087,66053.jpg,4,HHO-VC,6,255,255,E4_singleobjective_attained_solution
IMG_0087,66053.jpg,4,EHHO-VC,6,255,255,E4_singleobjective_attained_solution
IMG_0087,66053.jpg,4,BDA-EHHO-VC-Calibrated,16,86,226,E4_singleobjective_attained_solution
IMG_0087,66053.jpg,4,BEHHO-VC-Calibrated,4,73,2,E4_singleobjective_attained_solution
IMG_0087,66053.jpg,4,MO-BDA-EHHO-VC,54,4,75,E4_MO_equal_weight_compromise
IMG_0087,66053.jpg,5,BDA-EHHO-VC-Calibrated,66,2,81,E4_singleobjective_attained_solution
IMG_0087,66053.jpg,5,EHHO-VC,8,2,61,E4_singleobjective_attained_solution
IMG_0087,66053.jpg,5,HHO-VC,10,2,76,E4_singleobjective_attained_solution
IMG_0087,66053.jpg,5,BEHHO-VC-Calibrated,20,2,76,E4_singleobjective_attained_solution
IMG_0087,66053.jpg,5,MO-BDA-EHHO-VC,46,17,11,E4_MO_equal_weight_compromise
IMG_0088,69015.jpg,1,EHHO-VC,5,60,5,E4_singleobjective_attained_solution
IMG_0088,69015.jpg,1,BDA-EHHO-VC-Calibrated,5,38,57,E4_singleobjective_attained_solution
IMG_0088,69015.jpg,1,BEHHO-VC-Calibrated,69,34,64,E4_singleobjective_attained_solution
IMG_0088,69015.jpg,1,HHO-VC,4,60,5,E4_singleobjective_attained_solution
IMG_0088,69015.jpg,1,MO-BDA-EHHO-VC,14,9,41,E4_MO_equal_weight_compromise
IMG_0088,69015.jpg,2,EHHO-VC,112,190,30,E4_singleobjective_attained_solution
IMG_0088,69015.jpg,2,BDA-EHHO-VC-Calibrated,68,188,32,E4_singleobjective_attained_solution
IMG_0088,69015.jpg,2,BEHHO-VC-Calibrated,130,185,10,E4_singleobjective_attained_solution
IMG_0088,69015.jpg,2,HHO-VC,112,190,30,E4_singleobjective_attained_solution
IMG_0088,69015.jpg,2,MO-BDA-EHHO-VC,232,58,6,E4_MO_equal_weight_compromise
IMG_0088,69015.jpg,3,BEHHO-VC-Calibrated,140,178,2,E4_singleobjective_attained_solution
IMG_0088,69015.jpg,3,HHO-VC,2,7,2,E4_singleobjective_attained_solution
IMG_0088,69015.jpg,3,EHHO-VC,2,7,2,E4_singleobjective_attained_solution
IMG_0088,69015.jpg,3,BDA-EHHO-VC-Calibrated,18,128,2,E4_singleobjective_attained_solution
IMG_0088,69015.jpg,3,MO-BDA-EHHO-VC,6,4,8,E4_MO_equal_weight_compromise
IMG_0088,69015.jpg,4,BEHHO-VC-Calibrated,90,93,83,E4_singleobjective_attained_solution
IMG_0088,69015.jpg,4,HHO-VC,129,77,6,E4_singleobjective_attained_solution
IMG_0088,69015.jpg,4,EHHO-VC,129,77,6,E4_singleobjective_attained_solution
IMG_0088,69015.jpg,4,BDA-EHHO-VC-Calibrated,50,21,92,E4_singleobjective_attained_solution
IMG_0088,69015.jpg,4,MO-BDA-EHHO-VC,9,6,28,E4_MO_equal_weight_compromise
IMG_0088,69015.jpg,5,BDA-EHHO-VC-Calibrated,129,14,42,E4_singleobjective_attained_solution
IMG_0088,69015.jpg,5,EHHO-VC,19,14,12,E4_singleobjective_attained_solution
IMG_0088,69015.jpg,5,HHO-VC,19,14,12,E4_singleobjective_attained_solution
IMG_0088,69015.jpg,5,BEHHO-VC-Calibrated,32,66,33,E4_singleobjective_attained_solution
IMG_0088,69015.jpg,5,MO-BDA-EHHO-VC,42,12,16,E4_MO_equal_weight_compromise
IMG_0089,69020.jpg,1,BDA-EHHO-VC-Calibrated,212,212,55,E4_singleobjective_attained_solution
IMG_0089,69020.jpg,1,BEHHO-VC-Calibrated,222,255,63,E4_singleobjective_attained_solution
IMG_0089,69020.jpg,1,HHO-VC,174,248,60,E4_singleobjective_attained_solution
IMG_0089,69020.jpg,1,EHHO-VC,174,247,60,E4_singleobjective_attained_solution
IMG_0089,69020.jpg,1,MO-BDA-EHHO-VC,31,195,197,E4_MO_equal_weight_compromise
IMG_0089,69020.jpg,2,BEHHO-VC-Calibrated,2,12,2,E4_singleobjective_attained_solution
IMG_0089,69020.jpg,2,BDA-EHHO-VC-Calibrated,2,20,2,E4_singleobjective_attained_solution
IMG_0089,69020.jpg,2,EHHO-VC,2,4,2,E4_singleobjective_attained_solution
IMG_0089,69020.jpg,2,HHO-VC,2,12,2,E4_singleobjective_attained_solution
IMG_0089,69020.jpg,2,MO-BDA-EHHO-VC,9,120,157,E4_MO_equal_weight_compromise
IMG_0089,69020.jpg,3,HHO-VC,255,32,2,E4_singleobjective_attained_solution
IMG_0089,69020.jpg,3,BEHHO-VC-Calibrated,4,40,2,E4_singleobjective_attained_solution
IMG_0089,69020.jpg,3,BDA-EHHO-VC-Calibrated,5,66,2,E4_singleobjective_attained_solution
IMG_0089,69020.jpg,3,EHHO-VC,3,8,2,E4_singleobjective_attained_solution
IMG_0089,69020.jpg,3,MO-BDA-EHHO-VC,32,41,62,E4_MO_equal_weight_compromise
IMG_0089,69020.jpg,4,BEHHO-VC-Calibrated,6,16,2,E4_singleobjective_attained_solution
IMG_0089,69020.jpg,4,HHO-VC,9,162,2,E4_singleobjective_attained_solution
IMG_0089,69020.jpg,4,BDA-EHHO-VC-Calibrated,198,75,2,E4_singleobjective_attained_solution
IMG_0089,69020.jpg,4,EHHO-VC,17,83,2,E4_singleobjective_attained_solution
IMG_0089,69020.jpg,4,MO-BDA-EHHO-VC,241,7,30,E4_MO_equal_weight_compromise
IMG_0089,69020.jpg,5,BEHHO-VC-Calibrated,94,255,255,E4_singleobjective_attained_solution
IMG_0089,69020.jpg,5,EHHO-VC,9,255,255,E4_singleobjective_attained_solution
IMG_0089,69020.jpg,5,HHO-VC,9,255,255,E4_singleobjective_attained_solution
IMG_0089,69020.jpg,5,BDA-EHHO-VC-Calibrated,2,163,9,E4_singleobjective_attained_solution
IMG_0089,69020.jpg,5,MO-BDA-EHHO-VC,31,129,33,E4_MO_equal_weight_compromise
IMG_0090,69040.jpg,1,EHHO-VC,2,2,2,E4_singleobjective_attained_solution
IMG_0090,69040.jpg,1,BDA-EHHO-VC-Calibrated,160,6,2,E4_singleobjective_attained_solution
IMG_0090,69040.jpg,1,HHO-VC,3,2,2,E4_singleobjective_attained_solution
IMG_0090,69040.jpg,1,BEHHO-VC-Calibrated,5,2,2,E4_singleobjective_attained_solution
IMG_0090,69040.jpg,1,MO-BDA-EHHO-VC,31,105,25,E4_MO_equal_weight_compromise
IMG_0090,69040.jpg,2,EHHO-VC,95,16,176,E4_singleobjective_attained_solution
IMG_0090,69040.jpg,2,HHO-VC,87,16,160,E4_singleobjective_attained_solution
IMG_0090,69040.jpg,2,BEHHO-VC-Calibrated,63,39,210,E4_singleobjective_attained_solution
IMG_0090,69040.jpg,2,BDA-EHHO-VC-Calibrated,83,133,148,E4_singleobjective_attained_solution
IMG_0090,69040.jpg,2,MO-BDA-EHHO-VC,81,57,69,E4_MO_equal_weight_compromise
IMG_0090,69040.jpg,3,BDA-EHHO-VC-Calibrated,238,43,7,E4_singleobjective_attained_solution
IMG_0090,69040.jpg,3,BEHHO-VC-Calibrated,167,236,7,E4_singleobjective_attained_solution
IMG_0090,69040.jpg,3,EHHO-VC,250,250,11,E4_singleobjective_attained_solution
IMG_0090,69040.jpg,3,HHO-VC,254,254,7,E4_singleobjective_attained_solution
IMG_0090,69040.jpg,3,MO-BDA-EHHO-VC,54,49,36,E4_MO_equal_weight_compromise
IMG_0090,69040.jpg,4,EHHO-VC,2,2,2,E4_singleobjective_attained_solution
IMG_0090,69040.jpg,4,BDA-EHHO-VC-Calibrated,248,76,2,E4_singleobjective_attained_solution
IMG_0090,69040.jpg,4,BEHHO-VC-Calibrated,212,6,2,E4_singleobjective_attained_solution
IMG_0090,69040.jpg,4,HHO-VC,2,2,2,E4_singleobjective_attained_solution
IMG_0090,69040.jpg,4,MO-BDA-EHHO-VC,195,29,65,E4_MO_equal_weight_compromise
IMG_0090,69040.jpg,5,BEHHO-VC-Calibrated,6,195,2,E4_singleobjective_attained_solution
IMG_0090,69040.jpg,5,EHHO-VC,3,3,3,E4_singleobjective_attained_solution
IMG_0090,69040.jpg,5,BDA-EHHO-VC-Calibrated,9,242,2,E4_singleobjective_attained_solution
IMG_0090,69040.jpg,5,HHO-VC,21,6,81,E4_singleobjective_attained_solution
IMG_0090,69040.jpg,5,MO-BDA-EHHO-VC,201,126,21,E4_MO_equal_weight_compromise
IMG_0091,76053.jpg,1,BEHHO-VC-Calibrated,17,2,2,E4_singleobjective_attained_solution
IMG_0091,76053.jpg,1,BDA-EHHO-VC-Calibrated,18,2,8,E4_singleobjective_attained_solution
IMG_0091,76053.jpg,1,HHO-VC,44,2,2,E4_singleobjective_attained_solution
IMG_0091,76053.jpg,1,EHHO-VC,44,2,2,E4_singleobjective_attained_solution
IMG_0091,76053.jpg,1,MO-BDA-EHHO-VC,5,4,18,E4_MO_equal_weight_compromise
IMG_0091,76053.jpg,2,BEHHO-VC-Calibrated,106,240,51,E4_singleobjective_attained_solution
IMG_0091,76053.jpg,2,HHO-VC,106,250,60,E4_singleobjective_attained_solution
IMG_0091,76053.jpg,2,BDA-EHHO-VC-Calibrated,5,17,48,E4_singleobjective_attained_solution
IMG_0091,76053.jpg,2,EHHO-VC,6,17,4,E4_singleobjective_attained_solution
IMG_0091,76053.jpg,2,MO-BDA-EHHO-VC,4,4,71,E4_MO_equal_weight_compromise
IMG_0091,76053.jpg,3,EHHO-VC,34,255,170,E4_singleobjective_attained_solution
IMG_0091,76053.jpg,3,HHO-VC,33,239,164,E4_singleobjective_attained_solution
IMG_0091,76053.jpg,3,BEHHO-VC-Calibrated,104,254,169,E4_singleobjective_attained_solution
IMG_0091,76053.jpg,3,BDA-EHHO-VC-Calibrated,212,222,8,E4_singleobjective_attained_solution
IMG_0091,76053.jpg,3,MO-BDA-EHHO-VC,37,61,7,E4_MO_equal_weight_compromise
IMG_0091,76053.jpg,4,EHHO-VC,3,76,2,E4_singleobjective_attained_solution
IMG_0091,76053.jpg,4,BEHHO-VC-Calibrated,139,64,38,E4_singleobjective_attained_solution
IMG_0091,76053.jpg,4,BDA-EHHO-VC-Calibrated,202,103,2,E4_singleobjective_attained_solution
IMG_0091,76053.jpg,4,HHO-VC,10,91,2,E4_singleobjective_attained_solution
IMG_0091,76053.jpg,4,MO-BDA-EHHO-VC,24,35,7,E4_MO_equal_weight_compromise
IMG_0091,76053.jpg,5,HHO-VC,2,2,101,E4_singleobjective_attained_solution
IMG_0091,76053.jpg,5,BEHHO-VC-Calibrated,6,2,144,E4_singleobjective_attained_solution
IMG_0091,76053.jpg,5,EHHO-VC,2,2,101,E4_singleobjective_attained_solution
IMG_0091,76053.jpg,5,BDA-EHHO-VC-Calibrated,111,2,116,E4_singleobjective_attained_solution
IMG_0091,76053.jpg,5,MO-BDA-EHHO-VC,52,35,17,E4_MO_equal_weight_compromise
IMG_0092,78004.jpg,1,EHHO-VC,4,62,237,E4_singleobjective_attained_solution
IMG_0092,78004.jpg,1,HHO-VC,4,62,229,E4_singleobjective_attained_solution
IMG_0092,78004.jpg,1,BDA-EHHO-VC-Calibrated,4,16,129,E4_singleobjective_attained_solution
IMG_0092,78004.jpg,1,BEHHO-VC-Calibrated,4,24,145,E4_singleobjective_attained_solution
IMG_0092,78004.jpg,1,MO-BDA-EHHO-VC,26,66,2,E4_MO_equal_weight_compromise
IMG_0092,78004.jpg,2,HHO-VC,227,2,32,E4_singleobjective_attained_solution
IMG_0092,78004.jpg,2,BDA-EHHO-VC-Calibrated,213,5,65,E4_singleobjective_attained_solution
IMG_0092,78004.jpg,2,BEHHO-VC-Calibrated,182,66,68,E4_singleobjective_attained_solution
IMG_0092,78004.jpg,2,EHHO-VC,198,5,32,E4_singleobjective_attained_solution
IMG_0092,78004.jpg,2,MO-BDA-EHHO-VC,39,4,5,E4_MO_equal_weight_compromise
IMG_0092,78004.jpg,3,BDA-EHHO-VC-Calibrated,2,2,20,E4_singleobjective_attained_solution
IMG_0092,78004.jpg,3,EHHO-VC,14,2,47,E4_singleobjective_attained_solution
IMG_0092,78004.jpg,3,BEHHO-VC-Calibrated,64,2,48,E4_singleobjective_attained_solution
IMG_0092,78004.jpg,3,HHO-VC,14,2,46,E4_singleobjective_attained_solution
IMG_0092,78004.jpg,3,MO-BDA-EHHO-VC,20,12,29,E4_MO_equal_weight_compromise
IMG_0092,78004.jpg,4,HHO-VC,63,30,109,E4_singleobjective_attained_solution
IMG_0092,78004.jpg,4,BDA-EHHO-VC-Calibrated,165,39,2,E4_singleobjective_attained_solution
IMG_0092,78004.jpg,4,BEHHO-VC-Calibrated,228,49,2,E4_singleobjective_attained_solution
IMG_0092,78004.jpg,4,EHHO-VC,107,30,166,E4_singleobjective_attained_solution
IMG_0092,78004.jpg,4,MO-BDA-EHHO-VC,9,34,24,E4_MO_equal_weight_compromise
IMG_0092,78004.jpg,5,BEHHO-VC-Calibrated,74,201,9,E4_singleobjective_attained_solution
IMG_0092,78004.jpg,5,EHHO-VC,79,3,5,E4_singleobjective_attained_solution
IMG_0092,78004.jpg,5,HHO-VC,76,2,4,E4_singleobjective_attained_solution
IMG_0092,78004.jpg,5,BDA-EHHO-VC-Calibrated,212,38,9,E4_singleobjective_attained_solution
IMG_0092,78004.jpg,5,MO-BDA-EHHO-VC,32,23,114,E4_MO_equal_weight_compromise
IMG_0093,8023.jpg,1,EHHO-VC,38,3,28,E4_singleobjective_attained_solution
IMG_0093,8023.jpg,1,HHO-VC,32,3,12,E4_singleobjective_attained_solution
IMG_0093,8023.jpg,1,BEHHO-VC-Calibrated,3,178,159,E4_singleobjective_attained_solution
IMG_0093,8023.jpg,1,BDA-EHHO-VC-Calibrated,12,69,30,E4_singleobjective_attained_solution
IMG_0093,8023.jpg,1,MO-BDA-EHHO-VC,72,4,100,E4_MO_equal_weight_compromise
IMG_0093,8023.jpg,2,HHO-VC,206,100,132,E4_singleobjective_attained_solution
IMG_0093,8023.jpg,2,BDA-EHHO-VC-Calibrated,126,2,133,E4_singleobjective_attained_solution
IMG_0093,8023.jpg,2,BEHHO-VC-Calibrated,128,2,128,E4_singleobjective_attained_solution
IMG_0093,8023.jpg,2,EHHO-VC,204,100,132,E4_singleobjective_attained_solution
IMG_0093,8023.jpg,2,MO-BDA-EHHO-VC,14,24,66,E4_MO_equal_weight_compromise
IMG_0093,8023.jpg,3,HHO-VC,26,219,2,E4_singleobjective_attained_solution
IMG_0093,8023.jpg,3,EHHO-VC,26,219,2,E4_singleobjective_attained_solution
IMG_0093,8023.jpg,3,BEHHO-VC-Calibrated,48,224,3,E4_singleobjective_attained_solution
IMG_0093,8023.jpg,3,BDA-EHHO-VC-Calibrated,23,224,3,E4_singleobjective_attained_solution
IMG_0093,8023.jpg,3,MO-BDA-EHHO-VC,182,17,52,E4_MO_equal_weight_compromise
IMG_0093,8023.jpg,4,EHHO-VC,12,43,8,E4_singleobjective_attained_solution
IMG_0093,8023.jpg,4,BEHHO-VC-Calibrated,126,50,8,E4_singleobjective_attained_solution
IMG_0093,8023.jpg,4,HHO-VC,17,83,8,E4_singleobjective_attained_solution
IMG_0093,8023.jpg,4,BDA-EHHO-VC-Calibrated,136,81,8,E4_singleobjective_attained_solution
IMG_0093,8023.jpg,4,MO-BDA-EHHO-VC,24,7,68,E4_MO_equal_weight_compromise
IMG_0093,8023.jpg,5,EHHO-VC,150,2,199,E4_singleobjective_attained_solution
IMG_0093,8023.jpg,5,BEHHO-VC-Calibrated,5,37,195,E4_singleobjective_attained_solution
IMG_0093,8023.jpg,5,BDA-EHHO-VC-Calibrated,4,251,169,E4_singleobjective_attained_solution
IMG_0093,8023.jpg,5,HHO-VC,149,2,198,E4_singleobjective_attained_solution
IMG_0093,8023.jpg,5,MO-BDA-EHHO-VC,6,24,48,E4_MO_equal_weight_compromise
IMG_0094,85048.jpg,1,BDA-EHHO-VC-Calibrated,214,30,237,E4_singleobjective_attained_solution
IMG_0094,85048.jpg,1,HHO-VC,215,30,15,E4_singleobjective_attained_solution
IMG_0094,85048.jpg,1,BEHHO-VC-Calibrated,158,30,24,E4_singleobjective_attained_solution
IMG_0094,85048.jpg,1,EHHO-VC,222,31,16,E4_singleobjective_attained_solution
IMG_0094,85048.jpg,1,MO-BDA-EHHO-VC,37,135,143,E4_MO_equal_weight_compromise
IMG_0094,85048.jpg,2,EHHO-VC,20,2,20,E4_singleobjective_attained_solution
IMG_0094,85048.jpg,2,HHO-VC,28,2,20,E4_singleobjective_attained_solution
IMG_0094,85048.jpg,2,BEHHO-VC-Calibrated,3,2,21,E4_singleobjective_attained_solution
IMG_0094,85048.jpg,2,BDA-EHHO-VC-Calibrated,36,2,20,E4_singleobjective_attained_solution
IMG_0094,85048.jpg,2,MO-BDA-EHHO-VC,42,4,88,E4_MO_equal_weight_compromise
IMG_0094,85048.jpg,3,BEHHO-VC-Calibrated,2,4,139,E4_singleobjective_attained_solution
IMG_0094,85048.jpg,3,EHHO-VC,2,2,4,E4_singleobjective_attained_solution
IMG_0094,85048.jpg,3,BDA-EHHO-VC-Calibrated,2,4,132,E4_singleobjective_attained_solution
IMG_0094,85048.jpg,3,HHO-VC,2,2,3,E4_singleobjective_attained_solution
IMG_0094,85048.jpg,3,MO-BDA-EHHO-VC,34,2,132,E4_MO_equal_weight_compromise
IMG_0094,85048.jpg,4,BEHHO-VC-Calibrated,9,4,2,E4_singleobjective_attained_solution
IMG_0094,85048.jpg,4,EHHO-VC,5,4,3,E4_singleobjective_attained_solution
IMG_0094,85048.jpg,4,BDA-EHHO-VC-Calibrated,5,2,10,E4_singleobjective_attained_solution
IMG_0094,85048.jpg,4,HHO-VC,3,4,3,E4_singleobjective_attained_solution
IMG_0094,85048.jpg,4,MO-BDA-EHHO-VC,72,26,39,E4_MO_equal_weight_compromise
IMG_0094,85048.jpg,5,BEHHO-VC-Calibrated,2,144,2,E4_singleobjective_attained_solution
IMG_0094,85048.jpg,5,BDA-EHHO-VC-Calibrated,4,164,3,E4_singleobjective_attained_solution
IMG_0094,85048.jpg,5,HHO-VC,2,2,3,E4_singleobjective_attained_solution
IMG_0094,85048.jpg,5,EHHO-VC,2,2,3,E4_singleobjective_attained_solution
IMG_0094,85048.jpg,5,MO-BDA-EHHO-VC,6,2,16,E4_MO_equal_weight_compromise
IMG_0095,86000.jpg,1,EHHO-VC,4,151,34,E4_singleobjective_attained_solution
IMG_0095,86000.jpg,1,HHO-VC,4,145,32,E4_singleobjective_attained_solution
IMG_0095,86000.jpg,1,BEHHO-VC-Calibrated,4,128,16,E4_singleobjective_attained_solution
IMG_0095,86000.jpg,1,BDA-EHHO-VC-Calibrated,4,160,32,E4_singleobjective_attained_solution
IMG_0095,86000.jpg,1,MO-BDA-EHHO-VC,15,72,18,E4_MO_equal_weight_compromise
IMG_0095,86000.jpg,2,EHHO-VC,67,9,84,E4_singleobjective_attained_solution
IMG_0095,86000.jpg,2,BDA-EHHO-VC-Calibrated,115,97,239,E4_singleobjective_attained_solution
IMG_0095,86000.jpg,2,BEHHO-VC-Calibrated,28,95,229,E4_singleobjective_attained_solution
IMG_0095,86000.jpg,2,HHO-VC,118,8,130,E4_singleobjective_attained_solution
IMG_0095,86000.jpg,2,MO-BDA-EHHO-VC,14,71,4,E4_MO_equal_weight_compromise
IMG_0095,86000.jpg,3,BDA-EHHO-VC-Calibrated,26,12,183,E4_singleobjective_attained_solution
IMG_0095,86000.jpg,3,HHO-VC,27,41,93,E4_singleobjective_attained_solution
IMG_0095,86000.jpg,3,EHHO-VC,6,12,33,E4_singleobjective_attained_solution
IMG_0095,86000.jpg,3,BEHHO-VC-Calibrated,4,34,84,E4_singleobjective_attained_solution
IMG_0095,86000.jpg,3,MO-BDA-EHHO-VC,11,24,7,E4_MO_equal_weight_compromise
IMG_0095,86000.jpg,4,BDA-EHHO-VC-Calibrated,88,3,36,E4_singleobjective_attained_solution
IMG_0095,86000.jpg,4,HHO-VC,23,3,7,E4_singleobjective_attained_solution
IMG_0095,86000.jpg,4,EHHO-VC,13,2,2,E4_singleobjective_attained_solution
IMG_0095,86000.jpg,4,BEHHO-VC-Calibrated,74,2,4,E4_singleobjective_attained_solution
IMG_0095,86000.jpg,4,MO-BDA-EHHO-VC,20,16,18,E4_MO_equal_weight_compromise
IMG_0095,86000.jpg,5,HHO-VC,94,45,141,E4_singleobjective_attained_solution
IMG_0095,86000.jpg,5,EHHO-VC,114,53,164,E4_singleobjective_attained_solution
IMG_0095,86000.jpg,5,BEHHO-VC-Calibrated,109,67,139,E4_singleobjective_attained_solution
IMG_0095,86000.jpg,5,BDA-EHHO-VC-Calibrated,3,67,195,E4_singleobjective_attained_solution
IMG_0095,86000.jpg,5,MO-BDA-EHHO-VC,32,66,4,E4_MO_equal_weight_compromise
IMG_0096,86016.jpg,1,BDA-EHHO-VC-Calibrated,70,16,6,E4_singleobjective_attained_solution
IMG_0096,86016.jpg,1,BEHHO-VC-Calibrated,64,2,8,E4_singleobjective_attained_solution
IMG_0096,86016.jpg,1,EHHO-VC,93,110,6,E4_singleobjective_attained_solution
IMG_0096,86016.jpg,1,HHO-VC,124,154,6,E4_singleobjective_attained_solution
IMG_0096,86016.jpg,1,MO-BDA-EHHO-VC,200,41,16,E4_MO_equal_weight_compromise
IMG_0096,86016.jpg,2,EHHO-VC,2,17,2,E4_singleobjective_attained_solution
IMG_0096,86016.jpg,2,BDA-EHHO-VC-Calibrated,3,236,10,E4_singleobjective_attained_solution
IMG_0096,86016.jpg,2,HHO-VC,2,17,2,E4_singleobjective_attained_solution
IMG_0096,86016.jpg,2,BEHHO-VC-Calibrated,3,234,36,E4_singleobjective_attained_solution
IMG_0096,86016.jpg,2,MO-BDA-EHHO-VC,48,4,22,E4_MO_equal_weight_compromise
IMG_0096,86016.jpg,3,BEHHO-VC-Calibrated,75,161,18,E4_singleobjective_attained_solution
IMG_0096,86016.jpg,3,BDA-EHHO-VC-Calibrated,151,111,18,E4_singleobjective_attained_solution
IMG_0096,86016.jpg,3,EHHO-VC,162,112,18,E4_singleobjective_attained_solution
IMG_0096,86016.jpg,3,HHO-VC,162,111,18,E4_singleobjective_attained_solution
IMG_0096,86016.jpg,3,MO-BDA-EHHO-VC,42,16,4,E4_MO_equal_weight_compromise
IMG_0096,86016.jpg,4,BDA-EHHO-VC-Calibrated,14,211,2,E4_singleobjective_attained_solution
IMG_0096,86016.jpg,4,EHHO-VC,14,2,2,E4_singleobjective_attained_solution
IMG_0096,86016.jpg,4,HHO-VC,14,2,2,E4_singleobjective_attained_solution
IMG_0096,86016.jpg,4,BEHHO-VC-Calibrated,16,224,2,E4_singleobjective_attained_solution
IMG_0096,86016.jpg,4,MO-BDA-EHHO-VC,6,44,32,E4_MO_equal_weight_compromise
IMG_0096,86016.jpg,5,BEHHO-VC-Calibrated,164,6,2,E4_singleobjective_attained_solution
IMG_0096,86016.jpg,5,BDA-EHHO-VC-Calibrated,3,6,69,E4_singleobjective_attained_solution
IMG_0096,86016.jpg,5,HHO-VC,4,6,12,E4_singleobjective_attained_solution
IMG_0096,86016.jpg,5,EHHO-VC,4,6,12,E4_singleobjective_attained_solution
IMG_0096,86016.jpg,5,MO-BDA-EHHO-VC,10,99,3,E4_MO_equal_weight_compromise
IMG_0097,86068.jpg,1,EHHO-VC,2,3,2,E4_singleobjective_attained_solution
IMG_0097,86068.jpg,1,HHO-VC,4,3,4,E4_singleobjective_attained_solution
IMG_0097,86068.jpg,1,BEHHO-VC-Calibrated,2,6,20,E4_singleobjective_attained_solution
IMG_0097,86068.jpg,1,BDA-EHHO-VC-Calibrated,2,170,36,E4_singleobjective_attained_solution
IMG_0097,86068.jpg,1,MO-BDA-EHHO-VC,7,6,9,E4_MO_equal_weight_compromise
IMG_0097,86068.jpg,2,BEHHO-VC-Calibrated,8,8,5,E4_singleobjective_attained_solution
IMG_0097,86068.jpg,2,HHO-VC,3,5,3,E4_singleobjective_attained_solution
IMG_0097,86068.jpg,2,EHHO-VC,3,5,3,E4_singleobjective_attained_solution
IMG_0097,86068.jpg,2,BDA-EHHO-VC-Calibrated,67,2,39,E4_singleobjective_attained_solution
IMG_0097,86068.jpg,2,MO-BDA-EHHO-VC,24,4,38,E4_MO_equal_weight_compromise
IMG_0097,86068.jpg,3,BEHHO-VC-Calibrated,223,227,52,E4_singleobjective_attained_solution
IMG_0097,86068.jpg,3,EHHO-VC,169,214,108,E4_singleobjective_attained_solution
IMG_0097,86068.jpg,3,HHO-VC,135,205,73,E4_singleobjective_attained_solution
IMG_0097,86068.jpg,3,BDA-EHHO-VC-Calibrated,168,229,18,E4_singleobjective_attained_solution
IMG_0097,86068.jpg,3,MO-BDA-EHHO-VC,160,38,130,E4_MO_equal_weight_compromise
IMG_0097,86068.jpg,4,BDA-EHHO-VC-Calibrated,46,3,32,E4_singleobjective_attained_solution
IMG_0097,86068.jpg,4,HHO-VC,55,14,249,E4_singleobjective_attained_solution
IMG_0097,86068.jpg,4,EHHO-VC,63,14,251,E4_singleobjective_attained_solution
IMG_0097,86068.jpg,4,BEHHO-VC-Calibrated,56,2,232,E4_singleobjective_attained_solution
IMG_0097,86068.jpg,4,MO-BDA-EHHO-VC,29,115,14,E4_MO_equal_weight_compromise
IMG_0097,86068.jpg,5,HHO-VC,3,7,3,E4_singleobjective_attained_solution
IMG_0097,86068.jpg,5,BDA-EHHO-VC-Calibrated,52,96,2,E4_singleobjective_attained_solution
IMG_0097,86068.jpg,5,BEHHO-VC-Calibrated,48,96,2,E4_singleobjective_attained_solution
IMG_0097,86068.jpg,5,EHHO-VC,44,99,80,E4_singleobjective_attained_solution
IMG_0097,86068.jpg,5,MO-BDA-EHHO-VC,131,32,32,E4_MO_equal_weight_compromise
IMG_0098,87046.jpg,1,BEHHO-VC-Calibrated,233,32,240,E4_singleobjective_attained_solution
IMG_0098,87046.jpg,1,BDA-EHHO-VC-Calibrated,215,26,160,E4_singleobjective_attained_solution
IMG_0098,87046.jpg,1,HHO-VC,9,121,81,E4_singleobjective_attained_solution
IMG_0098,87046.jpg,1,EHHO-VC,9,102,70,E4_singleobjective_attained_solution
IMG_0098,87046.jpg,1,MO-BDA-EHHO-VC,24,24,2,E4_MO_equal_weight_compromise
IMG_0098,87046.jpg,2,BDA-EHHO-VC-Calibrated,233,4,2,E4_singleobjective_attained_solution
IMG_0098,87046.jpg,2,BEHHO-VC-Calibrated,20,2,2,E4_singleobjective_attained_solution
IMG_0098,87046.jpg,2,EHHO-VC,11,2,2,E4_singleobjective_attained_solution
IMG_0098,87046.jpg,2,HHO-VC,11,2,2,E4_singleobjective_attained_solution
IMG_0098,87046.jpg,2,MO-BDA-EHHO-VC,90,13,77,E4_MO_equal_weight_compromise
IMG_0098,87046.jpg,3,BDA-EHHO-VC-Calibrated,243,242,2,E4_singleobjective_attained_solution
IMG_0098,87046.jpg,3,HHO-VC,39,193,2,E4_singleobjective_attained_solution
IMG_0098,87046.jpg,3,BEHHO-VC-Calibrated,25,157,7,E4_singleobjective_attained_solution
IMG_0098,87046.jpg,3,EHHO-VC,39,193,2,E4_singleobjective_attained_solution
IMG_0098,87046.jpg,3,MO-BDA-EHHO-VC,18,18,21,E4_MO_equal_weight_compromise
IMG_0098,87046.jpg,4,HHO-VC,255,16,5,E4_singleobjective_attained_solution
IMG_0098,87046.jpg,4,BDA-EHHO-VC-Calibrated,80,159,3,E4_singleobjective_attained_solution
IMG_0098,87046.jpg,4,EHHO-VC,227,16,5,E4_singleobjective_attained_solution
IMG_0098,87046.jpg,4,BEHHO-VC-Calibrated,71,222,5,E4_singleobjective_attained_solution
IMG_0098,87046.jpg,4,MO-BDA-EHHO-VC,10,163,32,E4_MO_equal_weight_compromise
IMG_0098,87046.jpg,5,BEHHO-VC-Calibrated,47,15,75,E4_singleobjective_attained_solution
IMG_0098,87046.jpg,5,HHO-VC,184,174,113,E4_singleobjective_attained_solution
IMG_0098,87046.jpg,5,BDA-EHHO-VC-Calibrated,191,9,78,E4_singleobjective_attained_solution
IMG_0098,87046.jpg,5,EHHO-VC,184,174,113,E4_singleobjective_attained_solution
IMG_0098,87046.jpg,5,MO-BDA-EHHO-VC,16,150,16,E4_MO_equal_weight_compromise
IMG_0099,89072.jpg,1,HHO-VC,12,8,32,E4_singleobjective_attained_solution
IMG_0099,89072.jpg,1,EHHO-VC,15,8,32,E4_singleobjective_attained_solution
IMG_0099,89072.jpg,1,BDA-EHHO-VC-Calibrated,2,15,78,E4_singleobjective_attained_solution
IMG_0099,89072.jpg,1,BEHHO-VC-Calibrated,2,8,4,E4_singleobjective_attained_solution
IMG_0099,89072.jpg,1,MO-BDA-EHHO-VC,48,7,4,E4_MO_equal_weight_compromise
IMG_0099,89072.jpg,2,EHHO-VC,2,6,6,E4_singleobjective_attained_solution
IMG_0099,89072.jpg,2,BDA-EHHO-VC-Calibrated,243,89,16,E4_singleobjective_attained_solution
IMG_0099,89072.jpg,2,BEHHO-VC-Calibrated,8,4,124,E4_singleobjective_attained_solution
IMG_0099,89072.jpg,2,HHO-VC,2,6,6,E4_singleobjective_attained_solution
IMG_0099,89072.jpg,2,MO-BDA-EHHO-VC,36,176,96,E4_MO_equal_weight_compromise
IMG_0099,89072.jpg,3,BEHHO-VC-Calibrated,240,128,2,E4_singleobjective_attained_solution
IMG_0099,89072.jpg,3,BDA-EHHO-VC-Calibrated,248,11,2,E4_singleobjective_attained_solution
IMG_0099,89072.jpg,3,HHO-VC,214,11,206,E4_singleobjective_attained_solution
IMG_0099,89072.jpg,3,EHHO-VC,214,11,208,E4_singleobjective_attained_solution
IMG_0099,89072.jpg,3,MO-BDA-EHHO-VC,11,64,40,E4_MO_equal_weight_compromise
IMG_0099,89072.jpg,4,EHHO-VC,4,3,7,E4_singleobjective_attained_solution
IMG_0099,89072.jpg,4,HHO-VC,2,2,7,E4_singleobjective_attained_solution
IMG_0099,89072.jpg,4,BDA-EHHO-VC-Calibrated,59,10,43,E4_singleobjective_attained_solution
IMG_0099,89072.jpg,4,BEHHO-VC-Calibrated,82,41,147,E4_singleobjective_attained_solution
IMG_0099,89072.jpg,4,MO-BDA-EHHO-VC,40,66,2,E4_MO_equal_weight_compromise
IMG_0099,89072.jpg,5,BEHHO-VC-Calibrated,160,31,7,E4_singleobjective_attained_solution
IMG_0099,89072.jpg,5,EHHO-VC,171,113,79,E4_singleobjective_attained_solution
IMG_0099,89072.jpg,5,BDA-EHHO-VC-Calibrated,15,11,32,E4_singleobjective_attained_solution
IMG_0099,89072.jpg,5,HHO-VC,40,15,7,E4_singleobjective_attained_solution
IMG_0099,89072.jpg,5,MO-BDA-EHHO-VC,10,20,38,E4_MO_equal_weight_compromise
IMG_0100,97033.jpg,1,HHO-VC,3,50,64,E4_singleobjective_attained_solution
IMG_0100,97033.jpg,1,BEHHO-VC-Calibrated,2,230,201,E4_singleobjective_attained_solution
IMG_0100,97033.jpg,1,EHHO-VC,3,41,52,E4_singleobjective_attained_solution
IMG_0100,97033.jpg,1,BDA-EHHO-VC-Calibrated,3,98,144,E4_singleobjective_attained_solution
IMG_0100,97033.jpg,1,MO-BDA-EHHO-VC,41,45,40,E4_MO_equal_weight_compromise
IMG_0100,97033.jpg,2,EHHO-VC,21,3,58,E4_singleobjective_attained_solution
IMG_0100,97033.jpg,2,BEHHO-VC-Calibrated,185,3,13,E4_singleobjective_attained_solution
IMG_0100,97033.jpg,2,BDA-EHHO-VC-Calibrated,48,5,16,E4_singleobjective_attained_solution
IMG_0100,97033.jpg,2,HHO-VC,25,3,75,E4_singleobjective_attained_solution
IMG_0100,97033.jpg,2,MO-BDA-EHHO-VC,21,82,33,E4_MO_equal_weight_compromise
IMG_0100,97033.jpg,3,BDA-EHHO-VC-Calibrated,68,41,4,E4_singleobjective_attained_solution
IMG_0100,97033.jpg,3,BEHHO-VC-Calibrated,192,40,8,E4_singleobjective_attained_solution
IMG_0100,97033.jpg,3,HHO-VC,74,39,24,E4_singleobjective_attained_solution
IMG_0100,97033.jpg,3,EHHO-VC,119,63,39,E4_singleobjective_attained_solution
IMG_0100,97033.jpg,3,MO-BDA-EHHO-VC,2,3,16,E4_MO_equal_weight_compromise
IMG_0100,97033.jpg,4,BEHHO-VC-Calibrated,2,8,2,E4_singleobjective_attained_solution
IMG_0100,97033.jpg,4,BDA-EHHO-VC-Calibrated,6,205,64,E4_singleobjective_attained_solution
IMG_0100,97033.jpg,4,HHO-VC,2,186,21,E4_singleobjective_attained_solution
IMG_0100,97033.jpg,4,EHHO-VC,2,181,21,E4_singleobjective_attained_solution
IMG_0100,97033.jpg,4,MO-BDA-EHHO-VC,72,20,51,E4_MO_equal_weight_compromise
IMG_0100,97033.jpg,5,HHO-VC,4,8,4,E4_singleobjective_attained_solution
IMG_0100,97033.jpg,5,EHHO-VC,4,8,4,E4_singleobjective_attained_solution
IMG_0100,97033.jpg,5,BDA-EHHO-VC-Calibrated,8,124,32,E4_singleobjective_attained_solution
IMG_0100,97033.jpg,5,BEHHO-VC-Calibrated,4,226,98,E4_singleobjective_attained_solution
IMG_0100,97033.jpg,5,MO-BDA-EHHO-VC,3,32,6,E4_MO_equal_weight_compromise
