run_key,experiment_id,filename,run_index,algorithm,sec_abs_corr,sec_nmi,sec_hist_overlap,sec_similarity_nmse
IMG_0001|r1|BEHHO-VC-Calibrated,IMG_0001,101085.jpg,1,BEHHO-VC-Calibrated,0.0025283198895775898,6.205900520404939e-05,0.05901732069956369,0.6717135449923343
IMG_0001|r1|BDA-EHHO-VC-Calibrated,IMG_0001,101085.jpg,1,BDA-EHHO-VC-Calibrated,0.002332843361100952,6.335775094464332e-05,0.05901732069956369,0.6717341305544261
IMG_0001|r1|HHO-VC,IMG_0001,101085.jpg,1,HHO-VC,0.002457582516626095,6.398092958053265e-05,0.05901732069956369,0.6717555034729953
IMG_0001|r1|EHHO-VC,IMG_0001,101085.jpg,1,EHHO-VC,0.002471805174094404,6.434615014837883e-05,0.05901732069956369,0.6717185104178603
IMG_0001|r1|MO-BDA-EHHO-VC,IMG_0001,101085.jpg,1,MO-BDA-EHHO-VC,0.0025585447942703013,6.816371843034197e-05,0.05901732069956369,0.6716742872290523
IMG_0001|r2|HHO-VC,IMG_0001,101085.jpg,2,HHO-VC,0.001046674532750393,6.633011153866282e-05,0.05901732069956369,0.6719558687640698
IMG_0001|r2|EHHO-VC,IMG_0001,101085.jpg,2,EHHO-VC,0.00117961709251135,6.742452594507143e-05,0.05901732069956369,0.6719680304584745
IMG_0001|r2|BDA-EHHO-VC-Calibrated,IMG_0001,101085.jpg,2,BDA-EHHO-VC-Calibrated,0.0012059885202832298,6.874806849611999e-05,0.05901732069956369,0.6720149755301584
IMG_0001|r2|BEHHO-VC-Calibrated,IMG_0001,101085.jpg,2,BEHHO-VC-Calibrated,0.0012545553613126086,6.779370811057901e-05,0.05901732069956369,0.6719449896987651
IMG_0001|r2|MO-BDA-EHHO-VC,IMG_0001,101085.jpg,2,MO-BDA-EHHO-VC,0.0007642797163323795,7.622046976433003e-05,0.05901732069956369,0.6718071007208541
IMG_0001|r3|BDA-EHHO-VC-Calibrated,IMG_0001,101085.jpg,3,BDA-EHHO-VC-Calibrated,0.0019459877140949211,6.837172574087012e-05,0.05901732069956369,0.6718022241904141
IMG_0001|r3|BEHHO-VC-Calibrated,IMG_0001,101085.jpg,3,BEHHO-VC-Calibrated,0.0018639044267521358,6.595424832593262e-05,0.05901732069956369,0.6717505465136678
IMG_0001|r3|EHHO-VC,IMG_0001,101085.jpg,3,EHHO-VC,0.0019424499918464907,6.598571439619379e-05,0.05901732069956369,0.6717662174474256
IMG_0001|r3|HHO-VC,IMG_0001,101085.jpg,3,HHO-VC,0.0019424499918464907,6.598571439619379e-05,0.05901732069956369,0.6717662174474256
IMG_0001|r3|MO-BDA-EHHO-VC,IMG_0001,101085.jpg,3,MO-BDA-EHHO-VC,0.0024917339988741434,6.928116823850328e-05,0.05901732069956369,0.6714407386722492
IMG_0001|r4|BDA-EHHO-VC-Calibrated,IMG_0001,101085.jpg,4,BDA-EHHO-VC-Calibrated,0.0016548102080033982,7.182911251211003e-05,0.05901732069956369,0.6721887484911772
IMG_0001|r4|EHHO-VC,IMG_0001,101085.jpg,4,EHHO-VC,0.001882764863492526,7.705119739356244e-05,0.05901732069956369,0.6723569041293712
IMG_0001|r4|HHO-VC,IMG_0001,101085.jpg,4,HHO-VC,0.0014206250766831939,7.271634858482387e-05,0.05901732069956369,0.6721558869409984
IMG_0001|r4|BEHHO-VC-Calibrated,IMG_0001,101085.jpg,4,BEHHO-VC-Calibrated,0.0018316976888382028,7.651887637679461e-05,0.05901732069956369,0.6722629208578179
IMG_0001|r4|MO-BDA-EHHO-VC,IMG_0001,101085.jpg,4,MO-BDA-EHHO-VC,0.0015231923998499962,7.300320556579403e-05,0.05901732069956369,0.6721814887258084
IMG_0001|r5|HHO-VC,IMG_0001,101085.jpg,5,HHO-VC,0.002492201996223975,8.540150328284234e-05,0.05901732069956369,0.6724743133726739
IMG_0001|r5|BDA-EHHO-VC-Calibrated,IMG_0001,101085.jpg,5,BDA-EHHO-VC-Calibrated,0.0021929164831190973,8.423956875428445e-05,0.05901732069956369,0.6723786876585764
IMG_0001|r5|EHHO-VC,IMG_0001,101085.jpg,5,EHHO-VC,0.0022752270233137467,8.606055700359571e-05,0.05901732069956369,0.6723605784595986
IMG_0001|r5|BEHHO-VC-Calibrated,IMG_0001,101085.jpg,5,BEHHO-VC-Calibrated,0.00255557110897929,8.535019437912586e-05,0.05901732069956369,0.672474177913495
IMG_0001|r5|MO-BDA-EHHO-VC,IMG_0001,101085.jpg,5,MO-BDA-EHHO-VC,0.0025210976698924674,8.733103249692195e-05,0.05901732069956369,0.6724026470008425
IMG_0002|r1|BEHHO-VC-Calibrated,IMG_0002,101087.jpg,1,BEHHO-VC-Calibrated,0.002457243133172148,6.426803364640249e-05,0.29685256788060527,0.646746396445326
IMG_0002|r1|HHO-VC,IMG_0002,101087.jpg,1,HHO-VC,0.001843231039997247,5.615629458786733e-05,0.29685256788060527,0.646843833925941
IMG_0002|r1|BDA-EHHO-VC-Calibrated,IMG_0002,101087.jpg,1,BDA-EHHO-VC-Calibrated,0.0019402060117445306,5.9210370616887674e-05,0.29685256788060527,0.646936890148739
IMG_0002|r1|EHHO-VC,IMG_0002,101087.jpg,1,EHHO-VC,0.001843231039997247,5.615629458786733e-05,0.29685256788060527,0.646843833925941
IMG_0002|r1|MO-BDA-EHHO-VC,IMG_0002,101087.jpg,1,MO-BDA-EHHO-VC,0.001925984067265276,6.601640342856887e-05,0.29685256788060527,0.646885466457953
IMG_0002|r2|BDA-EHHO-VC-Calibrated,IMG_0002,101087.jpg,2,BDA-EHHO-VC-Calibrated,0.002278441171939949,7.225542890172598e-05,0.29685256788060527,0.6466787684502654
IMG_0002|r2|BEHHO-VC-Calibrated,IMG_0002,101087.jpg,2,BEHHO-VC-Calibrated,0.0023688002229548793,7.334847309828726e-05,0.29685256788060527,0.6465812420745642
IMG_0002|r2|EHHO-VC,IMG_0002,101087.jpg,2,EHHO-VC,0.0022869586245286254,7.230268626856197e-05,0.29685256788060527,0.6466390408129566
IMG_0002|r2|HHO-VC,IMG_0002,101087.jpg,2,HHO-VC,0.0022869586245286254,7.230268626856197e-05,0.29685256788060527,0.6466390408129566
IMG_0002|r2|MO-BDA-EHHO-VC,IMG_0002,101087.jpg,2,MO-BDA-EHHO-VC,0.0020691311880239945,7.414445922396418e-05,0.29685256788060527,0.646733485492338
IMG_0002|r3|BEHHO-VC-Calibrated,IMG_0002,101087.jpg,3,BEHHO-VC-Calibrated,0.0010825815192497177,6.755799827085192e-05,0.29685256788060527,0.6472634779959425
IMG_0002|r3|BDA-EHHO-VC-Calibrated,IMG_0002,101087.jpg,3,BDA-EHHO-VC-Calibrated,0.0007805676190372718,6.190209213668701e-05,0.29685256788060527,0.6471343092026727
IMG_0002|r3|EHHO-VC,IMG_0002,101087.jpg,3,EHHO-VC,0.001118982269009636,6.444111459309568e-05,0.29685256788060527,0.6471939281737813
IMG_0002|r3|HHO-VC,IMG_0002,101087.jpg,3,HHO-VC,0.0011485727164457483,6.817304139679803e-05,0.29685256788060527,0.6472160630502318
IMG_0002|r3|MO-BDA-EHHO-VC,IMG_0002,101087.jpg,3,MO-BDA-EHHO-VC,0.0014272653092178053,8.344771304235822e-05,0.29685256788060527,0.6473304667930028
IMG_0002|r4|BEHHO-VC-Calibrated,IMG_0002,101087.jpg,4,BEHHO-VC-Calibrated,0.0020114803579649215,6.0486659090209245e-05,0.29685256788060527,0.6474866131283684
IMG_0002|r4|EHHO-VC,IMG_0002,101087.jpg,4,EHHO-VC,0.002173841368088894,6.541636961276559e-05,0.29685256788060527,0.6474389272643
IMG_0002|r4|HHO-VC,IMG_0002,101087.jpg,4,HHO-VC,0.0022989365703594256,6.101334030111553e-05,0.29685256788060527,0.6473183685950882
IMG_0002|r4|BDA-EHHO-VC-Calibrated,IMG_0002,101087.jpg,4,BDA-EHHO-VC-Calibrated,0.0022461450925208835,7.063054810569906e-05,0.29685256788060527,0.6474580185423248
IMG_0002|r4|MO-BDA-EHHO-VC,IMG_0002,101087.jpg,4,MO-BDA-EHHO-VC,0.002514824706949075,6.413339765043881e-05,0.29685256788060527,0.6475030417869082
IMG_0002|r5|HHO-VC,IMG_0002,101087.jpg,5,HHO-VC,0.0012439875549299262,8.224212563281097e-05,0.29685256788060527,0.6470899801863809
IMG_0002|r5|BDA-EHHO-VC-Calibrated,IMG_0002,101087.jpg,5,BDA-EHHO-VC-Calibrated,0.0015502159539278087,7.926431745422685e-05,0.29685256788060527,0.6470083575649013
IMG_0002|r5|BEHHO-VC-Calibrated,IMG_0002,101087.jpg,5,BEHHO-VC-Calibrated,0.0012439875549299262,8.224212563281097e-05,0.29685256788060527,0.6470899801863809
IMG_0002|r5|EHHO-VC,IMG_0002,101087.jpg,5,EHHO-VC,0.0012439875549299262,8.224212563281097e-05,0.29685256788060527,0.6470899801863809
IMG_0002|r5|MO-BDA-EHHO-VC,IMG_0002,101087.jpg,5,MO-BDA-EHHO-VC,0.001623157904565805,8.620886509638812e-05,0.29685256788060527,0.6472392096374245
IMG_0003|r1|BDA-EHHO-VC-Calibrated,IMG_0003,102061.jpg,1,BDA-EHHO-VC-Calibrated,0.0016525981264068413,6.398258398676771e-05,0.0803923981494075,0.6794316164892543
IMG_0003|r1|HHO-VC,IMG_0003,102061.jpg,1,HHO-VC,0.0013785411424423906,6.0922741336601174e-05,0.0803923981494075,0.6794894829572362
IMG_0003|r1|BEHHO-VC-Calibrated,IMG_0003,102061.jpg,1,BEHHO-VC-Calibrated,0.0017469493758066699,6.555781204759388e-05,0.0803923981494075,0.6794296777297565
IMG_0003|r1|EHHO-VC,IMG_0003,102061.jpg,1,EHHO-VC,0.0010157491330393027,5.9823275371859755e-05,0.0803923981494075,0.6794175499001466
IMG_0003|r1|MO-BDA-EHHO-VC,IMG_0003,102061.jpg,1,MO-BDA-EHHO-VC,0.0014380335625755792,5.877171097341959e-05,0.0803923981494075,0.6795011282135214
IMG_0003|r2|BEHHO-VC-Calibrated,IMG_0003,102061.jpg,2,BEHHO-VC-Calibrated,0.0017426296237203686,7.753921589017068e-05,0.0803923981494075,0.6790222884823452
IMG_0003|r2|HHO-VC,IMG_0003,102061.jpg,2,HHO-VC,0.0013104400882842655,6.995738187611715e-05,0.0803923981494075,0.67910990940559
IMG_0003|r2|BDA-EHHO-VC-Calibrated,IMG_0003,102061.jpg,2,BDA-EHHO-VC-Calibrated,0.0010429196017270796,6.40553674229229e-05,0.0803923981494075,0.6792286012779928
IMG_0003|r2|EHHO-VC,IMG_0003,102061.jpg,2,EHHO-VC,0.001373988618346302,7.102209777382823e-05,0.0803923981494075,0.6791343470880816
IMG_0003|r2|MO-BDA-EHHO-VC,IMG_0003,102061.jpg,2,MO-BDA-EHHO-VC,0.0012384947945378963,6.803581918280175e-05,0.0803923981494075,0.679162552228986
IMG_0003|r3|HHO-VC,IMG_0003,102061.jpg,3,HHO-VC,0.002383148143127329,7.774048579148699e-05,0.0803923981494075,0.6794032716560716
IMG_0003|r3|BEHHO-VC-Calibrated,IMG_0003,102061.jpg,3,BEHHO-VC-Calibrated,0.002056236084516451,7.406122202705429e-05,0.0803923981494075,0.6794086138274391
IMG_0003|r3|BDA-EHHO-VC-Calibrated,IMG_0003,102061.jpg,3,BDA-EHHO-VC-Calibrated,0.002147977861503608,7.646102121370087e-05,0.0803923981494075,0.6794027171200581
IMG_0003|r3|EHHO-VC,IMG_0003,102061.jpg,3,EHHO-VC,0.002333086700909383,7.802408745331966e-05,0.0803923981494075,0.6794176557276299
IMG_0003|r3|MO-BDA-EHHO-VC,IMG_0003,102061.jpg,3,MO-BDA-EHHO-VC,0.002315543029460533,6.630587288488499e-05,0.0803923981494075,0.6795745132236849
IMG_0003|r4|BDA-EHHO-VC-Calibrated,IMG_0003,102061.jpg,4,BDA-EHHO-VC-Calibrated,0.0022999966088858063,7.43322355781293e-05,0.0803923981494075,0.6794687619359655
IMG_0003|r4|BEHHO-VC-Calibrated,IMG_0003,102061.jpg,4,BEHHO-VC-Calibrated,0.0013735010870336713,7.006942095169696e-05,0.0803923981494075,0.6793871266151875
IMG_0003|r4|EHHO-VC,IMG_0003,102061.jpg,4,EHHO-VC,0.002431510041325183,7.199267270995093e-05,0.0803923981494075,0.6794512157391998
IMG_0003|r4|HHO-VC,IMG_0003,102061.jpg,4,HHO-VC,0.00234931537869754,7.249387453083231e-05,0.0803923981494075,0.6794276966392653
IMG_0003|r4|MO-BDA-EHHO-VC,IMG_0003,102061.jpg,4,MO-BDA-EHHO-VC,0.0014886067952415902,6.793980838628253e-05,0.0803923981494075,0.6794466863229057
IMG_0003|r5|BEHHO-VC-Calibrated,IMG_0003,102061.jpg,5,BEHHO-VC-Calibrated,0.0033160053993693994,6.184219018824487e-05,0.0803923981494075,0.6795831191146436
IMG_0003|r5|EHHO-VC,IMG_0003,102061.jpg,5,EHHO-VC,0.003417253557132819,6.762999447022142e-05,0.0803923981494075,0.6795788436843099
IMG_0003|r5|HHO-VC,IMG_0003,102061.jpg,5,HHO-VC,0.0031336327761265904,6.537108789501404e-05,0.0803923981494075,0.6795249859614033
IMG_0003|r5|BDA-EHHO-VC-Calibrated,IMG_0003,102061.jpg,5,BDA-EHHO-VC-Calibrated,0.002862608877481552,6.629365986713858e-05,0.0803923981494075,0.6795510025899488
IMG_0003|r5|MO-BDA-EHHO-VC,IMG_0003,102061.jpg,5,MO-BDA-EHHO-VC,0.002834175873370346,6.116667043107387e-05,0.0803923981494075,0.6795754995358311
IMG_0004|r1|EHHO-VC,IMG_0004,103070.jpg,1,EHHO-VC,0.0019452846609284609,7.250432617898204e-05,0.002238759248105042,0.7045165133259218
IMG_0004|r1|HHO-VC,IMG_0004,103070.jpg,1,HHO-VC,0.0018880882172535374,7.119672751580137e-05,0.002238759248105042,0.7045187865002674
IMG_0004|r1|BEHHO-VC-Calibrated,IMG_0004,103070.jpg,1,BEHHO-VC-Calibrated,0.001807170068595409,7.109839379709773e-05,0.002238759248105042,0.7045083773089896
IMG_0004|r1|BDA-EHHO-VC-Calibrated,IMG_0004,103070.jpg,1,BDA-EHHO-VC-Calibrated,0.0027084918577414047,7.051823974015094e-05,0.002238759248105042,0.7043600410419067
IMG_0004|r1|MO-BDA-EHHO-VC,IMG_0004,103070.jpg,1,MO-BDA-EHHO-VC,0.0018968519208206064,6.353834069939598e-05,0.002238759248105042,0.7044859757472807
IMG_0004|r2|BDA-EHHO-VC-Calibrated,IMG_0004,103070.jpg,2,BDA-EHHO-VC-Calibrated,0.002182407155940951,6.897828765810231e-05,0.002238759248105042,0.7039980644842183
IMG_0004|r2|EHHO-VC,IMG_0004,103070.jpg,2,EHHO-VC,0.0024749967178158312,6.810311357539493e-05,0.002238759248105042,0.7038995517963708
IMG_0004|r2|HHO-VC,IMG_0004,103070.jpg,2,HHO-VC,0.0025408368677127366,6.83860722963917e-05,0.002238759248105042,0.7038956615780769
IMG_0004|r2|BEHHO-VC-Calibrated,IMG_0004,103070.jpg,2,BEHHO-VC-Calibrated,0.0026564650683722456,7.461269971216214e-05,0.002238759248105042,0.7037932798374325
IMG_0004|r2|MO-BDA-EHHO-VC,IMG_0004,103070.jpg,2,MO-BDA-EHHO-VC,0.002268380601569056,7.420589516467559e-05,0.002238759248105042,0.7038433955005224
IMG_0004|r3|EHHO-VC,IMG_0004,103070.jpg,3,EHHO-VC,0.0022372108204421408,6.795776607933494e-05,0.002238759248105042,0.7044643657751485
IMG_0004|r3|HHO-VC,IMG_0004,103070.jpg,3,HHO-VC,0.0021548478201896155,6.843226168948963e-05,0.002238759248105042,0.7044645816632148
IMG_0004|r3|BDA-EHHO-VC-Calibrated,IMG_0004,103070.jpg,3,BDA-EHHO-VC-Calibrated,0.002095250811961411,6.529054045673711e-05,0.002238759248105042,0.7044632355376246
IMG_0004|r3|BEHHO-VC-Calibrated,IMG_0004,103070.jpg,3,BEHHO-VC-Calibrated,0.0022373705254104307,6.901031500553308e-05,0.002238759248105042,0.704382523032503
IMG_0004|r3|MO-BDA-EHHO-VC,IMG_0004,103070.jpg,3,MO-BDA-EHHO-VC,0.0015166582397368707,7.595782414470289e-05,0.002238759248105042,0.7043198858615646
IMG_0004|r4|HHO-VC,IMG_0004,103070.jpg,4,HHO-VC,0.0021198522071341655,7.752422134767786e-05,0.002238759248105042,0.7043059504985364
IMG_0004|r4|EHHO-VC,IMG_0004,103070.jpg,4,EHHO-VC,0.0021198522071341655,7.752422134767786e-05,0.002238759248105042,0.7043059504985364
IMG_0004|r4|BDA-EHHO-VC-Calibrated,IMG_0004,103070.jpg,4,BDA-EHHO-VC-Calibrated,0.0023870948989872832,7.92382163886868e-05,0.002238759248105042,0.7042798365087061
IMG_0004|r4|BEHHO-VC-Calibrated,IMG_0004,103070.jpg,4,BEHHO-VC-Calibrated,0.0021166274072958575,7.66311549703252e-05,0.002238759248105042,0.7042043180164752
IMG_0004|r4|MO-BDA-EHHO-VC,IMG_0004,103070.jpg,4,MO-BDA-EHHO-VC,0.0017690308470097137,7.559647370635889e-05,0.002238759248105042,0.7043797122545411
IMG_0004|r5|BEHHO-VC-Calibrated,IMG_0004,103070.jpg,5,BEHHO-VC-Calibrated,0.0015630061326048514,8.49396660300142e-05,0.002238759248105042,0.7041940188857801
IMG_0004|r5|EHHO-VC,IMG_0004,103070.jpg,5,EHHO-VC,0.0015630061326048514,8.49396660300142e-05,0.002238759248105042,0.7041940188857801
IMG_0004|r5|HHO-VC,IMG_0004,103070.jpg,5,HHO-VC,0.0015630061326048514,8.49396660300142e-05,0.002238759248105042,0.7041940188857801
IMG_0004|r5|BDA-EHHO-VC-Calibrated,IMG_0004,103070.jpg,5,BDA-EHHO-VC-Calibrated,0.001347900308619584,8.106541410066821e-05,0.002238759248105042,0.7043687358279517
IMG_0004|r5|MO-BDA-EHHO-VC,IMG_0004,103070.jpg,5,MO-BDA-EHHO-VC,0.0014942567648587105,7.332309336381423e-05,0.002238759248105042,0.7041973799666564
IMG_0005|r1|HHO-VC,IMG_0005,105025.jpg,1,HHO-VC,0.0017864658161266939,6.418404492959641e-05,0.21300596066951205,0.6538308493825962
IMG_0005|r1|EHHO-VC,IMG_0005,105025.jpg,1,EHHO-VC,0.0017846965415948034,6.493851358087455e-05,0.21300596066951205,0.6538276618587929
IMG_0005|r1|BDA-EHHO-VC-Calibrated,IMG_0005,105025.jpg,1,BDA-EHHO-VC-Calibrated,0.0019997146704328196,6.467174226150545e-05,0.21300596066951205,0.6537761958370135
IMG_0005|r1|BEHHO-VC-Calibrated,IMG_0005,105025.jpg,1,BEHHO-VC-Calibrated,0.0018283959660272753,5.9101846978246045e-05,0.21300596066951205,0.6540821684904298
IMG_0005|r1|MO-BDA-EHHO-VC,IMG_0005,105025.jpg,1,MO-BDA-EHHO-VC,0.0021122303406776754,6.527303542012087e-05,0.21300596066951205,0.6538301043571123
IMG_0005|r2|BEHHO-VC-Calibrated,IMG_0005,105025.jpg,2,BEHHO-VC-Calibrated,0.0019092843011153425,4.591514289661143e-05,0.21300596066951205,0.6536952547445277
IMG_0005|r2|BDA-EHHO-VC-Calibrated,IMG_0005,105025.jpg,2,BDA-EHHO-VC-Calibrated,0.0022545927647622138,4.724382012038903e-05,0.21300596066951205,0.6535689898574052
IMG_0005|r2|HHO-VC,IMG_0005,105025.jpg,2,HHO-VC,0.0018325224831993593,4.47226481911876e-05,0.21300596066951205,0.6539976969930942
IMG_0005|r2|EHHO-VC,IMG_0005,105025.jpg,2,EHHO-VC,0.0018325224831993593,4.47226481911876e-05,0.21300596066951205,0.6539976969930942
IMG_0005|r2|MO-BDA-EHHO-VC,IMG_0005,105025.jpg,2,MO-BDA-EHHO-VC,0.0018395777655733385,5.4719212929399626e-05,0.21300596066951205,0.6537180288189784
IMG_0005|r3|BEHHO-VC-Calibrated,IMG_0005,105025.jpg,3,BEHHO-VC-Calibrated,0.0013455205248926814,6.746557507215888e-05,0.21300596066951205,0.654107198806829
IMG_0005|r3|BDA-EHHO-VC-Calibrated,IMG_0005,105025.jpg,3,BDA-EHHO-VC-Calibrated,0.001363986625689202,6.833237014086296e-05,0.21300596066951205,0.6540600801780722
IMG_0005|r3|HHO-VC,IMG_0005,105025.jpg,3,HHO-VC,0.0012092760947270507,6.921562664759523e-05,0.21300596066951205,0.6540248523253621
IMG_0005|r3|EHHO-VC,IMG_0005,105025.jpg,3,EHHO-VC,0.0013446086701193432,6.912657016361032e-05,0.21300596066951205,0.6541904511715548
IMG_0005|r3|MO-BDA-EHHO-VC,IMG_0005,105025.jpg,3,MO-BDA-EHHO-VC,0.001927622950486983,6.816289440902001e-05,0.21300596066951205,0.6539097670535975
IMG_0005|r4|BEHHO-VC-Calibrated,IMG_0005,105025.jpg,4,BEHHO-VC-Calibrated,0.0005550143960765375,6.040567325858675e-05,0.21300596066951205,0.6541939350123118
IMG_0005|r4|HHO-VC,IMG_0005,105025.jpg,4,HHO-VC,0.0012198867176852239,6.896020975647307e-05,0.21300596066951205,0.653999013486989
IMG_0005|r4|BDA-EHHO-VC-Calibrated,IMG_0005,105025.jpg,4,BDA-EHHO-VC-Calibrated,0.0006727136650870164,5.8905070461354226e-05,0.21300596066951205,0.6542756676943744
IMG_0005|r4|EHHO-VC,IMG_0005,105025.jpg,4,EHHO-VC,0.0012198867176852239,6.896020975647307e-05,0.21300596066951205,0.653999013486989
IMG_0005|r4|MO-BDA-EHHO-VC,IMG_0005,105025.jpg,4,MO-BDA-EHHO-VC,0.0008130958994221413,6.733677757043189e-05,0.21300596066951205,0.6540685506098521
IMG_0005|r5|EHHO-VC,IMG_0005,105025.jpg,5,EHHO-VC,0.0027507279639447757,6.700137145382379e-05,0.21300596066951205,0.6538076816299068
IMG_0005|r5|BDA-EHHO-VC-Calibrated,IMG_0005,105025.jpg,5,BDA-EHHO-VC-Calibrated,0.0024818432254318933,7.073659394489581e-05,0.21300596066951205,0.6536371300574859
IMG_0005|r5|HHO-VC,IMG_0005,105025.jpg,5,HHO-VC,0.0032123968092180257,6.500743647260369e-05,0.21300596066951205,0.6539039169103091
IMG_0005|r5|BEHHO-VC-Calibrated,IMG_0005,105025.jpg,5,BEHHO-VC-Calibrated,0.0024853310904285465,7.03250336557092e-05,0.21300596066951205,0.6536835205931564
IMG_0005|r5|MO-BDA-EHHO-VC,IMG_0005,105025.jpg,5,MO-BDA-EHHO-VC,0.0026859610251341315,6.127701687794052e-05,0.21300596066951205,0.6538285550427538
IMG_0006|r1|EHHO-VC,IMG_0006,106024.jpg,1,EHHO-VC,0.0018889954894207664,6.2423516744183e-05,0.11552602206807815,0.6613806923490115
IMG_0006|r1|HHO-VC,IMG_0006,106024.jpg,1,HHO-VC,0.0020781613258971736,6.552064098631922e-05,0.11552602206807815,0.6613698302161043
IMG_0006|r1|BEHHO-VC-Calibrated,IMG_0006,106024.jpg,1,BEHHO-VC-Calibrated,0.001560638342774181,6.015611213264839e-05,0.11552602206807815,0.6611980468117755
IMG_0006|r1|BDA-EHHO-VC-Calibrated,IMG_0006,106024.jpg,1,BDA-EHHO-VC-Calibrated,0.001918479191491482,6.100896919649838e-05,0.11552602206807815,0.6611831843999917
IMG_0006|r1|MO-BDA-EHHO-VC,IMG_0006,106024.jpg,1,MO-BDA-EHHO-VC,0.0020358046026266213,6.139809911575487e-05,0.11552602206807815,0.661518911508671
IMG_0006|r2|BDA-EHHO-VC-Calibrated,IMG_0006,106024.jpg,2,BDA-EHHO-VC-Calibrated,0.0020239145258939997,8.808842920288725e-05,0.11552602206807815,0.6606542544043218
IMG_0006|r2|HHO-VC,IMG_0006,106024.jpg,2,HHO-VC,0.002216861593917478,9.272362207013995e-05,0.11552602206807815,0.6608658458748468
IMG_0006|r2|EHHO-VC,IMG_0006,106024.jpg,2,EHHO-VC,0.002216861593917478,9.272362207013995e-05,0.11552602206807815,0.6608658458748468
IMG_0006|r2|BEHHO-VC-Calibrated,IMG_0006,106024.jpg,2,BEHHO-VC-Calibrated,0.0019790953030144978,8.872093957342403e-05,0.11552602206807815,0.660644031469415
IMG_0006|r2|MO-BDA-EHHO-VC,IMG_0006,106024.jpg,2,MO-BDA-EHHO-VC,0.0022101328515757674,8.585483318569879e-05,0.11552602206807815,0.6604584015971441
IMG_0006|r3|HHO-VC,IMG_0006,106024.jpg,3,HHO-VC,0.0014932330278822337,5.287266073428937e-05,0.11552602206807815,0.6615216799556395
IMG_0006|r3|BDA-EHHO-VC-Calibrated,IMG_0006,106024.jpg,3,BDA-EHHO-VC-Calibrated,0.0023774592713047857,5.148731312805506e-05,0.11552602206807815,0.661790485996848
IMG_0006|r3|EHHO-VC,IMG_0006,106024.jpg,3,EHHO-VC,0.0014932330278822337,5.287266073428937e-05,0.11552602206807815,0.6615216799556395
IMG_0006|r3|BEHHO-VC-Calibrated,IMG_0006,106024.jpg,3,BEHHO-VC-Calibrated,0.002353876022430786,5.46394998977715e-05,0.11552602206807815,0.661732132722442
IMG_0006|r3|MO-BDA-EHHO-VC,IMG_0006,106024.jpg,3,MO-BDA-EHHO-VC,0.002221730916718358,5.6227646473868736e-05,0.11552602206807815,0.6618502827581291
IMG_0006|r4|EHHO-VC,IMG_0006,106024.jpg,4,EHHO-VC,0.003035830465909349,8.07139445199766e-05,0.11552602206807815,0.6615103606480036
IMG_0006|r4|BDA-EHHO-VC-Calibrated,IMG_0006,106024.jpg,4,BDA-EHHO-VC-Calibrated,0.0027163201558708214,7.582443328053622e-05,0.11552602206807815,0.66139430599649
IMG_0006|r4|HHO-VC,IMG_0006,106024.jpg,4,HHO-VC,0.003035830465909349,8.07139445199766e-05,0.11552602206807815,0.6615103606480036
IMG_0006|r4|BEHHO-VC-Calibrated,IMG_0006,106024.jpg,4,BEHHO-VC-Calibrated,0.0021451037399643665,6.896193123600788e-05,0.11552602206807815,0.6613251413863687
IMG_0006|r4|MO-BDA-EHHO-VC,IMG_0006,106024.jpg,4,MO-BDA-EHHO-VC,0.0016941898746280503,6.807583465151095e-05,0.11552602206807815,0.66120924759263
IMG_0006|r5|BEHHO-VC-Calibrated,IMG_0006,106024.jpg,5,BEHHO-VC-Calibrated,0.0011968330331481993,5.7443999131637e-05,0.11552602206807815,0.660785378889487
IMG_0006|r5|EHHO-VC,IMG_0006,106024.jpg,5,EHHO-VC,0.001183624069211061,5.983282607219757e-05,0.11552602206807815,0.6606900664247407
IMG_0006|r5|HHO-VC,IMG_0006,106024.jpg,5,HHO-VC,0.001129114305260665,5.760478202072397e-05,0.11552602206807815,0.6606251222146619
IMG_0006|r5|BDA-EHHO-VC-Calibrated,IMG_0006,106024.jpg,5,BDA-EHHO-VC-Calibrated,0.0011684619684438102,6.0792243555280954e-05,0.11552602206807815,0.660740821285831
IMG_0006|r5|MO-BDA-EHHO-VC,IMG_0006,106024.jpg,5,MO-BDA-EHHO-VC,0.0020027978808149563,5.551987999506586e-05,0.11552602206807815,0.6603191791929409
IMG_0007|r1|BEHHO-VC-Calibrated,IMG_0007,108005.jpg,1,BEHHO-VC-Calibrated,0.002778631909205418,5.999490689768423e-05,0.006509025200613985,0.6828309223520986
IMG_0007|r1|EHHO-VC,IMG_0007,108005.jpg,1,EHHO-VC,0.0028136689879577005,6.081987030771933e-05,0.006509025200613985,0.6828786166823658
IMG_0007|r1|BDA-EHHO-VC-Calibrated,IMG_0007,108005.jpg,1,BDA-EHHO-VC-Calibrated,0.0026297927739385237,6.154236670189299e-05,0.006509025200613985,0.6829493898702363
IMG_0007|r1|HHO-VC,IMG_0007,108005.jpg,1,HHO-VC,0.0027750140627655767,6.117222797783202e-05,0.006509025200613985,0.6827802817846905
IMG_0007|r1|MO-BDA-EHHO-VC,IMG_0007,108005.jpg,1,MO-BDA-EHHO-VC,0.002392230572316129,5.5898484587345544e-05,0.006509025200613985,0.6828809110222083
IMG_0007|r2|HHO-VC,IMG_0007,108005.jpg,2,HHO-VC,0.0031020058167648412,7.348600719217217e-05,0.006509025200613985,0.6834768467473357
IMG_0007|r2|EHHO-VC,IMG_0007,108005.jpg,2,EHHO-VC,0.0031020058167648412,7.348600719217217e-05,0.006509025200613985,0.6834768467473357
IMG_0007|r2|BEHHO-VC-Calibrated,IMG_0007,108005.jpg,2,BEHHO-VC-Calibrated,0.0028219023773293273,7.108905856129321e-05,0.006509025200613985,0.6832585966115485
IMG_0007|r2|BDA-EHHO-VC-Calibrated,IMG_0007,108005.jpg,2,BDA-EHHO-VC-Calibrated,0.002956574471933836,7.28257110560496e-05,0.006509025200613985,0.6833095546614071
IMG_0007|r2|MO-BDA-EHHO-VC,IMG_0007,108005.jpg,2,MO-BDA-EHHO-VC,0.0027800483792776204,7.08522846796208e-05,0.006509025200613985,0.6829519720608338
IMG_0007|r3|BDA-EHHO-VC-Calibrated,IMG_0007,108005.jpg,3,BDA-EHHO-VC-Calibrated,0.002263679299445136,8.694749053132566e-05,0.006509025200613985,0.6831714074644363
IMG_0007|r3|EHHO-VC,IMG_0007,108005.jpg,3,EHHO-VC,0.002083112288725641,7.947056780432635e-05,0.006509025200613985,0.6832064998579673
IMG_0007|r3|BEHHO-VC-Calibrated,IMG_0007,108005.jpg,3,BEHHO-VC-Calibrated,0.0020927868553803036,8.303058304681606e-05,0.006509025200613985,0.6832362839449259
IMG_0007|r3|HHO-VC,IMG_0007,108005.jpg,3,HHO-VC,0.0020947593689294055,7.984202807197515e-05,0.006509025200613985,0.6832025419100843
IMG_0007|r3|MO-BDA-EHHO-VC,IMG_0007,108005.jpg,3,MO-BDA-EHHO-VC,0.0020412884918372463,9.177273922205591e-05,0.006509025200613985,0.6831566466470367
IMG_0007|r4|EHHO-VC,IMG_0007,108005.jpg,4,EHHO-VC,0.001526507619506114,8.004119758947541e-05,0.006509025200613985,0.6831066029466356
IMG_0007|r4|BEHHO-VC-Calibrated,IMG_0007,108005.jpg,4,BEHHO-VC-Calibrated,0.001377437466153665,7.947065279833269e-05,0.006509025200613985,0.6831599780962175
IMG_0007|r4|HHO-VC,IMG_0007,108005.jpg,4,HHO-VC,0.0010994767552487028,8.935426329209838e-05,0.006509025200613985,0.682914830847222
IMG_0007|r4|BDA-EHHO-VC-Calibrated,IMG_0007,108005.jpg,4,BDA-EHHO-VC-Calibrated,0.0011740890323506106,8.188394437493261e-05,0.006509025200613985,0.6831115387404666
IMG_0007|r4|MO-BDA-EHHO-VC,IMG_0007,108005.jpg,4,MO-BDA-EHHO-VC,0.001462993531858207,8.426480331421393e-05,0.006509025200613985,0.6830073579326023
IMG_0007|r5|EHHO-VC,IMG_0007,108005.jpg,5,EHHO-VC,0.001218972282530372,6.968419494994439e-05,0.006509025200613985,0.6827208702354496
IMG_0007|r5|BDA-EHHO-VC-Calibrated,IMG_0007,108005.jpg,5,BDA-EHHO-VC-Calibrated,0.0013905888370225475,6.116087215011437e-05,0.006509025200613985,0.6828491543109573
IMG_0007|r5|BEHHO-VC-Calibrated,IMG_0007,108005.jpg,5,BEHHO-VC-Calibrated,0.0013639640326917376,6.482743387932108e-05,0.006509025200613985,0.6826038081062927
IMG_0007|r5|HHO-VC,IMG_0007,108005.jpg,5,HHO-VC,0.0012170393856553035,7.033174744361675e-05,0.006509025200613985,0.6827390640964142
IMG_0007|r5|MO-BDA-EHHO-VC,IMG_0007,108005.jpg,5,MO-BDA-EHHO-VC,0.001902282150608521,6.18338757333269e-05,0.006509025200613985,0.6830582651852688
IMG_0008|r1|EHHO-VC,IMG_0008,108070.jpg,1,EHHO-VC,0.002015151694777098,8.764597654848864e-05,0.010926095038244571,0.6659378617222294
IMG_0008|r1|BDA-EHHO-VC-Calibrated,IMG_0008,108070.jpg,1,BDA-EHHO-VC-Calibrated,0.0023314506207610434,9.166183107180979e-05,0.010926095038244571,0.6657462758791867
IMG_0008|r1|BEHHO-VC-Calibrated,IMG_0008,108070.jpg,1,BEHHO-VC-Calibrated,0.0027084367710438774,8.80078374532775e-05,0.010926095038244571,0.6657905837299817
IMG_0008|r1|HHO-VC,IMG_0008,108070.jpg,1,HHO-VC,0.0020280347875281297,8.960075907767399e-05,0.010926095038244571,0.6659479788296526
IMG_0008|r1|MO-BDA-EHHO-VC,IMG_0008,108070.jpg,1,MO-BDA-EHHO-VC,0.0022230580297380492,8.509830008284558e-05,0.010926095038244571,0.6656876813181182
IMG_0008|r2|BDA-EHHO-VC-Calibrated,IMG_0008,108070.jpg,2,BDA-EHHO-VC-Calibrated,0.0014533991194877656,7.568320206401473e-05,0.010926095038244571,0.6661087223109019
IMG_0008|r2|EHHO-VC,IMG_0008,108070.jpg,2,EHHO-VC,0.0014929788758207274,7.943580227263725e-05,0.010926095038244571,0.6660132024242881
IMG_0008|r2|BEHHO-VC-Calibrated,IMG_0008,108070.jpg,2,BEHHO-VC-Calibrated,0.0017169339062981983,7.741591345287615e-05,0.010926095038244571,0.6661702927408065
IMG_0008|r2|HHO-VC,IMG_0008,108070.jpg,2,HHO-VC,0.001565134795466378,7.978059420576056e-05,0.010926095038244571,0.6660412467074175
IMG_0008|r2|MO-BDA-EHHO-VC,IMG_0008,108070.jpg,2,MO-BDA-EHHO-VC,0.0016287047412789296,7.53986176913625e-05,0.010926095038244571,0.6661817771393168
IMG_0008|r3|BEHHO-VC-Calibrated,IMG_0008,108070.jpg,3,BEHHO-VC-Calibrated,0.0012277603265129194,6.219220309034573e-05,0.010926095038244571,0.6662423781894726
IMG_0008|r3|EHHO-VC,IMG_0008,108070.jpg,3,EHHO-VC,0.0011613628820603629,5.6916663798478277e-05,0.010926095038244571,0.6662466536198063
IMG_0008|r3|HHO-VC,IMG_0008,108070.jpg,3,HHO-VC,0.0010981189204394008,6.466158002259173e-05,0.010926095038244571,0.6658707247666922
IMG_0008|r3|BDA-EHHO-VC-Calibrated,IMG_0008,108070.jpg,3,BDA-EHHO-VC-Calibrated,0.0013888042171791455,6.339155156389696e-05,0.010926095038244571,0.6660333519771479
IMG_0008|r3|MO-BDA-EHHO-VC,IMG_0008,108070.jpg,3,MO-BDA-EHHO-VC,0.000991903812539393,5.542273660000208e-05,0.010926095038244571,0.6661085572200277
IMG_0008|r4|BDA-EHHO-VC-Calibrated,IMG_0008,108070.jpg,4,BDA-EHHO-VC-Calibrated,0.001940861082402352,7.260527830704401e-05,0.010926095038244571,0.6660015487018042
IMG_0008|r4|EHHO-VC,IMG_0008,108070.jpg,4,EHHO-VC,0.002040497814286725,7.371529736550377e-05,0.010926095038244571,0.6659234310865783
IMG_0008|r4|HHO-VC,IMG_0008,108070.jpg,4,HHO-VC,0.002040497814286725,7.371529736550377e-05,0.010926095038244571,0.6659234310865783
IMG_0008|r4|BEHHO-VC-Calibrated,IMG_0008,108070.jpg,4,BEHHO-VC-Calibrated,0.0023019674628205777,6.985697085685901e-05,0.010926095038244571,0.6658223319750339
IMG_0008|r4|MO-BDA-EHHO-VC,IMG_0008,108070.jpg,4,MO-BDA-EHHO-VC,0.0015859394148208018,8.145005416340896e-05,0.010926095038244571,0.6660432489634055
IMG_0008|r5|BEHHO-VC-Calibrated,IMG_0008,108070.jpg,5,BEHHO-VC-Calibrated,0.0024674106834395395,7.722003697746111e-05,0.010926095038244571,0.6655058231373595
IMG_0008|r5|BDA-EHHO-VC-Calibrated,IMG_0008,108070.jpg,5,BDA-EHHO-VC-Calibrated,0.0016976525223352703,6.869153119622401e-05,0.010926095038244571,0.6657568120634446
IMG_0008|r5|EHHO-VC,IMG_0008,108070.jpg,5,EHHO-VC,0.0022178047153033806,7.06220338092769e-05,0.010926095038244571,0.6658573693382736
IMG_0008|r5|HHO-VC,IMG_0008,108070.jpg,5,HHO-VC,0.0029187169676600597,8.113575403117101e-05,0.010926095038244571,0.6657112681476424
IMG_0008|r5|MO-BDA-EHHO-VC,IMG_0008,108070.jpg,5,MO-BDA-EHHO-VC,0.0020182649979452135,6.808688522384468e-05,0.010926095038244571,0.6657825069764401
IMG_0009|r1|HHO-VC,IMG_0009,108082.jpg,1,HHO-VC,0.0025175026243516533,7.521054241622094e-05,0.010036636204860503,0.6500768178794244
IMG_0009|r1|BEHHO-VC-Calibrated,IMG_0009,108082.jpg,1,BEHHO-VC-Calibrated,0.002330156146128959,7.603325903750347e-05,0.010036636204860503,0.6501712117616137
IMG_0009|r1|EHHO-VC,IMG_0009,108082.jpg,1,EHHO-VC,0.0025175026243516533,7.521054241622094e-05,0.010036636204860503,0.6500768178794244
IMG_0009|r1|BDA-EHHO-VC-Calibrated,IMG_0009,108082.jpg,1,BDA-EHHO-VC-Calibrated,0.00256824296074233,7.763116931464114e-05,0.010036636204860503,0.6501800631723343
IMG_0009|r1|MO-BDA-EHHO-VC,IMG_0009,108082.jpg,1,MO-BDA-EHHO-VC,0.002713759700206613,7.954948630371573e-05,0.010036636204860503,0.6500881922173517
IMG_0009|r2|HHO-VC,IMG_0009,108082.jpg,2,HHO-VC,0.0013272227973484551,7.053085289457092e-05,0.010036636204860503,0.6502053855725879
IMG_0009|r2|EHHO-VC,IMG_0009,108082.jpg,2,EHHO-VC,0.0013272227973484551,7.053085289457092e-05,0.010036636204860503,0.6502053855725879
IMG_0009|r2|BDA-EHHO-VC-Calibrated,IMG_0009,108082.jpg,2,BDA-EHHO-VC-Calibrated,0.0015165983798966773,6.58859751452993e-05,0.010036636204860503,0.6500171862090175
IMG_0009|r2|BEHHO-VC-Calibrated,IMG_0009,108082.jpg,2,BEHHO-VC-Calibrated,0.001072307574498881,6.439652564949051e-05,0.010036636204860503,0.6500017480957235
IMG_0009|r2|MO-BDA-EHHO-VC,IMG_0009,108082.jpg,2,MO-BDA-EHHO-VC,0.001248172273285324,7.294882155983529e-05,0.010036636204860503,0.6500324761638346
IMG_0009|r3|BDA-EHHO-VC-Calibrated,IMG_0009,108082.jpg,3,BDA-EHHO-VC-Calibrated,0.0019471689364570402,5.609987187815508e-05,0.010036636204860503,0.6500060150598584
IMG_0009|r3|HHO-VC,IMG_0009,108082.jpg,3,HHO-VC,0.0016033366972653413,5.5750982582524297e-05,0.010036636204860503,0.6503413654226965
IMG_0009|r3|EHHO-VC,IMG_0009,108082.jpg,3,EHHO-VC,0.0016033366972653413,5.5750982582524297e-05,0.010036636204860503,0.6503413654226965
IMG_0009|r3|BEHHO-VC-Calibrated,IMG_0009,108082.jpg,3,BEHHO-VC-Calibrated,0.0017809137222287534,5.750888839444135e-05,0.010036636204860503,0.6499623718056601
IMG_0009|r3|MO-BDA-EHHO-VC,IMG_0009,108082.jpg,3,MO-BDA-EHHO-VC,0.0013931092566519332,6.018373003620155e-05,0.010036636204860503,0.6498980837259788
IMG_0009|r4|EHHO-VC,IMG_0009,108082.jpg,4,EHHO-VC,0.002348486005127055,6.990666693881337e-05,0.010036636204860503,0.6504187676441339
IMG_0009|r4|HHO-VC,IMG_0009,108082.jpg,4,HHO-VC,0.002147311696123299,7.1410116007951e-05,0.010036636204860503,0.6503153445610517
IMG_0009|r4|BDA-EHHO-VC-Calibrated,IMG_0009,108082.jpg,4,BDA-EHHO-VC-Calibrated,0.001901910370386752,7.328189814111853e-05,0.010036636204860503,0.650198468688266
IMG_0009|r4|BEHHO-VC-Calibrated,IMG_0009,108082.jpg,4,BEHHO-VC-Calibrated,0.0021087206120641196,7.052516391151708e-05,0.010036636204860503,0.6503134269670504
IMG_0009|r4|MO-BDA-EHHO-VC,IMG_0009,108082.jpg,4,MO-BDA-EHHO-VC,0.0020319481921136765,7.579582641494287e-05,0.010036636204860503,0.6503116998625196
IMG_0009|r5|EHHO-VC,IMG_0009,108082.jpg,5,EHHO-VC,0.0018252727438928295,7.71585270953489e-05,0.010036636204860503,0.650343024797638
IMG_0009|r5|BEHHO-VC-Calibrated,IMG_0009,108082.jpg,5,BEHHO-VC-Calibrated,0.0020577130694096938,8.084943895321584e-05,0.010036636204860503,0.6502193463342123
IMG_0009|r5|BDA-EHHO-VC-Calibrated,IMG_0009,108082.jpg,5,BDA-EHHO-VC-Calibrated,0.001694163688824672,7.692198095934924e-05,0.010036636204860503,0.6502368925309778
IMG_0009|r5|HHO-VC,IMG_0009,108082.jpg,5,HHO-VC,0.0021811881561105964,7.449096023626695e-05,0.010036636204860503,0.6502881257322936
IMG_0009|r5|MO-BDA-EHHO-VC,IMG_0009,108082.jpg,5,MO-BDA-EHHO-VC,0.0022179152181299308,7.518097420923078e-05,0.010036636204860503,0.6500826299248186
IMG_0010|r1|HHO-VC,IMG_0010,109053.jpg,1,HHO-VC,0.003020291726609444,8.790875802822081e-05,0.0015630296004127782,0.7151899550664225
IMG_0010|r1|EHHO-VC,IMG_0010,109053.jpg,1,EHHO-VC,0.003015015506109187,8.761878184607196e-05,0.0015630296004127782,0.7151839271329617
IMG_0010|r1|BDA-EHHO-VC-Calibrated,IMG_0010,109053.jpg,1,BDA-EHHO-VC-Calibrated,0.003300069846563636,9.532495576233879e-05,0.0015630296004127782,0.7150868579319895
IMG_0010|r1|BEHHO-VC-Calibrated,IMG_0010,109053.jpg,1,BEHHO-VC-Calibrated,0.003299034357784143,9.471749833510366e-05,0.0015630296004127782,0.7151101442114604
IMG_0010|r1|MO-BDA-EHHO-VC,IMG_0010,109053.jpg,1,MO-BDA-EHHO-VC,0.002347571872477447,9.243668897833092e-05,0.0015630296004127782,0.7153115339125752
IMG_0010|r2|BDA-EHHO-VC-Calibrated,IMG_0010,109053.jpg,2,BDA-EHHO-VC-Calibrated,0.0008207997491885447,8.531023296134295e-05,0.0015630296004127782,0.7153859898968719
IMG_0010|r2|HHO-VC,IMG_0010,109053.jpg,2,HHO-VC,0.0007848425222578637,8.532584208022176e-05,0.0015630296004127782,0.7152875153069184
IMG_0010|r2|BEHHO-VC-Calibrated,IMG_0010,109053.jpg,2,BEHHO-VC-Calibrated,0.001072827971277918,8.408329410618026e-05,0.0015630296004127782,0.7154063849694934
IMG_0010|r2|EHHO-VC,IMG_0010,109053.jpg,2,EHHO-VC,0.0007848425222578637,8.532584208022176e-05,0.0015630296004127782,0.7152875153069184
IMG_0010|r2|MO-BDA-EHHO-VC,IMG_0010,109053.jpg,2,MO-BDA-EHHO-VC,0.0007753962239159347,8.002005905201048e-05,0.0015630296004127782,0.7153650572206339
IMG_0010|r3|HHO-VC,IMG_0010,109053.jpg,3,HHO-VC,0.003045954556148736,9.204540604447112e-05,0.0015630296004127782,0.7153131594227219
IMG_0010|r3|BEHHO-VC-Calibrated,IMG_0010,109053.jpg,3,BEHHO-VC-Calibrated,0.0028061366554709304,9.018307495972328e-05,0.0015630296004127782,0.7153884874254826
IMG_0010|r3|EHHO-VC,IMG_0010,109053.jpg,3,EHHO-VC,0.0020890511801084006,8.843305295266246e-05,0.0015630296004127782,0.7154848073678717
IMG_0010|r3|BDA-EHHO-VC-Calibrated,IMG_0010,109053.jpg,3,BDA-EHHO-VC-Calibrated,0.0024551212457570395,9.844962625817656e-05,0.0015630296004127782,0.7154148934991674
IMG_0010|r3|MO-BDA-EHHO-VC,IMG_0010,109053.jpg,3,MO-BDA-EHHO-VC,0.00279519874887324,9.143396666976804e-05,0.0015630296004127782,0.7153944687948504
IMG_0010|r4|EHHO-VC,IMG_0010,109053.jpg,4,EHHO-VC,0.0014359500512700534,6.215265430049142e-05,0.0015630296004127782,0.7155162338973743
IMG_0010|r4|BDA-EHHO-VC-Calibrated,IMG_0010,109053.jpg,4,BDA-EHHO-VC-Calibrated,0.0017762365012689311,6.17461957532378e-05,0.0015630296004127782,0.7153934232193132
IMG_0010|r4|BEHHO-VC-Calibrated,IMG_0010,109053.jpg,4,BEHHO-VC-Calibrated,0.0015418386785403901,5.754955756741366e-05,0.0015630296004127782,0.7154526188804882
IMG_0010|r4|HHO-VC,IMG_0010,109053.jpg,4,HHO-VC,0.0014359500512700534,6.215265430049142e-05,0.0015630296004127782,0.7155162338973743
IMG_0010|r4|MO-BDA-EHHO-VC,IMG_0010,109053.jpg,4,MO-BDA-EHHO-VC,0.0018644809988351476,6.0511001994829605e-05,0.0015630296004127782,0.7156170874891569
IMG_0010|r5|HHO-VC,IMG_0010,109053.jpg,5,HHO-VC,0.0019894656838315952,7.046722256690915e-05,0.0015630296004127782,0.7152341443904359
IMG_0010|r5|EHHO-VC,IMG_0010,109053.jpg,5,EHHO-VC,0.002308039385876138,7.05671030882538e-05,0.0015630296004127782,0.7152407734240028
IMG_0010|r5|BEHHO-VC-Calibrated,IMG_0010,109053.jpg,5,BEHHO-VC-Calibrated,0.0021273097397633855,7.096818444740184e-05,0.0015630296004127782,0.7152038353991593
IMG_0010|r5|BDA-EHHO-VC-Calibrated,IMG_0010,109053.jpg,5,BDA-EHHO-VC-Calibrated,0.0021091482880609565,7.1912296020474e-05,0.0015630296004127782,0.7152803783014307
IMG_0010|r5|MO-BDA-EHHO-VC,IMG_0010,109053.jpg,5,MO-BDA-EHHO-VC,0.001863293002710041,7.264686411034713e-05,0.0015630296004127782,0.7153170030769229
IMG_0011|r1|HHO-VC,IMG_0011,119082.jpg,1,HHO-VC,0.002102936228774602,7.16953722453293e-05,0.03919663732747845,0.6615877510831644
IMG_0011|r1|EHHO-VC,IMG_0011,119082.jpg,1,EHHO-VC,0.0024036108995783676,7.026159757252952e-05,0.03919663732747845,0.6616731496292556
IMG_0011|r1|BDA-EHHO-VC-Calibrated,IMG_0011,119082.jpg,1,BDA-EHHO-VC-Calibrated,0.002081014449345819,7.187426958728251e-05,0.03919663732747845,0.6616677397282987
IMG_0011|r1|BEHHO-VC-Calibrated,IMG_0011,119082.jpg,1,BEHHO-VC-Calibrated,0.0022699899826408416,7.189697625272801e-05,0.03919663732747845,0.6617541245865363
IMG_0011|r1|MO-BDA-EHHO-VC,IMG_0011,119082.jpg,1,MO-BDA-EHHO-VC,0.0016848919076741721,6.9683546718611e-05,0.03919663732747845,0.6616089123467666
IMG_0011|r2|HHO-VC,IMG_0011,119082.jpg,2,HHO-VC,0.0026440296922868606,6.587902389336568e-05,0.03919663732747845,0.6615813252383659
IMG_0011|r2|BEHHO-VC-Calibrated,IMG_0011,119082.jpg,2,BEHHO-VC-Calibrated,0.002057575857492024,6.668696914686137e-05,0.03919663732747845,0.6613679431668199
IMG_0011|r2|EHHO-VC,IMG_0011,119082.jpg,2,EHHO-VC,0.002192186252415382,7.645136068766117e-05,0.03919663732747845,0.6617345592013854
IMG_0011|r2|BDA-EHHO-VC-Calibrated,IMG_0011,119082.jpg,2,BDA-EHHO-VC-Calibrated,0.0024068966575765665,7.600131530954678e-05,0.03919663732747845,0.6617885904813651
IMG_0011|r2|MO-BDA-EHHO-VC,IMG_0011,119082.jpg,2,MO-BDA-EHHO-VC,0.001930816574576955,7.229416144429207e-05,0.03919663732747845,0.6616648654538467
IMG_0011|r3|HHO-VC,IMG_0011,119082.jpg,3,HHO-VC,0.003276029465736331,6.423574612001336e-05,0.03919663732747845,0.6612790692461703
IMG_0011|r3|BDA-EHHO-VC-Calibrated,IMG_0011,119082.jpg,3,BDA-EHHO-VC-Calibrated,0.002926327590544425,5.744547293388638e-05,0.03919663732747845,0.6614139865883444
IMG_0011|r3|BEHHO-VC-Calibrated,IMG_0011,119082.jpg,3,BEHHO-VC-Calibrated,0.0030798867510238785,5.953091419254363e-05,0.03919663732747845,0.6614480672711333
IMG_0011|r3|EHHO-VC,IMG_0011,119082.jpg,3,EHHO-VC,0.003276029465736331,6.423574612001336e-05,0.03919663732747845,0.6612790692461703
IMG_0011|r3|MO-BDA-EHHO-VC,IMG_0011,119082.jpg,3,MO-BDA-EHHO-VC,0.0029253746303212376,6.148721288053505e-05,0.03919663732747845,0.6613608696578223
IMG_0011|r4|HHO-VC,IMG_0011,119082.jpg,4,HHO-VC,0.0016134959676010836,6.34986778171418e-05,0.03919663732747845,0.6612929495789072
IMG_0011|r4|BDA-EHHO-VC-Calibrated,IMG_0011,119082.jpg,4,BDA-EHHO-VC-Calibrated,0.0013825947954042728,6.478603388394219e-05,0.03919663732747845,0.6613110926426796
IMG_0011|r4|BEHHO-VC-Calibrated,IMG_0011,119082.jpg,4,BEHHO-VC-Calibrated,0.0014698475857636984,6.742202027727074e-05,0.03919663732747845,0.6612897239572099
IMG_0011|r4|EHHO-VC,IMG_0011,119082.jpg,4,EHHO-VC,0.001536655418274801,6.2817942996624e-05,0.03919663732747845,0.6612789803510841
IMG_0011|r4|MO-BDA-EHHO-VC,IMG_0011,119082.jpg,4,MO-BDA-EHHO-VC,0.0016689903213313094,6.203633011694628e-05,0.03919663732747845,0.6612146626397076
IMG_0011|r5|EHHO-VC,IMG_0011,119082.jpg,5,EHHO-VC,0.0018269898175453478,6.156689512676857e-05,0.03919663732747845,0.6612038809356879
IMG_0011|r5|BDA-EHHO-VC-Calibrated,IMG_0011,119082.jpg,5,BDA-EHHO-VC-Calibrated,0.001857096476081516,6.376499698283672e-05,0.03919663732747845,0.6610660385218697
IMG_0011|r5|HHO-VC,IMG_0011,119082.jpg,5,HHO-VC,0.0018377281071422363,6.259326990948429e-05,0.03919663732747845,0.6612000415145862
IMG_0011|r5|BEHHO-VC-Calibrated,IMG_0011,119082.jpg,5,BEHHO-VC-Calibrated,0.0023051467137614923,6.410991619634208e-05,0.03919663732747845,0.6613299384009428
IMG_0011|r5|MO-BDA-EHHO-VC,IMG_0011,119082.jpg,5,MO-BDA-EHHO-VC,0.002315595152227856,6.149660206212981e-05,0.03919663732747845,0.6611719591335627
IMG_0012|r1|BEHHO-VC-Calibrated,IMG_0012,12084.jpg,1,BEHHO-VC-Calibrated,0.0015631389097864948,5.611004192709013e-05,0.0005828977791594614,0.7018528378070897
IMG_0012|r1|BDA-EHHO-VC-Calibrated,IMG_0012,12084.jpg,1,BDA-EHHO-VC-Calibrated,0.0017163185859990799,5.514011310023769e-05,0.0005828977791594614,0.7018546538067066
IMG_0012|r1|EHHO-VC,IMG_0012,12084.jpg,1,EHHO-VC,0.0017385847085879338,5.743393497162445e-05,0.0005828977791594614,0.7018634120892419
IMG_0012|r1|HHO-VC,IMG_0012,12084.jpg,1,HHO-VC,0.0017408761202328295,5.7052672777945586e-05,0.0005828977791594614,0.7018642544760105
IMG_0012|r1|MO-BDA-EHHO-VC,IMG_0012,12084.jpg,1,MO-BDA-EHHO-VC,0.0021641077762167404,5.759538300982905e-05,0.0005828977791594614,0.7018638184667786
IMG_0012|r2|BDA-EHHO-VC-Calibrated,IMG_0012,12084.jpg,2,BDA-EHHO-VC-Calibrated,0.0023639732141061388,7.1577553180195e-05,0.0005828977791594614,0.701857032808536
IMG_0012|r2|BEHHO-VC-Calibrated,IMG_0012,12084.jpg,2,BEHHO-VC-Calibrated,0.0026905039915448054,6.995094674936318e-05,0.0005828977791594614,0.7019237379879405
IMG_0012|r2|HHO-VC,IMG_0012,12084.jpg,2,HHO-VC,0.0025637439163238803,7.156080800675508e-05,0.0005828977791594614,0.7018983986552895
IMG_0012|r2|EHHO-VC,IMG_0012,12084.jpg,2,EHHO-VC,0.002604922745916647,7.10041995860811e-05,0.0005828977791594614,0.701906852154672
IMG_0012|r2|MO-BDA-EHHO-VC,IMG_0012,12084.jpg,2,MO-BDA-EHHO-VC,0.002198847523381734,7.590247416728217e-05,0.0005828977791594614,0.7017967915718241
IMG_0012|r3|BEHHO-VC-Calibrated,IMG_0012,12084.jpg,3,BEHHO-VC-Calibrated,0.0013955666632708506,6.464572588358077e-05,0.0005828977791594614,0.7016852790359026
IMG_0012|r3|BDA-EHHO-VC-Calibrated,IMG_0012,12084.jpg,3,BDA-EHHO-VC-Calibrated,0.001431226093466365,6.515573695716468e-05,0.0005828977791594614,0.7016294783203989
IMG_0012|r3|EHHO-VC,IMG_0012,12084.jpg,3,EHHO-VC,0.001282923090655202,6.221743741182297e-05,0.0005828977791594614,0.7016464403494554
IMG_0012|r3|HHO-VC,IMG_0012,12084.jpg,3,HHO-VC,0.001332703078142622,6.222814344947571e-05,0.0005828977791594614,0.701661586378895
IMG_0012|r3|MO-BDA-EHHO-VC,IMG_0012,12084.jpg,3,MO-BDA-EHHO-VC,0.001109249637782135,5.2556753095392264e-05,0.0005828977791594614,0.7017863993129435
IMG_0012|r4|BEHHO-VC-Calibrated,IMG_0012,12084.jpg,4,BEHHO-VC-Calibrated,0.0013457326997147441,9.417040145586396e-05,0.0005828977791594614,0.7018154764723122
IMG_0012|r4|EHHO-VC,IMG_0012,12084.jpg,4,EHHO-VC,0.00182186261662441,9.185345386456402e-05,0.0005828977791594614,0.7017666730700179
IMG_0012|r4|BDA-EHHO-VC-Calibrated,IMG_0012,12084.jpg,4,BDA-EHHO-VC-Calibrated,0.0018996985600238277,9.281669850758939e-05,0.0005828977791594614,0.7017831144278558
IMG_0012|r4|HHO-VC,IMG_0012,12084.jpg,4,HHO-VC,0.0016862225752719282,9.012483064623794e-05,0.0005828977791594614,0.7017458631536609
IMG_0012|r4|MO-BDA-EHHO-VC,IMG_0012,12084.jpg,4,MO-BDA-EHHO-VC,0.0021921355634133464,9.086843531291443e-05,0.0005828977791594614,0.7016606847287354
IMG_0012|r5|BEHHO-VC-Calibrated,IMG_0012,12084.jpg,5,BEHHO-VC-Calibrated,0.0012904135584175809,7.541252572826691e-05,0.0005828977791594614,0.701750020057213
IMG_0012|r5|BDA-EHHO-VC-Calibrated,IMG_0012,12084.jpg,5,BDA-EHHO-VC-Calibrated,0.0013784337303863476,7.56397261067e-05,0.0005828977791594614,0.7018375478522726
IMG_0012|r5|HHO-VC,IMG_0012,12084.jpg,5,HHO-VC,0.0017306843213647938,7.80695321278845e-05,0.0005828977791594614,0.7017971175204734
IMG_0012|r5|EHHO-VC,IMG_0012,12084.jpg,5,EHHO-VC,0.0017404651265714034,7.80850078849414e-05,0.0005828977791594614,0.7017983535854807
IMG_0012|r5|MO-BDA-EHHO-VC,IMG_0012,12084.jpg,5,MO-BDA-EHHO-VC,0.0016748879262662164,7.912505615382063e-05,0.0005828977791594614,0.7017558532681041
IMG_0013|r1|BDA-EHHO-VC-Calibrated,IMG_0013,123074.jpg,1,BDA-EHHO-VC-Calibrated,0.0017965372178970977,5.738358977159588e-05,0.0008808233107298526,0.7193473996086938
IMG_0013|r1|EHHO-VC,IMG_0013,123074.jpg,1,EHHO-VC,0.0021441940094754654,6.415937374670919e-05,0.0008808233107298526,0.7192587415761106
IMG_0013|r1|BEHHO-VC-Calibrated,IMG_0013,123074.jpg,1,BEHHO-VC-Calibrated,0.0022596527599722115,6.569499678596152e-05,0.0008808233107298526,0.719311515625586
IMG_0013|r1|HHO-VC,IMG_0013,123074.jpg,1,HHO-VC,0.002082046092102795,6.330289615198252e-05,0.0008808233107298526,0.7192621449879802
IMG_0013|r1|MO-BDA-EHHO-VC,IMG_0013,123074.jpg,1,MO-BDA-EHHO-VC,0.0024280450806806486,6.0884727911183344e-05,0.0008808233107298526,0.7192093201413124
IMG_0013|r2|HHO-VC,IMG_0013,123074.jpg,2,HHO-VC,0.0015184722714290816,5.71290324918431e-05,0.0008808233107298526,0.7191518939156619
IMG_0013|r2|EHHO-VC,IMG_0013,123074.jpg,2,EHHO-VC,0.0015184722714290816,5.71290324918431e-05,0.0008808233107298526,0.7191518939156619
IMG_0013|r2|BDA-EHHO-VC-Calibrated,IMG_0013,123074.jpg,2,BDA-EHHO-VC-Calibrated,0.0018600035389161379,5.5755662369690025e-05,0.0008808233107298526,0.7191974589969609
IMG_0013|r2|BEHHO-VC-Calibrated,IMG_0013,123074.jpg,2,BEHHO-VC-Calibrated,0.0013520920887845715,5.695354181743886e-05,0.0008808233107298526,0.7191458575160027
IMG_0013|r2|MO-BDA-EHHO-VC,IMG_0013,123074.jpg,2,MO-BDA-EHHO-VC,0.0020234538214765354,5.868127929894209e-05,0.0008808233107298526,0.7190708088977985
IMG_0013|r3|HHO-VC,IMG_0013,123074.jpg,3,HHO-VC,0.0018555125177559762,5.694009067434933e-05,0.0008808233107298526,0.7193381672190325
IMG_0013|r3|BDA-EHHO-VC-Calibrated,IMG_0013,123074.jpg,3,BDA-EHHO-VC-Calibrated,0.0015429126741325835,5.475152828560222e-05,0.0008808233107298526,0.7193490293519398
IMG_0013|r3|EHHO-VC,IMG_0013,123074.jpg,3,EHHO-VC,0.001348434977007906,5.699430082321176e-05,0.0008808233107298526,0.7193124765391364
IMG_0013|r3|BEHHO-VC-Calibrated,IMG_0013,123074.jpg,3,BEHHO-VC-Calibrated,0.001955859038047085,5.993580421987702e-05,0.0008808233107298526,0.719336406249707
IMG_0013|r3|MO-BDA-EHHO-VC,IMG_0013,123074.jpg,3,MO-BDA-EHHO-VC,0.0021871562841052398,5.2706455029142776e-05,0.0008808233107298526,0.7194524058709293
IMG_0013|r4|EHHO-VC,IMG_0013,123074.jpg,4,EHHO-VC,0.0022341575187607102,6.742116747733262e-05,0.0008808233107298526,0.7193838465940138
IMG_0013|r4|BDA-EHHO-VC-Calibrated,IMG_0013,123074.jpg,4,BDA-EHHO-VC-Calibrated,0.0020795522609185716,6.895028649110702e-05,0.0008808233107298526,0.7193919233475551
IMG_0013|r4|HHO-VC,IMG_0013,123074.jpg,4,HHO-VC,0.0021773267891590175,6.707795009501242e-05,0.0008808233107298526,0.7194078440341739
IMG_0013|r4|BEHHO-VC-Calibrated,IMG_0013,123074.jpg,4,BEHHO-VC-Calibrated,0.0022571460704633108,7.027235990566428e-05,0.0008808233107298526,0.71933343461397
IMG_0013|r4|MO-BDA-EHHO-VC,IMG_0013,123074.jpg,4,MO-BDA-EHHO-VC,0.0015532824312336363,7.542934561840321e-05,0.0008808233107298526,0.7194793072172369
IMG_0013|r5|BEHHO-VC-Calibrated,IMG_0013,123074.jpg,5,BEHHO-VC-Calibrated,0.0014354924748209233,7.994273324978236e-05,0.0008808233107298526,0.7193520433186702
IMG_0013|r5|BDA-EHHO-VC-Calibrated,IMG_0013,123074.jpg,5,BDA-EHHO-VC-Calibrated,0.0012529055742051794,7.94383509273352e-05,0.0008808233107298526,0.7193926091096482
IMG_0013|r5|EHHO-VC,IMG_0013,123074.jpg,5,EHHO-VC,0.001443202703673131,7.801562742063498e-05,0.0008808233107298526,0.7193827586874834
IMG_0013|r5|HHO-VC,IMG_0013,123074.jpg,5,HHO-VC,0.0014498881999034827,7.862864777429512e-05,0.0008808233107298526,0.7193261409838069
IMG_0013|r5|MO-BDA-EHHO-VC,IMG_0013,123074.jpg,5,MO-BDA-EHHO-VC,0.0013644099689284596,8.110317105095644e-05,0.0008808233107298526,0.7192907692057192
IMG_0014|r1|BEHHO-VC-Calibrated,IMG_0014,126007.jpg,1,BEHHO-VC-Calibrated,0.0019732702425779266,6.448603533411306e-05,0.01992862740526292,0.6976105050147026
IMG_0014|r1|BDA-EHHO-VC-Calibrated,IMG_0014,126007.jpg,1,BDA-EHHO-VC-Calibrated,0.002408089629888005,6.781399829656175e-05,0.01992862740526292,0.6977287524116745
IMG_0014|r1|EHHO-VC,IMG_0014,126007.jpg,1,EHHO-VC,0.0024649168321669965,6.563347005386133e-05,0.01992862740526292,0.6977004372101874
IMG_0014|r1|HHO-VC,IMG_0014,126007.jpg,1,HHO-VC,0.0024649168321669965,6.563347005386133e-05,0.01992862740526292,0.6977004372101874
IMG_0014|r1|MO-BDA-EHHO-VC,IMG_0014,126007.jpg,1,MO-BDA-EHHO-VC,0.0024650267293920476,6.650787389131634e-05,0.01992862740526292,0.6975971241876878
IMG_0014|r2|BEHHO-VC-Calibrated,IMG_0014,126007.jpg,2,BEHHO-VC-Calibrated,0.002354427163513016,7.049099664457936e-05,0.01992862740526292,0.6973902780215232
IMG_0014|r2|BDA-EHHO-VC-Calibrated,IMG_0014,126007.jpg,2,BDA-EHHO-VC-Calibrated,0.0021961695544757314,6.885124796003133e-05,0.01992862740526292,0.6974865217681244
IMG_0014|r2|HHO-VC,IMG_0014,126007.jpg,2,HHO-VC,0.0024227199344077975,7.17720970904033e-05,0.01992862740526292,0.6973946550462413
IMG_0014|r2|EHHO-VC,IMG_0014,126007.jpg,2,EHHO-VC,0.0023267463274290277,7.184649635978115e-05,0.01992862740526292,0.6974552687956951
IMG_0014|r2|MO-BDA-EHHO-VC,IMG_0014,126007.jpg,2,MO-BDA-EHHO-VC,0.00224123524333174,7.18487395908532e-05,0.01992862740526292,0.6975630011739056
IMG_0014|r3|BDA-EHHO-VC-Calibrated,IMG_0014,126007.jpg,3,BDA-EHHO-VC-Calibrated,0.002598178934173245,7.963633467993055e-05,0.01992862740526292,0.6981019382164161
IMG_0014|r3|HHO-VC,IMG_0014,126007.jpg,3,HHO-VC,0.0021799977404571478,7.400408318964439e-05,0.01992862740526292,0.6980370151718338
IMG_0014|r3|EHHO-VC,IMG_0014,126007.jpg,3,EHHO-VC,0.002179167021810913,7.266834501707745e-05,0.01992862740526292,0.6980411297443926
IMG_0014|r3|BEHHO-VC-Calibrated,IMG_0014,126007.jpg,3,BEHHO-VC-Calibrated,0.0021039084264586694,7.456149180643326e-05,0.01992862740526292,0.6980321979047847
IMG_0014|r3|MO-BDA-EHHO-VC,IMG_0014,126007.jpg,3,MO-BDA-EHHO-VC,0.0018540765339157457,7.61005430299123e-05,0.01992862740526292,0.6980152866729202
IMG_0014|r4|EHHO-VC,IMG_0014,126007.jpg,4,EHHO-VC,0.0015182720948186976,6.706056460326267e-05,0.01992862740526292,0.6974910554175179
IMG_0014|r4|BDA-EHHO-VC-Calibrated,IMG_0014,126007.jpg,4,BDA-EHHO-VC-Calibrated,0.001397254195871732,6.442967475894287e-05,0.01992862740526292,0.6975369041164727
IMG_0014|r4|BEHHO-VC-Calibrated,IMG_0014,126007.jpg,4,BEHHO-VC-Calibrated,0.001660471640521328,6.684885228300384e-05,0.01992862740526292,0.6974863439779521
IMG_0014|r4|HHO-VC,IMG_0014,126007.jpg,4,HHO-VC,0.0014193429027271245,6.682513328717071e-05,0.01992862740526292,0.6975014095785044
IMG_0014|r4|MO-BDA-EHHO-VC,IMG_0014,126007.jpg,4,MO-BDA-EHHO-VC,0.0015774993601304287,6.623698784895565e-05,0.01992862740526292,0.6975865880034299
IMG_0014|r5|HHO-VC,IMG_0014,126007.jpg,5,HHO-VC,0.0027516367561675886,7.074750040274372e-05,0.01992862740526292,0.6979038672651839
IMG_0014|r5|EHHO-VC,IMG_0014,126007.jpg,5,EHHO-VC,0.0027516367561675886,7.074750040274372e-05,0.01992862740526292,0.6979038672651839
IMG_0014|r5|BEHHO-VC-Calibrated,IMG_0014,126007.jpg,5,BEHHO-VC-Calibrated,0.0025663569238084582,6.645742946758197e-05,0.01992862740526292,0.6978531251033919
IMG_0014|r5|BDA-EHHO-VC-Calibrated,IMG_0014,126007.jpg,5,BDA-EHHO-VC-Calibrated,0.0031455270531838262,7.290811387840992e-05,0.01992862740526292,0.6980300178586244
IMG_0014|r5|MO-BDA-EHHO-VC,IMG_0014,126007.jpg,5,MO-BDA-EHHO-VC,0.002342798860006732,6.483467731165721e-05,0.01992862740526292,0.6978341311866519
IMG_0015|r1|HHO-VC,IMG_0015,130026.jpg,1,HHO-VC,0.001121335382140053,8.674075907070572e-05,0.02020064636887067,0.6753774365959471
IMG_0015|r1|BDA-EHHO-VC-Calibrated,IMG_0015,130026.jpg,1,BDA-EHHO-VC-Calibrated,0.001171896566831159,9.016861151236036e-05,0.02020064636887067,0.6753470471757831
IMG_0015|r1|BEHHO-VC-Calibrated,IMG_0015,130026.jpg,1,BEHHO-VC-Calibrated,0.0011460210493848815,8.625173151123177e-05,0.02020064636887067,0.675339482627262
IMG_0015|r1|EHHO-VC,IMG_0015,130026.jpg,1,EHHO-VC,0.00110590518198418,8.673199225102922e-05,0.02020064636887067,0.6753378825157114
IMG_0015|r1|MO-BDA-EHHO-VC,IMG_0015,130026.jpg,1,MO-BDA-EHHO-VC,0.001759903783352661,8.751276888748551e-05,0.02020064636887067,0.6750996013538457
IMG_0015|r2|EHHO-VC,IMG_0015,130026.jpg,2,EHHO-VC,0.0014875787911636385,7.221434893738047e-05,0.02020064636887067,0.6753043479027374
IMG_0015|r2|HHO-VC,IMG_0015,130026.jpg,2,HHO-VC,0.0014875787911636385,7.221434893738047e-05,0.02020064636887067,0.6753043479027374
IMG_0015|r2|BEHHO-VC-Calibrated,IMG_0015,130026.jpg,2,BEHHO-VC-Calibrated,0.0016072033585435481,7.100297135220319e-05,0.02020064636887067,0.6752937820867841
IMG_0015|r2|BDA-EHHO-VC-Calibrated,IMG_0015,130026.jpg,2,BDA-EHHO-VC-Calibrated,0.0014836487564217054,7.405939034361196e-05,0.02020064636887067,0.6751246020385496
IMG_0015|r2|MO-BDA-EHHO-VC,IMG_0015,130026.jpg,2,MO-BDA-EHHO-VC,0.001684836645478914,7.468944382929642e-05,0.02020064636887067,0.6753438046216883
IMG_0015|r3|HHO-VC,IMG_0015,130026.jpg,3,HHO-VC,0.002466931643155024,6.191402340990238e-05,0.02020064636887067,0.6756207466798291
IMG_0015|r3|EHHO-VC,IMG_0015,130026.jpg,3,EHHO-VC,0.0024977195035545434,6.188924524879403e-05,0.02020064636887067,0.6756237225486652
IMG_0015|r3|BEHHO-VC-Calibrated,IMG_0015,130026.jpg,3,BEHHO-VC-Calibrated,0.002399231424054255,6.129049659384207e-05,0.02020064636887067,0.6756539553441535
IMG_0015|r3|BDA-EHHO-VC-Calibrated,IMG_0015,130026.jpg,3,BDA-EHHO-VC-Calibrated,0.002601922384062659,6.528300776786357e-05,0.02020064636887067,0.6756783464625524
IMG_0015|r3|MO-BDA-EHHO-VC,IMG_0015,130026.jpg,3,MO-BDA-EHHO-VC,0.0026776704079818636,5.867706822219565e-05,0.02020064636887067,0.6759111118959775
IMG_0015|r4|BDA-EHHO-VC-Calibrated,IMG_0015,130026.jpg,4,BDA-EHHO-VC-Calibrated,0.0029290684965694435,6.654389840188215e-05,0.02020064636887067,0.6756711036295812
IMG_0015|r4|EHHO-VC,IMG_0015,130026.jpg,4,EHHO-VC,0.002117565502203504,6.121221121474252e-05,0.02020064636887067,0.6751570953090859
IMG_0015|r4|BEHHO-VC-Calibrated,IMG_0015,130026.jpg,4,BEHHO-VC-Calibrated,0.0013832463092239141,6.82405644177693e-05,0.02020064636887067,0.6755595699281628
IMG_0015|r4|HHO-VC,IMG_0015,130026.jpg,4,HHO-VC,0.001680169176418155,6.89914926137801e-05,0.02020064636887067,0.6755026432082346
IMG_0015|r4|MO-BDA-EHHO-VC,IMG_0015,130026.jpg,4,MO-BDA-EHHO-VC,0.0025162300790111326,7.775981134356076e-05,0.02020064636887067,0.6756697024736996
IMG_0015|r5|EHHO-VC,IMG_0015,130026.jpg,5,EHHO-VC,0.00359889675150607,8.66326849160963e-05,0.02020064636887067,0.6749756519720623
IMG_0015|r5|BEHHO-VC-Calibrated,IMG_0015,130026.jpg,5,BEHHO-VC-Calibrated,0.0032693692104922276,8.556438788788437e-05,0.02020064636887067,0.6750765648272358
IMG_0015|r5|HHO-VC,IMG_0015,130026.jpg,5,HHO-VC,0.003567615732000696,8.320819085173273e-05,0.02020064636887067,0.6750129879082438
IMG_0015|r5|BDA-EHHO-VC-Calibrated,IMG_0015,130026.jpg,5,BDA-EHHO-VC-Calibrated,0.003931657823259087,8.372084586196991e-05,0.02020064636887067,0.675000589160276
IMG_0015|r5|MO-BDA-EHHO-VC,IMG_0015,130026.jpg,5,MO-BDA-EHHO-VC,0.00366863785474493,8.380101391731189e-05,0.02020064636887067,0.6750078108277506
IMG_0016|r1|BDA-EHHO-VC-Calibrated,IMG_0016,134035.jpg,1,BDA-EHHO-VC-Calibrated,0.0022226496836700587,7.164091901203959e-05,0.002195581634833971,0.6895176105328203
IMG_0016|r1|EHHO-VC,IMG_0016,134035.jpg,1,EHHO-VC,0.0022221436666805343,6.932640521567168e-05,0.002195581634833971,0.689371344251315
IMG_0016|r1|HHO-VC,IMG_0016,134035.jpg,1,HHO-VC,0.002514650381060053,7.02206820010303e-05,0.002195581634833971,0.6894120497345714
IMG_0016|r1|BEHHO-VC-Calibrated,IMG_0016,134035.jpg,1,BEHHO-VC-Calibrated,0.002167029828934392,6.875780840280672e-05,0.002195581634833971,0.6893690202797771
IMG_0016|r1|MO-BDA-EHHO-VC,IMG_0016,134035.jpg,1,MO-BDA-EHHO-VC,0.0026840627314003236,6.0071157644345164e-05,0.002195581634833971,0.6892575416086503
IMG_0016|r2|HHO-VC,IMG_0016,134035.jpg,2,HHO-VC,0.0018109735015952226,6.890127117745944e-05,0.002195581634833971,0.6889643148173477
IMG_0016|r2|BEHHO-VC-Calibrated,IMG_0016,134035.jpg,2,BEHHO-VC-Calibrated,0.0021371928191738663,6.865793509404723e-05,0.002195581634833971,0.6887854367385245
IMG_0016|r2|EHHO-VC,IMG_0016,134035.jpg,2,EHHO-VC,0.0022840151892294315,7.245715533832929e-05,0.002195581634833971,0.6888932749442187
IMG_0016|r2|BDA-EHHO-VC-Calibrated,IMG_0016,134035.jpg,2,BDA-EHHO-VC-Calibrated,0.002144257343255528,6.913958442951679e-05,0.002195581634833971,0.6889694791985428
IMG_0016|r2|MO-BDA-EHHO-VC,IMG_0016,134035.jpg,2,MO-BDA-EHHO-VC,0.002079562709140722,7.534342159462363e-05,0.002195581634833971,0.6888605657856162
IMG_0016|r3|BDA-EHHO-VC-Calibrated,IMG_0016,134035.jpg,3,BDA-EHHO-VC-Calibrated,0.0014310312380363171,7.60685188851423e-05,0.002195581634833971,0.6890176222373401
IMG_0016|r3|BEHHO-VC-Calibrated,IMG_0016,134035.jpg,3,BEHHO-VC-Calibrated,0.0014248339755550947,7.848135469796175e-05,0.002195581634833971,0.6891442554041052
IMG_0016|r3|HHO-VC,IMG_0016,134035.jpg,3,HHO-VC,0.0011912589975246752,7.792137815119193e-05,0.002195581634833971,0.6891436712363962
IMG_0016|r3|EHHO-VC,IMG_0016,134035.jpg,3,EHHO-VC,0.0014592765360879948,7.783430615555235e-05,0.002195581634833971,0.6891108985813035
IMG_0016|r3|MO-BDA-EHHO-VC,IMG_0016,134035.jpg,3,MO-BDA-EHHO-VC,0.0009798291761529407,7.177822433955841e-05,0.002195581634833971,0.689220755975383
IMG_0016|r4|EHHO-VC,IMG_0016,134035.jpg,4,EHHO-VC,0.0014025377279878418,5.480353208185276e-05,0.002195581634833971,0.6890904188466952
IMG_0016|r4|BEHHO-VC-Calibrated,IMG_0016,134035.jpg,4,BEHHO-VC-Calibrated,0.0015016187660221623,5.282310579211187e-05,0.002195581634833971,0.6890765723787532
IMG_0016|r4|HHO-VC,IMG_0016,134035.jpg,4,HHO-VC,0.0014025377279878418,5.480353208185276e-05,0.002195581634833971,0.6890904188466952
IMG_0016|r4|BDA-EHHO-VC-Calibrated,IMG_0016,134035.jpg,4,BDA-EHHO-VC-Calibrated,0.00129487836049541,4.890292543576622e-05,0.002195581634833971,0.6891451655204633
IMG_0016|r4|MO-BDA-EHHO-VC,IMG_0016,134035.jpg,4,MO-BDA-EHHO-VC,0.0011957707979034524,5.3104456803707374e-05,0.002195581634833971,0.689119339381388
IMG_0016|r5|BDA-EHHO-VC-Calibrated,IMG_0016,134035.jpg,5,BDA-EHHO-VC-Calibrated,0.002115559231092942,7.741967307781572e-05,0.002195581634833971,0.6891264890861738
IMG_0016|r5|HHO-VC,IMG_0016,134035.jpg,5,HHO-VC,0.002544983342470272,6.316372179548519e-05,0.002195581634833971,0.6889247988350059
IMG_0016|r5|BEHHO-VC-Calibrated,IMG_0016,134035.jpg,5,BEHHO-VC-Calibrated,0.0022940216715063508,7.037143110268082e-05,0.002195581634833971,0.689185951432607
IMG_0016|r5|EHHO-VC,IMG_0016,134035.jpg,5,EHHO-VC,0.0024979815357370743,6.325541401321099e-05,0.002195581634833971,0.6889844982350022
IMG_0016|r5|MO-BDA-EHHO-VC,IMG_0016,134035.jpg,5,MO-BDA-EHHO-VC,0.0021645004996039257,6.097730603043936e-05,0.002195581634833971,0.6892967739733362
IMG_0017|r1|HHO-VC,IMG_0017,14037.jpg,1,HHO-VC,0.0022942224885052517,7.838659806778086e-05,0.0300451421946749,0.6552852206848693
IMG_0017|r1|BDA-EHHO-VC-Calibrated,IMG_0017,14037.jpg,1,BDA-EHHO-VC-Calibrated,0.0023503460384310987,7.544696583545437e-05,0.0300451421946749,0.6553158937226891
IMG_0017|r1|BEHHO-VC-Calibrated,IMG_0017,14037.jpg,1,BEHHO-VC-Calibrated,0.002140675425296137,7.191657003111891e-05,0.0300451421946749,0.655211327702785
IMG_0017|r1|EHHO-VC,IMG_0017,14037.jpg,1,EHHO-VC,0.002065116725405034,7.795536704703665e-05,0.0300451421946749,0.6552677506838919
IMG_0017|r1|MO-BDA-EHHO-VC,IMG_0017,14037.jpg,1,MO-BDA-EHHO-VC,0.0019588464173292265,7.853120186660725e-05,0.0300451421946749,0.6551800662641568
IMG_0017|r2|HHO-VC,IMG_0017,14037.jpg,2,HHO-VC,0.0018352532297874838,6.461997013089612e-05,0.0300451421946749,0.6550722703894561
IMG_0017|r2|BDA-EHHO-VC-Calibrated,IMG_0017,14037.jpg,2,BDA-EHHO-VC-Calibrated,0.0018239738775304773,6.528492029782691e-05,0.0300451421946749,0.6552832861584709
IMG_0017|r2|BEHHO-VC-Calibrated,IMG_0017,14037.jpg,2,BEHHO-VC-Calibrated,0.0014228626733013047,6.306301990830234e-05,0.0300451421946749,0.6552685253410712
IMG_0017|r2|EHHO-VC,IMG_0017,14037.jpg,2,EHHO-VC,0.0016867835176170584,7.223012569233572e-05,0.0300451421946749,0.6552513262584515
IMG_0017|r2|MO-BDA-EHHO-VC,IMG_0017,14037.jpg,2,MO-BDA-EHHO-VC,0.0012240342278904976,6.236526517176834e-05,0.0300451421946749,0.6553222052738055
IMG_0017|r3|HHO-VC,IMG_0017,14037.jpg,3,HHO-VC,0.00199614914645087,6.96571541450298e-05,0.0300451421946749,0.6552915195366876
IMG_0017|r3|BDA-EHHO-VC-Calibrated,IMG_0017,14037.jpg,3,BDA-EHHO-VC-Calibrated,0.002151929477685092,7.017812940601792e-05,0.0300451421946749,0.6554997033622435
IMG_0017|r3|BEHHO-VC-Calibrated,IMG_0017,14037.jpg,3,BEHHO-VC-Calibrated,0.002076783221909633,7.0252089325093e-05,0.0300451421946749,0.6554528641180432
IMG_0017|r3|EHHO-VC,IMG_0017,14037.jpg,3,EHHO-VC,0.0018699056221833335,6.897113315993338e-05,0.0300451421946749,0.6553071693049488
IMG_0017|r3|MO-BDA-EHHO-VC,IMG_0017,14037.jpg,3,MO-BDA-EHHO-VC,0.0017311190552469497,6.852397306262636e-05,0.0300451421946749,0.6552853011137568
IMG_0017|r4|BEHHO-VC-Calibrated,IMG_0017,14037.jpg,4,BEHHO-VC-Calibrated,0.0019944643361711483,7.877394153632208e-05,0.0300451421946749,0.6550874460505911
IMG_0017|r4|EHHO-VC,IMG_0017,14037.jpg,4,EHHO-VC,0.0021283672271632695,7.358347909392639e-05,0.0300451421946749,0.6553514390578496
IMG_0017|r4|BDA-EHHO-VC-Calibrated,IMG_0017,14037.jpg,4,BDA-EHHO-VC-Calibrated,0.0020477058352781144,7.938631756986257e-05,0.0300451421946749,0.6551081755380604
IMG_0017|r4|HHO-VC,IMG_0017,14037.jpg,4,HHO-VC,0.0021283672271632695,7.358347909392639e-05,0.0300451421946749,0.6553514390578496
IMG_0017|r4|MO-BDA-EHHO-VC,IMG_0017,14037.jpg,4,MO-BDA-EHHO-VC,0.0014707937492339739,7.731478728085714e-05,0.0300451421946749,0.6553524253699959
IMG_0017|r5|BDA-EHHO-VC-Calibrated,IMG_0017,14037.jpg,5,BDA-EHHO-VC-Calibrated,0.0024996736286102836,6.31154832925151e-05,0.0300451421946749,0.6549070609884028
IMG_0017|r5|BEHHO-VC-Calibrated,IMG_0017,14037.jpg,5,BEHHO-VC-Calibrated,0.0033664982453922164,6.01496370743508e-05,0.0300451421946749,0.6552578325321375
IMG_0017|r5|EHHO-VC,IMG_0017,14037.jpg,5,EHHO-VC,0.002208390365022348,7.014768712383166e-05,0.0300451421946749,0.6549642332280929
IMG_0017|r5|HHO-VC,IMG_0017,14037.jpg,5,HHO-VC,0.0022784724003413206,6.918053885995622e-05,0.0300451421946749,0.6549603472428985
IMG_0017|r5|MO-BDA-EHHO-VC,IMG_0017,14037.jpg,5,MO-BDA-EHHO-VC,0.0022555753724817023,6.599107540552957e-05,0.0300451421946749,0.6551213320108102
IMG_0018|r1|BEHHO-VC-Calibrated,IMG_0018,143090.jpg,1,BEHHO-VC-Calibrated,0.0014441846340581457,5.377237812432138e-05,0.006042706977286416,0.6938924513366406
IMG_0018|r1|BDA-EHHO-VC-Calibrated,IMG_0018,143090.jpg,1,BDA-EHHO-VC-Calibrated,0.001226357521846537,5.34475108525144e-05,0.006042706977286416,0.6938868001490214
IMG_0018|r1|EHHO-VC,IMG_0018,143090.jpg,1,EHHO-VC,0.0013188116975557105,5.6982136757632634e-05,0.006042706977286416,0.6939453735445932
IMG_0018|r1|HHO-VC,IMG_0018,143090.jpg,1,HHO-VC,0.0013188116975557105,5.6982136757632634e-05,0.006042706977286416,0.6939453735445932
IMG_0018|r1|MO-BDA-EHHO-VC,IMG_0018,143090.jpg,1,MO-BDA-EHHO-VC,0.0016230884327680297,6.14008368062377e-05,0.006042706977286416,0.6938500018164561
IMG_0018|r2|BDA-EHHO-VC-Calibrated,IMG_0018,143090.jpg,2,BDA-EHHO-VC-Calibrated,0.0015430820309121848,7.066880092832478e-05,0.006042706977286416,0.6935937934788844
IMG_0018|r2|HHO-VC,IMG_0018,143090.jpg,2,HHO-VC,0.0017967649431835956,7.27343919448405e-05,0.006042706977286416,0.6936805042857711
IMG_0018|r2|EHHO-VC,IMG_0018,143090.jpg,2,EHHO-VC,0.0017782804828428902,7.400626955046905e-05,0.006042706977286416,0.6936016712767566
IMG_0018|r2|BEHHO-VC-Calibrated,IMG_0018,143090.jpg,2,BEHHO-VC-Calibrated,0.001848460347177521,7.147749028458171e-05,0.006042706977286416,0.6936793147848564
IMG_0018|r2|MO-BDA-EHHO-VC,IMG_0018,143090.jpg,2,MO-BDA-EHHO-VC,0.0017052455747970116,6.821937024710963e-05,0.006042706977286416,0.6935719295207918
IMG_0018|r3|BEHHO-VC-Calibrated,IMG_0018,143090.jpg,3,BEHHO-VC-Calibrated,0.0020678992389579864,6.332138354468753e-05,0.006042706977286416,0.6935637427066678
IMG_0018|r3|HHO-VC,IMG_0018,143090.jpg,3,HHO-VC,0.002200535389101438,6.23871717311864e-05,0.006042706977286416,0.6934397509938908
IMG_0018|r3|BDA-EHHO-VC-Calibrated,IMG_0018,143090.jpg,3,BDA-EHHO-VC-Calibrated,0.0021508005687178164,6.90266618686337e-05,0.006042706977286416,0.6935713453530828
IMG_0018|r3|EHHO-VC,IMG_0018,143090.jpg,3,EHHO-VC,0.0022036413701218066,6.344276882984941e-05,0.006042706977286416,0.693443971393933
IMG_0018|r3|MO-BDA-EHHO-VC,IMG_0018,143090.jpg,3,MO-BDA-EHHO-VC,0.001799732370574951,6.553287946776613e-05,0.006042706977286416,0.6936073647953694
IMG_0018|r4|BDA-EHHO-VC-Calibrated,IMG_0018,143090.jpg,4,BDA-EHHO-VC-Calibrated,0.0016155901443710447,9.338413885643552e-05,0.006042706977286416,0.693587007820642
IMG_0018|r4|EHHO-VC,IMG_0018,143090.jpg,4,EHHO-VC,0.0010430649901422599,9.443017251214498e-05,0.006042706977286416,0.6935609276956063
IMG_0018|r4|HHO-VC,IMG_0018,143090.jpg,4,HHO-VC,0.0010430649901422599,9.443017251214498e-05,0.006042706977286416,0.6935609276956063
IMG_0018|r4|BEHHO-VC-Calibrated,IMG_0018,143090.jpg,4,BEHHO-VC-Calibrated,0.0011070619354824132,9.379287118062605e-05,0.006042706977286416,0.6936308500305094
IMG_0018|r4|MO-BDA-EHHO-VC,IMG_0018,143090.jpg,4,MO-BDA-EHHO-VC,0.001848264797875162,8.757856198260427e-05,0.006042706977286416,0.6934905693514711
IMG_0018|r5|BDA-EHHO-VC-Calibrated,IMG_0018,143090.jpg,5,BDA-EHHO-VC-Calibrated,0.0011411824971252116,6.639124709205916e-05,0.006042706977286416,0.6939902782623951
IMG_0018|r5|EHHO-VC,IMG_0018,143090.jpg,5,EHHO-VC,0.0014459632681357948,7.103450515404412e-05,0.006042706977286416,0.6939504490307021
IMG_0018|r5|HHO-VC,IMG_0018,143090.jpg,5,HHO-VC,0.0014219650318233678,7.128131171388494e-05,0.006042706977286416,0.693961505886179
IMG_0018|r5|BEHHO-VC-Calibrated,IMG_0018,143090.jpg,5,BEHHO-VC-Calibrated,0.0012344803301344218,7.05092780404962e-05,0.006042706977286416,0.6940733401376504
IMG_0018|r5|MO-BDA-EHHO-VC,IMG_0018,143090.jpg,5,MO-BDA-EHHO-VC,0.0017509463532322225,7.457873309202822e-05,0.006042706977286416,0.6940252902270387
IMG_0019|r1|BDA-EHHO-VC-Calibrated,IMG_0019,145086.jpg,1,BDA-EHHO-VC-Calibrated,0.0023339692118233227,6.200550456242743e-05,0.07288165232090466,0.6770042449096875
IMG_0019|r1|EHHO-VC,IMG_0019,145086.jpg,1,EHHO-VC,0.002025546231664612,6.22828285251657e-05,0.07288165232090466,0.6770594233595882
IMG_0019|r1|BEHHO-VC-Calibrated,IMG_0019,145086.jpg,1,BEHHO-VC-Calibrated,0.0020548510912867506,6.463564742874291e-05,0.07288165232090466,0.6769457434768045
IMG_0019|r1|HHO-VC,IMG_0019,145086.jpg,1,HHO-VC,0.0020201116021956373,6.221765879691628e-05,0.07288165232090466,0.6770616753684373
IMG_0019|r1|MO-BDA-EHHO-VC,IMG_0019,145086.jpg,1,MO-BDA-EHHO-VC,0.002160754671345581,6.749227275575083e-05,0.07288165232090466,0.6769483045019054
IMG_0019|r2|BEHHO-VC-Calibrated,IMG_0019,145086.jpg,2,BEHHO-VC-Calibrated,0.002015273312606211,6.667195498477884e-05,0.07288165232090466,0.6771327914373545
IMG_0019|r2|BDA-EHHO-VC-Calibrated,IMG_0019,145086.jpg,2,BDA-EHHO-VC-Calibrated,0.0018568923495225608,6.686302212028618e-05,0.07288165232090466,0.6771726968648354
IMG_0019|r2|HHO-VC,IMG_0019,145086.jpg,2,HHO-VC,0.0020759135798146234,6.645930733858272e-05,0.07288165232090466,0.6771943449348616
IMG_0019|r2|EHHO-VC,IMG_0019,145086.jpg,2,EHHO-VC,0.0020759135798146234,6.645930733858272e-05,0.07288165232090466,0.6771943449348616
IMG_0019|r2|MO-BDA-EHHO-VC,IMG_0019,145086.jpg,2,MO-BDA-EHHO-VC,0.0018075001661989071,6.880356894941575e-05,0.07288165232090466,0.6770703489889857
IMG_0019|r3|BEHHO-VC-Calibrated,IMG_0019,145086.jpg,3,BEHHO-VC-Calibrated,0.0026730149252936816,8.572673494530536e-05,0.07288165232090466,0.6770290466387223
IMG_0019|r3|BDA-EHHO-VC-Calibrated,IMG_0019,145086.jpg,3,BDA-EHHO-VC-Calibrated,0.002818987372003834,8.454643192815966e-05,0.07288165232090466,0.6770332628056653
IMG_0019|r3|EHHO-VC,IMG_0019,145086.jpg,3,EHHO-VC,0.0024036485876951052,8.656646680515777e-05,0.07288165232090466,0.6770754752722867
IMG_0019|r3|HHO-VC,IMG_0019,145086.jpg,3,HHO-VC,0.002633632649879538,8.885934702659084e-05,0.07288165232090466,0.6770177400303844
IMG_0019|r3|MO-BDA-EHHO-VC,IMG_0019,145086.jpg,3,MO-BDA-EHHO-VC,0.002195087890933845,8.784765602272064e-05,0.07288165232090466,0.6768937398514089
IMG_0019|r4|HHO-VC,IMG_0019,145086.jpg,4,HHO-VC,0.0014871235534513177,7.26955401762121e-05,0.07288165232090466,0.677112959366945
IMG_0019|r4|BDA-EHHO-VC-Calibrated,IMG_0019,145086.jpg,4,BDA-EHHO-VC-Calibrated,0.0005865289791049073,6.824047471620029e-05,0.07288165232090466,0.677253049556513
IMG_0019|r4|BEHHO-VC-Calibrated,IMG_0019,145086.jpg,4,BEHHO-VC-Calibrated,0.0007903394785746073,6.12283076995826e-05,0.07288165232090466,0.6772312871928046
IMG_0019|r4|EHHO-VC,IMG_0019,145086.jpg,4,EHHO-VC,0.0011446038772123623,6.98544997116445e-05,0.07288165232090466,0.6771152367743901
IMG_0019|r4|MO-BDA-EHHO-VC,IMG_0019,145086.jpg,4,MO-BDA-EHHO-VC,0.0014722346968368525,6.682375902652592e-05,0.07288165232090466,0.6773070512047973
IMG_0019|r5|HHO-VC,IMG_0019,145086.jpg,5,HHO-VC,0.0013636211499646097,6.384653634816674e-05,0.07288165232090466,0.6771088828922806
IMG_0019|r5|BDA-EHHO-VC-Calibrated,IMG_0019,145086.jpg,5,BDA-EHHO-VC-Calibrated,0.0019706189468587446,5.9419727426464884e-05,0.07288165232090466,0.6771125191246137
IMG_0019|r5|EHHO-VC,IMG_0019,145086.jpg,5,EHHO-VC,0.0014927040392283158,6.383687779366703e-05,0.07288165232090466,0.6770808513084489
IMG_0019|r5|BEHHO-VC-Calibrated,IMG_0019,145086.jpg,5,BEHHO-VC-Calibrated,0.001816457280942957,5.913629208117663e-05,0.07288165232090466,0.6771519843097633
IMG_0019|r5|MO-BDA-EHHO-VC,IMG_0019,145086.jpg,5,MO-BDA-EHHO-VC,0.001763888491575663,6.822487166447e-05,0.07288165232090466,0.6771955302026771
IMG_0020|r1|HHO-VC,IMG_0020,147091.jpg,1,HHO-VC,0.0017594205975472593,7.008660101535645e-05,0.06734196453822622,0.646022139161011
IMG_0020|r1|BDA-EHHO-VC-Calibrated,IMG_0020,147091.jpg,1,BDA-EHHO-VC-Calibrated,0.002374170796418627,6.991537288155836e-05,0.06734196453822622,0.6460525455135724
IMG_0020|r1|EHHO-VC,IMG_0020,147091.jpg,1,EHHO-VC,0.0017488832330530548,7.132544313322803e-05,0.06734196453822622,0.6460171822016835
IMG_0020|r1|BEHHO-VC-Calibrated,IMG_0020,147091.jpg,1,BEHHO-VC-Calibrated,0.0023174490311087567,7.118600033172925e-05,0.06734196453822622,0.6459363554028799
IMG_0020|r1|MO-BDA-EHHO-VC,IMG_0020,147091.jpg,1,MO-BDA-EHHO-VC,0.0024219361768058824,6.954701542239458e-05,0.06734196453822622,0.6457758913061871
IMG_0020|r2|HHO-VC,IMG_0020,147091.jpg,2,HHO-VC,0.003389427245237067,6.809118312302116e-05,0.06734196453822622,0.6466344019502941
IMG_0020|r2|BDA-EHHO-VC-Calibrated,IMG_0020,147091.jpg,2,BDA-EHHO-VC-Calibrated,0.0031489286491386275,7.088916266065233e-05,0.06734196453822622,0.6465588622925664
IMG_0020|r2|EHHO-VC,IMG_0020,147091.jpg,2,EHHO-VC,0.003179085614220995,6.875637993919771e-05,0.06734196453822622,0.6466299233311921
IMG_0020|r2|BEHHO-VC-Calibrated,IMG_0020,147091.jpg,2,BEHHO-VC-Calibrated,0.003186458250666468,7.128469078635995e-05,0.06734196453822622,0.6465129712626183
IMG_0020|r2|MO-BDA-EHHO-VC,IMG_0020,147091.jpg,2,MO-BDA-EHHO-VC,0.0027235594776623046,7.536926967516827e-05,0.06734196453822622,0.6465486774555537
IMG_0020|r3|BEHHO-VC-Calibrated,IMG_0020,147091.jpg,3,BEHHO-VC-Calibrated,0.0016544386542626697,6.311396068896061e-05,0.06734196453822622,0.6460862113526258
IMG_0020|r3|EHHO-VC,IMG_0020,147091.jpg,3,EHHO-VC,0.0018179540310595992,6.313517679696213e-05,0.06734196453822622,0.6460765768185273
IMG_0020|r3|BDA-EHHO-VC-Calibrated,IMG_0020,147091.jpg,3,BDA-EHHO-VC-Calibrated,0.0022739149949832166,6.308437303910905e-05,0.06734196453822622,0.6460343135547136
IMG_0020|r3|HHO-VC,IMG_0020,147091.jpg,3,HHO-VC,0.0018069828790654374,6.446300086487254e-05,0.06734196453822622,0.6460593608035102
IMG_0020|r3|MO-BDA-EHHO-VC,IMG_0020,147091.jpg,3,MO-BDA-EHHO-VC,0.0014277608339180372,6.480199675563076e-05,0.06734196453822622,0.6459290533065177
IMG_0020|r4|BEHHO-VC-Calibrated,IMG_0020,147091.jpg,4,BEHHO-VC-Calibrated,0.0028305105367772364,6.370017265009285e-05,0.06734196453822622,0.6465291924992903
IMG_0020|r4|BDA-EHHO-VC-Calibrated,IMG_0020,147091.jpg,4,BDA-EHHO-VC-Calibrated,0.0023787683596631433,5.576582797299804e-05,0.06734196453822622,0.6467716220985092
IMG_0020|r4|HHO-VC,IMG_0020,147091.jpg,4,HHO-VC,0.002532131017173944,5.427890181945188e-05,0.06734196453822622,0.6465881087759086
IMG_0020|r4|EHHO-VC,IMG_0020,147091.jpg,4,EHHO-VC,0.002677587441350682,5.4036697336801024e-05,0.06734196453822622,0.6466016038966055
IMG_0020|r4|MO-BDA-EHHO-VC,IMG_0020,147091.jpg,4,MO-BDA-EHHO-VC,0.00186599376726457,6.250001815177684e-05,0.06734196453822622,0.6465956563920323
IMG_0020|r5|HHO-VC,IMG_0020,147091.jpg,5,HHO-VC,0.0012061203683968035,5.985377814451598e-05,0.06734196453822622,0.6462914066100475
IMG_0020|r5|BEHHO-VC-Calibrated,IMG_0020,147091.jpg,5,BEHHO-VC-Calibrated,0.0014710905052544498,5.942733675463901e-05,0.06734196453822622,0.6464193859024029
IMG_0020|r5|EHHO-VC,IMG_0020,147091.jpg,5,EHHO-VC,0.0010884007167090615,6.02031450973712e-05,0.06734196453822622,0.6463126737011332
IMG_0020|r5|BDA-EHHO-VC-Calibrated,IMG_0020,147091.jpg,5,BDA-EHHO-VC-Calibrated,0.001364907993940163,6.036380928764685e-05,0.06734196453822622,0.6462970281659715
IMG_0020|r5|MO-BDA-EHHO-VC,IMG_0020,147091.jpg,5,MO-BDA-EHHO-VC,0.001699321324377152,6.6327744592048e-05,0.06734196453822622,0.6465108928108422
IMG_0021|r1|HHO-VC,IMG_0021,148026.jpg,1,HHO-VC,0.003030891910004186,7.390694922029273e-05,0.06114165927250039,0.6507181403810666
IMG_0021|r1|BEHHO-VC-Calibrated,IMG_0021,148026.jpg,1,BEHHO-VC-Calibrated,0.003197246178269797,7.599964619385274e-05,0.06114165927250039,0.6507675872144606
IMG_0021|r1|EHHO-VC,IMG_0021,148026.jpg,1,EHHO-VC,0.0031150124642978978,7.413240316262494e-05,0.06114165927250039,0.6507566107878713
IMG_0021|r1|BDA-EHHO-VC-Calibrated,IMG_0021,148026.jpg,1,BDA-EHHO-VC-Calibrated,0.0030388281239164677,7.368754556705758e-05,0.06114165927250039,0.6507776365922945
IMG_0021|r1|MO-BDA-EHHO-VC,IMG_0021,148026.jpg,1,MO-BDA-EHHO-VC,0.002814571793699365,6.855248644269295e-05,0.06114165927250039,0.6506879583827702
IMG_0021|r2|BDA-EHHO-VC-Calibrated,IMG_0021,148026.jpg,2,BDA-EHHO-VC-Calibrated,0.0016253893543642633,6.101210744762064e-05,0.06114165927250039,0.6496515898367811
IMG_0021|r2|EHHO-VC,IMG_0021,148026.jpg,2,EHHO-VC,0.001785742476135571,7.74678177382332e-05,0.06114165927250039,0.6499211197379767
IMG_0021|r2|HHO-VC,IMG_0021,148026.jpg,2,HHO-VC,0.001406165441106605,6.377887332224668e-05,0.06114165927250039,0.6499111169242356
IMG_0021|r2|BEHHO-VC-Calibrated,IMG_0021,148026.jpg,2,BEHHO-VC-Calibrated,0.0019223599153069771,7.270562136941958e-05,0.06114165927250039,0.6499269275502716
IMG_0021|r2|MO-BDA-EHHO-VC,IMG_0021,148026.jpg,2,MO-BDA-EHHO-VC,0.001568245824400529,6.80410268648574e-05,0.06114165927250039,0.6497475922967197
IMG_0021|r3|EHHO-VC,IMG_0021,148026.jpg,3,EHHO-VC,0.0017742908998868159,5.049352754228163e-05,0.06114165927250039,0.6504071345725346
IMG_0021|r3|BEHHO-VC-Calibrated,IMG_0021,148026.jpg,3,BEHHO-VC-Calibrated,0.0028701273169534293,5.955993333238159e-05,0.06114165927250039,0.6507178609965102
IMG_0021|r3|BDA-EHHO-VC-Calibrated,IMG_0021,148026.jpg,3,BDA-EHHO-VC-Calibrated,0.0017679531085692396,5.081310816959072e-05,0.06114165927250039,0.6504830975401964
IMG_0021|r3|HHO-VC,IMG_0021,148026.jpg,3,HHO-VC,0.0017742908998868159,5.049352754228163e-05,0.06114165927250039,0.6504071345725346
IMG_0021|r3|MO-BDA-EHHO-VC,IMG_0021,148026.jpg,3,MO-BDA-EHHO-VC,0.002315698239973142,5.170637976215826e-05,0.06114165927250039,0.6505074717261978
IMG_0021|r4|BEHHO-VC-Calibrated,IMG_0021,148026.jpg,4,BEHHO-VC-Calibrated,0.001242683526916378,7.259519885452615e-05,0.06114165927250039,0.6503302911202101
IMG_0021|r4|EHHO-VC,IMG_0021,148026.jpg,4,EHHO-VC,0.0013050712035231095,6.926844751480694e-05,0.06114165927250039,0.6502821904124062
IMG_0021|r4|BDA-EHHO-VC-Calibrated,IMG_0021,148026.jpg,4,BDA-EHHO-VC-Calibrated,0.001308534200441393,6.994071716504386e-05,0.06114165927250039,0.6502825163610555
IMG_0021|r4|HHO-VC,IMG_0021,148026.jpg,4,HHO-VC,0.0013003051455395566,7.082225687964708e-05,0.06114165927250039,0.6502651860523563
IMG_0021|r4|MO-BDA-EHHO-VC,IMG_0021,148026.jpg,4,MO-BDA-EHHO-VC,0.002222517945883159,7.4402332013718e-05,0.06114165927250039,0.6506400947285295
IMG_0021|r5|BDA-EHHO-VC-Calibrated,IMG_0021,148026.jpg,5,BDA-EHHO-VC-Calibrated,0.0023506344627755894,6.151683399140141e-05,0.06114165927250039,0.6495296469440849
IMG_0021|r5|EHHO-VC,IMG_0021,148026.jpg,5,EHHO-VC,0.002585598575572503,6.343325475121599e-05,0.06114165927250039,0.649443168957662
IMG_0021|r5|HHO-VC,IMG_0021,148026.jpg,5,HHO-VC,0.0026723397933282483,6.289978732074383e-05,0.06114165927250039,0.6494076024570047
IMG_0021|r5|BEHHO-VC-Calibrated,IMG_0021,148026.jpg,5,BEHHO-VC-Calibrated,0.0019322264219656796,6.176989822357478e-05,0.06114165927250039,0.6495616026110048
IMG_0021|r5|MO-BDA-EHHO-VC,IMG_0021,148026.jpg,5,MO-BDA-EHHO-VC,0.0025332206933832767,6.657018540108928e-05,0.06114165927250039,0.6495826368816268
IMG_0022|r1|HHO-VC,IMG_0022,148089.jpg,1,HHO-VC,0.002251786162307029,5.9591727896108445e-05,0.07704829200156303,0.6543032292879764
IMG_0022|r1|BDA-EHHO-VC-Calibrated,IMG_0022,148089.jpg,1,BDA-EHHO-VC-Calibrated,0.0025616203894142362,6.179882995674118e-05,0.07704829200156303,0.6543917222296853
IMG_0022|r1|EHHO-VC,IMG_0022,148089.jpg,1,EHHO-VC,0.002281799357352595,5.8562531820701266e-05,0.07704829200156303,0.6543175837278393
IMG_0022|r1|BEHHO-VC-Calibrated,IMG_0022,148089.jpg,1,BEHHO-VC-Calibrated,0.0020891269704456984,6.0665085200991935e-05,0.07704829200156303,0.6542220638412254
IMG_0022|r1|MO-BDA-EHHO-VC,IMG_0022,148089.jpg,1,MO-BDA-EHHO-VC,0.0029806209704106175,6.298219609253719e-05,0.07704829200156303,0.6543561514959287
IMG_0022|r2|EHHO-VC,IMG_0022,148089.jpg,2,EHHO-VC,0.0014579089649663106,6.547679264843748e-05,0.07704829200156303,0.654021139781038
IMG_0022|r2|BEHHO-VC-Calibrated,IMG_0022,148089.jpg,2,BEHHO-VC-Calibrated,0.001303300692352853,6.551323156806238e-05,0.07704829200156303,0.6540053164557039
IMG_0022|r2|HHO-VC,IMG_0022,148089.jpg,2,HHO-VC,0.001369936521091717,6.46274634046176e-05,0.07704829200156303,0.6540067641756783
IMG_0022|r2|BDA-EHHO-VC-Calibrated,IMG_0022,148089.jpg,2,BDA-EHHO-VC-Calibrated,0.0014124838005417804,6.607013466502326e-05,0.07704829200156303,0.653969305479616
IMG_0022|r2|MO-BDA-EHHO-VC,IMG_0022,148089.jpg,2,MO-BDA-EHHO-VC,0.001184591405231582,6.484314994812553e-05,0.07704829200156303,0.6543603210987791
IMG_0022|r3|HHO-VC,IMG_0022,148089.jpg,3,HHO-VC,0.0025029712473548997,6.95666678185247e-05,0.07704829200156303,0.654229683420038
IMG_0022|r3|EHHO-VC,IMG_0022,148089.jpg,3,EHHO-VC,0.0025029712473548997,6.95666678185247e-05,0.07704829200156303,0.654229683420038
IMG_0022|r3|BDA-EHHO-VC-Calibrated,IMG_0022,148089.jpg,3,BDA-EHHO-VC-Calibrated,0.002521082182167214,6.492213267632488e-05,0.07704829200156303,0.6542568472185046
IMG_0022|r3|BEHHO-VC-Calibrated,IMG_0022,148089.jpg,3,BEHHO-VC-Calibrated,0.0025972042119934927,6.730678899876986e-05,0.07704829200156303,0.6542326381233775
IMG_0022|r3|MO-BDA-EHHO-VC,IMG_0022,148089.jpg,3,MO-BDA-EHHO-VC,0.002936878015899178,6.39663845776769e-05,0.07704829200156303,0.6541337021255961
IMG_0022|r4|BDA-EHHO-VC-Calibrated,IMG_0022,148089.jpg,4,BDA-EHHO-VC-Calibrated,0.002108054486026406,6.366831975894616e-05,0.07704829200156303,0.6542310549442242
IMG_0022|r4|BEHHO-VC-Calibrated,IMG_0022,148089.jpg,4,BEHHO-VC-Calibrated,0.0022000438878478205,6.219695151022239e-05,0.07704829200156303,0.6541768585733703
IMG_0022|r4|EHHO-VC,IMG_0022,148089.jpg,4,EHHO-VC,0.001947312806876633,6.822627879000247e-05,0.07704829200156303,0.65407663148029
IMG_0022|r4|HHO-VC,IMG_0022,148089.jpg,4,HHO-VC,0.0020110416233040996,6.820243711389594e-05,0.07704829200156303,0.6540901350671856
IMG_0022|r4|MO-BDA-EHHO-VC,IMG_0022,148089.jpg,4,MO-BDA-EHHO-VC,0.001976287391624866,7.150547724443374e-05,0.07704829200156303,0.6541556041815827
IMG_0022|r5|BEHHO-VC-Calibrated,IMG_0022,148089.jpg,5,BEHHO-VC-Calibrated,0.0018976486174405935,6.146715375848774e-05,0.07704829200156303,0.6541068388771825
IMG_0022|r5|EHHO-VC,IMG_0022,148089.jpg,5,EHHO-VC,0.002629010338215316,5.9385014645854294e-05,0.07704829200156303,0.6544495252011772
IMG_0022|r5|BDA-EHHO-VC-Calibrated,IMG_0022,148089.jpg,5,BDA-EHHO-VC-Calibrated,0.0024898679298958316,6.850660311698875e-05,0.07704829200156303,0.6542114810928746
IMG_0022|r5|HHO-VC,IMG_0022,148089.jpg,5,HHO-VC,0.002629010338215316,5.9385014645854294e-05,0.07704829200156303,0.6544495252011772
IMG_0022|r5|MO-BDA-EHHO-VC,IMG_0022,148089.jpg,5,MO-BDA-EHHO-VC,0.0024429484622290006,5.914779806833466e-05,0.07704829200156303,0.654188372603576
IMG_0023|r1|HHO-VC,IMG_0023,156065.jpg,1,HHO-VC,0.002937279556297622,6.086187745294635e-05,0.022549508530816942,0.6732562475485219
IMG_0023|r1|BDA-EHHO-VC-Calibrated,IMG_0023,156065.jpg,1,BDA-EHHO-VC-Calibrated,0.0029911750280108237,5.968928748573258e-05,0.022549508530816942,0.6732778490544554
IMG_0023|r1|EHHO-VC,IMG_0023,156065.jpg,1,EHHO-VC,0.0030938570331467247,6.102550835052548e-05,0.022549508530816942,0.6732049847155109
IMG_0023|r1|BEHHO-VC-Calibrated,IMG_0023,156065.jpg,1,BEHHO-VC-Calibrated,0.00314405331630541,5.9384559959404575e-05,0.022549508530816942,0.6733410661600034
IMG_0023|r1|MO-BDA-EHHO-VC,IMG_0023,156065.jpg,1,MO-BDA-EHHO-VC,0.0031916903935598193,6.178585044030786e-05,0.022549508530816942,0.6733024010306292
IMG_0023|r2|EHHO-VC,IMG_0023,156065.jpg,2,EHHO-VC,0.0014992594237144448,5.951233885576811e-05,0.022549508530816942,0.6734342282102849
IMG_0023|r2|HHO-VC,IMG_0023,156065.jpg,2,HHO-VC,0.0014992594237144448,5.951233885576811e-05,0.022549508530816942,0.6734342282102849
IMG_0023|r2|BEHHO-VC-Calibrated,IMG_0023,156065.jpg,2,BEHHO-VC-Calibrated,0.001709350493321991,5.903473687795362e-05,0.022549508530816942,0.6734759454042836
IMG_0023|r2|BDA-EHHO-VC-Calibrated,IMG_0023,156065.jpg,2,BDA-EHHO-VC-Calibrated,0.0013750645193383833,5.771914508037804e-05,0.022549508530816942,0.6735517856120644
IMG_0023|r2|MO-BDA-EHHO-VC,IMG_0023,156065.jpg,2,MO-BDA-EHHO-VC,0.0018424134658717502,5.855855744655812e-05,0.022549508530816942,0.6735006032079407
IMG_0023|r3|EHHO-VC,IMG_0023,156065.jpg,3,EHHO-VC,0.0012511149540543093,5.596691603677379e-05,0.022549508530816942,0.6736488886778315
IMG_0023|r3|BDA-EHHO-VC-Calibrated,IMG_0023,156065.jpg,3,BDA-EHHO-VC-Calibrated,0.0011956760580891842,5.344176006452568e-05,0.022549508530816942,0.6736352326993597
IMG_0023|r3|BEHHO-VC-Calibrated,IMG_0023,156065.jpg,3,BEHHO-VC-Calibrated,0.0015454294655987309,5.762990467486674e-05,0.022549508530816942,0.6737560707531279
IMG_0023|r3|HHO-VC,IMG_0023,156065.jpg,3,HHO-VC,0.0013495973492562683,5.254155985137405e-05,0.022549508530816942,0.6736333913011467
IMG_0023|r3|MO-BDA-EHHO-VC,IMG_0023,156065.jpg,3,MO-BDA-EHHO-VC,0.0012773897601607669,5.770757530303647e-05,0.022549508530816942,0.6735421002807737
IMG_0023|r4|EHHO-VC,IMG_0023,156065.jpg,4,EHHO-VC,0.002106914443265788,6.304589531203349e-05,0.022549508530816942,0.6734172746474268
IMG_0023|r4|HHO-VC,IMG_0023,156065.jpg,4,HHO-VC,0.0023939351596970714,6.21184815881575e-05,0.022549508530816942,0.6734541745743763
IMG_0023|r4|BDA-EHHO-VC-Calibrated,IMG_0023,156065.jpg,4,BDA-EHHO-VC-Calibrated,0.0020667285420458196,6.439604034770395e-05,0.022549508530816942,0.6734010703431523
IMG_0023|r4|BEHHO-VC-Calibrated,IMG_0023,156065.jpg,4,BEHHO-VC-Calibrated,0.0027026298820015484,6.402312568852459e-05,0.022549508530816942,0.673512434720597
IMG_0023|r4|MO-BDA-EHHO-VC,IMG_0023,156065.jpg,4,MO-BDA-EHHO-VC,0.002625216167201726,6.411252248253972e-05,0.022549508530816942,0.6735133660024518
IMG_0023|r5|BEHHO-VC-Calibrated,IMG_0023,156065.jpg,5,BEHHO-VC-Calibrated,0.002418292830619006,5.2332360853106524e-05,0.022549508530816942,0.6734852074256401
IMG_0023|r5|HHO-VC,IMG_0023,156065.jpg,5,HHO-VC,0.0031909902771087525,5.7353434675942977e-05,0.022549508530816942,0.6734017476390468
IMG_0023|r5|EHHO-VC,IMG_0023,156065.jpg,5,EHHO-VC,0.003143121372678482,5.717229435257552e-05,0.022549508530816942,0.6733965112951629
IMG_0023|r5|BDA-EHHO-VC-Calibrated,IMG_0023,156065.jpg,5,BDA-EHHO-VC-Calibrated,0.002726801030521229,5.5629939239137493e-05,0.022549508530816942,0.6734612015192813
IMG_0023|r5|MO-BDA-EHHO-VC,IMG_0023,156065.jpg,5,MO-BDA-EHHO-VC,0.0030572801552951148,5.972903657243623e-05,0.022549508530816942,0.6733335481755751
IMG_0024|r1|BDA-EHHO-VC-Calibrated,IMG_0024,157055.jpg,1,BDA-EHHO-VC-Calibrated,0.0018782315937727644,5.643437455217255e-05,0.025120735401109234,0.6854822211516796
IMG_0024|r1|HHO-VC,IMG_0024,157055.jpg,1,HHO-VC,0.0019444767640876305,5.5785275016527945e-05,0.025120735401109234,0.6854592481215599
IMG_0024|r1|EHHO-VC,IMG_0024,157055.jpg,1,EHHO-VC,0.0018864007123689872,5.5241004401437096e-05,0.025120735401109234,0.6854814803592952
IMG_0024|r1|BEHHO-VC-Calibrated,IMG_0024,157055.jpg,1,BEHHO-VC-Calibrated,0.0018300751985683924,5.374910545046863e-05,0.025120735401109234,0.6854887274253657
IMG_0024|r1|MO-BDA-EHHO-VC,IMG_0024,157055.jpg,1,MO-BDA-EHHO-VC,0.0017882406813087982,5.051641213317974e-05,0.025120735401109234,0.6853093710063174
IMG_0024|r2|BEHHO-VC-Calibrated,IMG_0024,157055.jpg,2,BEHHO-VC-Calibrated,0.0016584366458491772,6.566634269368578e-05,0.025120735401109234,0.6851096872442365
IMG_0024|r2|HHO-VC,IMG_0024,157055.jpg,2,HHO-VC,0.0016420413271706175,6.528113591948645e-05,0.025120735401109234,0.6851003490270918
IMG_0024|r2|BDA-EHHO-VC-Calibrated,IMG_0024,157055.jpg,2,BDA-EHHO-VC-Calibrated,0.0014889822718970993,6.833582382159786e-05,0.025120735401109234,0.6851211843420448
IMG_0024|r2|EHHO-VC,IMG_0024,157055.jpg,2,EHHO-VC,0.0016272089736091772,6.551180089169913e-05,0.025120735401109234,0.6851059917485124
IMG_0024|r2|MO-BDA-EHHO-VC,IMG_0024,157055.jpg,2,MO-BDA-EHHO-VC,0.001948692601134913,6.4319150032719e-05,0.025120735401109234,0.6850359762854238
IMG_0024|r3|EHHO-VC,IMG_0024,157055.jpg,3,EHHO-VC,0.0025119911493928612,5.926510936802534e-05,0.025120735401109234,0.6845709068264018
IMG_0024|r3|BEHHO-VC-Calibrated,IMG_0024,157055.jpg,3,BEHHO-VC-Calibrated,0.0022710728372448974,6.646440439868784e-05,0.025120735401109234,0.6845952429145091
IMG_0024|r3|BDA-EHHO-VC-Calibrated,IMG_0024,157055.jpg,3,BDA-EHHO-VC-Calibrated,0.0022956305981826895,6.567686304673823e-05,0.025120735401109234,0.6845725365696477
IMG_0024|r3|HHO-VC,IMG_0024,157055.jpg,3,HHO-VC,0.002494218742474135,5.4690791021201374e-05,0.025120735401109234,0.6846535877227163
IMG_0024|r3|MO-BDA-EHHO-VC,IMG_0024,157055.jpg,3,MO-BDA-EHHO-VC,0.002326156193660033,6.195601948068889e-05,0.025120735401109234,0.684441793063423
IMG_0024|r4|HHO-VC,IMG_0024,157055.jpg,4,HHO-VC,0.0012331966220133065,6.089489735584472e-05,0.025120735401109234,0.6847754755851211
IMG_0024|r4|EHHO-VC,IMG_0024,157055.jpg,4,EHHO-VC,0.0012678870644793866,5.489811490697957e-05,0.025120735401109234,0.6847690751389185
IMG_0024|r4|BEHHO-VC-Calibrated,IMG_0024,157055.jpg,4,BEHHO-VC-Calibrated,0.001164490672964138,5.697735904706362e-05,0.025120735401109234,0.6848384852688015
IMG_0024|r4|BDA-EHHO-VC-Calibrated,IMG_0024,157055.jpg,4,BDA-EHHO-VC-Calibrated,0.0012755774898731986,6.0657832517933517e-05,0.025120735401109234,0.6850319421417526
IMG_0024|r4|MO-BDA-EHHO-VC,IMG_0024,157055.jpg,4,MO-BDA-EHHO-VC,0.001645633475865927,5.6920346252058435e-05,0.025120735401109234,0.6848631727041541
IMG_0024|r5|BDA-EHHO-VC-Calibrated,IMG_0024,157055.jpg,5,BDA-EHHO-VC-Calibrated,0.0017522352593576321,6.498576372767447e-05,0.025120735401109234,0.6846967399373914
IMG_0024|r5|EHHO-VC,IMG_0024,157055.jpg,5,EHHO-VC,0.0019199375420574135,6.845213747095878e-05,0.025120735401109234,0.6845677320018964
IMG_0024|r5|BEHHO-VC-Calibrated,IMG_0024,157055.jpg,5,BEHHO-VC-Calibrated,0.002099205646115492,6.829467380378296e-05,0.025120735401109234,0.6846529823895108
IMG_0024|r5|HHO-VC,IMG_0024,157055.jpg,5,HHO-VC,0.0019199375420574135,6.845213747095878e-05,0.025120735401109234,0.6845677320018964
IMG_0024|r5|MO-BDA-EHHO-VC,IMG_0024,157055.jpg,5,MO-BDA-EHHO-VC,0.0021241517007301977,7.197790908906945e-05,0.025120735401109234,0.6846164761407999
IMG_0025|r1|BDA-EHHO-VC-Calibrated,IMG_0025,159008.jpg,1,BDA-EHHO-VC-Calibrated,0.0017979985774989285,6.611229741479446e-05,0.0737300924216812,0.6387007471203701
IMG_0025|r1|HHO-VC,IMG_0025,159008.jpg,1,HHO-VC,0.001870208876703329,6.165950652530445e-05,0.0737300924216812,0.6388608683360162
IMG_0025|r1|EHHO-VC,IMG_0025,159008.jpg,1,EHHO-VC,0.001619900234295422,5.97991839585464e-05,0.0737300924216812,0.6387947176926253
IMG_0025|r1|BEHHO-VC-Calibrated,IMG_0025,159008.jpg,1,BEHHO-VC-Calibrated,0.001537127538266449,6.0174411886095655e-05,0.0737300924216812,0.6387672660434035
IMG_0025|r1|MO-BDA-EHHO-VC,IMG_0025,159008.jpg,1,MO-BDA-EHHO-VC,0.001705974920788192,6.557556857617306e-05,0.0737300924216812,0.6387395138441284
IMG_0025|r2|HHO-VC,IMG_0025,159008.jpg,2,HHO-VC,0.0015573221710121741,5.007030562854855e-05,0.0737300924216812,0.6384654968576321
IMG_0025|r2|BDA-EHHO-VC-Calibrated,IMG_0025,159008.jpg,2,BDA-EHHO-VC-Calibrated,0.0013567865477459237,5.721214526457701e-05,0.0737300924216812,0.638472299448272
IMG_0025|r2|BEHHO-VC-Calibrated,IMG_0025,159008.jpg,2,BEHHO-VC-Calibrated,0.001281850697585204,5.672557604180939e-05,0.0737300924216812,0.6384731460681401
IMG_0025|r2|EHHO-VC,IMG_0025,159008.jpg,2,EHHO-VC,0.0015573221710121741,5.007030562854855e-05,0.0737300924216812,0.6384654968576321
IMG_0025|r2|MO-BDA-EHHO-VC,IMG_0025,159008.jpg,2,MO-BDA-EHHO-VC,0.0016191231798499625,6.414000251575805e-05,0.0737300924216812,0.6385778136824284
IMG_0025|r3|HHO-VC,IMG_0025,159008.jpg,3,HHO-VC,0.0018427517261828032,5.14967192045371e-05,0.0737300924216812,0.6378876406997871
IMG_0025|r3|BDA-EHHO-VC-Calibrated,IMG_0025,159008.jpg,3,BDA-EHHO-VC-Calibrated,0.0017146307304220386,4.821834449327185e-05,0.0737300924216812,0.6379835500315402
IMG_0025|r3|BEHHO-VC-Calibrated,IMG_0025,159008.jpg,3,BEHHO-VC-Calibrated,0.0013062002087955709,4.648070434659297e-05,0.0737300924216812,0.6381147507124935
IMG_0025|r3|EHHO-VC,IMG_0025,159008.jpg,3,EHHO-VC,0.0018375578247576835,5.193576555541084e-05,0.0737300924216812,0.6379251713585381
IMG_0025|r3|MO-BDA-EHHO-VC,IMG_0025,159008.jpg,3,MO-BDA-EHHO-VC,0.002823857601538591,5.6020377515996595e-05,0.0737300924216812,0.637649490764001
IMG_0025|r4|BDA-EHHO-VC-Calibrated,IMG_0025,159008.jpg,4,BDA-EHHO-VC-Calibrated,0.0015068768533360345,7.022143202416962e-05,0.0737300924216812,0.6379647677697672
IMG_0025|r4|HHO-VC,IMG_0025,159008.jpg,4,HHO-VC,0.0017427577746193437,6.749169286671449e-05,0.0737300924216812,0.6379616437424542
IMG_0025|r4|BEHHO-VC-Calibrated,IMG_0025,159008.jpg,4,BEHHO-VC-Calibrated,0.0017959544489902545,6.87771528785121e-05,0.0737300924216812,0.6378304218960041
IMG_0025|r4|EHHO-VC,IMG_0025,159008.jpg,4,EHHO-VC,0.0017427577746193437,6.749169286671449e-05,0.0737300924216812,0.6379616437424542
IMG_0025|r4|MO-BDA-EHHO-VC,IMG_0025,159008.jpg,4,MO-BDA-EHHO-VC,0.0018136644583562325,7.224709226433424e-05,0.0737300924216812,0.6379193720124419
IMG_0025|r5|HHO-VC,IMG_0025,159008.jpg,5,HHO-VC,0.0017059748901200723,5.6964262078154756e-05,0.0737300924216812,0.6382164339917469
IMG_0025|r5|EHHO-VC,IMG_0025,159008.jpg,5,EHHO-VC,0.0017059748901200723,5.6964262078154756e-05,0.0737300924216812,0.6382164339917469
IMG_0025|r5|BDA-EHHO-VC-Calibrated,IMG_0025,159008.jpg,5,BDA-EHHO-VC-Calibrated,0.001675530191061917,5.619934663555807e-05,0.0737300924216812,0.6382471832253548
IMG_0025|r5|BEHHO-VC-Calibrated,IMG_0025,159008.jpg,5,BEHHO-VC-Calibrated,0.0018409478786291535,5.579547643747046e-05,0.0737300924216812,0.6382251372439905
IMG_0025|r5|MO-BDA-EHHO-VC,IMG_0025,159008.jpg,5,MO-BDA-EHHO-VC,0.0021269061864000213,6.31239090635271e-05,0.0737300924216812,0.6380783460581669
IMG_0026|r1|EHHO-VC,IMG_0026,160068.jpg,1,EHHO-VC,0.0018317002460050285,6.101615273149106e-05,0.023855631332266845,0.6725247646458397
IMG_0026|r1|HHO-VC,IMG_0026,160068.jpg,1,HHO-VC,0.0018317002460050285,6.101615273149106e-05,0.023855631332266845,0.6725247646458397
IMG_0026|r1|BEHHO-VC-Calibrated,IMG_0026,160068.jpg,1,BEHHO-VC-Calibrated,0.0015477879029731792,5.8903116251695534e-05,0.023855631332266845,0.6725222840496263
IMG_0026|r1|BDA-EHHO-VC-Calibrated,IMG_0026,160068.jpg,1,BDA-EHHO-VC-Calibrated,0.0016481044846733321,5.8927743046110894e-05,0.023855631332266845,0.6724275472863903
IMG_0026|r1|MO-BDA-EHHO-VC,IMG_0026,160068.jpg,1,MO-BDA-EHHO-VC,0.0017440218946502487,5.5529948317573526e-05,0.023855631332266845,0.6726009689001637
IMG_0026|r2|EHHO-VC,IMG_0026,160068.jpg,2,EHHO-VC,0.0017632163254384938,7.682380216413527e-05,0.023855631332266845,0.6725043484077213
IMG_0026|r2|BDA-EHHO-VC-Calibrated,IMG_0026,160068.jpg,2,BDA-EHHO-VC-Calibrated,0.001505010390445092,7.070785897600477e-05,0.023855631332266845,0.6724009168584404
IMG_0026|r2|BEHHO-VC-Calibrated,IMG_0026,160068.jpg,2,BEHHO-VC-Calibrated,0.002256259015579907,6.939176506670142e-05,0.023855631332266845,0.6725530967797243
IMG_0026|r2|HHO-VC,IMG_0026,160068.jpg,2,HHO-VC,0.001792355063923544,7.725163725554668e-05,0.023855631332266845,0.6724742891693057
IMG_0026|r2|MO-BDA-EHHO-VC,IMG_0026,160068.jpg,2,MO-BDA-EHHO-VC,0.001948250139781605,7.582266238315265e-05,0.023855631332266845,0.6725839010436236
IMG_0026|r3|BEHHO-VC-Calibrated,IMG_0026,160068.jpg,3,BEHHO-VC-Calibrated,0.0011193282881845547,5.258033242135071e-05,0.023855631332266845,0.6725295184163987
IMG_0026|r3|HHO-VC,IMG_0026,160068.jpg,3,HHO-VC,0.001157371952168444,5.871037563749869e-05,0.023855631332266845,0.6729829722508311
IMG_0026|r3|EHHO-VC,IMG_0026,160068.jpg,3,EHHO-VC,0.001107641456915559,5.518210506914267e-05,0.023855631332266845,0.6729486545144794
IMG_0026|r3|BDA-EHHO-VC-Calibrated,IMG_0026,160068.jpg,3,BDA-EHHO-VC-Calibrated,0.0018312639681872169,5.546341236935267e-05,0.023855631332266845,0.6728483131277168
IMG_0026|r3|MO-BDA-EHHO-VC,IMG_0026,160068.jpg,3,MO-BDA-EHHO-VC,0.0016912924935655437,5.5693081526530315e-05,0.023855631332266845,0.6729382368570028
IMG_0026|r4|HHO-VC,IMG_0026,160068.jpg,4,HHO-VC,0.0019220118955323134,5.930974362511134e-05,0.023855631332266845,0.6724065934446557
IMG_0026|r4|BDA-EHHO-VC-Calibrated,IMG_0026,160068.jpg,4,BDA-EHHO-VC-Calibrated,0.0016233053082073715,5.574060800367112e-05,0.023855631332266845,0.6723939407107276
IMG_0026|r4|BEHHO-VC-Calibrated,IMG_0026,160068.jpg,4,BEHHO-VC-Calibrated,0.0019933933961092175,6.04347790162812e-05,0.023855631332266845,0.672394816962291
IMG_0026|r4|EHHO-VC,IMG_0026,160068.jpg,4,EHHO-VC,0.0020030725247932187,5.8573141367940604e-05,0.023855631332266845,0.6724145770700116
IMG_0026|r4|MO-BDA-EHHO-VC,IMG_0026,160068.jpg,4,MO-BDA-EHHO-VC,0.002048580598047619,5.4342178888673334e-05,0.023855631332266845,0.6724605273633505
IMG_0026|r5|BDA-EHHO-VC-Calibrated,IMG_0026,160068.jpg,5,BDA-EHHO-VC-Calibrated,0.001745123401439749,5.9557928388148516e-05,0.023855631332266845,0.6726407811994592
IMG_0026|r5|HHO-VC,IMG_0026,160068.jpg,5,HHO-VC,0.0026435296746877973,6.099562484422074e-05,0.023855631332266845,0.672775072042931
IMG_0026|r5|EHHO-VC,IMG_0026,160068.jpg,5,EHHO-VC,0.0026435296746877973,6.099562484422074e-05,0.023855631332266845,0.672775072042931
IMG_0026|r5|BEHHO-VC-Calibrated,IMG_0026,160068.jpg,5,BEHHO-VC-Calibrated,0.002092872424960515,6.287615315678025e-05,0.023855631332266845,0.6726820158201331
IMG_0026|r5|MO-BDA-EHHO-VC,IMG_0026,160068.jpg,5,MO-BDA-EHHO-VC,0.002131548733083285,6.026396581286923e-05,0.023855631332266845,0.672538628046179
IMG_0027|r1|EHHO-VC,IMG_0027,16077.jpg,1,EHHO-VC,0.0033396128951412684,5.9397091754686166e-05,0.03168805037963916,0.6870170901500332
IMG_0027|r1|BEHHO-VC-Calibrated,IMG_0027,16077.jpg,1,BEHHO-VC-Calibrated,0.0034723976334931667,5.796818590615569e-05,0.03168805037963916,0.6870254039571376
IMG_0027|r1|HHO-VC,IMG_0027,16077.jpg,1,HHO-VC,0.0035409117151839887,6.053662155579575e-05,0.03168805037963916,0.6870139195586273
IMG_0027|r1|BDA-EHHO-VC-Calibrated,IMG_0027,16077.jpg,1,BDA-EHHO-VC-Calibrated,0.003274578155713304,6.468398677976837e-05,0.03168805037963916,0.6870113373680299
IMG_0027|r1|MO-BDA-EHHO-VC,IMG_0027,16077.jpg,1,MO-BDA-EHHO-VC,0.0032764560577084423,6.52536139761729e-05,0.03168805037963916,0.6869073936137288
IMG_0027|r2|HHO-VC,IMG_0027,16077.jpg,2,HHO-VC,0.0018676819813059596,6.530143176657272e-05,0.03168805037963916,0.6866702511555857
IMG_0027|r2|BEHHO-VC-Calibrated,IMG_0027,16077.jpg,2,BEHHO-VC-Calibrated,0.001522448252060121,5.995067195883265e-05,0.03168805037963916,0.6868071792199464
IMG_0027|r2|EHHO-VC,IMG_0027,16077.jpg,2,EHHO-VC,0.001605958663746997,6.37215492755778e-05,0.03168805037963916,0.6866984816950862
IMG_0027|r2|BDA-EHHO-VC-Calibrated,IMG_0027,16077.jpg,2,BDA-EHHO-VC-Calibrated,0.0016397136866292338,6.781312481396612e-05,0.03168805037963916,0.6866972879610721
IMG_0027|r2|MO-BDA-EHHO-VC,IMG_0027,16077.jpg,2,MO-BDA-EHHO-VC,0.002151804728846656,6.3148193237238e-05,0.03168805037963916,0.6864254383214381
IMG_0027|r3|BEHHO-VC-Calibrated,IMG_0027,16077.jpg,3,BEHHO-VC-Calibrated,0.0017701845180594078,5.600325450273806e-05,0.03168805037963916,0.6865959560290641
IMG_0027|r3|HHO-VC,IMG_0027,16077.jpg,3,HHO-VC,0.0018537724029358373,5.887576898920628e-05,0.03168805037963916,0.6866160547847319
IMG_0027|r3|BDA-EHHO-VC-Calibrated,IMG_0027,16077.jpg,3,BDA-EHHO-VC-Calibrated,0.0020787657262864023,5.879517480192588e-05,0.03168805037963916,0.6866155002487182
IMG_0027|r3|EHHO-VC,IMG_0027,16077.jpg,3,EHHO-VC,0.0017360431025762665,5.677777332404847e-05,0.03168805037963916,0.6866314801987278
IMG_0027|r3|MO-BDA-EHHO-VC,IMG_0027,16077.jpg,3,MO-BDA-EHHO-VC,0.0014111280237033184,6.230679750513582e-05,0.03168805037963916,0.686468963048855
IMG_0027|r4|EHHO-VC,IMG_0027,16077.jpg,4,EHHO-VC,0.0022803964350135452,6.436909444631463e-05,0.03168805037963916,0.6862809838064502
IMG_0027|r4|BDA-EHHO-VC-Calibrated,IMG_0027,16077.jpg,4,BDA-EHHO-VC-Calibrated,0.002156225746855469,5.879524497772093e-05,0.03168805037963916,0.6863364458740069
IMG_0027|r4|HHO-VC,IMG_0027,16077.jpg,4,HHO-VC,0.00259654333966234,5.901246344000399e-05,0.03168805037963916,0.6861662498819308
IMG_0027|r4|BEHHO-VC-Calibrated,IMG_0027,16077.jpg,4,BEHHO-VC-Calibrated,0.0018922623680525975,5.9045604061741756e-05,0.03168805037963916,0.6862537311128974
IMG_0027|r4|MO-BDA-EHHO-VC,IMG_0027,16077.jpg,4,MO-BDA-EHHO-VC,0.0027143042231391606,5.8515234986030456e-05,0.03168805037963916,0.6860971360690017
IMG_0027|r5|HHO-VC,IMG_0027,16077.jpg,5,HHO-VC,0.0021527492690720253,8.57857801791277e-05,0.03168805037963916,0.6867136107921284
IMG_0027|r5|BDA-EHHO-VC-Calibrated,IMG_0027,16077.jpg,5,BDA-EHHO-VC-Calibrated,0.0020105106427925983,8.298820844013694e-05,0.03168805037963916,0.6867209255877884
IMG_0027|r5|BEHHO-VC-Calibrated,IMG_0027,16077.jpg,5,BEHHO-VC-Calibrated,0.001979925306617602,8.358495762613366e-05,0.03168805037963916,0.686695357667773
IMG_0027|r5|EHHO-VC,IMG_0027,16077.jpg,5,EHHO-VC,0.0021527492690720253,8.57857801791277e-05,0.03168805037963916,0.6867136107921284
IMG_0027|r5|MO-BDA-EHHO-VC,IMG_0027,16077.jpg,5,MO-BDA-EHHO-VC,0.0019234248997385044,7.344890041726978e-05,0.03168805037963916,0.6866869295669864
IMG_0028|r1|BEHHO-VC-Calibrated,IMG_0028,163085.jpg,1,BEHHO-VC-Calibrated,0.0012303096147701048,6.28736372876911e-05,0.07034064977990212,0.6801150300090679
IMG_0028|r1|BDA-EHHO-VC-Calibrated,IMG_0028,163085.jpg,1,BDA-EHHO-VC-Calibrated,0.001396686563435833,6.135725624974201e-05,0.07034064977990212,0.6799898487953765
IMG_0028|r1|HHO-VC,IMG_0028,163085.jpg,1,HHO-VC,0.0014851346882149956,6.680511450897702e-05,0.07034064977990212,0.6799243712147808
IMG_0028|r1|EHHO-VC,IMG_0028,163085.jpg,1,EHHO-VC,0.0013530555717379182,6.443099294990157e-05,0.07034064977990212,0.6798931394078479
IMG_0028|r1|MO-BDA-EHHO-VC,IMG_0028,163085.jpg,1,MO-BDA-EHHO-VC,0.001293824780210107,7.153048174131419e-05,0.07034064977990212,0.680281767558983
IMG_0028|r2|EHHO-VC,IMG_0028,163085.jpg,2,EHHO-VC,0.0018745024039289314,0.00010145096416463573,0.07034064977990212,0.6804046755983286
IMG_0028|r2|HHO-VC,IMG_0028,163085.jpg,2,HHO-VC,0.0018745024039289314,0.00010145096416463573,0.07034064977990212,0.6804046755983286
IMG_0028|r2|BDA-EHHO-VC-Calibrated,IMG_0028,163085.jpg,2,BDA-EHHO-VC-Calibrated,0.002127194313556432,9.541782051397164e-05,0.07034064977990212,0.6804255871090698
IMG_0028|r2|BEHHO-VC-Calibrated,IMG_0028,163085.jpg,2,BEHHO-VC-Calibrated,0.002074996506874746,9.539317312467264e-05,0.07034064977990212,0.6804215995294912
IMG_0028|r2|MO-BDA-EHHO-VC,IMG_0028,163085.jpg,2,MO-BDA-EHHO-VC,0.0018565129505727382,9.050677290362605e-05,0.07034064977990212,0.6799299843045059
IMG_0028|r3|BEHHO-VC-Calibrated,IMG_0028,163085.jpg,3,BEHHO-VC-Calibrated,0.00200594885882677,6.0775466635948686e-05,0.07034064977990212,0.6806364547196075
IMG_0028|r3|EHHO-VC,IMG_0028,163085.jpg,3,EHHO-VC,0.0020762825182106194,5.9920718676350285e-05,0.07034064977990212,0.6806128721231827
IMG_0028|r3|HHO-VC,IMG_0028,163085.jpg,3,HHO-VC,0.0020918983690776864,5.999556631968638e-05,0.07034064977990212,0.6806146754235017
IMG_0028|r3|BDA-EHHO-VC-Calibrated,IMG_0028,163085.jpg,3,BDA-EHHO-VC-Calibrated,0.002125572792692982,6.105014665129227e-05,0.07034064977990212,0.6806714455187545
IMG_0028|r3|MO-BDA-EHHO-VC,IMG_0028,163085.jpg,3,MO-BDA-EHHO-VC,0.0027583194065059387,5.483102732161221e-05,0.07034064977990212,0.6805913425799379
IMG_0028|r4|BEHHO-VC-Calibrated,IMG_0028,163085.jpg,4,BEHHO-VC-Calibrated,0.0019907027714744555,5.828628220012002e-05,0.07034064977990212,0.6801805922516504
IMG_0028|r4|HHO-VC,IMG_0028,163085.jpg,4,HHO-VC,0.0020037615898295716,5.4067506501829427e-05,0.07034064977990212,0.6802312666838533
IMG_0028|r4|BDA-EHHO-VC-Calibrated,IMG_0028,163085.jpg,4,BDA-EHHO-VC-Calibrated,0.0021353757665590867,5.695918525137289e-05,0.07034064977990212,0.680150609209023
IMG_0028|r4|EHHO-VC,IMG_0028,163085.jpg,4,EHHO-VC,0.0018630327019706896,5.282548281708194e-05,0.07034064977990212,0.6803843694207933
IMG_0028|r4|MO-BDA-EHHO-VC,IMG_0028,163085.jpg,4,MO-BDA-EHHO-VC,0.002338640489983395,6.106782449686304e-05,0.07034064977990212,0.6800919977155573
IMG_0028|r5|HHO-VC,IMG_0028,163085.jpg,5,HHO-VC,0.0016136364201011146,5.292104330310841e-05,0.07034064977990212,0.680522529317062
IMG_0028|r5|EHHO-VC,IMG_0028,163085.jpg,5,EHHO-VC,0.0016136364201011146,5.292104330310841e-05,0.07034064977990212,0.680522529317062
IMG_0028|r5|BEHHO-VC-Calibrated,IMG_0028,163085.jpg,5,BEHHO-VC-Calibrated,0.002229828853201244,6.229256016488807e-05,0.07034064977990212,0.6804311409354041
IMG_0028|r5|BDA-EHHO-VC-Calibrated,IMG_0028,163085.jpg,5,BDA-EHHO-VC-Calibrated,0.001575367243915539,4.9587732723642175e-05,0.07034064977990212,0.6804038120460633
IMG_0028|r5|MO-BDA-EHHO-VC,IMG_0028,163085.jpg,5,MO-BDA-EHHO-VC,0.0022202556175483956,5.753211384984649e-05,0.07034064977990212,0.6803941309478719
IMG_0029|r1|EHHO-VC,IMG_0029,167062.jpg,1,EHHO-VC,0.002386786733527976,0.00011615221481207802,0.39270902822304693,0.5440554254703377
IMG_0029|r1|HHO-VC,IMG_0029,167062.jpg,1,HHO-VC,0.0022732188549956346,0.00010604345109882685,0.39270902822304693,0.5440439580042249
IMG_0029|r1|BDA-EHHO-VC-Calibrated,IMG_0029,167062.jpg,1,BDA-EHHO-VC-Calibrated,0.0023275481996053076,0.00011237470462970934,0.39270902822304693,0.5440768153213043
IMG_0029|r1|BEHHO-VC-Calibrated,IMG_0029,167062.jpg,1,BEHHO-VC-Calibrated,0.0024202063133417586,0.00011025309924233473,0.39270902822304693,0.5440583378426839
IMG_0029|r1|MO-BDA-EHHO-VC,IMG_0029,167062.jpg,1,MO-BDA-EHHO-VC,0.002355621924359634,0.00011482614307028956,0.39270902822304693,0.5443259078188851
IMG_0029|r2|BEHHO-VC-Calibrated,IMG_0029,167062.jpg,2,BEHHO-VC-Calibrated,0.0020146895192359937,8.543938402987781e-05,0.39270902822304693,0.5436729776442396
IMG_0029|r2|BDA-EHHO-VC-Calibrated,IMG_0029,167062.jpg,2,BDA-EHHO-VC-Calibrated,0.002230247357848838,9.998134745156207e-05,0.39270902822304693,0.5435440501376322
IMG_0029|r2|HHO-VC,IMG_0029,167062.jpg,2,HHO-VC,0.0020418128401183456,8.86959785422137e-05,0.39270902822304693,0.5435595475143168
IMG_0029|r2|EHHO-VC,IMG_0029,167062.jpg,2,EHHO-VC,0.002133070684444615,8.587090640849855e-05,0.39270902822304693,0.5436511560171403
IMG_0029|r2|MO-BDA-EHHO-VC,IMG_0029,167062.jpg,2,MO-BDA-EHHO-VC,0.0028985179873565127,8.81734888860162e-05,0.39270902822304693,0.5439914548731072
IMG_0029|r3|HHO-VC,IMG_0029,167062.jpg,3,HHO-VC,0.0008905682474228445,8.803398687540213e-05,0.39270902822304693,0.5437736322803532
IMG_0029|r3|BDA-EHHO-VC-Calibrated,IMG_0029,167062.jpg,3,BDA-EHHO-VC-Calibrated,0.0009447483025401725,8.413076660680818e-05,0.39270902822304693,0.5437022241275817
IMG_0029|r3|EHHO-VC,IMG_0029,167062.jpg,3,EHHO-VC,0.0008802962352749441,8.481322071588273e-05,0.39270902822304693,0.5437243420716348
IMG_0029|r3|BEHHO-VC-Calibrated,IMG_0029,167062.jpg,3,BEHHO-VC-Calibrated,0.0010045971908668357,8.656131354200609e-05,0.39270902822304693,0.5436555034101628
IMG_0029|r3|MO-BDA-EHHO-VC,IMG_0029,167062.jpg,3,MO-BDA-EHHO-VC,0.001229435185113285,9.536226368417172e-05,0.39270902822304693,0.5435686190462031
IMG_0029|r4|BDA-EHHO-VC-Calibrated,IMG_0029,167062.jpg,4,BDA-EHHO-VC-Calibrated,0.001905884667892259,9.188249292468597e-05,0.39270902822304693,0.5439267265510946
IMG_0029|r4|HHO-VC,IMG_0029,167062.jpg,4,HHO-VC,0.0015613375319680324,9.991671131784077e-05,0.39270902822304693,0.5439932920382208
IMG_0029|r4|BEHHO-VC-Calibrated,IMG_0029,167062.jpg,4,BEHHO-VC-Calibrated,0.002019836406603737,9.149730728857162e-05,0.39270902822304693,0.5438100327015806
IMG_0029|r4|EHHO-VC,IMG_0029,167062.jpg,4,EHHO-VC,0.001767513845966977,9.796486499681033e-05,0.39270902822304693,0.543913807131908
IMG_0029|r4|MO-BDA-EHHO-VC,IMG_0029,167062.jpg,4,MO-BDA-EHHO-VC,0.0020604185428898724,9.511027546784947e-05,0.39270902822304693,0.5437865516995398
IMG_0029|r5|BDA-EHHO-VC-Calibrated,IMG_0029,167062.jpg,5,BDA-EHHO-VC-Calibrated,0.0026513520921938537,8.922880659811735e-05,0.39270902822304693,0.5437303403734001
IMG_0029|r5|BEHHO-VC-Calibrated,IMG_0029,167062.jpg,5,BEHHO-VC-Calibrated,0.002356095081104615,9.162894511682055e-05,0.39270902822304693,0.5432128990093398
IMG_0029|r5|HHO-VC,IMG_0029,167062.jpg,5,HHO-VC,0.0022429744390590066,8.911394816858183e-05,0.39270902822304693,0.5437411982732079
IMG_0029|r5|EHHO-VC,IMG_0029,167062.jpg,5,EHHO-VC,0.0022429744390590066,8.911394816858183e-05,0.39270902822304693,0.5437411982732079
IMG_0029|r5|MO-BDA-EHHO-VC,IMG_0029,167062.jpg,5,MO-BDA-EHHO-VC,0.002388849564133785,9.06585795938252e-05,0.39270902822304693,0.5433858211173909
IMG_0030|r1|BDA-EHHO-VC-Calibrated,IMG_0030,167083.jpg,1,BDA-EHHO-VC-Calibrated,0.002942344209155985,7.171491540706722e-05,0.08895235998039736,0.6723623085355993
IMG_0030|r1|EHHO-VC,IMG_0030,167083.jpg,1,EHHO-VC,0.0028759262945936824,7.361833417485964e-05,0.08895235998039736,0.672430537630766
IMG_0030|r1|HHO-VC,IMG_0030,167083.jpg,1,HHO-VC,0.0028759262945936824,7.361833417485964e-05,0.08895235998039736,0.672430537630766
IMG_0030|r1|BEHHO-VC-Calibrated,IMG_0030,167083.jpg,1,BEHHO-VC-Calibrated,0.00262906435346332,7.309946474070816e-05,0.08895235998039736,0.6725458387905974
IMG_0030|r1|MO-BDA-EHHO-VC,IMG_0030,167083.jpg,1,MO-BDA-EHHO-VC,0.0029928756363985284,7.086257249516784e-05,0.08895235998039736,0.672478452082199
IMG_0030|r2|EHHO-VC,IMG_0030,167083.jpg,2,EHHO-VC,0.0022270368366722193,7.427978025797243e-05,0.08895235998039736,0.6721129535858594
IMG_0030|r2|HHO-VC,IMG_0030,167083.jpg,2,HHO-VC,0.0022961465641179405,7.706561029045296e-05,0.08895235998039736,0.6720588799748862
IMG_0030|r2|BEHHO-VC-Calibrated,IMG_0030,167083.jpg,2,BEHHO-VC-Calibrated,0.0021412929050978386,7.357803131537506e-05,0.08895235998039736,0.6720327786843541
IMG_0030|r2|BDA-EHHO-VC-Calibrated,IMG_0030,167083.jpg,2,BDA-EHHO-VC-Calibrated,0.0022831795814516366,7.64990803981125e-05,0.08895235998039736,0.6721058123472723
IMG_0030|r2|MO-BDA-EHHO-VC,IMG_0030,167083.jpg,2,MO-BDA-EHHO-VC,0.002704769121527414,7.784503880808336e-05,0.08895235998039736,0.6719851266850804
IMG_0030|r3|BEHHO-VC-Calibrated,IMG_0030,167083.jpg,3,BEHHO-VC-Calibrated,0.002175371660972148,7.375487222812112e-05,0.08895235998039736,0.6722941725686177
IMG_0030|r3|HHO-VC,IMG_0030,167083.jpg,3,HHO-VC,0.0016590741598138021,6.997976772782047e-05,0.08895235998039736,0.6723273727667437
IMG_0030|r3|BDA-EHHO-VC-Calibrated,IMG_0030,167083.jpg,3,BDA-EHHO-VC-Calibrated,0.0017941978661095111,7.332985395282218e-05,0.08895235998039736,0.6724131607579742
IMG_0030|r3|EHHO-VC,IMG_0030,167083.jpg,3,EHHO-VC,0.0017020953456499555,7.321911735344823e-05,0.08895235998039736,0.6722283648062733
IMG_0030|r3|MO-BDA-EHHO-VC,IMG_0030,167083.jpg,3,MO-BDA-EHHO-VC,0.0018581200150635463,7.416659550177179e-05,0.08895235998039736,0.6722917851005897
IMG_0030|r4|EHHO-VC,IMG_0030,167083.jpg,4,EHHO-VC,0.0010353162587071957,6.404783133501814e-05,0.08895235998039736,0.6725908874337768
IMG_0030|r4|HHO-VC,IMG_0030,167083.jpg,4,HHO-VC,0.0010353162587071957,6.404783133501814e-05,0.08895235998039736,0.6725908874337768
IMG_0030|r4|BEHHO-VC-Calibrated,IMG_0030,167083.jpg,4,BEHHO-VC-Calibrated,0.001419755890156427,7.108350237281393e-05,0.08895235998039736,0.6727122334594658
IMG_0030|r4|BDA-EHHO-VC-Calibrated,IMG_0030,167083.jpg,4,BDA-EHHO-VC-Calibrated,0.0014722648276025768,7.196683825554394e-05,0.08895235998039736,0.6727243739883738
IMG_0030|r4|MO-BDA-EHHO-VC,IMG_0030,167083.jpg,4,MO-BDA-EHHO-VC,0.0018023110526855341,7.027804052455444e-05,0.08895235998039736,0.6728392941692644
IMG_0030|r5|EHHO-VC,IMG_0030,167083.jpg,5,EHHO-VC,0.0028857046136618464,7.311326536732878e-05,0.08895235998039736,0.6729342891515601
IMG_0030|r5|BEHHO-VC-Calibrated,IMG_0030,167083.jpg,5,BEHHO-VC-Calibrated,0.0028018001123727744,7.157193957656414e-05,0.08895235998039736,0.6729102239818104
IMG_0030|r5|BDA-EHHO-VC-Calibrated,IMG_0030,167083.jpg,5,BDA-EHHO-VC-Calibrated,0.002687254622068851,7.700383434719525e-05,0.08895235998039736,0.672875499867922
IMG_0030|r5|HHO-VC,IMG_0030,167083.jpg,5,HHO-VC,0.00225192999327616,7.287690839443592e-05,0.08895235998039736,0.67277188206227
IMG_0030|r5|MO-BDA-EHHO-VC,IMG_0030,167083.jpg,5,MO-BDA-EHHO-VC,0.0023462797514919808,7.830491009837791e-05,0.08895235998039736,0.6727895637182145
IMG_0031|r1|EHHO-VC,IMG_0031,170057.jpg,1,EHHO-VC,0.0027225476734804997,8.416753713745945e-05,0.004160163038667712,0.7129223907227336
IMG_0031|r1|BDA-EHHO-VC-Calibrated,IMG_0031,170057.jpg,1,BDA-EHHO-VC-Calibrated,0.002776858647491611,8.331913430478267e-05,0.004160163038667712,0.7129342180022903
IMG_0031|r1|HHO-VC,IMG_0031,170057.jpg,1,HHO-VC,0.002752565017063244,8.316829806623628e-05,0.004160163038667712,0.7129278598870812
IMG_0031|r1|BEHHO-VC-Calibrated,IMG_0031,170057.jpg,1,BEHHO-VC-Calibrated,0.00266343881411701,8.224993488618746e-05,0.004160163038667712,0.7129038793793184
IMG_0031|r1|MO-BDA-EHHO-VC,IMG_0031,170057.jpg,1,MO-BDA-EHHO-VC,0.0019484498143217518,7.589915924277415e-05,0.004160163038667712,0.7129099665761697
IMG_0031|r2|HHO-VC,IMG_0031,170057.jpg,2,HHO-VC,0.0017048831167365893,8.229998241934171e-05,0.004160163038667712,0.7129938200410018
IMG_0031|r2|EHHO-VC,IMG_0031,170057.jpg,2,EHHO-VC,0.0017048831167365893,8.229998241934171e-05,0.004160163038667712,0.7129938200410018
IMG_0031|r2|BEHHO-VC-Calibrated,IMG_0031,170057.jpg,2,BEHHO-VC-Calibrated,0.0018516978831027986,8.419779851671612e-05,0.004160163038667712,0.7129691114401524
IMG_0031|r2|BDA-EHHO-VC-Calibrated,IMG_0031,170057.jpg,2,BDA-EHHO-VC-Calibrated,0.0016460309319073017,8.35634598286067e-05,0.004160163038667712,0.7130201033548057
IMG_0031|r2|MO-BDA-EHHO-VC,IMG_0031,170057.jpg,2,MO-BDA-EHHO-VC,0.0019770829395562694,8.753993075501865e-05,0.004160163038667712,0.7126229074106059
IMG_0031|r3|BDA-EHHO-VC-Calibrated,IMG_0031,170057.jpg,3,BDA-EHHO-VC-Calibrated,0.001458552905256108,5.67746537318949e-05,0.004160163038667712,0.7126849815793319
IMG_0031|r3|BEHHO-VC-Calibrated,IMG_0031,170057.jpg,3,BEHHO-VC-Calibrated,0.0016069366583462915,5.9139306050921745e-05,0.004160163038667712,0.7125487858411571
IMG_0031|r3|HHO-VC,IMG_0031,170057.jpg,3,HHO-VC,0.0011638015165928207,5.975782162661018e-05,0.004160163038667712,0.7125165761882769
IMG_0031|r3|EHHO-VC,IMG_0031,170057.jpg,3,EHHO-VC,0.0012822248201298022,6.292391395276494e-05,0.004160163038667712,0.7127255135055154
IMG_0031|r3|MO-BDA-EHHO-VC,IMG_0031,170057.jpg,3,MO-BDA-EHHO-VC,0.0017544214052392345,6.193299526911871e-05,0.004160163038667712,0.7126504733535098
IMG_0031|r4|BEHHO-VC-Calibrated,IMG_0031,170057.jpg,4,BEHHO-VC-Calibrated,0.002757901325182583,6.529898866427814e-05,0.004160163038667712,0.7125915316782955
IMG_0031|r4|EHHO-VC,IMG_0031,170057.jpg,4,EHHO-VC,0.0028594658520788934,6.587449990524558e-05,0.004160163038667712,0.7127391102205966
IMG_0031|r4|BDA-EHHO-VC-Calibrated,IMG_0031,170057.jpg,4,BDA-EHHO-VC-Calibrated,0.002948745555378983,6.724775783826644e-05,0.004160163038667712,0.7126757872875649
IMG_0031|r4|HHO-VC,IMG_0031,170057.jpg,4,HHO-VC,0.0028594658520788934,6.587449990524558e-05,0.004160163038667712,0.7127391102205966
IMG_0031|r4|MO-BDA-EHHO-VC,IMG_0031,170057.jpg,4,MO-BDA-EHHO-VC,0.00273646805395766,6.252559433942979e-05,0.004160163038667712,0.7125836708128207
IMG_0031|r5|BDA-EHHO-VC-Calibrated,IMG_0031,170057.jpg,5,BDA-EHHO-VC-Calibrated,0.0022428052405674436,6.969687266310857e-05,0.004160163038667712,0.712828119600425
IMG_0031|r5|EHHO-VC,IMG_0031,170057.jpg,5,EHHO-VC,0.0016276968670017793,7.395894965892647e-05,0.004160163038667712,0.7128536959866391
IMG_0031|r5|HHO-VC,IMG_0031,170057.jpg,5,HHO-VC,0.0017551567919491346,7.466541251888207e-05,0.004160163038667712,0.7128733629661742
IMG_0031|r5|BEHHO-VC-Calibrated,IMG_0031,170057.jpg,5,BEHHO-VC-Calibrated,0.0024586828427257653,6.97903451574436e-05,0.004160163038667712,0.7128489083512853
IMG_0031|r5|MO-BDA-EHHO-VC,IMG_0031,170057.jpg,5,MO-BDA-EHHO-VC,0.002168136267712848,7.159048235644133e-05,0.004160163038667712,0.7129208752731696
IMG_0032|r1|BEHHO-VC-Calibrated,IMG_0032,175032.jpg,1,BEHHO-VC-Calibrated,0.0024676797368735335,7.977693148695552e-05,0.0200085059898144,0.6986889413549182
IMG_0032|r1|BDA-EHHO-VC-Calibrated,IMG_0032,175032.jpg,1,BDA-EHHO-VC-Calibrated,0.0014801668776660353,7.865666110967432e-05,0.0200085059898144,0.698644121299103
IMG_0032|r1|HHO-VC,IMG_0032,175032.jpg,1,HHO-VC,0.0026990042209020684,7.762999333104453e-05,0.0200085059898144,0.6986445657745337
IMG_0032|r1|EHHO-VC,IMG_0032,175032.jpg,1,EHHO-VC,0.002667226278811457,8.056523510231355e-05,0.0200085059898144,0.6986550088306062
IMG_0032|r1|MO-BDA-EHHO-VC,IMG_0032,175032.jpg,1,MO-BDA-EHHO-VC,0.0019308609235120973,7.079814376640055e-05,0.0200085059898144,0.6985602847666684
IMG_0032|r2|BDA-EHHO-VC-Calibrated,IMG_0032,175032.jpg,2,BDA-EHHO-VC-Calibrated,0.00331199298457854,9.797378433139606e-05,0.0200085059898144,0.6984222772619759
IMG_0032|r2|HHO-VC,IMG_0032,175032.jpg,2,HHO-VC,0.0030831703015290757,9.840674021092606e-05,0.0200085059898144,0.6984741538943912
IMG_0032|r2|EHHO-VC,IMG_0032,175032.jpg,2,EHHO-VC,0.0030831703015290757,9.840674021092606e-05,0.0200085059898144,0.6984741538943912
IMG_0032|r2|BEHHO-VC-Calibrated,IMG_0032,175032.jpg,2,BEHHO-VC-Calibrated,0.003083843407914256,9.84531488732395e-05,0.0200085059898144,0.6984740607662058
IMG_0032|r2|MO-BDA-EHHO-VC,IMG_0032,175032.jpg,2,MO-BDA-EHHO-VC,0.003966793916484091,0.00010002235086073098,0.0200085059898144,0.6984794071706726
IMG_0032|r3|HHO-VC,IMG_0032,175032.jpg,3,HHO-VC,0.001657394982812101,5.0008996267878504e-05,0.0200085059898144,0.6984545800430416
IMG_0032|r3|EHHO-VC,IMG_0032,175032.jpg,3,EHHO-VC,0.001657394982812101,5.0008996267878504e-05,0.0200085059898144,0.6984545800430416
IMG_0032|r3|BEHHO-VC-Calibrated,IMG_0032,175032.jpg,3,BEHHO-VC-Calibrated,0.0020511003362583533,5.212814700552188e-05,0.0200085059898144,0.6983449935673199
IMG_0032|r3|BDA-EHHO-VC-Calibrated,IMG_0032,175032.jpg,3,BDA-EHHO-VC-Calibrated,0.001810427641428901,5.407396721723349e-05,0.0200085059898144,0.6983888273109887
IMG_0032|r3|MO-BDA-EHHO-VC,IMG_0032,175032.jpg,3,MO-BDA-EHHO-VC,0.0017036641062855393,4.784202997200419e-05,0.0200085059898144,0.6985398007989607
IMG_0032|r4|HHO-VC,IMG_0032,175032.jpg,4,HHO-VC,0.0024788253576612748,5.9619777897732726e-05,0.0200085059898144,0.6988139363122386
IMG_0032|r4|EHHO-VC,IMG_0032,175032.jpg,4,EHHO-VC,0.0024788253576612748,5.9619777897732726e-05,0.0200085059898144,0.6988139363122386
IMG_0032|r4|BEHHO-VC-Calibrated,IMG_0032,175032.jpg,4,BEHHO-VC-Calibrated,0.0023518546427396744,5.512829857449121e-05,0.0200085059898144,0.6987120710097136
IMG_0032|r4|BDA-EHHO-VC-Calibrated,IMG_0032,175032.jpg,4,BDA-EHHO-VC-Calibrated,0.0022465124714478642,5.4634084245067755e-05,0.0200085059898144,0.69873949302724
IMG_0032|r4|MO-BDA-EHHO-VC,IMG_0032,175032.jpg,4,MO-BDA-EHHO-VC,0.002365269111304818,5.8996808798273576e-05,0.0200085059898144,0.6987235469420251
IMG_0032|r5|BDA-EHHO-VC-Calibrated,IMG_0032,175032.jpg,5,BDA-EHHO-VC-Calibrated,0.002009410555906217,0.00010170793878147573,0.0200085059898144,0.6987866328214937
IMG_0032|r5|EHHO-VC,IMG_0032,175032.jpg,5,EHHO-VC,0.0025351500205650812,0.00010059479471704532,0.0200085059898144,0.6987268995567028
IMG_0032|r5|BEHHO-VC-Calibrated,IMG_0032,175032.jpg,5,BEHHO-VC-Calibrated,0.0019019413803004967,9.99332613796495e-05,0.0200085059898144,0.6987301167122014
IMG_0032|r5|HHO-VC,IMG_0032,175032.jpg,5,HHO-VC,0.0024620805108173972,9.817425605406253e-05,0.0200085059898144,0.698657320102846
IMG_0032|r5|MO-BDA-EHHO-VC,IMG_0032,175032.jpg,5,MO-BDA-EHHO-VC,0.0021995653012811377,9.401740016610741e-05,0.0200085059898144,0.6987180100480881
IMG_0033|r1|HHO-VC,IMG_0033,175043.jpg,1,HHO-VC,0.0016380753618875019,6.591520998787954e-05,0.0016321137816464922,0.714711705030885
IMG_0033|r1|BEHHO-VC-Calibrated,IMG_0033,175043.jpg,1,BEHHO-VC-Calibrated,0.0015231250371989552,6.280934652475319e-05,0.0016321137816464922,0.7146396068829208
IMG_0033|r1|BDA-EHHO-VC-Calibrated,IMG_0033,175043.jpg,1,BDA-EHHO-VC-Calibrated,0.0012878574332940093,6.124823351788752e-05,0.0016321137816464922,0.7145808768626737
IMG_0033|r1|EHHO-VC,IMG_0033,175043.jpg,1,EHHO-VC,0.0016380753618875019,6.591520998787954e-05,0.0016321137816464922,0.714711705030885
IMG_0033|r1|MO-BDA-EHHO-VC,IMG_0033,175043.jpg,1,MO-BDA-EHHO-VC,0.0014016116738360168,6.031607867884738e-05,0.0016321137816464922,0.7144990425862269
IMG_0033|r2|EHHO-VC,IMG_0033,175043.jpg,2,EHHO-VC,0.0012117822920784018,5.050451499196787e-05,0.0016321137816464922,0.7149434672197664
IMG_0033|r2|BEHHO-VC-Calibrated,IMG_0033,175043.jpg,2,BEHHO-VC-Calibrated,0.0013009330700693726,5.759484005926644e-05,0.0016321137816464922,0.7149429338492496
IMG_0033|r2|HHO-VC,IMG_0033,175043.jpg,2,HHO-VC,0.0011805618092284894,5.034945679206944e-05,0.0016321137816464922,0.7149499142300617
IMG_0033|r2|BDA-EHHO-VC-Calibrated,IMG_0033,175043.jpg,2,BDA-EHHO-VC-Calibrated,0.0014300079695232209,4.8174702043401464e-05,0.0016321137816464922,0.7149124809325954
IMG_0033|r2|MO-BDA-EHHO-VC,IMG_0033,175043.jpg,2,MO-BDA-EHHO-VC,0.0013762325412137839,5.070352031377031e-05,0.0016321137816464922,0.7148674111239193
IMG_0033|r3|EHHO-VC,IMG_0033,175043.jpg,3,EHHO-VC,0.0018217644357157857,7.542217441874366e-05,0.0016321137816464922,0.7147534095255855
IMG_0033|r3|HHO-VC,IMG_0033,175043.jpg,3,HHO-VC,0.0017144806745755744,7.529266249494409e-05,0.0016321137816464922,0.7147687672099922
IMG_0033|r3|BDA-EHHO-VC-Calibrated,IMG_0033,175043.jpg,3,BDA-EHHO-VC-Calibrated,0.0019196359862420143,7.511117718289441e-05,0.0016321137816464922,0.7147191849174191
IMG_0033|r3|BEHHO-VC-Calibrated,IMG_0033,175043.jpg,3,BEHHO-VC-Calibrated,0.0018993861080201391,7.532500519981339e-05,0.0016321137816464922,0.7147263261560063
IMG_0033|r3|MO-BDA-EHHO-VC,IMG_0033,175043.jpg,3,MO-BDA-EHHO-VC,0.002020411047978469,8.085271457800425e-05,0.0016321137816464922,0.714794377461001
IMG_0033|r4|HHO-VC,IMG_0033,175043.jpg,4,HHO-VC,0.0016146635053248702,6.049456706088432e-05,0.0016321137816464922,0.7148093753319636
IMG_0033|r4|BEHHO-VC-Calibrated,IMG_0033,175043.jpg,4,BEHHO-VC-Calibrated,0.0015199370532800978,5.997915300079603e-05,0.0016321137816464922,0.7148137184918869
IMG_0033|r4|EHHO-VC,IMG_0033,175043.jpg,4,EHHO-VC,0.0017511916789409306,6.056729603845506e-05,0.0016321137816464922,0.7147714975590667
IMG_0033|r4|BDA-EHHO-VC-Calibrated,IMG_0033,175043.jpg,4,BDA-EHHO-VC-Calibrated,0.0013255794917318485,6.117903894806475e-05,0.0016321137816464922,0.7148147302026292
IMG_0033|r4|MO-BDA-EHHO-VC,IMG_0033,175043.jpg,4,MO-BDA-EHHO-VC,0.0010383985575164456,6.150752465014742e-05,0.0016321137816464922,0.7147756163647249
IMG_0033|r5|BDA-EHHO-VC-Calibrated,IMG_0033,175043.jpg,5,BDA-EHHO-VC-Calibrated,0.001739285326891126,7.772361918916016e-05,0.0016321137816464922,0.7147593654963574
IMG_0033|r5|HHO-VC,IMG_0033,175043.jpg,5,HHO-VC,0.0017608080635337492,7.293612158242201e-05,0.0016321137816464922,0.7147620450482398
IMG_0033|r5|BEHHO-VC-Calibrated,IMG_0033,175043.jpg,5,BEHHO-VC-Calibrated,0.0016431405655560405,7.566085372668896e-05,0.0016321137816464922,0.71475562766964
IMG_0033|r5|EHHO-VC,IMG_0033,175043.jpg,5,EHHO-VC,0.0017608080635337492,7.293612158242201e-05,0.0016321137816464922,0.7147620450482398
IMG_0033|r5|MO-BDA-EHHO-VC,IMG_0033,175043.jpg,5,MO-BDA-EHHO-VC,0.0016331357057698286,7.259504549442395e-05,0.0016321137816464922,0.7147432966512616
IMG_0034|r1|EHHO-VC,IMG_0034,182053.jpg,1,EHHO-VC,0.0018321147132021615,5.447429463457221e-05,0.022296919493181175,0.7030556656140634
IMG_0034|r1|BDA-EHHO-VC-Calibrated,IMG_0034,182053.jpg,1,BDA-EHHO-VC-Calibrated,0.0016412230359892366,5.203534129813992e-05,0.022296919493181175,0.7030449897375272
IMG_0034|r1|BEHHO-VC-Calibrated,IMG_0034,182053.jpg,1,BEHHO-VC-Calibrated,0.0020905939445486172,5.32779493854671e-05,0.022296919493181175,0.7031406958805121
IMG_0034|r1|HHO-VC,IMG_0034,182053.jpg,1,HHO-VC,0.001954946032454044,5.2576048530309314e-05,0.022296919493181175,0.7030799509049787
IMG_0034|r1|MO-BDA-EHHO-VC,IMG_0034,182053.jpg,1,MO-BDA-EHHO-VC,0.0016772688647093013,5.409175260274849e-05,0.022296919493181175,0.7030137579305945
IMG_0034|r2|BEHHO-VC-Calibrated,IMG_0034,182053.jpg,2,BEHHO-VC-Calibrated,0.00219952774869574,7.761568662478106e-05,0.022296919493181175,0.7028123428308835
IMG_0034|r2|HHO-VC,IMG_0034,182053.jpg,2,HHO-VC,0.0019942109417426727,7.462514858809271e-05,0.022296919493181175,0.70289770751218
IMG_0034|r2|BDA-EHHO-VC-Calibrated,IMG_0034,182053.jpg,2,BDA-EHHO-VC-Calibrated,0.0018698061563600299,7.44554883786644e-05,0.022296919493181175,0.7028940755129459
IMG_0034|r2|EHHO-VC,IMG_0034,182053.jpg,2,EHHO-VC,0.0019882370922764884,7.45251941600775e-05,0.022296919493181175,0.7028944522587873
IMG_0034|r2|MO-BDA-EHHO-VC,IMG_0034,182053.jpg,2,MO-BDA-EHHO-VC,0.001980941053708657,7.542876095256838e-05,0.022296919493181175,0.7029191439272392
IMG_0034|r3|EHHO-VC,IMG_0034,182053.jpg,3,EHHO-VC,0.002124012568592716,6.64271715578885e-05,0.022296919493181175,0.7028130412922747
IMG_0034|r3|BEHHO-VC-Calibrated,IMG_0034,182053.jpg,3,BEHHO-VC-Calibrated,0.002121680617130426,6.506625176269885e-05,0.022296919493181175,0.7028188533376688
IMG_0034|r3|BDA-EHHO-VC-Calibrated,IMG_0034,182053.jpg,3,BDA-EHHO-VC-Calibrated,0.001983760372816197,6.552442539578707e-05,0.022296919493181175,0.7028158605364353
IMG_0034|r3|HHO-VC,IMG_0034,182053.jpg,3,HHO-VC,0.002124012568592716,6.64271715578885e-05,0.022296919493181175,0.7028130412922747
IMG_0034|r3|MO-BDA-EHHO-VC,IMG_0034,182053.jpg,3,MO-BDA-EHHO-VC,0.002026019221462291,6.636238387465857e-05,0.022296919493181175,0.7027241843040223
IMG_0034|r4|EHHO-VC,IMG_0034,182053.jpg,4,EHHO-VC,0.0036310190886475447,5.8174133984232626e-05,0.022296919493181175,0.7031039949092315
IMG_0034|r4|HHO-VC,IMG_0034,182053.jpg,4,HHO-VC,0.003511297376500544,5.70567288472102e-05,0.022296919493181175,0.703104896559391
IMG_0034|r4|BEHHO-VC-Calibrated,IMG_0034,182053.jpg,4,BEHHO-VC-Calibrated,0.0033149178163363554,5.623428954560179e-05,0.022296919493181175,0.7030445452620963
IMG_0034|r4|BDA-EHHO-VC-Calibrated,IMG_0034,182053.jpg,4,BDA-EHHO-VC-Calibrated,0.003605990225649558,5.473922839270778e-05,0.022296919493181175,0.7030921041331846
IMG_0034|r4|MO-BDA-EHHO-VC,IMG_0034,182053.jpg,4,MO-BDA-EHHO-VC,0.0037312600418916517,6.322914652199795e-05,0.022296919493181175,0.7030370611424628
IMG_0034|r5|BEHHO-VC-Calibrated,IMG_0034,182053.jpg,5,BEHHO-VC-Calibrated,0.0015736382348888935,7.117512364246769e-05,0.022296919493181175,0.7026410123681842
IMG_0034|r5|BDA-EHHO-VC-Calibrated,IMG_0034,182053.jpg,5,BDA-EHHO-VC-Calibrated,0.0016580895445182803,7.196790173113916e-05,0.022296919493181175,0.7026161132778644
IMG_0034|r5|EHHO-VC,IMG_0034,182053.jpg,5,EHHO-VC,0.0015112214344179808,8.019616210444252e-05,0.022296919493181175,0.7025721821729108
IMG_0034|r5|HHO-VC,IMG_0034,182053.jpg,5,HHO-VC,0.0016310158152667037,6.823514933327464e-05,0.022296919493181175,0.7025951001727392
IMG_0034|r5|MO-BDA-EHHO-VC,IMG_0034,182053.jpg,5,MO-BDA-EHHO-VC,0.002215085057680171,6.950346547250429e-05,0.022296919493181175,0.7024861994591106
IMG_0035|r1|BEHHO-VC-Calibrated,IMG_0035,189080.jpg,1,BEHHO-VC-Calibrated,0.002280822961071191,7.272937549921426e-05,0.04349280984795004,0.6638043858134621
IMG_0035|r1|BDA-EHHO-VC-Calibrated,IMG_0035,189080.jpg,1,BDA-EHHO-VC-Calibrated,0.0024641454641735516,7.08039826866032e-05,0.04349280984795004,0.6638015369376061
IMG_0035|r1|EHHO-VC,IMG_0035,189080.jpg,1,EHHO-VC,0.0028084964895395033,6.024374339880603e-05,0.04349280984795004,0.663833666161599
IMG_0035|r1|HHO-VC,IMG_0035,189080.jpg,1,HHO-VC,0.0028084964895395033,6.024374339880603e-05,0.04349280984795004,0.663833666161599
IMG_0035|r1|MO-BDA-EHHO-VC,IMG_0035,189080.jpg,1,MO-BDA-EHHO-VC,0.0018991552898583771,7.751168873963407e-05,0.04349280984795004,0.6640210824017915
IMG_0035|r2|HHO-VC,IMG_0035,189080.jpg,2,HHO-VC,0.0018260067812485372,7.022613746698855e-05,0.04349280984795004,0.6640418415209564
IMG_0035|r2|BEHHO-VC-Calibrated,IMG_0035,189080.jpg,2,BEHHO-VC-Calibrated,0.0020708702644324103,6.875575802718344e-05,0.04349280984795004,0.6640869494275267
IMG_0035|r2|BDA-EHHO-VC-Calibrated,IMG_0035,189080.jpg,2,BDA-EHHO-VC-Calibrated,0.0020865270549215585,7.00527029300683e-05,0.04349280984795004,0.6641224101007003
IMG_0035|r2|EHHO-VC,IMG_0035,189080.jpg,2,EHHO-VC,0.0018059647226191394,7.057274938705786e-05,0.04349280984795004,0.6640475985360591
IMG_0035|r2|MO-BDA-EHHO-VC,IMG_0035,189080.jpg,2,MO-BDA-EHHO-VC,0.002116829884389549,7.168931075141142e-05,0.04349280984795004,0.6641735544069299
IMG_0035|r3|BDA-EHHO-VC-Calibrated,IMG_0035,189080.jpg,3,BDA-EHHO-VC-Calibrated,0.0017107478082630662,6.367772699704145e-05,0.04349280984795004,0.6635304450227539
IMG_0035|r3|EHHO-VC,IMG_0035,189080.jpg,3,EHHO-VC,0.0018824910497966796,6.59410360440856e-05,0.04349280984795004,0.6634898453669811
IMG_0035|r3|HHO-VC,IMG_0035,189080.jpg,3,HHO-VC,0.0017199780127623375,5.872885609187832e-05,0.04349280984795004,0.6636173420860116
IMG_0035|r3|BEHHO-VC-Calibrated,IMG_0035,189080.jpg,3,BEHHO-VC-Calibrated,0.0014115143434415686,6.461580150800979e-05,0.04349280984795004,0.6634302814261637
IMG_0035|r3|MO-BDA-EHHO-VC,IMG_0035,189080.jpg,3,MO-BDA-EHHO-VC,0.0015710970933044109,6.186842988914033e-05,0.04349280984795004,0.6634349717002327
IMG_0035|r4|BEHHO-VC-Calibrated,IMG_0035,189080.jpg,4,BEHHO-VC-Calibrated,0.0017504344699466017,6.487946559854644e-05,0.04349280984795004,0.6644718101202488
IMG_0035|r4|EHHO-VC,IMG_0035,189080.jpg,4,EHHO-VC,0.0017504344699466017,6.487946559854644e-05,0.04349280984795004,0.6644718101202488
IMG_0035|r4|BDA-EHHO-VC-Calibrated,IMG_0035,189080.jpg,4,BDA-EHHO-VC-Calibrated,0.0015672779685171419,7.306148526248185e-05,0.04349280984795004,0.6643862634156806
IMG_0035|r4|HHO-VC,IMG_0035,189080.jpg,4,HHO-VC,0.0017504344699466017,6.487946559854644e-05,0.04349280984795004,0.6644718101202488
IMG_0035|r4|MO-BDA-EHHO-VC,IMG_0035,189080.jpg,4,MO-BDA-EHHO-VC,0.002254778376651949,7.558516559619271e-05,0.04349280984795004,0.6644521770055084
IMG_0035|r5|BDA-EHHO-VC-Calibrated,IMG_0035,189080.jpg,5,BDA-EHHO-VC-Calibrated,0.002500551510278051,7.016355466281557e-05,0.04349280984795004,0.6642764568187931
IMG_0035|r5|HHO-VC,IMG_0035,189080.jpg,5,HHO-VC,0.0023970844656961954,6.869811633370935e-05,0.04349280984795004,0.6643138308528687
IMG_0035|r5|EHHO-VC,IMG_0035,189080.jpg,5,EHHO-VC,0.0027581458481941395,7.10406597005184e-05,0.04349280984795004,0.6644721064372024
IMG_0035|r5|BEHHO-VC-Calibrated,IMG_0035,189080.jpg,5,BEHHO-VC-Calibrated,0.003022789949130482,6.660053150580643e-05,0.04349280984795004,0.6644877900702584
IMG_0035|r5|MO-BDA-EHHO-VC,IMG_0035,189080.jpg,5,MO-BDA-EHHO-VC,0.002562402482112807,6.348101127428207e-05,0.04349280984795004,0.6645152544187782
IMG_0036|r1|EHHO-VC,IMG_0036,19021.jpg,1,EHHO-VC,0.003644509840227673,7.436728282169487e-05,0.012642405165769652,0.6817671327016043
IMG_0036|r1|BEHHO-VC-Calibrated,IMG_0036,19021.jpg,1,BEHHO-VC-Calibrated,0.002969856304493701,6.926646782631309e-05,0.012642405165769652,0.6818530011217224
IMG_0036|r1|HHO-VC,IMG_0036,19021.jpg,1,HHO-VC,0.003582717727855724,7.441601489222398e-05,0.012642405165769652,0.6818105473684385
IMG_0036|r1|BDA-EHHO-VC-Calibrated,IMG_0036,19021.jpg,1,BDA-EHHO-VC-Calibrated,0.0031265898442400172,7.013477062879032e-05,0.012642405165769652,0.6818417834084706
IMG_0036|r1|MO-BDA-EHHO-VC,IMG_0036,19021.jpg,1,MO-BDA-EHHO-VC,0.003991240072725406,7.368097366885196e-05,0.012642405165769652,0.681709460956192
IMG_0036|r2|BEHHO-VC-Calibrated,IMG_0036,19021.jpg,2,BEHHO-VC-Calibrated,0.002196806338699378,7.335534322496988e-05,0.012642405165769652,0.6819540071050813
IMG_0036|r2|BDA-EHHO-VC-Calibrated,IMG_0036,19021.jpg,2,BDA-EHHO-VC-Calibrated,0.0029343320040355818,7.287881182857916e-05,0.012642405165769652,0.6821192673033267
IMG_0036|r2|HHO-VC,IMG_0036,19021.jpg,2,HHO-VC,0.0023761256296210196,6.97118485765105e-05,0.012642405165769652,0.6822048986698815
IMG_0036|r2|EHHO-VC,IMG_0036,19021.jpg,2,EHHO-VC,0.0024789433641425472,6.90775906161097e-05,0.012642405165769652,0.6823284840051217
IMG_0036|r2|MO-BDA-EHHO-VC,IMG_0036,19021.jpg,2,MO-BDA-EHHO-VC,0.002613487655593254,7.200835451627351e-05,0.012642405165769652,0.6821425027856055
IMG_0036|r3|HHO-VC,IMG_0036,19021.jpg,3,HHO-VC,0.0009242669674319515,5.3095937601616266e-05,0.012642405165769652,0.6824711648514858
IMG_0036|r3|BDA-EHHO-VC-Calibrated,IMG_0036,19021.jpg,3,BDA-EHHO-VC-Calibrated,0.000921700857143445,5.6438702341209785e-05,0.012642405165769652,0.6825709093712414
IMG_0036|r3|EHHO-VC,IMG_0036,19021.jpg,3,EHHO-VC,0.000981416334503026,5.60886205198396e-05,0.012642405165769652,0.682548639035612
IMG_0036|r3|BEHHO-VC-Calibrated,IMG_0036,19021.jpg,3,BEHHO-VC-Calibrated,0.0010294664257885066,5.453164828541301e-05,0.012642405165769652,0.6825391611261891
IMG_0036|r3|MO-BDA-EHHO-VC,IMG_0036,19021.jpg,3,MO-BDA-EHHO-VC,0.0007691061594317823,5.768773947076471e-05,0.012642405165769652,0.6824274157698037
IMG_0036|r4|EHHO-VC,IMG_0036,19021.jpg,4,EHHO-VC,0.0015212455174150716,7.293492078641786e-05,0.012642405165769652,0.6823024800758742
IMG_0036|r4|HHO-VC,IMG_0036,19021.jpg,4,HHO-VC,0.0015212455174150716,7.293492078641786e-05,0.012642405165769652,0.6823024800758742
IMG_0036|r4|BEHHO-VC-Calibrated,IMG_0036,19021.jpg,4,BEHHO-VC-Calibrated,0.001631285536457524,7.401709920942183e-05,0.012642405165769652,0.6822999105845745
IMG_0036|r4|BDA-EHHO-VC-Calibrated,IMG_0036,19021.jpg,4,BDA-EHHO-VC-Calibrated,0.0015877081151441932,7.109038536527897e-05,0.012642405165769652,0.6823354813183312
IMG_0036|r4|MO-BDA-EHHO-VC,IMG_0036,19021.jpg,4,MO-BDA-EHHO-VC,0.002501459803488645,6.79844844166512e-05,0.012642405165769652,0.6823417886363483
IMG_0036|r5|BDA-EHHO-VC-Calibrated,IMG_0036,19021.jpg,5,BDA-EHHO-VC-Calibrated,0.00150846838299115,5.74077270923423e-05,0.012642405165769652,0.682446447784438
IMG_0036|r5|HHO-VC,IMG_0036,19021.jpg,5,HHO-VC,0.0011319897573942937,5.5135268392891665e-05,0.012642405165769652,0.6823814570102661
IMG_0036|r5|EHHO-VC,IMG_0036,19021.jpg,5,EHHO-VC,0.0012978349580323864,5.349808421861704e-05,0.012642405165769652,0.6823626197182019
IMG_0036|r5|BEHHO-VC-Calibrated,IMG_0036,19021.jpg,5,BEHHO-VC-Calibrated,0.0014533983886462,5.399356651877074e-05,0.012642405165769652,0.6824210618876941
IMG_0036|r5|MO-BDA-EHHO-VC,IMG_0036,19021.jpg,5,MO-BDA-EHHO-VC,0.0012388663587694368,5.712353511710667e-05,0.012642405165769652,0.6823829512943332
IMG_0037|r1|BEHHO-VC-Calibrated,IMG_0037,196073.jpg,1,BEHHO-VC-Calibrated,0.0035056733962686346,7.803345823934224e-05,0.0005656267338510328,0.7423762096105229
IMG_0037|r1|HHO-VC,IMG_0037,196073.jpg,1,HHO-VC,0.0035736759066268622,7.794442203651684e-05,0.0005656267338510328,0.7423827116511096
IMG_0037|r1|EHHO-VC,IMG_0037,196073.jpg,1,EHHO-VC,0.00356146272605925,7.800265525581494e-05,0.0005656267338510328,0.742384807035283
IMG_0037|r1|BDA-EHHO-VC-Calibrated,IMG_0037,196073.jpg,1,BDA-EHHO-VC-Calibrated,0.003694708134834561,7.974200956132714e-05,0.0005656267338510328,0.7424715517069645
IMG_0037|r1|MO-BDA-EHHO-VC,IMG_0037,196073.jpg,1,MO-BDA-EHHO-VC,0.0034346658396666838,7.849893396483108e-05,0.0005656267338510328,0.7424071662659985
IMG_0037|r2|EHHO-VC,IMG_0037,196073.jpg,2,EHHO-VC,0.0031108492897020928,8.289731947997056e-05,0.0005656267338510328,0.742434702577207
IMG_0037|r2|BDA-EHHO-VC-Calibrated,IMG_0037,196073.jpg,2,BDA-EHHO-VC-Calibrated,0.0033153612496588107,8.329284625042212e-05,0.0005656267338510328,0.7424280439119447
IMG_0037|r2|HHO-VC,IMG_0037,196073.jpg,2,HHO-VC,0.003187180170710794,8.468245005759823e-05,0.0005656267338510328,0.7424170632522561
IMG_0037|r2|BEHHO-VC-Calibrated,IMG_0037,196073.jpg,2,BEHHO-VC-Calibrated,0.003043733803796502,8.550029674999353e-05,0.0005656267338510328,0.7424267909145401
IMG_0037|r2|MO-BDA-EHHO-VC,IMG_0037,196073.jpg,2,MO-BDA-EHHO-VC,0.002505996838983715,7.839745664053767e-05,0.0005656267338510328,0.742428568816263
IMG_0037|r3|BDA-EHHO-VC-Calibrated,IMG_0037,196073.jpg,3,BDA-EHHO-VC-Calibrated,0.001954076635918251,6.357342546704912e-05,0.0005656267338510328,0.7423483939147578
IMG_0037|r3|HHO-VC,IMG_0037,196073.jpg,3,HHO-VC,0.0021359887074994676,6.578653631191797e-05,0.0005656267338510328,0.7423257299008897
IMG_0037|r3|BEHHO-VC-Calibrated,IMG_0037,196073.jpg,3,BEHHO-VC-Calibrated,0.002134922009925991,6.590898245174776e-05,0.0005656267338510328,0.7423257976304791
IMG_0037|r3|EHHO-VC,IMG_0037,196073.jpg,3,EHHO-VC,0.0021359887074994676,6.578653631191797e-05,0.0005656267338510328,0.7423257299008897
IMG_0037|r3|MO-BDA-EHHO-VC,IMG_0037,196073.jpg,3,MO-BDA-EHHO-VC,0.002267225102606628,6.324947323015042e-05,0.0005656267338510328,0.7423692207635119
IMG_0037|r4|BEHHO-VC-Calibrated,IMG_0037,196073.jpg,4,BEHHO-VC-Calibrated,0.0007826522443251191,5.236725454049019e-05,0.0005656267338510328,0.7423968586691047
IMG_0037|r4|HHO-VC,IMG_0037,196073.jpg,4,HHO-VC,0.0009702001836473916,5.269874145839178e-05,0.0005656267338510328,0.7423671084469411
IMG_0037|r4|EHHO-VC,IMG_0037,196073.jpg,4,EHHO-VC,0.0009702001836473916,5.269874145839178e-05,0.0005656267338510328,0.7423671084469411
IMG_0037|r4|BDA-EHHO-VC-Calibrated,IMG_0037,196073.jpg,4,BDA-EHHO-VC-Calibrated,0.0008741382590882312,5.33952175067037e-05,0.0005656267338510328,0.742360724933136
IMG_0037|r4|MO-BDA-EHHO-VC,IMG_0037,196073.jpg,4,MO-BDA-EHHO-VC,0.0012200682945743395,5.61696872193862e-05,0.0005656267338510328,0.7423105627059535
IMG_0037|r5|BDA-EHHO-VC-Calibrated,IMG_0037,196073.jpg,5,BDA-EHHO-VC-Calibrated,0.0014802077601508,7.248151034554164e-05,0.0005656267338510328,0.7424707304856923
IMG_0037|r5|HHO-VC,IMG_0037,196073.jpg,5,HHO-VC,0.0012569467011049392,7.265280607020937e-05,0.0005656267338510328,0.742419438020986
IMG_0037|r5|BEHHO-VC-Calibrated,IMG_0037,196073.jpg,5,BEHHO-VC-Calibrated,0.0018543090898698446,7.080255098569276e-05,0.0005656267338510328,0.7424847843755021
IMG_0037|r5|EHHO-VC,IMG_0037,196073.jpg,5,EHHO-VC,0.0012569467011049392,7.265280607020937e-05,0.0005656267338510328,0.742419438020986
IMG_0037|r5|MO-BDA-EHHO-VC,IMG_0037,196073.jpg,5,MO-BDA-EHHO-VC,0.002100596651959723,7.006666250745564e-05,0.0005656267338510328,0.7425361445697981
IMG_0038|r1|EHHO-VC,IMG_0038,197017.jpg,1,EHHO-VC,0.0016035548133366197,6.487289818431334e-05,0.00750642806717573,0.6824360010596792
IMG_0038|r1|BEHHO-VC-Calibrated,IMG_0038,197017.jpg,1,BEHHO-VC-Calibrated,0.0020836211421890105,6.875701748862478e-05,0.00750642806717573,0.6823111246291403
IMG_0038|r1|HHO-VC,IMG_0038,197017.jpg,1,HHO-VC,0.0015287256870879014,6.440711312386137e-05,0.00750642806717573,0.6824570776612946
IMG_0038|r1|BDA-EHHO-VC-Calibrated,IMG_0038,197017.jpg,1,BDA-EHHO-VC-Calibrated,0.0014216293877862471,7.070502358395735e-05,0.00750642806717573,0.6824764398576771
IMG_0038|r1|MO-BDA-EHHO-VC,IMG_0038,197017.jpg,1,MO-BDA-EHHO-VC,0.001533228590081429,7.723786780394942e-05,0.00750642806717573,0.6824097727761668
IMG_0038|r2|BEHHO-VC-Calibrated,IMG_0038,197017.jpg,2,BEHHO-VC-Calibrated,0.0014143194735034518,6.421327843253047e-05,0.00750642806717573,0.6828089879087519
IMG_0038|r2|HHO-VC,IMG_0038,197017.jpg,2,HHO-VC,0.0014026799242455954,6.515054154782875e-05,0.00750642806717573,0.6829992445586016
IMG_0038|r2|BDA-EHHO-VC-Calibrated,IMG_0038,197017.jpg,2,BDA-EHHO-VC-Calibrated,0.0016037093470016445,6.97482266109776e-05,0.00750642806717573,0.682907284708533
IMG_0038|r2|EHHO-VC,IMG_0038,197017.jpg,2,EHHO-VC,0.0013215553992667846,6.473815924308298e-05,0.00750642806717573,0.682980030520696
IMG_0038|r2|MO-BDA-EHHO-VC,IMG_0038,197017.jpg,2,MO-BDA-EHHO-VC,0.0012574199798838425,6.673821372359675e-05,0.00750642806717573,0.6828431871183221
IMG_0038|r3|EHHO-VC,IMG_0038,197017.jpg,3,EHHO-VC,0.0024251973596649337,6.249891606446862e-05,0.00750642806717573,0.6829513004754734
IMG_0038|r3|HHO-VC,IMG_0038,197017.jpg,3,HHO-VC,0.0024087488970482443,7.092571924744932e-05,0.00750642806717573,0.6830421681859123
IMG_0038|r3|BEHHO-VC-Calibrated,IMG_0038,197017.jpg,3,BEHHO-VC-Calibrated,0.001926258376773611,6.795005363421226e-05,0.00750642806717573,0.682949192392002
IMG_0038|r3|BDA-EHHO-VC-Calibrated,IMG_0038,197017.jpg,3,BDA-EHHO-VC-Calibrated,0.0028752667370610285,6.691667682397407e-05,0.00750642806717573,0.6828196087549966
IMG_0038|r3|MO-BDA-EHHO-VC,IMG_0038,197017.jpg,3,MO-BDA-EHHO-VC,0.002109115043961235,6.87490570688346e-05,0.00750642806717573,0.6828369517629939
IMG_0038|r4|BEHHO-VC-Calibrated,IMG_0038,197017.jpg,4,BEHHO-VC-Calibrated,0.0027721799183133412,7.501611060596819e-05,0.00750642806717573,0.6826039365767076
IMG_0038|r4|EHHO-VC,IMG_0038,197017.jpg,4,EHHO-VC,0.0034260579160885055,7.375225567590862e-05,0.00750642806717573,0.6826941015926561
IMG_0038|r4|HHO-VC,IMG_0038,197017.jpg,4,HHO-VC,0.0034260579160885055,7.375225567590862e-05,0.00750642806717573,0.6826941015926561
IMG_0038|r4|BDA-EHHO-VC-Calibrated,IMG_0038,197017.jpg,4,BDA-EHHO-VC-Calibrated,0.0031246588593041003,7.056306565029805e-05,0.00750642806717573,0.682681597017205
IMG_0038|r4|MO-BDA-EHHO-VC,IMG_0038,197017.jpg,4,MO-BDA-EHHO-VC,0.003616810934522438,7.547664285089148e-05,0.00750642806717573,0.6827959414965851
IMG_0038|r5|BEHHO-VC-Calibrated,IMG_0038,197017.jpg,5,BEHHO-VC-Calibrated,0.0019439200205726096,7.692505863682605e-05,0.00750642806717573,0.6831890651992193
IMG_0038|r5|BDA-EHHO-VC-Calibrated,IMG_0038,197017.jpg,5,BDA-EHHO-VC-Calibrated,0.0026689021992912835,7.417284167198563e-05,0.00750642806717573,0.682922409572476
IMG_0038|r5|EHHO-VC,IMG_0038,197017.jpg,5,EHHO-VC,0.002005257336068594,7.935914169080636e-05,0.00750642806717573,0.683208241139231
IMG_0038|r5|HHO-VC,IMG_0038,197017.jpg,5,HHO-VC,0.002005257336068594,7.935914169080636e-05,0.00750642806717573,0.683208241139231
IMG_0038|r5|MO-BDA-EHHO-VC,IMG_0038,197017.jpg,5,MO-BDA-EHHO-VC,0.0018948102371280512,6.907040188653179e-05,0.00750642806717573,0.6829406880954272
IMG_0039|r1|BDA-EHHO-VC-Calibrated,IMG_0039,208001.jpg,1,BDA-EHHO-VC-Calibrated,0.0024397655869441517,7.214640345481811e-05,0.014768902619369908,0.6771249976042525
IMG_0039|r1|BEHHO-VC-Calibrated,IMG_0039,208001.jpg,1,BEHHO-VC-Calibrated,0.0023448668150145894,7.502282738410758e-05,0.014768902619369908,0.6771441439125687
IMG_0039|r1|HHO-VC,IMG_0039,208001.jpg,1,HHO-VC,0.002545935860179627,7.24917552727445e-05,0.014768902619369908,0.6772119666301991
IMG_0039|r1|EHHO-VC,IMG_0039,208001.jpg,1,EHHO-VC,0.002554426915224279,7.186060842056226e-05,0.014768902619369908,0.6772154758695521
IMG_0039|r1|MO-BDA-EHHO-VC,IMG_0039,208001.jpg,1,MO-BDA-EHHO-VC,0.0020608674400045975,6.937719844779668e-05,0.014768902619369908,0.676630554668908
IMG_0039|r2|HHO-VC,IMG_0039,208001.jpg,2,HHO-VC,0.0021452508601519666,8.190444291624984e-05,0.014768902619369908,0.6763307962053232
IMG_0039|r2|BEHHO-VC-Calibrated,IMG_0039,208001.jpg,2,BEHHO-VC-Calibrated,0.0018406918763137533,7.846925256481553e-05,0.014768902619369908,0.676454301111676
IMG_0039|r2|EHHO-VC,IMG_0039,208001.jpg,2,EHHO-VC,0.001826546746551712,7.966690555099729e-05,0.014768902619369908,0.67644176267143
IMG_0039|r2|BDA-EHHO-VC-Calibrated,IMG_0039,208001.jpg,2,BDA-EHHO-VC-Calibrated,0.0014945190269462524,7.948090681753322e-05,0.014768902619369908,0.6764379698144211
IMG_0039|r2|MO-BDA-EHHO-VC,IMG_0039,208001.jpg,2,MO-BDA-EHHO-VC,0.002043116096123472,8.656802018491959e-05,0.014768902619369908,0.6763197139512503
IMG_0039|r3|EHHO-VC,IMG_0039,208001.jpg,3,EHHO-VC,0.0015349182864221106,6.486995892346645e-05,0.014768902619369908,0.6765888290087106
IMG_0039|r3|HHO-VC,IMG_0039,208001.jpg,3,HHO-VC,0.0012779958976720522,6.80812481850146e-05,0.014768902619369908,0.6766885057988766
IMG_0039|r3|BDA-EHHO-VC-Calibrated,IMG_0039,208001.jpg,3,BDA-EHHO-VC-Calibrated,0.0016453268922903498,6.353993239144754e-05,0.014768902619369908,0.6766176945131122
IMG_0039|r3|BEHHO-VC-Calibrated,IMG_0039,208001.jpg,3,BEHHO-VC-Calibrated,0.001461620454063198,6.8855064748041e-05,0.014768902619369908,0.6768562296609382
IMG_0039|r3|MO-BDA-EHHO-VC,IMG_0039,208001.jpg,3,MO-BDA-EHHO-VC,0.0017069406915254947,7.209808751215879e-05,0.014768902619369908,0.6764676946379886
IMG_0039|r4|HHO-VC,IMG_0039,208001.jpg,4,HHO-VC,0.0023915545248845513,7.854593560043244e-05,0.014768902619369908,0.6764520533359262
IMG_0039|r4|BDA-EHHO-VC-Calibrated,IMG_0039,208001.jpg,4,BDA-EHHO-VC-Calibrated,0.0022428175881119704,7.367915841415087e-05,0.014768902619369908,0.6764278146091036
IMG_0039|r4|EHHO-VC,IMG_0039,208001.jpg,4,EHHO-VC,0.0023915545248845513,7.854593560043244e-05,0.014768902619369908,0.6764520533359262
IMG_0039|r4|BEHHO-VC-Calibrated,IMG_0039,208001.jpg,4,BEHHO-VC-Calibrated,0.002671685404256864,7.7793212566592e-05,0.014768902619369908,0.6765373418214344
IMG_0039|r4|MO-BDA-EHHO-VC,IMG_0039,208001.jpg,4,MO-BDA-EHHO-VC,0.0019651487854187594,7.369303132321042e-05,0.014768902619369908,0.6762859253523161
IMG_0039|r5|EHHO-VC,IMG_0039,208001.jpg,5,EHHO-VC,0.0028861834049566347,7.560340738897913e-05,0.014768902619369908,0.6768307845008037
IMG_0039|r5|HHO-VC,IMG_0039,208001.jpg,5,HHO-VC,0.0028861834049566347,7.560340738897913e-05,0.014768902619369908,0.6768307845008037
IMG_0039|r5|BEHHO-VC-Calibrated,IMG_0039,208001.jpg,5,BEHHO-VC-Calibrated,0.0026992451482938276,7.88926794324688e-05,0.014768902619369908,0.6768918723573836
IMG_0039|r5|BDA-EHHO-VC-Calibrated,IMG_0039,208001.jpg,5,BDA-EHHO-VC-Calibrated,0.0029230018146473406,7.728302840812402e-05,0.014768902619369908,0.6768986664818247
IMG_0039|r5|MO-BDA-EHHO-VC,IMG_0039,208001.jpg,5,MO-BDA-EHHO-VC,0.0029531917728097133,7.471430901230053e-05,0.014768902619369908,0.6768367320053769
IMG_0040|r1|EHHO-VC,IMG_0040,210088.jpg,1,EHHO-VC,0.0009377496449425194,5.6789609423289944e-05,0.008087166965671638,0.7047089095667824
IMG_0040|r1|HHO-VC,IMG_0040,210088.jpg,1,HHO-VC,0.0010205265219598676,5.6534032441756974e-05,0.008087166965671638,0.7046489053836336
IMG_0040|r1|BDA-EHHO-VC-Calibrated,IMG_0040,210088.jpg,1,BDA-EHHO-VC-Calibrated,0.0009719372771162891,5.6054779728053536e-05,0.008087166965671638,0.7047145395889051
IMG_0040|r1|BEHHO-VC-Calibrated,IMG_0040,210088.jpg,1,BEHHO-VC-Calibrated,0.0012409209100698773,4.9959742484411716e-05,0.008087166965671638,0.7047587035143222
IMG_0040|r1|MO-BDA-EHHO-VC,IMG_0040,210088.jpg,1,MO-BDA-EHHO-VC,0.001111144202426588,4.8348107089941554e-05,0.008087166965671638,0.7048600142808338
IMG_0040|r2|BEHHO-VC-Calibrated,IMG_0040,210088.jpg,2,BEHHO-VC-Calibrated,0.002471947902809299,5.740156907563768e-05,0.008087166965671638,0.7050419147925858
IMG_0040|r2|EHHO-VC,IMG_0040,210088.jpg,2,EHHO-VC,0.0023898548222104584,5.5099957698388904e-05,0.008087166965671638,0.7049813010431322
IMG_0040|r2|BDA-EHHO-VC-Calibrated,IMG_0040,210088.jpg,2,BDA-EHHO-VC-Calibrated,0.002537882873690351,5.515839532056354e-05,0.008087166965671638,0.7051187836435063
IMG_0040|r2|HHO-VC,IMG_0040,210088.jpg,2,HHO-VC,0.0025730112757530055,5.865282665970219e-05,0.008087166965671638,0.7050677874957537
IMG_0040|r2|MO-BDA-EHHO-VC,IMG_0040,210088.jpg,2,MO-BDA-EHHO-VC,0.002515948419444842,5.7155436465946526e-05,0.008087166965671638,0.704991278458277
IMG_0040|r3|BDA-EHHO-VC-Calibrated,IMG_0040,210088.jpg,3,BDA-EHHO-VC-Calibrated,0.002160128511393063,6.0783431085441836e-05,0.008087166965671638,0.7049912318941844
IMG_0040|r3|BEHHO-VC-Calibrated,IMG_0040,210088.jpg,3,BEHHO-VC-Calibrated,0.002278545080754451,6.054562097404688e-05,0.008087166965671638,0.7050721391218756
IMG_0040|r3|EHHO-VC,IMG_0040,210088.jpg,3,EHHO-VC,0.0028619191717557946,6.0039366067905215e-05,0.008087166965671638,0.7050924960966031
IMG_0040|r3|HHO-VC,IMG_0040,210088.jpg,3,HHO-VC,0.0028787715932497245,5.9343780701947396e-05,0.008087166965671638,0.7050847156600156
IMG_0040|r3|MO-BDA-EHHO-VC,IMG_0040,210088.jpg,3,MO-BDA-EHHO-VC,0.002706819225527874,6.35699759691239e-05,0.008087166965671638,0.7051502355716047
IMG_0040|r4|BDA-EHHO-VC-Calibrated,IMG_0040,210088.jpg,4,BDA-EHHO-VC-Calibrated,0.001948388522702401,6.246214501418501e-05,0.008087166965671638,0.7047992735383998
IMG_0040|r4|HHO-VC,IMG_0040,210088.jpg,4,HHO-VC,0.002023987181370107,6.447284555170893e-05,0.008087166965671638,0.7047968987696698
IMG_0040|r4|EHHO-VC,IMG_0040,210088.jpg,4,EHHO-VC,0.0018782489064807324,6.22484954887559e-05,0.008087166965671638,0.7047915142673089
IMG_0040|r4|BEHHO-VC-Calibrated,IMG_0040,210088.jpg,4,BEHHO-VC-Calibrated,0.0015588030653811986,6.386076914983469e-05,0.008087166965671638,0.7047803769829447
IMG_0040|r4|MO-BDA-EHHO-VC,IMG_0040,210088.jpg,4,MO-BDA-EHHO-VC,0.0015828607533088506,6.325854367245765e-05,0.008087166965671638,0.7048562256569242
IMG_0040|r5|BEHHO-VC-Calibrated,IMG_0040,210088.jpg,5,BEHHO-VC-Calibrated,0.0024240214851591556,6.878768172586867e-05,0.008087166965671638,0.7050772357734812
IMG_0040|r5|EHHO-VC,IMG_0040,210088.jpg,5,EHHO-VC,0.0022418415031088437,6.540814931115913e-05,0.008087166965671638,0.705059393259762
IMG_0040|r5|BDA-EHHO-VC-Calibrated,IMG_0040,210088.jpg,5,BDA-EHHO-VC-Calibrated,0.0026479964599327326,6.536669432878763e-05,0.008087166965671638,0.7051516324943871
IMG_0040|r5|HHO-VC,IMG_0040,210088.jpg,5,HHO-VC,0.002294557223804977,6.996673364161721e-05,0.008087166965671638,0.7051497529982799
IMG_0040|r5|MO-BDA-EHHO-VC,IMG_0040,210088.jpg,5,MO-BDA-EHHO-VC,0.003545739808832523,7.657282343897929e-05,0.008087166965671638,0.705126902728041
IMG_0041|r1|BEHHO-VC-Calibrated,IMG_0041,21077.jpg,1,BEHHO-VC-Calibrated,0.0012042173707155466,6.874961105779879e-05,0.07123226749394973,0.7050517513202245
IMG_0041|r1|EHHO-VC,IMG_0041,21077.jpg,1,EHHO-VC,0.0015444907955577487,8.799726222420951e-05,0.07123226749394973,0.7049386937030439
IMG_0041|r1|BDA-EHHO-VC-Calibrated,IMG_0041,21077.jpg,1,BDA-EHHO-VC-Calibrated,0.0011908139986172546,7.20659768906586e-05,0.07123226749394973,0.7050172811922965
IMG_0041|r1|HHO-VC,IMG_0041,21077.jpg,1,HHO-VC,0.0015444907955577487,8.799726222420951e-05,0.07123226749394973,0.7049386937030439
IMG_0041|r1|MO-BDA-EHHO-VC,IMG_0041,21077.jpg,1,MO-BDA-EHHO-VC,0.0018744067564746402,7.895299451656896e-05,0.07123226749394973,0.7048532655252572
IMG_0041|r2|HHO-VC,IMG_0041,21077.jpg,2,HHO-VC,0.0017534187539660258,7.03661178903092e-05,0.07123226749394973,0.7049094175880063
IMG_0041|r2|BDA-EHHO-VC-Calibrated,IMG_0041,21077.jpg,2,BDA-EHHO-VC-Calibrated,0.0007776214868944581,6.526248900748682e-05,0.07123226749394973,0.705026928425693
IMG_0041|r2|EHHO-VC,IMG_0041,21077.jpg,2,EHHO-VC,0.0015509918221108066,6.601696127894395e-05,0.07123226749394973,0.7048914904123001
IMG_0041|r2|BEHHO-VC-Calibrated,IMG_0041,21077.jpg,2,BEHHO-VC-Calibrated,0.0014826357553350059,6.682093249268067e-05,0.07123226749394973,0.7049350405383131
IMG_0041|r2|MO-BDA-EHHO-VC,IMG_0041,21077.jpg,2,MO-BDA-EHHO-VC,0.0012920783805615982,6.871679582844916e-05,0.07123226749394973,0.7051024977151162
IMG_0041|r3|EHHO-VC,IMG_0041,21077.jpg,3,EHHO-VC,0.0012848266156445052,6.973099990177695e-05,0.07123226749394973,0.7053220897433943
IMG_0041|r3|BEHHO-VC-Calibrated,IMG_0041,21077.jpg,3,BEHHO-VC-Calibrated,0.0018246621074738238,6.929069568636478e-05,0.07123226749394973,0.7053255100876612
IMG_0041|r3|BDA-EHHO-VC-Calibrated,IMG_0041,21077.jpg,3,BDA-EHHO-VC-Calibrated,0.0020343676205125984,6.885695428915068e-05,0.07123226749394973,0.7052580937475676
IMG_0041|r3|HHO-VC,IMG_0041,21077.jpg,3,HHO-VC,0.0012820264665679463,6.928363556588084e-05,0.07123226749394973,0.7053220685778975
IMG_0041|r3|MO-BDA-EHHO-VC,IMG_0041,21077.jpg,3,MO-BDA-EHHO-VC,0.0020110149409064766,6.507530866670465e-05,0.07123226749394973,0.7052157204231713
IMG_0041|r4|BEHHO-VC-Calibrated,IMG_0041,21077.jpg,4,BEHHO-VC-Calibrated,0.0021372164664634867,6.972707017384885e-05,0.07123226749394973,0.7052257655679056
IMG_0041|r4|EHHO-VC,IMG_0041,21077.jpg,4,EHHO-VC,0.002210565902077981,6.980949562951822e-05,0.07123226749394973,0.7053265810617942
IMG_0041|r4|BDA-EHHO-VC-Calibrated,IMG_0041,21077.jpg,4,BDA-EHHO-VC-Calibrated,0.0019251052553706488,6.964711348365586e-05,0.07123226749394973,0.7052742599539482
IMG_0041|r4|HHO-VC,IMG_0041,21077.jpg,4,HHO-VC,0.0021278477617328456,7.039197816065588e-05,0.07123226749394973,0.7053085057276113
IMG_0041|r4|MO-BDA-EHHO-VC,IMG_0041,21077.jpg,4,MO-BDA-EHHO-VC,0.001880688442531753,6.93379330009942e-05,0.07123226749394973,0.7052290081220004
IMG_0041|r5|EHHO-VC,IMG_0041,21077.jpg,5,EHHO-VC,0.0016013851160171892,6.605193959235328e-05,0.07123226749394973,0.7050417823712783
IMG_0041|r5|BDA-EHHO-VC-Calibrated,IMG_0041,21077.jpg,5,BDA-EHHO-VC-Calibrated,0.001309258604546227,6.800996553349595e-05,0.07123226749394973,0.7050799268294337
IMG_0041|r5|BEHHO-VC-Calibrated,IMG_0041,21077.jpg,5,BEHHO-VC-Calibrated,0.0015073578074881796,6.93952608221347e-05,0.07123226749394973,0.7050111982285445
IMG_0041|r5|HHO-VC,IMG_0041,21077.jpg,5,HHO-VC,0.0014451259512142636,6.309751735494416e-05,0.07123226749394973,0.7050483267428582
IMG_0041|r5|MO-BDA-EHHO-VC,IMG_0041,21077.jpg,5,MO-BDA-EHHO-VC,0.0015512124904676317,6.682774434764903e-05,0.07123226749394973,0.7050131115894462
IMG_0042|r1|EHHO-VC,IMG_0042,216081.jpg,1,EHHO-VC,0.0017977511559311178,6.15346416817049e-05,0.07612644995822565,0.6520895048217753
IMG_0042|r1|HHO-VC,IMG_0042,216081.jpg,1,HHO-VC,0.0017977511559311178,6.15346416817049e-05,0.07612644995822565,0.6520895048217753
IMG_0042|r1|BEHHO-VC-Calibrated,IMG_0042,216081.jpg,1,BEHHO-VC-Calibrated,0.0019499120830287528,6.540411647565636e-05,0.07612644995822565,0.6518381603153456
IMG_0042|r1|BDA-EHHO-VC-Calibrated,IMG_0042,216081.jpg,1,BDA-EHHO-VC-Calibrated,0.001785367083597611,6.459570942569434e-05,0.07612644995822565,0.6518288347974989
IMG_0042|r1|MO-BDA-EHHO-VC,IMG_0042,216081.jpg,1,MO-BDA-EHHO-VC,0.001656695450137826,6.398289204352147e-05,0.07612644995822565,0.6518698577632058
IMG_0042|r2|EHHO-VC,IMG_0042,216081.jpg,2,EHHO-VC,0.002415088482374537,7.469479831850389e-05,0.07612644995822565,0.6521708480586985
IMG_0042|r2|BEHHO-VC-Calibrated,IMG_0042,216081.jpg,2,BEHHO-VC-Calibrated,0.002121883571615172,7.06774566422267e-05,0.07612644995822565,0.6520810470892934
IMG_0042|r2|BDA-EHHO-VC-Calibrated,IMG_0042,216081.jpg,2,BDA-EHHO-VC-Calibrated,0.0020879876627407216,7.31713424509499e-05,0.07612644995822565,0.6521046508512148
IMG_0042|r2|HHO-VC,IMG_0042,216081.jpg,2,HHO-VC,0.0023417722892630577,7.318944401660887e-05,0.07612644995822565,0.6521727487203023
IMG_0042|r2|MO-BDA-EHHO-VC,IMG_0042,216081.jpg,2,MO-BDA-EHHO-VC,0.00195971466909417,6.543285284115033e-05,0.07612644995822565,0.6519835969093802
IMG_0042|r3|EHHO-VC,IMG_0042,216081.jpg,3,EHHO-VC,0.002029589471910965,6.95266495742112e-05,0.07612644995822565,0.6523902792292018
IMG_0042|r3|BEHHO-VC-Calibrated,IMG_0042,216081.jpg,3,BEHHO-VC-Calibrated,0.0017173366870107444,6.927371228933966e-05,0.07612644995822565,0.6522546380270405
IMG_0042|r3|BDA-EHHO-VC-Calibrated,IMG_0042,216081.jpg,3,BDA-EHHO-VC-Calibrated,0.002024249783921003,7.013700058259343e-05,0.07612644995822565,0.6523910369539836
IMG_0042|r3|HHO-VC,IMG_0042,216081.jpg,3,HHO-VC,0.001961094641126026,6.986632598156623e-05,0.07612644995822565,0.6523349949518175
IMG_0042|r3|MO-BDA-EHHO-VC,IMG_0042,216081.jpg,3,MO-BDA-EHHO-VC,0.002318506450230228,7.061684497567431e-05,0.07612644995822565,0.6521640200694625
IMG_0042|r4|HHO-VC,IMG_0042,216081.jpg,4,HHO-VC,0.0031281240666683817,6.807343431040685e-05,0.07612644995822565,0.6520321463257143
IMG_0042|r4|EHHO-VC,IMG_0042,216081.jpg,4,EHHO-VC,0.0027608001906668984,6.617581644267869e-05,0.07612644995822565,0.6519958136340763
IMG_0042|r4|BDA-EHHO-VC-Calibrated,IMG_0042,216081.jpg,4,BDA-EHHO-VC-Calibrated,0.0026751511060751076,6.147273873418774e-05,0.07612644995822565,0.6519588502106369
IMG_0042|r4|BEHHO-VC-Calibrated,IMG_0042,216081.jpg,4,BEHHO-VC-Calibrated,0.0028249402326258354,6.296667000259058e-05,0.07612644995822565,0.6519275803058101
IMG_0042|r4|MO-BDA-EHHO-VC,IMG_0042,216081.jpg,4,MO-BDA-EHHO-VC,0.003531258533492502,6.543140743404138e-05,0.07612644995822565,0.6518882463467399
IMG_0042|r5|BDA-EHHO-VC-Calibrated,IMG_0042,216081.jpg,5,BDA-EHHO-VC-Calibrated,0.002091522841399784,6.539950306882571e-05,0.07612644995822565,0.6522428996425698
IMG_0042|r5|HHO-VC,IMG_0042,216081.jpg,5,HHO-VC,0.002240203495038729,5.971829115551374e-05,0.07612644995822565,0.6519240879988544
IMG_0042|r5|EHHO-VC,IMG_0042,216081.jpg,5,EHHO-VC,0.0023268051776710306,5.949638972042757e-05,0.07612644995822565,0.6518763725030905
IMG_0042|r5|BEHHO-VC-Calibrated,IMG_0042,216081.jpg,5,BEHHO-VC-Calibrated,0.0020888650728244614,6.605673619426268e-05,0.07612644995822565,0.6521656032486158
IMG_0042|r5|MO-BDA-EHHO-VC,IMG_0042,216081.jpg,5,MO-BDA-EHHO-VC,0.0020099546111826063,7.151589469228953e-05,0.07612644995822565,0.6521442853603381
IMG_0043|r1|EHHO-VC,IMG_0043,219090.jpg,1,EHHO-VC,0.0018870848041257244,6.661538046297715e-05,0.008225335328139067,0.7013344927842228
IMG_0043|r1|BDA-EHHO-VC-Calibrated,IMG_0043,219090.jpg,1,BDA-EHHO-VC-Calibrated,0.001819762200074792,6.739313400121165e-05,0.008225335328139067,0.7013340906397855
IMG_0043|r1|BEHHO-VC-Calibrated,IMG_0043,219090.jpg,1,BEHHO-VC-Calibrated,0.002045085494375551,7.540764511936978e-05,0.008225335328139067,0.7014820162962323
IMG_0043|r1|HHO-VC,IMG_0043,219090.jpg,1,HHO-VC,0.0021354972087048413,6.575106472943348e-05,0.008225335328139067,0.7013285283472522
IMG_0043|r1|MO-BDA-EHHO-VC,IMG_0043,219090.jpg,1,MO-BDA-EHHO-VC,0.0013944675721820246,6.32772676111554e-05,0.008225335328139067,0.7013600268394434
IMG_0043|r2|EHHO-VC,IMG_0043,219090.jpg,2,EHHO-VC,0.0014423140306856225,5.8607800811539866e-05,0.008225335328139067,0.7013576182059188
IMG_0043|r2|BDA-EHHO-VC-Calibrated,IMG_0043,219090.jpg,2,BDA-EHHO-VC-Calibrated,0.0014774025780540402,5.847752448900835e-05,0.008225335328139067,0.7012948117110068
IMG_0043|r2|BEHHO-VC-Calibrated,IMG_0043,219090.jpg,2,BEHHO-VC-Calibrated,0.0014688848605259504,5.76526228275787e-05,0.008225335328139067,0.7012654213022871
IMG_0043|r2|HHO-VC,IMG_0043,219090.jpg,2,HHO-VC,0.0014423140306856225,5.8607800811539866e-05,0.008225335328139067,0.7013576182059188
IMG_0043|r2|MO-BDA-EHHO-VC,IMG_0043,219090.jpg,2,MO-BDA-EHHO-VC,0.0014298243823094262,5.57027451334087e-05,0.008225335328139067,0.7014026287512043
IMG_0043|r3|BEHHO-VC-Calibrated,IMG_0043,219090.jpg,3,BEHHO-VC-Calibrated,0.0019143645654315846,5.6613351489078005e-05,0.008225335328139067,0.7013697714341247
IMG_0043|r3|HHO-VC,IMG_0043,219090.jpg,3,HHO-VC,0.0024666716748208734,5.496752927305792e-05,0.008225335328139067,0.7011963244217553
IMG_0043|r3|BDA-EHHO-VC-Calibrated,IMG_0043,219090.jpg,3,BDA-EHHO-VC-Calibrated,0.0027405218743399955,5.265992384015383e-05,0.008225335328139067,0.7011403332167813
IMG_0043|r3|EHHO-VC,IMG_0043,219090.jpg,3,EHHO-VC,0.002508840262940382,5.476665112598907e-05,0.008225335328139067,0.7011865078643852
IMG_0043|r3|MO-BDA-EHHO-VC,IMG_0043,219090.jpg,3,MO-BDA-EHHO-VC,0.0022017172646512677,5.339726100403884e-05,0.008225335328139067,0.7012762157056048
IMG_0043|r4|BEHHO-VC-Calibrated,IMG_0043,219090.jpg,4,BEHHO-VC-Calibrated,0.0009958142968522039,7.534266980373504e-05,0.008225335328139067,0.7014022096743696
IMG_0043|r4|EHHO-VC,IMG_0043,219090.jpg,4,EHHO-VC,0.0010204518403352087,7.33898339871963e-05,0.008225335328139067,0.7013865091089165
IMG_0043|r4|BDA-EHHO-VC-Calibrated,IMG_0043,219090.jpg,4,BDA-EHHO-VC-Calibrated,0.001240434552694158,7.214255938229958e-05,0.008225335328139067,0.7013413292396572
IMG_0043|r4|HHO-VC,IMG_0043,219090.jpg,4,HHO-VC,0.0014363736751519523,7.379332344601267e-05,0.008225335328139067,0.7013295654565906
IMG_0043|r4|MO-BDA-EHHO-VC,IMG_0043,219090.jpg,4,MO-BDA-EHHO-VC,0.0014107850187907443,7.025095687095182e-05,0.008225335328139067,0.7013010005022422
IMG_0043|r5|EHHO-VC,IMG_0043,219090.jpg,5,EHHO-VC,0.0023136176484727733,6.325635650237377e-05,0.008225335328139067,0.7018227765600272
IMG_0043|r5|HHO-VC,IMG_0043,219090.jpg,5,HHO-VC,0.0023834617004588935,6.698888527336177e-05,0.008225335328139067,0.7016603059742471
IMG_0043|r5|BEHHO-VC-Calibrated,IMG_0043,219090.jpg,5,BEHHO-VC-Calibrated,0.0025741279251446543,6.696185831034879e-05,0.008225335328139067,0.7017540987563301
IMG_0043|r5|BDA-EHHO-VC-Calibrated,IMG_0043,219090.jpg,5,BDA-EHHO-VC-Calibrated,0.0021910008877020926,6.481043239702214e-05,0.008225335328139067,0.701685780766077
IMG_0043|r5|MO-BDA-EHHO-VC,IMG_0043,219090.jpg,5,MO-BDA-EHHO-VC,0.002126395946732853,6.725283519919263e-05,0.008225335328139067,0.7016157314381938
IMG_0044|r1|BDA-EHHO-VC-Calibrated,IMG_0044,220075.jpg,1,BDA-EHHO-VC-Calibrated,0.0012064996532685647,6.371793732712843e-05,0.03519191369658659,0.6712676227546496
IMG_0044|r1|HHO-VC,IMG_0044,220075.jpg,1,HHO-VC,0.0018010472373363293,7.021305369825103e-05,0.03519191369658659,0.6712627716228057
IMG_0044|r1|BEHHO-VC-Calibrated,IMG_0044,220075.jpg,1,BEHHO-VC-Calibrated,0.0022469195868057537,6.938631001061575e-05,0.03519191369658659,0.6711212252470647
IMG_0044|r1|EHHO-VC,IMG_0044,220075.jpg,1,EHHO-VC,0.0018010472373363293,7.021305369825103e-05,0.03519191369658659,0.6712627716228057
IMG_0044|r1|MO-BDA-EHHO-VC,IMG_0044,220075.jpg,1,MO-BDA-EHHO-VC,0.0014950254254236925,6.9044784685878e-05,0.03519191369658659,0.6713414988043366
IMG_0044|r2|BEHHO-VC-Calibrated,IMG_0044,220075.jpg,2,BEHHO-VC-Calibrated,0.001214957091431159,5.2594064254435484e-05,0.03519191369658659,0.67127070021787
IMG_0044|r2|EHHO-VC,IMG_0044,220075.jpg,2,EHHO-VC,0.0010658450726568278,5.262013512095971e-05,0.03519191369658659,0.6712280771406126
IMG_0044|r2|HHO-VC,IMG_0044,220075.jpg,2,HHO-VC,0.0010229223229424273,5.19184986470293e-05,0.03519191369658659,0.6711959860145137
IMG_0044|r2|BDA-EHHO-VC-Calibrated,IMG_0044,220075.jpg,2,BDA-EHHO-VC-Calibrated,0.0008951308349646639,5.076434077177006e-05,0.03519191369658659,0.6711447189484033
IMG_0044|r2|MO-BDA-EHHO-VC,IMG_0044,220075.jpg,2,MO-BDA-EHHO-VC,0.001517526707367488,5.0363042809922916e-05,0.03519191369658659,0.6712039273088761
IMG_0044|r3|BDA-EHHO-VC-Calibrated,IMG_0044,220075.jpg,3,BDA-EHHO-VC-Calibrated,0.002513348106873663,6.700708347316228e-05,0.03519191369658659,0.6711416668837792
IMG_0044|r3|EHHO-VC,IMG_0044,220075.jpg,3,EHHO-VC,0.002475293418125866,6.497553315862186e-05,0.03519191369658659,0.6711511405601026
IMG_0044|r3|HHO-VC,IMG_0044,220075.jpg,3,HHO-VC,0.002475293418125866,6.497553315862186e-05,0.03519191369658659,0.6711511405601026
IMG_0044|r3|BEHHO-VC-Calibrated,IMG_0044,220075.jpg,3,BEHHO-VC-Calibrated,0.002202616779117933,6.869844941550806e-05,0.03519191369658659,0.6711940726536119
IMG_0044|r3|MO-BDA-EHHO-VC,IMG_0044,220075.jpg,3,MO-BDA-EHHO-VC,0.002247821209683149,6.428305304401348e-05,0.03519191369658659,0.6710351197733836
IMG_0044|r4|BEHHO-VC-Calibrated,IMG_0044,220075.jpg,4,BEHHO-VC-Calibrated,0.002674428633163452,6.658701855487288e-05,0.03519191369658659,0.6707999711050299
IMG_0044|r4|EHHO-VC,IMG_0044,220075.jpg,4,EHHO-VC,0.002869529186642635,6.459080406938092e-05,0.03519191369658659,0.6707931769805886
IMG_0044|r4|HHO-VC,IMG_0044,220075.jpg,4,HHO-VC,0.002972951339878615,6.531977696260628e-05,0.03519191369658659,0.6707800078085411
IMG_0044|r4|BDA-EHHO-VC-Calibrated,IMG_0044,220075.jpg,4,BDA-EHHO-VC-Calibrated,0.00288729182018653,6.575003208696886e-05,0.03519191369658659,0.6707021949764677
IMG_0044|r4|MO-BDA-EHHO-VC,IMG_0044,220075.jpg,4,MO-BDA-EHHO-VC,0.0024036496337701625,6.232873701335336e-05,0.03519191369658659,0.6709771559441169
IMG_0044|r5|BDA-EHHO-VC-Calibrated,IMG_0044,220075.jpg,5,BDA-EHHO-VC-Calibrated,0.000804455560794299,7.959562157881519e-05,0.03519191369658659,0.6710841305975457
IMG_0044|r5|BEHHO-VC-Calibrated,IMG_0044,220075.jpg,5,BEHHO-VC-Calibrated,0.0012677692253753306,7.400838212161719e-05,0.03519191369658659,0.671161943429619
IMG_0044|r5|EHHO-VC,IMG_0044,220075.jpg,5,EHHO-VC,0.001203024206481259,7.553388785485242e-05,0.03519191369658659,0.6711300427929906
IMG_0044|r5|HHO-VC,IMG_0044,220075.jpg,5,HHO-VC,0.0011771257553852613,7.420403874254588e-05,0.03519191369658659,0.6710707455374316
IMG_0044|r5|MO-BDA-EHHO-VC,IMG_0044,220075.jpg,5,MO-BDA-EHHO-VC,0.001220131225043953,8.267546159302124e-05,0.03519191369658659,0.671107383012222
IMG_0045|r1|BEHHO-VC-Calibrated,IMG_0045,223061.jpg,1,BEHHO-VC-Calibrated,0.0013967797760411557,6.133548650423637e-05,0.017752475696400934,0.6882656124051417
IMG_0045|r1|BDA-EHHO-VC-Calibrated,IMG_0045,223061.jpg,1,BDA-EHHO-VC-Calibrated,0.0011170103955670547,6.006746287336114e-05,0.017752475696400934,0.6882669754631293
IMG_0045|r1|HHO-VC,IMG_0045,223061.jpg,1,HHO-VC,0.001440917567149499,6.341727833609975e-05,0.017752475696400934,0.6882437145822545
IMG_0045|r1|EHHO-VC,IMG_0045,223061.jpg,1,EHHO-VC,0.001440917567149499,6.341727833609975e-05,0.017752475696400934,0.6882437145822545
IMG_0045|r1|MO-BDA-EHHO-VC,IMG_0045,223061.jpg,1,MO-BDA-EHHO-VC,0.0009230586026023304,6.480745962555243e-05,0.017752475696400934,0.6883092344938436
IMG_0045|r2|EHHO-VC,IMG_0045,223061.jpg,2,EHHO-VC,0.0028541233126476023,6.537993972760073e-05,0.017752475696400934,0.6882053838677279
IMG_0045|r2|HHO-VC,IMG_0045,223061.jpg,2,HHO-VC,0.0030263970833270194,6.793439495783383e-05,0.017752475696400934,0.688166761069347
IMG_0045|r2|BDA-EHHO-VC-Calibrated,IMG_0045,223061.jpg,2,BDA-EHHO-VC-Calibrated,0.003010233180274217,6.541152427128123e-05,0.017752475696400934,0.6883029737399192
IMG_0045|r2|BEHHO-VC-Calibrated,IMG_0045,223061.jpg,2,BEHHO-VC-Calibrated,0.002989198094883655,6.63050352075979e-05,0.017752475696400934,0.6881995972209297
IMG_0045|r2|MO-BDA-EHHO-VC,IMG_0045,223061.jpg,2,MO-BDA-EHHO-VC,0.002003368523495945,7.444971692336358e-05,0.017752475696400934,0.6879450016942066
IMG_0045|r3|BDA-EHHO-VC-Calibrated,IMG_0045,223061.jpg,3,BDA-EHHO-VC-Calibrated,0.0017306568876817756,6.317980896379076e-05,0.017752475696400934,0.6883501177672722
IMG_0045|r3|HHO-VC,IMG_0045,223061.jpg,3,HHO-VC,0.00154742170620727,6.129117626206722e-05,0.017752475696400934,0.6883257732129661
IMG_0045|r3|BEHHO-VC-Calibrated,IMG_0045,223061.jpg,3,BEHHO-VC-Calibrated,0.001345962617671872,5.706400113883172e-05,0.017752475696400934,0.6882347319454544
IMG_0045|r3|EHHO-VC,IMG_0045,223061.jpg,3,EHHO-VC,0.0016437939590787296,5.9108685719691956e-05,0.017752475696400934,0.6883019112319849
IMG_0045|r3|MO-BDA-EHHO-VC,IMG_0045,223061.jpg,3,MO-BDA-EHHO-VC,0.001332136888291715,5.9783092361541314e-05,0.017752475696400934,0.6882725292894638
IMG_0045|r4|HHO-VC,IMG_0045,223061.jpg,4,HHO-VC,0.002323139750350252,6.155582205501853e-05,0.017752475696400934,0.6877991290909399
IMG_0045|r4|BDA-EHHO-VC-Calibrated,IMG_0045,223061.jpg,4,BDA-EHHO-VC-Calibrated,0.0016728456542969307,6.053011313113766e-05,0.017752475696400934,0.687891690041115
IMG_0045|r4|BEHHO-VC-Calibrated,IMG_0045,223061.jpg,4,BEHHO-VC-Calibrated,0.0017430425920109203,6.0489603687970594e-05,0.017752475696400934,0.6878563351954248
IMG_0045|r4|EHHO-VC,IMG_0045,223061.jpg,4,EHHO-VC,0.0023090123613823755,6.50928153480791e-05,0.017752475696400934,0.6878283882735801
IMG_0045|r4|MO-BDA-EHHO-VC,IMG_0045,223061.jpg,4,MO-BDA-EHHO-VC,0.0020613687595127015,6.237799627494097e-05,0.017752475696400934,0.6877434088043236
IMG_0045|r5|HHO-VC,IMG_0045,223061.jpg,5,HHO-VC,0.002206869174750377,6.246140255110871e-05,0.017752475696400934,0.6886830806620822
IMG_0045|r5|BEHHO-VC-Calibrated,IMG_0045,223061.jpg,5,BEHHO-VC-Calibrated,0.0017951630688285553,5.740152360902725e-05,0.017752475696400934,0.6885696420659609
IMG_0045|r5|EHHO-VC,IMG_0045,223061.jpg,5,EHHO-VC,0.0018952609763827387,5.531943764350784e-05,0.017752475696400934,0.6886011955884435
IMG_0045|r5|BDA-EHHO-VC-Calibrated,IMG_0045,223061.jpg,5,BDA-EHHO-VC-Calibrated,0.0018153917484252603,6.123722799113432e-05,0.017752475696400934,0.6885812661567493
IMG_0045|r5|MO-BDA-EHHO-VC,IMG_0045,223061.jpg,5,MO-BDA-EHHO-VC,0.0021366051786184184,5.97556859229864e-05,0.017752475696400934,0.6886266111168826
IMG_0046|r1|HHO-VC,IMG_0046,227092.jpg,1,HHO-VC,0.0018978266504657683,3.8675046105305905e-05,0.0,0.7302632030030193
IMG_0046|r1|BDA-EHHO-VC-Calibrated,IMG_0046,227092.jpg,1,BDA-EHHO-VC-Calibrated,0.0019677117627859056,3.841796328804768e-05,0.0,0.7303119556081213
IMG_0046|r1|EHHO-VC,IMG_0046,227092.jpg,1,EHHO-VC,0.0018978266504657683,3.8675046105305905e-05,0.0,0.7302632030030193
IMG_0046|r1|BEHHO-VC-Calibrated,IMG_0046,227092.jpg,1,BEHHO-VC-Calibrated,0.0020149603627125736,4.074948203410486e-05,0.0,0.7302930378871696
IMG_0046|r1|MO-BDA-EHHO-VC,IMG_0046,227092.jpg,1,MO-BDA-EHHO-VC,0.0015977069249741825,4.154518836130556e-05,0.0,0.7302574713865123
IMG_0046|r2|BDA-EHHO-VC-Calibrated,IMG_0046,227092.jpg,2,BDA-EHHO-VC-Calibrated,0.0015683124676136027,4.351339228423628e-05,0.0,0.7303535923732326
IMG_0046|r2|BEHHO-VC-Calibrated,IMG_0046,227092.jpg,2,BEHHO-VC-Calibrated,0.0015280579778462406,4.377184002064599e-05,0.0,0.7303697670458118
IMG_0046|r2|EHHO-VC,IMG_0046,227092.jpg,2,EHHO-VC,0.0020602045243619054,4.04290758487279e-05,0.0,0.7303329644801474
IMG_0046|r2|HHO-VC,IMG_0046,227092.jpg,2,HHO-VC,0.0018055431222504578,4.1644590451932e-05,0.0,0.7303400337560456
IMG_0046|r2|MO-BDA-EHHO-VC,IMG_0046,227092.jpg,2,MO-BDA-EHHO-VC,0.0022701969528208517,4.945512234759545e-05,0.0,0.7303572074400693
IMG_0046|r3|EHHO-VC,IMG_0046,227092.jpg,3,EHHO-VC,0.001105190232161055,3.563568419026852e-05,0.0,0.7302151488593079
IMG_0046|r3|HHO-VC,IMG_0046,227092.jpg,3,HHO-VC,0.001105190232161055,3.563568419026852e-05,0.0,0.7302151488593079
IMG_0046|r3|BEHHO-VC-Calibrated,IMG_0046,227092.jpg,3,BEHHO-VC-Calibrated,0.0011971621941081767,4.1385461392735193e-05,0.0,0.730194711455693
IMG_0046|r3|BDA-EHHO-VC-Calibrated,IMG_0046,227092.jpg,3,BDA-EHHO-VC-Calibrated,0.0012253300016011911,3.86554327231445e-05,0.0,0.7301961972735614
IMG_0046|r3|MO-BDA-EHHO-VC,IMG_0046,227092.jpg,3,MO-BDA-EHHO-VC,0.001114817098873847,3.769441285243021e-05,0.0,0.7302201735482249
IMG_0046|r4|BEHHO-VC-Calibrated,IMG_0046,227092.jpg,4,BEHHO-VC-Calibrated,0.0021271194138281282,4.3752988339159954e-05,0.0,0.7302956073784691
IMG_0046|r4|EHHO-VC,IMG_0046,227092.jpg,4,EHHO-VC,0.002483669737821432,4.6481507360950735e-05,0.0,0.7303323887786369
IMG_0046|r4|BDA-EHHO-VC-Calibrated,IMG_0046,227092.jpg,4,BDA-EHHO-VC-Calibrated,0.0021393820310706625,4.3725086156811495e-05,0.0,0.7302861421683442
IMG_0046|r4|HHO-VC,IMG_0046,227092.jpg,4,HHO-VC,0.002499393099521165,4.6761868288669265e-05,0.0,0.7303273302249252
IMG_0046|r4|MO-BDA-EHHO-VC,IMG_0046,227092.jpg,4,MO-BDA-EHHO-VC,0.002541268498094232,4.861823535106286e-05,0.0,0.7303616479612772
IMG_0046|r5|EHHO-VC,IMG_0046,227092.jpg,5,EHHO-VC,0.001725650109871812,4.006584524407678e-05,0.0,0.7302846309518797
IMG_0046|r5|HHO-VC,IMG_0046,227092.jpg,5,HHO-VC,0.0016766542983598018,3.981638329695702e-05,0.0,0.7302798814144199
IMG_0046|r5|BEHHO-VC-Calibrated,IMG_0046,227092.jpg,5,BEHHO-VC-Calibrated,0.0014438079766539765,3.659633625771112e-05,0.0,0.7302812868034009
IMG_0046|r5|BDA-EHHO-VC-Calibrated,IMG_0046,227092.jpg,5,BDA-EHHO-VC-Calibrated,0.001416997071309884,3.918798106153722e-05,0.0,0.7302914716404136
IMG_0046|r5|MO-BDA-EHHO-VC,IMG_0046,227092.jpg,5,MO-BDA-EHHO-VC,0.0015942261466181113,3.9965334571555506e-05,0.0,0.7302931987449446
IMG_0047|r1|HHO-VC,IMG_0047,229036.jpg,1,HHO-VC,0.0016933879898630418,7.762584593678984e-05,0.042422005038827475,0.6881877358773737
IMG_0047|r1|EHHO-VC,IMG_0047,229036.jpg,1,EHHO-VC,0.0016830314286941286,7.79402086084858e-05,0.042422005038827475,0.6881938400066222
IMG_0047|r1|BEHHO-VC-Calibrated,IMG_0047,229036.jpg,1,BEHHO-VC-Calibrated,0.0014392493452804668,7.625253477034141e-05,0.042422005038827475,0.6881493374332578
IMG_0047|r1|BDA-EHHO-VC-Calibrated,IMG_0047,229036.jpg,1,BDA-EHHO-VC-Calibrated,0.001811986889086724,7.947471713127181e-05,0.042422005038827475,0.6881470176948192
IMG_0047|r1|MO-BDA-EHHO-VC,IMG_0047,229036.jpg,1,MO-BDA-EHHO-VC,0.0012112823427975065,7.695692072817404e-05,0.042422005038827475,0.6880478361772759
IMG_0047|r2|BEHHO-VC-Calibrated,IMG_0047,229036.jpg,2,BEHHO-VC-Calibrated,0.0017762682903605526,8.278183803093224e-05,0.042422005038827475,0.6882674917020442
IMG_0047|r2|BDA-EHHO-VC-Calibrated,IMG_0047,229036.jpg,2,BDA-EHHO-VC-Calibrated,0.0016952528206279306,6.695525051599427e-05,0.042422005038827475,0.6882463008067465
IMG_0047|r2|HHO-VC,IMG_0047,229036.jpg,2,HHO-VC,0.0017762682903605526,8.278183803093224e-05,0.042422005038827475,0.6882674917020442
IMG_0047|r2|EHHO-VC,IMG_0047,229036.jpg,2,EHHO-VC,0.0017762682903605526,8.278183803093224e-05,0.042422005038827475,0.6882674917020442
IMG_0047|r2|MO-BDA-EHHO-VC,IMG_0047,229036.jpg,2,MO-BDA-EHHO-VC,0.0014852356356465492,6.986813409318227e-05,0.042422005038827475,0.6883208202875334
IMG_0047|r3|BDA-EHHO-VC-Calibrated,IMG_0047,229036.jpg,3,BDA-EHHO-VC-Calibrated,0.0019863970761362136,5.900696318556649e-05,0.042422005038827475,0.6877701533267508
IMG_0047|r3|HHO-VC,IMG_0047,229036.jpg,3,HHO-VC,0.0018136788358260336,6.16390417337903e-05,0.042422005038827475,0.6879340123691146
IMG_0047|r3|BEHHO-VC-Calibrated,IMG_0047,229036.jpg,3,BEHHO-VC-Calibrated,0.001570291590691131,5.845226274053679e-05,0.042422005038827475,0.687864246658887
IMG_0047|r3|EHHO-VC,IMG_0047,229036.jpg,3,EHHO-VC,0.001927110941742123,6.173708818161993e-05,0.042422005038827475,0.6879300798198275
IMG_0047|r3|MO-BDA-EHHO-VC,IMG_0047,229036.jpg,3,MO-BDA-EHHO-VC,0.0018598481448791355,6.026997986375394e-05,0.042422005038827475,0.6881257040396408
IMG_0047|r4|BDA-EHHO-VC-Calibrated,IMG_0047,229036.jpg,4,BDA-EHHO-VC-Calibrated,0.002879988794921392,6.25166625388347e-05,0.042422005038827475,0.68776759230165
IMG_0047|r4|BEHHO-VC-Calibrated,IMG_0047,229036.jpg,4,BEHHO-VC-Calibrated,0.0033230245839552396,5.819513455123772e-05,0.042422005038827475,0.6877202789503234
IMG_0047|r4|EHHO-VC,IMG_0047,229036.jpg,4,EHHO-VC,0.0024299014414939854,6.240945954496948e-05,0.042422005038827475,0.6877737810928855
IMG_0047|r4|HHO-VC,IMG_0047,229036.jpg,4,HHO-VC,0.0024299014414939854,6.240945954496948e-05,0.042422005038827475,0.6877737810928855
IMG_0047|r4|MO-BDA-EHHO-VC,IMG_0047,229036.jpg,4,MO-BDA-EHHO-VC,0.0026900521149122807,5.509432657433748e-05,0.042422005038827475,0.687646360569643
IMG_0047|r5|HHO-VC,IMG_0047,229036.jpg,5,HHO-VC,0.0028123694527001594,6.319879747438105e-05,0.042422005038827475,0.688316811542458
IMG_0047|r5|BEHHO-VC-Calibrated,IMG_0047,229036.jpg,5,BEHHO-VC-Calibrated,0.0028146164146733064,6.302601684218981e-05,0.042422005038827475,0.6882889746811962
IMG_0047|r5|EHHO-VC,IMG_0047,229036.jpg,5,EHHO-VC,0.0026931522567470757,6.306048890652737e-05,0.042422005038827475,0.6883116937253555
IMG_0047|r5|BDA-EHHO-VC-Calibrated,IMG_0047,229036.jpg,5,BDA-EHHO-VC-Calibrated,0.00276798204910593,6.34125154130278e-05,0.042422005038827475,0.6883321776930633
IMG_0047|r5|MO-BDA-EHHO-VC,IMG_0047,229036.jpg,5,MO-BDA-EHHO-VC,0.0025191244921666067,6.653674379586193e-05,0.042422005038827475,0.6881631500364053
IMG_0048|r1|BDA-EHHO-VC-Calibrated,IMG_0048,236037.jpg,1,BDA-EHHO-VC-Calibrated,0.001538353279370593,7.95975781328133e-05,0.0026424699321895583,0.7192808270000004
IMG_0048|r1|HHO-VC,IMG_0048,236037.jpg,1,HHO-VC,0.0014150697463611469,7.68923677524233e-05,0.0026424699321895583,0.7192076663441019
IMG_0048|r1|BEHHO-VC-Calibrated,IMG_0048,236037.jpg,1,BEHHO-VC-Calibrated,0.0017904271676408888,7.826668568106394e-05,0.0026424699321895583,0.7192295430014927
IMG_0048|r1|EHHO-VC,IMG_0048,236037.jpg,1,EHHO-VC,0.0015027373190554085,7.743454732412482e-05,0.0026424699321895583,0.7192203021456326
IMG_0048|r1|MO-BDA-EHHO-VC,IMG_0048,236037.jpg,1,MO-BDA-EHHO-VC,0.0016135177695929994,7.841645557614444e-05,0.0026424699321895583,0.7191849726985388
IMG_0048|r2|EHHO-VC,IMG_0048,236037.jpg,2,EHHO-VC,0.0029256915816447825,4.742482518746001e-05,0.0026424699321895583,0.7194384845518306
IMG_0048|r2|BDA-EHHO-VC-Calibrated,IMG_0048,236037.jpg,2,BDA-EHHO-VC-Calibrated,0.0026422029609055454,4.660368066128106e-05,0.0026424699321895583,0.7195388090061957
IMG_0048|r2|BEHHO-VC-Calibrated,IMG_0048,236037.jpg,2,BEHHO-VC-Calibrated,0.002696522497013041,4.509138921896477e-05,0.0026424699321895583,0.7195292083368919
IMG_0048|r2|HHO-VC,IMG_0048,236037.jpg,2,HHO-VC,0.002529094096652551,4.413019249834389e-05,0.0026424699321895583,0.7194499139200494
IMG_0048|r2|MO-BDA-EHHO-VC,IMG_0048,236037.jpg,2,MO-BDA-EHHO-VC,0.002927578113275179,4.482087904847967e-05,0.0026424699321895583,0.7193900451960795
IMG_0048|r3|EHHO-VC,IMG_0048,236037.jpg,3,EHHO-VC,0.0024652414381652727,6.049381309691494e-05,0.0026424699321895583,0.7193875857653628
IMG_0048|r3|BEHHO-VC-Calibrated,IMG_0048,236037.jpg,3,BEHHO-VC-Calibrated,0.0021083707479406157,5.894451621579498e-05,0.0026424699321895583,0.7194391322160296
IMG_0048|r3|BDA-EHHO-VC-Calibrated,IMG_0048,236037.jpg,3,BDA-EHHO-VC-Calibrated,0.002335097866452852,6.1097169176687e-05,0.0026424699321895583,0.7193665980588335
IMG_0048|r3|HHO-VC,IMG_0048,236037.jpg,3,HHO-VC,0.0025045615997476007,6.096905040679245e-05,0.0026424699321895583,0.7193827092349228
IMG_0048|r3|MO-BDA-EHHO-VC,IMG_0048,236037.jpg,3,MO-BDA-EHHO-VC,0.0023257464456555707,6.329068095442109e-05,0.0026424699321895583,0.7193958995724672
IMG_0048|r4|HHO-VC,IMG_0048,236037.jpg,4,HHO-VC,0.002523629599806983,7.655775402971896e-05,0.0026424699321895583,0.7193065219129959
IMG_0048|r4|BDA-EHHO-VC-Calibrated,IMG_0048,236037.jpg,4,BDA-EHHO-VC-Calibrated,0.0017831853200773583,7.571318499998666e-05,0.0026424699321895583,0.7193666700215223
IMG_0048|r4|EHHO-VC,IMG_0048,236037.jpg,4,EHHO-VC,0.0020666783493307407,7.366939525623139e-05,0.0026424699321895583,0.7195184816631636
IMG_0048|r4|BEHHO-VC-Calibrated,IMG_0048,236037.jpg,4,BEHHO-VC-Calibrated,0.0027298075938182796,7.813249406312794e-05,0.0026424699321895583,0.7193449669212045
IMG_0048|r4|MO-BDA-EHHO-VC,IMG_0048,236037.jpg,4,MO-BDA-EHHO-VC,0.0028965337468014273,7.170666865227844e-05,0.0026424699321895583,0.7193595160836374
IMG_0048|r5|BEHHO-VC-Calibrated,IMG_0048,236037.jpg,5,BEHHO-VC-Calibrated,0.0030308924031272194,7.203696299730356e-05,0.0026424699321895583,0.7194065288849107
IMG_0048|r5|BDA-EHHO-VC-Calibrated,IMG_0048,236037.jpg,5,BDA-EHHO-VC-Calibrated,0.00250362158149408,8.047479250747038e-05,0.0026424699321895583,0.7193958614745731
IMG_0048|r5|HHO-VC,IMG_0048,236037.jpg,5,HHO-VC,0.002713386848698853,7.675727502125257e-05,0.0026424699321895583,0.7193663821707673
IMG_0048|r5|EHHO-VC,IMG_0048,236037.jpg,5,EHHO-VC,0.0027253241657799842,7.711068469091184e-05,0.0026424699321895583,0.7193648836536007
IMG_0048|r5|MO-BDA-EHHO-VC,IMG_0048,236037.jpg,5,MO-BDA-EHHO-VC,0.0025317559375012907,7.523895538252689e-05,0.0026424699321895583,0.7194114646787414
IMG_0049|r1|HHO-VC,IMG_0049,24077.jpg,1,HHO-VC,0.001998792120119942,5.687878112524015e-05,0.15329779815761124,0.6527164710575116
IMG_0049|r1|BEHHO-VC-Calibrated,IMG_0049,24077.jpg,1,BEHHO-VC-Calibrated,0.0021278995404210113,6.264934530953127e-05,0.15329779815761124,0.6526086836490096
IMG_0049|r1|BDA-EHHO-VC-Calibrated,IMG_0049,24077.jpg,1,BDA-EHHO-VC-Calibrated,0.0018975131186901731,5.755928016710778e-05,0.15329779815761124,0.6525070892648425
IMG_0049|r1|EHHO-VC,IMG_0049,24077.jpg,1,EHHO-VC,0.0019459290353772564,6.235147581110974e-05,0.15329779815761124,0.6525027757366147
IMG_0049|r1|MO-BDA-EHHO-VC,IMG_0049,24077.jpg,1,MO-BDA-EHHO-VC,0.001813262495866987,5.5980639618008144e-05,0.15329779815761124,0.6525580092168068
IMG_0049|r2|EHHO-VC,IMG_0049,24077.jpg,2,EHHO-VC,0.0012177248832321776,7.101257967408645e-05,0.15329779815761124,0.6530245390951016
IMG_0049|r2|HHO-VC,IMG_0049,24077.jpg,2,HHO-VC,0.0013293770841830792,7.730536525283548e-05,0.15329779815761124,0.653049908059448
IMG_0049|r2|BDA-EHHO-VC-Calibrated,IMG_0049,24077.jpg,2,BDA-EHHO-VC-Calibrated,0.0011280192731954908,8.31206146276089e-05,0.15329779815761124,0.6529580117058692
IMG_0049|r2|BEHHO-VC-Calibrated,IMG_0049,24077.jpg,2,BEHHO-VC-Calibrated,0.0016979594388824083,7.84840794902009e-05,0.15329779815761124,0.6530746335926946
IMG_0049|r2|MO-BDA-EHHO-VC,IMG_0049,24077.jpg,2,MO-BDA-EHHO-VC,0.0014055956691687566,7.470463655590446e-05,0.15329779815761124,0.6529628120405212
IMG_0049|r3|BEHHO-VC-Calibrated,IMG_0049,24077.jpg,3,BEHHO-VC-Calibrated,0.0018482200266279206,7.355447337688667e-05,0.15329779815761124,0.6524881038143012
IMG_0049|r3|BDA-EHHO-VC-Calibrated,IMG_0049,24077.jpg,3,BDA-EHHO-VC-Calibrated,0.0019753971585911314,6.660269918151313e-05,0.15329779815761124,0.6524622014794378
IMG_0049|r3|HHO-VC,IMG_0049,24077.jpg,3,HHO-VC,0.0017210709827850462,6.771378589085465e-05,0.15329779815761124,0.6524906775387
IMG_0049|r3|EHHO-VC,IMG_0049,24077.jpg,3,EHHO-VC,0.0018300737463522053,6.913877308296634e-05,0.15329779815761124,0.652461680808219
IMG_0049|r3|MO-BDA-EHHO-VC,IMG_0049,24077.jpg,3,MO-BDA-EHHO-VC,0.001688066492636334,6.948039693049488e-05,0.15329779815761124,0.6524939835892848
IMG_0049|r4|BEHHO-VC-Calibrated,IMG_0049,24077.jpg,4,BEHHO-VC-Calibrated,0.0016481837357548124,6.304778499809582e-05,0.15329779815761124,0.6528971270380578
IMG_0049|r4|BDA-EHHO-VC-Calibrated,IMG_0049,24077.jpg,4,BDA-EHHO-VC-Calibrated,0.0014634336333583338,6.269225680173714e-05,0.15329779815761124,0.6530376405375596
IMG_0049|r4|HHO-VC,IMG_0049,24077.jpg,4,HHO-VC,0.002007347370179989,5.679591143573166e-05,0.15329779815761124,0.6530597373161161
IMG_0049|r4|EHHO-VC,IMG_0049,24077.jpg,4,EHHO-VC,0.0015737008937546726,6.364131490454422e-05,0.15329779815761124,0.6529079002758787
IMG_0049|r4|MO-BDA-EHHO-VC,IMG_0049,24077.jpg,4,MO-BDA-EHHO-VC,0.0017751760269084755,6.510702370707653e-05,0.15329779815761124,0.6530163607471761
IMG_0049|r5|EHHO-VC,IMG_0049,24077.jpg,5,EHHO-VC,0.0009913106686626212,7.673000423046943e-05,0.15329779815761124,0.6527455863147743
IMG_0049|r5|BEHHO-VC-Calibrated,IMG_0049,24077.jpg,5,BEHHO-VC-Calibrated,0.0009641402031567689,7.530478670224832e-05,0.15329779815761124,0.6527198490707852
IMG_0049|r5|BDA-EHHO-VC-Calibrated,IMG_0049,24077.jpg,5,BDA-EHHO-VC-Calibrated,0.0008149712902065684,7.731779837481463e-05,0.15329779815761124,0.652952335119654
IMG_0049|r5|HHO-VC,IMG_0049,24077.jpg,5,HHO-VC,0.0014970523434854049,7.897568117225458e-05,0.15329779815761124,0.6528326357696081
IMG_0049|r5|MO-BDA-EHHO-VC,IMG_0049,24077.jpg,5,MO-BDA-EHHO-VC,0.001323907495613632,7.365541507333336e-05,0.15329779815761124,0.652861069497877
IMG_0050|r1|HHO-VC,IMG_0050,241004.jpg,1,HHO-VC,0.0013838768284623866,7.570326838696695e-05,0.18048458235374124,0.6552889607526392
IMG_0050|r1|BEHHO-VC-Calibrated,IMG_0050,241004.jpg,1,BEHHO-VC-Calibrated,0.0016641472945756366,7.195696124511875e-05,0.18048458235374124,0.6554141631318274
IMG_0050|r1|BDA-EHHO-VC-Calibrated,IMG_0050,241004.jpg,1,BDA-EHHO-VC-Calibrated,0.0015491350683188366,6.861589528064703e-05,0.18048458235374124,0.6553777288458055
IMG_0050|r1|EHHO-VC,IMG_0050,241004.jpg,1,EHHO-VC,0.0013838768284623866,7.570326838696695e-05,0.18048458235374124,0.6552889607526392
IMG_0050|r1|MO-BDA-EHHO-VC,IMG_0050,241004.jpg,1,MO-BDA-EHHO-VC,0.001762483367874594,7.169596832624097e-05,0.18048458235374124,0.6554430074707321
IMG_0050|r2|BEHHO-VC-Calibrated,IMG_0050,241004.jpg,2,BEHHO-VC-Calibrated,0.0027299605762772052,6.663494730006207e-05,0.18048458235374124,0.6553870882284468
IMG_0050|r2|BDA-EHHO-VC-Calibrated,IMG_0050,241004.jpg,2,BDA-EHHO-VC-Calibrated,0.0027414788135390485,7.180547745911843e-05,0.18048458235374124,0.6553511576812464
IMG_0050|r2|EHHO-VC,IMG_0050,241004.jpg,2,EHHO-VC,0.002812024336446164,7.228881374464587e-05,0.18048458235374124,0.6554105776966862
IMG_0050|r2|HHO-VC,IMG_0050,241004.jpg,2,HHO-VC,0.0029237783357041595,7.114332507741042e-05,0.18048458235374124,0.6554104422375072
IMG_0050|r2|MO-BDA-EHHO-VC,IMG_0050,241004.jpg,2,MO-BDA-EHHO-VC,0.0022129546563794907,6.57470926118673e-05,0.18048458235374124,0.6554186078861347
IMG_0050|r3|BEHHO-VC-Calibrated,IMG_0050,241004.jpg,3,BEHHO-VC-Calibrated,0.003058833958764369,6.69866916555509e-05,0.18048458235374124,0.6540553594090875
IMG_0050|r3|EHHO-VC,IMG_0050,241004.jpg,3,EHHO-VC,0.0029095305487088293,6.479638771906957e-05,0.18048458235374124,0.6540915608746457
IMG_0050|r3|BDA-EHHO-VC-Calibrated,IMG_0050,241004.jpg,3,BDA-EHHO-VC-Calibrated,0.0029439122598253448,6.969230758003811e-05,0.18048458235374124,0.6540893088657967
IMG_0050|r3|HHO-VC,IMG_0050,241004.jpg,3,HHO-VC,0.003048035995680456,6.539905739821272e-05,0.18048458235374124,0.6540888093600744
IMG_0050|r3|MO-BDA-EHHO-VC,IMG_0050,241004.jpg,3,MO-BDA-EHHO-VC,0.0036572109092632347,5.6318700207356376e-05,0.18048458235374124,0.6541123877234
IMG_0050|r4|HHO-VC,IMG_0050,241004.jpg,4,HHO-VC,0.0016448783692755182,6.16912804646964e-05,0.18048458235374124,0.6545582643100133
IMG_0050|r4|BEHHO-VC-Calibrated,IMG_0050,241004.jpg,4,BEHHO-VC-Calibrated,0.0017073684181870563,6.300801599476674e-05,0.18048458235374124,0.6545364765477087
IMG_0050|r4|BDA-EHHO-VC-Calibrated,IMG_0050,241004.jpg,4,BDA-EHHO-VC-Calibrated,0.0019372728461939514,6.000940891283735e-05,0.18048458235374124,0.6544355933242306
IMG_0050|r4|EHHO-VC,IMG_0050,241004.jpg,4,EHHO-VC,0.0016105688808906006,6.302822063226599e-05,0.18048458235374124,0.6545781344783167
IMG_0050|r4|MO-BDA-EHHO-VC,IMG_0050,241004.jpg,4,MO-BDA-EHHO-VC,0.0018803523251566898,6.080104881839667e-05,0.18048458235374124,0.6546176038965656
IMG_0050|r5|HHO-VC,IMG_0050,241004.jpg,5,HHO-VC,0.0021977634480032974,8.160784047412852e-05,0.18048458235374124,0.6546991714877538
IMG_0050|r5|EHHO-VC,IMG_0050,241004.jpg,5,EHHO-VC,0.0018152840011685647,8.959859843862769e-05,0.18048458235374124,0.6547228810771589
IMG_0050|r5|BDA-EHHO-VC-Calibrated,IMG_0050,241004.jpg,5,BDA-EHHO-VC-Calibrated,0.0025139625801501217,7.904418143350868e-05,0.18048458235374124,0.6547890698184439
IMG_0050|r5|BEHHO-VC-Calibrated,IMG_0050,241004.jpg,5,BEHHO-VC-Calibrated,0.0021118889922520766,7.049083263378596e-05,0.18048458235374124,0.6545515675468568
IMG_0050|r5|MO-BDA-EHHO-VC,IMG_0050,241004.jpg,5,MO-BDA-EHHO-VC,0.0023978671596064454,7.40082775615991e-05,0.18048458235374124,0.6547204047140448
IMG_0051|r1|BDA-EHHO-VC-Calibrated,IMG_0051,241048.jpg,1,BDA-EHHO-VC-Calibrated,0.0020466194521776013,5.6127632271857185e-05,0.1310138319484114,0.6768688227994678
IMG_0051|r1|HHO-VC,IMG_0051,241048.jpg,1,HHO-VC,0.0020263250992099678,5.016364557567941e-05,0.1310138319484114,0.6769189003646634
IMG_0051|r1|BEHHO-VC-Calibrated,IMG_0051,241048.jpg,1,BEHHO-VC-Calibrated,0.001483516538537535,5.1745882644226744e-05,0.1310138319484114,0.6770335115293022
IMG_0051|r1|EHHO-VC,IMG_0051,241048.jpg,1,EHHO-VC,0.0018668138977835037,5.015345919568762e-05,0.1310138319484114,0.6769677757296466
IMG_0051|r1|MO-BDA-EHHO-VC,IMG_0051,241048.jpg,1,MO-BDA-EHHO-VC,0.0017081459381530276,5.4801185546385615e-05,0.1310138319484114,0.6771112439324881
IMG_0051|r2|EHHO-VC,IMG_0051,241048.jpg,2,EHHO-VC,0.0015471617758276758,6.376892692316931e-05,0.1310138319484114,0.6776854172939072
IMG_0051|r2|BEHHO-VC-Calibrated,IMG_0051,241048.jpg,2,BEHHO-VC-Calibrated,0.001708422616223066,6.694374338739839e-05,0.1310138319484114,0.6776080447041651
IMG_0051|r2|BDA-EHHO-VC-Calibrated,IMG_0051,241048.jpg,2,BDA-EHHO-VC-Calibrated,0.001810785459941691,5.284372625938591e-05,0.1310138319484114,0.6777684283719704
IMG_0051|r2|HHO-VC,IMG_0051,241048.jpg,2,HHO-VC,0.0015471617758276758,6.376892692316931e-05,0.1310138319484114,0.6776854172939072
IMG_0051|r2|MO-BDA-EHHO-VC,IMG_0051,241048.jpg,2,MO-BDA-EHHO-VC,0.0017166772577557638,5.995862210968189e-05,0.1310138319484114,0.6777842051332117
IMG_0051|r3|HHO-VC,IMG_0051,241048.jpg,3,HHO-VC,0.0017041331224406083,5.680701461415413e-05,0.1310138319484114,0.6779754015311151
IMG_0051|r3|BDA-EHHO-VC-Calibrated,IMG_0051,241048.jpg,3,BDA-EHHO-VC-Calibrated,0.0013217854904998038,5.69429696713869e-05,0.1310138319484114,0.6776575635002481
IMG_0051|r3|EHHO-VC,IMG_0051,241048.jpg,3,EHHO-VC,0.0016023310635956385,6.056179128905727e-05,0.1310138319484114,0.6779455412483687
IMG_0051|r3|BEHHO-VC-Calibrated,IMG_0051,241048.jpg,3,BEHHO-VC-Calibrated,0.0017316442232607851,6.929749402701949e-05,0.1310138319484114,0.6778724271565629
IMG_0051|r3|MO-BDA-EHHO-VC,IMG_0051,241048.jpg,3,MO-BDA-EHHO-VC,0.001358325963619372,5.92037349282484e-05,0.1310138319484114,0.6778551518781551
IMG_0051|r4|HHO-VC,IMG_0051,241048.jpg,4,HHO-VC,0.0016752550930083836,6.852533319102006e-05,0.1310138319484114,0.6771226690676074
IMG_0051|r4|BDA-EHHO-VC-Calibrated,IMG_0051,241048.jpg,4,BDA-EHHO-VC-Calibrated,0.001920423109975789,5.847907276133908e-05,0.1310138319484114,0.677109999401282
IMG_0051|r4|BEHHO-VC-Calibrated,IMG_0051,241048.jpg,4,BEHHO-VC-Calibrated,0.0018704002850287327,6.385357833680839e-05,0.1310138319484114,0.6771671631747734
IMG_0051|r4|EHHO-VC,IMG_0051,241048.jpg,4,EHHO-VC,0.0017953083605920506,6.493444448323545e-05,0.1310138319484114,0.677091513456463
IMG_0051|r4|MO-BDA-EHHO-VC,IMG_0051,241048.jpg,4,MO-BDA-EHHO-VC,0.0024424130907796993,6.898820095671156e-05,0.1310138319484114,0.6769844795396435
IMG_0051|r5|EHHO-VC,IMG_0051,241048.jpg,5,EHHO-VC,0.001962507030080891,5.790641183192809e-05,0.1310138319484114,0.6771888027786012
IMG_0051|r5|BEHHO-VC-Calibrated,IMG_0051,241048.jpg,5,BEHHO-VC-Calibrated,0.0019335279577992245,5.438776303259392e-05,0.1310138319484114,0.6772038980108485
IMG_0051|r5|HHO-VC,IMG_0051,241048.jpg,5,HHO-VC,0.001962507030080891,5.790641183192809e-05,0.1310138319484114,0.6771888027786012
IMG_0051|r5|BDA-EHHO-VC-Calibrated,IMG_0051,241048.jpg,5,BDA-EHHO-VC-Calibrated,0.002009824535488957,5.517086253285702e-05,0.1310138319484114,0.6771981282964478
IMG_0051|r5|MO-BDA-EHHO-VC,IMG_0051,241048.jpg,5,MO-BDA-EHHO-VC,0.001853927520892376,5.380997909216012e-05,0.1310138319484114,0.677319114508693
IMG_0052|r1|HHO-VC,IMG_0052,253027.jpg,1,HHO-VC,0.0015355062455628431,7.102432375035837e-05,0.018708859830355154,0.709100290102349
IMG_0052|r1|BDA-EHHO-VC-Calibrated,IMG_0052,253027.jpg,1,BDA-EHHO-VC-Calibrated,0.0015013345271224054,7.02989744562771e-05,0.018708859830355154,0.7090830148239412
IMG_0052|r1|BEHHO-VC-Calibrated,IMG_0052,253027.jpg,1,BEHHO-VC-Calibrated,0.0015530709051864173,7.140251510978552e-05,0.018708859830355154,0.7090970263827576
IMG_0052|r1|EHHO-VC,IMG_0052,253027.jpg,1,EHHO-VC,0.0019582554815451834,7.343628850891902e-05,0.018708859830355154,0.7091078842825654
IMG_0052|r1|MO-BDA-EHHO-VC,IMG_0052,253027.jpg,1,MO-BDA-EHHO-VC,0.002145713504005241,6.505753129787352e-05,0.018708859830355154,0.7091265395513582
IMG_0052|r2|EHHO-VC,IMG_0052,253027.jpg,2,EHHO-VC,0.0030418643941427376,6.188767970974644e-05,0.018708859830355154,0.7087931491135148
IMG_0052|r2|BDA-EHHO-VC-Calibrated,IMG_0052,253027.jpg,2,BDA-EHHO-VC-Calibrated,0.0036949405735327893,6.784277911960681e-05,0.018708859830355154,0.7088097597953261
IMG_0052|r2|BEHHO-VC-Calibrated,IMG_0052,253027.jpg,2,BEHHO-VC-Calibrated,0.0032954380691481524,6.623016794847671e-05,0.018708859830355154,0.7088609887635423
IMG_0052|r2|HHO-VC,IMG_0052,253027.jpg,2,HHO-VC,0.003085683393529494,6.314030153791058e-05,0.018708859830355154,0.7087905330581225
IMG_0052|r2|MO-BDA-EHHO-VC,IMG_0052,253027.jpg,2,MO-BDA-EHHO-VC,0.003536743156559654,5.9208310914275e-05,0.018708859830355154,0.7088828696540324
IMG_0052|r3|EHHO-VC,IMG_0052,253027.jpg,3,EHHO-VC,0.003390020232712974,6.18690050159927e-05,0.018708859830355154,0.7090057988588748
IMG_0052|r3|BEHHO-VC-Calibrated,IMG_0052,253027.jpg,3,BEHHO-VC-Calibrated,0.002917953637632266,5.888308307821006e-05,0.018708859830355154,0.7091253500504435
IMG_0052|r3|BDA-EHHO-VC-Calibrated,IMG_0052,253027.jpg,3,BDA-EHHO-VC-Calibrated,0.0030608359717384844,5.9886834830524055e-05,0.018708859830355154,0.7091504311640349
IMG_0052|r3|HHO-VC,IMG_0052,253027.jpg,3,HHO-VC,0.0033237864059916795,5.7076395008420864e-05,0.018708859830355154,0.7091353401648867
IMG_0052|r3|MO-BDA-EHHO-VC,IMG_0052,253027.jpg,3,MO-BDA-EHHO-VC,0.002991472530203213,6.158356590132349e-05,0.018708859830355154,0.7089938318870397
IMG_0052|r4|BDA-EHHO-VC-Calibrated,IMG_0052,253027.jpg,4,BDA-EHHO-VC-Calibrated,0.003312454724258404,5.148755587887181e-05,0.018708859830355154,0.7089120314753877
IMG_0052|r4|BEHHO-VC-Calibrated,IMG_0052,253027.jpg,4,BEHHO-VC-Calibrated,0.003506959622316215,5.31194617476966e-05,0.018708859830355154,0.7089885701445597
IMG_0052|r4|EHHO-VC,IMG_0052,253027.jpg,4,EHHO-VC,0.0033746540476783642,5.432103451445572e-05,0.018708859830355154,0.7089685179529849
IMG_0052|r4|HHO-VC,IMG_0052,253027.jpg,4,HHO-VC,0.0034068147331934267,5.4224622717766507e-05,0.018708859830355154,0.708964813991062
IMG_0052|r4|MO-BDA-EHHO-VC,IMG_0052,253027.jpg,4,MO-BDA-EHHO-VC,0.0038526008156573913,5.764444832849345e-05,0.018708859830355154,0.7088448564219565
IMG_0052|r5|BEHHO-VC-Calibrated,IMG_0052,253027.jpg,5,BEHHO-VC-Calibrated,0.001378623817643581,6.1424844265994e-05,0.018708859830355154,0.7088319793337634
IMG_0052|r5|HHO-VC,IMG_0052,253027.jpg,5,HHO-VC,0.0017708590228148868,6.16868163932699e-05,0.018708859830355154,0.708792069673183
IMG_0052|r5|BDA-EHHO-VC-Calibrated,IMG_0052,253027.jpg,5,BDA-EHHO-VC-Calibrated,0.0011199875511549947,6.509957691898196e-05,0.018708859830355154,0.708861119989622
IMG_0052|r5|EHHO-VC,IMG_0052,253027.jpg,5,EHHO-VC,0.0017541954777718811,6.196705489734863e-05,0.018708859830355154,0.7087914855054739
IMG_0052|r5|MO-BDA-EHHO-VC,IMG_0052,253027.jpg,5,MO-BDA-EHHO-VC,0.0010778020144500999,6.990460681097849e-05,0.018708859830355154,0.7088351075941759
IMG_0053|r1|EHHO-VC,IMG_0053,253055.jpg,1,EHHO-VC,0.0018599576369932598,5.740751200890616e-05,0.19149271485720085,0.6516332340340361
IMG_0053|r1|BDA-EHHO-VC-Calibrated,IMG_0053,253055.jpg,1,BDA-EHHO-VC-Calibrated,0.0018821697201232912,6.340775442931501e-05,0.19149271485720085,0.6515597643618857
IMG_0053|r1|BEHHO-VC-Calibrated,IMG_0053,253055.jpg,1,BEHHO-VC-Calibrated,0.001658633166107546,5.8681511201414407e-05,0.19149271485720085,0.6514921617654211
IMG_0053|r1|HHO-VC,IMG_0053,253055.jpg,1,HHO-VC,0.0019871372460638775,5.8253621571093064e-05,0.19149271485720085,0.6515087978458286
IMG_0053|r1|MO-BDA-EHHO-VC,IMG_0053,253055.jpg,1,MO-BDA-EHHO-VC,0.001658633166107546,5.8681511201414407e-05,0.19149271485720085,0.6514921617654211
IMG_0053|r2|HHO-VC,IMG_0053,253055.jpg,2,HHO-VC,0.0022190201347088096,7.501973840545058e-05,0.19149271485720085,0.6514298801748274
IMG_0053|r2|BEHHO-VC-Calibrated,IMG_0053,253055.jpg,2,BEHHO-VC-Calibrated,0.0020447324735309055,6.948796226782229e-05,0.19149271485720085,0.6513032216094662
IMG_0053|r2|EHHO-VC,IMG_0053,253055.jpg,2,EHHO-VC,0.0022190201347088096,7.501973840545058e-05,0.19149271485720085,0.6514298801748274
IMG_0053|r2|BDA-EHHO-VC-Calibrated,IMG_0053,253055.jpg,2,BDA-EHHO-VC-Calibrated,0.002239303668878254,8.556287895812807e-05,0.19149271485720085,0.6513786004094189
IMG_0053|r2|MO-BDA-EHHO-VC,IMG_0053,253055.jpg,2,MO-BDA-EHHO-VC,0.002361276971033061,7.720555173427055e-05,0.19149271485720085,0.6514263709354742
IMG_0053|r3|HHO-VC,IMG_0053,253055.jpg,3,HHO-VC,0.002049092172334849,5.702564739012298e-05,0.19149271485720085,0.6516419330531803
IMG_0053|r3|BEHHO-VC-Calibrated,IMG_0053,253055.jpg,3,BEHHO-VC-Calibrated,0.0017934386749158266,5.8399703469624804e-05,0.19149271485720085,0.6516067432983644
IMG_0053|r3|EHHO-VC,IMG_0053,253055.jpg,3,EHHO-VC,0.0019557703628925245,5.8121635238022565e-05,0.19149271485720085,0.6516305375497563
IMG_0053|r3|BDA-EHHO-VC-Calibrated,IMG_0053,253055.jpg,3,BDA-EHHO-VC-Calibrated,0.0017420838611607444,5.46146885694482e-05,0.19149271485720085,0.6514898801248767
IMG_0053|r3|MO-BDA-EHHO-VC,IMG_0053,253055.jpg,3,MO-BDA-EHHO-VC,0.0017916262700582303,5.9348074478787024e-05,0.19149271485720085,0.6515792535512485
IMG_0053|r4|BDA-EHHO-VC-Calibrated,IMG_0053,253055.jpg,4,BDA-EHHO-VC-Calibrated,0.0018666997872751258,8.050393197596745e-05,0.19149271485720085,0.6517252700798929
IMG_0053|r4|HHO-VC,IMG_0053,253055.jpg,4,HHO-VC,0.0018236406196511193,7.916394916666568e-05,0.19149271485720085,0.6517965385403862
IMG_0053|r4|BEHHO-VC-Calibrated,IMG_0053,253055.jpg,4,BEHHO-VC-Calibrated,0.002029343736297476,8.320650685558414e-05,0.19149271485720085,0.6517238731571106
IMG_0053|r4|EHHO-VC,IMG_0053,253055.jpg,4,EHHO-VC,0.0015941777812880787,7.592544755650058e-05,0.19149271485720085,0.6517235853063553
IMG_0053|r4|MO-BDA-EHHO-VC,IMG_0053,253055.jpg,4,MO-BDA-EHHO-VC,0.001469852079968145,0.00010139867759474505,0.19149271485720085,0.6516528290508824
IMG_0053|r5|EHHO-VC,IMG_0053,253055.jpg,5,EHHO-VC,0.0018223441877963462,6.74147888474147e-05,0.19149271485720085,0.6517409113819553
IMG_0053|r5|BDA-EHHO-VC-Calibrated,IMG_0053,253055.jpg,5,BDA-EHHO-VC-Calibrated,0.0010458491044698323,6.812036229041385e-05,0.19149271485720085,0.6518299969575719
IMG_0053|r5|BEHHO-VC-Calibrated,IMG_0053,253055.jpg,5,BEHHO-VC-Calibrated,0.0013095720397946068,6.678497871643483e-05,0.19149271485720085,0.6518388568344912
IMG_0053|r5|HHO-VC,IMG_0053,253055.jpg,5,HHO-VC,0.0018650301125119181,7.530195447105321e-05,0.19149271485720085,0.6519923701820671
IMG_0053|r5|MO-BDA-EHHO-VC,IMG_0053,253055.jpg,5,MO-BDA-EHHO-VC,0.001210898284339384,6.756742239769169e-05,0.19149271485720085,0.6518670831408923
IMG_0054|r1|BEHHO-VC-Calibrated,IMG_0054,260058.jpg,1,BEHHO-VC-Calibrated,0.0012547778610924169,5.544391314560108e-05,0.0012758984721601544,0.714505789831168
IMG_0054|r1|EHHO-VC,IMG_0054,260058.jpg,1,EHHO-VC,0.0010811230305058626,5.5072421411044546e-05,0.0012758984721601544,0.7144205309773549
IMG_0054|r1|BDA-EHHO-VC-Calibrated,IMG_0054,260058.jpg,1,BDA-EHHO-VC-Calibrated,0.0007077022216227376,5.1903383125552037e-05,0.0012758984721601544,0.7145470117525438
IMG_0054|r1|HHO-VC,IMG_0054,260058.jpg,1,HHO-VC,0.0010811230305058626,5.5072421411044546e-05,0.0012758984721601544,0.7144205309773549
IMG_0054|r1|MO-BDA-EHHO-VC,IMG_0054,260058.jpg,1,MO-BDA-EHHO-VC,0.0014650208241988258,5.324285769053319e-05,0.0012758984721601544,0.7145968607303752
IMG_0054|r2|BEHHO-VC-Calibrated,IMG_0054,260058.jpg,2,BEHHO-VC-Calibrated,0.002327847073484425,6.117959872530236e-05,0.0012758984721601544,0.7141112184085591
IMG_0054|r2|BDA-EHHO-VC-Calibrated,IMG_0054,260058.jpg,2,BDA-EHHO-VC-Calibrated,0.00269544755970642,6.234513361687883e-05,0.0012758984721601544,0.7139662305230544
IMG_0054|r2|HHO-VC,IMG_0054,260058.jpg,2,HHO-VC,0.002217961046123087,6.614106697529677e-05,0.0012758984721601544,0.7140864336119216
IMG_0054|r2|EHHO-VC,IMG_0054,260058.jpg,2,EHHO-VC,0.0027018745500796914,6.230722365263397e-05,0.0012758984721601544,0.7139644314558349
IMG_0054|r2|MO-BDA-EHHO-VC,IMG_0054,260058.jpg,2,MO-BDA-EHHO-VC,0.002827013138161327,6.819941983818527e-05,0.0012758984721601544,0.7139520708057612
IMG_0054|r3|BDA-EHHO-VC-Calibrated,IMG_0054,260058.jpg,3,BDA-EHHO-VC-Calibrated,0.0019672546633438116,6.687748021638545e-05,0.0012758984721601544,0.7144477752047091
IMG_0054|r3|HHO-VC,IMG_0054,260058.jpg,3,HHO-VC,0.0017352371286715705,6.389677727241891e-05,0.0012758984721601544,0.7147218768531923
IMG_0054|r3|BEHHO-VC-Calibrated,IMG_0054,260058.jpg,3,BEHHO-VC-Calibrated,0.0017352371286715705,6.389677727241891e-05,0.0012758984721601544,0.7147218768531923
IMG_0054|r3|EHHO-VC,IMG_0054,260058.jpg,3,EHHO-VC,0.00187025274917449,6.655167081356701e-05,0.0012758984721601544,0.7147309695505752
IMG_0054|r3|MO-BDA-EHHO-VC,IMG_0054,260058.jpg,3,MO-BDA-EHHO-VC,0.001286525551096471,6.557513874282897e-05,0.0012758984721601544,0.7144318587511895
IMG_0054|r4|EHHO-VC,IMG_0054,260058.jpg,4,EHHO-VC,0.002142527363491813,6.233871920445422e-05,0.0012758984721601544,0.714154506082413
IMG_0054|r4|BDA-EHHO-VC-Calibrated,IMG_0054,260058.jpg,4,BDA-EHHO-VC-Calibrated,0.0022058972378720698,6.389073224943914e-05,0.0012758984721601544,0.7141647925138099
IMG_0054|r4|BEHHO-VC-Calibrated,IMG_0054,260058.jpg,4,BEHHO-VC-Calibrated,0.0025481788465812082,6.26553034042893e-05,0.0012758984721601544,0.7140790341542749
IMG_0054|r4|HHO-VC,IMG_0054,260058.jpg,4,HHO-VC,0.002222960964385257,6.416096841885113e-05,0.0012758984721601544,0.7141741518964514
IMG_0054|r4|MO-BDA-EHHO-VC,IMG_0054,260058.jpg,4,MO-BDA-EHHO-VC,0.0027821823091831945,6.287369433814314e-05,0.0012758984721601544,0.7142714496847882
IMG_0054|r5|BEHHO-VC-Calibrated,IMG_0054,260058.jpg,5,BEHHO-VC-Calibrated,0.0027222294331571127,6.418164000060122e-05,0.0012758984721601544,0.7148406279889857
IMG_0054|r5|HHO-VC,IMG_0054,260058.jpg,5,HHO-VC,0.002558875766817127,6.487276145063681e-05,0.0012758984721601544,0.7148395781803494
IMG_0054|r5|BDA-EHHO-VC-Calibrated,IMG_0054,260058.jpg,5,BDA-EHHO-VC-Calibrated,0.002533631406529921,6.360495723308614e-05,0.0012758984721601544,0.7148044519220235
IMG_0054|r5|EHHO-VC,IMG_0054,260058.jpg,5,EHHO-VC,0.002558875766817127,6.487276145063681e-05,0.0012758984721601544,0.7148395781803494
IMG_0054|r5|MO-BDA-EHHO-VC,IMG_0054,260058.jpg,5,MO-BDA-EHHO-VC,0.003236252764702569,6.657568079860065e-05,0.0012758984721601544,0.7147485453790362
IMG_0055|r1|BDA-EHHO-VC-Calibrated,IMG_0055,271035.jpg,1,BDA-EHHO-VC-Calibrated,0.0022515112335110376,6.585505460767698e-05,0.0257727173615024,0.6985318326285676
IMG_0055|r1|HHO-VC,IMG_0055,271035.jpg,1,HHO-VC,0.0020688356415370112,6.468663078724284e-05,0.0257727173615024,0.6984729544498434
IMG_0055|r1|BEHHO-VC-Calibrated,IMG_0055,271035.jpg,1,BEHHO-VC-Calibrated,0.0025305607713392224,6.808316808765986e-05,0.0257727173615024,0.6984824577578622
IMG_0055|r1|EHHO-VC,IMG_0055,271035.jpg,1,EHHO-VC,0.002307970836069703,6.295257207304459e-05,0.0257727173615024,0.6985372552288224
IMG_0055|r1|MO-BDA-EHHO-VC,IMG_0055,271035.jpg,1,MO-BDA-EHHO-VC,0.0021427532953586215,6.346784724280743e-05,0.0257727173615024,0.6985092024794942
IMG_0055|r2|BDA-EHHO-VC-Calibrated,IMG_0055,271035.jpg,2,BDA-EHHO-VC-Calibrated,0.0021285814263242095,5.778924450505591e-05,0.0257727173615024,0.6986785730171992
IMG_0055|r2|HHO-VC,IMG_0055,271035.jpg,2,HHO-VC,0.002154217587834908,4.9545047595366485e-05,0.0257727173615024,0.6987744781158529
IMG_0055|r2|EHHO-VC,IMG_0055,271035.jpg,2,EHHO-VC,0.002407214044771044,4.857171136468028e-05,0.0257727173615024,0.6988894744925315
IMG_0055|r2|BEHHO-VC-Calibrated,IMG_0055,271035.jpg,2,BEHHO-VC-Calibrated,0.0023016891180328487,4.798628159153525e-05,0.0257727173615024,0.6988703789814075
IMG_0055|r2|MO-BDA-EHHO-VC,IMG_0055,271035.jpg,2,MO-BDA-EHHO-VC,0.0019493255736388968,5.711519782728062e-05,0.0257727173615024,0.6988096932692649
IMG_0055|r3|BDA-EHHO-VC-Calibrated,IMG_0055,271035.jpg,3,BDA-EHHO-VC-Calibrated,0.002057987327249717,7.609001394384038e-05,0.0257727173615024,0.6985782273973372
IMG_0055|r3|HHO-VC,IMG_0055,271035.jpg,3,HHO-VC,0.001764520785693149,6.946524375348911e-05,0.0257727173615024,0.6986542072973964
IMG_0055|r3|EHHO-VC,IMG_0055,271035.jpg,3,EHHO-VC,0.0017531510722401372,7.178163858514896e-05,0.0257727173615024,0.6986408899668718
IMG_0055|r3|BEHHO-VC-Calibrated,IMG_0055,271035.jpg,3,BEHHO-VC-Calibrated,0.0012596023279502887,7.307984063174921e-05,0.0257727173615024,0.6986222177656817
IMG_0055|r3|MO-BDA-EHHO-VC,IMG_0055,271035.jpg,3,MO-BDA-EHHO-VC,0.0018247016757225272,8.056769991224272e-05,0.0257727173615024,0.6986329656049066
IMG_0055|r4|EHHO-VC,IMG_0055,271035.jpg,4,EHHO-VC,0.0017596406529254958,4.9009542193622984e-05,0.0257727173615024,0.6985934665549624
IMG_0055|r4|BDA-EHHO-VC-Calibrated,IMG_0055,271035.jpg,4,BDA-EHHO-VC-Calibrated,0.0014217552971916212,5.906488165100121e-05,0.0257727173615024,0.6985446250547739
IMG_0055|r4|HHO-VC,IMG_0055,271035.jpg,4,HHO-VC,0.0017596406529254958,4.9009542193622984e-05,0.0257727173615024,0.6985934665549624
IMG_0055|r4|BEHHO-VC-Calibrated,IMG_0055,271035.jpg,4,BEHHO-VC-Calibrated,0.0016739751532535811,4.929579444189557e-05,0.0257727173615024,0.6985568333132713
IMG_0055|r4|MO-BDA-EHHO-VC,IMG_0055,271035.jpg,4,MO-BDA-EHHO-VC,0.0015423306456613373,6.205454980001164e-05,0.0257727173615024,0.6984918086743049
IMG_0055|r5|EHHO-VC,IMG_0055,271035.jpg,5,EHHO-VC,0.0019379175230447411,5.790298585240316e-05,0.0257727173615024,0.6982613545131197
IMG_0055|r5|HHO-VC,IMG_0055,271035.jpg,5,HHO-VC,0.0019211399092135607,5.8643326803494335e-05,0.0257727173615024,0.6982695413272438
IMG_0055|r5|BDA-EHHO-VC-Calibrated,IMG_0055,271035.jpg,5,BDA-EHHO-VC-Calibrated,0.00209713776480899,5.8391232575281215e-05,0.0257727173615024,0.6983342019196669
IMG_0055|r5|BEHHO-VC-Calibrated,IMG_0055,271035.jpg,5,BEHHO-VC-Calibrated,0.0018330413821673753,6.672530052767399e-05,0.0257727173615024,0.6985591445855112
IMG_0055|r5|MO-BDA-EHHO-VC,IMG_0055,271035.jpg,5,MO-BDA-EHHO-VC,0.0021048896651935547,5.809387997067995e-05,0.0257727173615024,0.6983429094050099
IMG_0056|r1|BEHHO-VC-Calibrated,IMG_0056,285079.jpg,1,BEHHO-VC-Calibrated,0.002084365988234615,6.871319469356573e-05,0.029552917403384695,0.6802491119200366
IMG_0056|r1|EHHO-VC,IMG_0056,285079.jpg,1,EHHO-VC,0.0018928769430681441,7.036826575358814e-05,0.029552917403384695,0.6802736765955082
IMG_0056|r1|BDA-EHHO-VC-Calibrated,IMG_0056,285079.jpg,1,BDA-EHHO-VC-Calibrated,0.0018330990706773584,7.044661597661677e-05,0.029552917403384695,0.6801867329681578
IMG_0056|r1|HHO-VC,IMG_0056,285079.jpg,1,HHO-VC,0.0018478139921387262,6.870461022811634e-05,0.029552917403384695,0.6802188960569454
IMG_0056|r1|MO-BDA-EHHO-VC,IMG_0056,285079.jpg,1,MO-BDA-EHHO-VC,0.0017718377737890487,7.164117017508969e-05,0.029552917403384695,0.6801550439864963
IMG_0056|r2|HHO-VC,IMG_0056,285079.jpg,2,HHO-VC,0.0017860815551623416,6.666410467551062e-05,0.029552917403384695,0.680161770381348
IMG_0056|r2|BDA-EHHO-VC-Calibrated,IMG_0056,285079.jpg,2,BDA-EHHO-VC-Calibrated,0.0016714947062807302,6.201096531003726e-05,0.029552917403384695,0.6801732293812622
IMG_0056|r2|EHHO-VC,IMG_0056,285079.jpg,2,EHHO-VC,0.0017497235295098395,6.40501414526993e-05,0.029552917403384695,0.6800999925295756
IMG_0056|r2|BEHHO-VC-Calibrated,IMG_0056,285079.jpg,2,BEHHO-VC-Calibrated,0.0020695001010511125,6.792390130882143e-05,0.029552917403384695,0.6800844401225995
IMG_0056|r2|MO-BDA-EHHO-VC,IMG_0056,285079.jpg,2,MO-BDA-EHHO-VC,0.0017296084699505883,6.668597316192698e-05,0.029552917403384695,0.6800112117371114
IMG_0056|r3|BEHHO-VC-Calibrated,IMG_0056,285079.jpg,3,BEHHO-VC-Calibrated,0.001962491459375225,7.378222647687284e-05,0.029552917403384695,0.6798273639996629
IMG_0056|r3|BDA-EHHO-VC-Calibrated,IMG_0056,285079.jpg,3,BDA-EHHO-VC-Calibrated,0.0019559546743155615,6.94409381421015e-05,0.029552917403384695,0.6794701581449311
IMG_0056|r3|HHO-VC,IMG_0056,285079.jpg,3,HHO-VC,0.0021125642255493174,7.04357360438162e-05,0.029552917403384695,0.6795432510712399
IMG_0056|r3|EHHO-VC,IMG_0056,285079.jpg,3,EHHO-VC,0.0020278342784557117,7.218509441814679e-05,0.029552917403384695,0.6798648184626259
IMG_0056|r3|MO-BDA-EHHO-VC,IMG_0056,285079.jpg,3,MO-BDA-EHHO-VC,0.0022219701923947674,6.897422248367782e-05,0.029552917403384695,0.6798474754546286
IMG_0056|r4|BDA-EHHO-VC-Calibrated,IMG_0056,285079.jpg,4,BDA-EHHO-VC-Calibrated,0.0010812812165126241,7.660469854669077e-05,0.029552917403384695,0.6797584406762042
IMG_0056|r4|BEHHO-VC-Calibrated,IMG_0056,285079.jpg,4,BEHHO-VC-Calibrated,0.000584492113947241,6.768590136742218e-05,0.029552917403384695,0.6799717296195645
IMG_0056|r4|HHO-VC,IMG_0056,285079.jpg,4,HHO-VC,0.0015005993883116895,7.680426701502177e-05,0.029552917403384695,0.6795500494287805
IMG_0056|r4|EHHO-VC,IMG_0056,285079.jpg,4,EHHO-VC,0.0015090062748094426,7.805529206511589e-05,0.029552917403384695,0.6795450289729629
IMG_0056|r4|MO-BDA-EHHO-VC,IMG_0056,285079.jpg,4,MO-BDA-EHHO-VC,0.0011648849098654303,7.774337971762683e-05,0.029552917403384695,0.680189573377815
IMG_0056|r5|EHHO-VC,IMG_0056,285079.jpg,5,EHHO-VC,0.0011493891604260158,5.971694816136369e-05,0.029552917403384695,0.6800068135468967
IMG_0056|r5|BEHHO-VC-Calibrated,IMG_0056,285079.jpg,5,BEHHO-VC-Calibrated,0.0014568032643091958,6.112083691762454e-05,0.029552917403384695,0.6801133987551865
IMG_0056|r5|BDA-EHHO-VC-Calibrated,IMG_0056,285079.jpg,5,BDA-EHHO-VC-Calibrated,0.0016465399831213218,6.361633449553279e-05,0.029552917403384695,0.6801438474387412
IMG_0056|r5|HHO-VC,IMG_0056,285079.jpg,5,HHO-VC,0.0013630928077687486,6.050847269235005e-05,0.029552917403384695,0.6800659965087738
IMG_0056|r5|MO-BDA-EHHO-VC,IMG_0056,285079.jpg,5,MO-BDA-EHHO-VC,0.0015512533994820707,5.173057987442262e-05,0.029552917403384695,0.6802075513507134
IMG_0057|r1|BDA-EHHO-VC-Calibrated,IMG_0057,291000.jpg,1,BDA-EHHO-VC-Calibrated,0.0011443533813064834,6.473957460887709e-05,0.03408224903552006,0.6982752630167176
IMG_0057|r1|HHO-VC,IMG_0057,291000.jpg,1,HHO-VC,0.0014185907690699752,6.569302261163924e-05,0.03408224903552006,0.6982495977354174
IMG_0057|r1|EHHO-VC,IMG_0057,291000.jpg,1,EHHO-VC,0.0016074435613489056,6.531791086038736e-05,0.03408224903552006,0.698242625820804
IMG_0057|r1|BEHHO-VC-Calibrated,IMG_0057,291000.jpg,1,BEHHO-VC-Calibrated,0.0015925954682175624,6.83903627377543e-05,0.03408224903552006,0.6983216408530898
IMG_0057|r1|MO-BDA-EHHO-VC,IMG_0057,291000.jpg,1,MO-BDA-EHHO-VC,0.0012184632245092048,6.578735220380761e-05,0.03408224903552006,0.6982868871075061
IMG_0057|r2|BEHHO-VC-Calibrated,IMG_0057,291000.jpg,2,BEHHO-VC-Calibrated,0.002374263432893668,7.40520084220179e-05,0.03408224903552006,0.6979361451954668
IMG_0057|r2|EHHO-VC,IMG_0057,291000.jpg,2,EHHO-VC,0.002104200248261064,7.237202109216434e-05,0.03408224903552006,0.6979479386102287
IMG_0057|r2|HHO-VC,IMG_0057,291000.jpg,2,HHO-VC,0.002082196790118476,7.19887965709442e-05,0.03408224903552006,0.6979698956965069
IMG_0057|r2|BDA-EHHO-VC-Calibrated,IMG_0057,291000.jpg,2,BDA-EHHO-VC-Calibrated,0.0023655814016770023,7.146332255331945e-05,0.03408224903552006,0.6980780090536584
IMG_0057|r2|MO-BDA-EHHO-VC,IMG_0057,291000.jpg,2,MO-BDA-EHHO-VC,0.002423528657040315,6.871929130078191e-05,0.03408224903552006,0.6981305587488688
IMG_0057|r3|BDA-EHHO-VC-Calibrated,IMG_0057,291000.jpg,3,BDA-EHHO-VC-Calibrated,0.0017381759495282353,4.944897986886024e-05,0.03408224903552006,0.69804392413777
IMG_0057|r3|EHHO-VC,IMG_0057,291000.jpg,3,EHHO-VC,0.0013694321264453293,5.677012625464394e-05,0.03408224903552006,0.6980110668206908
IMG_0057|r3|HHO-VC,IMG_0057,291000.jpg,3,HHO-VC,0.0013823860043521378,5.6697653605883395e-05,0.03408224903552006,0.698007125805205
IMG_0057|r3|BEHHO-VC-Calibrated,IMG_0057,291000.jpg,3,BEHHO-VC-Calibrated,0.0017961816101797895,5.071875439015456e-05,0.03408224903552006,0.6980876139560616
IMG_0057|r3|MO-BDA-EHHO-VC,IMG_0057,291000.jpg,3,MO-BDA-EHHO-VC,0.0018675261085471988,4.943710640829697e-05,0.03408224903552006,0.6982436332984467
IMG_0057|r4|EHHO-VC,IMG_0057,291000.jpg,4,EHHO-VC,0.0009567588522401306,6.139687696271336e-05,0.03408224903552006,0.698241135769836
IMG_0057|r4|BEHHO-VC-Calibrated,IMG_0057,291000.jpg,4,BEHHO-VC-Calibrated,0.0008529491316635624,6.974673817678872e-05,0.03408224903552006,0.698118993921471
IMG_0057|r4|BDA-EHHO-VC-Calibrated,IMG_0057,291000.jpg,4,BDA-EHHO-VC-Calibrated,0.0007275061586894102,7.040499500344083e-05,0.03408224903552006,0.6982400690288023
IMG_0057|r4|HHO-VC,IMG_0057,291000.jpg,4,HHO-VC,0.0010362945604140274,6.179210054112907e-05,0.03408224903552006,0.6983137969200124
IMG_0057|r4|MO-BDA-EHHO-VC,IMG_0057,291000.jpg,4,MO-BDA-EHHO-VC,0.0014203345904749577,6.438630923689606e-05,0.03408224903552006,0.6982539578277379
IMG_0057|r5|EHHO-VC,IMG_0057,291000.jpg,5,EHHO-VC,0.0028559577165732566,8.298690818663009e-05,0.03408224903552006,0.6986915460058428
IMG_0057|r5|HHO-VC,IMG_0057,291000.jpg,5,HHO-VC,0.0026022589949013237,7.750176238776176e-05,0.03408224903552006,0.6986482667981876
IMG_0057|r5|BDA-EHHO-VC-Calibrated,IMG_0057,291000.jpg,5,BDA-EHHO-VC-Calibrated,0.0023842460128115877,7.843197487083743e-05,0.03408224903552006,0.6986352415515175
IMG_0057|r5|BEHHO-VC-Calibrated,IMG_0057,291000.jpg,5,BEHHO-VC-Calibrated,0.0028559577165732566,8.298690818663009e-05,0.03408224903552006,0.6986915460058428
IMG_0057|r5|MO-BDA-EHHO-VC,IMG_0057,291000.jpg,5,MO-BDA-EHHO-VC,0.0027896198393923786,7.754668355158584e-05,0.03408224903552006,0.6986113965029336
IMG_0058|r1|BDA-EHHO-VC-Calibrated,IMG_0058,295087.jpg,1,BDA-EHHO-VC-Calibrated,0.0023714874242320317,6.083009777058234e-05,0.010492160024870306,0.6836760963760283
IMG_0058|r1|BEHHO-VC-Calibrated,IMG_0058,295087.jpg,1,BEHHO-VC-Calibrated,0.001823562781520728,6.0791702627187804e-05,0.010492160024870306,0.6837715104351588
IMG_0058|r1|EHHO-VC,IMG_0058,295087.jpg,1,EHHO-VC,0.0023752409895887593,5.1580166951975374e-05,0.010492160024870306,0.6834618973163099
IMG_0058|r1|HHO-VC,IMG_0058,295087.jpg,1,HHO-VC,0.0023752409895887593,5.1580166951975374e-05,0.010492160024870306,0.6834618973163099
IMG_0058|r1|MO-BDA-EHHO-VC,IMG_0058,295087.jpg,1,MO-BDA-EHHO-VC,0.00185709239814809,5.889484333051038e-05,0.010492160024870306,0.6838238061444089
IMG_0058|r2|EHHO-VC,IMG_0058,295087.jpg,2,EHHO-VC,0.002002915719494945,6.958191155088731e-05,0.010492160024870306,0.6837067313159543
IMG_0058|r2|BDA-EHHO-VC-Calibrated,IMG_0058,295087.jpg,2,BDA-EHHO-VC-Calibrated,0.0017532750911046287,7.471860030506423e-05,0.010492160024870306,0.6835671321659097
IMG_0058|r2|HHO-VC,IMG_0058,295087.jpg,2,HHO-VC,0.002002915719494945,6.958191155088731e-05,0.010492160024870306,0.6837067313159543
IMG_0058|r2|BEHHO-VC-Calibrated,IMG_0058,295087.jpg,2,BEHHO-VC-Calibrated,0.001683454760870261,7.130947391364963e-05,0.010492160024870306,0.6836294603205965
IMG_0058|r2|MO-BDA-EHHO-VC,IMG_0058,295087.jpg,2,MO-BDA-EHHO-VC,0.0018341246843826334,7.757192733271819e-05,0.010492160024870306,0.6838251649692971
IMG_0058|r3|BEHHO-VC-Calibrated,IMG_0058,295087.jpg,3,BEHHO-VC-Calibrated,0.001975267173992298,6.944883760309093e-05,0.010492160024870306,0.6836203083598226
IMG_0058|r3|HHO-VC,IMG_0058,295087.jpg,3,HHO-VC,0.0027456352473343,7.0231443937163e-05,0.010492160024870306,0.683645812783348
IMG_0058|r3|BDA-EHHO-VC-Calibrated,IMG_0058,295087.jpg,3,BDA-EHHO-VC-Calibrated,0.0019545762256995636,6.780098995626702e-05,0.010492160024870306,0.6835845767682911
IMG_0058|r3|EHHO-VC,IMG_0058,295087.jpg,3,EHHO-VC,0.0024927639242427525,6.962211826577587e-05,0.010492160024870306,0.6835532052690803
IMG_0058|r3|MO-BDA-EHHO-VC,IMG_0058,295087.jpg,3,MO-BDA-EHHO-VC,0.00318680387081117,7.08286221917002e-05,0.010492160024870306,0.6835276458152634
IMG_0058|r4|BDA-EHHO-VC-Calibrated,IMG_0058,295087.jpg,4,BDA-EHHO-VC-Calibrated,0.0018315334307718617,6.420842661680641e-05,0.010492160024870306,0.6833904552987438
IMG_0058|r4|EHHO-VC,IMG_0058,295087.jpg,4,EHHO-VC,0.001501728688732751,6.344486644920723e-05,0.010492160024870306,0.6834452697021013
IMG_0058|r4|HHO-VC,IMG_0058,295087.jpg,4,HHO-VC,0.001501728688732751,6.344486644920723e-05,0.010492160024870306,0.6834452697021013
IMG_0058|r4|BEHHO-VC-Calibrated,IMG_0058,295087.jpg,4,BEHHO-VC-Calibrated,0.0012845632670633281,6.333935939447335e-05,0.010492160024870306,0.6834734621437075
IMG_0058|r4|MO-BDA-EHHO-VC,IMG_0058,295087.jpg,4,MO-BDA-EHHO-VC,0.001646608475954823,6.418691324434783e-05,0.010492160024870306,0.6835475286828648
IMG_0058|r5|HHO-VC,IMG_0058,295087.jpg,5,HHO-VC,0.0009210454339361249,7.084209597295187e-05,0.010492160024870306,0.683595324607516
IMG_0058|r5|EHHO-VC,IMG_0058,295087.jpg,5,EHHO-VC,0.0009468975632695598,6.951211608427844e-05,0.010492160024870306,0.6834974722831659
IMG_0058|r5|BEHHO-VC-Calibrated,IMG_0058,295087.jpg,5,BEHHO-VC-Calibrated,0.0008096213044125415,6.983423187419443e-05,0.010492160024870306,0.6835142607551493
IMG_0058|r5|BDA-EHHO-VC-Calibrated,IMG_0058,295087.jpg,5,BDA-EHHO-VC-Calibrated,0.0009803224862676048,6.76534303349141e-05,0.010492160024870306,0.6835254234381097
IMG_0058|r5|MO-BDA-EHHO-VC,IMG_0058,295087.jpg,5,MO-BDA-EHHO-VC,0.0010997746016578925,6.834063396485208e-05,0.010492160024870306,0.6834977770663183
IMG_0059|r1|EHHO-VC,IMG_0059,296007.jpg,1,EHHO-VC,0.0022896621137645833,5.2164819994632664e-05,6.476641990660682e-06,0.729774356075599
IMG_0059|r1|BEHHO-VC-Calibrated,IMG_0059,296007.jpg,1,BEHHO-VC-Calibrated,0.0025213771592714636,4.992780270833737e-05,6.476641990660682e-06,0.7297479288364173
IMG_0059|r1|HHO-VC,IMG_0059,296007.jpg,1,HHO-VC,0.002262778799526423,5.2051483159064705e-05,6.476641990660682e-06,0.7297694075824702
IMG_0059|r1|BDA-EHHO-VC-Calibrated,IMG_0059,296007.jpg,1,BDA-EHHO-VC-Calibrated,0.002220522380213742,4.9093883839260696e-05,6.476641990660682e-06,0.7297237578391843
IMG_0059|r1|MO-BDA-EHHO-VC,IMG_0059,296007.jpg,1,MO-BDA-EHHO-VC,0.0016510019430849468,4.930146416244822e-05,6.476641990660682e-06,0.7296336478535274
IMG_0059|r2|EHHO-VC,IMG_0059,296007.jpg,2,EHHO-VC,0.0023931780619303824,6.0797173266849016e-05,6.476641990660682e-06,0.7295929085054763
IMG_0059|r2|BEHHO-VC-Calibrated,IMG_0059,296007.jpg,2,BEHHO-VC-Calibrated,0.0025568056422622357,6.223939252946981e-05,6.476641990660682e-06,0.7296214861591227
IMG_0059|r2|HHO-VC,IMG_0059,296007.jpg,2,HHO-VC,0.0022464413130352354,5.808491141958834e-05,6.476641990660682e-06,0.7296076481573793
IMG_0059|r2|BDA-EHHO-VC-Calibrated,IMG_0059,296007.jpg,2,BDA-EHHO-VC-Calibrated,0.0023320802053538895,6.178968130932557e-05,6.476641990660682e-06,0.729606738041021
IMG_0059|r2|MO-BDA-EHHO-VC,IMG_0059,296007.jpg,2,MO-BDA-EHHO-VC,0.0027871596946747908,6.139167959586696e-05,6.476641990660682e-06,0.7295945340156229
IMG_0059|r3|BEHHO-VC-Calibrated,IMG_0059,296007.jpg,3,BEHHO-VC-Calibrated,0.0017829670178029545,5.401663828686005e-05,6.476641990660682e-06,0.7296799113962175
IMG_0059|r3|HHO-VC,IMG_0059,296007.jpg,3,HHO-VC,0.0015914499788729122,5.428301006241705e-05,6.476641990660682e-06,0.7296661707557588
IMG_0059|r3|EHHO-VC,IMG_0059,296007.jpg,3,EHHO-VC,0.0016981900379278707,5.388805653853219e-05,6.476641990660682e-06,0.7296657601451227
IMG_0059|r3|BDA-EHHO-VC-Calibrated,IMG_0059,296007.jpg,3,BDA-EHHO-VC-Calibrated,0.0019535217732978174,5.755309316978058e-05,6.476641990660682e-06,0.7295879261475525
IMG_0059|r3|MO-BDA-EHHO-VC,IMG_0059,296007.jpg,3,MO-BDA-EHHO-VC,0.0018509631206150524,4.7781507929514714e-05,6.476641990660682e-06,0.7297679302308003
IMG_0059|r4|HHO-VC,IMG_0059,296007.jpg,4,HHO-VC,0.0020044198835391467,7.191467130720412e-05,6.476641990660682e-06,0.7294607892419661
IMG_0059|r4|BEHHO-VC-Calibrated,IMG_0059,296007.jpg,4,BEHHO-VC-Calibrated,0.002139423390633257,7.2567955673533e-05,6.476641990660682e-06,0.7294560100728109
IMG_0059|r4|BDA-EHHO-VC-Calibrated,IMG_0059,296007.jpg,4,BDA-EHHO-VC-Calibrated,0.002223698266726342,7.399337492910719e-05,6.476641990660682e-06,0.7294190170176761
IMG_0059|r4|EHHO-VC,IMG_0059,296007.jpg,4,EHHO-VC,0.0020779145554751994,7.338283374051334e-05,6.476641990660682e-06,0.7294680871052287
IMG_0059|r4|MO-BDA-EHHO-VC,IMG_0059,296007.jpg,4,MO-BDA-EHHO-VC,0.0022385637119780237,7.407643774345497e-05,6.476641990660682e-06,0.7295824908479999
IMG_0059|r5|BEHHO-VC-Calibrated,IMG_0059,296007.jpg,5,BEHHO-VC-Calibrated,0.0012612788005210273,6.192733851590887e-05,6.476641990660682e-06,0.729624275771588
IMG_0059|r5|HHO-VC,IMG_0059,296007.jpg,5,HHO-VC,0.0010947754470271266,5.666391188927846e-05,6.476641990660682e-06,0.7295858180640814
IMG_0059|r5|BDA-EHHO-VC-Calibrated,IMG_0059,296007.jpg,5,BDA-EHHO-VC-Calibrated,0.0010381455280896827,5.974347388667467e-05,6.476641990660682e-06,0.7296210882477846
IMG_0059|r5|EHHO-VC,IMG_0059,296007.jpg,5,EHHO-VC,0.0009477377825964295,5.827324308098153e-05,6.476641990660682e-06,0.7295585442050317
IMG_0059|r5|MO-BDA-EHHO-VC,IMG_0059,296007.jpg,5,MO-BDA-EHHO-VC,0.0010251670618941138,6.216637852258181e-05,6.476641990660682e-06,0.7295972262668035
IMG_0060|r1|BEHHO-VC-Calibrated,IMG_0060,296059.jpg,1,BEHHO-VC-Calibrated,0.0027689811272855994,6.052947110929142e-05,0.00010146739118701735,0.7035852718100021
IMG_0060|r1|HHO-VC,IMG_0060,296059.jpg,1,HHO-VC,0.0026911679226224133,6.083065212155142e-05,0.00010146739118701735,0.7035860380009827
IMG_0060|r1|EHHO-VC,IMG_0060,296059.jpg,1,EHHO-VC,0.0026961503007788073,6.083724927531986e-05,0.00010146739118701735,0.70358644014542
IMG_0060|r1|BDA-EHHO-VC-Calibrated,IMG_0060,296059.jpg,1,BDA-EHHO-VC-Calibrated,0.0023448385667143947,5.838611426481089e-05,0.00010146739118701735,0.7036188360546713
IMG_0060|r1|MO-BDA-EHHO-VC,IMG_0060,296059.jpg,1,MO-BDA-EHHO-VC,0.002041057326986246,4.8682035473702656e-05,0.00010146739118701735,0.7039767869348873
IMG_0060|r2|HHO-VC,IMG_0060,296059.jpg,2,HHO-VC,0.002587131463736805,8.392042985501948e-05,0.00010146739118701735,0.7040784786803392
IMG_0060|r2|BEHHO-VC-Calibrated,IMG_0060,296059.jpg,2,BEHHO-VC-Calibrated,0.002995637393961369,8.897259151583683e-05,0.00010146739118701735,0.7039658655385891
IMG_0060|r2|EHHO-VC,IMG_0060,296059.jpg,2,EHHO-VC,0.0032191103888787403,8.292667960002938e-05,0.00010146739118701735,0.7041986436713122
IMG_0060|r2|BDA-EHHO-VC-Calibrated,IMG_0060,296059.jpg,2,BDA-EHHO-VC-Calibrated,0.002925553512826372,8.510505846921514e-05,0.00010146739118701735,0.7041801619595925
IMG_0060|r2|MO-BDA-EHHO-VC,IMG_0060,296059.jpg,2,MO-BDA-EHHO-VC,0.003630050654913723,7.399205884011764e-05,0.00010146739118701735,0.7041861517951592
IMG_0060|r3|BEHHO-VC-Calibrated,IMG_0060,296059.jpg,3,BEHHO-VC-Calibrated,0.004037719023493029,7.101310393609835e-05,0.00010146739118701735,0.7040889217364118
IMG_0060|r3|HHO-VC,IMG_0060,296059.jpg,3,HHO-VC,0.004031253911815562,7.080430928488418e-05,0.00010146739118701735,0.7040648777321589
IMG_0060|r3|BDA-EHHO-VC-Calibrated,IMG_0060,296059.jpg,3,BDA-EHHO-VC-Calibrated,0.002080064990582223,7.368364175243053e-05,0.00010146739118701735,0.7041275276023953
IMG_0060|r3|EHHO-VC,IMG_0060,296059.jpg,3,EHHO-VC,0.004031253911815562,7.080430928488418e-05,0.00010146739118701735,0.7040648777321589
IMG_0060|r3|MO-BDA-EHHO-VC,IMG_0060,296059.jpg,3,MO-BDA-EHHO-VC,0.0030915977426163796,8.093979182338075e-05,0.00010146739118701735,0.7041894493795452
IMG_0060|r4|HHO-VC,IMG_0060,296059.jpg,4,HHO-VC,0.0013257649837156655,6.376855442309739e-05,0.00010146739118701735,0.7037847142854203
IMG_0060|r4|BEHHO-VC-Calibrated,IMG_0060,296059.jpg,4,BEHHO-VC-Calibrated,0.0012403295250499086,6.510961425765055e-05,0.00010146739118701735,0.7038017906081592
IMG_0060|r4|EHHO-VC,IMG_0060,296059.jpg,4,EHHO-VC,0.0012685661655008258,6.465466176167342e-05,0.00010146739118701735,0.7037892310024164
IMG_0060|r4|BDA-EHHO-VC-Calibrated,IMG_0060,296059.jpg,4,BDA-EHHO-VC-Calibrated,0.001160985475204434,6.469815416183569e-05,0.00010146739118701735,0.7037790842632977
IMG_0060|r4|MO-BDA-EHHO-VC,IMG_0060,296059.jpg,4,MO-BDA-EHHO-VC,0.001699790252738521,7.059951354542787e-05,0.00010146739118701735,0.7040291588399255
IMG_0060|r5|BDA-EHHO-VC-Calibrated,IMG_0060,296059.jpg,5,BDA-EHHO-VC-Calibrated,0.0019595388604409657,7.478161020731179e-05,0.00010146739118701735,0.703995742753733
IMG_0060|r5|EHHO-VC,IMG_0060,296059.jpg,5,EHHO-VC,0.0020856845621466543,7.828949881000934e-05,0.00010146739118701735,0.7040525001496878
IMG_0060|r5|HHO-VC,IMG_0060,296059.jpg,5,HHO-VC,0.0018210242782724254,8.07622900512661e-05,0.00010146739118701735,0.7039871241634762
IMG_0060|r5|BEHHO-VC-Calibrated,IMG_0060,296059.jpg,5,BEHHO-VC-Calibrated,0.0018089280649726223,7.824082493679712e-05,0.00010146739118701735,0.7039270353183406
IMG_0060|r5|MO-BDA-EHHO-VC,IMG_0060,296059.jpg,5,MO-BDA-EHHO-VC,0.0022851059735317773,7.229607938195763e-05,0.00010146739118701735,0.7039356750740943
IMG_0061|r1|BEHHO-VC-Calibrated,IMG_0061,299086.jpg,1,BEHHO-VC-Calibrated,0.0020993650679756726,7.931305302307262e-05,3.885985194396409e-05,0.722412222645059
IMG_0061|r1|EHHO-VC,IMG_0061,299086.jpg,1,EHHO-VC,0.001730731686460092,8.589483416126562e-05,3.885985194396409e-05,0.7223707425046234
IMG_0061|r1|HHO-VC,IMG_0061,299086.jpg,1,HHO-VC,0.00172428088021864,8.57265633737274e-05,3.885985194396409e-05,0.7223720335999223
IMG_0061|r1|BDA-EHHO-VC-Calibrated,IMG_0061,299086.jpg,1,BDA-EHHO-VC-Calibrated,0.0014915751512954909,8.482173329272006e-05,3.885985194396409e-05,0.7224256373368685
IMG_0061|r1|MO-BDA-EHHO-VC,IMG_0061,299086.jpg,1,MO-BDA-EHHO-VC,0.0020359924723699786,8.332869765295442e-05,3.885985194396409e-05,0.7222730637373459
IMG_0061|r2|BEHHO-VC-Calibrated,IMG_0061,299086.jpg,2,BEHHO-VC-Calibrated,0.0021781044343304715,5.9480152184070616e-05,3.885985194396409e-05,0.7222598099033114
IMG_0061|r2|BDA-EHHO-VC-Calibrated,IMG_0061,299086.jpg,2,BDA-EHHO-VC-Calibrated,0.0023407369537233,6.051730385944146e-05,3.885985194396409e-05,0.7222162513110998
IMG_0061|r2|EHHO-VC,IMG_0061,299086.jpg,2,EHHO-VC,0.0016752211726984486,5.4635019054817214e-05,3.885985194396409e-05,0.7222804504956949
IMG_0061|r2|HHO-VC,IMG_0061,299086.jpg,2,HHO-VC,0.0017675237674657195,6.009321384030847e-05,3.885985194396409e-05,0.7223434813448719
IMG_0061|r2|MO-BDA-EHHO-VC,IMG_0061,299086.jpg,2,MO-BDA-EHHO-VC,0.002206460036553774,5.966916869281209e-05,3.885985194396409e-05,0.7223290507092209
IMG_0061|r3|EHHO-VC,IMG_0061,299086.jpg,3,EHHO-VC,0.0025697219620746986,6.597823361446676e-05,3.885985194396409e-05,0.7225842854339443
IMG_0061|r3|HHO-VC,IMG_0061,299086.jpg,3,HHO-VC,0.002264612474113391,6.77870554724334e-05,3.885985194396409e-05,0.7225171019143143
IMG_0061|r3|BDA-EHHO-VC-Calibrated,IMG_0061,299086.jpg,3,BDA-EHHO-VC-Calibrated,0.0024072690303920266,6.473376904133684e-05,3.885985194396409e-05,0.7226048794622347
IMG_0061|r3|BEHHO-VC-Calibrated,IMG_0061,299086.jpg,3,BEHHO-VC-Calibrated,0.00226138175733946,6.575856984785608e-05,3.885985194396409e-05,0.7225277015950625
IMG_0061|r3|MO-BDA-EHHO-VC,IMG_0061,299086.jpg,3,MO-BDA-EHHO-VC,0.0023879192586494145,6.548827058755145e-05,3.885985194396409e-05,0.7225471611527298
IMG_0061|r4|EHHO-VC,IMG_0061,299086.jpg,4,EHHO-VC,0.0010309443092227852,6.409230897037853e-05,3.885985194396409e-05,0.7222793160250717
IMG_0061|r4|HHO-VC,IMG_0061,299086.jpg,4,HHO-VC,0.0010309443092227852,6.409230897037853e-05,3.885985194396409e-05,0.7222793160250717
IMG_0061|r4|BDA-EHHO-VC-Calibrated,IMG_0061,299086.jpg,4,BDA-EHHO-VC-Calibrated,0.0015511613193181816,6.375028722350571e-05,3.885985194396409e-05,0.722376745039488
IMG_0061|r4|BEHHO-VC-Calibrated,IMG_0061,299086.jpg,4,BEHHO-VC-Calibrated,0.001488770810066397,6.734287134825789e-05,3.885985194396409e-05,0.7223933684205973
IMG_0061|r4|MO-BDA-EHHO-VC,IMG_0061,299086.jpg,4,MO-BDA-EHHO-VC,0.0017521389582794708,6.938742610149162e-05,3.885985194396409e-05,0.7224126671204898
IMG_0061|r5|BDA-EHHO-VC-Calibrated,IMG_0061,299086.jpg,5,BDA-EHHO-VC-Calibrated,0.0011879893841092472,5.139143014225591e-05,3.885985194396409e-05,0.7224812941269948
IMG_0061|r5|EHHO-VC,IMG_0061,299086.jpg,5,EHHO-VC,0.0012688092874279455,5.504549328133591e-05,3.885985194396409e-05,0.7224133444163843
IMG_0061|r5|HHO-VC,IMG_0061,299086.jpg,5,HHO-VC,0.0009967211692876639,5.341358540925472e-05,3.885985194396409e-05,0.7224324441606077
IMG_0061|r5|BEHHO-VC-Calibrated,IMG_0061,299086.jpg,5,BEHHO-VC-Calibrated,0.0014079346737717535,5.204771464368174e-05,3.885985194396409e-05,0.7225146636490943
IMG_0061|r5|MO-BDA-EHHO-VC,IMG_0061,299086.jpg,5,MO-BDA-EHHO-VC,0.0012681681029342053,5.402462634068915e-05,3.885985194396409e-05,0.7223751745596328
IMG_0062|r1|BEHHO-VC-Calibrated,IMG_0062,300091.jpg,1,BEHHO-VC-Calibrated,0.0014076024723762319,7.02190416646608e-05,0.023238191462490527,0.689731287294482
IMG_0062|r1|EHHO-VC,IMG_0062,300091.jpg,1,EHHO-VC,0.0013883724303596363,6.698219129570709e-05,0.023238191462490527,0.6900784268389826
IMG_0062|r1|BDA-EHHO-VC-Calibrated,IMG_0062,300091.jpg,1,BDA-EHHO-VC-Calibrated,0.0015963882712770848,6.829391368062429e-05,0.023238191462490527,0.6897689322469152
IMG_0062|r1|HHO-VC,IMG_0062,300091.jpg,1,HHO-VC,0.0014537557183969382,6.598480047711643e-05,0.023238191462490527,0.6900832906701247
IMG_0062|r1|MO-BDA-EHHO-VC,IMG_0062,300091.jpg,1,MO-BDA-EHHO-VC,0.0017346041532042358,6.94721069537491e-05,0.023238191462490527,0.6897704815612737
IMG_0062|r2|EHHO-VC,IMG_0062,300091.jpg,2,EHHO-VC,0.002391298415878119,7.114048090439306e-05,0.023238191462490527,0.6900973191613385
IMG_0062|r2|BEHHO-VC-Calibrated,IMG_0062,300091.jpg,2,BEHHO-VC-Calibrated,0.0030397427259360467,6.895551557723205e-05,0.023238191462490527,0.6901740398537819
IMG_0062|r2|HHO-VC,IMG_0062,300091.jpg,2,HHO-VC,0.0022135715358618624,6.630294085002119e-05,0.023238191462490527,0.6901072373130926
IMG_0062|r2|BDA-EHHO-VC-Calibrated,IMG_0062,300091.jpg,2,BDA-EHHO-VC-Calibrated,0.0024677864602435495,7.125447141430968e-05,0.023238191462490527,0.6902267588729661
IMG_0062|r2|MO-BDA-EHHO-VC,IMG_0062,300091.jpg,2,MO-BDA-EHHO-VC,0.0022494813423253137,6.954493204527211e-05,0.023238191462490527,0.6902106646292743
IMG_0062|r3|HHO-VC,IMG_0062,300091.jpg,3,HHO-VC,0.0018541513202780342,7.92244257222935e-05,0.023238191462490527,0.6898118855059211
IMG_0062|r3|BDA-EHHO-VC-Calibrated,IMG_0062,300091.jpg,3,BDA-EHHO-VC-Calibrated,0.0014990890436726155,7.707984064728563e-05,0.023238191462490527,0.6897751041057534
IMG_0062|r3|BEHHO-VC-Calibrated,IMG_0062,300091.jpg,3,BEHHO-VC-Calibrated,0.0015475786979115894,7.50816365109608e-05,0.023238191462490527,0.6897402826305802
IMG_0062|r3|EHHO-VC,IMG_0062,300091.jpg,3,EHHO-VC,0.0018541513202780342,7.92244257222935e-05,0.023238191462490527,0.6898118855059211
IMG_0062|r3|MO-BDA-EHHO-VC,IMG_0062,300091.jpg,3,MO-BDA-EHHO-VC,0.0016213669137270105,7.798313258732267e-05,0.023238191462490527,0.6896435097465615
IMG_0062|r4|HHO-VC,IMG_0062,300091.jpg,4,HHO-VC,0.0013345975812128791,6.617968193993734e-05,0.023238191462490527,0.6902943657025301
IMG_0062|r4|BEHHO-VC-Calibrated,IMG_0062,300091.jpg,4,BEHHO-VC-Calibrated,0.0015776727542158094,6.456191703313235e-05,0.023238191462490527,0.6902173740917287
IMG_0062|r4|EHHO-VC,IMG_0062,300091.jpg,4,EHHO-VC,0.0011038675328108032,6.28262695721578e-05,0.023238191462490527,0.6902414900586704
IMG_0062|r4|BDA-EHHO-VC-Calibrated,IMG_0062,300091.jpg,4,BDA-EHHO-VC-Calibrated,0.001279394702852284,6.12110312012447e-05,0.023238191462490527,0.6901319120491474
IMG_0062|r4|MO-BDA-EHHO-VC,IMG_0062,300091.jpg,4,MO-BDA-EHHO-VC,0.0016384005025591195,7.082049247444602e-05,0.023238191462490527,0.690304093364814
IMG_0062|r5|EHHO-VC,IMG_0062,300091.jpg,5,EHHO-VC,0.001200987151487105,8.274325291897177e-05,0.023238191462490527,0.6897852720103689
IMG_0062|r5|BDA-EHHO-VC-Calibrated,IMG_0062,300091.jpg,5,BDA-EHHO-VC-Calibrated,0.0011551158697441814,7.484851790492568e-05,0.023238191462490527,0.6897980263386811
IMG_0062|r5|BEHHO-VC-Calibrated,IMG_0062,300091.jpg,5,BEHHO-VC-Calibrated,0.0012651878189445642,7.73924703767743e-05,0.023238191462490527,0.689768530102478
IMG_0062|r5|HHO-VC,IMG_0062,300091.jpg,5,HHO-VC,0.0012958086072388673,8.013985483861556e-05,0.023238191462490527,0.6897728224652089
IMG_0062|r5|MO-BDA-EHHO-VC,IMG_0062,300091.jpg,5,MO-BDA-EHHO-VC,0.001379358472260255,7.688325237081611e-05,0.023238191462490527,0.6897621000245798
IMG_0063|r1|BEHHO-VC-Calibrated,IMG_0063,302008.jpg,1,BEHHO-VC-Calibrated,0.0009693148614748678,5.812906017976688e-05,0.1098330537582874,0.6057440689735961
IMG_0063|r1|HHO-VC,IMG_0063,302008.jpg,1,HHO-VC,0.0011389412844944231,6.207854017892967e-05,0.1098330537582874,0.6058399783053493
IMG_0063|r1|EHHO-VC,IMG_0063,302008.jpg,1,EHHO-VC,0.0010588640377579802,6.750377473593133e-05,0.1098330537582874,0.6054831364971606
IMG_0063|r1|BDA-EHHO-VC-Calibrated,IMG_0063,302008.jpg,1,BDA-EHHO-VC-Calibrated,0.0018266672694546013,6.810432208687008e-05,0.1098330537582874,0.6060402039041455
IMG_0063|r1|MO-BDA-EHHO-VC,IMG_0063,302008.jpg,1,MO-BDA-EHHO-VC,0.0011077094302428994,6.904086431390433e-05,0.1098330537582874,0.6056989779994232
IMG_0063|r2|EHHO-VC,IMG_0063,302008.jpg,2,EHHO-VC,0.0018569544376855374,5.739667768420588e-05,0.1098330537582874,0.6059232772341677
IMG_0063|r2|BEHHO-VC-Calibrated,IMG_0063,302008.jpg,2,BEHHO-VC-Calibrated,0.001835661979552203,5.5614789982504874e-05,0.1098330537582874,0.6058687083505719
IMG_0063|r2|HHO-VC,IMG_0063,302008.jpg,2,HHO-VC,0.0018569544376855374,5.739667768420588e-05,0.1098330537582874,0.6059232772341677
IMG_0063|r2|BDA-EHHO-VC-Calibrated,IMG_0063,302008.jpg,2,BDA-EHHO-VC-Calibrated,0.0015324670889231716,6.421744457926367e-05,0.1098330537582874,0.6057126805419878
IMG_0063|r2|MO-BDA-EHHO-VC,IMG_0063,302008.jpg,2,MO-BDA-EHHO-VC,0.001605534883542267,5.465438238370367e-05,0.1098330537582874,0.6056995917988276
IMG_0063|r3|HHO-VC,IMG_0063,302008.jpg,3,HHO-VC,0.0036377783479040753,8.800195896797214e-05,0.1098330537582874,0.6058141225345787
IMG_0063|r3|EHHO-VC,IMG_0063,302008.jpg,3,EHHO-VC,0.003261572839924785,9.288002724316487e-05,0.1098330537582874,0.60576464183639
IMG_0063|r3|BDA-EHHO-VC-Calibrated,IMG_0063,302008.jpg,3,BDA-EHHO-VC-Calibrated,0.003571019088480208,8.711814548118923e-05,0.1098330537582874,0.6058651059830332
IMG_0063|r3|BEHHO-VC-Calibrated,IMG_0063,302008.jpg,3,BEHHO-VC-Calibrated,0.003457216645985589,8.854267079345586e-05,0.1098330537582874,0.6059166058696074
IMG_0063|r3|MO-BDA-EHHO-VC,IMG_0063,302008.jpg,3,MO-BDA-EHHO-VC,0.003019290808179705,8.854970524682761e-05,0.1098330537582874,0.6057033846558364
IMG_0063|r4|BDA-EHHO-VC-Calibrated,IMG_0063,302008.jpg,4,BDA-EHHO-VC-Calibrated,0.0017819417072391867,6.913086901907482e-05,0.1098330537582874,0.6059636440694769
IMG_0063|r4|HHO-VC,IMG_0063,302008.jpg,4,HHO-VC,0.0019034636651612364,7.139450742189324e-05,0.1098330537582874,0.6061029976997596
IMG_0063|r4|BEHHO-VC-Calibrated,IMG_0063,302008.jpg,4,BEHHO-VC-Calibrated,0.002007093608098635,6.807482228598541e-05,0.1098330537582874,0.6058440039828219
IMG_0063|r4|EHHO-VC,IMG_0063,302008.jpg,4,EHHO-VC,0.0019034636651612364,7.139450742189324e-05,0.1098330537582874,0.6061029976997596
IMG_0063|r4|MO-BDA-EHHO-VC,IMG_0063,302008.jpg,4,MO-BDA-EHHO-VC,0.001653765920538253,7.141315275929816e-05,0.1098330537582874,0.6062126730705674
IMG_0063|r5|BEHHO-VC-Calibrated,IMG_0063,302008.jpg,5,BEHHO-VC-Calibrated,0.0021569141294685225,8.163436079568003e-05,0.1098330537582874,0.6059846106105092
IMG_0063|r5|HHO-VC,IMG_0063,302008.jpg,5,HHO-VC,0.002182542571141231,8.356305439388569e-05,0.1098330537582874,0.6058634804728866
IMG_0063|r5|BDA-EHHO-VC-Calibrated,IMG_0063,302008.jpg,5,BDA-EHHO-VC-Calibrated,0.0022201214332114847,7.894087752186074e-05,0.1098330537582874,0.6059668866235716
IMG_0063|r5|EHHO-VC,IMG_0063,302008.jpg,5,EHHO-VC,0.002182542571141231,8.356305439388569e-05,0.1098330537582874,0.6058634804728866
IMG_0063|r5|MO-BDA-EHHO-VC,IMG_0063,302008.jpg,5,MO-BDA-EHHO-VC,0.0026786256086041124,8.882978616265841e-05,0.1098330537582874,0.6056590852712401
IMG_0064|r1|BEHHO-VC-Calibrated,IMG_0064,304034.jpg,1,BEHHO-VC-Calibrated,0.0022801349072332756,8.301061717568832e-05,0.05025226520553624,0.6862184837215289
IMG_0064|r1|HHO-VC,IMG_0064,304034.jpg,1,HHO-VC,0.0021683400174335376,8.251534899548765e-05,0.05025226520553624,0.6863205649121203
IMG_0064|r1|BDA-EHHO-VC-Calibrated,IMG_0064,304034.jpg,1,BDA-EHHO-VC-Calibrated,0.0017654906803251473,8.275723415183175e-05,0.05025226520553624,0.686245440098128
IMG_0064|r1|EHHO-VC,IMG_0064,304034.jpg,1,EHHO-VC,0.0021683400174335376,8.251534899548765e-05,0.05025226520553624,0.6863205649121203
IMG_0064|r1|MO-BDA-EHHO-VC,IMG_0064,304034.jpg,1,MO-BDA-EHHO-VC,0.0015186210225072462,7.323267863016631e-05,0.05025226520553624,0.6862433743456499
IMG_0064|r2|EHHO-VC,IMG_0064,304034.jpg,2,EHHO-VC,0.0018733118218745195,6.393318381914178e-05,0.05025226520553624,0.6866467887127806
IMG_0064|r2|BEHHO-VC-Calibrated,IMG_0064,304034.jpg,2,BEHHO-VC-Calibrated,0.0016823599349033982,6.270777930971445e-05,0.05025226520553624,0.6865818318034037
IMG_0064|r2|BDA-EHHO-VC-Calibrated,IMG_0064,304034.jpg,2,BDA-EHHO-VC-Calibrated,0.0013482843611585102,5.9148027041035796e-05,0.05025226520553624,0.6865753932593069
IMG_0064|r2|HHO-VC,IMG_0064,304034.jpg,2,HHO-VC,0.0015302709834796625,6.142408945965809e-05,0.05025226520553624,0.686500607093262
IMG_0064|r2|MO-BDA-EHHO-VC,IMG_0064,304034.jpg,2,MO-BDA-EHHO-VC,0.0020554486345959275,6.0021014128631106e-05,0.05025226520553624,0.686567680552309
IMG_0064|r3|HHO-VC,IMG_0064,304034.jpg,3,HHO-VC,0.0024026570366849805,5.869552018200198e-05,0.05025226520553624,0.6864221169652941
IMG_0064|r3|EHHO-VC,IMG_0064,304034.jpg,3,EHHO-VC,0.0023833239638125538,5.9691540722524924e-05,0.05025226520553624,0.6864459831793749
IMG_0064|r3|BDA-EHHO-VC-Calibrated,IMG_0064,304034.jpg,3,BDA-EHHO-VC-Calibrated,0.00180800558482614,5.9466832813763335e-05,0.05025226520553624,0.686538260511894
IMG_0064|r3|BEHHO-VC-Calibrated,IMG_0064,304034.jpg,3,BEHHO-VC-Calibrated,0.002233055922973782,5.684374062391503e-05,0.05025226520553624,0.6864320816811412
IMG_0064|r3|MO-BDA-EHHO-VC,IMG_0064,304034.jpg,3,MO-BDA-EHHO-VC,0.0019426027566366644,6.485751992674363e-05,0.05025226520553624,0.6865153298127674
IMG_0064|r4|BEHHO-VC-Calibrated,IMG_0064,304034.jpg,4,BEHHO-VC-Calibrated,0.0017150401945547026,8.188340761418127e-05,0.05025226520553624,0.6863473392654477
IMG_0064|r4|BDA-EHHO-VC-Calibrated,IMG_0064,304034.jpg,4,BDA-EHHO-VC-Calibrated,0.0011000080292710348,7.679167963565112e-05,0.05025226520553624,0.6862648700241
IMG_0064|r4|HHO-VC,IMG_0064,304034.jpg,4,HHO-VC,0.001585835665498819,8.13167707717791e-05,0.05025226520553624,0.6863376666334551
IMG_0064|r4|EHHO-VC,IMG_0064,304034.jpg,4,EHHO-VC,0.001785748300353019,8.105217133871783e-05,0.05025226520553624,0.6863732923975029
IMG_0064|r4|MO-BDA-EHHO-VC,IMG_0064,304034.jpg,4,MO-BDA-EHHO-VC,0.001707284259743521,7.696234042113563e-05,0.05025226520553624,0.6861722455774348
IMG_0064|r5|BDA-EHHO-VC-Calibrated,IMG_0064,304034.jpg,5,BDA-EHHO-VC-Calibrated,0.00132890609629999,5.2172714709763744e-05,0.05025226520553624,0.686782531509326
IMG_0064|r5|EHHO-VC,IMG_0064,304034.jpg,5,EHHO-VC,0.0013936917107431456,5.7218678222480496e-05,0.05025226520553624,0.6870020896728094
IMG_0064|r5|BEHHO-VC-Calibrated,IMG_0064,304034.jpg,5,BEHHO-VC-Calibrated,0.0012799941876496135,5.5395945055353595e-05,0.05025226520553624,0.6868182842663542
IMG_0064|r5|HHO-VC,IMG_0064,304034.jpg,5,HHO-VC,0.0015837901996212523,5.819364880258043e-05,0.05025226520553624,0.6869841286323085
IMG_0064|r5|MO-BDA-EHHO-VC,IMG_0064,304034.jpg,5,MO-BDA-EHHO-VC,0.0015715054536451206,5.574069487339757e-05,0.05025226520553624,0.6868388994601414
IMG_0065|r1|BEHHO-VC-Calibrated,IMG_0065,304074.jpg,1,BEHHO-VC-Calibrated,0.0025957656947782656,7.098341626761995e-05,0.0066990066990067,0.7009307430062209
IMG_0065|r1|HHO-VC,IMG_0065,304074.jpg,1,HHO-VC,0.0025957656947782656,7.098341626761995e-05,0.0066990066990067,0.7009307430062209
IMG_0065|r1|EHHO-VC,IMG_0065,304074.jpg,1,EHHO-VC,0.0025957656947782656,7.098341626761995e-05,0.0066990066990067,0.7009307430062209
IMG_0065|r1|BDA-EHHO-VC-Calibrated,IMG_0065,304074.jpg,1,BDA-EHHO-VC-Calibrated,0.002560753323354915,6.620028373435258e-05,0.0066990066990067,0.7009115289683153
IMG_0065|r1|MO-BDA-EHHO-VC,IMG_0065,304074.jpg,1,MO-BDA-EHHO-VC,0.001924366065468876,6.740983640090617e-05,0.0066990066990067,0.7009710294126424
IMG_0065|r2|EHHO-VC,IMG_0065,304074.jpg,2,EHHO-VC,0.003082352591008129,7.125604861345234e-05,0.0066990066990067,0.7014125247414386
IMG_0065|r2|HHO-VC,IMG_0065,304074.jpg,2,HHO-VC,0.003044103794560787,7.410207756788507e-05,0.0066990066990067,0.701453869422695
IMG_0065|r2|BEHHO-VC-Calibrated,IMG_0065,304074.jpg,2,BEHHO-VC-Calibrated,0.0027209389148730224,7.45354572069783e-05,0.0066990066990067,0.7013749602178927
IMG_0065|r2|BDA-EHHO-VC-Calibrated,IMG_0065,304074.jpg,2,BDA-EHHO-VC-Calibrated,0.0028490811327446046,7.385216496472964e-05,0.0066990066990067,0.7014093075859398
IMG_0065|r2|MO-BDA-EHHO-VC,IMG_0065,304074.jpg,2,MO-BDA-EHHO-VC,0.002270490531889519,7.696546399191553e-05,0.0066990066990067,0.7011887250124161
IMG_0065|r3|EHHO-VC,IMG_0065,304074.jpg,3,EHHO-VC,0.0014722603490069039,6.635101762652119e-05,0.0066990066990067,0.7009401658853522
IMG_0065|r3|BEHHO-VC-Calibrated,IMG_0065,304074.jpg,3,BEHHO-VC-Calibrated,0.0008101576345257853,6.902373459058828e-05,0.0066990066990067,0.700979059602091
IMG_0065|r3|BDA-EHHO-VC-Calibrated,IMG_0065,304074.jpg,3,BDA-EHHO-VC-Calibrated,0.0011400428170261648,7.119738444615895e-05,0.0066990066990067,0.7009146783942244
IMG_0065|r3|HHO-VC,IMG_0065,304074.jpg,3,HHO-VC,0.0014893141181949413,6.644736757953983e-05,0.0066990066990067,0.7009334648890966
IMG_0065|r3|MO-BDA-EHHO-VC,IMG_0065,304074.jpg,3,MO-BDA-EHHO-VC,0.0012392927425275671,6.465629246591807e-05,0.0066990066990067,0.7009751185866051
IMG_0065|r4|BDA-EHHO-VC-Calibrated,IMG_0065,304074.jpg,4,BDA-EHHO-VC-Calibrated,0.0020433035592683597,5.7035578356706045e-05,0.0066990066990067,0.7009527466565917
IMG_0065|r4|HHO-VC,IMG_0065,304074.jpg,4,HHO-VC,0.0016054740764850093,5.71734606504685e-05,0.0066990066990067,0.7011339614062506
IMG_0065|r4|EHHO-VC,IMG_0065,304074.jpg,4,EHHO-VC,0.001987970204412942,5.849575596079774e-05,0.0066990066990067,0.7011806016947822
IMG_0065|r4|BEHHO-VC-Calibrated,IMG_0065,304074.jpg,4,BEHHO-VC-Calibrated,0.0024718176904359127,5.858653699597238e-05,0.0066990066990067,0.7009573226369786
IMG_0065|r4|MO-BDA-EHHO-VC,IMG_0065,304074.jpg,4,MO-BDA-EHHO-VC,0.0019134779100351046,6.125697555470288e-05,0.0066990066990067,0.7009815613638012
IMG_0065|r5|BDA-EHHO-VC-Calibrated,IMG_0065,304074.jpg,5,BDA-EHHO-VC-Calibrated,0.00220637706271377,7.196390234091083e-05,0.0066990066990067,0.7010989028775142
IMG_0065|r5|HHO-VC,IMG_0065,304074.jpg,5,HHO-VC,0.0022124194350460675,6.641108328151118e-05,0.0066990066990067,0.7010948560345449
IMG_0065|r5|BEHHO-VC-Calibrated,IMG_0065,304074.jpg,5,BEHHO-VC-Calibrated,0.0021638241074738453,7.03943741126415e-05,0.0066990066990067,0.7011127620447545
IMG_0065|r5|EHHO-VC,IMG_0065,304074.jpg,5,EHHO-VC,0.0022124194350460675,6.641108328151118e-05,0.0066990066990067,0.7010948560345449
IMG_0065|r5|MO-BDA-EHHO-VC,IMG_0065,304074.jpg,5,MO-BDA-EHHO-VC,0.0017332299382328187,6.624325311793519e-05,0.0066990066990067,0.7011475708206297
IMG_0066|r1|BEHHO-VC-Calibrated,IMG_0066,306005.jpg,1,BEHHO-VC-Calibrated,0.002494335955190108,7.366068021802627e-05,0.2278461063507793,0.6389782992262268
IMG_0066|r1|BDA-EHHO-VC-Calibrated,IMG_0066,306005.jpg,1,BDA-EHHO-VC-Calibrated,0.002494335955190108,7.366068021802627e-05,0.2278461063507793,0.6389782992262268
IMG_0066|r1|EHHO-VC,IMG_0066,306005.jpg,1,EHHO-VC,0.002685297901914963,7.776541524888452e-05,0.2278461063507793,0.6391668330046452
IMG_0066|r1|HHO-VC,IMG_0066,306005.jpg,1,HHO-VC,0.002685297901914963,7.776541524888452e-05,0.2278461063507793,0.6391668330046452
IMG_0066|r1|MO-BDA-EHHO-VC,IMG_0066,306005.jpg,1,MO-BDA-EHHO-VC,0.0016589401566410138,7.034577780780356e-05,0.2278461063507793,0.6392708952857279
IMG_0066|r2|BDA-EHHO-VC-Calibrated,IMG_0066,306005.jpg,2,BDA-EHHO-VC-Calibrated,0.002515400402783172,5.902211611736631e-05,0.2278461063507793,0.6392174016093645
IMG_0066|r2|EHHO-VC,IMG_0066,306005.jpg,2,EHHO-VC,0.002609276953823278,5.8479864121453544e-05,0.2278461063507793,0.6392614004439076
IMG_0066|r2|HHO-VC,IMG_0066,306005.jpg,2,HHO-VC,0.002609276953823278,5.8479864121453544e-05,0.2278461063507793,0.6392614004439076
IMG_0066|r2|BEHHO-VC-Calibrated,IMG_0066,306005.jpg,2,BEHHO-VC-Calibrated,0.002515400402783172,5.902211611736631e-05,0.2278461063507793,0.6392174016093645
IMG_0066|r2|MO-BDA-EHHO-VC,IMG_0066,306005.jpg,2,MO-BDA-EHHO-VC,0.002463347285387723,7.408822542421822e-05,0.2278461063507793,0.6395232176381052
IMG_0066|r3|BDA-EHHO-VC-Calibrated,IMG_0066,306005.jpg,3,BDA-EHHO-VC-Calibrated,0.0023217388749475804,6.0445785384526675e-05,0.2278461063507793,0.6386556481614099
IMG_0066|r3|BEHHO-VC-Calibrated,IMG_0066,306005.jpg,3,BEHHO-VC-Calibrated,0.002161821334091166,6.374399395809553e-05,0.2278461063507793,0.6386893351659599
IMG_0066|r3|EHHO-VC,IMG_0066,306005.jpg,3,EHHO-VC,0.0022066576472593523,6.304556242180867e-05,0.2278461063507793,0.6386522278171428
IMG_0066|r3|HHO-VC,IMG_0066,306005.jpg,3,HHO-VC,0.0022066576472593523,6.304556242180867e-05,0.2278461063507793,0.6386522278171428
IMG_0066|r3|MO-BDA-EHHO-VC,IMG_0066,306005.jpg,3,MO-BDA-EHHO-VC,0.0025328637375724118,7.263730674023513e-05,0.2278461063507793,0.6388130009300874
IMG_0066|r4|EHHO-VC,IMG_0066,306005.jpg,4,EHHO-VC,0.0024751520565454203,7.120390838175008e-05,0.2278461063507793,0.6392196747837101
IMG_0066|r4|HHO-VC,IMG_0066,306005.jpg,4,HHO-VC,0.0024159983413574618,7.288553523861363e-05,0.2278461063507793,0.6391240998668049
IMG_0066|r4|BEHHO-VC-Calibrated,IMG_0066,306005.jpg,4,BEHHO-VC-Calibrated,0.0022948400606100042,7.525413602974576e-05,0.2278461063507793,0.6391696141509117
IMG_0066|r4|BDA-EHHO-VC-Calibrated,IMG_0066,306005.jpg,4,BDA-EHHO-VC-Calibrated,0.0023999095755794266,7.351782485122584e-05,0.2278461063507793,0.6390769770049486
IMG_0066|r4|MO-BDA-EHHO-VC,IMG_0066,306005.jpg,4,MO-BDA-EHHO-VC,0.0017073041293585352,6.848346209399114e-05,0.2278461063507793,0.638994571260091
IMG_0066|r5|BEHHO-VC-Calibrated,IMG_0066,306005.jpg,5,BEHHO-VC-Calibrated,0.0028244480955872705,7.497520065100382e-05,0.2278461063507793,0.6390647348816564
IMG_0066|r5|HHO-VC,IMG_0066,306005.jpg,5,HHO-VC,0.0027319320380299237,7.293975437878702e-05,0.2278461063507793,0.6391125773704006
IMG_0066|r5|EHHO-VC,IMG_0066,306005.jpg,5,EHHO-VC,0.002618642396505725,7.385472850822608e-05,0.2278461063507793,0.6391307246672725
IMG_0066|r5|BDA-EHHO-VC-Calibrated,IMG_0066,306005.jpg,5,BDA-EHHO-VC-Calibrated,0.002679025025568115,7.738168900552098e-05,0.2278461063507793,0.6391300050403846
IMG_0066|r5|MO-BDA-EHHO-VC,IMG_0066,306005.jpg,5,MO-BDA-EHHO-VC,0.002745883905250766,7.757584232194355e-05,0.2278461063507793,0.6390385362298394
IMG_0067|r1|BEHHO-VC-Calibrated,IMG_0067,3096.jpg,1,BEHHO-VC-Calibrated,0.0013759196149528165,5.840862474333223e-05,0.005388566136229687,0.7376467756706845
IMG_0067|r1|HHO-VC,IMG_0067,3096.jpg,1,HHO-VC,0.001342354746966914,5.977114330636512e-05,0.005388566136229687,0.7375939931550103
IMG_0067|r1|EHHO-VC,IMG_0067,3096.jpg,1,EHHO-VC,0.0015480804781410748,5.780836302135179e-05,0.005388566136229687,0.7376068617770049
IMG_0067|r1|BDA-EHHO-VC-Calibrated,IMG_0067,3096.jpg,1,BDA-EHHO-VC-Calibrated,0.0013267812798920928,5.727167713230562e-05,0.005388566136229687,0.7375788301931734
IMG_0067|r1|MO-BDA-EHHO-VC,IMG_0067,3096.jpg,1,MO-BDA-EHHO-VC,0.001153174952253693,5.793087642996274e-05,0.005388566136229687,0.7376571001999755
IMG_0067|r2|EHHO-VC,IMG_0067,3096.jpg,2,EHHO-VC,0.0018158219930806457,6.585037974383036e-05,0.005388566136229687,0.7377300492009069
IMG_0067|r2|BDA-EHHO-VC-Calibrated,IMG_0067,3096.jpg,2,BDA-EHHO-VC-Calibrated,0.0018558407555737198,6.360085685076286e-05,0.005388566136229687,0.7377649680373651
IMG_0067|r2|BEHHO-VC-Calibrated,IMG_0067,3096.jpg,2,BEHHO-VC-Calibrated,0.0019762235487602625,6.272502238712542e-05,0.005388566136229687,0.737700133887869
IMG_0067|r2|HHO-VC,IMG_0067,3096.jpg,2,HHO-VC,0.0018678198539519237,6.688859575690477e-05,0.005388566136229687,0.7377453984191149
IMG_0067|r2|MO-BDA-EHHO-VC,IMG_0067,3096.jpg,2,MO-BDA-EHHO-VC,0.0018379314343515308,6.885630735098676e-05,0.005388566136229687,0.7378029220060501
IMG_0067|r3|EHHO-VC,IMG_0067,3096.jpg,3,EHHO-VC,0.0022141210080752027,5.1978839248685876e-05,0.005388566136229687,0.7376974289373907
IMG_0067|r3|BDA-EHHO-VC-Calibrated,IMG_0067,3096.jpg,3,BDA-EHHO-VC-Calibrated,0.00194512286173877,5.8119266933696206e-05,0.005388566136229687,0.7377297613501517
IMG_0067|r3|BEHHO-VC-Calibrated,IMG_0067,3096.jpg,3,BEHHO-VC-Calibrated,0.0021401134595323817,5.3339321346507955e-05,0.005388566136229687,0.7377084646273708
IMG_0067|r3|HHO-VC,IMG_0067,3096.jpg,3,HHO-VC,0.0021614619176573827,5.1870345382314975e-05,0.005388566136229687,0.7377290628887607
IMG_0067|r3|MO-BDA-EHHO-VC,IMG_0067,3096.jpg,3,MO-BDA-EHHO-VC,0.0019844400192737363,5.588431250462637e-05,0.005388566136229687,0.7377331943937167
IMG_0067|r4|BEHHO-VC-Calibrated,IMG_0067,3096.jpg,4,BEHHO-VC-Calibrated,0.00308311057610345,6.0899560415688486e-05,0.005388566136229687,0.7376788413981874
IMG_0067|r4|EHHO-VC,IMG_0067,3096.jpg,4,EHHO-VC,0.0026636110706648327,6.493711292942157e-05,0.005388566136229687,0.7377048791922295
IMG_0067|r4|BDA-EHHO-VC-Calibrated,IMG_0067,3096.jpg,4,BDA-EHHO-VC-Calibrated,0.0031293754799321086,6.147345857217626e-05,0.005388566136229687,0.7377000915568757
IMG_0067|r4|HHO-VC,IMG_0067,3096.jpg,4,HHO-VC,0.0026636110706648327,6.493711292942157e-05,0.005388566136229687,0.7377048791922295
IMG_0067|r4|MO-BDA-EHHO-VC,IMG_0067,3096.jpg,4,MO-BDA-EHHO-VC,0.003110212408915318,5.8401502961224907e-05,0.005388566136229687,0.7376452432887234
IMG_0067|r5|HHO-VC,IMG_0067,3096.jpg,5,HHO-VC,0.0024086547763354955,6.915859080458451e-05,0.005388566136229687,0.7376342118318425
IMG_0067|r5|BDA-EHHO-VC-Calibrated,IMG_0067,3096.jpg,5,BDA-EHHO-VC-Calibrated,0.0020627091294741404,6.74459559802771e-05,0.005388566136229687,0.7376630688700453
IMG_0067|r5|BEHHO-VC-Calibrated,IMG_0067,3096.jpg,5,BEHHO-VC-Calibrated,0.0025926092844972275,6.727881344604094e-05,0.005388566136229687,0.7376390375650903
IMG_0067|r5|EHHO-VC,IMG_0067,3096.jpg,5,EHHO-VC,0.0024419232808413995,6.799850326851852e-05,0.005388566136229687,0.7376414673641117
IMG_0067|r5|MO-BDA-EHHO-VC,IMG_0067,3096.jpg,5,MO-BDA-EHHO-VC,0.0018484895806248618,5.8376450604406684e-05,0.005388566136229687,0.7376236502489885
IMG_0068|r1|BDA-EHHO-VC-Calibrated,IMG_0068,33039.jpg,1,BDA-EHHO-VC-Calibrated,0.0017130684755207702,7.510463490104861e-05,0.031742022396228,0.6889170045204928
IMG_0068|r1|EHHO-VC,IMG_0068,33039.jpg,1,EHHO-VC,0.0017391709528597136,7.841692104107737e-05,0.031742022396228,0.6889170087535921
IMG_0068|r1|HHO-VC,IMG_0068,33039.jpg,1,HHO-VC,0.0018187913890835969,8.155119733305802e-05,0.031742022396228,0.6889408072380832
IMG_0068|r1|BEHHO-VC-Calibrated,IMG_0068,33039.jpg,1,BEHHO-VC-Calibrated,0.0017938579885751413,7.906203632489997e-05,0.031742022396228,0.6890265317328237
IMG_0068|r1|MO-BDA-EHHO-VC,IMG_0068,33039.jpg,1,MO-BDA-EHHO-VC,0.0017377541757045702,7.348568923198479e-05,0.031742022396228,0.6890802031993594
IMG_0068|r2|EHHO-VC,IMG_0068,33039.jpg,2,EHHO-VC,0.0020815961609295594,6.791773654903327e-05,0.031742022396228,0.6888183860051617
IMG_0068|r2|BEHHO-VC-Calibrated,IMG_0068,33039.jpg,2,BEHHO-VC-Calibrated,0.0017933800958381773,6.519257286593437e-05,0.031742022396228,0.6888219164100114
IMG_0068|r2|HHO-VC,IMG_0068,33039.jpg,2,HHO-VC,0.002010767204315131,6.740736792306867e-05,0.031742022396228,0.6888478949406629
IMG_0068|r2|BDA-EHHO-VC-Calibrated,IMG_0068,33039.jpg,2,BDA-EHHO-VC-Calibrated,0.0019252472124910533,6.8072119325802e-05,0.031742022396228,0.6888680995238142
IMG_0068|r2|MO-BDA-EHHO-VC,IMG_0068,33039.jpg,2,MO-BDA-EHHO-VC,0.001976946252283933,7.613042187033842e-05,0.031742022396228,0.6889469875631201
IMG_0068|r3|BEHHO-VC-Calibrated,IMG_0068,33039.jpg,3,BEHHO-VC-Calibrated,0.001696732845820344,7.844542746632133e-05,0.031742022396228,0.6889604953831149
IMG_0068|r3|EHHO-VC,IMG_0068,33039.jpg,3,EHHO-VC,0.0014154310388893251,7.079386173974835e-05,0.031742022396228,0.6889685594373584
IMG_0068|r3|BDA-EHHO-VC-Calibrated,IMG_0068,33039.jpg,3,BDA-EHHO-VC-Calibrated,0.0015540066224667105,8.108623443797919e-05,0.031742022396228,0.6889652533867734
IMG_0068|r3|HHO-VC,IMG_0068,33039.jpg,3,HHO-VC,0.0012747213071596052,7.894155837735209e-05,0.031742022396228,0.68891131100188
IMG_0068|r3|MO-BDA-EHHO-VC,IMG_0068,33039.jpg,3,MO-BDA-EHHO-VC,0.0018659745569013493,7.688728935795846e-05,0.031742022396228,0.6890178877439707
IMG_0068|r4|BEHHO-VC-Calibrated,IMG_0068,33039.jpg,4,BEHHO-VC-Calibrated,0.0021906146986059066,7.231855667534037e-05,0.031742022396228,0.688492306129879
IMG_0068|r4|EHHO-VC,IMG_0068,33039.jpg,4,EHHO-VC,0.0020790524834831147,6.793115092153011e-05,0.031742022396228,0.6884591948268391
IMG_0068|r4|HHO-VC,IMG_0068,33039.jpg,4,HHO-VC,0.0021910920048845346,7.227385935934461e-05,0.031742022396228,0.6885008739229438
IMG_0068|r4|BDA-EHHO-VC-Calibrated,IMG_0068,33039.jpg,4,BDA-EHHO-VC-Calibrated,0.001917213390077232,7.621491747697601e-05,0.031742022396228,0.6885561793658249
IMG_0068|r4|MO-BDA-EHHO-VC,IMG_0068,33039.jpg,4,MO-BDA-EHHO-VC,0.0025070434281180107,7.027149150907828e-05,0.031742022396228,0.6883064815350385
IMG_0068|r5|BDA-EHHO-VC-Calibrated,IMG_0068,33039.jpg,5,BDA-EHHO-VC-Calibrated,0.002805785988361806,7.37466072769612e-05,0.031742022396228,0.6883262247103618
IMG_0068|r5|BEHHO-VC-Calibrated,IMG_0068,33039.jpg,5,BEHHO-VC-Calibrated,0.0027665654059315565,6.30675497666006e-05,0.031742022396228,0.688443667818459
IMG_0068|r5|EHHO-VC,IMG_0068,33039.jpg,5,EHHO-VC,0.002650224417013361,7.33424507698073e-05,0.031742022396228,0.6884386515957407
IMG_0068|r5|HHO-VC,IMG_0068,33039.jpg,5,HHO-VC,0.0025863697624456962,6.946877609027902e-05,0.031742022396228,0.6884464997619176
IMG_0068|r5|MO-BDA-EHHO-VC,IMG_0068,33039.jpg,5,MO-BDA-EHHO-VC,0.0031829447428882735,7.434621027397607e-05,0.031742022396228,0.6884915865029911
IMG_0069|r1|HHO-VC,IMG_0069,351093.jpg,1,HHO-VC,0.001528119520631677,5.831483311565515e-05,0.29757363402223214,0.6187595367692167
IMG_0069|r1|BEHHO-VC-Calibrated,IMG_0069,351093.jpg,1,BEHHO-VC-Calibrated,0.001969627188073124,5.4867832848279676e-05,0.29757363402223214,0.6186744387731786
IMG_0069|r1|BDA-EHHO-VC-Calibrated,IMG_0069,351093.jpg,1,BDA-EHHO-VC-Calibrated,0.0019223857958823734,5.619192897190381e-05,0.29757363402223214,0.6186314431831792
IMG_0069|r1|EHHO-VC,IMG_0069,351093.jpg,1,EHHO-VC,0.0013942702779971363,5.8222021351358e-05,0.29757363402223214,0.6187448225159099
IMG_0069|r1|MO-BDA-EHHO-VC,IMG_0069,351093.jpg,1,MO-BDA-EHHO-VC,0.0015631672890054607,5.902265326470033e-05,0.29757363402223214,0.6186878492318887
IMG_0069|r2|BDA-EHHO-VC-Calibrated,IMG_0069,351093.jpg,2,BDA-EHHO-VC-Calibrated,0.003546507005951341,6.89812913743144e-05,0.29757363402223214,0.6189560626391896
IMG_0069|r2|HHO-VC,IMG_0069,351093.jpg,2,HHO-VC,0.0031616371898432485,7.077311558387341e-05,0.29757363402223214,0.6187943116802973
IMG_0069|r2|BEHHO-VC-Calibrated,IMG_0069,351093.jpg,2,BEHHO-VC-Calibrated,0.0035860872774396194,7.319782496712158e-05,0.29757363402223214,0.6186634284817946
IMG_0069|r2|EHHO-VC,IMG_0069,351093.jpg,2,EHHO-VC,0.0033452967050382966,7.137870997796844e-05,0.29757363402223214,0.6187282710974893
IMG_0069|r2|MO-BDA-EHHO-VC,IMG_0069,351093.jpg,2,MO-BDA-EHHO-VC,0.0026762913146881023,6.686449320428116e-05,0.29757363402223214,0.618833616007672
IMG_0069|r3|BDA-EHHO-VC-Calibrated,IMG_0069,351093.jpg,3,BDA-EHHO-VC-Calibrated,0.0030276765529498907,6.0222248578702395e-05,0.29757363402223214,0.6196583253535468
IMG_0069|r3|HHO-VC,IMG_0069,351093.jpg,3,HHO-VC,0.0031419536130751456,6.294623723495105e-05,0.29757363402223214,0.6195697519829504
IMG_0069|r3|BEHHO-VC-Calibrated,IMG_0069,351093.jpg,3,BEHHO-VC-Calibrated,0.0031695122211134272,6.598113000440159e-05,0.29757363402223214,0.6196048443764814
IMG_0069|r3|EHHO-VC,IMG_0069,351093.jpg,3,EHHO-VC,0.003204214038371,6.279253959235039e-05,0.29757363402223214,0.619594875427535
IMG_0069|r3|MO-BDA-EHHO-VC,IMG_0069,351093.jpg,3,MO-BDA-EHHO-VC,0.002863213678699453,5.8953858186758706e-05,0.29757363402223214,0.6194725896537925
IMG_0069|r4|BDA-EHHO-VC-Calibrated,IMG_0069,351093.jpg,4,BDA-EHHO-VC-Calibrated,0.0021953890891353808,6.20882164178921e-05,0.29757363402223214,0.6181230648848064
IMG_0069|r4|BEHHO-VC-Calibrated,IMG_0069,351093.jpg,4,BEHHO-VC-Calibrated,0.002359265682709547,6.042564998940647e-05,0.29757363402223214,0.6182414350416593
IMG_0069|r4|HHO-VC,IMG_0069,351093.jpg,4,HHO-VC,0.002320538811092745,5.8762902888556154e-05,0.29757363402223214,0.6182366474063054
IMG_0069|r4|EHHO-VC,IMG_0069,351093.jpg,4,EHHO-VC,0.0022414308722072764,5.960760636714495e-05,0.29757363402223214,0.6181948201517239
IMG_0069|r4|MO-BDA-EHHO-VC,IMG_0069,351093.jpg,4,MO-BDA-EHHO-VC,0.0023566408996746908,7.068876047189083e-05,0.29757363402223214,0.6183316550878991
IMG_0069|r5|BEHHO-VC-Calibrated,IMG_0069,351093.jpg,5,BEHHO-VC-Calibrated,0.0015113001319888983,7.01267543186155e-05,0.29757363402223214,0.6183006391690327
IMG_0069|r5|HHO-VC,IMG_0069,351093.jpg,5,HHO-VC,0.0014094805564502369,6.580838220640569e-05,0.29757363402223214,0.6183073443983877
IMG_0069|r5|BDA-EHHO-VC-Calibrated,IMG_0069,351093.jpg,5,BDA-EHHO-VC-Calibrated,0.001639766388584053,7.209623325562789e-05,0.29757363402223214,0.6182184281467448
IMG_0069|r5|EHHO-VC,IMG_0069,351093.jpg,5,EHHO-VC,0.0015373771209762667,6.753766137225038e-05,0.29757363402223214,0.6182660462812238
IMG_0069|r5|MO-BDA-EHHO-VC,IMG_0069,351093.jpg,5,MO-BDA-EHHO-VC,0.001723153267109586,7.23351922479088e-05,0.29757363402223214,0.6181909891968208
IMG_0070|r1|BDA-EHHO-VC-Calibrated,IMG_0070,361010.jpg,1,BDA-EHHO-VC-Calibrated,0.0019071554936537687,8.2567503118953e-05,0.03721694375899984,0.6768649384411116
IMG_0070|r1|HHO-VC,IMG_0070,361010.jpg,1,HHO-VC,0.0019118244913339676,8.472780293127728e-05,0.03721694375899984,0.6768099928116745
IMG_0070|r1|EHHO-VC,IMG_0070,361010.jpg,1,EHHO-VC,0.0019118244913339676,8.472780293127728e-05,0.03721694375899984,0.6768099928116745
IMG_0070|r1|BEHHO-VC-Calibrated,IMG_0070,361010.jpg,1,BEHHO-VC-Calibrated,0.002265769029768686,8.432437036169051e-05,0.03721694375899984,0.677139827446072
IMG_0070|r1|MO-BDA-EHHO-VC,IMG_0070,361010.jpg,1,MO-BDA-EHHO-VC,0.0018692441081062444,8.815574872517866e-05,0.03721694375899984,0.676931470063443
IMG_0070|r2|BDA-EHHO-VC-Calibrated,IMG_0070,361010.jpg,2,BDA-EHHO-VC-Calibrated,0.004516524029110164,7.446368138145535e-05,0.03721694375899984,0.6767669929885757
IMG_0070|r2|BEHHO-VC-Calibrated,IMG_0070,361010.jpg,2,BEHHO-VC-Calibrated,0.0041729353642319935,7.762679278105693e-05,0.03721694375899984,0.6767553307998931
IMG_0070|r2|HHO-VC,IMG_0070,361010.jpg,2,HHO-VC,0.0043537981383831555,7.73125302911003e-05,0.03721694375899984,0.6768372751369226
IMG_0070|r2|EHHO-VC,IMG_0070,361010.jpg,2,EHHO-VC,0.004423922695849623,7.598621467101412e-05,0.03721694375899984,0.6768230646224372
IMG_0070|r2|MO-BDA-EHHO-VC,IMG_0070,361010.jpg,2,MO-BDA-EHHO-VC,0.004344950368982548,7.806432753064935e-05,0.03721694375899984,0.6765816721325565
IMG_0070|r3|BEHHO-VC-Calibrated,IMG_0070,361010.jpg,3,BEHHO-VC-Calibrated,0.0026425179648637627,7.289446853716903e-05,0.03721694375899984,0.6768295370313285
IMG_0070|r3|EHHO-VC,IMG_0070,361010.jpg,3,EHHO-VC,0.003167999937617896,7.554677327928827e-05,0.03721694375899984,0.6769351697922664
IMG_0070|r3|BDA-EHHO-VC-Calibrated,IMG_0070,361010.jpg,3,BDA-EHHO-VC-Calibrated,0.0025882187792699066,7.324520784512045e-05,0.03721694375899984,0.6768252065707033
IMG_0070|r3|HHO-VC,IMG_0070,361010.jpg,3,HHO-VC,0.003167999937617896,7.554677327928827e-05,0.03721694375899984,0.6769351697922664
IMG_0070|r3|MO-BDA-EHHO-VC,IMG_0070,361010.jpg,3,MO-BDA-EHHO-VC,0.0033018272729338194,7.337329944890945e-05,0.03721694375899984,0.6770696384259104
IMG_0070|r4|HHO-VC,IMG_0070,361010.jpg,4,HHO-VC,0.0025637699331466034,7.287545146906454e-05,0.03721694375899984,0.6767402313345463
IMG_0070|r4|EHHO-VC,IMG_0070,361010.jpg,4,EHHO-VC,0.002845874974745122,7.315156050499693e-05,0.03721694375899984,0.6768468165428357
IMG_0070|r4|BDA-EHHO-VC-Calibrated,IMG_0070,361010.jpg,4,BDA-EHHO-VC-Calibrated,0.0018710592369275884,7.073309562601595e-05,0.03721694375899984,0.6769693901673334
IMG_0070|r4|BEHHO-VC-Calibrated,IMG_0070,361010.jpg,4,BEHHO-VC-Calibrated,0.0023148256157745507,6.871888860638391e-05,0.03721694375899984,0.6768207533501974
IMG_0070|r4|MO-BDA-EHHO-VC,IMG_0070,361010.jpg,4,MO-BDA-EHHO-VC,0.0023662483420511756,6.52766513186233e-05,0.03721694375899984,0.6769299969448727
IMG_0070|r5|BEHHO-VC-Calibrated,IMG_0070,361010.jpg,5,BEHHO-VC-Calibrated,0.0018880929315433085,5.418069951365652e-05,0.03721694375899984,0.6768575940137561
IMG_0070|r5|BDA-EHHO-VC-Calibrated,IMG_0070,361010.jpg,5,BDA-EHHO-VC-Calibrated,0.0016981034506648345,5.0880168548756556e-05,0.03721694375899984,0.6769177336560838
IMG_0070|r5|HHO-VC,IMG_0070,361010.jpg,5,HHO-VC,0.001842599336846513,5.305725073079672e-05,0.03721694375899984,0.6768334992123112
IMG_0070|r5|EHHO-VC,IMG_0070,361010.jpg,5,EHHO-VC,0.0018239173252532581,5.076957135812937e-05,0.03721694375899984,0.676880020974061
IMG_0070|r5|MO-BDA-EHHO-VC,IMG_0070,361010.jpg,5,MO-BDA-EHHO-VC,0.0015813806009986992,5.2949642198983733e-05,0.03721694375899984,0.6769687933003263
IMG_0071|r1|BEHHO-VC-Calibrated,IMG_0071,37073.jpg,1,BEHHO-VC-Calibrated,0.0016619642052481617,9.94114001507996e-05,0.004339350133742657,0.7036447077950166
IMG_0071|r1|BDA-EHHO-VC-Calibrated,IMG_0071,37073.jpg,1,BDA-EHHO-VC-Calibrated,0.0018661258243732788,0.00010101231562613894,0.004339350133742657,0.7036281860082915
IMG_0071|r1|EHHO-VC,IMG_0071,37073.jpg,1,EHHO-VC,0.0015548643742984503,0.00010241359462850278,0.004339350133742657,0.7033617589689122
IMG_0071|r1|HHO-VC,IMG_0071,37073.jpg,1,HHO-VC,0.0018820890010133335,0.00010281112300829138,0.004339350133742657,0.703401338447744
IMG_0071|r1|MO-BDA-EHHO-VC,IMG_0071,37073.jpg,1,MO-BDA-EHHO-VC,0.001538889947726982,0.00010033526162543649,0.004339350133742657,0.7036256800134818
IMG_0071|r2|BDA-EHHO-VC-Calibrated,IMG_0071,37073.jpg,2,BDA-EHHO-VC-Calibrated,0.001378553343132355,8.693201219447237e-05,0.004339350133742657,0.703781060157867
IMG_0071|r2|BEHHO-VC-Calibrated,IMG_0071,37073.jpg,2,BEHHO-VC-Calibrated,0.0010392568283143098,8.071571648051889e-05,0.004339350133742657,0.7037182409636569
IMG_0071|r2|HHO-VC,IMG_0071,37073.jpg,2,HHO-VC,0.0012750877728755841,8.335931747076936e-05,0.004339350133742657,0.7037441263661229
IMG_0071|r2|EHHO-VC,IMG_0071,37073.jpg,2,EHHO-VC,0.0012750877728755841,8.335931747076936e-05,0.004339350133742657,0.7037441263661229
IMG_0071|r2|MO-BDA-EHHO-VC,IMG_0071,37073.jpg,2,MO-BDA-EHHO-VC,0.0015563135627320182,8.703896656657141e-05,0.004339350133742657,0.7038090621100032
IMG_0071|r3|BDA-EHHO-VC-Calibrated,IMG_0071,37073.jpg,3,BDA-EHHO-VC-Calibrated,0.001994439841744114,7.43757118664826e-05,0.004339350133742657,0.7034487322279581
IMG_0071|r3|BEHHO-VC-Calibrated,IMG_0071,37073.jpg,3,BEHHO-VC-Calibrated,0.002486399435446303,7.014405866712889e-05,0.004339350133742657,0.7034670403826048
IMG_0071|r3|EHHO-VC,IMG_0071,37073.jpg,3,EHHO-VC,0.002595528838402089,6.9295560601111e-05,0.004339350133742657,0.7034587985381893
IMG_0071|r3|HHO-VC,IMG_0071,37073.jpg,3,HHO-VC,0.002595528838402089,6.9295560601111e-05,0.004339350133742657,0.7034587985381893
IMG_0071|r3|MO-BDA-EHHO-VC,IMG_0071,37073.jpg,3,MO-BDA-EHHO-VC,0.002484277470482068,7.83098379322998e-05,0.004339350133742657,0.7033811592631887
IMG_0071|r4|EHHO-VC,IMG_0071,37073.jpg,4,EHHO-VC,0.002257827411462392,7.042561366511356e-05,0.004339350133742657,0.7037251917127737
IMG_0071|r4|BEHHO-VC-Calibrated,IMG_0071,37073.jpg,4,BEHHO-VC-Calibrated,0.002162916010032018,6.92365522121853e-05,0.004339350133742657,0.703610542450241
IMG_0071|r4|BDA-EHHO-VC-Calibrated,IMG_0071,37073.jpg,4,BDA-EHHO-VC-Calibrated,0.0020558000939297516,7.097118086520593e-05,0.004339350133742657,0.7036097974247572
IMG_0071|r4|HHO-VC,IMG_0071,37073.jpg,4,HHO-VC,0.002257827411462392,7.042561366511356e-05,0.004339350133742657,0.7037251917127737
IMG_0071|r4|MO-BDA-EHHO-VC,IMG_0071,37073.jpg,4,MO-BDA-EHHO-VC,0.0018296954732348583,6.740119438518934e-05,0.004339350133742657,0.7037180928051802
IMG_0071|r5|BDA-EHHO-VC-Calibrated,IMG_0071,37073.jpg,5,BDA-EHHO-VC-Calibrated,0.0026952995718465826,6.940384020229196e-05,0.004339350133742657,0.7037692709762043
IMG_0071|r5|HHO-VC,IMG_0071,37073.jpg,5,HHO-VC,0.0032843437565477883,7.028123303271925e-05,0.004339350133742657,0.7033731925702305
IMG_0071|r5|BEHHO-VC-Calibrated,IMG_0071,37073.jpg,5,BEHHO-VC-Calibrated,0.002768149379768129,6.941058892783479e-05,0.004339350133742657,0.7034846077448672
IMG_0071|r5|EHHO-VC,IMG_0071,37073.jpg,5,EHHO-VC,0.0033169126495561237,7.033035502582444e-05,0.004339350133742657,0.7033778574457034
IMG_0071|r5|MO-BDA-EHHO-VC,IMG_0071,37073.jpg,5,MO-BDA-EHHO-VC,0.00270006999313319,6.728312987164417e-05,0.004339350133742657,0.7036083835695774
IMG_0072|r1|BEHHO-VC-Calibrated,IMG_0072,376043.jpg,1,BEHHO-VC-Calibrated,0.0017433976067774955,6.631052444836263e-05,0.022497695394891656,0.7135831805012242
IMG_0072|r1|HHO-VC,IMG_0072,376043.jpg,1,HHO-VC,0.0020519712574342376,6.476967961958269e-05,0.022497695394891656,0.7136404797338946
IMG_0072|r1|BDA-EHHO-VC-Calibrated,IMG_0072,376043.jpg,1,BDA-EHHO-VC-Calibrated,0.0020414881373060517,6.40535965794587e-05,0.022497695394891656,0.7136025426976067
IMG_0072|r1|EHHO-VC,IMG_0072,376043.jpg,1,EHHO-VC,0.001433870718444183,6.498889785250397e-05,0.022497695394891656,0.7135393425244562
IMG_0072|r1|MO-BDA-EHHO-VC,IMG_0072,376043.jpg,1,MO-BDA-EHHO-VC,0.0015283749889031441,6.227291655747288e-05,0.022497695394891656,0.713651667815451
IMG_0072|r2|BDA-EHHO-VC-Calibrated,IMG_0072,376043.jpg,2,BDA-EHHO-VC-Calibrated,0.002378530879138509,5.9927250334268496e-05,0.022497695394891656,0.7134009117098294
IMG_0072|r2|EHHO-VC,IMG_0072,376043.jpg,2,EHHO-VC,0.0025128857109760947,6.325478246748654e-05,0.022497695394891656,0.7133862143889201
IMG_0072|r2|HHO-VC,IMG_0072,376043.jpg,2,HHO-VC,0.0025567187094457937,6.29045812731543e-05,0.022497695394891656,0.7133974786662646
IMG_0072|r2|BEHHO-VC-Calibrated,IMG_0072,376043.jpg,2,BEHHO-VC-Calibrated,0.0024953147986503943,6.348091743498544e-05,0.022497695394891656,0.7133970680556286
IMG_0072|r2|MO-BDA-EHHO-VC,IMG_0072,376043.jpg,2,MO-BDA-EHHO-VC,0.003008263135583849,6.79700687495045e-05,0.022497695394891656,0.713290978119962
IMG_0072|r3|BEHHO-VC-Calibrated,IMG_0072,376043.jpg,3,BEHHO-VC-Calibrated,0.0011988752430060774,5.239652897853891e-05,0.022497695394891656,0.7136458007397652
IMG_0072|r3|EHHO-VC,IMG_0072,376043.jpg,3,EHHO-VC,0.0010560234709729136,5.078906626460712e-05,0.022497695394891656,0.7134354411011484
IMG_0072|r3|BDA-EHHO-VC-Calibrated,IMG_0072,376043.jpg,3,BDA-EHHO-VC-Calibrated,0.0011350884089164819,5.276482281537057e-05,0.022497695394891656,0.7134634430532846
IMG_0072|r3|HHO-VC,IMG_0072,376043.jpg,3,HHO-VC,0.0007723195389991079,4.770789512387392e-05,0.022497695394891656,0.7135896148122215
IMG_0072|r3|MO-BDA-EHHO-VC,IMG_0072,376043.jpg,3,MO-BDA-EHHO-VC,0.0019175328241033413,5.47217535287666e-05,0.022497695394891656,0.7136985959547376
IMG_0072|r4|BEHHO-VC-Calibrated,IMG_0072,376043.jpg,4,BEHHO-VC-Calibrated,0.002550363015004149,8.073750469927557e-05,0.022497695394891656,0.7137360123198064
IMG_0072|r4|HHO-VC,IMG_0072,376043.jpg,4,HHO-VC,0.002426950399776646,8.053860212156561e-05,0.022497695394891656,0.7137523520832602
IMG_0072|r4|EHHO-VC,IMG_0072,376043.jpg,4,EHHO-VC,0.002426950399776646,8.053860212156561e-05,0.022497695394891656,0.7137523520832602
IMG_0072|r4|BDA-EHHO-VC-Calibrated,IMG_0072,376043.jpg,4,BDA-EHHO-VC-Calibrated,0.002192832212869033,7.82941908743986e-05,0.022497695394891656,0.7137819245152514
IMG_0072|r4|MO-BDA-EHHO-VC,IMG_0072,376043.jpg,4,MO-BDA-EHHO-VC,0.0024268705691980175,8.148702076537716e-05,0.022497695394891656,0.7137619569856631
IMG_0072|r5|HHO-VC,IMG_0072,376043.jpg,5,HHO-VC,0.0014535295096118276,6.052656020335472e-05,0.022497695394891656,0.7136234965393413
IMG_0072|r5|EHHO-VC,IMG_0072,376043.jpg,5,EHHO-VC,0.0015297446449680325,6.237920264220424e-05,0.022497695394891656,0.7135412558853579
IMG_0072|r5|BDA-EHHO-VC-Calibrated,IMG_0072,376043.jpg,5,BDA-EHHO-VC-Calibrated,0.002819521180887578,6.585064217388514e-05,0.022497695394891656,0.7136760589338498
IMG_0072|r5|BEHHO-VC-Calibrated,IMG_0072,376043.jpg,5,BEHHO-VC-Calibrated,0.001346918874936171,6.087139084718724e-05,0.022497695394891656,0.7135518386337086
IMG_0072|r5|MO-BDA-EHHO-VC,IMG_0072,376043.jpg,5,MO-BDA-EHHO-VC,0.002449077438982748,6.150214551673201e-05,0.022497695394891656,0.7135247256324342
IMG_0073|r1|BDA-EHHO-VC-Calibrated,IMG_0073,38082.jpg,1,BDA-EHHO-VC-Calibrated,0.0010620588636161769,7.227409056723028e-05,0.0016968802015530986,0.7024304990929618
IMG_0073|r1|HHO-VC,IMG_0073,38082.jpg,1,HHO-VC,0.001473970480017038,6.98222454260561e-05,0.0016968802015530986,0.7025200587757046
IMG_0073|r1|BEHHO-VC-Calibrated,IMG_0073,38082.jpg,1,BEHHO-VC-Calibrated,0.0012436519093782324,6.709041337439434e-05,0.0016968802015530986,0.7025724010490473
IMG_0073|r1|EHHO-VC,IMG_0073,38082.jpg,1,EHHO-VC,0.0015262629573981345,6.993969199760196e-05,0.0016968802015530986,0.7025103522789172
IMG_0073|r1|MO-BDA-EHHO-VC,IMG_0073,38082.jpg,1,MO-BDA-EHHO-VC,0.0012351104645128346,7.192486451731972e-05,0.0016968802015530986,0.7025708771332848
IMG_0073|r2|HHO-VC,IMG_0073,38082.jpg,2,HHO-VC,0.003525698155163961,6.419562624290061e-05,0.0016968802015530986,0.7029809586318766
IMG_0073|r2|BDA-EHHO-VC-Calibrated,IMG_0073,38082.jpg,2,BDA-EHHO-VC-Calibrated,0.0035606219127467553,6.823605672787358e-05,0.0016968802015530986,0.7029127803339016
IMG_0073|r2|EHHO-VC,IMG_0073,38082.jpg,2,EHHO-VC,0.0032708351398696976,6.73486599475499e-05,0.0016968802015530986,0.7029298100925475
IMG_0073|r2|BEHHO-VC-Calibrated,IMG_0073,38082.jpg,2,BEHHO-VC-Calibrated,0.0033688460686231454,6.871931803951896e-05,0.0016968802015530986,0.7029424628264757
IMG_0073|r2|MO-BDA-EHHO-VC,IMG_0073,38082.jpg,2,MO-BDA-EHHO-VC,0.0028438271488117096,6.612826121298668e-05,0.0016968802015530986,0.7028087646169117
IMG_0073|r3|HHO-VC,IMG_0073,38082.jpg,3,HHO-VC,0.002642774456448053,7.292969455997773e-05,0.0016968802015530986,0.7027073056919234
IMG_0073|r3|BEHHO-VC-Calibrated,IMG_0073,38082.jpg,3,BEHHO-VC-Calibrated,0.00216871896023328,6.66156457622099e-05,0.0016968802015530986,0.7028390693750889
IMG_0073|r3|BDA-EHHO-VC-Calibrated,IMG_0073,38082.jpg,3,BDA-EHHO-VC-Calibrated,0.0026386811674083896,6.613881343964001e-05,0.0016968802015530986,0.7028339473248871
IMG_0073|r3|EHHO-VC,IMG_0073,38082.jpg,3,EHHO-VC,0.002642774456448053,7.292969455997773e-05,0.0016968802015530986,0.7027073056919234
IMG_0073|r3|MO-BDA-EHHO-VC,IMG_0073,38082.jpg,3,MO-BDA-EHHO-VC,0.001974760237605675,6.476291847553136e-05,0.0016968802015530986,0.702892609615545
IMG_0073|r4|BEHHO-VC-Calibrated,IMG_0073,38082.jpg,4,BEHHO-VC-Calibrated,0.0019462209747837748,7.462904876355182e-05,0.0016968802015530986,0.7030744804956018
IMG_0073|r4|HHO-VC,IMG_0073,38082.jpg,4,HHO-VC,0.0019412319763240779,7.330205059504879e-05,0.0016968802015530986,0.7028942647573873
IMG_0073|r4|EHHO-VC,IMG_0073,38082.jpg,4,EHHO-VC,0.0018042435746926586,7.20501248114344e-05,0.0016968802015530986,0.7029572024783789
IMG_0073|r4|BDA-EHHO-VC-Calibrated,IMG_0073,38082.jpg,4,BDA-EHHO-VC-Calibrated,0.002151486011831283,6.328837605763864e-05,0.0016968802015530986,0.7028225475883638
IMG_0073|r4|MO-BDA-EHHO-VC,IMG_0073,38082.jpg,4,MO-BDA-EHHO-VC,0.001720795533714678,5.94557539931607e-05,0.0016968802015530986,0.7029982339102844
IMG_0073|r5|HHO-VC,IMG_0073,38082.jpg,5,HHO-VC,0.0023352244915376573,5.819858795395639e-05,0.0016968802015530986,0.7027102519290643
IMG_0073|r5|BEHHO-VC-Calibrated,IMG_0073,38082.jpg,5,BEHHO-VC-Calibrated,0.0024157084441729423,6.054071405825414e-05,0.0016968802015530986,0.7025832547157559
IMG_0073|r5|BDA-EHHO-VC-Calibrated,IMG_0073,38082.jpg,5,BDA-EHHO-VC-Calibrated,0.0026350532428907046,5.99050327725775e-05,0.0016968802015530986,0.70270675115591
IMG_0073|r5|EHHO-VC,IMG_0073,38082.jpg,5,EHHO-VC,0.0022799398655601153,6.155738637476207e-05,0.0016968802015530986,0.7026154474362388
IMG_0073|r5|MO-BDA-EHHO-VC,IMG_0073,38082.jpg,5,MO-BDA-EHHO-VC,0.0020642084006818125,5.826329459625321e-05,0.0016968802015530986,0.702670443862868
IMG_0074|r1|BDA-EHHO-VC-Calibrated,IMG_0074,38092.jpg,1,BDA-EHHO-VC-Calibrated,0.001924800469737493,7.388316936642579e-05,0.016316820055137814,0.6809704726023756
IMG_0074|r1|EHHO-VC,IMG_0074,38092.jpg,1,EHHO-VC,0.002068113892485473,7.716896234754446e-05,0.016316820055137814,0.68099745861067
IMG_0074|r1|BEHHO-VC-Calibrated,IMG_0074,38092.jpg,1,BEHHO-VC-Calibrated,0.002092656185440991,7.1369802472883e-05,0.016316820055137814,0.6809464031995266
IMG_0074|r1|HHO-VC,IMG_0074,38092.jpg,1,HHO-VC,0.00207745642990512,7.633103333625067e-05,0.016316820055137814,0.6809840354526618
IMG_0074|r1|MO-BDA-EHHO-VC,IMG_0074,38092.jpg,1,MO-BDA-EHHO-VC,0.0016237347701871345,7.493102621926723e-05,0.016316820055137814,0.6809575955141822
IMG_0074|r2|BEHHO-VC-Calibrated,IMG_0074,38092.jpg,2,BEHHO-VC-Calibrated,0.0016946661979033689,7.286143439283001e-05,0.016316820055137814,0.6810946505715232
IMG_0074|r2|HHO-VC,IMG_0074,38092.jpg,2,HHO-VC,0.001393990612827997,7.082537799968902e-05,0.016316820055137814,0.6809856863614044
IMG_0074|r2|EHHO-VC,IMG_0074,38092.jpg,2,EHHO-VC,0.0014673657220265854,7.018267513382905e-05,0.016316820055137814,0.6810047522408332
IMG_0074|r2|BDA-EHHO-VC-Calibrated,IMG_0074,38092.jpg,2,BDA-EHHO-VC-Calibrated,0.001524260459889709,6.984343391066859e-05,0.016316820055137814,0.6809952912638076
IMG_0074|r2|MO-BDA-EHHO-VC,IMG_0074,38092.jpg,2,MO-BDA-EHHO-VC,0.0013341751187588933,6.730753137903814e-05,0.016316820055137814,0.6810077916061595
IMG_0074|r3|BEHHO-VC-Calibrated,IMG_0074,38092.jpg,3,BEHHO-VC-Calibrated,0.0023209484173267662,5.395905661963605e-05,0.016316820055137814,0.6811126878078122
IMG_0074|r3|EHHO-VC,IMG_0074,38092.jpg,3,EHHO-VC,0.002215416808197533,5.434450739668341e-05,0.016316820055137814,0.6810521206224512
IMG_0074|r3|HHO-VC,IMG_0074,38092.jpg,3,HHO-VC,0.0023564778700560893,5.132146907581489e-05,0.016316820055137814,0.6813450214651047
IMG_0074|r3|BDA-EHHO-VC-Calibrated,IMG_0074,38092.jpg,3,BDA-EHHO-VC-Calibrated,0.002186025645572515,5.549760779385965e-05,0.016316820055137814,0.6811323547873472
IMG_0074|r3|MO-BDA-EHHO-VC,IMG_0074,38092.jpg,3,MO-BDA-EHHO-VC,0.0026697699983739315,5.9828045201920796e-05,0.016316820055137814,0.6811685943507997
IMG_0074|r4|BEHHO-VC-Calibrated,IMG_0074,38092.jpg,4,BEHHO-VC-Calibrated,0.0026064447983516347,6.482203388249604e-05,0.016316820055137814,0.6809204373681732
IMG_0074|r4|EHHO-VC,IMG_0074,38092.jpg,4,EHHO-VC,0.0028891414477910746,7.348359067971257e-05,0.016316820055137814,0.680701230551935
IMG_0074|r4|BDA-EHHO-VC-Calibrated,IMG_0074,38092.jpg,4,BDA-EHHO-VC-Calibrated,0.0020438079757487417,6.882842397055553e-05,0.016316820055137814,0.6809123944794265
IMG_0074|r4|HHO-VC,IMG_0074,38092.jpg,4,HHO-VC,0.0028891414477910746,7.348359067971257e-05,0.016316820055137814,0.680701230551935
IMG_0074|r4|MO-BDA-EHHO-VC,IMG_0074,38092.jpg,4,MO-BDA-EHHO-VC,0.0024420291094858935,6.32507666850576e-05,0.016316820055137814,0.6810547790088369
IMG_0074|r5|BDA-EHHO-VC-Calibrated,IMG_0074,38092.jpg,5,BDA-EHHO-VC-Calibrated,0.0015156075280403254,6.154470877330503e-05,0.016316820055137814,0.6812089442537114
IMG_0074|r5|HHO-VC,IMG_0074,38092.jpg,5,HHO-VC,0.0015026910021603123,6.178663010711627e-05,0.016316820055137814,0.681196338083876
IMG_0074|r5|EHHO-VC,IMG_0074,38092.jpg,5,EHHO-VC,0.0013825289573798358,6.114192431997179e-05,0.016316820055137814,0.6812139604764296
IMG_0074|r5|BEHHO-VC-Calibrated,IMG_0074,38092.jpg,5,BEHHO-VC-Calibrated,0.001497890219426991,6.223613598190073e-05,0.016316820055137814,0.6811783304792823
IMG_0074|r5|MO-BDA-EHHO-VC,IMG_0074,38092.jpg,5,MO-BDA-EHHO-VC,0.001474260436305254,6.504165388098056e-05,0.016316820055137814,0.6810845292310006
IMG_0075|r1|HHO-VC,IMG_0075,385039.jpg,1,HHO-VC,0.002628036527336222,5.990820328852467e-05,0.008909700498485546,0.673287279951575
IMG_0075|r1|BDA-EHHO-VC-Calibrated,IMG_0075,385039.jpg,1,BDA-EHHO-VC-Calibrated,0.00293831020113177,7.494272400417503e-05,0.008909700498485546,0.6732376256963134
IMG_0075|r1|EHHO-VC,IMG_0075,385039.jpg,1,EHHO-VC,0.002628036527336222,5.990820328852467e-05,0.008909700498485546,0.673287279951575
IMG_0075|r1|BEHHO-VC-Calibrated,IMG_0075,385039.jpg,1,BEHHO-VC-Calibrated,0.002628036527336222,5.990820328852467e-05,0.008909700498485546,0.673287279951575
IMG_0075|r1|MO-BDA-EHHO-VC,IMG_0075,385039.jpg,1,MO-BDA-EHHO-VC,0.002258202582613668,6.478601628916118e-05,0.008909700498485546,0.6734409668562242
IMG_0075|r2|HHO-VC,IMG_0075,385039.jpg,2,HHO-VC,0.0018806298357506768,6.208656779101375e-05,0.008909700498485546,0.6740087101397453
IMG_0075|r2|BEHHO-VC-Calibrated,IMG_0075,385039.jpg,2,BEHHO-VC-Calibrated,0.0018627303884878328,6.363495728926525e-05,0.008909700498485546,0.6738996866662358
IMG_0075|r2|BDA-EHHO-VC-Calibrated,IMG_0075,385039.jpg,2,BDA-EHHO-VC-Calibrated,0.0018305709643117358,6.62370419791122e-05,0.008909700498485546,0.6739553392232628
IMG_0075|r2|EHHO-VC,IMG_0075,385039.jpg,2,EHHO-VC,0.0018057644750474743,5.997627295510279e-05,0.008909700498485546,0.6739265075836559
IMG_0075|r2|MO-BDA-EHHO-VC,IMG_0075,385039.jpg,2,MO-BDA-EHHO-VC,0.002568171255086242,6.438022269593174e-05,0.008909700498485546,0.67370735156461
IMG_0075|r3|BDA-EHHO-VC-Calibrated,IMG_0075,385039.jpg,3,BDA-EHHO-VC-Calibrated,0.0024623871964455507,8.292428114399091e-05,0.008909700498485546,0.6740685703975166
IMG_0075|r3|BEHHO-VC-Calibrated,IMG_0075,385039.jpg,3,BEHHO-VC-Calibrated,0.0020867984296488113,7.960321247437725e-05,0.008909700498485546,0.6738965372403266
IMG_0075|r3|EHHO-VC,IMG_0075,385039.jpg,3,EHHO-VC,0.00230111062574111,7.054384468254818e-05,0.008909700498485546,0.6738201255641348
IMG_0075|r3|HHO-VC,IMG_0075,385039.jpg,3,HHO-VC,0.002329574253771251,8.072408165776691e-05,0.008909700498485546,0.6740036812177291
IMG_0075|r3|MO-BDA-EHHO-VC,IMG_0075,385039.jpg,3,MO-BDA-EHHO-VC,0.0020504154059714434,8.97316685565742e-05,0.008909700498485546,0.6739146633717018
IMG_0075|r4|BEHHO-VC-Calibrated,IMG_0075,385039.jpg,4,BEHHO-VC-Calibrated,0.002515131172290663,4.2103815806735324e-05,0.008909700498485546,0.6734357516778369
IMG_0075|r4|BDA-EHHO-VC-Calibrated,IMG_0075,385039.jpg,4,BDA-EHHO-VC-Calibrated,0.0028565041327973436,4.7089550468892e-05,0.008909700498485546,0.6733137960858429
IMG_0075|r4|EHHO-VC,IMG_0075,385039.jpg,4,EHHO-VC,0.0026621277426429842,4.587222659005377e-05,0.008909700498485546,0.6732938497217513
IMG_0075|r4|HHO-VC,IMG_0075,385039.jpg,4,HHO-VC,0.0026604615927562285,4.5484588078417174e-05,0.008909700498485546,0.6732887573032449
IMG_0075|r4|MO-BDA-EHHO-VC,IMG_0075,385039.jpg,4,MO-BDA-EHHO-VC,0.0022684833475385877,5.03898185469834e-05,0.008909700498485546,0.6733559704545703
IMG_0075|r5|EHHO-VC,IMG_0075,385039.jpg,5,EHHO-VC,0.004003660409908619,7.644903757713288e-05,0.008909700498485546,0.6735990519510876
IMG_0075|r5|BEHHO-VC-Calibrated,IMG_0075,385039.jpg,5,BEHHO-VC-Calibrated,0.00400091445136341,7.603073264618687e-05,0.008909700498485546,0.6736161790710185
IMG_0075|r5|HHO-VC,IMG_0075,385039.jpg,5,HHO-VC,0.003938477673637568,6.619118933355332e-05,0.008909700498485546,0.6737722830753907
IMG_0075|r5|BDA-EHHO-VC-Calibrated,IMG_0075,385039.jpg,5,BDA-EHHO-VC-Calibrated,0.003750161669452811,7.558393083035508e-05,0.008909700498485546,0.6736325399999687
IMG_0075|r5|MO-BDA-EHHO-VC,IMG_0075,385039.jpg,5,MO-BDA-EHHO-VC,0.003315940733305422,7.723423944155957e-05,0.008909700498485546,0.6737224298644601
IMG_0076|r1|EHHO-VC,IMG_0076,41033.jpg,1,EHHO-VC,0.0012852156280834758,5.2645429272384866e-05,0.004639434545976602,0.6747105123758962
IMG_0076|r1|BEHHO-VC-Calibrated,IMG_0076,41033.jpg,1,BEHHO-VC-Calibrated,0.001741629433463272,5.2404839544167355e-05,0.004639434545976602,0.6747662792266054
IMG_0076|r1|BDA-EHHO-VC-Calibrated,IMG_0076,41033.jpg,1,BDA-EHHO-VC-Calibrated,0.0018497305164903298,5.2476726006849837e-05,0.004639434545976602,0.6747212729144193
IMG_0076|r1|HHO-VC,IMG_0076,41033.jpg,1,HHO-VC,0.0012101124967504046,5.2940638208164584e-05,0.004639434545976602,0.674690506748414
IMG_0076|r1|MO-BDA-EHHO-VC,IMG_0076,41033.jpg,1,MO-BDA-EHHO-VC,0.0010456624390540882,4.7842543415323137e-05,0.004639434545976602,0.6748465387900975
IMG_0076|r2|BEHHO-VC-Calibrated,IMG_0076,41033.jpg,2,BEHHO-VC-Calibrated,0.002385862283565427,5.866301651124293e-05,0.004639434545976602,0.6747234063964869
IMG_0076|r2|BDA-EHHO-VC-Calibrated,IMG_0076,41033.jpg,2,BDA-EHHO-VC-Calibrated,0.002765550772999727,6.109037981803504e-05,0.004639434545976602,0.6746622000131254
IMG_0076|r2|HHO-VC,IMG_0076,41033.jpg,2,HHO-VC,0.0025952360046905035,6.381172087475148e-05,0.004639434545976602,0.6746518204535431
IMG_0076|r2|EHHO-VC,IMG_0076,41033.jpg,2,EHHO-VC,0.002349390110319084,6.319461710636155e-05,0.004639434545976602,0.6746627968801323
IMG_0076|r2|MO-BDA-EHHO-VC,IMG_0076,41033.jpg,2,MO-BDA-EHHO-VC,0.0024948399543975523,6.566352932461575e-05,0.004639434545976602,0.6747921138318792
IMG_0076|r3|BEHHO-VC-Calibrated,IMG_0076,41033.jpg,3,BEHHO-VC-Calibrated,0.001879706394172516,6.442705233162718e-05,0.004639434545976602,0.6748333315201557
IMG_0076|r3|HHO-VC,IMG_0076,41033.jpg,3,HHO-VC,0.0011437561846377989,6.266605940426876e-05,0.004639434545976602,0.6748459630885871
IMG_0076|r3|EHHO-VC,IMG_0076,41033.jpg,3,EHHO-VC,0.0011437561846377989,6.266605940426876e-05,0.004639434545976602,0.6748459630885871
IMG_0076|r3|BDA-EHHO-VC-Calibrated,IMG_0076,41033.jpg,3,BDA-EHHO-VC-Calibrated,0.0016219930941991925,6.603515335714369e-05,0.004639434545976602,0.6749337914336997
IMG_0076|r3|MO-BDA-EHHO-VC,IMG_0076,41033.jpg,3,MO-BDA-EHHO-VC,0.0016174814641696997,6.926177110262094e-05,0.004639434545976602,0.6749213757533346
IMG_0076|r4|EHHO-VC,IMG_0076,41033.jpg,4,EHHO-VC,0.0019848350622277858,6.0385875975586344e-05,0.004639434545976602,0.6749194285276383
IMG_0076|r4|HHO-VC,IMG_0076,41033.jpg,4,HHO-VC,0.0019848350622277858,6.0385875975586344e-05,0.004639434545976602,0.6749194285276383
IMG_0076|r4|BDA-EHHO-VC-Calibrated,IMG_0076,41033.jpg,4,BDA-EHHO-VC-Calibrated,0.0016003116889324249,6.245461653921551e-05,0.004639434545976602,0.6746971781129742
IMG_0076|r4|BEHHO-VC-Calibrated,IMG_0076,41033.jpg,4,BEHHO-VC-Calibrated,0.002231132820965611,5.942653012553143e-05,0.004639434545976602,0.6749418470217444
IMG_0076|r4|MO-BDA-EHHO-VC,IMG_0076,41033.jpg,4,MO-BDA-EHHO-VC,0.0020768228533214832,5.826795056938008e-05,0.004639434545976602,0.6747475689275214
IMG_0076|r5|HHO-VC,IMG_0076,41033.jpg,5,HHO-VC,0.0020094639595153105,6.157353371402434e-05,0.004639434545976602,0.6748377043117743
IMG_0076|r5|BEHHO-VC-Calibrated,IMG_0076,41033.jpg,5,BEHHO-VC-Calibrated,0.0017587208414284,6.321238485399933e-05,0.004639434545976602,0.674918531110578
IMG_0076|r5|EHHO-VC,IMG_0076,41033.jpg,5,EHHO-VC,0.0023620541839364574,6.420937875351952e-05,0.004639434545976602,0.6748391901296428
IMG_0076|r5|BDA-EHHO-VC-Calibrated,IMG_0076,41033.jpg,5,BDA-EHHO-VC-Calibrated,0.0018189584338121612,6.079725454576125e-05,0.004639434545976602,0.6747663681216914
IMG_0076|r5|MO-BDA-EHHO-VC,IMG_0076,41033.jpg,5,MO-BDA-EHHO-VC,0.0021876841863980906,6.634829752849426e-05,0.004639434545976602,0.6749207238560363
IMG_0077|r1|HHO-VC,IMG_0077,41069.jpg,1,HHO-VC,0.001983982081414766,6.824036076982457e-05,0.009673944253383507,0.7073629232106741
IMG_0077|r1|BDA-EHHO-VC-Calibrated,IMG_0077,41069.jpg,1,BDA-EHHO-VC-Calibrated,0.0016806877552852097,6.759068500554053e-05,0.009673944253383507,0.7074136018759761
IMG_0077|r1|BEHHO-VC-Calibrated,IMG_0077,41069.jpg,1,BEHHO-VC-Calibrated,0.0019549281795230296,6.77109295898148e-05,0.009673944253383507,0.7073736160196077
IMG_0077|r1|EHHO-VC,IMG_0077,41069.jpg,1,EHHO-VC,0.002085510909459558,6.657560904964196e-05,0.009673944253383507,0.7073823065725534
IMG_0077|r1|MO-BDA-EHHO-VC,IMG_0077,41069.jpg,1,MO-BDA-EHHO-VC,0.0021787162055320747,7.25587951484411e-05,0.009673944253383507,0.7072315828374425
IMG_0077|r2|BEHHO-VC-Calibrated,IMG_0077,41069.jpg,2,BEHHO-VC-Calibrated,0.0024425401192345896,6.950177843885984e-05,0.009673944253383507,0.7073304892035287
IMG_0077|r2|HHO-VC,IMG_0077,41069.jpg,2,HHO-VC,0.002458177731482297,6.972984460280528e-05,0.009673944253383507,0.7072903805872793
IMG_0077|r2|EHHO-VC,IMG_0077,41069.jpg,2,EHHO-VC,0.0024947750960459055,7.461039266318556e-05,0.009673944253383507,0.7072106543943041
IMG_0077|r2|BDA-EHHO-VC-Calibrated,IMG_0077,41069.jpg,2,BDA-EHHO-VC-Calibrated,0.0022822868110501976,6.81167519659067e-05,0.009673944253383507,0.7073680875918692
IMG_0077|r2|MO-BDA-EHHO-VC,IMG_0077,41069.jpg,2,MO-BDA-EHHO-VC,0.002164672160547031,6.951852539695279e-05,0.009673944253383507,0.707330904047264
IMG_0077|r3|HHO-VC,IMG_0077,41069.jpg,3,HHO-VC,0.001989811618223743,6.17546137205625e-05,0.009673944253383507,0.7078090664825458
IMG_0077|r3|BDA-EHHO-VC-Calibrated,IMG_0077,41069.jpg,3,BDA-EHHO-VC-Calibrated,0.001604134391148049,6.661512504267345e-05,0.009673944253383507,0.7077516571892927
IMG_0077|r3|BEHHO-VC-Calibrated,IMG_0077,41069.jpg,3,BEHHO-VC-Calibrated,0.0018523736426095067,6.403213575141482e-05,0.009673944253383507,0.7077285613992919
IMG_0077|r3|EHHO-VC,IMG_0077,41069.jpg,3,EHHO-VC,0.0019635031679720253,6.180729205586453e-05,0.009673944253383507,0.7077819534812712
IMG_0077|r3|MO-BDA-EHHO-VC,IMG_0077,41069.jpg,3,MO-BDA-EHHO-VC,0.001479007723984684,6.0142827945268986e-05,0.009673944253383507,0.7077199470421345
IMG_0077|r4|BEHHO-VC-Calibrated,IMG_0077,41069.jpg,4,BEHHO-VC-Calibrated,0.002673767071485401,7.176259038324698e-05,0.009673944253383507,0.707845005495945
IMG_0077|r4|BDA-EHHO-VC-Calibrated,IMG_0077,41069.jpg,4,BDA-EHHO-VC-Calibrated,0.002827952776467292,7.570094329569829e-05,0.009673944253383507,0.7078484427726094
IMG_0077|r4|HHO-VC,IMG_0077,41069.jpg,4,HHO-VC,0.0023966066712497822,7.608883500081734e-05,0.009673944253383507,0.7078975975221488
IMG_0077|r4|EHHO-VC,IMG_0077,41069.jpg,4,EHHO-VC,0.002426639308880176,7.720096390995438e-05,0.009673944253383507,0.7078882889366995
IMG_0077|r4|MO-BDA-EHHO-VC,IMG_0077,41069.jpg,4,MO-BDA-EHHO-VC,0.0020266663357236267,6.5005692761655e-05,0.009673944253383507,0.7077955332639548
IMG_0077|r5|BEHHO-VC-Calibrated,IMG_0077,41069.jpg,5,BEHHO-VC-Calibrated,0.0012978957563958339,5.3786637111694466e-05,0.009673944253383507,0.7075488663322961
IMG_0077|r5|BDA-EHHO-VC-Calibrated,IMG_0077,41069.jpg,5,BDA-EHHO-VC-Calibrated,0.001322278787355348,5.9437501499552674e-05,0.009673944253383507,0.7074540787718681
IMG_0077|r5|EHHO-VC,IMG_0077,41069.jpg,5,EHHO-VC,0.0015067027663954865,5.097066663263153e-05,0.009673944253383507,0.707524208528639
IMG_0077|r5|HHO-VC,IMG_0077,41069.jpg,5,HHO-VC,0.0015067027663954865,5.097066663263153e-05,0.009673944253383507,0.707524208528639
IMG_0077|r5|MO-BDA-EHHO-VC,IMG_0077,41069.jpg,5,MO-BDA-EHHO-VC,0.001546696864202277,5.784878342501884e-05,0.009673944253383507,0.7072771563849404
IMG_0078|r1|EHHO-VC,IMG_0078,42012.jpg,1,EHHO-VC,0.0020379008611326843,6.029942474173355e-05,0.008123867936952049,0.6753895981575485
IMG_0078|r1|BEHHO-VC-Calibrated,IMG_0078,42012.jpg,1,BEHHO-VC-Calibrated,0.001792924114373061,6.251871064308594e-05,0.008123867936952049,0.6754302740091096
IMG_0078|r1|BDA-EHHO-VC-Calibrated,IMG_0078,42012.jpg,1,BDA-EHHO-VC-Calibrated,0.0016318290357159454,6.530701923978474e-05,0.008123867936952049,0.6751561215634343
IMG_0078|r1|HHO-VC,IMG_0078,42012.jpg,1,HHO-VC,0.0021941572797294574,5.991714858723198e-05,0.008123867936952049,0.6753863767689507
IMG_0078|r1|MO-BDA-EHHO-VC,IMG_0078,42012.jpg,1,MO-BDA-EHHO-VC,0.0027200709406699896,5.948362542140857e-05,0.008123867936952049,0.6751323569437381
IMG_0078|r2|BEHHO-VC-Calibrated,IMG_0078,42012.jpg,2,BEHHO-VC-Calibrated,0.0026359485730911695,6.879069578278407e-05,0.008123867936952049,0.6754390661564393
IMG_0078|r2|BDA-EHHO-VC-Calibrated,IMG_0078,42012.jpg,2,BDA-EHHO-VC-Calibrated,0.0027369934091643175,7.080314721201338e-05,0.008123867936952049,0.6753600765227494
IMG_0078|r2|HHO-VC,IMG_0078,42012.jpg,2,HHO-VC,0.0026957022746380006,6.901938148502907e-05,0.008123867936952049,0.6754518924474406
IMG_0078|r2|EHHO-VC,IMG_0078,42012.jpg,2,EHHO-VC,0.002649349872144396,7.07351469787634e-05,0.008123867936952049,0.6754176339744795
IMG_0078|r2|MO-BDA-EHHO-VC,IMG_0078,42012.jpg,2,MO-BDA-EHHO-VC,0.0025613384169768673,6.787117369626642e-05,0.008123867936952049,0.6755077100953417
IMG_0078|r3|HHO-VC,IMG_0078,42012.jpg,3,HHO-VC,0.0010091406147015843,6.858708496302423e-05,0.008123867936952049,0.6751224726567783
IMG_0078|r3|EHHO-VC,IMG_0078,42012.jpg,3,EHHO-VC,0.0010485463270084442,6.846759658873538e-05,0.008123867936952049,0.6752224965610902
IMG_0078|r3|BDA-EHHO-VC-Calibrated,IMG_0078,42012.jpg,3,BDA-EHHO-VC-Calibrated,0.0010798713248042248,7.323090767116592e-05,0.008123867936952049,0.6751052778072579
IMG_0078|r3|BEHHO-VC-Calibrated,IMG_0078,42012.jpg,3,BEHHO-VC-Calibrated,0.0006758065613300539,7.419702322078977e-05,0.008123867936952049,0.6751828239540729
IMG_0078|r3|MO-BDA-EHHO-VC,IMG_0078,42012.jpg,3,MO-BDA-EHHO-VC,0.000912015030455027,7.211784676517489e-05,0.008123867936952049,0.6750996562513341
IMG_0078|r4|EHHO-VC,IMG_0078,42012.jpg,4,EHHO-VC,0.0010438651643262125,6.494446382240717e-05,0.008123867936952049,0.6754647356708391
IMG_0078|r4|BEHHO-VC-Calibrated,IMG_0078,42012.jpg,4,BEHHO-VC-Calibrated,0.0018200332541476513,6.791822809061207e-05,0.008123867936952049,0.6752471120337541
IMG_0078|r4|HHO-VC,IMG_0078,42012.jpg,4,HHO-VC,0.0010438651643262125,6.494446382240717e-05,0.008123867936952049,0.6754647356708391
IMG_0078|r4|BDA-EHHO-VC-Calibrated,IMG_0078,42012.jpg,4,BDA-EHHO-VC-Calibrated,0.0012789922606193714,6.079398697720866e-05,0.008123867936952049,0.6754492298279554
IMG_0078|r4|MO-BDA-EHHO-VC,IMG_0078,42012.jpg,4,MO-BDA-EHHO-VC,0.001673270869705987,6.65565600678696e-05,0.008123867936952049,0.6754292157342746
IMG_0078|r5|BDA-EHHO-VC-Calibrated,IMG_0078,42012.jpg,5,BDA-EHHO-VC-Calibrated,0.0015466098653139579,6.130262242610654e-05,0.008123867936952049,0.6753124033579789
IMG_0078|r5|EHHO-VC,IMG_0078,42012.jpg,5,EHHO-VC,0.0013951992540507322,6.156425519040342e-05,0.008123867936952049,0.6752108047407125
IMG_0078|r5|HHO-VC,IMG_0078,42012.jpg,5,HHO-VC,0.0013997598862934147,6.324527316107916e-05,0.008123867936952049,0.6751944184131661
IMG_0078|r5|BEHHO-VC-Calibrated,IMG_0078,42012.jpg,5,BEHHO-VC-Calibrated,0.001421045886035259,6.696931391152003e-05,0.008123867936952049,0.6754303375055998
IMG_0078|r5|MO-BDA-EHHO-VC,IMG_0078,42012.jpg,5,MO-BDA-EHHO-VC,0.001982378028318239,6.473581327420312e-05,0.008123867936952049,0.6753702063294708
IMG_0079|r1|BDA-EHHO-VC-Calibrated,IMG_0079,42049.jpg,1,BDA-EHHO-VC-Calibrated,0.0014639911058166267,8.454457560861139e-05,0.0009024121173653886,0.6856643808121134
IMG_0079|r1|EHHO-VC,IMG_0079,42049.jpg,1,EHHO-VC,0.0017684068716241697,9.713747544438966e-05,0.0009024121173653886,0.6855907968462809
IMG_0079|r1|BEHHO-VC-Calibrated,IMG_0079,42049.jpg,1,BEHHO-VC-Calibrated,0.0018096131961142959,8.488762137198954e-05,0.0009024121173653886,0.6855964691993969
IMG_0079|r1|HHO-VC,IMG_0079,42049.jpg,1,HHO-VC,0.0017319571717726969,9.190660923568138e-05,0.0009024121173653886,0.6856095071453651
IMG_0079|r1|MO-BDA-EHHO-VC,IMG_0079,42049.jpg,1,MO-BDA-EHHO-VC,0.0013091836121375787,7.029950626843554e-05,0.0009024121173653886,0.6856453911284728
IMG_0079|r2|BDA-EHHO-VC-Calibrated,IMG_0079,42049.jpg,2,BDA-EHHO-VC-Calibrated,0.00201178354167402,8.246589222567152e-05,0.0009024121173653886,0.6850953464332933
IMG_0079|r2|BEHHO-VC-Calibrated,IMG_0079,42049.jpg,2,BEHHO-VC-Calibrated,0.0014204282885142791,7.616815607796936e-05,0.0009024121173653886,0.6852193169805734
IMG_0079|r2|HHO-VC,IMG_0079,42049.jpg,2,HHO-VC,0.0011587166495765013,7.937386007629317e-05,0.0009024121173653886,0.6851888005674293
IMG_0079|r2|EHHO-VC,IMG_0079,42049.jpg,2,EHHO-VC,0.00114259861471856,7.904718658430156e-05,0.0009024121173653886,0.6851866078219709
IMG_0079|r2|MO-BDA-EHHO-VC,IMG_0079,42049.jpg,2,MO-BDA-EHHO-VC,0.0009569344665977243,7.438609617949344e-05,0.0009024121173653886,0.6855031378251418
IMG_0079|r3|HHO-VC,IMG_0079,42049.jpg,3,HHO-VC,0.0014005694939521213,8.619970699503437e-05,0.0009024121173653886,0.6854611412465869
IMG_0079|r3|BDA-EHHO-VC-Calibrated,IMG_0079,42049.jpg,3,BDA-EHHO-VC-Calibrated,0.001812517563349455,8.92927376106397e-05,0.0009024121173653886,0.6854043923168307
IMG_0079|r3|BEHHO-VC-Calibrated,IMG_0079,42049.jpg,3,BEHHO-VC-Calibrated,0.000985446726496992,8.820444902314007e-05,0.0009024121173653886,0.6855422812947417
IMG_0079|r3|EHHO-VC,IMG_0079,42049.jpg,3,EHHO-VC,0.0016326002719819928,9.039672513770988e-05,0.0009024121173653886,0.6853751035024952
IMG_0079|r3|MO-BDA-EHHO-VC,IMG_0079,42049.jpg,3,MO-BDA-EHHO-VC,0.0013019058673697263,8.010286745784372e-05,0.0009024121173653886,0.685464925637397
IMG_0079|r4|HHO-VC,IMG_0079,42049.jpg,4,HHO-VC,0.0020608924703503155,7.98310372260124e-05,0.0009024121173653886,0.6850384281795637
IMG_0079|r4|EHHO-VC,IMG_0079,42049.jpg,4,EHHO-VC,0.002383297607701191,7.930443764150952e-05,0.0009024121173653886,0.6850415098758833
IMG_0079|r4|BEHHO-VC-Calibrated,IMG_0079,42049.jpg,4,BEHHO-VC-Calibrated,0.0016890158584593013,8.579334665889705e-05,0.0009024121173653886,0.6850911937628404
IMG_0079|r4|BDA-EHHO-VC-Calibrated,IMG_0079,42049.jpg,4,BDA-EHHO-VC-Calibrated,0.0016302638213717515,8.298332432912472e-05,0.0009024121173653886,0.6849937478160268
IMG_0079|r4|MO-BDA-EHHO-VC,IMG_0079,42049.jpg,4,MO-BDA-EHHO-VC,0.001677214751129056,8.569749157143467e-05,0.0009024121173653886,0.6852310934629381
IMG_0079|r5|HHO-VC,IMG_0079,42049.jpg,5,HHO-VC,0.0022771183256693143,7.180184003882607e-05,0.0009024121173653886,0.6850852462582674
IMG_0079|r5|EHHO-VC,IMG_0079,42049.jpg,5,EHHO-VC,0.0028765962001511473,7.761393451218196e-05,0.0009024121173653886,0.6849038537184361
IMG_0079|r5|BDA-EHHO-VC-Calibrated,IMG_0079,42049.jpg,5,BDA-EHHO-VC-Calibrated,0.0026710142911757456,8.530254058578122e-05,0.0009024121173653886,0.6849950135127295
IMG_0079|r5|BEHHO-VC-Calibrated,IMG_0079,42049.jpg,5,BEHHO-VC-Calibrated,0.002913800983241921,8.430638604410936e-05,0.0009024121173653886,0.6847901399708577
IMG_0079|r5|MO-BDA-EHHO-VC,IMG_0079,42049.jpg,5,MO-BDA-EHHO-VC,0.002342841889429164,8.02455383843027e-05,0.0009024121173653886,0.685030533449294
IMG_0080|r1|BDA-EHHO-VC-Calibrated,IMG_0080,43074.jpg,1,BDA-EHHO-VC-Calibrated,0.0014564792389509852,4.800104633641359e-05,0.009818589257841596,0.6632979166428917
IMG_0080|r1|HHO-VC,IMG_0080,43074.jpg,1,HHO-VC,0.0016441464914174683,4.9681738476097046e-05,0.009818589257841596,0.6634983115656616
IMG_0080|r1|BEHHO-VC-Calibrated,IMG_0080,43074.jpg,1,BEHHO-VC-Calibrated,0.0018158964569763962,4.911291999860174e-05,0.009818589257841596,0.6633369669843061
IMG_0080|r1|EHHO-VC,IMG_0080,43074.jpg,1,EHHO-VC,0.0015950058923950665,4.992358634340987e-05,0.009818589257841596,0.6635066338389647
IMG_0080|r1|MO-BDA-EHHO-VC,IMG_0080,43074.jpg,1,MO-BDA-EHHO-VC,0.0012477193112256709,4.682235334868743e-05,0.009818589257841596,0.6628055817910188
IMG_0080|r2|BEHHO-VC-Calibrated,IMG_0080,43074.jpg,2,BEHHO-VC-Calibrated,0.0040267562715758124,7.933722054690432e-05,0.009818589257841596,0.6631524250185655
IMG_0080|r2|BDA-EHHO-VC-Calibrated,IMG_0080,43074.jpg,2,BDA-EHHO-VC-Calibrated,0.0035532179047436025,8.043753992490126e-05,0.009818589257841596,0.6631625336597903
IMG_0080|r2|HHO-VC,IMG_0080,43074.jpg,2,HHO-VC,0.0029483260117796743,7.798129593369366e-05,0.009818589257841596,0.6629934467397413
IMG_0080|r2|EHHO-VC,IMG_0080,43074.jpg,2,EHHO-VC,0.0027468904844934004,7.799394415855742e-05,0.009818589257841596,0.6629193717343854
IMG_0080|r2|MO-BDA-EHHO-VC,IMG_0080,43074.jpg,2,MO-BDA-EHHO-VC,0.0036557022183510233,8.041683899351478e-05,0.009818589257841596,0.6630486548213376
IMG_0080|r3|HHO-VC,IMG_0080,43074.jpg,3,HHO-VC,0.002386839593758767,7.411946877311741e-05,0.009818589257841596,0.6632499217625716
IMG_0080|r3|BDA-EHHO-VC-Calibrated,IMG_0080,43074.jpg,3,BDA-EHHO-VC-Calibrated,0.002315028296348062,7.872641027642399e-05,0.009818589257841596,0.6630839334712396
IMG_0080|r3|BEHHO-VC-Calibrated,IMG_0080,43074.jpg,3,BEHHO-VC-Calibrated,0.002354311641757257,7.919405118818814e-05,0.009818589257841596,0.6630891190179314
IMG_0080|r3|EHHO-VC,IMG_0080,43074.jpg,3,EHHO-VC,0.002386839593758767,7.411946877311741e-05,0.009818589257841596,0.6632499217625716
IMG_0080|r3|MO-BDA-EHHO-VC,IMG_0080,43074.jpg,3,MO-BDA-EHHO-VC,0.0019375382978547818,7.82433288471034e-05,0.009818589257841596,0.663068427628356
IMG_0080|r4|BDA-EHHO-VC-Calibrated,IMG_0080,43074.jpg,4,BDA-EHHO-VC-Calibrated,0.0013380205007481316,6.351110146514528e-05,0.009818589257841596,0.6630106204237649
IMG_0080|r4|EHHO-VC,IMG_0080,43074.jpg,4,EHHO-VC,0.0015702321019889776,6.10570725567107e-05,0.009818589257841596,0.6630280099958549
IMG_0080|r4|HHO-VC,IMG_0080,43074.jpg,4,HHO-VC,0.0014818753249118044,6.312061367145059e-05,0.009818589257841596,0.6629206162655914
IMG_0080|r4|BEHHO-VC-Calibrated,IMG_0080,43074.jpg,4,BEHHO-VC-Calibrated,0.0017617789758247937,6.596215790064742e-05,0.009818589257841596,0.6629499939750131
IMG_0080|r4|MO-BDA-EHHO-VC,IMG_0080,43074.jpg,4,MO-BDA-EHHO-VC,0.001971519549360948,5.577147626644922e-05,0.009818589257841596,0.6631328173024214
IMG_0080|r5|BEHHO-VC-Calibrated,IMG_0080,43074.jpg,5,BEHHO-VC-Calibrated,0.0014647408912511406,7.237454401942386e-05,0.009818589257841596,0.6633549830550984
IMG_0080|r5|EHHO-VC,IMG_0080,43074.jpg,5,EHHO-VC,0.001750008651521839,6.94855349632815e-05,0.009818589257841596,0.6633466099846032
IMG_0080|r5|HHO-VC,IMG_0080,43074.jpg,5,HHO-VC,0.0016009001681914572,6.71824685284225e-05,0.009818589257841596,0.6633541829993231
IMG_0080|r5|BDA-EHHO-VC-Calibrated,IMG_0080,43074.jpg,5,BDA-EHHO-VC-Calibrated,0.001682746221597941,7.369667375263115e-05,0.009818589257841596,0.6632632094614006
IMG_0080|r5|MO-BDA-EHHO-VC,IMG_0080,43074.jpg,5,MO-BDA-EHHO-VC,0.0012888999590292172,6.613707512795284e-05,0.009818589257841596,0.6631675879804027
IMG_0081|r1|BDA-EHHO-VC-Calibrated,IMG_0081,45096.jpg,1,BDA-EHHO-VC-Calibrated,0.002818591939647831,6.847357431620566e-05,0.05642666390329942,0.5845444663401093
IMG_0081|r1|HHO-VC,IMG_0081,45096.jpg,1,HHO-VC,0.0032475986146079223,7.637482524550855e-05,0.05642666390329942,0.5841333477321792
IMG_0081|r1|BEHHO-VC-Calibrated,IMG_0081,45096.jpg,1,BEHHO-VC-Calibrated,0.0026452793515619835,7.019479772609593e-05,0.05642666390329942,0.584439138362324
IMG_0081|r1|EHHO-VC,IMG_0081,45096.jpg,1,EHHO-VC,0.0032475986146079223,7.637482524550855e-05,0.05642666390329942,0.5841333477321792
IMG_0081|r1|MO-BDA-EHHO-VC,IMG_0081,45096.jpg,1,MO-BDA-EHHO-VC,0.0027020484309386063,6.870292674047582e-05,0.05642666390329942,0.5841228242472193
IMG_0081|r2|BDA-EHHO-VC-Calibrated,IMG_0081,45096.jpg,2,BDA-EHHO-VC-Calibrated,0.0012797697014321763,0.00010112698565367532,0.05642666390329942,0.5845592737216018
IMG_0081|r2|BEHHO-VC-Calibrated,IMG_0081,45096.jpg,2,BEHHO-VC-Calibrated,0.0019028365774689585,9.511149162589488e-05,0.05642666390329942,0.5841787477226039
IMG_0081|r2|HHO-VC,IMG_0081,45096.jpg,2,HHO-VC,0.0010831695840526118,9.171901628892841e-05,0.05642666390329942,0.5847115256055743
IMG_0081|r2|EHHO-VC,IMG_0081,45096.jpg,2,EHHO-VC,0.0013630654420139783,9.663639945235015e-05,0.05642666390329942,0.584686520687771
IMG_0081|r2|MO-BDA-EHHO-VC,IMG_0081,45096.jpg,2,MO-BDA-EHHO-VC,0.0016982247583372538,0.00010167545933844874,0.05642666390329942,0.5849012531180066
IMG_0081|r3|EHHO-VC,IMG_0081,45096.jpg,3,EHHO-VC,0.00230709661142784,8.65915269989068e-05,0.05642666390329942,0.5848212687059716
IMG_0081|r3|HHO-VC,IMG_0081,45096.jpg,3,HHO-VC,0.0025624253727885133,8.642982929570575e-05,0.05642666390329942,0.5848100679251171
IMG_0081|r3|BEHHO-VC-Calibrated,IMG_0081,45096.jpg,3,BEHHO-VC-Calibrated,0.0022812489498407456,9.559563490505383e-05,0.05642666390329942,0.5844259818895742
IMG_0081|r3|BDA-EHHO-VC-Calibrated,IMG_0081,45096.jpg,3,BDA-EHHO-VC-Calibrated,0.0024473314298728947,8.83785784766063e-05,0.05642666390329942,0.5847839327697901
IMG_0081|r3|MO-BDA-EHHO-VC,IMG_0081,45096.jpg,3,MO-BDA-EHHO-VC,0.0021756519458248657,9.547135583756045e-05,0.05642666390329942,0.5842540630260666
IMG_0081|r4|BDA-EHHO-VC-Calibrated,IMG_0081,45096.jpg,4,BDA-EHHO-VC-Calibrated,0.002380410843567987,9.830079967169509e-05,0.05642666390329942,0.584677762405236
IMG_0081|r4|EHHO-VC,IMG_0081,45096.jpg,4,EHHO-VC,0.0021717639677314745,9.331575406251707e-05,0.05642666390329942,0.5848762905311967
IMG_0081|r4|HHO-VC,IMG_0081,45096.jpg,4,HHO-VC,0.0024444500838622296,8.937060664246768e-05,0.05642666390329942,0.5848140216399009
IMG_0081|r4|BEHHO-VC-Calibrated,IMG_0081,45096.jpg,4,BEHHO-VC-Calibrated,0.0024181562635542234,9.388906495278971e-05,0.05642666390329942,0.5845715920406819
IMG_0081|r4|MO-BDA-EHHO-VC,IMG_0081,45096.jpg,4,MO-BDA-EHHO-VC,0.0019821284285666987,9.166426319258159e-05,0.05642666390329942,0.5846901653863031
IMG_0081|r5|HHO-VC,IMG_0081,45096.jpg,5,HHO-VC,0.0023443822281993807,7.356029092762203e-05,0.05642666390329942,0.5847752845478379
IMG_0081|r5|BDA-EHHO-VC-Calibrated,IMG_0081,45096.jpg,5,BDA-EHHO-VC-Calibrated,0.0020373225145412966,7.438932170688422e-05,0.05642666390329942,0.5849020531737819
IMG_0081|r5|EHHO-VC,IMG_0081,45096.jpg,5,EHHO-VC,0.002392037850658357,7.447610721363522e-05,0.05642666390329942,0.5847962891867645
IMG_0081|r5|BEHHO-VC-Calibrated,IMG_0081,45096.jpg,5,BEHHO-VC-Calibrated,0.001806737979077975,7.307332368026758e-05,0.05642666390329942,0.5846247089712039
IMG_0081|r5|MO-BDA-EHHO-VC,IMG_0081,45096.jpg,5,MO-BDA-EHHO-VC,0.002027651642943148,7.155052050983801e-05,0.05642666390329942,0.5848644717178386
IMG_0082|r1|HHO-VC,IMG_0082,54082.jpg,1,HHO-VC,0.0020867775236326123,6.327108328737846e-05,0.0021070675276282755,0.7169689921397927
IMG_0082|r1|EHHO-VC,IMG_0082,54082.jpg,1,EHHO-VC,0.0022358902977761335,6.33079747038947e-05,0.0021070675276282755,0.7169911058507465
IMG_0082|r1|BEHHO-VC-Calibrated,IMG_0082,54082.jpg,1,BEHHO-VC-Calibrated,0.0019095564859641255,6.233943788665096e-05,0.0021070675276282755,0.7170412088145383
IMG_0082|r1|BDA-EHHO-VC-Calibrated,IMG_0082,54082.jpg,1,BDA-EHHO-VC-Calibrated,0.0022458565203660025,6.663255716716078e-05,0.0021070675276282755,0.7169405372460272
IMG_0082|r1|MO-BDA-EHHO-VC,IMG_0082,54082.jpg,1,MO-BDA-EHHO-VC,0.0021807409990091736,6.453371364446385e-05,0.0021070675276282755,0.7169555478162879
IMG_0082|r2|HHO-VC,IMG_0082,54082.jpg,2,HHO-VC,0.0013534832205194932,5.8588910124145924e-05,0.0021070675276282755,0.7170625563345113
IMG_0082|r2|BEHHO-VC-Calibrated,IMG_0082,54082.jpg,2,BEHHO-VC-Calibrated,0.001016638062984123,5.851104616725698e-05,0.0021070675276282755,0.7170905371211508
IMG_0082|r2|EHHO-VC,IMG_0082,54082.jpg,2,EHHO-VC,0.0013534832205194932,5.8588910124145924e-05,0.0021070675276282755,0.7170625563345113
IMG_0082|r2|BDA-EHHO-VC-Calibrated,IMG_0082,54082.jpg,2,BDA-EHHO-VC-Calibrated,0.0011556195162504871,5.381171031371593e-05,0.0021070675276282755,0.7171509180501409
IMG_0082|r2|MO-BDA-EHHO-VC,IMG_0082,54082.jpg,2,MO-BDA-EHHO-VC,0.002155522256484903,5.517931737788584e-05,0.0021070675276282755,0.7169288581249473
IMG_0082|r3|BDA-EHHO-VC-Calibrated,IMG_0082,54082.jpg,3,BDA-EHHO-VC-Calibrated,0.0023422536813409232,7.20736575552543e-05,0.0021070675276282755,0.7167214404903719
IMG_0082|r3|BEHHO-VC-Calibrated,IMG_0082,54082.jpg,3,BEHHO-VC-Calibrated,0.002513564363101481,6.566746118788539e-05,0.0021070675276282755,0.7168178916588407
IMG_0082|r3|EHHO-VC,IMG_0082,54082.jpg,3,EHHO-VC,0.002528806902416856,7.078423246752474e-05,0.0021070675276282755,0.7168717536148467
IMG_0082|r3|HHO-VC,IMG_0082,54082.jpg,3,HHO-VC,0.002516746128139083,7.253136676552637e-05,0.0021070675276282755,0.7168766174459887
IMG_0082|r3|MO-BDA-EHHO-VC,IMG_0082,54082.jpg,3,MO-BDA-EHHO-VC,0.0025839099388477197,7.012553161249718e-05,0.0021070675276282755,0.7167146886969241
IMG_0082|r4|BEHHO-VC-Calibrated,IMG_0082,54082.jpg,4,BEHHO-VC-Calibrated,0.0017962485082297919,6.717235873323378e-05,0.0021070675276282755,0.7171023051373169
IMG_0082|r4|HHO-VC,IMG_0082,54082.jpg,4,HHO-VC,0.00131301438789399,6.487100731240827e-05,0.0021070675276282755,0.7170495226216427
IMG_0082|r4|EHHO-VC,IMG_0082,54082.jpg,4,EHHO-VC,0.0014599500003865545,6.310829098269727e-05,0.0021070675276282755,0.7170174272624444
IMG_0082|r4|BDA-EHHO-VC-Calibrated,IMG_0082,54082.jpg,4,BDA-EHHO-VC-Calibrated,0.00164526667391082,6.445916924890733e-05,0.0021070675276282755,0.7170656930611226
IMG_0082|r4|MO-BDA-EHHO-VC,IMG_0082,54082.jpg,4,MO-BDA-EHHO-VC,0.0014896135505931551,6.663023903923901e-05,0.0021070675276282755,0.7170548478606128
IMG_0082|r5|EHHO-VC,IMG_0082,54082.jpg,5,EHHO-VC,0.0030509658804650694,7.37359312051313e-05,0.0021070675276282755,0.716875402546478
IMG_0082|r5|HHO-VC,IMG_0082,54082.jpg,5,HHO-VC,0.0030509658804650694,7.37359312051313e-05,0.0021070675276282755,0.716875402546478
IMG_0082|r5|BDA-EHHO-VC-Calibrated,IMG_0082,54082.jpg,5,BDA-EHHO-VC-Calibrated,0.0026711246033628935,7.279576641926259e-05,0.0021070675276282755,0.7170998922706929
IMG_0082|r5|BEHHO-VC-Calibrated,IMG_0082,54082.jpg,5,BEHHO-VC-Calibrated,0.0028585999123827196,6.936734866041106e-05,0.0021070675276282755,0.7169061221483904
IMG_0082|r5|MO-BDA-EHHO-VC,IMG_0082,54082.jpg,5,MO-BDA-EHHO-VC,0.002398310968657302,7.812697072531555e-05,0.0021070675276282755,0.7168847280643247
IMG_0083|r1|BEHHO-VC-Calibrated,IMG_0083,55073.jpg,1,BEHHO-VC-Calibrated,0.002424340158051346,7.232352910281342e-05,0.09238713911611107,0.6506749710181892
IMG_0083|r1|HHO-VC,IMG_0083,55073.jpg,1,HHO-VC,0.0023323777834751785,7.433973730804788e-05,0.09238713911611107,0.650682594830101
IMG_0083|r1|EHHO-VC,IMG_0083,55073.jpg,1,EHHO-VC,0.0022598831762211213,7.482874928629796e-05,0.09238713911611107,0.6507070155801953
IMG_0083|r1|BDA-EHHO-VC-Calibrated,IMG_0083,55073.jpg,1,BDA-EHHO-VC-Calibrated,0.002696437631131509,7.74473189068145e-05,0.09238713911611107,0.6504118881272888
IMG_0083|r1|MO-BDA-EHHO-VC,IMG_0083,55073.jpg,1,MO-BDA-EHHO-VC,0.002113555766294063,7.09449786121645e-05,0.09238713911611107,0.6505327981437458
IMG_0083|r2|BDA-EHHO-VC-Calibrated,IMG_0083,55073.jpg,2,BDA-EHHO-VC-Calibrated,0.0027301110651563793,6.754934188159489e-05,0.09238713911611107,0.6505860886313409
IMG_0083|r2|BEHHO-VC-Calibrated,IMG_0083,55073.jpg,2,BEHHO-VC-Calibrated,0.00243947419444162,6.391818142479677e-05,0.09238713911611107,0.650744207590999
IMG_0083|r2|HHO-VC,IMG_0083,55073.jpg,2,HHO-VC,0.0025859733889885086,6.634646223126206e-05,0.09238713911611107,0.6507063509835987
IMG_0083|r2|EHHO-VC,IMG_0083,55073.jpg,2,EHHO-VC,0.00259295010766252,6.607313850911545e-05,0.09238713911611107,0.6507045222846838
IMG_0083|r2|MO-BDA-EHHO-VC,IMG_0083,55073.jpg,2,MO-BDA-EHHO-VC,0.0017772065272634132,7.702499965451296e-05,0.09238713911611107,0.6501481364066927
IMG_0083|r3|HHO-VC,IMG_0083,55073.jpg,3,HHO-VC,0.0011940985588602877,7.763144794090831e-05,0.09238713911611107,0.6503300792494381
IMG_0083|r3|BEHHO-VC-Calibrated,IMG_0083,55073.jpg,3,BEHHO-VC-Calibrated,0.001133367625198346,7.613759606271421e-05,0.09238713911611107,0.6503722917160596
IMG_0083|r3|EHHO-VC,IMG_0083,55073.jpg,3,EHHO-VC,0.0009143716819481385,8.523497407218076e-05,0.09238713911611107,0.650189053544916
IMG_0083|r3|BDA-EHHO-VC-Calibrated,IMG_0083,55073.jpg,3,BDA-EHHO-VC-Calibrated,0.0010660311484953445,7.669211862090248e-05,0.09238713911611107,0.650273355718278
IMG_0083|r3|MO-BDA-EHHO-VC,IMG_0083,55073.jpg,3,MO-BDA-EHHO-VC,0.0017278909218265718,7.315076217407041e-05,0.09238713911611107,0.6503637493215909
IMG_0083|r4|HHO-VC,IMG_0083,55073.jpg,4,HHO-VC,0.002215174337727307,6.189827539235264e-05,0.09238713911611107,0.6501243506214995
IMG_0083|r4|BDA-EHHO-VC-Calibrated,IMG_0083,55073.jpg,4,BDA-EHHO-VC-Calibrated,0.0019750350384368895,5.363119832103929e-05,0.09238713911611107,0.650296553102663
IMG_0083|r4|BEHHO-VC-Calibrated,IMG_0083,55073.jpg,4,BEHHO-VC-Calibrated,0.0017491833787762333,5.401742329182825e-05,0.09238713911611107,0.6504702371685954
IMG_0083|r4|EHHO-VC,IMG_0083,55073.jpg,4,EHHO-VC,0.00186761623637309,5.9304143610709553e-05,0.09238713911611107,0.6503373517141048
IMG_0083|r4|MO-BDA-EHHO-VC,IMG_0083,55073.jpg,4,MO-BDA-EHHO-VC,0.0017474259857748408,5.471953747292287e-05,0.09238713911611107,0.6503663526776852
IMG_0083|r5|HHO-VC,IMG_0083,55073.jpg,5,HHO-VC,0.0011468381255494763,7.866799092682318e-05,0.09238713911611107,0.6504940441192852
IMG_0083|r5|BDA-EHHO-VC-Calibrated,IMG_0083,55073.jpg,5,BDA-EHHO-VC-Calibrated,0.0013449608511720268,7.760702044256765e-05,0.09238713911611107,0.6503842544547953
IMG_0083|r5|EHHO-VC,IMG_0083,55073.jpg,5,EHHO-VC,0.0012825568289415456,8.070072833798364e-05,0.09238713911611107,0.6505678524393828
IMG_0083|r5|BEHHO-VC-Calibrated,IMG_0083,55073.jpg,5,BEHHO-VC-Calibrated,0.0011623176129460456,7.999506179362218e-05,0.09238713911611107,0.6504615085177557
IMG_0083|r5|MO-BDA-EHHO-VC,IMG_0083,55073.jpg,5,MO-BDA-EHHO-VC,0.0013575671122301308,7.668730451816445e-05,0.09238713911611107,0.6505129830057338
IMG_0084|r1|EHHO-VC,IMG_0084,58060.jpg,1,EHHO-VC,0.003174542731930236,9.331659895170879e-05,0.08202235305039042,0.6166658941094366
IMG_0084|r1|BDA-EHHO-VC-Calibrated,IMG_0084,58060.jpg,1,BDA-EHHO-VC-Calibrated,0.0038849832205682462,9.41626263272285e-05,0.08202235305039042,0.6168620897976609
IMG_0084|r1|HHO-VC,IMG_0084,58060.jpg,1,HHO-VC,0.0031984863349788805,9.26504337645287e-05,0.08202235305039042,0.6166831566885465
IMG_0084|r1|BEHHO-VC-Calibrated,IMG_0084,58060.jpg,1,BEHHO-VC-Calibrated,0.0027118852328023497,0.00010158735306738913,0.08202235305039042,0.6164206875970504
IMG_0084|r1|MO-BDA-EHHO-VC,IMG_0084,58060.jpg,1,MO-BDA-EHHO-VC,0.002700086582046931,8.435341476519557e-05,0.08202235305039042,0.6167167040008183
IMG_0084|r2|BEHHO-VC-Calibrated,IMG_0084,58060.jpg,2,BEHHO-VC-Calibrated,0.0030073739928686647,7.770552850463895e-05,0.08202235305039042,0.6167735333594618
IMG_0084|r2|BDA-EHHO-VC-Calibrated,IMG_0084,58060.jpg,2,BDA-EHHO-VC-Calibrated,0.0022242999200838645,7.468164196280433e-05,0.08202235305039042,0.6171415082189156
IMG_0084|r2|HHO-VC,IMG_0084,58060.jpg,2,HHO-VC,0.002300896814275521,7.576396917772123e-05,0.08202235305039042,0.6171996371390565
IMG_0084|r2|EHHO-VC,IMG_0084,58060.jpg,2,EHHO-VC,0.0033679329103293715,7.780938895416931e-05,0.08202235305039042,0.6171512104826036
IMG_0084|r2|MO-BDA-EHHO-VC,IMG_0084,58060.jpg,2,MO-BDA-EHHO-VC,0.002632973802417359,7.747603298424365e-05,0.08202235305039042,0.6169801001410699
IMG_0084|r3|HHO-VC,IMG_0084,58060.jpg,3,HHO-VC,0.002273679250613244,6.984911213851317e-05,0.08202235305039042,0.6164993004848992
IMG_0084|r3|BDA-EHHO-VC-Calibrated,IMG_0084,58060.jpg,3,BDA-EHHO-VC-Calibrated,0.002630750905062,7.845430502041098e-05,0.08202235305039042,0.6168625723709857
IMG_0084|r3|BEHHO-VC-Calibrated,IMG_0084,58060.jpg,3,BEHHO-VC-Calibrated,0.002593178039146578,7.745368466995728e-05,0.08202235305039042,0.6166186103898056
IMG_0084|r3|EHHO-VC,IMG_0084,58060.jpg,3,EHHO-VC,0.002491655964421582,6.962934930391836e-05,0.08202235305039042,0.6169601283783823
IMG_0084|r3|MO-BDA-EHHO-VC,IMG_0084,58060.jpg,3,MO-BDA-EHHO-VC,0.0024826912499721736,7.131458078774343e-05,0.08202235305039042,0.6166824666933539
IMG_0084|r4|HHO-VC,IMG_0084,58060.jpg,4,HHO-VC,0.0028980577662483624,5.854113378184391e-05,0.08202235305039042,0.6171815321731781
IMG_0084|r4|BDA-EHHO-VC-Calibrated,IMG_0084,58060.jpg,4,BDA-EHHO-VC-Calibrated,0.0030881720850281986,6.327468647308975e-05,0.08202235305039042,0.6172882994047392
IMG_0084|r4|BEHHO-VC-Calibrated,IMG_0084,58060.jpg,4,BEHHO-VC-Calibrated,0.002335272622729861,5.8147130244273284e-05,0.08202235305039042,0.6168002188177031
IMG_0084|r4|EHHO-VC,IMG_0084,58060.jpg,4,EHHO-VC,0.0028980577662483624,5.854113378184391e-05,0.08202235305039042,0.6171815321731781
IMG_0084|r4|MO-BDA-EHHO-VC,IMG_0084,58060.jpg,4,MO-BDA-EHHO-VC,0.0018470663243149554,6.40680407083503e-05,0.08202235305039042,0.6172097457802811
IMG_0084|r5|EHHO-VC,IMG_0084,58060.jpg,5,EHHO-VC,0.0009224563118805181,7.13853167544468e-05,0.08202235305039042,0.6167803782810951
IMG_0084|r5|HHO-VC,IMG_0084,58060.jpg,5,HHO-VC,0.0014137080761094474,7.253621303538188e-05,0.08202235305039042,0.6168573360271018
IMG_0084|r5|BDA-EHHO-VC-Calibrated,IMG_0084,58060.jpg,5,BDA-EHHO-VC-Calibrated,0.0014636036277855475,7.385692075181613e-05,0.08202235305039042,0.6169100169483918
IMG_0084|r5|BEHHO-VC-Calibrated,IMG_0084,58060.jpg,5,BEHHO-VC-Calibrated,0.0013171931265853014,6.843899585978814e-05,0.08202235305039042,0.6169439452396044
IMG_0084|r5|MO-BDA-EHHO-VC,IMG_0084,58060.jpg,5,MO-BDA-EHHO-VC,0.0010088385999713577,6.849975696772947e-05,0.08202235305039042,0.61698587408857
IMG_0085|r1|BEHHO-VC-Calibrated,IMG_0085,62096.jpg,1,BEHHO-VC-Calibrated,0.0020888574959473973,8.351031759327018e-05,0.19206913599436962,0.6276635741776037
IMG_0085|r1|EHHO-VC,IMG_0085,62096.jpg,1,EHHO-VC,0.002263212898929278,8.741548391014705e-05,0.19206913599436962,0.6275987103964121
IMG_0085|r1|HHO-VC,IMG_0085,62096.jpg,1,HHO-VC,0.0023415397581688824,8.762500311176078e-05,0.19206913599436962,0.6276175095905825
IMG_0085|r1|BDA-EHHO-VC-Calibrated,IMG_0085,62096.jpg,1,BDA-EHHO-VC-Calibrated,0.002382779834153637,8.393348365687747e-05,0.19206913599436962,0.6275535940236433
IMG_0085|r1|MO-BDA-EHHO-VC,IMG_0085,62096.jpg,1,MO-BDA-EHHO-VC,0.00298029851349341,8.582102977986403e-05,0.19206913599436962,0.6276302385202988
IMG_0085|r2|EHHO-VC,IMG_0085,62096.jpg,2,EHHO-VC,0.0023114010920995986,6.970183935049201e-05,0.19206913599436962,0.627588830342552
IMG_0085|r2|BDA-EHHO-VC-Calibrated,IMG_0085,62096.jpg,2,BDA-EHHO-VC-Calibrated,0.0019117788878395372,5.5907154163145776e-05,0.19206913599436962,0.6277213517504994
IMG_0085|r2|HHO-VC,IMG_0085,62096.jpg,2,HHO-VC,0.0020282914503942464,6.311426597740032e-05,0.19206913599436962,0.6277194637881937
IMG_0085|r2|BEHHO-VC-Calibrated,IMG_0085,62096.jpg,2,BEHHO-VC-Calibrated,0.0018334772410368938,5.1339861580645144e-05,0.19206913599436962,0.6277173006744308
IMG_0085|r2|MO-BDA-EHHO-VC,IMG_0085,62096.jpg,2,MO-BDA-EHHO-VC,0.0020303806406193462,6.439999226051745e-05,0.19206913599436962,0.6275584324561893
IMG_0085|r3|HHO-VC,IMG_0085,62096.jpg,3,HHO-VC,0.0017949876190176547,6.658142383630582e-05,0.19206913599436962,0.6286269217599727
IMG_0085|r3|BDA-EHHO-VC-Calibrated,IMG_0085,62096.jpg,3,BDA-EHHO-VC-Calibrated,0.001517569750445244,7.439178795187958e-05,0.19206913599436962,0.628490480502036
IMG_0085|r3|EHHO-VC,IMG_0085,62096.jpg,3,EHHO-VC,0.0017908427417730546,6.65935150382122e-05,0.19206913599436962,0.6286238273643548
IMG_0085|r3|BEHHO-VC-Calibrated,IMG_0085,62096.jpg,3,BEHHO-VC-Calibrated,0.0011394205085651014,7.462232806478959e-05,0.19206913599436962,0.6283922302663477
IMG_0085|r3|MO-BDA-EHHO-VC,IMG_0085,62096.jpg,3,MO-BDA-EHHO-VC,0.0021595716387751047,7.85218769383639e-05,0.19206913599436962,0.6288203659336257
IMG_0085|r4|EHHO-VC,IMG_0085,62096.jpg,4,EHHO-VC,0.0019993401027646736,6.59671132420313e-05,0.19206913599436962,0.6276453252863476
IMG_0085|r4|HHO-VC,IMG_0085,62096.jpg,4,HHO-VC,0.002086022048122865,6.637236705036406e-05,0.19206913599436962,0.627560083364932
IMG_0085|r4|BEHHO-VC-Calibrated,IMG_0085,62096.jpg,4,BEHHO-VC-Calibrated,0.0024399277464624176,6.951843485876237e-05,0.19206913599436962,0.6274998886923129
IMG_0085|r4|BDA-EHHO-VC-Calibrated,IMG_0085,62096.jpg,4,BDA-EHHO-VC-Calibrated,0.0019249774524390517,6.697956418045929e-05,0.19206913599436962,0.6277451967990834
IMG_0085|r4|MO-BDA-EHHO-VC,IMG_0085,62096.jpg,4,MO-BDA-EHHO-VC,0.002151579233357222,6.5469259005501e-05,0.19206913599436962,0.6273418755601381
IMG_0085|r5|BDA-EHHO-VC-Calibrated,IMG_0085,62096.jpg,5,BDA-EHHO-VC-Calibrated,0.0019330978455719971,7.569235862626236e-05,0.19206913599436962,0.6278152080290725
IMG_0085|r5|HHO-VC,IMG_0085,62096.jpg,5,HHO-VC,0.001689101275229099,7.39006492479588e-05,0.19206913599436962,0.6278074656903793
IMG_0085|r5|EHHO-VC,IMG_0085,62096.jpg,5,EHHO-VC,0.0017307607585312999,7.192007358054353e-05,0.19206913599436962,0.6278147085233504
IMG_0085|r5|BEHHO-VC-Calibrated,IMG_0085,62096.jpg,5,BEHHO-VC-Calibrated,0.0022161248928139403,6.712734750128511e-05,0.19206913599436962,0.6275748484154309
IMG_0085|r5|MO-BDA-EHHO-VC,IMG_0085,62096.jpg,5,MO-BDA-EHHO-VC,0.0019587773198203513,7.039504441836184e-05,0.19206913599436962,0.6276307972894117
IMG_0086|r1|EHHO-VC,IMG_0086,65033.jpg,1,EHHO-VC,0.0016891496231955848,7.101765504999618e-05,0.01607286654015626,0.6695652438234551
IMG_0086|r1|BDA-EHHO-VC-Calibrated,IMG_0086,65033.jpg,1,BDA-EHHO-VC-Calibrated,0.0013315631873479818,6.763316458592224e-05,0.01607286654015626,0.6696195756534878
IMG_0086|r1|HHO-VC,IMG_0086,65033.jpg,1,HHO-VC,0.0018598077013503459,6.268379150254078e-05,0.01607286654015626,0.669598219667316
IMG_0086|r1|BEHHO-VC-Calibrated,IMG_0086,65033.jpg,1,BEHHO-VC-Calibrated,0.001173407426123774,6.443519371328847e-05,0.01607286654015626,0.6695847330128176
IMG_0086|r1|MO-BDA-EHHO-VC,IMG_0086,65033.jpg,1,MO-BDA-EHHO-VC,0.0016128952784712498,6.713128868523922e-05,0.01607286654015626,0.6695819772651473
IMG_0086|r2|HHO-VC,IMG_0086,65033.jpg,2,HHO-VC,0.0016223085055633156,6.294756264579403e-05,0.01607286654015626,0.6701824212410723
IMG_0086|r2|BEHHO-VC-Calibrated,IMG_0086,65033.jpg,2,BEHHO-VC-Calibrated,0.0014416177798145394,6.151239513862382e-05,0.01607286654015626,0.6700809665491834
IMG_0086|r2|BDA-EHHO-VC-Calibrated,IMG_0086,65033.jpg,2,BDA-EHHO-VC-Calibrated,0.0013948430042087815,7.344501329432027e-05,0.01607286654015626,0.6699543757134117
IMG_0086|r2|EHHO-VC,IMG_0086,65033.jpg,2,EHHO-VC,0.0016223085055633156,6.294756264579403e-05,0.01607286654015626,0.6701824212410723
IMG_0086|r2|MO-BDA-EHHO-VC,IMG_0086,65033.jpg,2,MO-BDA-EHHO-VC,0.0010007691885314353,5.9581909779521234e-05,0.01607286654015626,0.6700116537805852
IMG_0086|r3|EHHO-VC,IMG_0086,65033.jpg,3,EHHO-VC,0.0012857862950864073,4.734538761253987e-05,0.01607286654015626,0.6700017779598243
IMG_0086|r3|HHO-VC,IMG_0086,65033.jpg,3,HHO-VC,0.0011013037508354508,4.5562693981222256e-05,0.01607286654015626,0.6700234090974532
IMG_0086|r3|BDA-EHHO-VC-Calibrated,IMG_0086,65033.jpg,3,BDA-EHHO-VC-Calibrated,0.0012353713682851082,4.876787827781687e-05,0.01607286654015626,0.6701296937556895
IMG_0086|r3|BEHHO-VC-Calibrated,IMG_0086,65033.jpg,3,BEHHO-VC-Calibrated,0.001340348403600947,4.836092571116309e-05,0.01607286654015626,0.6700390165347209
IMG_0086|r3|MO-BDA-EHHO-VC,IMG_0086,65033.jpg,3,MO-BDA-EHHO-VC,0.001434858786838949,4.967365791261904e-05,0.01607286654015626,0.6702977054685061
IMG_0086|r4|HHO-VC,IMG_0086,65033.jpg,4,HHO-VC,0.0021450570363961935,5.246136304386318e-05,0.01607286654015626,0.6703235612392766
IMG_0086|r4|BEHHO-VC-Calibrated,IMG_0086,65033.jpg,4,BEHHO-VC-Calibrated,0.0019010564744544052,5.581767555738959e-05,0.01607286654015626,0.670104908959052
IMG_0086|r4|EHHO-VC,IMG_0086,65033.jpg,4,EHHO-VC,0.0021450570363961935,5.246136304386318e-05,0.01607286654015626,0.6703235612392766
IMG_0086|r4|BDA-EHHO-VC-Calibrated,IMG_0086,65033.jpg,4,BDA-EHHO-VC-Calibrated,0.002012059130477661,5.26851966048049e-05,0.01607286654015626,0.6700834132806021
IMG_0086|r4|MO-BDA-EHHO-VC,IMG_0086,65033.jpg,4,MO-BDA-EHHO-VC,0.001748872301466786,5.535889686500423e-05,0.01607286654015626,0.6701683038547723
IMG_0086|r5|HHO-VC,IMG_0086,65033.jpg,5,HHO-VC,0.003122388926116758,7.044301501539609e-05,0.01607286654015626,0.6699474842276855
IMG_0086|r5|BEHHO-VC-Calibrated,IMG_0086,65033.jpg,5,BEHHO-VC-Calibrated,0.002882237529840639,6.336771822038668e-05,0.01607286654015626,0.6700984661818561
IMG_0086|r5|BDA-EHHO-VC-Calibrated,IMG_0086,65033.jpg,5,BDA-EHHO-VC-Calibrated,0.002712526723341722,6.654865135533852e-05,0.01607286654015626,0.6701595752039328
IMG_0086|r5|EHHO-VC,IMG_0086,65033.jpg,5,EHHO-VC,0.003002863842167302,7.184796338060689e-05,0.01607286654015626,0.6699759475876498
IMG_0086|r5|MO-BDA-EHHO-VC,IMG_0086,65033.jpg,5,MO-BDA-EHHO-VC,0.0024028443533111164,6.611403125850543e-05,0.01607286654015626,0.6697798196290149
IMG_0087|r1|HHO-VC,IMG_0087,66053.jpg,1,HHO-VC,0.002424383291431256,7.621777404354065e-05,0.019734328145543097,0.6604677201428272
IMG_0087|r1|EHHO-VC,IMG_0087,66053.jpg,1,EHHO-VC,0.0019001556161710792,6.453639703908255e-05,0.019734328145543097,0.6604765715535477
IMG_0087|r1|BDA-EHHO-VC-Calibrated,IMG_0087,66053.jpg,1,BDA-EHHO-VC-Calibrated,0.0019240712601631587,6.778189108384024e-05,0.019734328145543097,0.6604075212371087
IMG_0087|r1|BEHHO-VC-Calibrated,IMG_0087,66053.jpg,1,BEHHO-VC-Calibrated,0.0022449707680623422,7.690219622396427e-05,0.019734328145543097,0.660438672615154
IMG_0087|r1|MO-BDA-EHHO-VC,IMG_0087,66053.jpg,1,MO-BDA-EHHO-VC,0.002299627048770308,6.992541605161306e-05,0.019734328145543097,0.6604209613275142
IMG_0087|r2|EHHO-VC,IMG_0087,66053.jpg,2,EHHO-VC,0.001304505771103641,5.536674792884911e-05,0.019734328145543097,0.6605724173888109
IMG_0087|r2|BDA-EHHO-VC-Calibrated,IMG_0087,66053.jpg,2,BDA-EHHO-VC-Calibrated,0.001304505771103641,5.536674792884911e-05,0.019734328145543097,0.6605724173888109
IMG_0087|r2|HHO-VC,IMG_0087,66053.jpg,2,HHO-VC,0.001304505771103641,5.536674792884911e-05,0.019734328145543097,0.6605724173888109
IMG_0087|r2|BEHHO-VC-Calibrated,IMG_0087,66053.jpg,2,BEHHO-VC-Calibrated,0.001291444904318177,6.317485876013096e-05,0.019734328145543097,0.6606426699054624
IMG_0087|r2|MO-BDA-EHHO-VC,IMG_0087,66053.jpg,2,MO-BDA-EHHO-VC,0.0016974886161412288,6.474146208148508e-05,0.019734328145543097,0.6607102428702316
IMG_0087|r3|HHO-VC,IMG_0087,66053.jpg,3,HHO-VC,0.002030339171872202,7.003936407054327e-05,0.019734328145543097,0.6604466181426157
IMG_0087|r3|BDA-EHHO-VC-Calibrated,IMG_0087,66053.jpg,3,BDA-EHHO-VC-Calibrated,0.001534531707936761,7.225231572400378e-05,0.019734328145543097,0.6604660777002831
IMG_0087|r3|EHHO-VC,IMG_0087,66053.jpg,3,EHHO-VC,0.0019820394510222405,6.878737992322655e-05,0.019734328145543097,0.6604378302283852
IMG_0087|r3|BEHHO-VC-Calibrated,IMG_0087,66053.jpg,3,BEHHO-VC-Calibrated,0.0017598279274439578,7.08964485608121e-05,0.019734328145543097,0.660331211155301
IMG_0087|r3|MO-BDA-EHHO-VC,IMG_0087,66053.jpg,3,MO-BDA-EHHO-VC,0.0012613950506027867,7.737433622332874e-05,0.019734328145543097,0.6606943941463016
IMG_0087|r4|HHO-VC,IMG_0087,66053.jpg,4,HHO-VC,0.002104094679341566,5.816778244255242e-05,0.019734328145543097,0.6605565686648808
IMG_0087|r4|EHHO-VC,IMG_0087,66053.jpg,4,EHHO-VC,0.002104094679341566,5.816778244255242e-05,0.019734328145543097,0.6605565686648808
IMG_0087|r4|BDA-EHHO-VC-Calibrated,IMG_0087,66053.jpg,4,BDA-EHHO-VC-Calibrated,0.002105702145128338,5.3630637292380726e-05,0.019734328145543097,0.6605796813872787
IMG_0087|r4|BEHHO-VC-Calibrated,IMG_0087,66053.jpg,4,BEHHO-VC-Calibrated,0.0024514307724484005,5.620921823896227e-05,0.019734328145543097,0.6607188953252833
IMG_0087|r4|MO-BDA-EHHO-VC,IMG_0087,66053.jpg,4,MO-BDA-EHHO-VC,0.0015027307996804825,5.5409974481834504e-05,0.019734328145543097,0.6607584451724197
IMG_0087|r5|BDA-EHHO-VC-Calibrated,IMG_0087,66053.jpg,5,BDA-EHHO-VC-Calibrated,0.0018253019009962094,6.2445062798438e-05,0.019734328145543097,0.6612706205609008
IMG_0087|r5|EHHO-VC,IMG_0087,66053.jpg,5,EHHO-VC,0.0019383894339320264,6.490564608006802e-05,0.019734328145543097,0.661353868692527
IMG_0087|r5|HHO-VC,IMG_0087,66053.jpg,5,HHO-VC,0.001977511949036266,6.606471884700915e-05,0.019734328145543097,0.6611977689212541
IMG_0087|r5|BEHHO-VC-Calibrated,IMG_0087,66053.jpg,5,BEHHO-VC-Calibrated,0.0019503141845744196,6.463684599706164e-05,0.019734328145543097,0.6612438123427785
IMG_0087|r5|MO-BDA-EHHO-VC,IMG_0087,66053.jpg,5,MO-BDA-EHHO-VC,0.0019421050003505097,6.483555794038362e-05,0.019734328145543097,0.6611458922888388
IMG_0088|r1|EHHO-VC,IMG_0088,69015.jpg,1,EHHO-VC,0.0019924501671779835,5.761052602168597e-05,0.17559903541211952,0.6491303943942218
IMG_0088|r1|BDA-EHHO-VC-Calibrated,IMG_0088,69015.jpg,1,BDA-EHHO-VC-Calibrated,0.0018029993655665159,5.6419733814876204e-05,0.17559903541211952,0.649081273509477
IMG_0088|r1|BEHHO-VC-Calibrated,IMG_0088,69015.jpg,1,BEHHO-VC-Calibrated,0.0021991744922271192,5.808633436756844e-05,0.17559903541211952,0.6490895873165812
IMG_0088|r1|HHO-VC,IMG_0088,69015.jpg,1,HHO-VC,0.0019142345507679713,6.039163311073187e-05,0.17559903541211952,0.6490489368636164
IMG_0088|r1|MO-BDA-EHHO-VC,IMG_0088,69015.jpg,1,MO-BDA-EHHO-VC,0.00244919571396936,6.097906450201193e-05,0.17559903541211952,0.6492505382196982
IMG_0088|r2|EHHO-VC,IMG_0088,69015.jpg,2,EHHO-VC,0.001115520366476333,7.386653799014794e-05,0.17559903541211952,0.6494121494863122
IMG_0088|r2|BDA-EHHO-VC-Calibrated,IMG_0088,69015.jpg,2,BDA-EHHO-VC-Calibrated,0.001200524310637049,7.138518133282295e-05,0.17559903541211952,0.6493800498940147
IMG_0088|r2|BEHHO-VC-Calibrated,IMG_0088,69015.jpg,2,BEHHO-VC-Calibrated,0.0013489596632199157,7.279600653246981e-05,0.17559903541211952,0.6493438230298604
IMG_0088|r2|HHO-VC,IMG_0088,69015.jpg,2,HHO-VC,0.001115520366476333,7.386653799014794e-05,0.17559903541211952,0.6494121494863122
IMG_0088|r2|MO-BDA-EHHO-VC,IMG_0088,69015.jpg,2,MO-BDA-EHHO-VC,0.0009055941042821844,6.659471918271518e-05,0.17559903541211952,0.6491780336941975
IMG_0088|r3|BEHHO-VC-Calibrated,IMG_0088,69015.jpg,3,BEHHO-VC-Calibrated,0.002011726354745435,7.67083533311235e-05,0.17559903541211952,0.6495332499922395
IMG_0088|r3|HHO-VC,IMG_0088,69015.jpg,3,HHO-VC,0.001956767038913338,7.794064195568253e-05,0.17559903541211952,0.6496301244706423
IMG_0088|r3|EHHO-VC,IMG_0088,69015.jpg,3,EHHO-VC,0.001956767038913338,7.794064195568253e-05,0.17559903541211952,0.6496301244706423
IMG_0088|r3|BDA-EHHO-VC-Calibrated,IMG_0088,69015.jpg,3,BDA-EHHO-VC-Calibrated,0.0020213624300238413,7.590751064919299e-05,0.17559903541211952,0.6495010445724586
IMG_0088|r3|MO-BDA-EHHO-VC,IMG_0088,69015.jpg,3,MO-BDA-EHHO-VC,0.002221486812732723,7.723654536002831e-05,0.17559903541211952,0.6493768623702114
IMG_0088|r4|BEHHO-VC-Calibrated,IMG_0088,69015.jpg,4,BEHHO-VC-Calibrated,0.001758115909224132,6.162935992784911e-05,0.17559903541211952,0.649397803512648
IMG_0088|r4|HHO-VC,IMG_0088,69015.jpg,4,HHO-VC,0.0017472503530991301,6.675349493816677e-05,0.17559903541211952,0.6493829072360694
IMG_0088|r4|EHHO-VC,IMG_0088,69015.jpg,4,EHHO-VC,0.0017472503530991301,6.675349493816677e-05,0.17559903541211952,0.6493829072360694
IMG_0088|r4|BDA-EHHO-VC-Calibrated,IMG_0088,69015.jpg,4,BDA-EHHO-VC-Calibrated,0.0021452233980697173,6.32344616132751e-05,0.17559903541211952,0.6491814032412724
IMG_0088|r4|MO-BDA-EHHO-VC,IMG_0088,69015.jpg,4,MO-BDA-EHHO-VC,0.0019822993296236347,6.918104509863116e-05,0.17559903541211952,0.6491682383023241
IMG_0088|r5|BDA-EHHO-VC-Calibrated,IMG_0088,69015.jpg,5,BDA-EHHO-VC-Calibrated,0.0027208663993745007,6.133287716745555e-05,0.17559903541211952,0.649004002514119
IMG_0088|r5|EHHO-VC,IMG_0088,69015.jpg,5,EHHO-VC,0.002955528533101984,6.114101922161386e-05,0.17559903541211952,0.6491054106419153
IMG_0088|r5|HHO-VC,IMG_0088,69015.jpg,5,HHO-VC,0.002955528533101984,6.114101922161386e-05,0.17559903541211952,0.6491054106419153
IMG_0088|r5|BEHHO-VC-Calibrated,IMG_0088,69015.jpg,5,BEHHO-VC-Calibrated,0.002509125673813495,6.22992594461425e-05,0.17559903541211952,0.6490195633872939
IMG_0088|r5|MO-BDA-EHHO-VC,IMG_0088,69015.jpg,5,MO-BDA-EHHO-VC,0.002918092469622224,6.12054988435449e-05,0.17559903541211952,0.6491001742980314
IMG_0089|r1|BDA-EHHO-VC-Calibrated,IMG_0089,69020.jpg,1,BDA-EHHO-VC-Calibrated,0.0013848872023941678,6.599436826648917e-05,0.01096927265151564,0.713050902123976
IMG_0089|r1|BEHHO-VC-Calibrated,IMG_0089,69020.jpg,1,BEHHO-VC-Calibrated,0.001412674383860585,6.219150936224478e-05,0.01096927265151564,0.7130281322826247
IMG_0089|r1|HHO-VC,IMG_0089,69020.jpg,1,HHO-VC,0.0012864559420547024,6.505292918023425e-05,0.01096927265151564,0.7129912577542713
IMG_0089|r1|EHHO-VC,IMG_0089,69020.jpg,1,EHHO-VC,0.0012891465403832118,6.487124854001831e-05,0.01096927265151564,0.7129906989851582
IMG_0089|r1|MO-BDA-EHHO-VC,IMG_0089,69020.jpg,1,MO-BDA-EHHO-VC,0.0013150780245905203,7.459807506180434e-05,0.01096927265151564,0.7130646893285274
IMG_0089|r2|BEHHO-VC-Calibrated,IMG_0089,69020.jpg,2,BEHHO-VC-Calibrated,0.0018706885706455678,5.6838440505295333e-05,0.01096927265151564,0.7130656163772828
IMG_0089|r2|BDA-EHHO-VC-Calibrated,IMG_0089,69020.jpg,2,BDA-EHHO-VC-Calibrated,0.0018163148705534222,5.79766281634508e-05,0.01096927265151564,0.7130670810296547
IMG_0089|r2|EHHO-VC,IMG_0089,69020.jpg,2,EHHO-VC,0.001947844042132481,5.6469130476466854e-05,0.01096927265151564,0.7130378430125113
IMG_0089|r2|HHO-VC,IMG_0089,69020.jpg,2,HHO-VC,0.0018706885706455678,5.6838440505295333e-05,0.01096927265151564,0.7130656163772828
IMG_0089|r2|MO-BDA-EHHO-VC,IMG_0089,69020.jpg,2,MO-BDA-EHHO-VC,0.0024203815551636916,6.181701373751127e-05,0.01096927265151564,0.7127934958192913
IMG_0089|r3|HHO-VC,IMG_0089,69020.jpg,3,HHO-VC,0.002448269477322899,7.728868033766306e-05,0.01096927265151564,0.7126922570154686
IMG_0089|r3|BEHHO-VC-Calibrated,IMG_0089,69020.jpg,3,BEHHO-VC-Calibrated,0.0019630356306491103,7.572291383228554e-05,0.01096927265151564,0.7127459496475009
IMG_0089|r3|BDA-EHHO-VC-Calibrated,IMG_0089,69020.jpg,3,BDA-EHHO-VC-Calibrated,0.0020480457699470333,7.922846941610932e-05,0.01096927265151564,0.7127955954365639
IMG_0089|r3|EHHO-VC,IMG_0089,69020.jpg,3,EHHO-VC,0.0017194781823903261,7.36506929356322e-05,0.01096927265151564,0.712775530545691
IMG_0089|r3|MO-BDA-EHHO-VC,IMG_0089,69020.jpg,3,MO-BDA-EHHO-VC,0.002108985389517193,7.923722591531198e-05,0.01096927265151564,0.7126574186078978
IMG_0089|r4|BEHHO-VC-Calibrated,IMG_0089,69020.jpg,4,BEHHO-VC-Calibrated,0.002332008617943185,8.553062879249511e-05,0.01096927265151564,0.7129211279975006
IMG_0089|r4|HHO-VC,IMG_0089,69020.jpg,4,HHO-VC,0.0023904236542158473,8.531274700950529e-05,0.01096927265151564,0.7128835084436632
IMG_0089|r4|BDA-EHHO-VC-Calibrated,IMG_0089,69020.jpg,4,BDA-EHHO-VC-Calibrated,0.002415820816799825,8.831763926416393e-05,0.01096927265151564,0.7128390185695966
IMG_0089|r4|EHHO-VC,IMG_0089,69020.jpg,4,EHHO-VC,0.0025159478761402,8.28867234515949e-05,0.01096927265151564,0.7128445342980371
IMG_0089|r4|MO-BDA-EHHO-VC,IMG_0089,69020.jpg,4,MO-BDA-EHHO-VC,0.0022581084858729734,8.403634413344538e-05,0.01096927265151564,0.7127344398503945
IMG_0089|r5|BEHHO-VC-Calibrated,IMG_0089,69020.jpg,5,BEHHO-VC-Calibrated,0.001138126861021236,5.654596532298003e-05,0.01096927265151564,0.7130558082861115
IMG_0089|r5|EHHO-VC,IMG_0089,69020.jpg,5,EHHO-VC,0.0011318883624344253,5.6008584914792724e-05,0.01096927265151564,0.7129905423604828
IMG_0089|r5|HHO-VC,IMG_0089,69020.jpg,5,HHO-VC,0.0011318883624344253,5.6008584914792724e-05,0.01096927265151564,0.7129905423604828
IMG_0089|r5|BDA-EHHO-VC-Calibrated,IMG_0089,69020.jpg,5,BDA-EHHO-VC-Calibrated,0.0008737248181697946,6.338040957079393e-05,0.01096927265151564,0.7127695364770249
IMG_0089|r5|MO-BDA-EHHO-VC,IMG_0089,69020.jpg,5,MO-BDA-EHHO-VC,0.0010395288388244893,5.8574877354985095e-05,0.01096927265151564,0.7129402743058167
IMG_0090|r1|EHHO-VC,IMG_0090,69040.jpg,1,EHHO-VC,0.0026358170178922813,6.078084704814116e-05,0.013067704656489704,0.6972139448156222
IMG_0090|r1|BDA-EHHO-VC-Calibrated,IMG_0090,69040.jpg,1,BDA-EHHO-VC-Calibrated,0.0029878405774325066,6.539422725250963e-05,0.013067704656489704,0.6972315121778844
IMG_0090|r1|HHO-VC,IMG_0090,69040.jpg,1,HHO-VC,0.0026636245547047087,6.326324720469777e-05,0.013067704656489704,0.6972310931010496
IMG_0090|r1|BEHHO-VC-Calibrated,IMG_0090,69040.jpg,1,BEHHO-VC-Calibrated,0.0026385158582410712,6.128358452769785e-05,0.013067704656489704,0.6972735383881349
IMG_0090|r1|MO-BDA-EHHO-VC,IMG_0090,69040.jpg,1,MO-BDA-EHHO-VC,0.0027702450650147706,6.902087444260973e-05,0.013067704656489704,0.6971223109142026
IMG_0090|r2|EHHO-VC,IMG_0090,69040.jpg,2,EHHO-VC,0.0034717201231379423,8.542017703617095e-05,0.013067704656489704,0.6972535877909439
IMG_0090|r2|HHO-VC,IMG_0090,69040.jpg,2,HHO-VC,0.003370948723251829,8.339426143463221e-05,0.013067704656489704,0.697212078018813
IMG_0090|r2|BEHHO-VC-Calibrated,IMG_0090,69040.jpg,2,BEHHO-VC-Calibrated,0.003337980957551894,8.735266831305107e-05,0.013067704656489704,0.6972051822999875
IMG_0090|r2|BDA-EHHO-VC-Calibrated,IMG_0090,69040.jpg,2,BDA-EHHO-VC-Calibrated,0.003458411129509516,7.805897766276046e-05,0.013067704656489704,0.69734100975852
IMG_0090|r2|MO-BDA-EHHO-VC,IMG_0090,69040.jpg,2,MO-BDA-EHHO-VC,0.0037151274800640115,8.395878150201337e-05,0.013067704656489704,0.6971837712835245
IMG_0090|r3|BDA-EHHO-VC-Calibrated,IMG_0090,69040.jpg,3,BDA-EHHO-VC-Calibrated,0.002258334123455542,5.9376227763752495e-05,0.013067704656489704,0.6973539842079979
IMG_0090|r3|BEHHO-VC-Calibrated,IMG_0090,69040.jpg,3,BEHHO-VC-Calibrated,0.002203994762398787,5.939902582483421e-05,0.013067704656489704,0.6973880437252901
IMG_0090|r3|EHHO-VC,IMG_0090,69040.jpg,3,EHHO-VC,0.0021212864974405883,5.8417160977425915e-05,0.013067704656489704,0.6974091245600048
IMG_0090|r3|HHO-VC,IMG_0090,69040.jpg,3,HHO-VC,0.0021802825217099426,5.845511774115465e-05,0.013067704656489704,0.6973857959495403
IMG_0090|r3|MO-BDA-EHHO-VC,IMG_0090,69040.jpg,3,MO-BDA-EHHO-VC,0.0020478072626374023,5.905331742997105e-05,0.013067704656489704,0.6972863392805398
IMG_0090|r4|EHHO-VC,IMG_0090,69040.jpg,4,EHHO-VC,0.0021646489356411296,7.209443985587485e-05,0.013067704656489704,0.6971884700237921
IMG_0090|r4|BDA-EHHO-VC-Calibrated,IMG_0090,69040.jpg,4,BDA-EHHO-VC-Calibrated,0.0015766480546257882,7.390963002018424e-05,0.013067704656489704,0.697096865754068
IMG_0090|r4|BEHHO-VC-Calibrated,IMG_0090,69040.jpg,4,BEHHO-VC-Calibrated,0.0015147180970540568,7.054373406883727e-05,0.013067704656489704,0.6971440732779112
IMG_0090|r4|HHO-VC,IMG_0090,69040.jpg,4,HHO-VC,0.0021646489356411296,7.209443985587485e-05,0.013067704656489704,0.6971884700237921
IMG_0090|r4|MO-BDA-EHHO-VC,IMG_0090,69040.jpg,4,MO-BDA-EHHO-VC,0.0020275408296191867,7.356366013776719e-05,0.013067704656489704,0.6969598064636277
IMG_0090|r5|BEHHO-VC-Calibrated,IMG_0090,69040.jpg,5,BEHHO-VC-Calibrated,0.0033617472410922985,8.481593839877989e-05,0.013067704656489704,0.6971490852675299
IMG_0090|r5|EHHO-VC,IMG_0090,69040.jpg,5,EHHO-VC,0.0038330633015200605,8.436978086313089e-05,0.013067704656489704,0.6975022654447893
IMG_0090|r5|BDA-EHHO-VC-Calibrated,IMG_0090,69040.jpg,5,BDA-EHHO-VC-Calibrated,0.0032149304162518316,8.479063502809336e-05,0.013067704656489704,0.6970900631634281
IMG_0090|r5|HHO-VC,IMG_0090,69040.jpg,5,HHO-VC,0.003449610284907258,8.996564248651462e-05,0.013067704656489704,0.6973619001037643
IMG_0090|r5|MO-BDA-EHHO-VC,IMG_0090,69040.jpg,5,MO-BDA-EHHO-VC,0.003398399049269795,8.319042907757948e-05,0.013067704656489704,0.6973137062677751
IMG_0091|r1|BEHHO-VC-Calibrated,IMG_0091,76053.jpg,1,BEHHO-VC-Calibrated,0.003637183280584409,6.321528522219064e-05,0.005364818448930598,0.7170765051604556
IMG_0091|r1|BDA-EHHO-VC-Calibrated,IMG_0091,76053.jpg,1,BDA-EHHO-VC-Calibrated,0.003573030102655774,6.644770380571841e-05,0.005364818448930598,0.7170189604080236
IMG_0091|r1|HHO-VC,IMG_0091,76053.jpg,1,HHO-VC,0.003499562568981594,6.277118447794898e-05,0.005364818448930598,0.7170541501628396
IMG_0091|r1|EHHO-VC,IMG_0091,76053.jpg,1,EHHO-VC,0.003499562568981594,6.277118447794898e-05,0.005364818448930598,0.7170541501628396
IMG_0091|r1|MO-BDA-EHHO-VC,IMG_0091,76053.jpg,1,MO-BDA-EHHO-VC,0.0034928518112636413,6.873248654611131e-05,0.005364818448930598,0.7169021268662311
IMG_0091|r2|BEHHO-VC-Calibrated,IMG_0091,76053.jpg,2,BEHHO-VC-Calibrated,0.0017630558645943832,5.978785706159838e-05,0.005364818448930598,0.716857006260363
IMG_0091|r2|HHO-VC,IMG_0091,76053.jpg,2,HHO-VC,0.0016105449407011517,6.115129348707736e-05,0.005364818448930598,0.7168818672527886
IMG_0091|r2|BDA-EHHO-VC-Calibrated,IMG_0091,76053.jpg,2,BDA-EHHO-VC-Calibrated,0.0013239173622198296,6.497286054004715e-05,0.005364818448930598,0.7168454414329651
IMG_0091|r2|EHHO-VC,IMG_0091,76053.jpg,2,EHHO-VC,0.0014205611187537185,6.436625341869318e-05,0.005364818448930598,0.7168122581672366
IMG_0091|r2|MO-BDA-EHHO-VC,IMG_0091,76053.jpg,2,MO-BDA-EHHO-VC,0.0013780189990751325,6.590367396259593e-05,0.005364818448930598,0.7167255219617538
IMG_0091|r3|EHHO-VC,IMG_0091,76053.jpg,3,EHHO-VC,0.001493481564507626,8.017655602357434e-05,0.005364818448930598,0.7169799862623973
IMG_0091|r3|HHO-VC,IMG_0091,76053.jpg,3,HHO-VC,0.001399477450101317,8.189201996137238e-05,0.005364818448930598,0.7169473321340863
IMG_0091|r3|BEHHO-VC-Calibrated,IMG_0091,76053.jpg,3,BEHHO-VC-Calibrated,0.0014629424264376424,7.847885646123393e-05,0.005364818448930598,0.7169909076586954
IMG_0091|r3|BDA-EHHO-VC-Calibrated,IMG_0091,76053.jpg,3,BDA-EHHO-VC-Calibrated,0.0011657817463914025,7.965132738609302e-05,0.005364818448930598,0.7168180702126309
IMG_0091|r3|MO-BDA-EHHO-VC,IMG_0091,76053.jpg,3,MO-BDA-EHHO-VC,0.0014359647329888088,8.290709837361639e-05,0.005364818448930598,0.7168890550554684
IMG_0091|r4|EHHO-VC,IMG_0091,76053.jpg,4,EHHO-VC,0.0016457029572320627,7.053600402359487e-05,0.005364818448930598,0.7168556770671701
IMG_0091|r4|BEHHO-VC-Calibrated,IMG_0091,76053.jpg,4,BEHHO-VC-Calibrated,0.0021705261184170876,6.511873312232433e-05,0.005364818448930598,0.7167271432388014
IMG_0091|r4|BDA-EHHO-VC-Calibrated,IMG_0091,76053.jpg,4,BDA-EHHO-VC-Calibrated,0.0019006651193189006,6.656698351716251e-05,0.005364818448930598,0.716949990520472
IMG_0091|r4|HHO-VC,IMG_0091,76053.jpg,4,HHO-VC,0.001921432850789103,7.050428781197187e-05,0.005364818448930598,0.7168093246293937
IMG_0091|r4|MO-BDA-EHHO-VC,IMG_0091,76053.jpg,4,MO-BDA-EHHO-VC,0.0022899486155916384,6.766382180106179e-05,0.005364818448930598,0.7167931457237152
IMG_0091|r5|HHO-VC,IMG_0091,76053.jpg,5,HHO-VC,0.0026331787126961464,6.123719981913094e-05,0.005364818448930598,0.7166548376689695
IMG_0091|r5|BEHHO-VC-Calibrated,IMG_0091,76053.jpg,5,BEHHO-VC-Calibrated,0.0027021495135648335,6.28257310425724e-05,0.005364818448930598,0.7165765803614654
IMG_0091|r5|EHHO-VC,IMG_0091,76053.jpg,5,EHHO-VC,0.0026331787126961464,6.123719981913094e-05,0.005364818448930598,0.7166548376689695
IMG_0091|r5|BDA-EHHO-VC-Calibrated,IMG_0091,76053.jpg,5,BDA-EHHO-VC-Calibrated,0.002314040564753486,6.745684336375683e-05,0.005364818448930598,0.7165759284641671
IMG_0091|r5|MO-BDA-EHHO-VC,IMG_0091,76053.jpg,5,MO-BDA-EHHO-VC,0.002042743610401736,6.54977804936384e-05,0.005364818448930598,0.7165434436598295
IMG_0092|r1|EHHO-VC,IMG_0092,78004.jpg,1,EHHO-VC,0.0015269616676621591,6.439781714697073e-05,0.038907347318562276,0.6683098894788144
IMG_0092|r1|HHO-VC,IMG_0092,78004.jpg,1,HHO-VC,0.001566202161539572,6.327825969835829e-05,0.038907347318562276,0.6683091359871317
IMG_0092|r1|BDA-EHHO-VC-Calibrated,IMG_0092,78004.jpg,1,BDA-EHHO-VC-Calibrated,0.0014859942346453492,5.740631797648632e-05,0.038907347318562276,0.6681678012663578
IMG_0092|r1|BEHHO-VC-Calibrated,IMG_0092,78004.jpg,1,BEHHO-VC-Calibrated,0.0011861562359266424,5.9458766882621424e-05,0.038907347318562276,0.6682430065092376
IMG_0092|r1|MO-BDA-EHHO-VC,IMG_0092,78004.jpg,1,MO-BDA-EHHO-VC,0.001395436294698298,7.900215474371754e-05,0.038907347318562276,0.6682345657091532
IMG_0092|r2|HHO-VC,IMG_0092,78004.jpg,2,HHO-VC,0.002507246731719128,6.39675766955122e-05,0.038907347318562276,0.6680601874149289
IMG_0092|r2|BDA-EHHO-VC-Calibrated,IMG_0092,78004.jpg,2,BDA-EHHO-VC-Calibrated,0.0023191589541494985,5.736070295114746e-05,0.038907347318562276,0.6681055831722542
IMG_0092|r2|BEHHO-VC-Calibrated,IMG_0092,78004.jpg,2,BEHHO-VC-Calibrated,0.002004079616872867,5.964371878803184e-05,0.038907347318562276,0.6679563706536079
IMG_0092|r2|EHHO-VC,IMG_0092,78004.jpg,2,EHHO-VC,0.0019843259124323657,5.961759815569745e-05,0.038907347318562276,0.6680660206258198
IMG_0092|r2|MO-BDA-EHHO-VC,IMG_0092,78004.jpg,2,MO-BDA-EHHO-VC,0.0026025380941680333,5.635902544397389e-05,0.038907347318562276,0.6679935711306104
IMG_0092|r3|BDA-EHHO-VC-Calibrated,IMG_0092,78004.jpg,3,BDA-EHHO-VC-Calibrated,0.0022069761987895,6.646214030948422e-05,0.038907347318562276,0.6687896181608521
IMG_0092|r3|EHHO-VC,IMG_0092,78004.jpg,3,EHHO-VC,0.002674786391247556,6.517690679042591e-05,0.038907347318562276,0.668925043474947
IMG_0092|r3|BEHHO-VC-Calibrated,IMG_0092,78004.jpg,3,BEHHO-VC-Calibrated,0.0025931371819360558,6.396243124394802e-05,0.038907347318562276,0.6688056616073518
IMG_0092|r3|HHO-VC,IMG_0092,78004.jpg,3,HHO-VC,0.0027362459122218553,6.409655068037064e-05,0.038907347318562276,0.6689483212882193
IMG_0092|r3|MO-BDA-EHHO-VC,IMG_0092,78004.jpg,3,MO-BDA-EHHO-VC,0.0024038823720335663,6.892366786726688e-05,0.038907347318562276,0.6688245793283035
IMG_0092|r4|HHO-VC,IMG_0092,78004.jpg,4,HHO-VC,0.00244407189971425,6.186798656919949e-05,0.038907347318562276,0.6685894475923472
IMG_0092|r4|BDA-EHHO-VC-Calibrated,IMG_0092,78004.jpg,4,BDA-EHHO-VC-Calibrated,0.0027515891374768277,6.438581181595878e-05,0.038907347318562276,0.6685297354930531
IMG_0092|r4|BEHHO-VC-Calibrated,IMG_0092,78004.jpg,4,BEHHO-VC-Calibrated,0.0025262213065767917,6.337338468762574e-05,0.038907347318562276,0.6684866552410668
IMG_0092|r4|EHHO-VC,IMG_0092,78004.jpg,4,EHHO-VC,0.002568538110465331,6.238610085258989e-05,0.038907347318562276,0.6686464251094678
IMG_0092|r4|MO-BDA-EHHO-VC,IMG_0092,78004.jpg,4,MO-BDA-EHHO-VC,0.0025075574021146073,6.148914380596695e-05,0.038907347318562276,0.6685892655690756
IMG_0092|r5|BEHHO-VC-Calibrated,IMG_0092,78004.jpg,5,BEHHO-VC-Calibrated,0.0023252562187809577,7.138470789898483e-05,0.038907347318562276,0.6681617056033078
IMG_0092|r5|EHHO-VC,IMG_0092,78004.jpg,5,EHHO-VC,0.0013286919962877052,7.162020997882324e-05,0.038907347318562276,0.6682506091556529
IMG_0092|r5|HHO-VC,IMG_0092,78004.jpg,5,HHO-VC,0.0012685657420647692,7.313156957789581e-05,0.038907347318562276,0.6681886831454036
IMG_0092|r5|BDA-EHHO-VC-Calibrated,IMG_0092,78004.jpg,5,BDA-EHHO-VC-Calibrated,0.0019585029743091134,6.651020144154525e-05,0.038907347318562276,0.6682358737368492
IMG_0092|r5|MO-BDA-EHHO-VC,IMG_0092,78004.jpg,5,MO-BDA-EHHO-VC,0.0022217900296121963,7.120048669518301e-05,0.038907347318562276,0.6681838404797583
IMG_0093|r1|EHHO-VC,IMG_0093,8023.jpg,1,EHHO-VC,0.001777525880741087,8.253073308894943e-05,0.002115703050282489,0.7288778886241399
IMG_0093|r1|HHO-VC,IMG_0093,8023.jpg,1,HHO-VC,0.0022868384498065967,8.409076712549098e-05,0.002115703050282489,0.7289173030120976
IMG_0093|r1|BEHHO-VC-Calibrated,IMG_0093,8023.jpg,1,BEHHO-VC-Calibrated,0.001885452207365336,7.569522259446962e-05,0.002115703050282489,0.728829339207806
IMG_0093|r1|BDA-EHHO-VC-Calibrated,IMG_0093,8023.jpg,1,BDA-EHHO-VC-Calibrated,0.002046220082812303,7.614272625256007e-05,0.002115703050282489,0.728897229655026
IMG_0093|r1|MO-BDA-EHHO-VC,IMG_0093,8023.jpg,1,MO-BDA-EHHO-VC,0.002127746623373847,8.482423628460686e-05,0.002115703050282489,0.7289460415235189
IMG_0093|r2|HHO-VC,IMG_0093,8023.jpg,2,HHO-VC,0.001621546044383292,7.014076053656367e-05,0.002115703050282489,0.7284257385843045
IMG_0093|r2|BDA-EHHO-VC-Calibrated,IMG_0093,8023.jpg,2,BDA-EHHO-VC-Calibrated,0.002382824746559895,7.070235788722157e-05,0.002115703050282489,0.7284154479198081
IMG_0093|r2|BEHHO-VC-Calibrated,IMG_0093,8023.jpg,2,BEHHO-VC-Calibrated,0.0024952036036547023,7.165117009260417e-05,0.002115703050282489,0.7284117989881769
IMG_0093|r2|EHHO-VC,IMG_0093,8023.jpg,2,EHHO-VC,0.0016460332433683221,7.010451981440343e-05,0.002115703050282489,0.7284223436386336
IMG_0093|r2|MO-BDA-EHHO-VC,IMG_0093,8023.jpg,2,MO-BDA-EHHO-VC,0.0023428638968122427,7.156216679247301e-05,0.002115703050282489,0.7284048143742655
IMG_0093|r3|HHO-VC,IMG_0093,8023.jpg,3,HHO-VC,0.0015243835695835175,5.769051287597761e-05,0.002115703050282489,0.7285056171688559
IMG_0093|r3|EHHO-VC,IMG_0093,8023.jpg,3,EHHO-VC,0.0015243835695835175,5.769051287597761e-05,0.002115703050282489,0.7285056171688559
IMG_0093|r3|BEHHO-VC-Calibrated,IMG_0093,8023.jpg,3,BEHHO-VC-Calibrated,0.001440709085512648,6.11376445316858e-05,0.002115703050282489,0.7285794551206489
IMG_0093|r3|BDA-EHHO-VC-Calibrated,IMG_0093,8023.jpg,3,BDA-EHHO-VC-Calibrated,0.0014412350972091495,6.012015579264606e-05,0.002115703050282489,0.7285570069948473
IMG_0093|r3|MO-BDA-EHHO-VC,IMG_0093,8023.jpg,3,MO-BDA-EHHO-VC,0.002325912113092131,5.938856336400641e-05,0.002115703050282489,0.7285302792056125
IMG_0093|r4|EHHO-VC,IMG_0093,8023.jpg,4,EHHO-VC,0.002643648171139389,7.168857138700886e-05,0.002115703050282489,0.7284937856561999
IMG_0093|r4|BEHHO-VC-Calibrated,IMG_0093,8023.jpg,4,BEHHO-VC-Calibrated,0.002850649865226092,7.099008523974439e-05,0.002115703050282489,0.7285341821232043
IMG_0093|r4|HHO-VC,IMG_0093,8023.jpg,4,HHO-VC,0.0025104412156598892,7.011926761760189e-05,0.002115703050282489,0.7285254280737686
IMG_0093|r4|BDA-EHHO-VC-Calibrated,IMG_0093,8023.jpg,4,BDA-EHHO-VC-Calibrated,0.002535834625308208,7.24926735123231e-05,0.002115703050282489,0.7285272017423923
IMG_0093|r4|MO-BDA-EHHO-VC,IMG_0093,8023.jpg,4,MO-BDA-EHHO-VC,0.0030273109755162646,7.135330850634999e-05,0.002115703050282489,0.7285630941916986
IMG_0093|r5|EHHO-VC,IMG_0093,8023.jpg,5,EHHO-VC,0.002161410959153622,6.598697735367647e-05,0.002115703050282489,0.7287830587327186
IMG_0093|r5|BEHHO-VC-Calibrated,IMG_0093,8023.jpg,5,BEHHO-VC-Calibrated,0.0015113741569489122,7.514827621230642e-05,0.002115703050282489,0.7287752740630319
IMG_0093|r5|BDA-EHHO-VC-Calibrated,IMG_0093,8023.jpg,5,BDA-EHHO-VC-Calibrated,0.0022133889026346217,7.799894603974389e-05,0.002115703050282489,0.7287392292221492
IMG_0093|r5|HHO-VC,IMG_0093,8023.jpg,5,HHO-VC,0.0021832663929175675,6.590429151623617e-05,0.002115703050282489,0.7287802860526508
IMG_0093|r5|MO-BDA-EHHO-VC,IMG_0093,8023.jpg,5,MO-BDA-EHHO-VC,0.0014461219358631353,7.849311214081437e-05,0.002115703050282489,0.7288021754093394
IMG_0094|r1|BDA-EHHO-VC-Calibrated,IMG_0094,85048.jpg,1,BDA-EHHO-VC-Calibrated,0.002073263717712872,6.247928753561272e-05,0.07235272655833404,0.6870370862322916
IMG_0094|r1|HHO-VC,IMG_0094,85048.jpg,1,HHO-VC,0.00215072259504595,6.1018671068623804e-05,0.07235272655833404,0.687004377073689
IMG_0094|r1|BEHHO-VC-Calibrated,IMG_0094,85048.jpg,1,BEHHO-VC-Calibrated,0.002191242053926478,6.458850612792494e-05,0.07235272655833404,0.686978542468415
IMG_0094|r1|EHHO-VC,IMG_0094,85048.jpg,1,EHHO-VC,0.0019106382996471767,5.8533740931484525e-05,0.07235272655833404,0.6870789304192705
IMG_0094|r1|MO-BDA-EHHO-VC,IMG_0094,85048.jpg,1,MO-BDA-EHHO-VC,0.0017555965065092648,6.136002003719212e-05,0.07235272655833404,0.6871132904866156
IMG_0094|r2|EHHO-VC,IMG_0094,85048.jpg,2,EHHO-VC,0.0015880153009149144,7.538934079669804e-05,0.07235272655833404,0.6877393870445428
IMG_0094|r2|HHO-VC,IMG_0094,85048.jpg,2,HHO-VC,0.0014579904915821916,7.647533059756608e-05,0.07235272655833404,0.6877992134375194
IMG_0094|r2|BEHHO-VC-Calibrated,IMG_0094,85048.jpg,2,BEHHO-VC-Calibrated,0.0015388575219614723,7.541881440259815e-05,0.07235272655833404,0.6879032630193039
IMG_0094|r2|BDA-EHHO-VC-Calibrated,IMG_0094,85048.jpg,2,BDA-EHHO-VC-Calibrated,0.0013076309651570185,7.52347527571006e-05,0.07235272655833404,0.6878098342837641
IMG_0094|r2|MO-BDA-EHHO-VC,IMG_0094,85048.jpg,2,MO-BDA-EHHO-VC,0.0015165442497035283,7.342316793080811e-05,0.07235272655833404,0.6877406908391398
IMG_0094|r3|BEHHO-VC-Calibrated,IMG_0094,85048.jpg,3,BEHHO-VC-Calibrated,0.001122208491971184,4.86789440496848e-05,0.07235272655833404,0.6873911638266111
IMG_0094|r3|EHHO-VC,IMG_0094,85048.jpg,3,EHHO-VC,0.0010035306669996015,4.6703412254594946e-05,0.07235272655833404,0.6875520258346418
IMG_0094|r3|BDA-EHHO-VC-Calibrated,IMG_0094,85048.jpg,3,BDA-EHHO-VC-Calibrated,0.0011541636628726282,4.8180153993090025e-05,0.07235272655833404,0.6873964467345877
IMG_0094|r3|HHO-VC,IMG_0094,85048.jpg,3,HHO-VC,0.0008424800635935613,4.4328732338091624e-05,0.07235272655833404,0.6875016011553002
IMG_0094|r3|MO-BDA-EHHO-VC,IMG_0094,85048.jpg,3,MO-BDA-EHHO-VC,0.0011809693740433898,5.3230661976454586e-05,0.07235272655833404,0.6875233127218165
IMG_0094|r4|BEHHO-VC-Calibrated,IMG_0094,85048.jpg,4,BEHHO-VC-Calibrated,0.002096473498883589,6.208965836646983e-05,0.07235272655833404,0.6875863435709936
IMG_0094|r4|EHHO-VC,IMG_0094,85048.jpg,4,EHHO-VC,0.0025904159494801898,5.1919297247181014e-05,0.07235272655833404,0.6877016489639242
IMG_0094|r4|BDA-EHHO-VC-Calibrated,IMG_0094,85048.jpg,4,BDA-EHHO-VC-Calibrated,0.0029776866246124284,5.589115682115428e-05,0.07235272655833404,0.6877368006208459
IMG_0094|r4|HHO-VC,IMG_0094,85048.jpg,4,HHO-VC,0.002128643980388119,5.922846272771559e-05,0.07235272655833404,0.6875944076252369
IMG_0094|r4|MO-BDA-EHHO-VC,IMG_0094,85048.jpg,4,MO-BDA-EHHO-VC,0.0028591699200989783,5.564862677069846e-05,0.07235272655833404,0.6876627975781787
IMG_0094|r5|BEHHO-VC-Calibrated,IMG_0094,85048.jpg,5,BEHHO-VC-Calibrated,0.002145727523923851,7.517963181787793e-05,0.07235272655833404,0.688071118107445
IMG_0094|r5|BDA-EHHO-VC-Calibrated,IMG_0094,85048.jpg,5,BDA-EHHO-VC-Calibrated,0.0022239860917949096,7.071139474023469e-05,0.07235272655833404,0.6880893035022108
IMG_0094|r5|HHO-VC,IMG_0094,85048.jpg,5,HHO-VC,0.0023395970729755125,7.231297541822081e-05,0.07235272655833404,0.6880208585189775
IMG_0094|r5|EHHO-VC,IMG_0094,85048.jpg,5,EHHO-VC,0.0023395970729755125,7.231297541822081e-05,0.07235272655833404,0.6880208585189775
IMG_0094|r5|MO-BDA-EHHO-VC,IMG_0094,85048.jpg,5,MO-BDA-EHHO-VC,0.002224876565334485,6.3527947312281e-05,0.07235272655833404,0.6880487715760273
IMG_0095|r1|EHHO-VC,IMG_0095,86000.jpg,1,EHHO-VC,0.0018694330201824766,7.67718784375293e-05,0.007182595967642698,0.6939235269007068
IMG_0095|r1|HHO-VC,IMG_0095,86000.jpg,1,HHO-VC,0.0020616515310389423,7.768170807499773e-05,0.007182595967642698,0.6939501827272526
IMG_0095|r1|BEHHO-VC-Calibrated,IMG_0095,86000.jpg,1,BEHHO-VC-Calibrated,0.0023153253628686596,7.686727344478199e-05,0.007182595967642698,0.6939428213674997
IMG_0095|r1|BDA-EHHO-VC-Calibrated,IMG_0095,86000.jpg,1,BDA-EHHO-VC-Calibrated,0.001970910566015868,7.722804368523092e-05,0.007182595967642698,0.6939275060140866
IMG_0095|r1|MO-BDA-EHHO-VC,IMG_0095,86000.jpg,1,MO-BDA-EHHO-VC,0.002762714411052067,7.771038805455438e-05,0.007182595967642698,0.6939187604308495
IMG_0095|r2|EHHO-VC,IMG_0095,86000.jpg,2,EHHO-VC,0.0009963068006213372,6.934564973454716e-05,0.007182595967642698,0.6937532166149484
IMG_0095|r2|BDA-EHHO-VC-Calibrated,IMG_0095,86000.jpg,2,BDA-EHHO-VC-Calibrated,0.0015558860943824355,6.935363990143769e-05,0.007182595967642698,0.6935353728566979
IMG_0095|r2|BEHHO-VC-Calibrated,IMG_0095,86000.jpg,2,BEHHO-VC-Calibrated,0.0018271453948119582,7.265193325761612e-05,0.007182595967642698,0.6935906232692876
IMG_0095|r2|HHO-VC,IMG_0095,86000.jpg,2,HHO-VC,0.0011811202809470938,6.475848173736906e-05,0.007182595967642698,0.6935819200170439
IMG_0095|r2|MO-BDA-EHHO-VC,IMG_0095,86000.jpg,2,MO-BDA-EHHO-VC,0.0019090238217731358,7.422111478633257e-05,0.007182595967642698,0.693560737587945
IMG_0095|r3|BDA-EHHO-VC-Calibrated,IMG_0095,86000.jpg,3,BDA-EHHO-VC-Calibrated,0.002592353454152111,8.690661397701604e-05,0.007182595967642698,0.6934986761185167
IMG_0095|r3|HHO-VC,IMG_0095,86000.jpg,3,HHO-VC,0.002275751596022188,8.389907578000978e-05,0.007182595967642698,0.6935233677869688
IMG_0095|r3|EHHO-VC,IMG_0095,86000.jpg,3,EHHO-VC,0.0020804670987651206,8.380035900683478e-05,0.007182595967642698,0.6936294196247413
IMG_0095|r3|BEHHO-VC-Calibrated,IMG_0095,86000.jpg,3,BEHHO-VC-Calibrated,0.0025900824692714646,8.015847881110856e-05,0.007182595967642698,0.6934631688812504
IMG_0095|r3|MO-BDA-EHHO-VC,IMG_0095,86000.jpg,3,MO-BDA-EHHO-VC,0.0025811087327970513,8.448959330459061e-05,0.007182595967642698,0.6936258426557989
IMG_0095|r4|BDA-EHHO-VC-Calibrated,IMG_0095,86000.jpg,4,BDA-EHHO-VC-Calibrated,0.0028222009959096325,7.31833068531937e-05,0.007182595967642698,0.6935861319508874
IMG_0095|r4|HHO-VC,IMG_0095,86000.jpg,4,HHO-VC,0.002559308732578598,7.187892174636263e-05,0.007182595967642698,0.6935332309084318
IMG_0095|r4|EHHO-VC,IMG_0095,86000.jpg,4,EHHO-VC,0.002202585494309798,7.882749381652755e-05,0.007182595967642698,0.6936268882313358
IMG_0095|r4|BEHHO-VC-Calibrated,IMG_0095,86000.jpg,4,BEHHO-VC-Calibrated,0.0026712869513703624,7.514653924635494e-05,0.007182595967642698,0.6936292756993637
IMG_0095|r4|MO-BDA-EHHO-VC,IMG_0095,86000.jpg,4,MO-BDA-EHHO-VC,0.002509414882841971,7.027496073968148e-05,0.007182595967642698,0.6935309365685892
IMG_0095|r5|HHO-VC,IMG_0095,86000.jpg,5,HHO-VC,0.0028991569767103874,6.678859549609934e-05,0.007182595967642698,0.6934634778975023
IMG_0095|r5|EHHO-VC,IMG_0095,86000.jpg,5,EHHO-VC,0.0028427342205054273,6.828694349410422e-05,0.007182595967642698,0.6934813712084137
IMG_0095|r5|BEHHO-VC-Calibrated,IMG_0095,86000.jpg,5,BEHHO-VC-Calibrated,0.003031075144895252,6.915431445118278e-05,0.007182595967642698,0.6934883558223253
IMG_0095|r5|BDA-EHHO-VC-Calibrated,IMG_0095,86000.jpg,5,BDA-EHHO-VC-Calibrated,0.0029836139654779675,6.914884115522491e-05,0.007182595967642698,0.6934633297390254
IMG_0095|r5|MO-BDA-EHHO-VC,IMG_0095,86000.jpg,5,MO-BDA-EHHO-VC,0.0023023976885288926,6.480588435894685e-05,0.007182595967642698,0.6934230475657029
IMG_0096|r1|BDA-EHHO-VC-Calibrated,IMG_0096,86016.jpg,1,BDA-EHHO-VC-Calibrated,0.0038571896039249318,6.670300987896099e-05,0.002711554113423272,0.7097036785225727
IMG_0096|r1|BEHHO-VC-Calibrated,IMG_0096,86016.jpg,1,BEHHO-VC-Calibrated,0.0036434435533152895,6.56101886596594e-05,0.002711554113423272,0.7095507324103084
IMG_0096|r1|EHHO-VC,IMG_0096,86016.jpg,1,EHHO-VC,0.0033311032812290108,6.688564029127055e-05,0.002711554113423272,0.7097153026133612
IMG_0096|r1|HHO-VC,IMG_0096,86016.jpg,1,HHO-VC,0.0033845485026805077,6.979077367377387e-05,0.002711554113423272,0.70966070409807
IMG_0096|r1|MO-BDA-EHHO-VC,IMG_0096,86016.jpg,1,MO-BDA-EHHO-VC,0.003008589445197513,6.985316407637951e-05,0.002711554113423272,0.709673902901813
IMG_0096|r2|EHHO-VC,IMG_0096,86016.jpg,2,EHHO-VC,0.001524320994972679,7.009797534674837e-05,0.002711554113423272,0.7100204836772009
IMG_0096|r2|BDA-EHHO-VC-Calibrated,IMG_0096,86016.jpg,2,BDA-EHHO-VC-Calibrated,0.0010453405353899514,7.189311806226686e-05,0.002711554113423272,0.7102493207944383
IMG_0096|r2|HHO-VC,IMG_0096,86016.jpg,2,HHO-VC,0.001524320994972679,7.009797534674837e-05,0.002711554113423272,0.7100204836772009
IMG_0096|r2|BEHHO-VC-Calibrated,IMG_0096,86016.jpg,2,BEHHO-VC-Calibrated,0.0007786805778586607,7.497327032215176e-05,0.002711554113423272,0.7101885504203089
IMG_0096|r2|MO-BDA-EHHO-VC,IMG_0096,86016.jpg,2,MO-BDA-EHHO-VC,0.0018698101491370302,7.30846724352032e-05,0.002711554113423272,0.7102510225003731
IMG_0096|r3|BEHHO-VC-Calibrated,IMG_0096,86016.jpg,3,BEHHO-VC-Calibrated,0.00153141849383495,4.938745466358471e-05,0.002711554113423272,0.7099132127068183
IMG_0096|r3|BDA-EHHO-VC-Calibrated,IMG_0096,86016.jpg,3,BDA-EHHO-VC-Calibrated,0.0015557228190809496,4.8446363691920747e-05,0.002711554113423272,0.7099824027155356
IMG_0096|r3|EHHO-VC,IMG_0096,86016.jpg,3,EHHO-VC,0.0013817461655466262,4.9288092106681074e-05,0.002711554113423272,0.7100092659639491
IMG_0096|r3|HHO-VC,IMG_0096,86016.jpg,3,HHO-VC,0.0014407425508049549,4.8692157710979524e-05,0.002711554113423272,0.7099906826578452
IMG_0096|r3|MO-BDA-EHHO-VC,IMG_0096,86016.jpg,3,MO-BDA-EHHO-VC,0.0015059567186585232,5.1025728566034705e-05,0.002711554113423272,0.7097729447270781
IMG_0096|r4|BDA-EHHO-VC-Calibrated,IMG_0096,86016.jpg,4,BDA-EHHO-VC-Calibrated,0.000867169690617283,7.301436968734901e-05,0.002711554113423272,0.7099354745762491
IMG_0096|r4|EHHO-VC,IMG_0096,86016.jpg,4,EHHO-VC,0.00064158018495837,7.863176818250315e-05,0.002711554113423272,0.7098712372937599
IMG_0096|r4|HHO-VC,IMG_0096,86016.jpg,4,HHO-VC,0.00064158018495837,7.863176818250315e-05,0.002711554113423272,0.7098712372937599
IMG_0096|r4|BEHHO-VC-Calibrated,IMG_0096,86016.jpg,4,BEHHO-VC-Calibrated,0.0009107269108672866,7.442358504940217e-05,0.002711554113423272,0.7099725480602713
IMG_0096|r4|MO-BDA-EHHO-VC,IMG_0096,86016.jpg,4,MO-BDA-EHHO-VC,0.0009004729010656009,6.614198209256128e-05,0.002711554113423272,0.709816380559409
IMG_0096|r5|BEHHO-VC-Calibrated,IMG_0096,86016.jpg,5,BEHHO-VC-Calibrated,0.0011629753257621726,6.030536537064392e-05,0.002711554113423272,0.7100662265486721
IMG_0096|r5|BDA-EHHO-VC-Calibrated,IMG_0096,86016.jpg,5,BDA-EHHO-VC-Calibrated,0.0013984894602268449,5.607690753666759e-05,0.002711554113423272,0.7097930858137392
IMG_0096|r5|HHO-VC,IMG_0096,86016.jpg,5,HHO-VC,0.0015629001175527337,5.691349854456374e-05,0.002711554113423272,0.709880905692653
IMG_0096|r5|EHHO-VC,IMG_0096,86016.jpg,5,EHHO-VC,0.0015629001175527337,5.691349854456374e-05,0.002711554113423272,0.709880905692653
IMG_0096|r5|MO-BDA-EHHO-VC,IMG_0096,86016.jpg,5,MO-BDA-EHHO-VC,0.001340897281390296,5.7757494110126644e-05,0.002711554113423272,0.7097989952204182
IMG_0097|r1|EHHO-VC,IMG_0097,86068.jpg,1,EHHO-VC,0.0031559084733075254,7.51569151816483e-05,0.0009067298786924953,0.7324219329516358
IMG_0097|r1|HHO-VC,IMG_0097,86068.jpg,1,HHO-VC,0.003256894006156627,7.433266761500125e-05,0.0009067298786924953,0.7324507561250438
IMG_0097|r1|BEHHO-VC-Calibrated,IMG_0097,86068.jpg,1,BEHHO-VC-Calibrated,0.0029665537239440417,7.174924609554377e-05,0.0009067298786924953,0.7324437503456357
IMG_0097|r1|BDA-EHHO-VC-Calibrated,IMG_0097,86068.jpg,1,BDA-EHHO-VC-Calibrated,0.0028645582619012395,7.08237464360559e-05,0.0009067298786924953,0.7324414856374887
IMG_0097|r1|MO-BDA-EHHO-VC,IMG_0097,86068.jpg,1,MO-BDA-EHHO-VC,0.0031913523441371773,7.493721880713561e-05,0.0009067298786924953,0.7324868517631186
IMG_0097|r2|BEHHO-VC-Calibrated,IMG_0097,86068.jpg,2,BEHHO-VC-Calibrated,0.00238150859814834,7.562138981667452e-05,0.0009067298786924953,0.7324848622064287
IMG_0097|r2|HHO-VC,IMG_0097,86068.jpg,2,HHO-VC,0.002148852419519621,7.437956701335536e-05,0.0009067298786924953,0.7324875544576092
IMG_0097|r2|EHHO-VC,IMG_0097,86068.jpg,2,EHHO-VC,0.002148852419519621,7.437956701335536e-05,0.0009067298786924953,0.7324875544576092
IMG_0097|r2|BDA-EHHO-VC-Calibrated,IMG_0097,86068.jpg,2,BDA-EHHO-VC-Calibrated,0.0017395801723720731,6.972259669420421e-05,0.0009067298786924953,0.7324835160808384
IMG_0097|r2|MO-BDA-EHHO-VC,IMG_0097,86068.jpg,2,MO-BDA-EHHO-VC,0.0018779893213782721,6.957281660481669e-05,0.0009067298786924953,0.7324608139690764
IMG_0097|r3|BEHHO-VC-Calibrated,IMG_0097,86068.jpg,3,BEHHO-VC-Calibrated,0.0022841014797193183,6.45078536482455e-05,0.0009067298786924953,0.732291210610908
IMG_0097|r3|EHHO-VC,IMG_0097,86068.jpg,3,EHHO-VC,0.00221660195330857,6.58524784321003e-05,0.0009067298786924953,0.7322754465489646
IMG_0097|r3|HHO-VC,IMG_0097,86068.jpg,3,HHO-VC,0.002110478463613259,6.528610607714327e-05,0.0009067298786924953,0.7322423775769181
IMG_0097|r3|BDA-EHHO-VC-Calibrated,IMG_0097,86068.jpg,3,BDA-EHHO-VC-Calibrated,0.002207968185495794,6.541598547509978e-05,0.0009067298786924953,0.7322909142939541
IMG_0097|r3|MO-BDA-EHHO-VC,IMG_0097,86068.jpg,3,MO-BDA-EHHO-VC,0.0021724283902242875,5.905923583053519e-05,0.0009067298786924953,0.7322530661527525
IMG_0097|r4|BDA-EHHO-VC-Calibrated,IMG_0097,86068.jpg,4,BDA-EHHO-VC-Calibrated,0.0021532440775088586,5.025776497946647e-05,0.0009067298786924953,0.7325299997446942
IMG_0097|r4|HHO-VC,IMG_0097,86068.jpg,4,HHO-VC,0.0015587116325268618,4.921164439061801e-05,0.0009067298786924953,0.7325515462203365
IMG_0097|r4|EHHO-VC,IMG_0097,86068.jpg,4,EHHO-VC,0.001753390871904443,4.9175299150507056e-05,0.0009067298786924953,0.732581271043904
IMG_0097|r4|BEHHO-VC-Calibrated,IMG_0097,86068.jpg,4,BEHHO-VC-Calibrated,0.0017014341897051554,4.831587184053098e-05,0.0009067298786924953,0.7325686902726646
IMG_0097|r4|MO-BDA-EHHO-VC,IMG_0097,86068.jpg,4,MO-BDA-EHHO-VC,0.0017512452084688969,4.8253445406566766e-05,0.0009067298786924953,0.7324808957923468
IMG_0097|r5|HHO-VC,IMG_0097,86068.jpg,5,HHO-VC,0.0018517895037231035,6.629010506584237e-05,0.0009067298786924953,0.7324102241988605
IMG_0097|r5|BDA-EHHO-VC-Calibrated,IMG_0097,86068.jpg,5,BDA-EHHO-VC-Calibrated,0.0023206549926619467,7.659917533555628e-05,0.0009067298786924953,0.7323613403676786
IMG_0097|r5|BEHHO-VC-Calibrated,IMG_0097,86068.jpg,5,BEHHO-VC-Calibrated,0.0022077361231783643,7.647951496169907e-05,0.0009067298786924953,0.7323746026679118
IMG_0097|r5|EHHO-VC,IMG_0097,86068.jpg,5,EHHO-VC,0.0024584751967029676,7.618946570391257e-05,0.0009067298786924953,0.7324753461991117
IMG_0097|r5|MO-BDA-EHHO-VC,IMG_0097,86068.jpg,5,MO-BDA-EHHO-VC,0.0028181633228944007,7.472763799094102e-05,0.0009067298786924953,0.732456068664716
IMG_0098|r1|BEHHO-VC-Calibrated,IMG_0098,87046.jpg,1,BEHHO-VC-Calibrated,0.0019040792365966638,6.678379578538963e-05,0.031742022396228003,0.7051183501409332
IMG_0098|r1|BDA-EHHO-VC-Calibrated,IMG_0098,87046.jpg,1,BDA-EHHO-VC-Calibrated,0.0021290993383410992,6.768283274729505e-05,0.031742022396228003,0.7050346109697833
IMG_0098|r1|HHO-VC,IMG_0098,87046.jpg,1,HHO-VC,0.00243029631975016,7.024095783067241e-05,0.031742022396228003,0.7051197682292122
IMG_0098|r1|EHHO-VC,IMG_0098,87046.jpg,1,EHHO-VC,0.002186066768677925,7.184914077773613e-05,0.031742022396228003,0.7051644189610536
IMG_0098|r1|MO-BDA-EHHO-VC,IMG_0098,87046.jpg,1,MO-BDA-EHHO-VC,0.002341652003899311,6.805110581782079e-05,0.031742022396228003,0.705037083099798
IMG_0098|r2|BDA-EHHO-VC-Calibrated,IMG_0098,87046.jpg,2,BDA-EHHO-VC-Calibrated,0.0031611513978197503,9.768918674308017e-05,0.031742022396228003,0.7050190966607012
IMG_0098|r2|BEHHO-VC-Calibrated,IMG_0098,87046.jpg,2,BEHHO-VC-Calibrated,0.003350526815141249,9.146959646926841e-05,0.031742022396228003,0.7049495045075466
IMG_0098|r2|EHHO-VC,IMG_0098,87046.jpg,2,EHHO-VC,0.0033193186779619474,9.160996653351212e-05,0.031742022396228003,0.7049305825534954
IMG_0098|r2|HHO-VC,IMG_0098,87046.jpg,2,HHO-VC,0.0033193186779619474,9.160996653351212e-05,0.031742022396228003,0.7049305825534954
IMG_0098|r2|MO-BDA-EHHO-VC,IMG_0098,87046.jpg,2,MO-BDA-EHHO-VC,0.00317729731640011,9.507265291040664e-05,0.031742022396228003,0.7050190627959063
IMG_0098|r3|BDA-EHHO-VC-Calibrated,IMG_0098,87046.jpg,3,BDA-EHHO-VC-Calibrated,0.0016502352546194814,6.158743906304707e-05,0.031742022396228003,0.705632176438157
IMG_0098|r3|HHO-VC,IMG_0098,87046.jpg,3,HHO-VC,0.0011523763224914152,6.13074213765572e-05,0.031742022396228003,0.7055274749590739
IMG_0098|r3|BEHHO-VC-Calibrated,IMG_0098,87046.jpg,3,BEHHO-VC-Calibrated,0.001299503075828388,5.9492893846482764e-05,0.031742022396228003,0.7054716446118746
IMG_0098|r3|EHHO-VC,IMG_0098,87046.jpg,3,EHHO-VC,0.0011523763224914152,6.13074213765572e-05,0.031742022396228003,0.7055274749590739
IMG_0098|r3|MO-BDA-EHHO-VC,IMG_0098,87046.jpg,3,MO-BDA-EHHO-VC,0.0013405005528262946,5.968626972411924e-05,0.031742022396228003,0.7056032643696626
IMG_0098|r4|HHO-VC,IMG_0098,87046.jpg,4,HHO-VC,0.0024223867574160976,5.6611926499673786e-05,0.031742022396228003,0.7053295521663188
IMG_0098|r4|BDA-EHHO-VC-Calibrated,IMG_0098,87046.jpg,4,BDA-EHHO-VC-Calibrated,0.002371080171396452,5.994505083816934e-05,0.031742022396228003,0.705369546488886
IMG_0098|r4|EHHO-VC,IMG_0098,87046.jpg,4,EHHO-VC,0.0023537680384002374,5.6928580199813406e-05,0.031742022396228003,0.7053335058811027
IMG_0098|r4|BEHHO-VC-Calibrated,IMG_0098,87046.jpg,4,BEHHO-VC-Calibrated,0.002234950079198657,6.10733562380287e-05,0.031742022396228003,0.705325289435283
IMG_0098|r4|MO-BDA-EHHO-VC,IMG_0098,87046.jpg,4,MO-BDA-EHHO-VC,0.0018291445622298644,6.136505191625399e-05,0.031742022396228003,0.7053954742223453
IMG_0098|r5|BEHHO-VC-Calibrated,IMG_0098,87046.jpg,5,BEHHO-VC-Calibrated,0.001822972236250453,4.596005704926358e-05,0.031742022396228003,0.7053883245175595
IMG_0098|r5|HHO-VC,IMG_0098,87046.jpg,5,HHO-VC,0.0018951445182892885,4.421794025347791e-05,0.031742022396228003,0.705381217143767
IMG_0098|r5|BDA-EHHO-VC-Calibrated,IMG_0098,87046.jpg,5,BDA-EHHO-VC-Calibrated,0.0020346919260318826,4.408440060008216e-05,0.031742022396228003,0.7053956096815241
IMG_0098|r5|EHHO-VC,IMG_0098,87046.jpg,5,EHHO-VC,0.0018951445182892885,4.421794025347791e-05,0.031742022396228003,0.705381217143767
IMG_0098|r5|MO-BDA-EHHO-VC,IMG_0098,87046.jpg,5,MO-BDA-EHHO-VC,0.0014946463726014834,4.515705727891534e-05,0.031742022396228003,0.7054554233752026
IMG_0099|r1|HHO-VC,IMG_0099,89072.jpg,1,HHO-VC,0.0012463571442721747,5.445276299950838e-05,0.0,0.7022964291508741
IMG_0099|r1|EHHO-VC,IMG_0099,89072.jpg,1,EHHO-VC,0.001319074729892758,5.3601039390587875e-05,0.0,0.7023091919453851
IMG_0099|r1|BDA-EHHO-VC-Calibrated,IMG_0099,89072.jpg,1,BDA-EHHO-VC-Calibrated,0.0013754902755646725,6.36634644651408e-05,0.0,0.7021334251945771
IMG_0099|r1|BEHHO-VC-Calibrated,IMG_0099,89072.jpg,1,BEHHO-VC-Calibrated,0.0014606323413256896,6.573375542043073e-05,0.0,0.7022408951206286
IMG_0099|r1|MO-BDA-EHHO-VC,IMG_0099,89072.jpg,1,MO-BDA-EHHO-VC,0.0018731214784131068,5.742788995649893e-05,0.0,0.7022129693642807
IMG_0099|r2|EHHO-VC,IMG_0099,89072.jpg,2,EHHO-VC,0.0012646881945216537,8.498165898850622e-05,0.0,0.7021597677717718
IMG_0099|r2|BDA-EHHO-VC-Calibrated,IMG_0099,89072.jpg,2,BDA-EHHO-VC-Calibrated,0.001719708750075681,7.676625559026704e-05,0.0,0.7023555105183666
IMG_0099|r2|BEHHO-VC-Calibrated,IMG_0099,89072.jpg,2,BEHHO-VC-Calibrated,0.0016428392918480675,8.225023966419231e-05,0.0,0.7021709854850237
IMG_0099|r2|HHO-VC,IMG_0099,89072.jpg,2,HHO-VC,0.0012646881945216537,8.498165898850622e-05,0.0,0.7021597677717718
IMG_0099|r2|MO-BDA-EHHO-VC,IMG_0099,89072.jpg,2,MO-BDA-EHHO-VC,0.001999341629540801,7.867069726682188e-05,0.0,0.7022043126761298
IMG_0099|r3|BEHHO-VC-Calibrated,IMG_0099,89072.jpg,3,BEHHO-VC-Calibrated,0.0017721655878902302,6.0872429816899096e-05,0.0,0.7022084907451788
IMG_0099|r3|BDA-EHHO-VC-Calibrated,IMG_0099,89072.jpg,3,BDA-EHHO-VC-Calibrated,0.0014002216417687474,5.690907182247028e-05,0.0,0.7021870543301194
IMG_0099|r3|HHO-VC,IMG_0099,89072.jpg,3,HHO-VC,0.002671018304760906,6.182782314080635e-05,0.0,0.7021061978996203
IMG_0099|r3|EHHO-VC,IMG_0099,89072.jpg,3,EHHO-VC,0.002674732693637669,6.180986772663823e-05,0.0,0.7021058042213816
IMG_0099|r3|MO-BDA-EHHO-VC,IMG_0099,89072.jpg,3,MO-BDA-EHHO-VC,0.00190208292835229,5.4127909428860843e-05,0.0,0.7022942364054159
IMG_0099|r4|EHHO-VC,IMG_0099,89072.jpg,4,EHHO-VC,0.0020274934796047704,6.533931298359354e-05,0.0,0.7020550027961988
IMG_0099|r4|HHO-VC,IMG_0099,89072.jpg,4,HHO-VC,0.0020431061564359456,6.65364937396832e-05,0.0,0.7020410758993689
IMG_0099|r4|BDA-EHHO-VC-Calibrated,IMG_0099,89072.jpg,4,BDA-EHHO-VC-Calibrated,0.0022296484455913723,6.646533450330729e-05,0.0,0.7019502886178177
IMG_0099|r4|BEHHO-VC-Calibrated,IMG_0099,89072.jpg,4,BEHHO-VC-Calibrated,0.002016309423116831,6.294362151335578e-05,0.0,0.702023783688564
IMG_0099|r4|MO-BDA-EHHO-VC,IMG_0099,89072.jpg,4,MO-BDA-EHHO-VC,0.001681360360831291,6.210959889236009e-05,0.0,0.7020477260984327
IMG_0099|r5|BEHHO-VC-Calibrated,IMG_0099,89072.jpg,5,BEHHO-VC-Calibrated,0.0011709567353387358,5.0457838621366776e-05,0.0,0.7020322710527412
IMG_0099|r5|EHHO-VC,IMG_0099,89072.jpg,5,EHHO-VC,0.0016280636796593246,4.688014267521498e-05,0.0,0.7019815288909491
IMG_0099|r5|BDA-EHHO-VC-Calibrated,IMG_0099,89072.jpg,5,BDA-EHHO-VC-Calibrated,0.0018948250010131732,4.7048734479930754e-05,0.0,0.7019048462963995
IMG_0099|r5|HHO-VC,IMG_0099,89072.jpg,5,HHO-VC,0.0010096112658370287,4.9179586483356445e-05,0.0,0.7019927381380021
IMG_0099|r5|MO-BDA-EHHO-VC,IMG_0099,89072.jpg,5,MO-BDA-EHHO-VC,0.001909501080711712,4.650195087760862e-05,0.0,0.7019364252174781
IMG_0100|r1|HHO-VC,IMG_0100,97033.jpg,1,HHO-VC,0.0018789039075532516,6.00098749946316e-05,0.1337232271811711,0.6547748152631249
IMG_0100|r1|BEHHO-VC-Calibrated,IMG_0100,97033.jpg,1,BEHHO-VC-Calibrated,0.0015806148345050147,5.336365999922654e-05,0.1337232271811711,0.6548368090029636
IMG_0100|r1|EHHO-VC,IMG_0100,97033.jpg,1,EHHO-VC,0.001999374644617367,5.7599742581667484e-05,0.1337232271811711,0.6548044173268117
IMG_0100|r1|BDA-EHHO-VC-Calibrated,IMG_0100,97033.jpg,1,BDA-EHHO-VC-Calibrated,0.0019516032312072676,5.750724533633009e-05,0.1337232271811711,0.654785575801648
IMG_0100|r1|MO-BDA-EHHO-VC,IMG_0100,97033.jpg,1,MO-BDA-EHHO-VC,0.001626564597163581,5.636114124357111e-05,0.1337232271811711,0.6549699357441168
IMG_0100|r2|EHHO-VC,IMG_0100,97033.jpg,2,EHHO-VC,0.0015898877789683828,6.334153057813337e-05,0.1337232271811711,0.6546754474892107
IMG_0100|r2|BEHHO-VC-Calibrated,IMG_0100,97033.jpg,2,BEHHO-VC-Calibrated,0.0012058624439224336,5.7949042532491916e-05,0.1337232271811711,0.6546772761881257
IMG_0100|r2|BDA-EHHO-VC-Calibrated,IMG_0100,97033.jpg,2,BDA-EHHO-VC-Calibrated,0.0013525840230688283,6.276200400264429e-05,0.1337232271811711,0.6546904876911669
IMG_0100|r2|HHO-VC,IMG_0100,97033.jpg,2,HHO-VC,0.0012355508780115588,6.475584147713045e-05,0.1337232271811711,0.6547457127051605
IMG_0100|r2|MO-BDA-EHHO-VC,IMG_0100,97033.jpg,2,MO-BDA-EHHO-VC,0.0018547893525004686,6.471688877084649e-05,0.1337232271811711,0.6547256605135854
IMG_0100|r3|BDA-EHHO-VC-Calibrated,IMG_0100,97033.jpg,3,BDA-EHHO-VC-Calibrated,0.0021471427819077893,6.871004355971105e-05,0.1337232271811711,0.6550091427102066
IMG_0100|r3|BEHHO-VC-Calibrated,IMG_0100,97033.jpg,3,BEHHO-VC-Calibrated,0.0016848403902564475,6.746581028561177e-05,0.1337232271811711,0.6548436835562922
IMG_0100|r3|HHO-VC,IMG_0100,97033.jpg,3,HHO-VC,0.0016027795687100323,7.153522397370105e-05,0.1337232271811711,0.6548918477605862
IMG_0100|r3|EHHO-VC,IMG_0100,97033.jpg,3,EHHO-VC,0.0016319328685368867,7.118927142272864e-05,0.1337232271811711,0.6549385896435018
IMG_0100|r3|MO-BDA-EHHO-VC,IMG_0100,97033.jpg,3,MO-BDA-EHHO-VC,0.0021217371644838474,7.451608176098125e-05,0.1337232271811711,0.6541594538451246
IMG_0100|r4|BEHHO-VC-Calibrated,IMG_0100,97033.jpg,4,BEHHO-VC-Calibrated,0.0012932731067483254,6.091778415369945e-05,0.1337232271811711,0.6543275375206301
IMG_0100|r4|BDA-EHHO-VC-Calibrated,IMG_0100,97033.jpg,4,BDA-EHHO-VC-Calibrated,0.001032159200621576,5.807492266650679e-05,0.1337232271811711,0.6543504597535578
IMG_0100|r4|HHO-VC,IMG_0100,97033.jpg,4,HHO-VC,0.0013776228110728625,5.752910936470903e-05,0.1337232271811711,0.6542340029576067
IMG_0100|r4|EHHO-VC,IMG_0100,97033.jpg,4,EHHO-VC,0.0014027560978301507,5.674781635691028e-05,0.1337232271811711,0.6542341130181896
IMG_0100|r4|MO-BDA-EHHO-VC,IMG_0100,97033.jpg,4,MO-BDA-EHHO-VC,0.0014739750583116125,6.340844947932633e-05,0.1337232271811711,0.6545606246696051
IMG_0100|r5|HHO-VC,IMG_0100,97033.jpg,5,HHO-VC,0.0016498886795446397,7.497303501460954e-05,0.1337232271811711,0.6547469106722738
IMG_0100|r5|EHHO-VC,IMG_0100,97033.jpg,5,EHHO-VC,0.0016498886795446397,7.497303501460954e-05,0.1337232271811711,0.6547469106722738
IMG_0100|r5|BDA-EHHO-VC-Calibrated,IMG_0100,97033.jpg,5,BDA-EHHO-VC-Calibrated,0.0013330900190935164,8.067663189197922e-05,0.1337232271811711,0.654595480009573
IMG_0100|r5|BEHHO-VC-Calibrated,IMG_0100,97033.jpg,5,BEHHO-VC-Calibrated,0.0011354172752169496,8.175722001648617e-05,0.1337232271811711,0.6546602252639829
IMG_0100|r5|MO-BDA-EHHO-VC,IMG_0100,97033.jpg,5,MO-BDA-EHHO-VC,0.0014711601913904799,9.079525583153483e-05,0.1337232271811711,0.6547368020310491
