relative_path,filename,extension,parent_folder,split,dataset_hint,size_bytes,size_mb,sha256,hash_error,is_image_extension
BSR\bench\bench_bsds500.m,bench_bsds500.m,.m,BSR\bench,unspecified,BSDS500,352,0.000336,9d0cdafebfe942d38863b0298d2fdad2a64d05bf5a6846eef3e1cd1c680bc677,,False
BSR\bench\benchmarks\allBench.m,allBench.m,.m,BSR\bench\benchmarks,unspecified,Unknown / custom,2103,0.002006,2f785bdd4360dc2090a434663a64fbc712009ccb720001c45f6009564d8fa119,,False
BSR\bench\benchmarks\boundaryBench.m,boundaryBench.m,.m,BSR\bench\benchmarks,unspecified,Unknown / custom,2003,0.00191,3228c6370978418cc8b782deb2aca6dbce97c395fca4e61cb1e853930bfb1367,,False
BSR\bench\benchmarks\collect_eval_bdry.m,collect_eval_bdry.m,.m,BSR\bench\benchmarks,unspecified,Unknown / custom,4045,0.003858,728025ab9d112c0bf8a9e585fdfa683a55085afe5fdb1d3b757adc461ba81c47,,False
BSR\bench\benchmarks\collect_eval_reg.m,collect_eval_reg.m,.m,BSR\bench\benchmarks,unspecified,Unknown / custom,4112,0.003922,a4fc52b3d5a56a08b54a9cbac418cc32bfae5c1faef3244ddfe0dd6c70772e3c,,False
BSR\bench\benchmarks\correspondPixels.m,correspondPixels.m,.m,BSR\bench\benchmarks,unspecified,Unknown / custom,1637,0.001561,fb0ed327ecff85953bf5bd1f7692db984fe204687c00b62595b1356a058a61b6,,False
BSR\bench\benchmarks\correspondPixels.mexa64,correspondPixels.mexa64,.mexa64,BSR\bench\benchmarks,unspecified,Unknown / custom,112617,0.1074,80d098b3ad84abd96ed32b70e7047129580237ea8c23fb02d6e221b5cfb46e45,,False
BSR\bench\benchmarks\create_isoF_figure.m,create_isoF_figure.m,.m,BSR\bench\benchmarks,unspecified,Unknown / custom,581,0.000554,f481d252f64e913bb835c71121d0c39b6a5d74d875e55045a0cdbaa36b5f8b0d,,False
BSR\bench\benchmarks\evaluation_bdry_image.m,evaluation_bdry_image.m,.m,BSR\bench\benchmarks,unspecified,Unknown / custom,3072,0.00293,01117b67af3f58a838db1b788677641d3592495452f1eb5d3318cf0792763dd4,,False
BSR\bench\benchmarks\evaluation_reg_image.m,evaluation_reg_image.m,.m,BSR\bench\benchmarks,unspecified,Unknown / custom,3793,0.003617,7dc3b26633fb583f362b4f58d5f99b48f593557867c6a9444b7e4e38ba0f138b,,False
BSR\bench\benchmarks\isoF.fig,isoF.fig,.fig,BSR\bench\benchmarks,unspecified,Unknown / custom,98491,0.093928,73b0977fc83e8d52e24907c7d0b67a95380f994c5b24272d27dd2b9185ac7d76,,False
BSR\bench\benchmarks\match_segmentations.m,match_segmentations.m,.m,BSR\bench\benchmarks,unspecified,Unknown / custom,1195,0.00114,e30c6992a6da1ec5754e156afa4cb6b0d5608afa2b537d1e457e5a0a0a1ab893,,False
BSR\bench\benchmarks\match_segmentations2.m,match_segmentations2.m,.m,BSR\bench\benchmarks,unspecified,Unknown / custom,1758,0.001677,4964662b41afdeba8e489a5514810c86bb0039634949c9bc81acd53c0fc439e5,,False
BSR\bench\benchmarks\plot_eval.m,plot_eval.m,.m,BSR\bench\benchmarks,unspecified,Unknown / custom,1467,0.001399,3802d6b9d82b87261ddf9430edb52a1cfa93bbc75c292418c49f6b4505c3f65a,,False
BSR\bench\benchmarks\regionBench.m,regionBench.m,.m,BSR\bench\benchmarks,unspecified,Unknown / custom,1671,0.001594,1de79be28bb2ed0f9841319bbd1dfe99c641845cf43370a746b19e61b646b654,,False
BSR\bench\benchmarks\seg2bdry.m,seg2bdry.m,.m,BSR\bench\benchmarks,unspecified,Unknown / custom,957,0.000913,0da438ef962a1fb07fdfc2dda7f1ec2341e49a91dcac51414fcb690a48e931e1,,False
BSR\bench\data\groundTruth\2018.mat,2018.mat,.mat,BSR\bench\data\groundTruth,unspecified,Unknown / custom,43462,0.041449,0ce9b9c37a51d8bfc19df82906943d26a395a73e373da480acfe6c49e0f5e1ff,,False
BSR\bench\data\groundTruth\3063.mat,3063.mat,.mat,BSR\bench\data\groundTruth,unspecified,Unknown / custom,35178,0.033548,7c647de04b0a9aa182648a886dda18e907dd58aef5e2eae1282784ce053f800e,,False
BSR\bench\data\groundTruth\5096.mat,5096.mat,.mat,BSR\bench\data\groundTruth,unspecified,Unknown / custom,41515,0.039592,ae7d07418a30bc7b4f63f25ee03df47c93a9ed10aa70249b1b3409c1c989ddeb,,False
BSR\bench\data\groundTruth\6046.mat,6046.mat,.mat,BSR\bench\data\groundTruth,unspecified,Unknown / custom,46750,0.044584,9e3188ca12c7e368866cffa5c2cd5642aeda0e77dd4485309c829e4b970fd5c1,,False
BSR\bench\data\groundTruth\8068.mat,8068.mat,.mat,BSR\bench\data\groundTruth,unspecified,Unknown / custom,33815,0.032248,ec151ff3c01ae38d6f69359a8994a7d3353c5fce6e8bd07e977aa0979dee47f3,,False
BSR\bench\data\images\2018.jpg,2018.jpg,.jpg,BSR\bench\data\images,unspecified,Unknown / custom,75004,0.071529,181f54d5dc7c77222c5c9992289c885f38156fcae91df8e25c2dda2d3f810b00,,True
BSR\bench\data\images\3063.jpg,3063.jpg,.jpg,BSR\bench\data\images,unspecified,Unknown / custom,47609,0.045403,b98bff045cc2fca3011e11d437b11e9ad564c305f5e75aeed8cf1e99b23d2076,,True
BSR\bench\data\images\5096.jpg,5096.jpg,.jpg,BSR\bench\data\images,unspecified,Unknown / custom,71961,0.068627,036eeb42cc04fea9f0bd7c3c19343e0c3e66b74c979e74829331e4a832ae7810,,True
BSR\bench\data\images\6046.jpg,6046.jpg,.jpg,BSR\bench\data\images,unspecified,Unknown / custom,84493,0.080579,3db99e079df3ee618560d840d02dbf124e35d06461058b4f88688b7334cbe098,,True
BSR\bench\data\images\8068.jpg,8068.jpg,.jpg,BSR\bench\data\images,unspecified,Unknown / custom,54207,0.051696,160faa4e5a1ce7428bc03e12c4d5b12b2780e8955de2210b7e91421d662911d5,,True
BSR\bench\data\png\2018.png,2018.png,.png,BSR\bench\data\png,unspecified,Unknown / custom,19887,0.018966,2d87be617d07ace5d174abc8dd4ce8b541df4a5c168679d3b9ef9c68bb482ce7,,True
BSR\bench\data\png\3063.png,3063.png,.png,BSR\bench\data\png,unspecified,Unknown / custom,18004,0.01717,7d6a07ed93676532e6ea98b5179859b9edc09da29412893436b726e68197bd27,,True
BSR\bench\data\png\5096.png,5096.png,.png,BSR\bench\data\png,unspecified,Unknown / custom,19944,0.01902,f5a355c1a7365e360a8763bb117758279d2fbb8d50e7a96e472d9813d248c54e,,True
BSR\bench\data\png\6046.png,6046.png,.png,BSR\bench\data\png,unspecified,Unknown / custom,25334,0.02416,3b729c6278237df3c7022320e1f88bb8474deff5bf463d73bcca7a6d55f21c09,,True
BSR\bench\data\png\8068.png,8068.png,.png,BSR\bench\data\png,unspecified,Unknown / custom,19564,0.018658,76fac93bef3ed45da792bd548dc85626182395906837deef8a4ac41fceb56c54,,True
BSR\bench\data\segs\2018.mat,2018.mat,.mat,BSR\bench\data\segs,unspecified,Unknown / custom,19408,0.018509,d22e687a0846338d4c221a7f3a278164dcf5936621db15c6ba1cda06264e11f7,,False
BSR\bench\data\segs\3063.mat,3063.mat,.mat,BSR\bench\data\segs,unspecified,Unknown / custom,16410,0.01565,752d4fb9387549c0c8f77a0fde703fa79e361236a6e8815b523624478d428324,,False
BSR\bench\data\segs\5096.mat,5096.mat,.mat,BSR\bench\data\segs,unspecified,Unknown / custom,14514,0.013842,95c09c4be29a4054905bde0ad5671eb3300aef90044eebb706dc7b2bc5c78554,,False
BSR\bench\data\segs\6046.mat,6046.mat,.mat,BSR\bench\data\segs,unspecified,Unknown / custom,14531,0.013858,ca3b66ac0e531fdd3b60f8a08a6e852ad425ffb8ab39ecaab9ad76b2d2f434ac,,False
BSR\bench\data\segs\8068.mat,8068.mat,.mat,BSR\bench\data\segs,unspecified,Unknown / custom,16262,0.015509,b7b7ee07fcea6ca7450bab5b4a6d8c220d38314edb94a9c5baef2600c33d5954,,False
BSR\bench\data\test_1\eval_bdry.txt,eval_bdry.txt,.txt,BSR\bench\data\test_1,unspecified,Unknown / custom,88,8.4e-05,ccb4a0c3c1795316fe66a9f20c1b5340b322a0f46500604ca95bfb536372f838,,False
BSR\bench\data\test_1\eval_bdry_img.txt,eval_bdry_img.txt,.txt,BSR\bench\data\test_1,unspecified,Unknown / custom,275,0.000262,4a07b11c201e639ca1423a32636fd3e91a4f048ce6f42e0830e756d4a59d5b38,,False
BSR\bench\data\test_1\eval_bdry_thr.txt,eval_bdry_thr.txt,.txt,BSR\bench\data\test_1,unspecified,Unknown / custom,220,0.00021,581c6b2ee564df3173a1f65f94629d6187888ae0441987d87df88b04582e6f3a,,False
BSR\bench\data\test_1\eval_cover.txt,eval_cover.txt,.txt,BSR\bench\data\test_1,unspecified,Unknown / custom,44,4.2e-05,f8ed6c81a46e5be5ebc90ef25d096d1ffb0fc5c019771af1a9b1d2e629a2ee76,,False
BSR\bench\data\test_1\eval_cover_img.txt,eval_cover_img.txt,.txt,BSR\bench\data\test_1,unspecified,Unknown / custom,220,0.00021,b318d1f7b0186969665a0a6b9ed379f7d9e4ea02396d88218ee12e9cfafabb4e,,False
BSR\bench\data\test_1\eval_cover_th.txt,eval_cover_th.txt,.txt,BSR\bench\data\test_1,unspecified,Unknown / custom,110,0.000105,7adbf4f5fb22d6fe0f733a76ece01a3b220b2c25349eb294b1e4889dfb0a094c,,False
BSR\bench\data\test_1\eval_RI_VOI.txt,eval_RI_VOI.txt,.txt,BSR\bench\data\test_1,unspecified,Unknown / custom,66,6.3e-05,f2d1555bdb71444c908b1860ff9f67b5fd4012361c020fd3750e536d53a47e05,,False
BSR\bench\data\test_1\eval_RI_VOI_thr.txt,eval_RI_VOI_thr.txt,.txt,BSR\bench\data\test_1,unspecified,Unknown / custom,165,0.000157,7d6ce28e14c27e9eee80e08320f7a360a990983c5be99d8b1fabb41ba4742eee,,False
BSR\bench\data\test_2\eval_bdry.txt,eval_bdry.txt,.txt,BSR\bench\data\test_2,unspecified,Unknown / custom,88,8.4e-05,2b60bc8152261aae11762182551de7c44920b51c5b995f8d3eabb8b8245bb582,,False
BSR\bench\data\test_2\eval_bdry_img.txt,eval_bdry_img.txt,.txt,BSR\bench\data\test_2,unspecified,Unknown / custom,275,0.000262,6a552bf9655bcb415caad4b4737d8c2b6028cff58987136b164389f988bc7e05,,False
BSR\bench\data\test_2\eval_bdry_thr.txt,eval_bdry_thr.txt,.txt,BSR\bench\data\test_2,unspecified,Unknown / custom,220,0.00021,b9eae5c96a2785dcfff96c2f9a72bd3c934f2ead553936af065ea3fe753c24d1,,False
BSR\bench\data\test_3\eval_bdry.txt,eval_bdry.txt,.txt,BSR\bench\data\test_3,unspecified,Unknown / custom,88,8.4e-05,275364ba354c13966412420f1467111ccd760e39966e0e4c2f758a2081456ece,,False
BSR\bench\data\test_3\eval_bdry_img.txt,eval_bdry_img.txt,.txt,BSR\bench\data\test_3,unspecified,Unknown / custom,275,0.000262,2ca5013f9a776db6a72d95a8287ef78f1b880bcf4b9e1f4bfb9563c52a9eff21,,False
BSR\bench\data\test_3\eval_bdry_thr.txt,eval_bdry_thr.txt,.txt,BSR\bench\data\test_3,unspecified,Unknown / custom,220,0.00021,0428235fa8ec397be79b6ff506b1569e66963816d16e22e4a4a08c110c4595b1,,False
BSR\bench\data\test_4\eval_bdry.txt,eval_bdry.txt,.txt,BSR\bench\data\test_4,unspecified,Unknown / custom,88,8.4e-05,104872ee26cd8c31c092d1856eff0848520eb0a81f34147677dbf4a34c46bb6f,,False
BSR\bench\data\test_4\eval_bdry_img.txt,eval_bdry_img.txt,.txt,BSR\bench\data\test_4,unspecified,Unknown / custom,275,0.000262,2861f2e78b950c15e617d7134bae53b44972bec10f7842ac982fad1444f4a769,,False
BSR\bench\data\test_4\eval_bdry_thr.txt,eval_bdry_thr.txt,.txt,BSR\bench\data\test_4,unspecified,Unknown / custom,220,0.00021,746f82fcb21e2e6989aa3c3bdb385eebe45904dccdceddbb9b6eb514caddbd39,,False
BSR\bench\data\test_4\eval_cover.txt,eval_cover.txt,.txt,BSR\bench\data\test_4,unspecified,Unknown / custom,44,4.2e-05,906e14d981078c449b78a182a8e24de51b40bef786f20d9e781a81ef31a46dc7,,False
BSR\bench\data\test_4\eval_cover_img.txt,eval_cover_img.txt,.txt,BSR\bench\data\test_4,unspecified,Unknown / custom,220,0.00021,518aaf3ad25bea614f83ca97bac36462cb4529daa1ca43128d7f74283d0ab1d3,,False
BSR\bench\data\test_4\eval_cover_th.txt,eval_cover_th.txt,.txt,BSR\bench\data\test_4,unspecified,Unknown / custom,110,0.000105,7db2abcc1a20a3e7eab9f3db948fa3603edcacc2442288d6ec5dbccaf8ad1c05,,False
BSR\bench\data\test_4\eval_RI_VOI.txt,eval_RI_VOI.txt,.txt,BSR\bench\data\test_4,unspecified,Unknown / custom,66,6.3e-05,a0bdd09304fda14fa490e4d27f5557120031c2f95a3a9cb3194b63724e1b00ce,,False
BSR\bench\data\test_4\eval_RI_VOI_thr.txt,eval_RI_VOI_thr.txt,.txt,BSR\bench\data\test_4,unspecified,Unknown / custom,165,0.000157,fd79bcab88721f888090b31d5ac7f29a8b4e900f0bceddf3a3de6f867d86abd8,,False
BSR\bench\data\test_5\eval_cover.txt,eval_cover.txt,.txt,BSR\bench\data\test_5,unspecified,Unknown / custom,44,4.2e-05,906e14d981078c449b78a182a8e24de51b40bef786f20d9e781a81ef31a46dc7,,False
BSR\bench\data\test_5\eval_cover_img.txt,eval_cover_img.txt,.txt,BSR\bench\data\test_5,unspecified,Unknown / custom,220,0.00021,518aaf3ad25bea614f83ca97bac36462cb4529daa1ca43128d7f74283d0ab1d3,,False
BSR\bench\data\test_5\eval_cover_th.txt,eval_cover_th.txt,.txt,BSR\bench\data\test_5,unspecified,Unknown / custom,110,0.000105,7db2abcc1a20a3e7eab9f3db948fa3603edcacc2442288d6ec5dbccaf8ad1c05,,False
BSR\bench\data\test_5\eval_RI_VOI.txt,eval_RI_VOI.txt,.txt,BSR\bench\data\test_5,unspecified,Unknown / custom,66,6.3e-05,a0bdd09304fda14fa490e4d27f5557120031c2f95a3a9cb3194b63724e1b00ce,,False
BSR\bench\data\test_5\eval_RI_VOI_thr.txt,eval_RI_VOI_thr.txt,.txt,BSR\bench\data\test_5,unspecified,Unknown / custom,165,0.000157,fd79bcab88721f888090b31d5ac7f29a8b4e900f0bceddf3a3de6f867d86abd8,,False
BSR\bench\data\ucm2\2018.mat,2018.mat,.mat,BSR\bench\data\ucm2,unspecified,Unknown / custom,250337,0.23874,88e9c55e43958758dd209284da119fc88bc0fd977e3e3eaadc35181a2a6448ac,,False
BSR\bench\data\ucm2\3063.mat,3063.mat,.mat,BSR\bench\data\ucm2,unspecified,Unknown / custom,185279,0.176696,658476415e3f511a1b190c4fc9960bec94cd870ab89ac52bbe963f724f2d6188,,False
BSR\bench\data\ucm2\5096.mat,5096.mat,.mat,BSR\bench\data\ucm2,unspecified,Unknown / custom,217694,0.207609,b1dfd3b1dba27d36d80b463c5c1fe2e99533a4667682da659b5117c166e8069a,,False
BSR\bench\data\ucm2\6046.mat,6046.mat,.mat,BSR\bench\data\ucm2,unspecified,Unknown / custom,298220,0.284405,b916d6a3dc4573ad3a6658e57bbd3e006c3d0315330e55a9f8d096467e4885e3,,False
BSR\bench\data\ucm2\8068.mat,8068.mat,.mat,BSR\bench\data\ucm2,unspecified,Unknown / custom,223176,0.212837,f3676b874f17db0e649c8ef979eddd06a47c34e770423ee48687bb3ba407f559,,False
BSR\bench\source\.gitignore,.gitignore,[no extension],BSR\bench\source,unspecified,Unknown / custom,11,1e-05,ad4118df42250b6b497be8cc0686c470537059df4ec29ecee4419bdc46d10ad4,,False
BSR\bench\source\Array.hh,Array.hh,.hh,BSR\bench\source,unspecified,Unknown / custom,7929,0.007562,3535d4dad0f18841a6ca42e1fe72a9f5d7689c364bb7efbd7a875597ae6f2ea0,,False
BSR\bench\source\build.m,build.m,.m,BSR\bench\source,unspecified,Unknown / custom,138,0.000132,3d7495e378c99bc3ace32375ad4e8717e192fa38f533d3cc4826f14e8db82d3c,,False
BSR\bench\source\build.sh,build.sh,.sh,BSR\bench\source,unspecified,Unknown / custom,85,8.1e-05,304331b0296f62604c374607a7529acb101f1253f72ae1127d1e504244a37874,,False
BSR\bench\source\correspondPixels.cc,correspondPixels.cc,.cc,BSR\bench\source,unspecified,Unknown / custom,2171,0.00207,103b99cb0e605f95090847c0306a67563685b26aac53addd55dc21b6bd52abc7,,False
BSR\bench\source\csa.cc,csa.cc,.cc,BSR\bench\source,unspecified,Unknown / custom,701,0.000669,b9162e8b6ab46355bdca8019fd187020c96b44f963d25e6e414e8c4fb0a73dc1,,False
BSR\bench\source\csa.hh,csa.hh,.hh,BSR\bench\source,unspecified,Unknown / custom,61823,0.058959,b7d2c76b680fa676b0dd6efff5810a1b31b4449caa92e2fdb65b13a7733d68cf,,False
BSR\bench\source\csa_defs.h,csa_defs.h,.h,BSR\bench\source,unspecified,Unknown / custom,4860,0.004635,9881da7e2ee44a0781c38fcf2badf4ca50e7ecba3e584785262799a1f2f027e9,,False
BSR\bench\source\csa_types.h,csa_types.h,.h,BSR\bench\source,unspecified,Unknown / custom,4536,0.004326,d280313b84f41cfff9735a6dbf974ce5938dc4cef82a4459e3a61e0acb0b6e30,,False
BSR\bench\source\Exception.cc,Exception.cc,.cc,BSR\bench\source,unspecified,Unknown / custom,1157,0.001103,89e1b9d434c2e117e662bee0ca9e84d6e4a0fbfdfc524c7ae9fdacbeb5abd994,,False
BSR\bench\source\Exception.hh,Exception.hh,.hh,BSR\bench\source,unspecified,Unknown / custom,1576,0.001503,a27b37d64eafdd344d5ae4b5bb7373f9507027ae6944283a7946c4a2f4409a5d,,False
BSR\bench\source\kofn.cc,kofn.cc,.cc,BSR\bench\source,unspecified,Unknown / custom,1673,0.001595,3219260d43526e18d611b6cd321c018e7eee495fd169258a9f5927c815a047ee,,False
BSR\bench\source\kofn.hh,kofn.hh,.hh,BSR\bench\source,unspecified,Unknown / custom,111,0.000106,cc85e02b2ff8906de6d7cf5cc4407ffd9a4888bbb6384dbb6545249dc853dce2,,False
BSR\bench\source\match.cc,match.cc,.cc,BSR\bench\source,unspecified,Unknown / custom,12024,0.011467,d4615da0e929ead49f8a4722bb9f3b7a1098ca7b722d792312fe2503f4b41445,,False
BSR\bench\source\match.hh,match.hh,.hh,BSR\bench\source,unspecified,Unknown / custom,280,0.000267,4374c506b85033974582f4e95ee103c6a03814e8e2053035329e6c0200298825,,False
BSR\bench\source\Matrix.cc,Matrix.cc,.cc,BSR\bench\source,unspecified,Unknown / custom,47460,0.045261,204ec962d5f1df21bb8c0805cf51d7a39a018a2a7a917a9dd9f3e5401068fed7,,False
BSR\bench\source\Matrix.hh,Matrix.hh,.hh,BSR\bench\source,unspecified,Unknown / custom,13371,0.012752,80a2063c445b9f501b409d0a4b7e04178347f7856cfc8b3d90d169b57d4235bd,,False
BSR\bench\source\Point.hh,Point.hh,.hh,BSR\bench\source,unspecified,Unknown / custom,1132,0.00108,1da17d4c0fd3ff6c76bdf5eb7e4358cb564732c415f2cc84c645e4aab3aedd12,,False
BSR\bench\source\Random.cc,Random.cc,.cc,BSR\bench\source,unspecified,Unknown / custom,1802,0.001719,1d22ddb446051f75705a3bf37fabfa4c1feaf0195af634a55784c46af731c39a,,False
BSR\bench\source\Random.hh,Random.hh,.hh,BSR\bench\source,unspecified,Unknown / custom,3463,0.003303,4eed3ada44aa71063a0683573eb443628612381f1d1e872259dba8245bfa5021,,False
BSR\bench\source\README,README,[no extension],BSR\bench\source,unspecified,Unknown / custom,186,0.000177,0db11aa16b81e088dcc7817dd49e0f476bd232590d16f26bdcc81a3f3cfb8ad5,,False
BSR\bench\source\Sort.hh,Sort.hh,.hh,BSR\bench\source,unspecified,Unknown / custom,7593,0.007241,0afbddc04978693c0265d2cb3e3e527834340c74e6291521bee1b5a401001bdd,,False
BSR\bench\source\String.cc,String.cc,.cc,BSR\bench\source,unspecified,Unknown / custom,3775,0.0036,906dcc9dcaf2522dc172bf476b7e842cca41c75ac64e5cd8d2ca03cfc4c6d610,,False
BSR\bench\source\String.hh,String.hh,.hh,BSR\bench\source,unspecified,Unknown / custom,4583,0.004371,4047906d68d6cd98128437cafdc69c823109dd1900c18db867306f3c3b8761b2,,False
BSR\bench\source\Timer.cc,Timer.cc,.cc,BSR\bench\source,unspecified,Unknown / custom,2416,0.002304,0ae1dd28e8284b2c3a56c02809d9c68bc529a6596da024c117e46264cccd2b73,,False
BSR\bench\source\Timer.hh,Timer.hh,.hh,BSR\bench\source,unspecified,Unknown / custom,2612,0.002491,0b8025a5b7bfa41088688c40f72c87703de86d68eb6314bb84689c97352e4c1f,,False
BSR\bench\test_benchs.m,test_benchs.m,.m,BSR\bench,unspecified,Unknown / custom,1544,0.001472,7054109117909c835335403bdda58a6708a1596b8acd565bbc211b32cd8c6aaf,,False
BSR\BSDS500\data\groundTruth\test\100007.mat,100007.mat,.mat,BSR\BSDS500\data\groundTruth\test,test,BSDS500,36761,0.035058,2868fa6eba02fa633865fc4e907a84d30fe30984656417a93f74b428fc746e27,,False
BSR\BSDS500\data\groundTruth\test\100039.mat,100039.mat,.mat,BSR\BSDS500\data\groundTruth\test,test,BSDS500,33415,0.031867,80499f45c3dc61fe1b1ea15a8be43e2b8e7c9cf56d077c792d42d56050abf2ee,,False
BSR\BSDS500\data\groundTruth\test\100099.mat,100099.mat,.mat,BSR\BSDS500\data\groundTruth\test,test,BSDS500,36734,0.035032,ecd3662da9dfc32c6783733b8e035db1eaa218fe45f62115df58ac8d7bf4930b,,False
BSR\BSDS500\data\groundTruth\test\10081.mat,10081.mat,.mat,BSR\BSDS500\data\groundTruth\test,test,BSDS500,36378,0.034693,a2de3f018837252c079bdab4d8f23dd303d1d353dbeee68894ad50d493eee653,,False
BSR\BSDS500\data\groundTruth\test\101027.mat,101027.mat,.mat,BSR\BSDS500\data\groundTruth\test,test,BSDS500,39007,0.0372,51a5b32d73e84e107e2a5dfcee512578cac51fbe4de2bc3bb936cdaea58e9d9e,,False
BSR\BSDS500\data\groundTruth\test\101084.mat,101084.mat,.mat,BSR\BSDS500\data\groundTruth\test,test,BSDS500,49013,0.046742,76c530223bb67259936b241eebb1831a945fde85bce2e37c47785eb5188c2a57,,False
BSR\BSDS500\data\groundTruth\test\102062.mat,102062.mat,.mat,BSR\BSDS500\data\groundTruth\test,test,BSDS500,41959,0.040015,c361de764a7f0b7dc3d7a44e0ee9472a974af34cc70355d97d7d1b7b3a420e95,,False
BSR\BSDS500\data\groundTruth\test\103006.mat,103006.mat,.mat,BSR\BSDS500\data\groundTruth\test,test,BSDS500,37732,0.035984,474b2310b899ada4618d0cfdc5c7c78910397a91a9e2adba30606cd795d6bc89,,False
BSR\BSDS500\data\groundTruth\test\103029.mat,103029.mat,.mat,BSR\BSDS500\data\groundTruth\test,test,BSDS500,61736,0.058876,171309d086397e13069c5ddb665295b79a7315add72d6a2b17a110329f0cd2e3,,False
BSR\BSDS500\data\groundTruth\test\103078.mat,103078.mat,.mat,BSR\BSDS500\data\groundTruth\test,test,BSDS500,46646,0.044485,f776a670125906e6ee6ed8fcb19bcd389e929af75870dc860f828c075df87ae0,,False
BSR\BSDS500\data\groundTruth\test\104010.mat,104010.mat,.mat,BSR\BSDS500\data\groundTruth\test,test,BSDS500,38633,0.036843,ea5169500751342376ad2c06b34efae2f00becfea48d4e5b4fbd0fdd8f860be2,,False
BSR\BSDS500\data\groundTruth\test\104055.mat,104055.mat,.mat,BSR\BSDS500\data\groundTruth\test,test,BSDS500,47409,0.045213,221d75387ab262d3787b91e330d37df5f89549607aeb8d0d283963801f7d3786,,False
BSR\BSDS500\data\groundTruth\test\105027.mat,105027.mat,.mat,BSR\BSDS500\data\groundTruth\test,test,BSDS500,28192,0.026886,81536b161baa9f042a9e9fa712e7a2db5cd169f72893e1d7f0431f2e1ee72b07,,False
BSR\BSDS500\data\groundTruth\test\106005.mat,106005.mat,.mat,BSR\BSDS500\data\groundTruth\test,test,BSDS500,33357,0.031812,bd2d3b2d3ca0ee42aabe4d768ffc2f6ee5d26fe8aca0a0f31961269fd1413f00,,False
BSR\BSDS500\data\groundTruth\test\106047.mat,106047.mat,.mat,BSR\BSDS500\data\groundTruth\test,test,BSDS500,24935,0.02378,72bafe5f50a154c62f2ffebc4cf4589727603e5b7c55c3e4b9dd9de3147d5bd6,,False
BSR\BSDS500\data\groundTruth\test\107014.mat,107014.mat,.mat,BSR\BSDS500\data\groundTruth\test,test,BSDS500,46391,0.044242,b06c6466798e1033ecdfe706d21ac59cff15fb0d03a15081b2223b295b037e5b,,False
BSR\BSDS500\data\groundTruth\test\107045.mat,107045.mat,.mat,BSR\BSDS500\data\groundTruth\test,test,BSDS500,43574,0.041555,85349bb8158c3ecc47417c0cb3ee7ad5ba25bdcbc13165705582658890a72edf,,False
BSR\BSDS500\data\groundTruth\test\107072.mat,107072.mat,.mat,BSR\BSDS500\data\groundTruth\test,test,BSDS500,56707,0.05408,94eb11fbcefe2977c5d934b3c210a813acf4a8038262a19789ab72f2c89f05dc,,False
BSR\BSDS500\data\groundTruth\test\108004.mat,108004.mat,.mat,BSR\BSDS500\data\groundTruth\test,test,BSDS500,32047,0.030562,00821aae45c44deb5023e95af8c544c18ea83e41e5b1dfddf545ecf50690a924,,False
BSR\BSDS500\data\groundTruth\test\108036.mat,108036.mat,.mat,BSR\BSDS500\data\groundTruth\test,test,BSDS500,40364,0.038494,d38b2cfe66de23e9fd3acef57d0fcecc90b2b7fa41cc1d6583c712b0566c23dc,,False
BSR\BSDS500\data\groundTruth\test\108069.mat,108069.mat,.mat,BSR\BSDS500\data\groundTruth\test,test,BSDS500,24796,0.023647,2b352334c40eced96d3746a416f82598cd67f9b951e87deaa0b5c356adf5bf16,,False
BSR\BSDS500\data\groundTruth\test\109055.mat,109055.mat,.mat,BSR\BSDS500\data\groundTruth\test,test,BSDS500,31657,0.03019,bdb625ec59011354758458eb08d45534073aafa640de81bc6a20f6bf670eaf75,,False
BSR\BSDS500\data\groundTruth\test\112056.mat,112056.mat,.mat,BSR\BSDS500\data\groundTruth\test,test,BSDS500,41749,0.039815,e814b686309bdb88b60fd5dd29822f6c404ba8644f2c61bc57cee05337f19ef1,,False
BSR\BSDS500\data\groundTruth\test\112090.mat,112090.mat,.mat,BSR\BSDS500\data\groundTruth\test,test,BSDS500,44508,0.042446,ac3562ef65d62383976613f8f411e52f15706da182685d996f2874e3050a5178,,False
BSR\BSDS500\data\groundTruth\test\117025.mat,117025.mat,.mat,BSR\BSDS500\data\groundTruth\test,test,BSDS500,43605,0.041585,b6a4b62885fd50d0735be65ed1f9d2c51f542594e42b4f740681c2c9c9b21937,,False
BSR\BSDS500\data\groundTruth\test\118015.mat,118015.mat,.mat,BSR\BSDS500\data\groundTruth\test,test,BSDS500,45947,0.043818,22bed2158fee76a456d2d8fcbdb03d8c757ae02ab0a2c0883c193a8923d62f43,,False
BSR\BSDS500\data\groundTruth\test\118031.mat,118031.mat,.mat,BSR\BSDS500\data\groundTruth\test,test,BSDS500,44795,0.04272,f389b9fb81f7aae06a7dc3fa806ace6a4d53cf29e509c3153ac3958e4968e13b,,False
BSR\BSDS500\data\groundTruth\test\118072.mat,118072.mat,.mat,BSR\BSDS500\data\groundTruth\test,test,BSDS500,49897,0.047585,60eefc9d8e147f56693a91fe71b3962564ccd28457cf539ce639a2cc2d9194b8,,False
BSR\BSDS500\data\groundTruth\test\120003.mat,120003.mat,.mat,BSR\BSDS500\data\groundTruth\test,test,BSDS500,56150,0.053549,3bcbf3fa2c9fbcc18fcc047f20b43be41bebcb15e3d2bcfbbb39af9a17eeab7f,,False
BSR\BSDS500\data\groundTruth\test\120093.mat,120093.mat,.mat,BSR\BSDS500\data\groundTruth\test,test,BSDS500,53657,0.051171,691384944a6d17b9a1b337354d708f26f092e27c71a9a907238857eff4048efb,,False
BSR\BSDS500\data\groundTruth\test\123057.mat,123057.mat,.mat,BSR\BSDS500\data\groundTruth\test,test,BSDS500,44272,0.042221,c6ddd26f4dff2c495e8c6511ebcadd86aa20785c57587a296dcb43df08e52b33,,False
BSR\BSDS500\data\groundTruth\test\128035.mat,128035.mat,.mat,BSR\BSDS500\data\groundTruth\test,test,BSDS500,49362,0.047075,9b732e8716813b7a0ed0cbb519c2607da4cea02f546ebd44e71cc4cb32f3cfaf,,False
BSR\BSDS500\data\groundTruth\test\130014.mat,130014.mat,.mat,BSR\BSDS500\data\groundTruth\test,test,BSDS500,41124,0.039219,35ccdd17c28df3fc98f7e91f0ce1d864d43a94ea1e5e878736e2a1caadf970d9,,False
BSR\BSDS500\data\groundTruth\test\130066.mat,130066.mat,.mat,BSR\BSDS500\data\groundTruth\test,test,BSDS500,42519,0.040549,b61ee3541b5cc47f5cdc143f1402b2e0e05b7750435d4f72836954b023efa099,,False
BSR\BSDS500\data\groundTruth\test\134049.mat,134049.mat,.mat,BSR\BSDS500\data\groundTruth\test,test,BSDS500,71808,0.068481,f3f7811b659f1d6eb92f9f6c7220a67fc9e6ae3b3d46027a4fd3a66c89db5577,,False
BSR\BSDS500\data\groundTruth\test\134067.mat,134067.mat,.mat,BSR\BSDS500\data\groundTruth\test,test,BSDS500,61454,0.058607,5bba1f41b1d7daecb061ea1b3df22c939300ab5b1dbef09b9239123950ba993e,,False
BSR\BSDS500\data\groundTruth\test\140006.mat,140006.mat,.mat,BSR\BSDS500\data\groundTruth\test,test,BSDS500,47691,0.045482,322da2c464ac84e24b944fd56ca6c6394bfd234f16b95eac85c34c15e90e9095,,False
BSR\BSDS500\data\groundTruth\test\140088.mat,140088.mat,.mat,BSR\BSDS500\data\groundTruth\test,test,BSDS500,42682,0.040705,e1b975811f6b55be3633c0802c325c1b7e3b043a55da1ce6bd5819de1ce0b734,,False
BSR\BSDS500\data\groundTruth\test\14085.mat,14085.mat,.mat,BSR\BSDS500\data\groundTruth\test,test,BSDS500,38859,0.037059,0e4a5e6e408fa026e119859202f00fd642043fea03a25ee81adfc0e5bfbd17e4,,False
BSR\BSDS500\data\groundTruth\test\14092.mat,14092.mat,.mat,BSR\BSDS500\data\groundTruth\test,test,BSDS500,49346,0.04706,0f219d1f7fb9d585c5b5139569bc3eebbf760d106bba7b06c7d56bdc19ad1d64,,False
BSR\BSDS500\data\groundTruth\test\141012.mat,141012.mat,.mat,BSR\BSDS500\data\groundTruth\test,test,BSDS500,31180,0.029736,bd05acad3b776ab9d5dec04b9445079e35f434a62eebdabaa3b86d275a302a6f,,False
BSR\BSDS500\data\groundTruth\test\141048.mat,141048.mat,.mat,BSR\BSDS500\data\groundTruth\test,test,BSDS500,34547,0.032947,9ed41ab2cc12466b70ac5be444abd5b58b8b49039f1f9f806fe8ec71e58bd303,,False
BSR\BSDS500\data\groundTruth\test\145059.mat,145059.mat,.mat,BSR\BSDS500\data\groundTruth\test,test,BSDS500,53950,0.051451,972f9d0b331ba4d1b332ba8444ed2da03cf7a25c5889cbf51eed7ecc8c6c29db,,False
BSR\BSDS500\data\groundTruth\test\145079.mat,145079.mat,.mat,BSR\BSDS500\data\groundTruth\test,test,BSDS500,48655,0.046401,976df47832bfb1b40ef2323efd09fe77cd981a7cbf42f9539e5f140baa6126a5,,False
BSR\BSDS500\data\groundTruth\test\146074.mat,146074.mat,.mat,BSR\BSDS500\data\groundTruth\test,test,BSDS500,58415,0.055709,289c9c8cc646a3586ac09da88172e61d7f6a336f050f505b9e0c1e8c8f4b4ebf,,False
BSR\BSDS500\data\groundTruth\test\147077.mat,147077.mat,.mat,BSR\BSDS500\data\groundTruth\test,test,BSDS500,40550,0.038671,89532d733658745b52394a535dd3a156aabfbc2ad9f48fb553209d568c9d7ed9,,False
BSR\BSDS500\data\groundTruth\test\147080.mat,147080.mat,.mat,BSR\BSDS500\data\groundTruth\test,test,BSDS500,40883,0.038989,6bf6763cb8ac6ae2bffae7e52363ab2547c616850d62252930f025d1755af9ed,,False
BSR\BSDS500\data\groundTruth\test\15011.mat,15011.mat,.mat,BSR\BSDS500\data\groundTruth\test,test,BSDS500,55267,0.052707,7ef9fe2b8a1b1dfb4db5619679580041d4654fa179d2b415004261b63ec3a965,,False
BSR\BSDS500\data\groundTruth\test\15062.mat,15062.mat,.mat,BSR\BSDS500\data\groundTruth\test,test,BSDS500,40722,0.038836,f8e3af16ce336b804e1cf4fd8f3c76c30657ee1b671ee5af2e4e22a1fea0b3f2,,False
BSR\BSDS500\data\groundTruth\test\156054.mat,156054.mat,.mat,BSR\BSDS500\data\groundTruth\test,test,BSDS500,45278,0.04318,c0e4c53e2e7ccfc6c589a75074ec6f45cc8adc3571df8a4c1352b2635ec8ccd0,,False
BSR\BSDS500\data\groundTruth\test\157032.mat,157032.mat,.mat,BSR\BSDS500\data\groundTruth\test,test,BSDS500,42455,0.040488,609ad3b6a1d286e00672ee10ec1cea5118b3c18c035a933d0718ec36a9f757ff,,False
BSR\BSDS500\data\groundTruth\test\157087.mat,157087.mat,.mat,BSR\BSDS500\data\groundTruth\test,test,BSDS500,54933,0.052388,61a034b1e2053637e6c225ec7032fdc1b27765e772de6b15cad396aec078c4a2,,False
BSR\BSDS500\data\groundTruth\test\159002.mat,159002.mat,.mat,BSR\BSDS500\data\groundTruth\test,test,BSDS500,55903,0.053313,843a474f77b7cefb3c4af8458c7206f6489f1f150b298a915f963e88629fefd4,,False
BSR\BSDS500\data\groundTruth\test\159022.mat,159022.mat,.mat,BSR\BSDS500\data\groundTruth\test,test,BSDS500,28916,0.027576,1c83a4f8ebe57f759980dfbc80406160a67aa1132f3f6612594fe65b3f67494e,,False
BSR\BSDS500\data\groundTruth\test\160006.mat,160006.mat,.mat,BSR\BSDS500\data\groundTruth\test,test,BSDS500,46611,0.044452,e68e3fac9c2d582ff1516ae81da503595579370777b06c47195f87fd32eea524,,False
BSR\BSDS500\data\groundTruth\test\16004.mat,16004.mat,.mat,BSR\BSDS500\data\groundTruth\test,test,BSDS500,50929,0.04857,c9bf649d0ed2a3bae3f4b7270c5391327e6b4fab3187015c3762fe379bf5a7e2,,False
BSR\BSDS500\data\groundTruth\test\160067.mat,160067.mat,.mat,BSR\BSDS500\data\groundTruth\test,test,BSDS500,34771,0.03316,2bed613cdd68244b9047c72176b920f4bc32b4e43a3c525e7de6fe5e67d8003d,,False
BSR\BSDS500\data\groundTruth\test\16068.mat,16068.mat,.mat,BSR\BSDS500\data\groundTruth\test,test,BSDS500,43103,0.041106,4d75a37ab6071d906dad50f6a6ba9743bf8db754978fc4f54bf066ed32647001,,False
BSR\BSDS500\data\groundTruth\test\161045.mat,161045.mat,.mat,BSR\BSDS500\data\groundTruth\test,test,BSDS500,43086,0.04109,03c721d083dfcb80fddbe748467f7c5845b0528c43715ba26bf0ab38aab5e6f4,,False
BSR\BSDS500\data\groundTruth\test\163004.mat,163004.mat,.mat,BSR\BSDS500\data\groundTruth\test,test,BSDS500,54767,0.05223,3f7cc59ca27b2d2523043c6e4b59f5705b4440b17bbc81efa0c429105a6d3ab7,,False
BSR\BSDS500\data\groundTruth\test\163096.mat,163096.mat,.mat,BSR\BSDS500\data\groundTruth\test,test,BSDS500,41300,0.039387,0ea1403805748e052c04697757bcc0de92173df81a1defdef05bff1f5a5e9a3b,,False
BSR\BSDS500\data\groundTruth\test\164046.mat,164046.mat,.mat,BSR\BSDS500\data\groundTruth\test,test,BSDS500,31263,0.029815,c7a6da1ed48d236471b0edb85527c542a4eab3876f1fab8088b71a3e1236cf5b,,False
BSR\BSDS500\data\groundTruth\test\168084.mat,168084.mat,.mat,BSR\BSDS500\data\groundTruth\test,test,BSDS500,47937,0.045716,923de27476329658e5e54bdaefb06faa706e56c3832aea6a8e6c5d8fb7a1bd00,,False
BSR\BSDS500\data\groundTruth\test\17067.mat,17067.mat,.mat,BSR\BSDS500\data\groundTruth\test,test,BSDS500,45183,0.04309,2c93312279bbf6b5f8cb8bc10f4e74c1539cb26caf65cb68d00ab57138620566,,False
BSR\BSDS500\data\groundTruth\test\175083.mat,175083.mat,.mat,BSR\BSDS500\data\groundTruth\test,test,BSDS500,54441,0.051919,85092ba3bd19b635d734308cad775e94827ba8def43e1ec2607959a2417ea7cb,,False
BSR\BSDS500\data\groundTruth\test\176051.mat,176051.mat,.mat,BSR\BSDS500\data\groundTruth\test,test,BSDS500,34763,0.033153,c41c71dbdee5dfbfa56194fa59bdffb4a102d7c5dd3684dcf83c21ea5542cc32,,False
BSR\BSDS500\data\groundTruth\test\179084.mat,179084.mat,.mat,BSR\BSDS500\data\groundTruth\test,test,BSDS500,47238,0.04505,26c1fe554b6469eb86d38f806405bae8e7301a44592f7bda9f08792870393a8c,,False
BSR\BSDS500\data\groundTruth\test\181021.mat,181021.mat,.mat,BSR\BSDS500\data\groundTruth\test,test,BSDS500,45631,0.043517,4d24210df5c80f6041bbe7c2022efeabd9c610e6a871f85363ee72caf58f9e6f,,False
BSR\BSDS500\data\groundTruth\test\183066.mat,183066.mat,.mat,BSR\BSDS500\data\groundTruth\test,test,BSDS500,33520,0.031967,5b3861ce1e7ede19cf5fd086c82895e63e4aef9a9d555816e4ab1188552cd112,,False
BSR\BSDS500\data\groundTruth\test\185092.mat,185092.mat,.mat,BSR\BSDS500\data\groundTruth\test,test,BSDS500,51283,0.048907,bed1edac2fc0287d6ea440cb7da74f378a21523da1a3a27c09e9dc29ed1e9c5a,,False
BSR\BSDS500\data\groundTruth\test\187058.mat,187058.mat,.mat,BSR\BSDS500\data\groundTruth\test,test,BSDS500,43239,0.041236,511273bd5aff2258a0650f8e07631f713ff15067e422663a280a2b327c7c3061,,False
BSR\BSDS500\data\groundTruth\test\187099.mat,187099.mat,.mat,BSR\BSDS500\data\groundTruth\test,test,BSDS500,48843,0.04658,a91174ab4e89aa9379809e16b31d4f3fb0c87dea0cddcabd38ab97cd8fc38a2e,,False
BSR\BSDS500\data\groundTruth\test\188025.mat,188025.mat,.mat,BSR\BSDS500\data\groundTruth\test,test,BSDS500,57005,0.054364,cbe8ebe17a63f3df7e169313e2d2fd6b4bd88a3a9952bff7f9a773db331de608,,False
BSR\BSDS500\data\groundTruth\test\189006.mat,189006.mat,.mat,BSR\BSDS500\data\groundTruth\test,test,BSDS500,49695,0.047393,d5546296a56a677dbf6f71a2b54d847c948811ea8dbe4ba4c2646bdf326dabe2,,False
BSR\BSDS500\data\groundTruth\test\189013.mat,189013.mat,.mat,BSR\BSDS500\data\groundTruth\test,test,BSDS500,48669,0.046414,825768b116d3dbb241357f627f53ade19a1b32b44eac31cd143471e55acfbcde,,False
BSR\BSDS500\data\groundTruth\test\189029.mat,189029.mat,.mat,BSR\BSDS500\data\groundTruth\test,test,BSDS500,44896,0.042816,924eb7826e97b8d5c3cf6199015aca14a1cea484fbc8a39b6809a14e722d7c28,,False
BSR\BSDS500\data\groundTruth\test\189096.mat,189096.mat,.mat,BSR\BSDS500\data\groundTruth\test,test,BSDS500,53294,0.050825,f38dd8102d4456efa6c1e48fc0a00098f6e24b01d6d372dd45d027fc50213db6,,False
BSR\BSDS500\data\groundTruth\test\196027.mat,196027.mat,.mat,BSR\BSDS500\data\groundTruth\test,test,BSDS500,25222,0.024054,140510d9920800b62a6723fd763c65e5a1e655808f914d10823f17388e0501e1,,False
BSR\BSDS500\data\groundTruth\test\196040.mat,196040.mat,.mat,BSR\BSDS500\data\groundTruth\test,test,BSDS500,53102,0.050642,c73536def277b0fc96a069ab2d9522c91261c7f69a41e779e5c92773df5f767d,,False
BSR\BSDS500\data\groundTruth\test\196062.mat,196062.mat,.mat,BSR\BSDS500\data\groundTruth\test,test,BSDS500,36270,0.03459,e3d0ed12fd2ee3351d0362b22555278b83bc916347a3eebb0cbee21b9d47a0a1,,False
BSR\BSDS500\data\groundTruth\test\196088.mat,196088.mat,.mat,BSR\BSDS500\data\groundTruth\test,test,BSDS500,44905,0.042825,17699d58b581c7654767d2c9d2938b49e80da423c3934d3577960854df1c6f0c,,False
BSR\BSDS500\data\groundTruth\test\198087.mat,198087.mat,.mat,BSR\BSDS500\data\groundTruth\test,test,BSDS500,72346,0.068995,17309680bcb58e2fbea38c67e145223519075438392137e04e7755c32fb84557,,False
BSR\BSDS500\data\groundTruth\test\20069.mat,20069.mat,.mat,BSR\BSDS500\data\groundTruth\test,test,BSDS500,55001,0.052453,08cc69bfe6c99ec18fb853dfc62cfbaf6650cd82f39d0065cea17dcf55a39ff9,,False
BSR\BSDS500\data\groundTruth\test\201080.mat,201080.mat,.mat,BSR\BSDS500\data\groundTruth\test,test,BSDS500,45362,0.043261,16082d7e2ea8fc01c287969ae94db6082470beb25dd99a4418a745885d2ce66c,,False
BSR\BSDS500\data\groundTruth\test\2018.mat,2018.mat,.mat,BSR\BSDS500\data\groundTruth\test,test,BSDS500,43462,0.041449,0ce9b9c37a51d8bfc19df82906943d26a395a73e373da480acfe6c49e0f5e1ff,,False
BSR\BSDS500\data\groundTruth\test\202000.mat,202000.mat,.mat,BSR\BSDS500\data\groundTruth\test,test,BSDS500,40999,0.0391,4ad76a24cdea48d0d59fc076237363e70c58afd04ec157e727d99b0297c278a4,,False
BSR\BSDS500\data\groundTruth\test\206062.mat,206062.mat,.mat,BSR\BSDS500\data\groundTruth\test,test,BSDS500,46971,0.044795,82b36aa2e8a4364d242224299aabb389dbb94060ece609e41d23c472148ae68e,,False
BSR\BSDS500\data\groundTruth\test\206097.mat,206097.mat,.mat,BSR\BSDS500\data\groundTruth\test,test,BSDS500,50425,0.048089,932804389f3a9eea1c8f348e02a8c7ee47b21829e0d9bda589f89364b96399d4,,False
BSR\BSDS500\data\groundTruth\test\207038.mat,207038.mat,.mat,BSR\BSDS500\data\groundTruth\test,test,BSDS500,42810,0.040827,8fff95ccdc67df253cf662282cf00b98a3b02608185a8ba76b3f73fcd5fdc90e,,False
BSR\BSDS500\data\groundTruth\test\207049.mat,207049.mat,.mat,BSR\BSDS500\data\groundTruth\test,test,BSDS500,59960,0.057182,29b445acc984ff8ec4de2f86ae8a9b17a4e53e28539396d06c3e5e80e9bb9ef3,,False
BSR\BSDS500\data\groundTruth\test\208078.mat,208078.mat,.mat,BSR\BSDS500\data\groundTruth\test,test,BSDS500,52477,0.050046,f76d3fc3a94b3c1856d47578ae364b82eb238aea7686a750dc7c5217fe940df9,,False
BSR\BSDS500\data\groundTruth\test\209021.mat,209021.mat,.mat,BSR\BSDS500\data\groundTruth\test,test,BSDS500,36836,0.03513,6d98b0df0d160dfaa893ba57e227c5312d2b91288af4315194f54240ad5c0d82,,False
BSR\BSDS500\data\groundTruth\test\217013.mat,217013.mat,.mat,BSR\BSDS500\data\groundTruth\test,test,BSDS500,47022,0.044844,7755b512fb5e7e7c4b03b038eea94c0475fdc3d35f226e947dbba88651c97ff2,,False
BSR\BSDS500\data\groundTruth\test\217090.mat,217090.mat,.mat,BSR\BSDS500\data\groundTruth\test,test,BSDS500,43412,0.041401,bda3009dc5ff1bdead26846d20542af28887fe72401eff97158028cfad9a0f9e,,False
BSR\BSDS500\data\groundTruth\test\220003.mat,220003.mat,.mat,BSR\BSDS500\data\groundTruth\test,test,BSDS500,48789,0.046529,845447e2b262bdb42152e5e6a607d9cb01c3579c60f08f090ebcec89173dd968,,False
BSR\BSDS500\data\groundTruth\test\223004.mat,223004.mat,.mat,BSR\BSDS500\data\groundTruth\test,test,BSDS500,44050,0.042009,e8e3c6658d10a5349e18c8900163b3a6ae5c827364c6472e2b0034f216836f2c,,False
BSR\BSDS500\data\groundTruth\test\223060.mat,223060.mat,.mat,BSR\BSDS500\data\groundTruth\test,test,BSDS500,46720,0.044556,af050cfdf1af254d52be03d4139aebc2c93cac0b54bff658be234ab0e9cab765,,False
BSR\BSDS500\data\groundTruth\test\225022.mat,225022.mat,.mat,BSR\BSDS500\data\groundTruth\test,test,BSDS500,47380,0.045185,07e25d87023d4f51e070265d6e583562ac90dd8fa49b9ff9d1cf9dc9487b5666,,False
BSR\BSDS500\data\groundTruth\test\226022.mat,226022.mat,.mat,BSR\BSDS500\data\groundTruth\test,test,BSDS500,37780,0.03603,024dbaebe299131742c8fb14344d36a15e5ad0eeade00b0392f86c078bdb1a28,,False
BSR\BSDS500\data\groundTruth\test\226033.mat,226033.mat,.mat,BSR\BSDS500\data\groundTruth\test,test,BSDS500,51083,0.048717,06577dd5661c39ffe6ef849868e9a05096060bb75d87c7331286a553b84d4c97,,False
BSR\BSDS500\data\groundTruth\test\226043.mat,226043.mat,.mat,BSR\BSDS500\data\groundTruth\test,test,BSDS500,59289,0.056542,f5fd681448f47d462aa211002cdecf4fa8cbf71b8eebde700ddabb424bddac29,,False
BSR\BSDS500\data\groundTruth\test\226060.mat,226060.mat,.mat,BSR\BSDS500\data\groundTruth\test,test,BSDS500,65899,0.062846,4d850078f2b140d6f9a5e5e1cd8c33a1767ba7fc3aa1309a46dda9210e2ac219,,False
BSR\BSDS500\data\groundTruth\test\228076.mat,228076.mat,.mat,BSR\BSDS500\data\groundTruth\test,test,BSDS500,38211,0.036441,ef2de15378b3d80e19dea91f6f6487418149565043a7a162991da848a29def1d,,False
BSR\BSDS500\data\groundTruth\test\230063.mat,230063.mat,.mat,BSR\BSDS500\data\groundTruth\test,test,BSDS500,54524,0.051998,d35c1526630f47a488943f7ab94b56e6cb01c3bba5721f3c66deb9d5b5f70a4c,,False
BSR\BSDS500\data\groundTruth\test\230098.mat,230098.mat,.mat,BSR\BSDS500\data\groundTruth\test,test,BSDS500,45416,0.043312,7a0871b7e7e09666e8de01d344cb33a61a46cf7bf56c44fb2667f12c8a107f78,,False
BSR\BSDS500\data\groundTruth\test\23050.mat,23050.mat,.mat,BSR\BSDS500\data\groundTruth\test,test,BSDS500,73148,0.069759,d13f900b430e7a45902266531862049690ae17c73d87c9de26659219e6aae2a5,,False
BSR\BSDS500\data\groundTruth\test\232076.mat,232076.mat,.mat,BSR\BSDS500\data\groundTruth\test,test,BSDS500,33498,0.031946,1c30120b05eb7995942b39a16cbc36c6e1c94e532e2d86bc97b5a7242deb3bf3,,False
BSR\BSDS500\data\groundTruth\test\235098.mat,235098.mat,.mat,BSR\BSDS500\data\groundTruth\test,test,BSDS500,51732,0.049335,b6fd8b37d15d76d011ff212ef992aab5ac14baba4b93676f5907baf24783a78a,,False
BSR\BSDS500\data\groundTruth\test\238025.mat,238025.mat,.mat,BSR\BSDS500\data\groundTruth\test,test,BSDS500,38470,0.036688,e9e979ff8822753c3006ba4d095bd30366e35adc9aba07e08ac1a092924aec52,,False
BSR\BSDS500\data\groundTruth\test\243095.mat,243095.mat,.mat,BSR\BSDS500\data\groundTruth\test,test,BSDS500,55582,0.053007,f1129543d195d278272ff31c283ecf3f8627303cd558891f2cbd08a9806af9e5,,False
BSR\BSDS500\data\groundTruth\test\246009.mat,246009.mat,.mat,BSR\BSDS500\data\groundTruth\test,test,BSDS500,43743,0.041717,c25113c2664495c86dd15ac5292f16eefe88fde3eeadeddf12f1ea28a73cf580,,False
BSR\BSDS500\data\groundTruth\test\247003.mat,247003.mat,.mat,BSR\BSDS500\data\groundTruth\test,test,BSDS500,38619,0.03683,ca6a33a29457508ea1d848b2dfe0daac65c2fdca472b6a59a8c8137888b068f1,,False
BSR\BSDS500\data\groundTruth\test\247012.mat,247012.mat,.mat,BSR\BSDS500\data\groundTruth\test,test,BSDS500,43209,0.041207,059a8e9213923033180fee37dc957e5e4bdeac2e1ffff7bb0d88b1b110daa395,,False
BSR\BSDS500\data\groundTruth\test\249021.mat,249021.mat,.mat,BSR\BSDS500\data\groundTruth\test,test,BSDS500,54333,0.051816,c444c02fd0b69383c2b9fbd005199558c2ffda5cdb37f68574b99e7ba4da2d97,,False
BSR\BSDS500\data\groundTruth\test\250047.mat,250047.mat,.mat,BSR\BSDS500\data\groundTruth\test,test,BSDS500,41708,0.039776,bca02ced680edb29cc7b2365cfcb25ea1e94af95491b0d5df0e91521d7aebe79,,False
BSR\BSDS500\data\groundTruth\test\250087.mat,250087.mat,.mat,BSR\BSDS500\data\groundTruth\test,test,BSDS500,47730,0.045519,fbbd29d3d06c38fc36475acbd6bff29b1b0ed24e4b236583a76b4c02400a8b29,,False
BSR\BSDS500\data\groundTruth\test\253016.mat,253016.mat,.mat,BSR\BSDS500\data\groundTruth\test,test,BSDS500,61160,0.058327,2d5157a18f781fda119cc2d7de5308d304b424cb8b69eff1f1e1222d3a9883f3,,False
BSR\BSDS500\data\groundTruth\test\253092.mat,253092.mat,.mat,BSR\BSDS500\data\groundTruth\test,test,BSDS500,32658,0.031145,85d3484aa39fbfa47ffc755725e8d102545a32ba7d8a4012122bbfddd2836eb7,,False
BSR\BSDS500\data\groundTruth\test\257098.mat,257098.mat,.mat,BSR\BSDS500\data\groundTruth\test,test,BSDS500,41068,0.039165,93a74baa517a4f03ac12e16fae68b6f45c3dfb2a1e650eebcdf0bc19e60ef226,,False
BSR\BSDS500\data\groundTruth\test\258089.mat,258089.mat,.mat,BSR\BSDS500\data\groundTruth\test,test,BSDS500,52812,0.050365,fb0953ed0ec30e767f2b5ddaecb9c159228d0d6494d1f94314127e8fe8a4acf9,,False
BSR\BSDS500\data\groundTruth\test\259060.mat,259060.mat,.mat,BSR\BSDS500\data\groundTruth\test,test,BSDS500,47447,0.045249,2aeea9134bbe49de89f7a17aeb8cd6f21f74d5112b45c0309a251a9ffdeacb0b,,False
BSR\BSDS500\data\groundTruth\test\267036.mat,267036.mat,.mat,BSR\BSDS500\data\groundTruth\test,test,BSDS500,55066,0.052515,5e03e70b02228697304955837096c1f7570a48602d3720d1caf22e1e1b24c463,,False
BSR\BSDS500\data\groundTruth\test\268048.mat,268048.mat,.mat,BSR\BSDS500\data\groundTruth\test,test,BSDS500,34245,0.032659,7c422578928ae2188028ba78f2fc4940d1aafbdc45f4441e895453dffaaeb388,,False
BSR\BSDS500\data\groundTruth\test\268074.mat,268074.mat,.mat,BSR\BSDS500\data\groundTruth\test,test,BSDS500,42351,0.040389,e1f6091063adaf3d7c470d91457f6a0af4c4aa2bf22070999c3239ea589b19dc,,False
BSR\BSDS500\data\groundTruth\test\277053.mat,277053.mat,.mat,BSR\BSDS500\data\groundTruth\test,test,BSDS500,46744,0.044579,396f0dd3686d074afb793e7b1c07fcf93b31ba7b30cc77d2cecf3f1b66c59c1b,,False
BSR\BSDS500\data\groundTruth\test\279005.mat,279005.mat,.mat,BSR\BSDS500\data\groundTruth\test,test,BSDS500,35076,0.033451,4a14075f25561d2c8e1f5146589e08bbba3dadda72190d68303f1b76fc4cc4bc,,False
BSR\BSDS500\data\groundTruth\test\28083.mat,28083.mat,.mat,BSR\BSDS500\data\groundTruth\test,test,BSDS500,53675,0.051188,8b763554e96f6b2e533821bf72c8ac86140535c0dc0de82af730a18e6586b445,,False
BSR\BSDS500\data\groundTruth\test\281017.mat,281017.mat,.mat,BSR\BSDS500\data\groundTruth\test,test,BSDS500,46590,0.044432,47b7416f554274463959396199b47bee174c8a860dc6e18b672947d0e51bc18f,,False
BSR\BSDS500\data\groundTruth\test\285022.mat,285022.mat,.mat,BSR\BSDS500\data\groundTruth\test,test,BSDS500,41234,0.039324,1f02a32cdc979d52d465de434f1ff0c2ffb8ee93b40796ea72f45da47adf5514,,False
BSR\BSDS500\data\groundTruth\test\288024.mat,288024.mat,.mat,BSR\BSDS500\data\groundTruth\test,test,BSDS500,51478,0.049093,7c279cdcbe2f400fbb7a390f58cc0da1548ae81864508f8dbdda40b09beec26b,,False
BSR\BSDS500\data\groundTruth\test\289011.mat,289011.mat,.mat,BSR\BSDS500\data\groundTruth\test,test,BSDS500,44868,0.042789,4ad0606c6513a299ecd8de773a60b94e66c08cfd1c57d3a4a8308097df143b20,,False
BSR\BSDS500\data\groundTruth\test\290035.mat,290035.mat,.mat,BSR\BSDS500\data\groundTruth\test,test,BSDS500,50982,0.04862,9b6acc0087a4b2b8f9b701248a120f0247ec2acd9ab6bc4af96437dca2ebc535,,False
BSR\BSDS500\data\groundTruth\test\29030.mat,29030.mat,.mat,BSR\BSDS500\data\groundTruth\test,test,BSDS500,53724,0.051235,a3261a4fed7ec3a83f53bced83415a20ea262d5164caf215df2996f23a37565e,,False
BSR\BSDS500\data\groundTruth\test\296028.mat,296028.mat,.mat,BSR\BSDS500\data\groundTruth\test,test,BSDS500,41734,0.039801,ea2281aad4ce249fb08a8a57a65e10b3ea75f033c58bbea56feba2fe44475831,,False
BSR\BSDS500\data\groundTruth\test\296058.mat,296058.mat,.mat,BSR\BSDS500\data\groundTruth\test,test,BSDS500,49628,0.047329,0e65a725408d6a28fc1a361c8baf217c6a6d1557c622f9d693e0091134f86558,,False
BSR\BSDS500\data\groundTruth\test\302022.mat,302022.mat,.mat,BSR\BSDS500\data\groundTruth\test,test,BSDS500,32014,0.030531,2a75c5b85d6c6dc151a95ab564c71fa0453f1b4bd209b3b84f0f31f0798518b4,,False
BSR\BSDS500\data\groundTruth\test\306051.mat,306051.mat,.mat,BSR\BSDS500\data\groundTruth\test,test,BSDS500,61799,0.058936,aa0d05dbe6cf63e2daff74141c5b58c0c4f30dc13cfc815af55d892783dc5849,,False
BSR\BSDS500\data\groundTruth\test\306052.mat,306052.mat,.mat,BSR\BSDS500\data\groundTruth\test,test,BSDS500,33170,0.031633,7e992a3f36de8a5b749fd84abe034128dd3998e92a0809bbf8ed79425d6699b0,,False
BSR\BSDS500\data\groundTruth\test\3063.mat,3063.mat,.mat,BSR\BSDS500\data\groundTruth\test,test,BSDS500,35178,0.033548,7c647de04b0a9aa182648a886dda18e907dd58aef5e2eae1282784ce053f800e,,False
BSR\BSDS500\data\groundTruth\test\309040.mat,309040.mat,.mat,BSR\BSDS500\data\groundTruth\test,test,BSDS500,61815,0.058951,81003ce2e41fe60604aadaaebb084ed8b6a3ada08e42466979077ce95c45af24,,False
BSR\BSDS500\data\groundTruth\test\317043.mat,317043.mat,.mat,BSR\BSDS500\data\groundTruth\test,test,BSDS500,30598,0.029181,3b41e48665afcb1c24b046f7983120f6f7fa1f956d285d8b3260b8cf9dee241c,,False
BSR\BSDS500\data\groundTruth\test\326025.mat,326025.mat,.mat,BSR\BSDS500\data\groundTruth\test,test,BSDS500,38596,0.036808,2c63df5e7819d8111b02d9c78d93445b174d56d2995f5333667f20ff67b8d8d8,,False
BSR\BSDS500\data\groundTruth\test\326085.mat,326085.mat,.mat,BSR\BSDS500\data\groundTruth\test,test,BSDS500,35831,0.034171,ada2c9fba0b8876307fd02140ac17d1cfdeca87a4b6ac82885a1d1ffd7209d0e,,False
BSR\BSDS500\data\groundTruth\test\33044.mat,33044.mat,.mat,BSR\BSDS500\data\groundTruth\test,test,BSDS500,36473,0.034783,bc374969335125000b1319593cf57537c10bfb25597e45b7e5748b5f54fd72d1,,False
BSR\BSDS500\data\groundTruth\test\334025.mat,334025.mat,.mat,BSR\BSDS500\data\groundTruth\test,test,BSDS500,43501,0.041486,831e42eb99e6faaed7dc3055eec17e990574516dc67eabe198a7a719ae054ad8,,False
BSR\BSDS500\data\groundTruth\test\335088.mat,335088.mat,.mat,BSR\BSDS500\data\groundTruth\test,test,BSDS500,55087,0.052535,b431a6233cb7bca32c02c7ba831a81913dee83f4851be9f2681faab3e3307172,,False
BSR\BSDS500\data\groundTruth\test\335094.mat,335094.mat,.mat,BSR\BSDS500\data\groundTruth\test,test,BSDS500,49358,0.047071,001c9e80fefca1feea3f20929b416c2203b9eff923717b023063c13bd1e6a1a4,,False
BSR\BSDS500\data\groundTruth\test\344010.mat,344010.mat,.mat,BSR\BSDS500\data\groundTruth\test,test,BSDS500,43671,0.041648,a72f4f2b929c28520c6d17c1a1e96b049a536d0f2ba29bd69d7abccab8e89779,,False
BSR\BSDS500\data\groundTruth\test\346016.mat,346016.mat,.mat,BSR\BSDS500\data\groundTruth\test,test,BSDS500,38049,0.036286,a1627610699231713edf8615ccb2d38e5089666a0b8a5a93ded8119990db5499,,False
BSR\BSDS500\data\groundTruth\test\347031.mat,347031.mat,.mat,BSR\BSDS500\data\groundTruth\test,test,BSDS500,48487,0.046241,3425f11cb3361fcd97e2ed6ab00f7003ca652910586ee619ec2e4a0769a38383,,False
BSR\BSDS500\data\groundTruth\test\35028.mat,35028.mat,.mat,BSR\BSDS500\data\groundTruth\test,test,BSDS500,44328,0.042274,0f0adce593ff6a2415e528ce76fcebc595c48275fc9f8bfdc78435bd358000cd,,False
BSR\BSDS500\data\groundTruth\test\35049.mat,35049.mat,.mat,BSR\BSDS500\data\groundTruth\test,test,BSDS500,37827,0.036075,92862403b6e5b3a2ac752a0f7cce051caa4e6cbd4a7330146f188e9ec1764f86,,False
BSR\BSDS500\data\groundTruth\test\36046.mat,36046.mat,.mat,BSR\BSDS500\data\groundTruth\test,test,BSDS500,47563,0.04536,6886f6e8899f2362e3c9931697642d986ef49af5ecff9ea4280c79795d1ad5b6,,False
BSR\BSDS500\data\groundTruth\test\365072.mat,365072.mat,.mat,BSR\BSDS500\data\groundTruth\test,test,BSDS500,56778,0.054148,fe6f3ee422d156f149951455eab85620ba5d248b3da1ba2f87b7d799085bf5aa,,False
BSR\BSDS500\data\groundTruth\test\368037.mat,368037.mat,.mat,BSR\BSDS500\data\groundTruth\test,test,BSDS500,65803,0.062755,0e403b317ea9379507054930d4b69c88ce3443a29f19a0a9673f4049acf5d93f,,False
BSR\BSDS500\data\groundTruth\test\372019.mat,372019.mat,.mat,BSR\BSDS500\data\groundTruth\test,test,BSDS500,38038,0.036276,46121ea9dec6e7c1ff798c77462dfdb33c8b8f013690ff231ff579f9d4f9e538,,False
BSR\BSDS500\data\groundTruth\test\376086.mat,376086.mat,.mat,BSR\BSDS500\data\groundTruth\test,test,BSDS500,49754,0.047449,70642df051b4929641c16d9f3abda2db9ba1d7e694cafe9384e66f9982172367,,False
BSR\BSDS500\data\groundTruth\test\384022.mat,384022.mat,.mat,BSR\BSDS500\data\groundTruth\test,test,BSDS500,39333,0.037511,801435aadd3fd42f524c4bf755693d55fffcb59cf60d10410c2a087fd108f455,,False
BSR\BSDS500\data\groundTruth\test\384089.mat,384089.mat,.mat,BSR\BSDS500\data\groundTruth\test,test,BSDS500,48623,0.046371,327a8235672da3e43222df17b632f4da7683e55ad24784a1f326e539bff18d94,,False
BSR\BSDS500\data\groundTruth\test\385022.mat,385022.mat,.mat,BSR\BSDS500\data\groundTruth\test,test,BSDS500,41127,0.039222,59082c29cb2cd0b72e4460b9a67c2106ff1ed50ff815b9a63aa247a0db446b42,,False
BSR\BSDS500\data\groundTruth\test\388006.mat,388006.mat,.mat,BSR\BSDS500\data\groundTruth\test,test,BSDS500,36403,0.034717,e128519632c4c9c4140eb4c7353d9f4ebfea25ca29ae53a1c13c0f45f22f75bd,,False
BSR\BSDS500\data\groundTruth\test\388018.mat,388018.mat,.mat,BSR\BSDS500\data\groundTruth\test,test,BSDS500,57727,0.055053,2ccde74f492043f8cf8feb79b410895bb0e7942b309654cc25ef118ca7bfa40a,,False
BSR\BSDS500\data\groundTruth\test\388067.mat,388067.mat,.mat,BSR\BSDS500\data\groundTruth\test,test,BSDS500,58584,0.05587,940911993ca61a39f22f3fc7f16bb3af3e580e8bf0c870b724b156c764aa2626,,False
BSR\BSDS500\data\groundTruth\test\393035.mat,393035.mat,.mat,BSR\BSDS500\data\groundTruth\test,test,BSDS500,61155,0.058322,8a45c078e4aa9e162c663e6d4065bc666121b17dde97d1a947079600df418443,,False
BSR\BSDS500\data\groundTruth\test\41006.mat,41006.mat,.mat,BSR\BSDS500\data\groundTruth\test,test,BSDS500,41827,0.039889,ae99e5c99d8cae7344501243d3b8efe036bfe768628b7a5355716eedfece6dfe,,False
BSR\BSDS500\data\groundTruth\test\41029.mat,41029.mat,.mat,BSR\BSDS500\data\groundTruth\test,test,BSDS500,50676,0.048328,f6e57e9459aacd3c13b42e1301aee18b70c62c257308d41aeb2de2bae12de11c,,False
BSR\BSDS500\data\groundTruth\test\41085.mat,41085.mat,.mat,BSR\BSDS500\data\groundTruth\test,test,BSDS500,43379,0.041369,590bab8db6b1463e3d7758a93045f19ca0cc7fccf574a5df3128207167411fe7,,False
BSR\BSDS500\data\groundTruth\test\41096.mat,41096.mat,.mat,BSR\BSDS500\data\groundTruth\test,test,BSDS500,41617,0.039689,cec087bb9722b800905ec55d4fa34b9bdda302b75aea41cdb00fad7672871157,,False
BSR\BSDS500\data\groundTruth\test\43033.mat,43033.mat,.mat,BSR\BSDS500\data\groundTruth\test,test,BSDS500,36084,0.034412,b4f8853d98677e7890f1e86e3e3791c18ffc52a6e07b38f3d37d290a159dadb5,,False
BSR\BSDS500\data\groundTruth\test\43051.mat,43051.mat,.mat,BSR\BSDS500\data\groundTruth\test,test,BSDS500,23083,0.022014,48c7aaf400c21d3478d0f97117a673fe40afe7c6db7a29234eb652b0aaccb8d7,,False
BSR\BSDS500\data\groundTruth\test\45000.mat,45000.mat,.mat,BSR\BSDS500\data\groundTruth\test,test,BSDS500,53494,0.051016,3af1511442a8f8d75de4276ae1b9dc41b941e77fed715e0c43e464af1ffa4b08,,False
BSR\BSDS500\data\groundTruth\test\48017.mat,48017.mat,.mat,BSR\BSDS500\data\groundTruth\test,test,BSDS500,26698,0.025461,837571a0cf5fa37582c80b52d826cbcc649f847db144b8d7c05ceb6fb15f8d99,,False
BSR\BSDS500\data\groundTruth\test\48025.mat,48025.mat,.mat,BSR\BSDS500\data\groundTruth\test,test,BSDS500,45549,0.043439,268b13542bfa666b868a9908429046dfc327a32f8cb1245f4a77982f24606105,,False
BSR\BSDS500\data\groundTruth\test\49024.mat,49024.mat,.mat,BSR\BSDS500\data\groundTruth\test,test,BSDS500,33608,0.032051,ab109d67dc6334c12f3008bb7dba586a95c6dee91227415c86dc92073e6a5b47,,False
BSR\BSDS500\data\groundTruth\test\5096.mat,5096.mat,.mat,BSR\BSDS500\data\groundTruth\test,test,BSDS500,41515,0.039592,ae7d07418a30bc7b4f63f25ee03df47c93a9ed10aa70249b1b3409c1c989ddeb,,False
BSR\BSDS500\data\groundTruth\test\51084.mat,51084.mat,.mat,BSR\BSDS500\data\groundTruth\test,test,BSDS500,60146,0.05736,a005bcf92e855fdf3a1efced4fb279aa5b0efbd519013904e930b2779ebd79fe,,False
BSR\BSDS500\data\groundTruth\test\6046.mat,6046.mat,.mat,BSR\BSDS500\data\groundTruth\test,test,BSDS500,46750,0.044584,9e3188ca12c7e368866cffa5c2cd5642aeda0e77dd4485309c829e4b970fd5c1,,False
BSR\BSDS500\data\groundTruth\test\61034.mat,61034.mat,.mat,BSR\BSDS500\data\groundTruth\test,test,BSDS500,42704,0.040726,159141b906aac0cd0292f706db7f48a47a9dd1edb965a1fb9127e273d997dba0,,False
BSR\BSDS500\data\groundTruth\test\64061.mat,64061.mat,.mat,BSR\BSDS500\data\groundTruth\test,test,BSDS500,34728,0.033119,9d67a1d59892639c8f100b078c8bfceeaeda6ea119be057dfd82fd43e46bd647,,False
BSR\BSDS500\data\groundTruth\test\65084.mat,65084.mat,.mat,BSR\BSDS500\data\groundTruth\test,test,BSDS500,48882,0.046618,848f90995673271e2bcda10a79d23ac86265820359cebfd20c800b5785ac26b4,,False
BSR\BSDS500\data\groundTruth\test\69000.mat,69000.mat,.mat,BSR\BSDS500\data\groundTruth\test,test,BSDS500,38841,0.037042,6d87ae8170ac66caba7c3882fedbba97677722866ea74a9fdc740753c3ec9dc5,,False
BSR\BSDS500\data\groundTruth\test\69007.mat,69007.mat,.mat,BSR\BSDS500\data\groundTruth\test,test,BSDS500,56748,0.054119,7bb85c739b63b09cfb1facca5f54e60972914fd223eaba17925d1ecdaa58a931,,False
BSR\BSDS500\data\groundTruth\test\69022.mat,69022.mat,.mat,BSR\BSDS500\data\groundTruth\test,test,BSDS500,30433,0.029023,dd7de91330fb7e384b73ab39ce9b2247b2dbed6aea2b6bcb6af078c7bb3dfe74,,False
BSR\BSDS500\data\groundTruth\test\70011.mat,70011.mat,.mat,BSR\BSDS500\data\groundTruth\test,test,BSDS500,33527,0.031974,8b39a9ed65d631256bb321f070b7fd8e55287dd258e2b9375e7dd599ec690e45,,False
BSR\BSDS500\data\groundTruth\test\70090.mat,70090.mat,.mat,BSR\BSDS500\data\groundTruth\test,test,BSDS500,39897,0.038049,fb278903c296706e19bbd6fea15d0f686aaa84d5d8f075091ec5df4694d060ba,,False
BSR\BSDS500\data\groundTruth\test\71076.mat,71076.mat,.mat,BSR\BSDS500\data\groundTruth\test,test,BSDS500,53607,0.051124,1d24d9b4ea93d2410bef0c402d0e51579f48b53f821ea03ee3f4470a8a154ec2,,False
BSR\BSDS500\data\groundTruth\test\71099.mat,71099.mat,.mat,BSR\BSDS500\data\groundTruth\test,test,BSDS500,46731,0.044566,05f4dd4cac93626f1750ed7fe965c88f85dc1e51546e16e0e2f00384ab6a500e,,False
BSR\BSDS500\data\groundTruth\test\77062.mat,77062.mat,.mat,BSR\BSDS500\data\groundTruth\test,test,BSDS500,67943,0.064795,14b637d75b6569c29be6872a9f784e0b25431f6b910d7f6d6d29fd41b9e1a65c,,False
BSR\BSDS500\data\groundTruth\test\78098.mat,78098.mat,.mat,BSR\BSDS500\data\groundTruth\test,test,BSDS500,56139,0.053538,a30cb63d70997aacdcb9e2f2b0079ec1d7e10f045ec0271b52c2cf5ed456d4ad,,False
BSR\BSDS500\data\groundTruth\test\79073.mat,79073.mat,.mat,BSR\BSDS500\data\groundTruth\test,test,BSDS500,69224,0.066017,188f65b1de05bec9755432186b5a0f2997174dd7750c30377bcbd735f5ee4f1f,,False
BSR\BSDS500\data\groundTruth\test\80085.mat,80085.mat,.mat,BSR\BSDS500\data\groundTruth\test,test,BSDS500,50170,0.047846,0996a6e3b1b08a7dc3b1c9129e24889cd4438e16bcb79d2eda1cedd08b65b6d4,,False
BSR\BSDS500\data\groundTruth\test\80090.mat,80090.mat,.mat,BSR\BSDS500\data\groundTruth\test,test,BSDS500,45655,0.04354,734af0bb780a0cfaf3d1a531795a70d23fe3bb8695837b23804e2428ff650915,,False
BSR\BSDS500\data\groundTruth\test\8068.mat,8068.mat,.mat,BSR\BSDS500\data\groundTruth\test,test,BSDS500,33815,0.032248,ec151ff3c01ae38d6f69359a8994a7d3353c5fce6e8bd07e977aa0979dee47f3,,False
BSR\BSDS500\data\groundTruth\test\81066.mat,81066.mat,.mat,BSR\BSDS500\data\groundTruth\test,test,BSDS500,41551,0.039626,fc2a852b63f873408f9fa91d3abfe4f0eba87b426a58752c32992e3b04439ab2,,False
BSR\BSDS500\data\groundTruth\test\81090.mat,81090.mat,.mat,BSR\BSDS500\data\groundTruth\test,test,BSDS500,57548,0.054882,738beee7d412b2d069cc8cd1d929d697d0deda6df56c95261a140daabdab4dcf,,False
BSR\BSDS500\data\groundTruth\test\81095.mat,81095.mat,.mat,BSR\BSDS500\data\groundTruth\test,test,BSDS500,47201,0.045014,c71d2687eefb26aa77563e5c50af71bb0e8aa26d89da722aa68330aa02b13e6f,,False
BSR\BSDS500\data\groundTruth\test\87015.mat,87015.mat,.mat,BSR\BSDS500\data\groundTruth\test,test,BSDS500,36087,0.034415,4722155375e9a6627708fb7d140c0790fbeca5138014ae402fefe9a2d0c29ee6,,False
BSR\BSDS500\data\groundTruth\test\92014.mat,92014.mat,.mat,BSR\BSDS500\data\groundTruth\test,test,BSDS500,52218,0.049799,3b4ee11a5c2e191ede0347530e4f1151d4b8670f2a4e0384a9de1649cb38d2bc,,False
BSR\BSDS500\data\groundTruth\test\94095.mat,94095.mat,.mat,BSR\BSDS500\data\groundTruth\test,test,BSDS500,49665,0.047364,d5b61d41e93bca23e6934520a56955018bab7839bf8a79bd1c47fda96bab1896,,False
BSR\BSDS500\data\groundTruth\test\97010.mat,97010.mat,.mat,BSR\BSDS500\data\groundTruth\test,test,BSDS500,41783,0.039847,9b6d8a47ed87156aff2080a24afd1c1c508abcf20af6d80185baa8cd75046398,,False
BSR\BSDS500\data\groundTruth\train\100075.mat,100075.mat,.mat,BSR\BSDS500\data\groundTruth\train,train,BSDS500,52570,0.050135,5db3747183055395991cc2bebc4915774630abe41c8f93551c2853ad4e628497,,False
BSR\BSDS500\data\groundTruth\train\100080.mat,100080.mat,.mat,BSR\BSDS500\data\groundTruth\train,train,BSDS500,37390,0.035658,2255c875480a8cd43de468098d584f436df15075f1fddc2472db98b3322d896c,,False
BSR\BSDS500\data\groundTruth\train\100098.mat,100098.mat,.mat,BSR\BSDS500\data\groundTruth\train,train,BSDS500,61283,0.058444,870b2c487ec1217bfa2636bc223edd1893fc4a3d50cc0d48c6fb60f944ce38cb,,False
BSR\BSDS500\data\groundTruth\train\103041.mat,103041.mat,.mat,BSR\BSDS500\data\groundTruth\train,train,BSDS500,48871,0.046607,500c86a4979c9a8e92c9b2f2c6a68d4cd6759dbe4d05b3f3f28f13dbd98b06a6,,False
BSR\BSDS500\data\groundTruth\train\104022.mat,104022.mat,.mat,BSR\BSDS500\data\groundTruth\train,train,BSDS500,69438,0.066221,7cf46cb9be18d6289a5678734c3c092aa12c9795586620132acc02a60db453e7,,False
BSR\BSDS500\data\groundTruth\train\105019.mat,105019.mat,.mat,BSR\BSDS500\data\groundTruth\train,train,BSDS500,27318,0.026052,9b933829ea5ad1b7892561e5a950d085563793695be46551c0b15607aa5ad5a6,,False
BSR\BSDS500\data\groundTruth\train\105053.mat,105053.mat,.mat,BSR\BSDS500\data\groundTruth\train,train,BSDS500,29383,0.028022,cbf9d5e1cd04abfc79d86cd069162b12df91a65a8ad2e580ebaaa75d11245207,,False
BSR\BSDS500\data\groundTruth\train\106020.mat,106020.mat,.mat,BSR\BSDS500\data\groundTruth\train,train,BSDS500,38376,0.036598,8afe47fcc4e5dc21fef93a2cdbf3222e05c67c9c7577a3ec78fb161d51383773,,False
BSR\BSDS500\data\groundTruth\train\106025.mat,106025.mat,.mat,BSR\BSDS500\data\groundTruth\train,train,BSDS500,40063,0.038207,55f273224176fd49f3bc0f48a0807a9717a2dcf7dd390b3dd199f68fcc83501f,,False
BSR\BSDS500\data\groundTruth\train\108041.mat,108041.mat,.mat,BSR\BSDS500\data\groundTruth\train,train,BSDS500,36689,0.034989,cbedd3447dc44371bc5cd73d91a7e2bf84efcdabc8e0fa1cdf18e23efa61fb38,,False
BSR\BSDS500\data\groundTruth\train\108073.mat,108073.mat,.mat,BSR\BSDS500\data\groundTruth\train,train,BSDS500,40152,0.038292,a2a5e4dc677f4937f0f9bd5e3daae0b55bd9a461230ba198f672707ef18db230,,False
BSR\BSDS500\data\groundTruth\train\109034.mat,109034.mat,.mat,BSR\BSDS500\data\groundTruth\train,train,BSDS500,32394,0.030893,40baba0387979d2047f9712f91bb1597dc45f569a423683f1a69e816e1e7b98e,,False
BSR\BSDS500\data\groundTruth\train\112082.mat,112082.mat,.mat,BSR\BSDS500\data\groundTruth\train,train,BSDS500,42305,0.040345,69269766ffaca01ac7a28fe041b6d316309ef1ce1eb307334aeb131d8f4e43b6,,False
BSR\BSDS500\data\groundTruth\train\113009.mat,113009.mat,.mat,BSR\BSDS500\data\groundTruth\train,train,BSDS500,46223,0.044082,4bd578ac679eb7ee99f1e8693ff0524f387d99ea30cf128ba41050a01accd26c,,False
BSR\BSDS500\data\groundTruth\train\113016.mat,113016.mat,.mat,BSR\BSDS500\data\groundTruth\train,train,BSDS500,46304,0.044159,05192f2ff290ee2f26a819967611ae17d1de9197a6c4a0c84e5c0548112f26d5,,False
BSR\BSDS500\data\groundTruth\train\113044.mat,113044.mat,.mat,BSR\BSDS500\data\groundTruth\train,train,BSDS500,46071,0.043937,193a478691c75c62e97a9bee729b4d56d36885c80d07949849fc248850577157,,False
BSR\BSDS500\data\groundTruth\train\117054.mat,117054.mat,.mat,BSR\BSDS500\data\groundTruth\train,train,BSDS500,55587,0.053012,b926b15942b7ed2ae599830b35957cca540df13fed56950e5b5cd536ec4c4a58,,False
BSR\BSDS500\data\groundTruth\train\118020.mat,118020.mat,.mat,BSR\BSDS500\data\groundTruth\train,train,BSDS500,57443,0.054782,bae6b6896769d3101d064401af96e18ab19b86fb7e708901e865b87f8213e60a,,False
BSR\BSDS500\data\groundTruth\train\118035.mat,118035.mat,.mat,BSR\BSDS500\data\groundTruth\train,train,BSDS500,39496,0.037666,6962b06feaa575c6d25006a056bb365ff4e24850a7ee752b0089d08f03a72719,,False
BSR\BSDS500\data\groundTruth\train\12003.mat,12003.mat,.mat,BSR\BSDS500\data\groundTruth\train,train,BSDS500,43609,0.041589,277f444b4d181b7dc84431f5d7355fb4832bdd9075eb210e8873ae6089c93b83,,False
BSR\BSDS500\data\groundTruth\train\12074.mat,12074.mat,.mat,BSR\BSDS500\data\groundTruth\train,train,BSDS500,34585,0.032983,61c8ca94359f65b2a2e9e489e024d4abb2fc696e21e951ea165359b035a37ec1,,False
BSR\BSDS500\data\groundTruth\train\122048.mat,122048.mat,.mat,BSR\BSDS500\data\groundTruth\train,train,BSDS500,35353,0.033715,ca21c5de10b1d84481fc3782c3f8a248e563643983af27e0a898ceb9ba7239e3,,False
BSR\BSDS500\data\groundTruth\train\124084.mat,124084.mat,.mat,BSR\BSDS500\data\groundTruth\train,train,BSDS500,50516,0.048176,8918d7e1da8a53c8406db7f278b6fb1efa4fd6136f58c877e1c7ece99126c843,,False
BSR\BSDS500\data\groundTruth\train\126039.mat,126039.mat,.mat,BSR\BSDS500\data\groundTruth\train,train,BSDS500,45140,0.043049,77ab7efa8bb8390f8295e3b0bbfe690002ec7e9b001ee588d1c7d0415d488dcf,,False
BSR\BSDS500\data\groundTruth\train\130034.mat,130034.mat,.mat,BSR\BSDS500\data\groundTruth\train,train,BSDS500,26928,0.025681,cfd71d8a314cb726042a3e05b47f2e1a3c4a5ed3d0128ba48188c52e9c8032fc,,False
BSR\BSDS500\data\groundTruth\train\134008.mat,134008.mat,.mat,BSR\BSDS500\data\groundTruth\train,train,BSDS500,25000,0.023842,93789a83d7420d59e17dbb4fcb3679403d112a8e9c028d95ad1a99fd2a71f2cb,,False
BSR\BSDS500\data\groundTruth\train\134052.mat,134052.mat,.mat,BSR\BSDS500\data\groundTruth\train,train,BSDS500,37178,0.035456,098121c82020390967ef62f1149226c5f52418ac1f4b5d6b057ba944cf956e2b,,False
BSR\BSDS500\data\groundTruth\train\135037.mat,135037.mat,.mat,BSR\BSDS500\data\groundTruth\train,train,BSDS500,33823,0.032256,ac20cb1fe0f99325612b3d8b70d19c3c8f9e8a03f69c03cac0e3ff170e6392a7,,False
BSR\BSDS500\data\groundTruth\train\135069.mat,135069.mat,.mat,BSR\BSDS500\data\groundTruth\train,train,BSDS500,19078,0.018194,a005ba4128179da9ceb574dc0755abf4eafb02184d52e96cc07b4b9a78247bec,,False
BSR\BSDS500\data\groundTruth\train\138032.mat,138032.mat,.mat,BSR\BSDS500\data\groundTruth\train,train,BSDS500,34755,0.033145,319d9c7298e388489f73cf64284e7b9a20e97348c1cd5b8ddd82f2891f59a457,,False
BSR\BSDS500\data\groundTruth\train\138078.mat,138078.mat,.mat,BSR\BSDS500\data\groundTruth\train,train,BSDS500,47767,0.045554,81b44cae1a79ef743b4ab6848a71668d7f92338c170db2a0595cef3eb1900f6b,,False
BSR\BSDS500\data\groundTruth\train\140055.mat,140055.mat,.mat,BSR\BSDS500\data\groundTruth\train,train,BSDS500,44911,0.04283,4c268c5db360ece89967531163b713c556318f4f30ea77002f8e4d17064beca1,,False
BSR\BSDS500\data\groundTruth\train\140075.mat,140075.mat,.mat,BSR\BSDS500\data\groundTruth\train,train,BSDS500,45328,0.043228,10c404287e849b12984160f5d01c223dbe1d5b5f26d0303ba43e9987cb8496f3,,False
BSR\BSDS500\data\groundTruth\train\144067.mat,144067.mat,.mat,BSR\BSDS500\data\groundTruth\train,train,BSDS500,57798,0.05512,8575eefe1a28509f409ed3124643d2ee6b29172b228eb1fd41f6ac0a2e71156c,,False
BSR\BSDS500\data\groundTruth\train\145014.mat,145014.mat,.mat,BSR\BSDS500\data\groundTruth\train,train,BSDS500,44159,0.042113,d54bb2726d274bc77a9078bd87f20a031ba8d5bbb66d05b6dcdb90123850ee9e,,False
BSR\BSDS500\data\groundTruth\train\145053.mat,145053.mat,.mat,BSR\BSDS500\data\groundTruth\train,train,BSDS500,48936,0.046669,857d1609a5c117fb538ea02b40bb6f20dfefdea5bd9366422d74de1d787c8fd8,,False
BSR\BSDS500\data\groundTruth\train\147021.mat,147021.mat,.mat,BSR\BSDS500\data\groundTruth\train,train,BSDS500,38157,0.036389,a6842a88c71a090dee5852bc6f9fef9bb1c66ede7dc1ac35581652fae65b9b2d,,False
BSR\BSDS500\data\groundTruth\train\147062.mat,147062.mat,.mat,BSR\BSDS500\data\groundTruth\train,train,BSDS500,43735,0.041709,062244d63609508f508a84e975cdb14629b0d62b17dc70b2be834b8a68a4adc1,,False
BSR\BSDS500\data\groundTruth\train\15004.mat,15004.mat,.mat,BSR\BSDS500\data\groundTruth\train,train,BSDS500,64517,0.061528,51edb0d6393f0941da82fd4a1eab09e6ef09bd999208f0e7871497e268a1531d,,False
BSR\BSDS500\data\groundTruth\train\15088.mat,15088.mat,.mat,BSR\BSDS500\data\groundTruth\train,train,BSDS500,21360,0.02037,f2060234666dc6c07eeb9127628d10345fd08fe267237d1c511e196cc4d1b41a,,False
BSR\BSDS500\data\groundTruth\train\151087.mat,151087.mat,.mat,BSR\BSDS500\data\groundTruth\train,train,BSDS500,51891,0.049487,7a22505da15bd1bed86fa8ca96696fa69b1483c77c0191d8933750c388111fdb,,False
BSR\BSDS500\data\groundTruth\train\153077.mat,153077.mat,.mat,BSR\BSDS500\data\groundTruth\train,train,BSDS500,47429,0.045232,0f5ef9ce82bea4396fc1f3c85efdcf29d56ec8ff84dc04580e59282941005315,,False
BSR\BSDS500\data\groundTruth\train\153093.mat,153093.mat,.mat,BSR\BSDS500\data\groundTruth\train,train,BSDS500,51365,0.048985,15a69597e687af9835596ed8e75ed8ec497613108e9859f7c3e37ac7c0da03da,,False
BSR\BSDS500\data\groundTruth\train\155060.mat,155060.mat,.mat,BSR\BSDS500\data\groundTruth\train,train,BSDS500,63131,0.060206,0d2660824319ec80653bd18c1a9b6781c8ae4cb8c5c87c457d8e64f679b43f1e,,False
BSR\BSDS500\data\groundTruth\train\156079.mat,156079.mat,.mat,BSR\BSDS500\data\groundTruth\train,train,BSDS500,52924,0.050472,d7dc14b6b6d912383bfa51099db166fd47e9467a6c14b965dc4bd4d0e385f73e,,False
BSR\BSDS500\data\groundTruth\train\157036.mat,157036.mat,.mat,BSR\BSDS500\data\groundTruth\train,train,BSDS500,50164,0.04784,6c44990978c3b2b9b9f3c179a90199055c8169e8c32f3e3b5ee5c27c3b84542b,,False
BSR\BSDS500\data\groundTruth\train\159029.mat,159029.mat,.mat,BSR\BSDS500\data\groundTruth\train,train,BSDS500,40472,0.038597,4116a054544058d017b96735f0883a713d0071371b0e2e5172af21c521f4f69b,,False
BSR\BSDS500\data\groundTruth\train\159045.mat,159045.mat,.mat,BSR\BSDS500\data\groundTruth\train,train,BSDS500,59853,0.05708,062a4bb3fc0bc4b76986d4b2e1cec951d586a4408090e51fbc29aba8f2520248,,False
BSR\BSDS500\data\groundTruth\train\159091.mat,159091.mat,.mat,BSR\BSDS500\data\groundTruth\train,train,BSDS500,40076,0.038219,8423c661c768cc211c02b76015ceaae688a3632a3a623eec63695e8cdeac6cb1,,False
BSR\BSDS500\data\groundTruth\train\16052.mat,16052.mat,.mat,BSR\BSDS500\data\groundTruth\train,train,BSDS500,40294,0.038427,2827c49d15bace5292b376b7a974dcfc937ae727a12745139d225ada0f04b779,,False
BSR\BSDS500\data\groundTruth\train\161062.mat,161062.mat,.mat,BSR\BSDS500\data\groundTruth\train,train,BSDS500,33173,0.031636,711958e9eaf4a68590dd46c54f08f8f942bc719542b4244c21739193f0b2396e,,False
BSR\BSDS500\data\groundTruth\train\163014.mat,163014.mat,.mat,BSR\BSDS500\data\groundTruth\train,train,BSDS500,46115,0.043979,5fd2e9f1a878a30ed466c8ebc7d5843791a43dc67dbf4a073aad09d2c98245f3,,False
BSR\BSDS500\data\groundTruth\train\163062.mat,163062.mat,.mat,BSR\BSDS500\data\groundTruth\train,train,BSDS500,45503,0.043395,7bf2a9de00adf0e521dcdfc959a1b6a386f20b5f430bd7fa5ff26f58f60f795b,,False
BSR\BSDS500\data\groundTruth\train\164074.mat,164074.mat,.mat,BSR\BSDS500\data\groundTruth\train,train,BSDS500,35432,0.033791,9949b3fd565e18933eef2d82c6f1c9395f81e621cc0cc4bd1a774662e1338e1c,,False
BSR\BSDS500\data\groundTruth\train\166081.mat,166081.mat,.mat,BSR\BSDS500\data\groundTruth\train,train,BSDS500,51762,0.049364,0b8cff924d12dfb5c64aaeca6033236bcedc91a47e4a90551cbc2398975d6252,,False
BSR\BSDS500\data\groundTruth\train\169012.mat,169012.mat,.mat,BSR\BSDS500\data\groundTruth\train,train,BSDS500,64177,0.061204,28abff631fe0331819c67522fbf699d77b4f846e50caf3feb2a56017d6bfa403,,False
BSR\BSDS500\data\groundTruth\train\170054.mat,170054.mat,.mat,BSR\BSDS500\data\groundTruth\train,train,BSDS500,43757,0.04173,12468cdf545c73403ce4c843b54eccefa999c349f254b8adc518eb84b93161f8,,False
BSR\BSDS500\data\groundTruth\train\172032.mat,172032.mat,.mat,BSR\BSDS500\data\groundTruth\train,train,BSDS500,46796,0.044628,529bb60cebcba5e2872388de763057acb6ac9a3fa9a203115f1c5f2d8b62504c,,False
BSR\BSDS500\data\groundTruth\train\173036.mat,173036.mat,.mat,BSR\BSDS500\data\groundTruth\train,train,BSDS500,36300,0.034618,78d53249aab9ab537b8ad56e95684969f6dedb6754e40c778dbb1c024839dec2,,False
BSR\BSDS500\data\groundTruth\train\176019.mat,176019.mat,.mat,BSR\BSDS500\data\groundTruth\train,train,BSDS500,60546,0.057741,dfe0bb0455968bc6665b1a35cd0a68ac2643a885ccf911582350bf62900c8be5,,False
BSR\BSDS500\data\groundTruth\train\176035.mat,176035.mat,.mat,BSR\BSDS500\data\groundTruth\train,train,BSDS500,58056,0.055367,b16e9c3ab90d9953a26c10916df88060a6a6159db6cfafe4ff6e1407a3f8d3d8,,False
BSR\BSDS500\data\groundTruth\train\176039.mat,176039.mat,.mat,BSR\BSDS500\data\groundTruth\train,train,BSDS500,30812,0.029385,01e95d5179bcf088b95310560276c739dd1097264efcb4a247f961b7fce1694e,,False
BSR\BSDS500\data\groundTruth\train\178054.mat,178054.mat,.mat,BSR\BSDS500\data\groundTruth\train,train,BSDS500,34034,0.032457,76d26195b6fc98eb95b005c7cea1394bccab8c178f27ca6af5cf179663d9dc3c,,False
BSR\BSDS500\data\groundTruth\train\181018.mat,181018.mat,.mat,BSR\BSDS500\data\groundTruth\train,train,BSDS500,49063,0.04679,0a033d190b13b96bbccd2e8545ee253526270539f9db288572455d7f33627a70,,False
BSR\BSDS500\data\groundTruth\train\181079.mat,181079.mat,.mat,BSR\BSDS500\data\groundTruth\train,train,BSDS500,43765,0.041738,d6fcf88b26537a2c4f01ebeabdb4e7e17cb59cb62431f77e7a508051dbfceea0,,False
BSR\BSDS500\data\groundTruth\train\181091.mat,181091.mat,.mat,BSR\BSDS500\data\groundTruth\train,train,BSDS500,43172,0.041172,d2b82c54e2879454124157dda726effa05b8ee5df5b07623c53adc713f851d2b,,False
BSR\BSDS500\data\groundTruth\train\183055.mat,183055.mat,.mat,BSR\BSDS500\data\groundTruth\train,train,BSDS500,38325,0.03655,738599c3e3f4f60df69d935e376cacee8e5abe9d6bccd77f1df1be921c63da6e,,False
BSR\BSDS500\data\groundTruth\train\183087.mat,183087.mat,.mat,BSR\BSDS500\data\groundTruth\train,train,BSDS500,40466,0.038591,108808ba7176ec8d45e31f76881ff79b680066fc449660cc23a68ce976b61912,,False
BSR\BSDS500\data\groundTruth\train\187003.mat,187003.mat,.mat,BSR\BSDS500\data\groundTruth\train,train,BSDS500,42988,0.040997,19063f5c85fb7f612026956709546a5eb43c1540d34fd396e303701f399f5eb5,,False
BSR\BSDS500\data\groundTruth\train\187029.mat,187029.mat,.mat,BSR\BSDS500\data\groundTruth\train,train,BSDS500,57019,0.054378,db9f86a7e0cf1c4c5f57d6e9de2aa7e2694ca49e0d03366d5fc7ed2c34abe8b0,,False
BSR\BSDS500\data\groundTruth\train\187039.mat,187039.mat,.mat,BSR\BSDS500\data\groundTruth\train,train,BSDS500,36853,0.035146,aced6022e636af226fce98097cdb1609150bc175a2e2c98f99732e8a1aa9f7ce,,False
BSR\BSDS500\data\groundTruth\train\187071.mat,187071.mat,.mat,BSR\BSDS500\data\groundTruth\train,train,BSDS500,52547,0.050113,70c24836f40c3fba875fa6e201f58d6358c66307ee51f19617c42b87bf49cd1c,,False
BSR\BSDS500\data\groundTruth\train\187083.mat,187083.mat,.mat,BSR\BSDS500\data\groundTruth\train,train,BSDS500,30890,0.029459,564c92d6ac0ba5b5e1eb8d9c56f08f584df04695cca0de79cc2f942355e3128b,,False
BSR\BSDS500\data\groundTruth\train\188005.mat,188005.mat,.mat,BSR\BSDS500\data\groundTruth\train,train,BSDS500,47542,0.04534,58d09bbb3d38ff3e874772a3800219b714917070303b8d01e0d888e449c77852,,False
BSR\BSDS500\data\groundTruth\train\188063.mat,188063.mat,.mat,BSR\BSDS500\data\groundTruth\train,train,BSDS500,38312,0.036537,d66ff60dc07c0da6e1ae06ebea7000b7d94d9f7f98d171c640cd9ddc21cd959b,,False
BSR\BSDS500\data\groundTruth\train\188091.mat,188091.mat,.mat,BSR\BSDS500\data\groundTruth\train,train,BSDS500,30637,0.029218,51d649172f3988050373211c19fd51344846e82c884f07af86009e846b4d7d8b,,False
BSR\BSDS500\data\groundTruth\train\189003.mat,189003.mat,.mat,BSR\BSDS500\data\groundTruth\train,train,BSDS500,34179,0.032596,c04c023c325b49a4368efd8f650a07dc56e25e06b3c46b30e5aca8c3217ab2c2,,False
BSR\BSDS500\data\groundTruth\train\189011.mat,189011.mat,.mat,BSR\BSDS500\data\groundTruth\train,train,BSDS500,39847,0.038001,249acdb3951554724039041cb335cef8ab2f8add8e065c37d719c81a8f5b4969,,False
BSR\BSDS500\data\groundTruth\train\196015.mat,196015.mat,.mat,BSR\BSDS500\data\groundTruth\train,train,BSDS500,51760,0.049362,00df7e253747feb2d102023e2aac58c60ccf8ce9454ee704f32e2ce798d578b1,,False
BSR\BSDS500\data\groundTruth\train\198004.mat,198004.mat,.mat,BSR\BSDS500\data\groundTruth\train,train,BSDS500,44802,0.042727,e20419ef4b708d0d0f4c7202f3747b42863ac0b4adc0a8e8b98051fcee9b6c63,,False
BSR\BSDS500\data\groundTruth\train\198023.mat,198023.mat,.mat,BSR\BSDS500\data\groundTruth\train,train,BSDS500,50837,0.048482,a811f1f92d68198edaa63a855119be808f166755fdf78b138092ed40c25c3119,,False
BSR\BSDS500\data\groundTruth\train\198054.mat,198054.mat,.mat,BSR\BSDS500\data\groundTruth\train,train,BSDS500,47904,0.045685,2be715445c5b1b27f91e211131c98d8f6facda0e70bbf81f808253b890ba08b2,,False
BSR\BSDS500\data\groundTruth\train\20008.mat,20008.mat,.mat,BSR\BSDS500\data\groundTruth\train,train,BSDS500,45771,0.043651,f98a1761f2a581d1bcd335e5c73de357a597a3b0d47eb5ef4ed0d9f7adfd718a,,False
BSR\BSDS500\data\groundTruth\train\202012.mat,202012.mat,.mat,BSR\BSDS500\data\groundTruth\train,train,BSDS500,48208,0.045975,d5fad958297294bc16b77b7206414da02259bfeceb61571b9d1144328957ee71,,False
BSR\BSDS500\data\groundTruth\train\207056.mat,207056.mat,.mat,BSR\BSDS500\data\groundTruth\train,train,BSDS500,29916,0.02853,a63edfdb0d3ea8f2d54e02f54402e48053ec37be88f77ea8a7c90ad61b02708b,,False
BSR\BSDS500\data\groundTruth\train\209070.mat,209070.mat,.mat,BSR\BSDS500\data\groundTruth\train,train,BSDS500,57078,0.054434,0159c7b720efd16c19f84d05aa543825634a4ee8b2a3f76e736a2df95aa3a57f,,False
BSR\BSDS500\data\groundTruth\train\2092.mat,2092.mat,.mat,BSR\BSDS500\data\groundTruth\train,train,BSDS500,58165,0.05547,20bdfbdfcf85fe188b46022ce628413ea6e9d7f3feefd8b0d55d224e99dbdcfa,,False
BSR\BSDS500\data\groundTruth\train\216041.mat,216041.mat,.mat,BSR\BSDS500\data\groundTruth\train,train,BSDS500,52620,0.050182,2962ac5261b4af7e33493822d231e742e8bd191f4d6da8feca25905b42ff57d1,,False
BSR\BSDS500\data\groundTruth\train\216053.mat,216053.mat,.mat,BSR\BSDS500\data\groundTruth\train,train,BSDS500,44997,0.042912,2edd85add90f3822b61fbb1b776ccea3c1aca463aec868bcf5389291b7748b41,,False
BSR\BSDS500\data\groundTruth\train\216066.mat,216066.mat,.mat,BSR\BSDS500\data\groundTruth\train,train,BSDS500,37927,0.03617,d6c6364302120fa70747d3154f959347362eae6c2d28ed58e25b3e736b5d1d74,,False
BSR\BSDS500\data\groundTruth\train\22013.mat,22013.mat,.mat,BSR\BSDS500\data\groundTruth\train,train,BSDS500,40577,0.038697,e0d5c40ea2db98c9bacc8b50c7ad75bad881f2434295233773504852f6b0cf29,,False
BSR\BSDS500\data\groundTruth\train\22090.mat,22090.mat,.mat,BSR\BSDS500\data\groundTruth\train,train,BSDS500,56585,0.053964,cdb03278ce5af526442c0c02af1246412d438904aafd240a1fb9f2dae2329c15,,False
BSR\BSDS500\data\groundTruth\train\22093.mat,22093.mat,.mat,BSR\BSDS500\data\groundTruth\train,train,BSDS500,62401,0.05951,2083960bfe58df7b2a00d2d64b0bb20338b8cf161ef1bdd856ea43cc04cf499a,,False
BSR\BSDS500\data\groundTruth\train\225017.mat,225017.mat,.mat,BSR\BSDS500\data\groundTruth\train,train,BSDS500,40645,0.038762,78f3a67af865d5b6961bbc7bfa1269777d84656a5e0df23d324381e1f8fb1514,,False
BSR\BSDS500\data\groundTruth\train\227040.mat,227040.mat,.mat,BSR\BSDS500\data\groundTruth\train,train,BSDS500,33655,0.032096,06b81a252d097d87af79fecf197bf200bc378a81e663a8b46a858b57f3a3d9e1,,False
BSR\BSDS500\data\groundTruth\train\227046.mat,227046.mat,.mat,BSR\BSDS500\data\groundTruth\train,train,BSDS500,36082,0.03441,2909392902ecdfd268ef107698bb85afce0d7fe5a84a3aa40b2299366d620fd1,,False
BSR\BSDS500\data\groundTruth\train\23025.mat,23025.mat,.mat,BSR\BSDS500\data\groundTruth\train,train,BSDS500,42796,0.040813,f7ce00f235c2e213e4b6c8b92c2c44aa173c36d2cbfa6c160696fa4bc1a5be9e,,False
BSR\BSDS500\data\groundTruth\train\23080.mat,23080.mat,.mat,BSR\BSDS500\data\groundTruth\train,train,BSDS500,43501,0.041486,775dc94419a2941dac486809c7ac09ab1a45df79138a9f6438d97542079e02f2,,False
BSR\BSDS500\data\groundTruth\train\23084.mat,23084.mat,.mat,BSR\BSDS500\data\groundTruth\train,train,BSDS500,52553,0.050118,29f8e12ff97c1682934985a03a947ec5fce5281cad2d6cd1f7dcce3f447779a6,,False
BSR\BSDS500\data\groundTruth\train\231015.mat,231015.mat,.mat,BSR\BSDS500\data\groundTruth\train,train,BSDS500,53095,0.050635,0dd3164678a7f9806299836971b102b97a59789bfccf5e555cc8b322cf229670,,False
BSR\BSDS500\data\groundTruth\train\232038.mat,232038.mat,.mat,BSR\BSDS500\data\groundTruth\train,train,BSDS500,44842,0.042765,2b530b4d85dc48defda004ccc994eb1e1f36b625820192a9b16b671998521175,,False
BSR\BSDS500\data\groundTruth\train\236017.mat,236017.mat,.mat,BSR\BSDS500\data\groundTruth\train,train,BSDS500,54100,0.051594,3c70446e8fd70ed9729b932cd1e8790aa8a8dbb7c4f849cf130ebccaa86b5e29,,False
BSR\BSDS500\data\groundTruth\train\238011.mat,238011.mat,.mat,BSR\BSDS500\data\groundTruth\train,train,BSDS500,51326,0.048948,bdab87d24b50d9dc2961503e799e378a7eba1b0b83d141b95dd5eb433593fde9,,False
BSR\BSDS500\data\groundTruth\train\239007.mat,239007.mat,.mat,BSR\BSDS500\data\groundTruth\train,train,BSDS500,57815,0.055137,75d659e2a4f7465c9a47e7cd82cb5896df2033227296fd9b58b47e128001717b,,False
BSR\BSDS500\data\groundTruth\train\239096.mat,239096.mat,.mat,BSR\BSDS500\data\groundTruth\train,train,BSDS500,49895,0.047584,ddfb4402f0aaa66b553f076a0da5637238f953945f666145cdcf42d431b481dd,,False
BSR\BSDS500\data\groundTruth\train\24004.mat,24004.mat,.mat,BSR\BSDS500\data\groundTruth\train,train,BSDS500,39555,0.037723,0b704bd5016547f82c32e6d01c084b94832310f94d9ff2102880cb4bfc8b25f3,,False
BSR\BSDS500\data\groundTruth\train\24063.mat,24063.mat,.mat,BSR\BSDS500\data\groundTruth\train,train,BSDS500,34099,0.032519,77247b3acb23c15da41b2f104f97195f3811eb7ed36924b6b92fc361581ddee6,,False
BSR\BSDS500\data\groundTruth\train\242078.mat,242078.mat,.mat,BSR\BSDS500\data\groundTruth\train,train,BSDS500,72960,0.06958,329532980a9f7f74f1f0a067d34243ad61cd1691c8b41ae2fb2ff40e8d302056,,False
BSR\BSDS500\data\groundTruth\train\245051.mat,245051.mat,.mat,BSR\BSDS500\data\groundTruth\train,train,BSDS500,51353,0.048974,952d2c8dc9747bcc3060f16ee2a416d696501db31ac8644a106d0797fe4b06a2,,False
BSR\BSDS500\data\groundTruth\train\246016.mat,246016.mat,.mat,BSR\BSDS500\data\groundTruth\train,train,BSDS500,53104,0.050644,2cee49713c6eab63fbcff13df4fe1ff5e65868a13687117a3d50b84ca6394b30,,False
BSR\BSDS500\data\groundTruth\train\246053.mat,246053.mat,.mat,BSR\BSDS500\data\groundTruth\train,train,BSDS500,42694,0.040716,9ac19644f3e0a7c17767ecec62a47c43683aa621c3e82dfc07a8727d02b2f8d9,,False
BSR\BSDS500\data\groundTruth\train\247085.mat,247085.mat,.mat,BSR\BSDS500\data\groundTruth\train,train,BSDS500,56571,0.05395,0bd13963b1d5e3600b100b2be09925aa06f84430b6eb60ca0d0a498665eb051e,,False
BSR\BSDS500\data\groundTruth\train\249061.mat,249061.mat,.mat,BSR\BSDS500\data\groundTruth\train,train,BSDS500,38864,0.037064,85fff5cb7a4dccc10124b99d9161a665a3ea261bef2204d88c64210c0935199c,,False
BSR\BSDS500\data\groundTruth\train\249087.mat,249087.mat,.mat,BSR\BSDS500\data\groundTruth\train,train,BSDS500,54420,0.051899,ea94af89f6c114a2bf6fea53dc21cc7ddc80599a5de34149a72658e1b3d53106,,False
BSR\BSDS500\data\groundTruth\train\25098.mat,25098.mat,.mat,BSR\BSDS500\data\groundTruth\train,train,BSDS500,69631,0.066405,ea07d7894991150f445f8e21edaa4835d166979f6b69a464efff2775f9e7ef91,,False
BSR\BSDS500\data\groundTruth\train\253036.mat,253036.mat,.mat,BSR\BSDS500\data\groundTruth\train,train,BSDS500,43471,0.041457,de90d3da5a6c892560574feeeb3d911e108d993333dd0cf6f4f36ffda91cd7e7,,False
BSR\BSDS500\data\groundTruth\train\254033.mat,254033.mat,.mat,BSR\BSDS500\data\groundTruth\train,train,BSDS500,36227,0.034549,cc3922edb73fc79043fc1b30cb5578cc1539df0efc0401936bbe9d4cd093ad64,,False
BSR\BSDS500\data\groundTruth\train\254054.mat,254054.mat,.mat,BSR\BSDS500\data\groundTruth\train,train,BSDS500,34427,0.032832,b138da7f7a4410e5cf2b7bb46c508e4cd85e33d719bf2146f94196c4d00c781a,,False
BSR\BSDS500\data\groundTruth\train\260081.mat,260081.mat,.mat,BSR\BSDS500\data\groundTruth\train,train,BSDS500,52642,0.050203,5511347560b807b31a6d6c4413e5c46d6b89335bdac988705cb6c50cf93475a7,,False
BSR\BSDS500\data\groundTruth\train\26031.mat,26031.mat,.mat,BSR\BSDS500\data\groundTruth\train,train,BSDS500,32319,0.030822,9ee1baa03a814f850e9a5dabf6ea831cab07526a7ae57bfe2c9c586802a16e3c,,False
BSR\BSDS500\data\groundTruth\train\268002.mat,268002.mat,.mat,BSR\BSDS500\data\groundTruth\train,train,BSDS500,35502,0.033857,a00e66357ec5d69bbdfbe28addcc9742c33eb902628556ba44aed65ad8cef17f,,False
BSR\BSDS500\data\groundTruth\train\27059.mat,27059.mat,.mat,BSR\BSDS500\data\groundTruth\train,train,BSDS500,51195,0.048823,99b7cb0e3dbf083d8d934fead08a337b2d80962c954cd7b27d899a34340f72b7,,False
BSR\BSDS500\data\groundTruth\train\271008.mat,271008.mat,.mat,BSR\BSDS500\data\groundTruth\train,train,BSDS500,41943,0.04,bddccfe99ea88cccfe41f78ad6a673435993bc48321d475071e1073f7a2a4380,,False
BSR\BSDS500\data\groundTruth\train\271031.mat,271031.mat,.mat,BSR\BSDS500\data\groundTruth\train,train,BSDS500,30311,0.028907,3668962b205aa0b1cf88616e162dcf7f8496be005ada603ea30aa35a8914584e,,False
BSR\BSDS500\data\groundTruth\train\274007.mat,274007.mat,.mat,BSR\BSDS500\data\groundTruth\train,train,BSDS500,56487,0.05387,608297e46696ab3cf8e3b5f633e684754fde9554427c1d74d84dd1675f739ea9,,False
BSR\BSDS500\data\groundTruth\train\277095.mat,277095.mat,.mat,BSR\BSDS500\data\groundTruth\train,train,BSDS500,41553,0.039628,d9dab3bbf5d7ed45e3e1223f099f228857bd44389ce3c94327ba76a4941e2056,,False
BSR\BSDS500\data\groundTruth\train\28075.mat,28075.mat,.mat,BSR\BSDS500\data\groundTruth\train,train,BSDS500,37869,0.036115,314a0cd639c1f4079595cd52860c3062ae55e7d1620b7659ede4a457cca0a4a6,,False
BSR\BSDS500\data\groundTruth\train\28096.mat,28096.mat,.mat,BSR\BSDS500\data\groundTruth\train,train,BSDS500,14485,0.013814,d4d396e3f6eef1a77e04f56190ebc52d8dd44e147196d62df56b02381b5c2810,,False
BSR\BSDS500\data\groundTruth\train\285036.mat,285036.mat,.mat,BSR\BSDS500\data\groundTruth\train,train,BSDS500,55086,0.052534,305c998d91bc43ce9facb1beeb5c895e6f2058fef70f987c6e25731cd3482045,,False
BSR\BSDS500\data\groundTruth\train\286092.mat,286092.mat,.mat,BSR\BSDS500\data\groundTruth\train,train,BSDS500,49676,0.047375,4eda7e03f0221667064799e09f162a15860b82558e7fc3eced5cc2be46921b6d,,False
BSR\BSDS500\data\groundTruth\train\292066.mat,292066.mat,.mat,BSR\BSDS500\data\groundTruth\train,train,BSDS500,43381,0.041371,23f53f9615ec4bbfeb18f6c7d925d0328d67b076308c09b875dac60e1a58095d,,False
BSR\BSDS500\data\groundTruth\train\293029.mat,293029.mat,.mat,BSR\BSDS500\data\groundTruth\train,train,BSDS500,65630,0.06259,22932844a6f3036a326282edb379ffe18761183bff29fda6d4d77e04464de435,,False
BSR\BSDS500\data\groundTruth\train\299091.mat,299091.mat,.mat,BSR\BSDS500\data\groundTruth\train,train,BSDS500,34625,0.033021,b803f9344ebdc0c4f13171b76995769751baeab9026f441237c0a4bd591cb2c8,,False
BSR\BSDS500\data\groundTruth\train\301007.mat,301007.mat,.mat,BSR\BSDS500\data\groundTruth\train,train,BSDS500,45370,0.043268,30a6ed41275367b029d643a66f96f8e20913c4e5f842108067b7a0a84a5a2397,,False
BSR\BSDS500\data\groundTruth\train\302003.mat,302003.mat,.mat,BSR\BSDS500\data\groundTruth\train,train,BSDS500,60192,0.057404,5bf745a29d17e99d2b19a2dd10e8fb9b1f8d8909168e223e877d2089f6ac876c,,False
BSR\BSDS500\data\groundTruth\train\309004.mat,309004.mat,.mat,BSR\BSDS500\data\groundTruth\train,train,BSDS500,37946,0.036188,d7737634b8cd7b257419d3f618c03979986f451305b44eddd0421ad45e492261,,False
BSR\BSDS500\data\groundTruth\train\310007.mat,310007.mat,.mat,BSR\BSDS500\data\groundTruth\train,train,BSDS500,39941,0.038091,80d1e09ab579028039fd3aa9068a08aa5dc5361b4de3efcd58d35842905dd417,,False
BSR\BSDS500\data\groundTruth\train\311068.mat,311068.mat,.mat,BSR\BSDS500\data\groundTruth\train,train,BSDS500,39055,0.037246,1a02510f84cc22fa7e2fc018b6e74039c651b5a23c321a645b430ab5cea15c2a,,False
BSR\BSDS500\data\groundTruth\train\311081.mat,311081.mat,.mat,BSR\BSDS500\data\groundTruth\train,train,BSDS500,30957,0.029523,94419a9317e2ad0ea5c21acac1d0790124bf5f469508bc44815b741bbaf84a7d,,False
BSR\BSDS500\data\groundTruth\train\314016.mat,314016.mat,.mat,BSR\BSDS500\data\groundTruth\train,train,BSDS500,37801,0.03605,cbeb976e7a0bbfd67d4d4da86cd1a06050027e180b1b29020701e575197b72ad,,False
BSR\BSDS500\data\groundTruth\train\317080.mat,317080.mat,.mat,BSR\BSDS500\data\groundTruth\train,train,BSDS500,39098,0.037287,41a75780ff291028c3ca7371e98a940252182c526a0e18096eaff2aa04800b39,,False
BSR\BSDS500\data\groundTruth\train\323016.mat,323016.mat,.mat,BSR\BSDS500\data\groundTruth\train,train,BSDS500,55799,0.053214,fb83641a8dac9def14baeb0edf968f8caa417958de0ba2f48a65772d343f5e7d,,False
BSR\BSDS500\data\groundTruth\train\326038.mat,326038.mat,.mat,BSR\BSDS500\data\groundTruth\train,train,BSDS500,38154,0.036386,ae83c05b97f74768ad7e6e01e8e5a91defb069709c4be524e9b7c1db78db80b9,,False
BSR\BSDS500\data\groundTruth\train\33066.mat,33066.mat,.mat,BSR\BSDS500\data\groundTruth\train,train,BSDS500,50762,0.04841,89252874ed4fe7fa7d2e1e923f0ab579b46cf5a58d21f83cdd3f93c21d8787f3,,False
BSR\BSDS500\data\groundTruth\train\35008.mat,35008.mat,.mat,BSR\BSDS500\data\groundTruth\train,train,BSDS500,47798,0.045584,c27157789747984ca85fe72ac4bc1b81ab60f25bf5fb9a8a988585704568c8e9,,False
BSR\BSDS500\data\groundTruth\train\35010.mat,35010.mat,.mat,BSR\BSDS500\data\groundTruth\train,train,BSDS500,66401,0.063325,9e3cdb2198abaf7f439be99a94f47e5db53f0e0f88c48748fe5746d980191236,,False
BSR\BSDS500\data\groundTruth\train\35058.mat,35058.mat,.mat,BSR\BSDS500\data\groundTruth\train,train,BSDS500,39066,0.037256,0f9be75eb3333ba23f15533ed665dbc27ddb6c373b45e5bdca2eef9b2f370d76,,False
BSR\BSDS500\data\groundTruth\train\35070.mat,35070.mat,.mat,BSR\BSDS500\data\groundTruth\train,train,BSDS500,38529,0.036744,a3122d40ed34b665a630de9f68f309a0f45db0e237f7e8e702b6dedd92893edb,,False
BSR\BSDS500\data\groundTruth\train\35091.mat,35091.mat,.mat,BSR\BSDS500\data\groundTruth\train,train,BSDS500,61477,0.058629,d0a76d44a259dfe00433bbf9775af288e8e19e656b0761be9d273d9b9a142558,,False
BSR\BSDS500\data\groundTruth\train\353013.mat,353013.mat,.mat,BSR\BSDS500\data\groundTruth\train,train,BSDS500,43674,0.041651,e3ace13a8ecd2f8e4d9ebd2ff124f869ea699e24282f5fd6fcc11d6e26baf755,,False
BSR\BSDS500\data\groundTruth\train\361084.mat,361084.mat,.mat,BSR\BSDS500\data\groundTruth\train,train,BSDS500,61655,0.058799,85a532d40031ddd2282cd0d27ad6c8cb57d94c6bbedf99d6d1af4e3f3d198f26,,False
BSR\BSDS500\data\groundTruth\train\365025.mat,365025.mat,.mat,BSR\BSDS500\data\groundTruth\train,train,BSDS500,43520,0.041504,18c09d9ec5a5658e8eb1db067da71498be37c4bb460fb4b543e2e4e69a8e832a,,False
BSR\BSDS500\data\groundTruth\train\365073.mat,365073.mat,.mat,BSR\BSDS500\data\groundTruth\train,train,BSDS500,58488,0.055779,d862af036eec6b44f806ccbc4335fd6cfc1cc32bf7842835b32d6c277897aa44,,False
BSR\BSDS500\data\groundTruth\train\368016.mat,368016.mat,.mat,BSR\BSDS500\data\groundTruth\train,train,BSDS500,49930,0.047617,23a8fa63ff93d14b25582c4ad6d2fc994143fed3ce1165ddee4306f44b5eee49,,False
BSR\BSDS500\data\groundTruth\train\368078.mat,368078.mat,.mat,BSR\BSDS500\data\groundTruth\train,train,BSDS500,57509,0.054845,86d9468500a8eb5ed7f32e922508655d6f58bf15ad1b251669aae710df1449e3,,False
BSR\BSDS500\data\groundTruth\train\370036.mat,370036.mat,.mat,BSR\BSDS500\data\groundTruth\train,train,BSDS500,58163,0.055469,2a000819064df525750c5e7b708aa36efb7807ccdbd9c4de072af39f4edf836c,,False
BSR\BSDS500\data\groundTruth\train\372047.mat,372047.mat,.mat,BSR\BSDS500\data\groundTruth\train,train,BSDS500,39275,0.037456,1bd2993cd90f0ade499664fe4a2a6423c7a1f4f135a72510274f488fdb76800d,,False
BSR\BSDS500\data\groundTruth\train\374020.mat,374020.mat,.mat,BSR\BSDS500\data\groundTruth\train,train,BSDS500,33824,0.032257,23fd6456f837040a8956acfede02e74991700afbeb418c4bcc6e88a5c0e92547,,False
BSR\BSDS500\data\groundTruth\train\374067.mat,374067.mat,.mat,BSR\BSDS500\data\groundTruth\train,train,BSDS500,39733,0.037892,1c4c28f890c69a2eb3050803965f20a8677c51805eb4252ca3808f59cac5af84,,False
BSR\BSDS500\data\groundTruth\train\376001.mat,376001.mat,.mat,BSR\BSDS500\data\groundTruth\train,train,BSDS500,66143,0.063079,a134b68fec66a84264b5664ea886c936482d0aebcf3462f1e000a28eb7b0d614,,False
BSR\BSDS500\data\groundTruth\train\376020.mat,376020.mat,.mat,BSR\BSDS500\data\groundTruth\train,train,BSDS500,45252,0.043156,1d6eb0c60cc674591db5c5671c4a622e070c41ee385bfd72dba2c8a7e5b79c79,,False
BSR\BSDS500\data\groundTruth\train\385028.mat,385028.mat,.mat,BSR\BSDS500\data\groundTruth\train,train,BSDS500,41971,0.040027,21347ad835f0d7914d349138437414886f17caa7e3e1cf709402e095756a3aa0,,False
BSR\BSDS500\data\groundTruth\train\388016.mat,388016.mat,.mat,BSR\BSDS500\data\groundTruth\train,train,BSDS500,61226,0.05839,ecccad3c56c39e05869ce4f6b1184b882b9d732fe2ff9fc8c96a6012b2c28c57,,False
BSR\BSDS500\data\groundTruth\train\41004.mat,41004.mat,.mat,BSR\BSDS500\data\groundTruth\train,train,BSDS500,41528,0.039604,33dbb14ed7c6f65f3148f9de87397d95527482b78337e38dee968d6728487c3e,,False
BSR\BSDS500\data\groundTruth\train\41025.mat,41025.mat,.mat,BSR\BSDS500\data\groundTruth\train,train,BSDS500,34648,0.033043,3e106901b3a38bdaf2fac924a64627b16a41ebe2967fd0ba870df98604f53d16,,False
BSR\BSDS500\data\groundTruth\train\42044.mat,42044.mat,.mat,BSR\BSDS500\data\groundTruth\train,train,BSDS500,44093,0.04205,6c37cb89ef9f8cd2930e08add7520efcd91f65788822220a3526022b36829163,,False
BSR\BSDS500\data\groundTruth\train\42078.mat,42078.mat,.mat,BSR\BSDS500\data\groundTruth\train,train,BSDS500,46020,0.043888,d3bd789466364cafb9bebf380e22cde26b999304519866955544523d7ab09bf4,,False
BSR\BSDS500\data\groundTruth\train\43070.mat,43070.mat,.mat,BSR\BSDS500\data\groundTruth\train,train,BSDS500,28945,0.027604,4e708864814cd18335676fa7f626974ee417252dedfa806056fbf6bc740c11fe,,False
BSR\BSDS500\data\groundTruth\train\43083.mat,43083.mat,.mat,BSR\BSDS500\data\groundTruth\train,train,BSDS500,40194,0.038332,86d4eef83828d8280cc08ec0456c9dd2673d4ffbfac2d8d7d96cf02386f8e619,,False
BSR\BSDS500\data\groundTruth\train\45077.mat,45077.mat,.mat,BSR\BSDS500\data\groundTruth\train,train,BSDS500,46552,0.044395,c6394a3f7749108e3fd18a8090ca41d4a1a32fcb6a2291a0a19f8603e4de044e,,False
BSR\BSDS500\data\groundTruth\train\46076.mat,46076.mat,.mat,BSR\BSDS500\data\groundTruth\train,train,BSDS500,42883,0.040896,4a81edb675b8eae94446093bdf4049bf0b93f951a8de1a96928d50b2060b91eb,,False
BSR\BSDS500\data\groundTruth\train\48055.mat,48055.mat,.mat,BSR\BSDS500\data\groundTruth\train,train,BSDS500,49361,0.047074,f9dfb919baa778df5730e042f371711254ba3517aba5d2277c2f0ecaf2119f31,,False
BSR\BSDS500\data\groundTruth\train\54005.mat,54005.mat,.mat,BSR\BSDS500\data\groundTruth\train,train,BSDS500,41435,0.039515,fe8afce18638dc5fd457becd40f436d0ef8c7a5384e430d4e72f3a0ec58a26df,,False
BSR\BSDS500\data\groundTruth\train\55067.mat,55067.mat,.mat,BSR\BSDS500\data\groundTruth\train,train,BSDS500,51278,0.048903,e2a639478dc408b9f07f9c465f5a305743cc6ee7a2a067877a6ec3b88c2d7d23,,False
BSR\BSDS500\data\groundTruth\train\55075.mat,55075.mat,.mat,BSR\BSDS500\data\groundTruth\train,train,BSDS500,54586,0.052057,f902a4d0dbf1bbaf03405fe08f1f6b0c073a0059ca37d7bf1f4a262298671ed8,,False
BSR\BSDS500\data\groundTruth\train\56028.mat,56028.mat,.mat,BSR\BSDS500\data\groundTruth\train,train,BSDS500,49127,0.046851,0e3662c9ff53e986cd5fadddd18c8e63813e995ca46124ddf709e0d6ec7d0c14,,False
BSR\BSDS500\data\groundTruth\train\59078.mat,59078.mat,.mat,BSR\BSDS500\data\groundTruth\train,train,BSDS500,33533,0.03198,4a6b9f4b63d01467a560292e45f0c59ced02b874e2d426aefe4b9f4ec2ec2fa4,,False
BSR\BSDS500\data\groundTruth\train\60079.mat,60079.mat,.mat,BSR\BSDS500\data\groundTruth\train,train,BSDS500,28864,0.027527,1efb7dad98d04aff929ecfdef81e685676180f802f2d74aace3fd577b68f11f7,,False
BSR\BSDS500\data\groundTruth\train\61060.mat,61060.mat,.mat,BSR\BSDS500\data\groundTruth\train,train,BSDS500,35708,0.034054,2c090b7a49d1866f676a75786f761b6a40fedb2b4ea061ba4634232ba2bd4af1,,False
BSR\BSDS500\data\groundTruth\train\61086.mat,61086.mat,.mat,BSR\BSDS500\data\groundTruth\train,train,BSDS500,67435,0.064311,30e4552dd25958c93d1afbb7e3a1ac0daa97a1e93a8fa6c6607266db1e55be42,,False
BSR\BSDS500\data\groundTruth\train\65010.mat,65010.mat,.mat,BSR\BSDS500\data\groundTruth\train,train,BSDS500,56480,0.053864,53ca317126146e9bd801d6a467a9378b963c6a0440188f73ef56bedbea9520e5,,False
BSR\BSDS500\data\groundTruth\train\65019.mat,65019.mat,.mat,BSR\BSDS500\data\groundTruth\train,train,BSDS500,78362,0.074732,6402e964a55ff06a13a6e6996cfa8f75886ba0c21f95f69d59517c759b98b5a3,,False
BSR\BSDS500\data\groundTruth\train\65074.mat,65074.mat,.mat,BSR\BSDS500\data\groundTruth\train,train,BSDS500,56553,0.053933,61ffed303d8c761428c725608d5715388c1e67cfa0a4e21e34864bd92347d0c9,,False
BSR\BSDS500\data\groundTruth\train\65132.mat,65132.mat,.mat,BSR\BSDS500\data\groundTruth\train,train,BSDS500,60462,0.057661,035742e0bfaa4a9100a135eb946d2d9f5208acb7453dfa560ffebd2d51e2fe95,,False
BSR\BSDS500\data\groundTruth\train\66039.mat,66039.mat,.mat,BSR\BSDS500\data\groundTruth\train,train,BSDS500,42187,0.040233,80595e1dd3b9eaaa1ea5395e951f5c662e8b659e38ea0ca05c70f3836146d674,,False
BSR\BSDS500\data\groundTruth\train\66075.mat,66075.mat,.mat,BSR\BSDS500\data\groundTruth\train,train,BSDS500,27937,0.026643,7de2d868b41204c19d2d9be0409b54f04132c08afb5be5b800928102d313753b,,False
BSR\BSDS500\data\groundTruth\train\67079.mat,67079.mat,.mat,BSR\BSDS500\data\groundTruth\train,train,BSDS500,42848,0.040863,3337d8b878edb6a9a3aff58fcfed98b0f0cef860093c1c643ac6f74483190976,,False
BSR\BSDS500\data\groundTruth\train\68077.mat,68077.mat,.mat,BSR\BSDS500\data\groundTruth\train,train,BSDS500,52394,0.049967,92c1d0e9e76b77ce5687b96d01655509857801c8c1700b8a5c88e0bd0af89cb9,,False
BSR\BSDS500\data\groundTruth\train\71046.mat,71046.mat,.mat,BSR\BSDS500\data\groundTruth\train,train,BSDS500,40862,0.038969,b1388f6f32299aa8b7b1adf7b419f778328ed4f6ab25fb29914d1e2983fb0c10,,False
BSR\BSDS500\data\groundTruth\train\76002.mat,76002.mat,.mat,BSR\BSDS500\data\groundTruth\train,train,BSDS500,48330,0.046091,a84004b9e343786cc1091b4a8826713161ecc3a20130e947f414e9e4ead80f92,,False
BSR\BSDS500\data\groundTruth\train\78019.mat,78019.mat,.mat,BSR\BSDS500\data\groundTruth\train,train,BSDS500,45981,0.043851,d2a302f5d639270904e8abc65a8b3171f1c091436a716369ac534673d7db9b4b,,False
BSR\BSDS500\data\groundTruth\train\80099.mat,80099.mat,.mat,BSR\BSDS500\data\groundTruth\train,train,BSDS500,19302,0.018408,f78d0c7c341358a022f1475d2f71fed0fbddba5a26431c3031788ba33ac1a329,,False
BSR\BSDS500\data\groundTruth\train\8049.mat,8049.mat,.mat,BSR\BSDS500\data\groundTruth\train,train,BSDS500,53159,0.050696,df160b6c8ddfba9f9586f7af34fc8c38dfac3498677e7d3d3da882772c5681b8,,False
BSR\BSDS500\data\groundTruth\train\8143.mat,8143.mat,.mat,BSR\BSDS500\data\groundTruth\train,train,BSDS500,48306,0.046068,41dd13bc1238d830bc076f0c28ac603922606cd80e82bc40fdb55a66d9d5333e,,False
BSR\BSDS500\data\groundTruth\train\87065.mat,87065.mat,.mat,BSR\BSDS500\data\groundTruth\train,train,BSDS500,42827,0.040843,4a2eda213a202950e3b836304ae02e7c3f79a2fa67631d1b99003238fb8d4077,,False
BSR\BSDS500\data\groundTruth\train\90076.mat,90076.mat,.mat,BSR\BSDS500\data\groundTruth\train,train,BSDS500,40470,0.038595,21df4ee2d46fa6546566e4841e34c4bd8a81de5e5fa57adc62abaf14503a1f8e,,False
BSR\BSDS500\data\groundTruth\train\92059.mat,92059.mat,.mat,BSR\BSDS500\data\groundTruth\train,train,BSDS500,36076,0.034405,9b5f4bc11055b03075a4d0ef2372fb9e5f077cd2a0c097c16d5c3353da3716cf,,False
BSR\BSDS500\data\groundTruth\train\94079.mat,94079.mat,.mat,BSR\BSDS500\data\groundTruth\train,train,BSDS500,30954,0.02952,a5f4629bb11c33edaff21fabbd1a3ca3a56d6c0e578ba58f746a2e80a36ac62f,,False
BSR\BSDS500\data\groundTruth\train\95006.mat,95006.mat,.mat,BSR\BSDS500\data\groundTruth\train,train,BSDS500,40435,0.038562,384aa924c4f4dc8093493d6a91529b0aa8bbbab1a5e2c680dd1e1ef6482bb995,,False
BSR\BSDS500\data\groundTruth\train\97017.mat,97017.mat,.mat,BSR\BSDS500\data\groundTruth\train,train,BSDS500,44353,0.042298,78f70a2098f0c58a1fd1910d84e4ecc3bbecfeacd51f2df8ccda415225ee06b6,,False
BSR\BSDS500\data\groundTruth\val\101085.mat,101085.mat,.mat,BSR\BSDS500\data\groundTruth\val,val,BSDS500,42630,0.040655,7ab396c58a2da20f8f0410c16880143a975e34c4499252eebca9b2a96baee38d,,False
BSR\BSDS500\data\groundTruth\val\101087.mat,101087.mat,.mat,BSR\BSDS500\data\groundTruth\val,val,BSDS500,54348,0.05183,868248aab37e70c67fa7040052247279df10e90824425b8010974398b19d9d2c,,False
BSR\BSDS500\data\groundTruth\val\102061.mat,102061.mat,.mat,BSR\BSDS500\data\groundTruth\val,val,BSDS500,35717,0.034062,9555fd3e2c92645b3103a889caa279279dd3e5edf0915eacde49bf1262e1c7a4,,False
BSR\BSDS500\data\groundTruth\val\103070.mat,103070.mat,.mat,BSR\BSDS500\data\groundTruth\val,val,BSDS500,55204,0.052647,6ea046fc3cd5ac5dfd8e5178e11f655c4168db47329cdff52bb2d305e5928f25,,False
BSR\BSDS500\data\groundTruth\val\105025.mat,105025.mat,.mat,BSR\BSDS500\data\groundTruth\val,val,BSDS500,47078,0.044897,ceb55c67f2788b0ec2be71a91a3694bab0a98263e0c1d635ae1e530db65c055e,,False
BSR\BSDS500\data\groundTruth\val\106024.mat,106024.mat,.mat,BSR\BSDS500\data\groundTruth\val,val,BSDS500,47437,0.045239,e734030f2621a73e118f9a59fab7c77404eb1d54ac5b10e9466554432c9b3dd5,,False
BSR\BSDS500\data\groundTruth\val\108005.mat,108005.mat,.mat,BSR\BSDS500\data\groundTruth\val,val,BSDS500,39274,0.037455,44ab4db4abeb4e8cc207638df849aa498b940370bbf3dcb46e22d924a4f941f9,,False
BSR\BSDS500\data\groundTruth\val\108070.mat,108070.mat,.mat,BSR\BSDS500\data\groundTruth\val,val,BSDS500,33687,0.032126,dbb6fa7843443abb937ba929f4088dfbcc1c1c5e49f72eaa395c95f80bd1dcba,,False
BSR\BSDS500\data\groundTruth\val\108082.mat,108082.mat,.mat,BSR\BSDS500\data\groundTruth\val,val,BSDS500,28708,0.027378,916632294916dcf86699cc5dc98bff006819113a681d7e536656bbf5c19793be,,False
BSR\BSDS500\data\groundTruth\val\109053.mat,109053.mat,.mat,BSR\BSDS500\data\groundTruth\val,val,BSDS500,40185,0.038323,865950aabfcda97744ca94376b50240511ebc59dbac147886e091b1966c00912,,False
BSR\BSDS500\data\groundTruth\val\119082.mat,119082.mat,.mat,BSR\BSDS500\data\groundTruth\val,val,BSDS500,55967,0.053374,a8ecccf1b8f25932c418e61df5d1177af7c9c09c80849b0551421a29c55a06f6,,False
BSR\BSDS500\data\groundTruth\val\12084.mat,12084.mat,.mat,BSR\BSDS500\data\groundTruth\val,val,BSDS500,31886,0.030409,720f59a298e78d3b00f85fb84feb325e73ab39febf91ce4d4d3f17eadd7e33e8,,False
BSR\BSDS500\data\groundTruth\val\123074.mat,123074.mat,.mat,BSR\BSDS500\data\groundTruth\val,val,BSDS500,37809,0.036057,ae5bcf47e1506c922d7f6397fd2afc3f1363200173575518b4fd2210ef03ac6b,,False
BSR\BSDS500\data\groundTruth\val\126007.mat,126007.mat,.mat,BSR\BSDS500\data\groundTruth\val,val,BSDS500,61212,0.058376,f62232208ad828546b085b6cf69bc54fac7fd0387077d9ad78880fb340c7547f,,False
BSR\BSDS500\data\groundTruth\val\130026.mat,130026.mat,.mat,BSR\BSDS500\data\groundTruth\val,val,BSDS500,28767,0.027434,f4ddb6738d5f9f410269aadca0d610c9fa7701e22b0967e6665279c307c01c0a,,False
BSR\BSDS500\data\groundTruth\val\134035.mat,134035.mat,.mat,BSR\BSDS500\data\groundTruth\val,val,BSDS500,48348,0.046108,2415ed5943140379bef12a702123c8c45d44dde87bd9c22bd10ec7a3e3ae4e90,,False
BSR\BSDS500\data\groundTruth\val\14037.mat,14037.mat,.mat,BSR\BSDS500\data\groundTruth\val,val,BSDS500,36978,0.035265,fc84d58c4f2da1d3e905d7ee5be324c4980b6c45296c184c08c89c97c626700f,,False
BSR\BSDS500\data\groundTruth\val\143090.mat,143090.mat,.mat,BSR\BSDS500\data\groundTruth\val,val,BSDS500,41473,0.039552,3aa97dff8e3e50a9a39c11a74fe3614701a7e95dba7220488c8d13917bc0f9fb,,False
BSR\BSDS500\data\groundTruth\val\145086.mat,145086.mat,.mat,BSR\BSDS500\data\groundTruth\val,val,BSDS500,44989,0.042905,e45414f4ea58cd4f64dea874bfbee5ed48d86dd0923488ab3c4d95662530e638,,False
BSR\BSDS500\data\groundTruth\val\147091.mat,147091.mat,.mat,BSR\BSDS500\data\groundTruth\val,val,BSDS500,44073,0.042031,b95f3dc61b37cc188277d1ca810792b0020291f8273853182440fd791ab4e5ee,,False
BSR\BSDS500\data\groundTruth\val\148026.mat,148026.mat,.mat,BSR\BSDS500\data\groundTruth\val,val,BSDS500,41220,0.03931,2decc0837ef9c43da0246dda2c42b5a81c1ea9d8e6a6edc3666eac8f6371f77b,,False
BSR\BSDS500\data\groundTruth\val\148089.mat,148089.mat,.mat,BSR\BSDS500\data\groundTruth\val,val,BSDS500,42081,0.040132,2c9896690a977b88b16a091d2f6922a12a12d9d5306303a39c88c8e03d7fbe42,,False
BSR\BSDS500\data\groundTruth\val\156065.mat,156065.mat,.mat,BSR\BSDS500\data\groundTruth\val,val,BSDS500,34663,0.033057,f7cffea46afb118c8f88a9b17ec0a36b6e0c0af75a5fcf22f3ea944f47629990,,False
BSR\BSDS500\data\groundTruth\val\157055.mat,157055.mat,.mat,BSR\BSDS500\data\groundTruth\val,val,BSDS500,58442,0.055735,6492c731ac5686ae031f0f1b5a175abb6a417c1abecbecb6135c5dabd56f5794,,False
BSR\BSDS500\data\groundTruth\val\159008.mat,159008.mat,.mat,BSR\BSDS500\data\groundTruth\val,val,BSDS500,43428,0.041416,d381840b3b574141ccf6d364483777ce141f134da9d422a7ed2f2fa4f5b48812,,False
BSR\BSDS500\data\groundTruth\val\160068.mat,160068.mat,.mat,BSR\BSDS500\data\groundTruth\val,val,BSDS500,36300,0.034618,fa9b9fdda247c46993ea3c628bd7f7dc3e7db60ef33e98d713b442f48509b9bb,,False
BSR\BSDS500\data\groundTruth\val\16077.mat,16077.mat,.mat,BSR\BSDS500\data\groundTruth\val,val,BSDS500,57610,0.054941,b9e20311c0be056509a55e45167bac8d8ad4e817bd277dfdcdb05a847f79f840,,False
BSR\BSDS500\data\groundTruth\val\163085.mat,163085.mat,.mat,BSR\BSDS500\data\groundTruth\val,val,BSDS500,60256,0.057465,0196082b736096a2d31fbff06ecf9ef92f4df3458b914ca0e48acefe91dac8ea,,False
BSR\BSDS500\data\groundTruth\val\167062.mat,167062.mat,.mat,BSR\BSDS500\data\groundTruth\val,val,BSDS500,28149,0.026845,43c3f8acf01e2ea645b282287a54490375086fbfac51d855203f5c4c74898653,,False
BSR\BSDS500\data\groundTruth\val\167083.mat,167083.mat,.mat,BSR\BSDS500\data\groundTruth\val,val,BSDS500,38951,0.037147,94da8abeb4d939ec15efa9e386200369f5a0356c64b6d077498d2dd52ac1b1b5,,False
BSR\BSDS500\data\groundTruth\val\170057.mat,170057.mat,.mat,BSR\BSDS500\data\groundTruth\val,val,BSDS500,51609,0.049218,300e9287e89643ede76f65cc7775de67f7927ba716885c2f1090e99e18178ed4,,False
BSR\BSDS500\data\groundTruth\val\175032.mat,175032.mat,.mat,BSR\BSDS500\data\groundTruth\val,val,BSDS500,56572,0.053951,fdda1fc45df945c7116212ab437fed5ae222cb374700baa43ded52570f39be54,,False
BSR\BSDS500\data\groundTruth\val\175043.mat,175043.mat,.mat,BSR\BSDS500\data\groundTruth\val,val,BSDS500,61977,0.059106,9bdd146f63af0573e0a6e0eee44ee685db27db5c9c53e34d62552a274ef8f218,,False
BSR\BSDS500\data\groundTruth\val\182053.mat,182053.mat,.mat,BSR\BSDS500\data\groundTruth\val,val,BSDS500,42791,0.040809,568af89ec76186072436aa5fcd46fae811b12b1cb94615eb8d2fa09be7641934,,False
BSR\BSDS500\data\groundTruth\val\189080.mat,189080.mat,.mat,BSR\BSDS500\data\groundTruth\val,val,BSDS500,43951,0.041915,4c8fd3b4a3ab315be88e2a937673cbfa2e5bd8903248398b0e6c1804f77ce118,,False
BSR\BSDS500\data\groundTruth\val\19021.mat,19021.mat,.mat,BSR\BSDS500\data\groundTruth\val,val,BSDS500,49909,0.047597,156df7583c5696045d8e7516f5ae60617274315ee141dabf3fca36abdbc4bef1,,False
BSR\BSDS500\data\groundTruth\val\196073.mat,196073.mat,.mat,BSR\BSDS500\data\groundTruth\val,val,BSDS500,20082,0.019152,bb7fa575d069ca05c328bbebb4eedb52da841d953d22693c8a6af8a1f16aa696,,False
BSR\BSDS500\data\groundTruth\val\197017.mat,197017.mat,.mat,BSR\BSDS500\data\groundTruth\val,val,BSDS500,42752,0.040771,c31c35105b210351da588ce89a712007c0d2f2398333cabede04c2b09cec2946,,False
BSR\BSDS500\data\groundTruth\val\208001.mat,208001.mat,.mat,BSR\BSDS500\data\groundTruth\val,val,BSDS500,64745,0.061746,142f3703fd40a07d9cd76e2a1b60e3f3f83bb0960cee2a9f024a140fa07f6c55,,False
BSR\BSDS500\data\groundTruth\val\210088.mat,210088.mat,.mat,BSR\BSDS500\data\groundTruth\val,val,BSDS500,29686,0.028311,a168492933c325b09594855584365256b4b745a00c6d62920bbf3457396c96ba,,False
BSR\BSDS500\data\groundTruth\val\21077.mat,21077.mat,.mat,BSR\BSDS500\data\groundTruth\val,val,BSDS500,37899,0.036143,cfa3628d519f22c8989a0705baa528eac1bd28fc881cca2ed618ac0454c54ff9,,False
BSR\BSDS500\data\groundTruth\val\216081.mat,216081.mat,.mat,BSR\BSDS500\data\groundTruth\val,val,BSDS500,60386,0.057589,a454547ef186a0eb165df5463ea5af5cd1bc162367eaf4b33450222252f51065,,False
BSR\BSDS500\data\groundTruth\val\219090.mat,219090.mat,.mat,BSR\BSDS500\data\groundTruth\val,val,BSDS500,40384,0.038513,b2e8791240d585449735471b39e30bf49a9e70cdbc0a4eed400fceb8c513aa92,,False
BSR\BSDS500\data\groundTruth\val\220075.mat,220075.mat,.mat,BSR\BSDS500\data\groundTruth\val,val,BSDS500,43824,0.041794,d95e3fa39070ef8698653c21d542a9a1c8ed9c38e2724a2b4181b3a758f46353,,False
BSR\BSDS500\data\groundTruth\val\223061.mat,223061.mat,.mat,BSR\BSDS500\data\groundTruth\val,val,BSDS500,60680,0.057869,12d3794e18f22d6403b431adc01c44fe63422e65a5a9df017499607c9dba0b92,,False
BSR\BSDS500\data\groundTruth\val\227092.mat,227092.mat,.mat,BSR\BSDS500\data\groundTruth\val,val,BSDS500,37793,0.036042,8fe621f339e3b36581bd19a80e490fc8084f6c49f22e4949ad68d91cc800187f,,False
BSR\BSDS500\data\groundTruth\val\229036.mat,229036.mat,.mat,BSR\BSDS500\data\groundTruth\val,val,BSDS500,54992,0.052444,16df9904984a76697aada7837800d99bd0ea49dbbf0a717e30516840d0f102d8,,False
BSR\BSDS500\data\groundTruth\val\236037.mat,236037.mat,.mat,BSR\BSDS500\data\groundTruth\val,val,BSDS500,49310,0.047026,ddba96942822874f11c44c409b2714fd0d8fc68346b201382f8a578149f7450e,,False
BSR\BSDS500\data\groundTruth\val\24077.mat,24077.mat,.mat,BSR\BSDS500\data\groundTruth\val,val,BSDS500,48039,0.045814,e19eb875f612f5ea78ede35da711bacedf887ddbb12e85f06e7ebf3981af6916,,False
BSR\BSDS500\data\groundTruth\val\241004.mat,241004.mat,.mat,BSR\BSDS500\data\groundTruth\val,val,BSDS500,43245,0.041242,84179fc61ffe420074216bb74e7b177378a7ec23e635f2d736421f640281addc,,False
BSR\BSDS500\data\groundTruth\val\241048.mat,241048.mat,.mat,BSR\BSDS500\data\groundTruth\val,val,BSDS500,51358,0.048979,4317bbd25aa13bcd55bad84fe9fac4ca07133e23ea052122cbb4a92c3657683e,,False
BSR\BSDS500\data\groundTruth\val\253027.mat,253027.mat,.mat,BSR\BSDS500\data\groundTruth\val,val,BSDS500,42328,0.040367,19196fab678111dc697444b83067107764b1317acb6d3a45b0fa119e46bd599a,,False
BSR\BSDS500\data\groundTruth\val\253055.mat,253055.mat,.mat,BSR\BSDS500\data\groundTruth\val,val,BSDS500,45930,0.043802,c0cb072ef0af21c4c893cbcc60c3571b1ef9b4f25ad789dd378ddbb74ef86d77,,False
BSR\BSDS500\data\groundTruth\val\260058.mat,260058.mat,.mat,BSR\BSDS500\data\groundTruth\val,val,BSDS500,39734,0.037893,30901738f75aa3c3cbbc45a777b3df7f530df270e71875495182c2493e8b3030,,False
BSR\BSDS500\data\groundTruth\val\271035.mat,271035.mat,.mat,BSR\BSDS500\data\groundTruth\val,val,BSDS500,46291,0.044147,a945c4fbfcd5d137ca05d7fbdb22d513e2aaeb4b856005976dc2b0e47dc088ad,,False
BSR\BSDS500\data\groundTruth\val\285079.mat,285079.mat,.mat,BSR\BSDS500\data\groundTruth\val,val,BSDS500,61883,0.059016,855c9110211dfcbd352b938016dd7c885ce757bb01c854ebdee4fc69ece3d00c,,False
BSR\BSDS500\data\groundTruth\val\291000.mat,291000.mat,.mat,BSR\BSDS500\data\groundTruth\val,val,BSDS500,43584,0.041565,00d5972a73db54c9486855a91f76a0e2c962edaf22ee9e3a7ae4a2c179437529,,False
BSR\BSDS500\data\groundTruth\val\295087.mat,295087.mat,.mat,BSR\BSDS500\data\groundTruth\val,val,BSDS500,64074,0.061106,eb49b56d88f84b5be993e8c716c4ae8d9e3692877ba41f1a7c781160014909b2,,False
BSR\BSDS500\data\groundTruth\val\296007.mat,296007.mat,.mat,BSR\BSDS500\data\groundTruth\val,val,BSDS500,57383,0.054725,7fcb722d1c93ca30fad9d2515cf283cf1a5eb46919be874279314a5386a19bba,,False
BSR\BSDS500\data\groundTruth\val\296059.mat,296059.mat,.mat,BSR\BSDS500\data\groundTruth\val,val,BSDS500,47921,0.045701,550545a6a85d7b24f79d1a57788f2e803e92baeee1a4c71c097ca68f01539208,,False
BSR\BSDS500\data\groundTruth\val\299086.mat,299086.mat,.mat,BSR\BSDS500\data\groundTruth\val,val,BSDS500,44686,0.042616,18ffd90e3a66bbdb5fe35b159a756f03e7261069f4f258b751663e05c59e68a8,,False
BSR\BSDS500\data\groundTruth\val\300091.mat,300091.mat,.mat,BSR\BSDS500\data\groundTruth\val,val,BSDS500,24597,0.023458,b596f5beba14f9c3d2b1497d1babdc43db6c11b1be2cea54c66c0b65b6342d93,,False
BSR\BSDS500\data\groundTruth\val\302008.mat,302008.mat,.mat,BSR\BSDS500\data\groundTruth\val,val,BSDS500,45942,0.043814,1e2432c9dab21ca7313556cfa62c84592561d95a57660289a59b3979b83ee77c,,False
BSR\BSDS500\data\groundTruth\val\304034.mat,304034.mat,.mat,BSR\BSDS500\data\groundTruth\val,val,BSDS500,29521,0.028153,a76be6315562bf218ac9cfbbe883894aeb7c721ee5c9747cc14212653fc2ac43,,False
BSR\BSDS500\data\groundTruth\val\304074.mat,304074.mat,.mat,BSR\BSDS500\data\groundTruth\val,val,BSDS500,42451,0.040484,cd03d28ea7b20944f0af0165c38ec256d6121c0927d54582a235a8a5cef3500c,,False
BSR\BSDS500\data\groundTruth\val\306005.mat,306005.mat,.mat,BSR\BSDS500\data\groundTruth\val,val,BSDS500,41260,0.039349,c4837f9bb144abf9f134f2e754fad5889f8defcfaf411340d16b8fa810faa4a5,,False
BSR\BSDS500\data\groundTruth\val\3096.mat,3096.mat,.mat,BSR\BSDS500\data\groundTruth\val,val,BSDS500,28591,0.027267,bc5a696c774b8b0337d227737dd2569dd5c45771b2fd31a874b917645046fa02,,False
BSR\BSDS500\data\groundTruth\val\33039.mat,33039.mat,.mat,BSR\BSDS500\data\groundTruth\val,val,BSDS500,57727,0.055053,dcb8199866bafe584d1149f014b8e12bcf64034e11da670b6f1b4b29e6b602fe,,False
BSR\BSDS500\data\groundTruth\val\351093.mat,351093.mat,.mat,BSR\BSDS500\data\groundTruth\val,val,BSDS500,44694,0.042624,a59cf87a5915bcbba68cc73611f527f90bb59b45f0758de21fa5f2d752d5de9f,,False
BSR\BSDS500\data\groundTruth\val\361010.mat,361010.mat,.mat,BSR\BSDS500\data\groundTruth\val,val,BSDS500,46507,0.044353,0686277a18c8fe34bb891abad5128ef75b362adb62c4c1b3169bee03549a4de6,,False
BSR\BSDS500\data\groundTruth\val\37073.mat,37073.mat,.mat,BSR\BSDS500\data\groundTruth\val,val,BSDS500,55655,0.053077,66a761cfd7f665b41beb4330efdd0aa44a56467a1203a673eb105156a5e78edd,,False
BSR\BSDS500\data\groundTruth\val\376043.mat,376043.mat,.mat,BSR\BSDS500\data\groundTruth\val,val,BSDS500,42389,0.040425,57cea08331270fdb1fd14f3c0bc53e2d604f265ff02a86e7f0664295332b58d0,,False
BSR\BSDS500\data\groundTruth\val\38082.mat,38082.mat,.mat,BSR\BSDS500\data\groundTruth\val,val,BSDS500,60376,0.057579,8f9ef6e50d486bc78b476480212a80bf48aa2851cc08b9a818c5ee814d9d9527,,False
BSR\BSDS500\data\groundTruth\val\38092.mat,38092.mat,.mat,BSR\BSDS500\data\groundTruth\val,val,BSDS500,53877,0.051381,6012e7bb3a76ca175024748b6e756a23e384c76f32e3280546e1b0ef38ba43b6,,False
BSR\BSDS500\data\groundTruth\val\385039.mat,385039.mat,.mat,BSR\BSDS500\data\groundTruth\val,val,BSDS500,44545,0.042481,b46ed0a02d4f71c7fbc4110abbe15663b113d6226d241a90db778e9aec834618,,False
BSR\BSDS500\data\groundTruth\val\41033.mat,41033.mat,.mat,BSR\BSDS500\data\groundTruth\val,val,BSDS500,41353,0.039437,6f007cd0115b5dcbdb9045d346860c0516272a4cfb090968fd7c71326c243c61,,False
BSR\BSDS500\data\groundTruth\val\41069.mat,41069.mat,.mat,BSR\BSDS500\data\groundTruth\val,val,BSDS500,33765,0.032201,5e7ac459180d052d8553665710ae14bc3fb16a8bf74c3a6917719cc23727b65c,,False
BSR\BSDS500\data\groundTruth\val\42012.mat,42012.mat,.mat,BSR\BSDS500\data\groundTruth\val,val,BSDS500,48927,0.04666,fcdc9cbb802ac3d6e4e0adb4edb1bcdb2a9db69fc850d34af4457b634dec2ae9,,False
BSR\BSDS500\data\groundTruth\val\42049.mat,42049.mat,.mat,BSR\BSDS500\data\groundTruth\val,val,BSDS500,45114,0.043024,51b574aafeba996b1a8d128925fe432cd05f70e4adb983f522d7cf10a64860fe,,False
BSR\BSDS500\data\groundTruth\val\43074.mat,43074.mat,.mat,BSR\BSDS500\data\groundTruth\val,val,BSDS500,36916,0.035206,7f07d911592cc539713e659de4466416af849d33f1d6c870ca192d1152778c2d,,False
BSR\BSDS500\data\groundTruth\val\45096.mat,45096.mat,.mat,BSR\BSDS500\data\groundTruth\val,val,BSDS500,34341,0.03275,8cd0fc9bd387c72dbc54ff84b33ef950982f17eddb84fb263c6d83edfff4e2a3,,False
BSR\BSDS500\data\groundTruth\val\54082.mat,54082.mat,.mat,BSR\BSDS500\data\groundTruth\val,val,BSDS500,53104,0.050644,fe993e5335ad58f96839f937612ee49ad076856d912369ab7d2053162db5b2ed,,False
BSR\BSDS500\data\groundTruth\val\55073.mat,55073.mat,.mat,BSR\BSDS500\data\groundTruth\val,val,BSDS500,43696,0.041672,e5042def67d95c1b22cd330097463ccb97050ce521ff0fd909e2b148417b3890,,False
BSR\BSDS500\data\groundTruth\val\58060.mat,58060.mat,.mat,BSR\BSDS500\data\groundTruth\val,val,BSDS500,41508,0.039585,6edbcf5283a3fbd370fe160371046956f75227b57eb01464e4e5b99b400f0dc9,,False
BSR\BSDS500\data\groundTruth\val\62096.mat,62096.mat,.mat,BSR\BSDS500\data\groundTruth\val,val,BSDS500,64517,0.061528,2b83fc1bacd4bbb99213b365e0cd566c791a9e07e6eceadb30e760a223eb7e10,,False
BSR\BSDS500\data\groundTruth\val\65033.mat,65033.mat,.mat,BSR\BSDS500\data\groundTruth\val,val,BSDS500,60888,0.058067,57c997c94f0cf87083e7f934254ec62386b4974f19301624cd49f35d5090619b,,False
BSR\BSDS500\data\groundTruth\val\66053.mat,66053.mat,.mat,BSR\BSDS500\data\groundTruth\val,val,BSDS500,39816,0.037971,54c38f1e31e8305c9c46bb315ca675e93b249c3b2886c8da7ee95e6ced59a07b,,False
BSR\BSDS500\data\groundTruth\val\69015.mat,69015.mat,.mat,BSR\BSDS500\data\groundTruth\val,val,BSDS500,79033,0.075372,9ee99e7dbe659dd11becb83c83fea0b33f1d2f413e134dde31af1f55b84025c1,,False
BSR\BSDS500\data\groundTruth\val\69020.mat,69020.mat,.mat,BSR\BSDS500\data\groundTruth\val,val,BSDS500,39149,0.037335,4fefecff2ec91b4b6671ef0cc601400d2b053b4affb8bbf65554664cd188678b,,False
BSR\BSDS500\data\groundTruth\val\69040.mat,69040.mat,.mat,BSR\BSDS500\data\groundTruth\val,val,BSDS500,31788,0.030315,3ee7d184738f4f095a4e059d354a157439f622435795a5abed896f2d85dc7688,,False
BSR\BSDS500\data\groundTruth\val\76053.mat,76053.mat,.mat,BSR\BSDS500\data\groundTruth\val,val,BSDS500,39844,0.037998,7b085797c4f69f3ada0954b9d13c2ba363f99c7c9bb17366e488a2d11c2b7d8e,,False
BSR\BSDS500\data\groundTruth\val\78004.mat,78004.mat,.mat,BSR\BSDS500\data\groundTruth\val,val,BSDS500,44278,0.042227,ad6f3d760afae5ee31d8ecd58a46c14ce427dd50b5b48a70a438a0a35b5f7b41,,False
BSR\BSDS500\data\groundTruth\val\8023.mat,8023.mat,.mat,BSR\BSDS500\data\groundTruth\val,val,BSDS500,29289,0.027932,2887f3a1be9a1ea6141a30b255a6ac5a515a9bacf9c204f6fce34338e031cab5,,False
BSR\BSDS500\data\groundTruth\val\85048.mat,85048.mat,.mat,BSR\BSDS500\data\groundTruth\val,val,BSDS500,51646,0.049253,6e2681f7ded6871156c29f7242a2c63fb1460bbfa1e49e4d0b6943fa9ea0c2aa,,False
BSR\BSDS500\data\groundTruth\val\86000.mat,86000.mat,.mat,BSR\BSDS500\data\groundTruth\val,val,BSDS500,44492,0.042431,25f9e9218fb7b03e27e3090d5c57eadac058360d66a4547bf8ad967186b50017,,False
BSR\BSDS500\data\groundTruth\val\86016.mat,86016.mat,.mat,BSR\BSDS500\data\groundTruth\val,val,BSDS500,49456,0.047165,850247de530cc8ad9123434d7f64042a7181ccfb8810a28b852538bc4cef4bb9,,False
BSR\BSDS500\data\groundTruth\val\86068.mat,86068.mat,.mat,BSR\BSDS500\data\groundTruth\val,val,BSDS500,35004,0.033382,24d24d7d52a2cb96f00401eaed35368ceecd8e9618756f0ec5585e8e61886cbb,,False
BSR\BSDS500\data\groundTruth\val\87046.mat,87046.mat,.mat,BSR\BSDS500\data\groundTruth\val,val,BSDS500,45565,0.043454,bce4c16dfd2905491c9cd62c2c79b04b7a013ac5899f43eeb39098250162e8fc,,False
BSR\BSDS500\data\groundTruth\val\89072.mat,89072.mat,.mat,BSR\BSDS500\data\groundTruth\val,val,BSDS500,46698,0.044535,f9626b3034e9d3f2fe76f9c70d65b74cb3654b4c9a11e9250ce92df416de8fb5,,False
BSR\BSDS500\data\groundTruth\val\97033.mat,97033.mat,.mat,BSR\BSDS500\data\groundTruth\val,val,BSDS500,46922,0.044748,559dfee64b8c906b55b303e117af2ac18c8ebb1e7bafa259e0f1ea75fc495144,,False
BSR\BSDS500\data\images\test\100007.jpg,100007.jpg,.jpg,BSR\BSDS500\data\images\test,test,BSDS500,51501,0.049115,464449ecba30a5a5c229c0133059c83b034e9000bd1d7752a189a8cf21182bf9,,True
BSR\BSDS500\data\images\test\100039.jpg,100039.jpg,.jpg,BSR\BSDS500\data\images\test,test,BSDS500,93775,0.089431,418366bbb4f0f4c2200b93e8bda153ab84809fe873a371b32e7cc36c2d091cc3,,True
BSR\BSDS500\data\images\test\100099.jpg,100099.jpg,.jpg,BSR\BSDS500\data\images\test,test,BSDS500,48381,0.04614,e5a275fcafb0dc986d802037210989f4852bfb09bd19e525c3b7719104f1fc77,,True
BSR\BSDS500\data\images\test\10081.jpg,10081.jpg,.jpg,BSR\BSDS500\data\images\test,test,BSDS500,53802,0.05131,ce1a8bd8da460cf2606b6b5fd55762f8e13b2576fff508228ac24c80839db389,,True
BSR\BSDS500\data\images\test\101027.jpg,101027.jpg,.jpg,BSR\BSDS500\data\images\test,test,BSDS500,86536,0.082527,22903efe16abd94cfd821952de276cc36c531070c27bd84de7a3fb958bd64bc9,,True
BSR\BSDS500\data\images\test\101084.jpg,101084.jpg,.jpg,BSR\BSDS500\data\images\test,test,BSDS500,103502,0.098707,6bfa36b8e03b12a83abcfd59c5ccdc89334ea23761f11242d5903935ad292d0c,,True
BSR\BSDS500\data\images\test\102062.jpg,102062.jpg,.jpg,BSR\BSDS500\data\images\test,test,BSDS500,109331,0.104266,242ea9821b189197d436da1b252325f5e7850248c5d57da53cec29c37ba0773d,,True
BSR\BSDS500\data\images\test\103006.jpg,103006.jpg,.jpg,BSR\BSDS500\data\images\test,test,BSDS500,90593,0.086396,67968e9d84cd4c69dea832184ba910d4851c284fcc65a38ed6aee89f2a3a72c1,,True
BSR\BSDS500\data\images\test\103029.jpg,103029.jpg,.jpg,BSR\BSDS500\data\images\test,test,BSDS500,49754,0.047449,a05f1c0b30f4e18ad31364abacb54ec55300704ff3a4f8b2889f400bc3757da1,,True
BSR\BSDS500\data\images\test\103078.jpg,103078.jpg,.jpg,BSR\BSDS500\data\images\test,test,BSDS500,75560,0.07206,2b21f416993ca1ef49aafa28e5b7f463713dc1b1d510144c673d8b72e035c1f7,,True
BSR\BSDS500\data\images\test\104010.jpg,104010.jpg,.jpg,BSR\BSDS500\data\images\test,test,BSDS500,81014,0.077261,1f8516487071b94e3820d833c4795c788ef8df130cb8f7fccf0b87f4cd952339,,True
BSR\BSDS500\data\images\test\104055.jpg,104055.jpg,.jpg,BSR\BSDS500\data\images\test,test,BSDS500,58711,0.055991,d2de9fccbf15edde57948cda64ae034a92b14ab2ecefb7d77a436151c8dd7751,,True
BSR\BSDS500\data\images\test\105027.jpg,105027.jpg,.jpg,BSR\BSDS500\data\images\test,test,BSDS500,70699,0.067424,f6cba0ae618d793b67729ba561461be7b5339aeaad27429f3a2804f588a4e623,,True
BSR\BSDS500\data\images\test\106005.jpg,106005.jpg,.jpg,BSR\BSDS500\data\images\test,test,BSDS500,45186,0.043093,35cd328a7d0e4bcaccbdb8154ec5ebbc8f24439807e573b2fe4a4996ea802bed,,True
BSR\BSDS500\data\images\test\106047.jpg,106047.jpg,.jpg,BSR\BSDS500\data\images\test,test,BSDS500,52637,0.050199,2e6250fdfdd796b6d63924233362eb8a194f10466d8d7d69a60cc3ef51a2c356,,True
BSR\BSDS500\data\images\test\107014.jpg,107014.jpg,.jpg,BSR\BSDS500\data\images\test,test,BSDS500,73085,0.069699,7bba718bed4919723a576cad0623c0a10e92b8c707d35196180257a3e867cfcd,,True
BSR\BSDS500\data\images\test\107045.jpg,107045.jpg,.jpg,BSR\BSDS500\data\images\test,test,BSDS500,85230,0.081282,11ee811a5c67b3499eabbafc9157cd0bce74df369c57e18c988123f576a6f20c,,True
BSR\BSDS500\data\images\test\107072.jpg,107072.jpg,.jpg,BSR\BSDS500\data\images\test,test,BSDS500,91573,0.087331,faa70504470e50ea37c0ad01f7f2c2e8682098af3630064a3ca02f6261b2e076,,True
BSR\BSDS500\data\images\test\108004.jpg,108004.jpg,.jpg,BSR\BSDS500\data\images\test,test,BSDS500,106842,0.101892,3fb004a47be33dca07744000e794b0ca3cff2251ba85a99f46ccf34d3b9b29df,,True
BSR\BSDS500\data\images\test\108036.jpg,108036.jpg,.jpg,BSR\BSDS500\data\images\test,test,BSDS500,89075,0.084949,f24bee7977df112c548f5cd02cb8342784df2582dbb11853b80d59ccd01a62e2,,True
BSR\BSDS500\data\images\test\108069.jpg,108069.jpg,.jpg,BSR\BSDS500\data\images\test,test,BSDS500,86784,0.082764,a6d8ba350cac0701edc115fa583bf666231c4e1526801d0a53cea495a15b433a,,True
BSR\BSDS500\data\images\test\109055.jpg,109055.jpg,.jpg,BSR\BSDS500\data\images\test,test,BSDS500,77978,0.074366,7e9ed22fb8d3143d47b4a6df687a34335afe36bee74473a4b4d3b240cf04ab6a,,True
BSR\BSDS500\data\images\test\112056.jpg,112056.jpg,.jpg,BSR\BSDS500\data\images\test,test,BSDS500,47194,0.045008,df32aa99ba6e9b8e30a60671b37b44af9c578afae809ae972b3d7068c3d7c26f,,True
BSR\BSDS500\data\images\test\112090.jpg,112090.jpg,.jpg,BSR\BSDS500\data\images\test,test,BSDS500,82353,0.078538,f625fcefd5e37a5d2efd3ad87e508a562d053eda3a2c67092103b957430023d9,,True
BSR\BSDS500\data\images\test\117025.jpg,117025.jpg,.jpg,BSR\BSDS500\data\images\test,test,BSDS500,83832,0.079948,4239e66eb251e85d266b20bd09efa3d1aedd5a537ede0b9ad411c84db34e3739,,True
BSR\BSDS500\data\images\test\118015.jpg,118015.jpg,.jpg,BSR\BSDS500\data\images\test,test,BSDS500,76111,0.072585,3b7f6647fc717f459175014cb7a23f5f2728b9fd7ee9689d20eaaabc8dd00393,,True
BSR\BSDS500\data\images\test\118031.jpg,118031.jpg,.jpg,BSR\BSDS500\data\images\test,test,BSDS500,82578,0.078753,1af5bcf37b28ee68c2e18aeac19ff9a79cf1edb522ecdcb064094349f1c28610,,True
BSR\BSDS500\data\images\test\118072.jpg,118072.jpg,.jpg,BSR\BSDS500\data\images\test,test,BSDS500,81457,0.077683,5da8ebc70169f79ca0bfc118a25b74469da928cd41ffc6a646bf67a97d933c28,,True
BSR\BSDS500\data\images\test\120003.jpg,120003.jpg,.jpg,BSR\BSDS500\data\images\test,test,BSDS500,49002,0.046732,ec900ce4bdbe93c621dc15edfbbe2b9dce9abd734d6dd3d90bc000afbbb894f0,,True
BSR\BSDS500\data\images\test\120093.jpg,120093.jpg,.jpg,BSR\BSDS500\data\images\test,test,BSDS500,75283,0.071795,9642ec65e348528f9657924c76a0e5de9bb9a625247cde3a9b388cebdc44e777,,True
BSR\BSDS500\data\images\test\123057.jpg,123057.jpg,.jpg,BSR\BSDS500\data\images\test,test,BSDS500,61872,0.059006,6a89868d16a768df2a995c31200e261f69389b75c278db9ebf7308cabc27036e,,True
BSR\BSDS500\data\images\test\128035.jpg,128035.jpg,.jpg,BSR\BSDS500\data\images\test,test,BSDS500,64191,0.061217,8cb08848a8298b47a766842fa690e75cd9e1fcb6c78c5c6ec81b3de7f8810425,,True
BSR\BSDS500\data\images\test\130014.jpg,130014.jpg,.jpg,BSR\BSDS500\data\images\test,test,BSDS500,66783,0.063689,07767957cad004bbb9b5b9a651a610c7bc190b9144f0f33ae5de53ddc066cc08,,True
BSR\BSDS500\data\images\test\130066.jpg,130066.jpg,.jpg,BSR\BSDS500\data\images\test,test,BSDS500,62883,0.05997,76bea9cddc43fcd5bf476a6ce57be846f7a4c58367c75b65342ee48b83a7fd59,,True
BSR\BSDS500\data\images\test\134049.jpg,134049.jpg,.jpg,BSR\BSDS500\data\images\test,test,BSDS500,98858,0.094278,aef65fe0e008b8ab4d380008956239008a9d87af18db48bd4bfc5949f853fb80,,True
BSR\BSDS500\data\images\test\134067.jpg,134067.jpg,.jpg,BSR\BSDS500\data\images\test,test,BSDS500,117511,0.112067,a6edef5e4ece7772631d83d0d540915fb24d0702832b1b55c882ff9f10f84ead,,True
BSR\BSDS500\data\images\test\140006.jpg,140006.jpg,.jpg,BSR\BSDS500\data\images\test,test,BSDS500,70152,0.066902,b2a7f8bbe5997025679a2aef5c63a2af1dc8f82f4f10a54968ed2265eda4f3ed,,True
BSR\BSDS500\data\images\test\140088.jpg,140088.jpg,.jpg,BSR\BSDS500\data\images\test,test,BSDS500,55069,0.052518,d7d9d8f75fc2e7e016cd032d36cee2cb879f49d81b781a13666efe25ae34f4ff,,True
BSR\BSDS500\data\images\test\14085.jpg,14085.jpg,.jpg,BSR\BSDS500\data\images\test,test,BSDS500,77397,0.073812,422ecc12e446aab0402491ca760617614efe5df15ff2885047898348366cd182,,True
BSR\BSDS500\data\images\test\14092.jpg,14092.jpg,.jpg,BSR\BSDS500\data\images\test,test,BSDS500,77795,0.074191,28cf7a6fedc4e759b555a21ec7293c1c76ed86ba584e78acc15fa80a3f0a8af4,,True
BSR\BSDS500\data\images\test\141012.jpg,141012.jpg,.jpg,BSR\BSDS500\data\images\test,test,BSDS500,104028,0.099209,64c79597add3618b25e4f1da5ec4663606003ff567ab4f885dc70f2dfdb65bfb,,True
BSR\BSDS500\data\images\test\141048.jpg,141048.jpg,.jpg,BSR\BSDS500\data\images\test,test,BSDS500,92781,0.088483,077a9ba0b47ffaca3378a3b9238037f1cc9f4e3ce05a1ea79234b74a220fbb1d,,True
BSR\BSDS500\data\images\test\145059.jpg,145059.jpg,.jpg,BSR\BSDS500\data\images\test,test,BSDS500,83755,0.079875,e54556691f0d1932809307d09ed28beb758b88f4964b5be2f25dd55b15c65dae,,True
BSR\BSDS500\data\images\test\145079.jpg,145079.jpg,.jpg,BSR\BSDS500\data\images\test,test,BSDS500,95463,0.091041,c22b573f79cc33a74f95fe7657a885eb28a72dddbce293031fb6b5a0383a1ef0,,True
BSR\BSDS500\data\images\test\146074.jpg,146074.jpg,.jpg,BSR\BSDS500\data\images\test,test,BSDS500,66314,0.063242,363c7412accc072dd333079ece458ae7242ffb6e7e7ff43769535695c2eb36df,,True
BSR\BSDS500\data\images\test\147077.jpg,147077.jpg,.jpg,BSR\BSDS500\data\images\test,test,BSDS500,83192,0.079338,58d982e3a21641de41fd7226f12930d58c263faa46e7873c32a8482adc1f2195,,True
BSR\BSDS500\data\images\test\147080.jpg,147080.jpg,.jpg,BSR\BSDS500\data\images\test,test,BSDS500,85841,0.081864,d123b0805613106d9963256cade9303c836bf7e44ad4246a1ee80c1787ab4fc3,,True
BSR\BSDS500\data\images\test\15011.jpg,15011.jpg,.jpg,BSR\BSDS500\data\images\test,test,BSDS500,73994,0.070566,faa6f24b35efb5368b35cad0c855cdf1346caa762d881a77b6499b7dfa6bd9c9,,True
BSR\BSDS500\data\images\test\15062.jpg,15062.jpg,.jpg,BSR\BSDS500\data\images\test,test,BSDS500,84220,0.080318,5f712262d849dc0c0f3a2105f7a84a5e9d43acd0322dbe3c623ab1666c263b45,,True
BSR\BSDS500\data\images\test\156054.jpg,156054.jpg,.jpg,BSR\BSDS500\data\images\test,test,BSDS500,73152,0.069763,b6fd2f5ea33770bf59d1c93cb072eef201a6ed2effe1b6849047c79bbe3cf7d1,,True
BSR\BSDS500\data\images\test\157032.jpg,157032.jpg,.jpg,BSR\BSDS500\data\images\test,test,BSDS500,50018,0.047701,871b712b8378152f556ab893fea214ddad054dfe3b477aafe50aa6b28ab62180,,True
BSR\BSDS500\data\images\test\157087.jpg,157087.jpg,.jpg,BSR\BSDS500\data\images\test,test,BSDS500,84918,0.080984,3c11e74c45c841bd15cef1ccb798748180348712c122d17fac1b325d9181a03c,,True
BSR\BSDS500\data\images\test\159002.jpg,159002.jpg,.jpg,BSR\BSDS500\data\images\test,test,BSDS500,63824,0.060867,9943225e4dc4f0beeb47f647dbb0135211f03ec227aa0f2f5414bd76879c1d5e,,True
BSR\BSDS500\data\images\test\159022.jpg,159022.jpg,.jpg,BSR\BSDS500\data\images\test,test,BSDS500,48613,0.046361,bfd411afa908510a2d8b5ddb408f260274cd405dbc12f3917634958dd7125055,,True
BSR\BSDS500\data\images\test\160006.jpg,160006.jpg,.jpg,BSR\BSDS500\data\images\test,test,BSDS500,64017,0.061051,d7e9211d09d4e2f9ed1cc26c2881a875b6d0267ceaed46c33752c73634437e54,,True
BSR\BSDS500\data\images\test\16004.jpg,16004.jpg,.jpg,BSR\BSDS500\data\images\test,test,BSDS500,78423,0.07479,60bbabf581e05d4375f038a2f5e3b54d7f432309555ec862bad055861745d065,,True
BSR\BSDS500\data\images\test\160067.jpg,160067.jpg,.jpg,BSR\BSDS500\data\images\test,test,BSDS500,61985,0.059114,67433727c173c6d39898b951a9bf0ffad5cd67162e9fd72bd3e63922437c8dfb,,True
BSR\BSDS500\data\images\test\16068.jpg,16068.jpg,.jpg,BSR\BSDS500\data\images\test,test,BSDS500,79209,0.07554,41860a888ef88a53fd2a8f87efe6aa940cb251846a4e4286b314cf6837db685d,,True
BSR\BSDS500\data\images\test\161045.jpg,161045.jpg,.jpg,BSR\BSDS500\data\images\test,test,BSDS500,55320,0.052757,fc1fef369b737153abc1939d5caadd2bcb1c43c993b0585d76baddf904097d54,,True
BSR\BSDS500\data\images\test\163004.jpg,163004.jpg,.jpg,BSR\BSDS500\data\images\test,test,BSDS500,72012,0.068676,f0fcae5a5423204d97b76b5d4ec908f252f12ec9a5389dd78f6b77b4682ac1d8,,True
BSR\BSDS500\data\images\test\163096.jpg,163096.jpg,.jpg,BSR\BSDS500\data\images\test,test,BSDS500,81206,0.077444,0664af30fb590ed984fc84cf465d2bbf98f7ff4224ccafa07d0c8a88ae7e489a,,True
BSR\BSDS500\data\images\test\164046.jpg,164046.jpg,.jpg,BSR\BSDS500\data\images\test,test,BSDS500,67608,0.064476,a22ecdcecbdfeb9b59689a253e1f6eb623fff9366eab7432cc25c6493b26480e,,True
BSR\BSDS500\data\images\test\168084.jpg,168084.jpg,.jpg,BSR\BSDS500\data\images\test,test,BSDS500,54516,0.051991,cfd2ca5c91a4d0766a0361cae0fa85156e5d41837423b456afe116f1aab5df51,,True
BSR\BSDS500\data\images\test\17067.jpg,17067.jpg,.jpg,BSR\BSDS500\data\images\test,test,BSDS500,83608,0.079735,009272fd55b183079416afa7dce44f378e5ebee0671fb93f0b7c625896568d7d,,True
BSR\BSDS500\data\images\test\175083.jpg,175083.jpg,.jpg,BSR\BSDS500\data\images\test,test,BSDS500,94106,0.089746,1195c007b2c5bfd1dd2e3ca745234761ae84c8eeb6be9369f4dcc7fd683edfc8,,True
BSR\BSDS500\data\images\test\176051.jpg,176051.jpg,.jpg,BSR\BSDS500\data\images\test,test,BSDS500,56894,0.054258,35e756e96c7aae6c5a60e30f383d73a8d23f39e0017bb215fee042969e7f0ece,,True
BSR\BSDS500\data\images\test\179084.jpg,179084.jpg,.jpg,BSR\BSDS500\data\images\test,test,BSDS500,51776,0.049377,56d2163c22047df06b2cc1822d938ac7a5f006dace4a36348cec84581305c178,,True
BSR\BSDS500\data\images\test\181021.jpg,181021.jpg,.jpg,BSR\BSDS500\data\images\test,test,BSDS500,66694,0.063604,0c2691f21f60443a0ff374b0dcd5f4d59b292493f059950783927edd2cc343d1,,True
BSR\BSDS500\data\images\test\183066.jpg,183066.jpg,.jpg,BSR\BSDS500\data\images\test,test,BSDS500,73460,0.070057,51e445086f15f1ac6ed53fe36d8b05cee73af1814b31bfebe586c1ad380ea3f6,,True
BSR\BSDS500\data\images\test\185092.jpg,185092.jpg,.jpg,BSR\BSDS500\data\images\test,test,BSDS500,48068,0.045841,62ccd6f5e239e9f1436fde259b2790d311ae9d44d080fb41d2ee52af4158a51d,,True
BSR\BSDS500\data\images\test\187058.jpg,187058.jpg,.jpg,BSR\BSDS500\data\images\test,test,BSDS500,112005,0.106816,7e22c0aad5a70be1ef3b39208628c7e684b8dd316e5277c711656264f28957d5,,True
BSR\BSDS500\data\images\test\187099.jpg,187099.jpg,.jpg,BSR\BSDS500\data\images\test,test,BSDS500,111759,0.106582,446645603a915a14f7396e59338029ea07347445b35e69b0d4288aed6dd72fa3,,True
BSR\BSDS500\data\images\test\188025.jpg,188025.jpg,.jpg,BSR\BSDS500\data\images\test,test,BSDS500,74412,0.070965,36f77290d5616c2a19d1e500894d654eb4150334b6d7415a4ae94281d82ccddd,,True
BSR\BSDS500\data\images\test\189006.jpg,189006.jpg,.jpg,BSR\BSDS500\data\images\test,test,BSDS500,52278,0.049856,145c090ed9124d70f4831fa65eaf9b03037394620e09eed18fb6664d1e18899f,,True
BSR\BSDS500\data\images\test\189013.jpg,189013.jpg,.jpg,BSR\BSDS500\data\images\test,test,BSDS500,55968,0.053375,ae1e6b753a9d57ec0f67fa49aa0184103100f0735126b99aafe7b2bf2ee82945,,True
BSR\BSDS500\data\images\test\189029.jpg,189029.jpg,.jpg,BSR\BSDS500\data\images\test,test,BSDS500,58902,0.056173,04cabce52bd2d45a4223887e2668b8d2c5a568ba4ba038f14d94e22843fec4db,,True
BSR\BSDS500\data\images\test\189096.jpg,189096.jpg,.jpg,BSR\BSDS500\data\images\test,test,BSDS500,78363,0.074733,78aec8826416eb8846855b62ff8afd3808776ad3ab6b2acb1350dd373ed741cd,,True
BSR\BSDS500\data\images\test\196027.jpg,196027.jpg,.jpg,BSR\BSDS500\data\images\test,test,BSDS500,40181,0.03832,17d600717a50f174642f369cc5ad93c3463680b5b2d1cfc9ad8aa355ce2508c8,,True
BSR\BSDS500\data\images\test\196040.jpg,196040.jpg,.jpg,BSR\BSDS500\data\images\test,test,BSDS500,91007,0.086791,118104de61573ce715006fd507185a23acdc5db88d7ea419bfee068b90eaca64,,True
BSR\BSDS500\data\images\test\196062.jpg,196062.jpg,.jpg,BSR\BSDS500\data\images\test,test,BSDS500,69954,0.066713,c883772cbce3ecbd583bc1c44bef7f29d45ac45834f514b31e440f60407ae768,,True
BSR\BSDS500\data\images\test\196088.jpg,196088.jpg,.jpg,BSR\BSDS500\data\images\test,test,BSDS500,107719,0.102729,4212157c1800d1327405cd1370254cdd9ac2ee79b0a5676c1dd02fa13665c0e5,,True
BSR\BSDS500\data\images\test\198087.jpg,198087.jpg,.jpg,BSR\BSDS500\data\images\test,test,BSDS500,60439,0.057639,ae2e968cab42ec427271ed1e7e3b83cfa9908ede08af67cc9016b67c286366c5,,True
BSR\BSDS500\data\images\test\20069.jpg,20069.jpg,.jpg,BSR\BSDS500\data\images\test,test,BSDS500,56665,0.05404,824f794603001e2e80e1e1fdab16e732dcb6dba29aec7370154bfb4349b9c681,,True
BSR\BSDS500\data\images\test\201080.jpg,201080.jpg,.jpg,BSR\BSDS500\data\images\test,test,BSDS500,61591,0.058738,80feeec5dab8c086d7d45c0b9d6c9e96672e1d678f5769f5ebb25626e0ca2662,,True
BSR\BSDS500\data\images\test\2018.jpg,2018.jpg,.jpg,BSR\BSDS500\data\images\test,test,BSDS500,75004,0.071529,181f54d5dc7c77222c5c9992289c885f38156fcae91df8e25c2dda2d3f810b00,,True
BSR\BSDS500\data\images\test\202000.jpg,202000.jpg,.jpg,BSR\BSDS500\data\images\test,test,BSDS500,68493,0.06532,ae107eef61c8090c695062025ed354986a15c13a2f9798a0252fb365831b1a1f,,True
BSR\BSDS500\data\images\test\206062.jpg,206062.jpg,.jpg,BSR\BSDS500\data\images\test,test,BSDS500,65777,0.06273,851ec0d133e3b8a16767bc0106f14bfcdfecc51faf8a2a109741a952218f8848,,True
BSR\BSDS500\data\images\test\206097.jpg,206097.jpg,.jpg,BSR\BSDS500\data\images\test,test,BSDS500,82458,0.078638,72399dc8926a89b4420a528457826e246d333f77f859effe15ca60b37ae9fe4d,,True
BSR\BSDS500\data\images\test\207038.jpg,207038.jpg,.jpg,BSR\BSDS500\data\images\test,test,BSDS500,90089,0.085916,11c553e62de3511c9ab066cc80fb9ffce4bb67bac1b935f6e5eb7ae9509f865b,,True
BSR\BSDS500\data\images\test\207049.jpg,207049.jpg,.jpg,BSR\BSDS500\data\images\test,test,BSDS500,107448,0.10247,98bd2ca6d90a6e89baf5f53f992f5d240a39fa62e2dac8666b9839cee2a0e6ae,,True
BSR\BSDS500\data\images\test\208078.jpg,208078.jpg,.jpg,BSR\BSDS500\data\images\test,test,BSDS500,81271,0.077506,063a3c11846c0ee2591da2a5c5542f915cfb36a9085198a053569f8acc1f3f1f,,True
BSR\BSDS500\data\images\test\209021.jpg,209021.jpg,.jpg,BSR\BSDS500\data\images\test,test,BSDS500,69480,0.066261,df655d42df8ed4eff60aa84ee8ce98c4892f8a547c9f01a2674edb54a25d1c70,,True
BSR\BSDS500\data\images\test\217013.jpg,217013.jpg,.jpg,BSR\BSDS500\data\images\test,test,BSDS500,48282,0.046045,21749c24da02f0ecfceb903ba4820445e2f033a9c36569401dd6b5c1a5c24398,,True
BSR\BSDS500\data\images\test\217090.jpg,217090.jpg,.jpg,BSR\BSDS500\data\images\test,test,BSDS500,95170,0.090761,9ff5a18053187ca3d3c4a00d87178259b1712323c3f6e7d5be2bccc78216e889,,True
BSR\BSDS500\data\images\test\220003.jpg,220003.jpg,.jpg,BSR\BSDS500\data\images\test,test,BSDS500,97917,0.093381,c46e222c79eda837d7f2895d009687e804a056bdbbb5c7f666c9aadf08e4267a,,True
BSR\BSDS500\data\images\test\223004.jpg,223004.jpg,.jpg,BSR\BSDS500\data\images\test,test,BSDS500,60184,0.057396,662898ae8e5821d9e14fe11a534101eb0630afb8926fb6352032c75eb96b8358,,True
BSR\BSDS500\data\images\test\223060.jpg,223060.jpg,.jpg,BSR\BSDS500\data\images\test,test,BSDS500,82538,0.078714,59cdcdb8f190665337fc5ee855151bd2aa1422cb0eae6f10e4a790f06948c066,,True
BSR\BSDS500\data\images\test\225022.jpg,225022.jpg,.jpg,BSR\BSDS500\data\images\test,test,BSDS500,64957,0.061948,252611ccaf6f32e40ef2cd65d26a00849e26014bfbca2a573f6a22fd0f957ffc,,True
BSR\BSDS500\data\images\test\226022.jpg,226022.jpg,.jpg,BSR\BSDS500\data\images\test,test,BSDS500,61471,0.058623,51e4b6f8927117ccae90f496fdb00170cf82bf5060666a537c898a6648fb56e0,,True
BSR\BSDS500\data\images\test\226033.jpg,226033.jpg,.jpg,BSR\BSDS500\data\images\test,test,BSDS500,79106,0.075441,fdb2b0e42c05e6e403d1c726f72f88d5d14476fd6bb03f3061c67c731a8d5534,,True
BSR\BSDS500\data\images\test\226043.jpg,226043.jpg,.jpg,BSR\BSDS500\data\images\test,test,BSDS500,67800,0.064659,e8c71386c23af6bd2ee36d101a830806aafeacce08cd312c602cc427f89e11d8,,True
BSR\BSDS500\data\images\test\226060.jpg,226060.jpg,.jpg,BSR\BSDS500\data\images\test,test,BSDS500,58325,0.055623,65b6cce818f591d581abb641cb105b58bebf6462c7ce2653cb407249ddcb6eaf,,True
BSR\BSDS500\data\images\test\228076.jpg,228076.jpg,.jpg,BSR\BSDS500\data\images\test,test,BSDS500,62453,0.05956,3f9dacb6b6abd274379c54a2a093066a2b74cf070df786eae2147e0549016cb6,,True
BSR\BSDS500\data\images\test\230063.jpg,230063.jpg,.jpg,BSR\BSDS500\data\images\test,test,BSDS500,65815,0.062766,4d0063df58cbcb503aa7276b8b5166a12fc2f50c767db46a1a9a8e1b4c2f79cf,,True
BSR\BSDS500\data\images\test\230098.jpg,230098.jpg,.jpg,BSR\BSDS500\data\images\test,test,BSDS500,72427,0.069072,78f5c5914ad2c292a3e0b7d08d1d781c48c3b98fc4eabd762488db55c6dbc2e9,,True
BSR\BSDS500\data\images\test\23050.jpg,23050.jpg,.jpg,BSR\BSDS500\data\images\test,test,BSDS500,75297,0.071809,85ee9ee1c7181d680ddb2735bc48c7971c793e31501305be4806fa7adf324ea7,,True
BSR\BSDS500\data\images\test\232076.jpg,232076.jpg,.jpg,BSR\BSDS500\data\images\test,test,BSDS500,74282,0.070841,962addabe93b2b86ac75ecd75613b81b777b2c4ea69c1dff58a9bbc1a851509e,,True
BSR\BSDS500\data\images\test\235098.jpg,235098.jpg,.jpg,BSR\BSDS500\data\images\test,test,BSDS500,81288,0.077522,8c46a1b13714c09efae4f9ab0b9bf629730f67cc64d97661c958da04a8230d40,,True
BSR\BSDS500\data\images\test\238025.jpg,238025.jpg,.jpg,BSR\BSDS500\data\images\test,test,BSDS500,72436,0.06908,bf5f49a5c122029bda2b400675d331fbf45b37dfd8dc4c2257c690692d5ba253,,True
BSR\BSDS500\data\images\test\243095.jpg,243095.jpg,.jpg,BSR\BSDS500\data\images\test,test,BSDS500,51282,0.048906,a47a0846360e7682d285ad27a3bd838ddad88d44db13796792487a3f1ce90393,,True
BSR\BSDS500\data\images\test\246009.jpg,246009.jpg,.jpg,BSR\BSDS500\data\images\test,test,BSDS500,64034,0.061068,0d3aa8482d5b188db3554615d999dae010690f9da66c68efac5ffdb17cd12df0,,True
BSR\BSDS500\data\images\test\247003.jpg,247003.jpg,.jpg,BSR\BSDS500\data\images\test,test,BSDS500,70670,0.067396,a2cd96da4a2ac152771f68b3cb8e0e0ef2103893576c28f9bda99858d393802e,,True
BSR\BSDS500\data\images\test\247012.jpg,247012.jpg,.jpg,BSR\BSDS500\data\images\test,test,BSDS500,79387,0.075709,36939d7a38fedcddc27b2b8cc0f7a45379422c7c84f25febe477163e9b8f66ca,,True
BSR\BSDS500\data\images\test\249021.jpg,249021.jpg,.jpg,BSR\BSDS500\data\images\test,test,BSDS500,65814,0.062765,593e328eff454ece7daf784333e325bcf9642640dba1d287c03cd745e6c74e45,,True
BSR\BSDS500\data\images\test\250047.jpg,250047.jpg,.jpg,BSR\BSDS500\data\images\test,test,BSDS500,87325,0.08328,28fd01582cbbdc023998fe079f4b03497b185754112835832dcb56deb5f77987,,True
BSR\BSDS500\data\images\test\250087.jpg,250087.jpg,.jpg,BSR\BSDS500\data\images\test,test,BSDS500,53100,0.05064,b3566a4d1f2da4769c81cb521f4f61c1d5ab40c60c1f791b47e6fd52fdb07a2b,,True
BSR\BSDS500\data\images\test\253016.jpg,253016.jpg,.jpg,BSR\BSDS500\data\images\test,test,BSDS500,84500,0.080585,c6ccab77d494ddf61d20adb2414dd47ca05cf0324f2778a340e4759593ee3d9b,,True
BSR\BSDS500\data\images\test\253092.jpg,253092.jpg,.jpg,BSR\BSDS500\data\images\test,test,BSDS500,64595,0.061603,3fe885e6fa17e23f05f39198f017dd337fd8dd278d292c7e221996746fb06527,,True
BSR\BSDS500\data\images\test\257098.jpg,257098.jpg,.jpg,BSR\BSDS500\data\images\test,test,BSDS500,59156,0.056416,ef35cd90dcc88409ed7c19e24ed837b4cc226c65adb979535110c37ba4d2c60f,,True
BSR\BSDS500\data\images\test\258089.jpg,258089.jpg,.jpg,BSR\BSDS500\data\images\test,test,BSDS500,86859,0.082835,b72abd40eaecbacf462c6859de98d92f3b5ed09256cd845f1fd1f5b64ff36e35,,True
BSR\BSDS500\data\images\test\259060.jpg,259060.jpg,.jpg,BSR\BSDS500\data\images\test,test,BSDS500,98015,0.093474,5f03b6830584ecc86270eb22d6fc397137fd6b841315fd810451971d6ccae742,,True
BSR\BSDS500\data\images\test\267036.jpg,267036.jpg,.jpg,BSR\BSDS500\data\images\test,test,BSDS500,77486,0.073896,ed0bcd791de3af150bba912676d3fc30f2a9a4c6c6a21de3cbabc13c339fe85d,,True
BSR\BSDS500\data\images\test\268048.jpg,268048.jpg,.jpg,BSR\BSDS500\data\images\test,test,BSDS500,88476,0.084377,f456df09433d1184cda416cff96489baf29b23ce9c1aade1546e93ec0cf8de7c,,True
BSR\BSDS500\data\images\test\268074.jpg,268074.jpg,.jpg,BSR\BSDS500\data\images\test,test,BSDS500,92811,0.088511,72aad50c614c21978639c13315acd8c7008891ffaec90842642edd94bc1fdc01,,True
BSR\BSDS500\data\images\test\277053.jpg,277053.jpg,.jpg,BSR\BSDS500\data\images\test,test,BSDS500,96831,0.092345,e6efb84d5861557244cc8dd3ba3e3ea23bec2fd9c92813ecf61643036c6ba9d4,,True
BSR\BSDS500\data\images\test\279005.jpg,279005.jpg,.jpg,BSR\BSDS500\data\images\test,test,BSDS500,52586,0.05015,26adc42b6bf112e744ca68977b275a22871ed152ceb4f0512fdb9c88b229e699,,True
BSR\BSDS500\data\images\test\28083.jpg,28083.jpg,.jpg,BSR\BSDS500\data\images\test,test,BSDS500,64281,0.061303,3f35dfd750653a0122c8c69ccd32a6376cf0393d35cc6441ab20560e703e1bb1,,True
BSR\BSDS500\data\images\test\281017.jpg,281017.jpg,.jpg,BSR\BSDS500\data\images\test,test,BSDS500,59992,0.057213,446289c0b04d3a5cc69691b44a679a072b25960b16635fbd30f5079a60a1351e,,True
BSR\BSDS500\data\images\test\285022.jpg,285022.jpg,.jpg,BSR\BSDS500\data\images\test,test,BSDS500,48279,0.046042,ae15351a5ceb4be26557a55f809ff1d2d56e7109ed9cc9c7dde8210d284b9527,,True
BSR\BSDS500\data\images\test\288024.jpg,288024.jpg,.jpg,BSR\BSDS500\data\images\test,test,BSDS500,70102,0.066854,47cb843cfd749aee3ce64b8912c3ae69a775d151c538c3889c539976a96f35d8,,True
BSR\BSDS500\data\images\test\289011.jpg,289011.jpg,.jpg,BSR\BSDS500\data\images\test,test,BSDS500,59945,0.057168,fdc2db38488c6d651234e5ef71bbeae39ad981ac39e2fe0376b80b5ec7f01aa0,,True
BSR\BSDS500\data\images\test\290035.jpg,290035.jpg,.jpg,BSR\BSDS500\data\images\test,test,BSDS500,72183,0.068839,1b5c5488a1e71587b4c52f1e727666d79a3876d68e472d6161d2ca5c6919fa8a,,True
BSR\BSDS500\data\images\test\29030.jpg,29030.jpg,.jpg,BSR\BSDS500\data\images\test,test,BSDS500,70468,0.067204,586afdd37df42107807307b75ae03e42c68fe6c813792a85c8ec1daffb71c598,,True
BSR\BSDS500\data\images\test\296028.jpg,296028.jpg,.jpg,BSR\BSDS500\data\images\test,test,BSDS500,73870,0.070448,8606729e41788f88f970b302d9981660b1f2aea7bcbb8a23b4c2feb6f16e555e,,True
BSR\BSDS500\data\images\test\296058.jpg,296058.jpg,.jpg,BSR\BSDS500\data\images\test,test,BSDS500,106075,0.101161,393a7678cf917d0620ee3a48e97626f1c6a38b81559bb0d8d3ac7f25cc633bc7,,True
BSR\BSDS500\data\images\test\302022.jpg,302022.jpg,.jpg,BSR\BSDS500\data\images\test,test,BSDS500,72687,0.06932,d703e462c4c4871ad85ddb3af06eed0095ff7976cb8d6df7e2948450c3ef5561,,True
BSR\BSDS500\data\images\test\306051.jpg,306051.jpg,.jpg,BSR\BSDS500\data\images\test,test,BSDS500,76974,0.073408,fc1a1310bb2b827c98506ec665c3844c347613a92debd6fb3e29b5dbcd0ce2c4,,True
BSR\BSDS500\data\images\test\306052.jpg,306052.jpg,.jpg,BSR\BSDS500\data\images\test,test,BSDS500,83837,0.079953,e573ee9d2ec6a7f2c6a215bf2ad979fbc9056ade59d02de5832efd59fea11b3d,,True
BSR\BSDS500\data\images\test\3063.jpg,3063.jpg,.jpg,BSR\BSDS500\data\images\test,test,BSDS500,47609,0.045403,b98bff045cc2fca3011e11d437b11e9ad564c305f5e75aeed8cf1e99b23d2076,,True
BSR\BSDS500\data\images\test\309040.jpg,309040.jpg,.jpg,BSR\BSDS500\data\images\test,test,BSDS500,84921,0.080987,00a0850bc056decb473ecb48785939858adad89c2a1378e83b71d0020d148211,,True
BSR\BSDS500\data\images\test\317043.jpg,317043.jpg,.jpg,BSR\BSDS500\data\images\test,test,BSDS500,90209,0.08603,268dbaff8e5a307428e8677953a2997830befa3aba1732f419b400dc9fa7f14c,,True
BSR\BSDS500\data\images\test\326025.jpg,326025.jpg,.jpg,BSR\BSDS500\data\images\test,test,BSDS500,72411,0.069057,3ec181582e98ec5acc43e9c920a5385cb900d99977e54f79ffc2b6fdeeeee46e,,True
BSR\BSDS500\data\images\test\326085.jpg,326085.jpg,.jpg,BSR\BSDS500\data\images\test,test,BSDS500,73853,0.070432,c79e9a93f5d8e5484db1132afdbaf465245c64fcd3473d24105a8b8054eec9f5,,True
BSR\BSDS500\data\images\test\33044.jpg,33044.jpg,.jpg,BSR\BSDS500\data\images\test,test,BSDS500,86964,0.082935,e7fb5606edf799db4c13804fbb1b2148f85896a643dcf1ce87493b9e5996e2b2,,True
BSR\BSDS500\data\images\test\334025.jpg,334025.jpg,.jpg,BSR\BSDS500\data\images\test,test,BSDS500,58282,0.055582,2545f5caaa9842cfc0a63fce25fd7a66ec6a2c874a9ed429917e73c19b25f788,,True
BSR\BSDS500\data\images\test\335088.jpg,335088.jpg,.jpg,BSR\BSDS500\data\images\test,test,BSDS500,86945,0.082917,5a9396fd5099fd5d0786c8ba231165c1ba30d2eac2cdb27c31bf0c6c2d0634cf,,True
BSR\BSDS500\data\images\test\335094.jpg,335094.jpg,.jpg,BSR\BSDS500\data\images\test,test,BSDS500,88469,0.084371,ddfbe0893c856b7ab627a242b98d712429cd26f4176f8e7bb781bab11562661a,,True
BSR\BSDS500\data\images\test\344010.jpg,344010.jpg,.jpg,BSR\BSDS500\data\images\test,test,BSDS500,90924,0.086712,4f8625be97ee6ee5ba239a02a160b1e1bc7ec09afaf7be42f2785c3244db3a6f,,True
BSR\BSDS500\data\images\test\346016.jpg,346016.jpg,.jpg,BSR\BSDS500\data\images\test,test,BSDS500,109741,0.104657,59a237f15337f1fefb5ae61c8ef62f5c010a72e37b67c6126109a4292d38e034,,True
BSR\BSDS500\data\images\test\347031.jpg,347031.jpg,.jpg,BSR\BSDS500\data\images\test,test,BSDS500,55968,0.053375,283792b66010077e6dd7353e7a45de356b4bed897c8e7678561b0369127c0b08,,True
BSR\BSDS500\data\images\test\35028.jpg,35028.jpg,.jpg,BSR\BSDS500\data\images\test,test,BSDS500,46174,0.044035,2b1a0220ce00cf61497b330addd15896d0f457cd2493b2c76ce0c8c70137c9c0,,True
BSR\BSDS500\data\images\test\35049.jpg,35049.jpg,.jpg,BSR\BSDS500\data\images\test,test,BSDS500,47508,0.045307,b540a52875496f04379fb6cd848a39eb067e48d338d9e14f880a9e6cb4de9bdd,,True
BSR\BSDS500\data\images\test\36046.jpg,36046.jpg,.jpg,BSR\BSDS500\data\images\test,test,BSDS500,73013,0.069631,6c82c7843999aab18ed5099e2b3326900acf6ac37c458a93932b0bbdc5c4ca9a,,True
BSR\BSDS500\data\images\test\365072.jpg,365072.jpg,.jpg,BSR\BSDS500\data\images\test,test,BSDS500,94466,0.09009,5d7c33fb1ef47ad01f0dab0dfc9fa188db7979150e33c84434d8179fe5b1b290,,True
BSR\BSDS500\data\images\test\368037.jpg,368037.jpg,.jpg,BSR\BSDS500\data\images\test,test,BSDS500,67370,0.064249,f1d91ed462c3924e76a4299c4804aacb2b6301c66a090b3e69c640bf80c6db55,,True
BSR\BSDS500\data\images\test\372019.jpg,372019.jpg,.jpg,BSR\BSDS500\data\images\test,test,BSDS500,68349,0.065183,2311adf60a1a992b6d9cb3c07375b2a1bc044591a4d331098beb5a0f1cf49941,,True
BSR\BSDS500\data\images\test\376086.jpg,376086.jpg,.jpg,BSR\BSDS500\data\images\test,test,BSDS500,74946,0.071474,4cc879fcd8099cee913a26c01cdc7368c590be944f5cf2ebfbeb74233902d161,,True
BSR\BSDS500\data\images\test\384022.jpg,384022.jpg,.jpg,BSR\BSDS500\data\images\test,test,BSDS500,74445,0.070996,8c43be1b30d233826e864252f5ffa14fccde969864b63b78da1ae462086f9873,,True
BSR\BSDS500\data\images\test\384089.jpg,384089.jpg,.jpg,BSR\BSDS500\data\images\test,test,BSDS500,62460,0.059566,718f3f5d861839a515c7676b4236e52935f28c4c7280c9d6a581ddbb041d7040,,True
BSR\BSDS500\data\images\test\385022.jpg,385022.jpg,.jpg,BSR\BSDS500\data\images\test,test,BSDS500,88683,0.084575,27689330d1528f85b2f468a6d6d0b08248f9385c6c3fbfafb7e5fd0e1b603cfc,,True
BSR\BSDS500\data\images\test\388006.jpg,388006.jpg,.jpg,BSR\BSDS500\data\images\test,test,BSDS500,76217,0.072686,9775af03fae6a2cdd2faf95f5e72660d5772e57a0a523508b8268b3da37d9b23,,True
BSR\BSDS500\data\images\test\388018.jpg,388018.jpg,.jpg,BSR\BSDS500\data\images\test,test,BSDS500,75039,0.071563,314ee54777f32f9f4cebc51d41f8baf232a5b81a46984ac851b3ee127737f36b,,True
BSR\BSDS500\data\images\test\388067.jpg,388067.jpg,.jpg,BSR\BSDS500\data\images\test,test,BSDS500,76764,0.073208,931d9be6ea03469b5c3fa7fe157dbdb708a9c559bb4db5a62f7fd4776528a7b6,,True
BSR\BSDS500\data\images\test\393035.jpg,393035.jpg,.jpg,BSR\BSDS500\data\images\test,test,BSDS500,67901,0.064755,efb9e098415dfeaba979ef52e7c895f91cbe1fdbeddcd4a85f83f28125d1acd2,,True
BSR\BSDS500\data\images\test\41006.jpg,41006.jpg,.jpg,BSR\BSDS500\data\images\test,test,BSDS500,58294,0.055593,23a926b6ac7bee64a9dc216dfde6a9bf30343d7276fbc5b14e584b32df94e483,,True
BSR\BSDS500\data\images\test\41029.jpg,41029.jpg,.jpg,BSR\BSDS500\data\images\test,test,BSDS500,66979,0.063876,d6b527cb6e80d86df5cdc9f161b9ea3b728f152296aee44a83f85752b9040e8b,,True
BSR\BSDS500\data\images\test\41085.jpg,41085.jpg,.jpg,BSR\BSDS500\data\images\test,test,BSDS500,76009,0.072488,2ea580f7c07e104624e8da4733319fb25def289b4fa6258b39e9c97eba2cb221,,True
BSR\BSDS500\data\images\test\41096.jpg,41096.jpg,.jpg,BSR\BSDS500\data\images\test,test,BSDS500,70004,0.066761,93e81be1cdc9d6ed5e81d01597c45a208398e66f5114ed6ae5314cb5ad32bc0e,,True
BSR\BSDS500\data\images\test\43033.jpg,43033.jpg,.jpg,BSR\BSDS500\data\images\test,test,BSDS500,63932,0.06097,1abebaa96fdf42186d97679cd28d22dffba206767ebc8838e61c0f517b89b7f1,,True
BSR\BSDS500\data\images\test\43051.jpg,43051.jpg,.jpg,BSR\BSDS500\data\images\test,test,BSDS500,38549,0.036763,e2f447b14fc6179c172c559e59192e395a1b6fee44e36d1c7aa2d665a3c71d35,,True
BSR\BSDS500\data\images\test\45000.jpg,45000.jpg,.jpg,BSR\BSDS500\data\images\test,test,BSDS500,85427,0.08147,024d686ebe9533a174e3c3f29161f384b235ab37ff3fdb990e9199ed3b8c7178,,True
BSR\BSDS500\data\images\test\48017.jpg,48017.jpg,.jpg,BSR\BSDS500\data\images\test,test,BSDS500,82695,0.078864,c61255d24cc29986d0bcdf056d2f6cea6875ad1fcba4d01792904422eb9c94c3,,True
BSR\BSDS500\data\images\test\48025.jpg,48025.jpg,.jpg,BSR\BSDS500\data\images\test,test,BSDS500,69826,0.066591,afef725853d55d53d7aa6a767ecc64b6ed681ecc87a57e69aeed09a115406ed7,,True
BSR\BSDS500\data\images\test\49024.jpg,49024.jpg,.jpg,BSR\BSDS500\data\images\test,test,BSDS500,47681,0.045472,b730a4fe2ebc1218f00a0f8ee8ae118fdc916533145f0a9ced52f2d1982b3ed4,,True
BSR\BSDS500\data\images\test\5096.jpg,5096.jpg,.jpg,BSR\BSDS500\data\images\test,test,BSDS500,71961,0.068627,036eeb42cc04fea9f0bd7c3c19343e0c3e66b74c979e74829331e4a832ae7810,,True
BSR\BSDS500\data\images\test\51084.jpg,51084.jpg,.jpg,BSR\BSDS500\data\images\test,test,BSDS500,76738,0.073183,86e0d880135152ee9d03993078d27f0acd3345f353d005449a287400cbfa0fce,,True
BSR\BSDS500\data\images\test\6046.jpg,6046.jpg,.jpg,BSR\BSDS500\data\images\test,test,BSDS500,84493,0.080579,3db99e079df3ee618560d840d02dbf124e35d06461058b4f88688b7334cbe098,,True
BSR\BSDS500\data\images\test\61034.jpg,61034.jpg,.jpg,BSR\BSDS500\data\images\test,test,BSDS500,73324,0.069927,1a265d4c2dfd4867567288a30997020bf6196dda5a510052a076036a48f04e59,,True
BSR\BSDS500\data\images\test\64061.jpg,64061.jpg,.jpg,BSR\BSDS500\data\images\test,test,BSDS500,60855,0.058036,4cfd5b5a749ea7500938da17efc3dcc71090494697d929895f0c9c13940232b8,,True
BSR\BSDS500\data\images\test\65084.jpg,65084.jpg,.jpg,BSR\BSDS500\data\images\test,test,BSDS500,67828,0.064686,c2d4c6fc1ebadde2e53956137fc7526a0ade479106cb3c55d283f30b314e5ce6,,True
BSR\BSDS500\data\images\test\69000.jpg,69000.jpg,.jpg,BSR\BSDS500\data\images\test,test,BSDS500,72782,0.06941,e1a43557e4cc455604580005d332f2f2d3833e71643e186de922a8f46f1152c8,,True
BSR\BSDS500\data\images\test\69007.jpg,69007.jpg,.jpg,BSR\BSDS500\data\images\test,test,BSDS500,74760,0.071297,ad974d0fb5c6912820255485dd571ef971ac910fc7c54c7401d55b65bec0c05d,,True
BSR\BSDS500\data\images\test\69022.jpg,69022.jpg,.jpg,BSR\BSDS500\data\images\test,test,BSDS500,61851,0.058986,5ea4f2727b606318075639f1489df29f1fdae655f2efa8597f7f2b24445f9679,,True
BSR\BSDS500\data\images\test\70011.jpg,70011.jpg,.jpg,BSR\BSDS500\data\images\test,test,BSDS500,46219,0.044078,94773c7c4e35706528722b48fce9cf9783e937358d419ce9be92729c6d3579f4,,True
BSR\BSDS500\data\images\test\70090.jpg,70090.jpg,.jpg,BSR\BSDS500\data\images\test,test,BSDS500,64902,0.061895,51bffc1621da3661902b8d56bdfd931a266e65c8bfddb5da194043a192c74288,,True
BSR\BSDS500\data\images\test\71076.jpg,71076.jpg,.jpg,BSR\BSDS500\data\images\test,test,BSDS500,78585,0.074944,10d4c925dcb0f0fd25534e9e0aa402cc34a3aa28e7cf60db2ab04085b0bec8b6,,True
BSR\BSDS500\data\images\test\71099.jpg,71099.jpg,.jpg,BSR\BSDS500\data\images\test,test,BSDS500,76188,0.072659,62426062ba1e6cabff1e6d26f74dcd91614e9ea73ff681aec76096354ed085df,,True
BSR\BSDS500\data\images\test\77062.jpg,77062.jpg,.jpg,BSR\BSDS500\data\images\test,test,BSDS500,93505,0.089173,ca86ba0d129c97802b191efa9df573564fbc1f5b3467358adff7e52ff94119a9,,True
BSR\BSDS500\data\images\test\78098.jpg,78098.jpg,.jpg,BSR\BSDS500\data\images\test,test,BSDS500,102843,0.098079,5b46e76177965acc8b5d604f7e5845051c68220929a0ce5793bf3abcbc16baf2,,True
BSR\BSDS500\data\images\test\79073.jpg,79073.jpg,.jpg,BSR\BSDS500\data\images\test,test,BSDS500,107155,0.102191,1c7fe8b57627008635032a0c0890d797fca3d5aa20826a0690766ac235c5c871,,True
BSR\BSDS500\data\images\test\80085.jpg,80085.jpg,.jpg,BSR\BSDS500\data\images\test,test,BSDS500,48530,0.046282,536e2b2eeb432b3e1a616e23c79251c02ff2fd2226fcc374a30cc8e409d2c982,,True
BSR\BSDS500\data\images\test\80090.jpg,80090.jpg,.jpg,BSR\BSDS500\data\images\test,test,BSDS500,65795,0.062747,d740d8619e8624f7ec960614831a19e21fca876a147316916f69008a20f8b65f,,True
BSR\BSDS500\data\images\test\8068.jpg,8068.jpg,.jpg,BSR\BSDS500\data\images\test,test,BSDS500,54207,0.051696,160faa4e5a1ce7428bc03e12c4d5b12b2780e8955de2210b7e91421d662911d5,,True
BSR\BSDS500\data\images\test\81066.jpg,81066.jpg,.jpg,BSR\BSDS500\data\images\test,test,BSDS500,68148,0.064991,1cadc6af923560f2f80f7608ec750877c3194c9eff492dd744af5c0c7bf9a914,,True
BSR\BSDS500\data\images\test\81090.jpg,81090.jpg,.jpg,BSR\BSDS500\data\images\test,test,BSDS500,70814,0.067533,97a600ef49cb2b1b975bd56a8ad53cddf2790ad914154c12ceb709ee9bbd5486,,True
BSR\BSDS500\data\images\test\81095.jpg,81095.jpg,.jpg,BSR\BSDS500\data\images\test,test,BSDS500,61009,0.058183,ce6a90f3b14d89ae9646bdb57cb4d014b09f298a67b91eb8f5249e3075ea3dfb,,True
BSR\BSDS500\data\images\test\87015.jpg,87015.jpg,.jpg,BSR\BSDS500\data\images\test,test,BSDS500,98097,0.093553,67e46094e3018c35400ac756eb85cc18f17f47492a999e7336a43ac6ffb24fd1,,True
BSR\BSDS500\data\images\test\92014.jpg,92014.jpg,.jpg,BSR\BSDS500\data\images\test,test,BSDS500,78878,0.075224,193fa567046bd4fc4c331e57d7dff8329c3335c903a6dfbb451403df32dfeeae,,True
BSR\BSDS500\data\images\test\94095.jpg,94095.jpg,.jpg,BSR\BSDS500\data\images\test,test,BSDS500,85639,0.081672,4e4a8018bd002cb6a4995f28b3700a160d1eea9c4e67a356a4a76896c4f8d58e,,True
BSR\BSDS500\data\images\test\97010.jpg,97010.jpg,.jpg,BSR\BSDS500\data\images\test,test,BSDS500,86471,0.082465,b7dffd6106f6379ff965ed972973c8490f2708a92b3cbfa84f2be546907b093c,,True
BSR\BSDS500\data\images\test\Thumbs.db,Thumbs.db,.db,BSR\BSDS500\data\images\test,test,BSDS500,698368,0.666016,4054ce4322abdaad029237033197986b96c41c62cbfd8d1e41c04afc560a68c3,,False
BSR\BSDS500\data\images\train\100075.jpg,100075.jpg,.jpg,BSR\BSDS500\data\images\train,train,BSDS500,75043,0.071567,b4b2461595dc3f70270574715acf287dc70027ec9d419a9917ed242036d1b0e5,,True
BSR\BSDS500\data\images\train\100080.jpg,100080.jpg,.jpg,BSR\BSDS500\data\images\train,train,BSDS500,40866,0.038973,d52ff44bf19e17f49389eca134bcf57a90d27b15671952fabbd2f2334f75aa8e,,True
BSR\BSDS500\data\images\train\100098.jpg,100098.jpg,.jpg,BSR\BSDS500\data\images\train,train,BSDS500,104854,0.099997,156fd9710dccd7bf3a821977f8d8155da0eccca553086f73771073e17a418aa6,,True
BSR\BSDS500\data\images\train\103041.jpg,103041.jpg,.jpg,BSR\BSDS500\data\images\train,train,BSDS500,57599,0.054931,1e7ad4076e21f5558e487fddbd20f9553cc4e84629814a79c711f20c38e08461,,True
BSR\BSDS500\data\images\train\104022.jpg,104022.jpg,.jpg,BSR\BSDS500\data\images\train,train,BSDS500,69508,0.066288,0300ff07de52aaa0b5d77b4497df1eb5aee2347b9d40f10a6a756aae51c133c5,,True
BSR\BSDS500\data\images\train\105019.jpg,105019.jpg,.jpg,BSR\BSDS500\data\images\train,train,BSDS500,63628,0.06068,57e66c0eecb325b507a022c45fb7f44868dc56aef2d4c36db4abe45d56e443ee,,True
BSR\BSDS500\data\images\train\105053.jpg,105053.jpg,.jpg,BSR\BSDS500\data\images\train,train,BSDS500,53269,0.050801,5d801fa5c75ffb4e7d3af8042a7db1b00b9e5599bcf4801e4b81e95b0cdb19ad,,True
BSR\BSDS500\data\images\train\106020.jpg,106020.jpg,.jpg,BSR\BSDS500\data\images\train,train,BSDS500,71281,0.067979,9cd3230d2afde28af85b40cc591e54979f69bf615b68654daaf5e2ac9a88dbe5,,True
BSR\BSDS500\data\images\train\106025.jpg,106025.jpg,.jpg,BSR\BSDS500\data\images\train,train,BSDS500,37465,0.035729,68c0e1afd93d8c4782d97bacea36453e59e2921d261e6f8622dc0832b2196f65,,True
BSR\BSDS500\data\images\train\108041.jpg,108041.jpg,.jpg,BSR\BSDS500\data\images\train,train,BSDS500,68515,0.065341,4d6b84cff81706d1fb2e10e8225d24c28bf3b3d39d68c572ff2b4fe3adbfe1b9,,True
BSR\BSDS500\data\images\train\108073.jpg,108073.jpg,.jpg,BSR\BSDS500\data\images\train,train,BSDS500,76435,0.072894,97d56ee9ea1481464b0e4a486315737771e65542d9fdfe6580cb8f30dcbadf66,,True
BSR\BSDS500\data\images\train\109034.jpg,109034.jpg,.jpg,BSR\BSDS500\data\images\train,train,BSDS500,108033,0.103028,1ea4e38e1357dea48bb0698d3d69fea800e8346bac40b0646121e8ac985e28e9,,True
BSR\BSDS500\data\images\train\112082.jpg,112082.jpg,.jpg,BSR\BSDS500\data\images\train,train,BSDS500,89708,0.085552,ba0aee5213b2433aae60bc69e933f26dd547ba797319bc807f63d4c5391e60ad,,True
BSR\BSDS500\data\images\train\113009.jpg,113009.jpg,.jpg,BSR\BSDS500\data\images\train,train,BSDS500,64234,0.061258,6b53775a7a66783fec86a5d6cd69a48ec6907825882f799af2241b31f3bec7db,,True
BSR\BSDS500\data\images\train\113016.jpg,113016.jpg,.jpg,BSR\BSDS500\data\images\train,train,BSDS500,93869,0.08952,f53e7355d1cb0ef5286ed4083ea6c264c5df296d9b79e47768b741eca9ed40ad,,True
BSR\BSDS500\data\images\train\113044.jpg,113044.jpg,.jpg,BSR\BSDS500\data\images\train,train,BSDS500,96952,0.092461,896df50d4bab6e05655db1b84485ab7463dab7b44b52a87134ca9061e7bd94e6,,True
BSR\BSDS500\data\images\train\117054.jpg,117054.jpg,.jpg,BSR\BSDS500\data\images\train,train,BSDS500,81036,0.077282,15ef2e322dcaa34da30625c98e42e1eb0428911ee45104c483e464571ac4b7c6,,True
BSR\BSDS500\data\images\train\118020.jpg,118020.jpg,.jpg,BSR\BSDS500\data\images\train,train,BSDS500,82090,0.078287,da00f706075bda5d4a4fb9482ac7454980ceb56aa177578b8edd58af045bd676,,True
BSR\BSDS500\data\images\train\118035.jpg,118035.jpg,.jpg,BSR\BSDS500\data\images\train,train,BSDS500,48797,0.046536,e15e989aa1f50a0870b5da340a0e939c721fa02b9d2dbb0229f92188fd634907,,True
BSR\BSDS500\data\images\train\12003.jpg,12003.jpg,.jpg,BSR\BSDS500\data\images\train,train,BSDS500,85164,0.081219,82209028e619fa21b087ea9e3863c05febbf1d05d9d4f078e6cd2fb233d67e2b,,True
BSR\BSDS500\data\images\train\12074.jpg,12074.jpg,.jpg,BSR\BSDS500\data\images\train,train,BSDS500,60437,0.057637,2da4340200aea1bce9a52f3824d50eca50a3dd4a7a923ae3f6de494ae1152ba6,,True
BSR\BSDS500\data\images\train\122048.jpg,122048.jpg,.jpg,BSR\BSDS500\data\images\train,train,BSDS500,51019,0.048656,82ce6619f12d5c0625436aabf6f281ad9111753d1429c61274cec358ddee08fe,,True
BSR\BSDS500\data\images\train\124084.jpg,124084.jpg,.jpg,BSR\BSDS500\data\images\train,train,BSDS500,63856,0.060898,db2fd9ed255d3d9125637b15ffe60779bb01e135cbb6ccd56bcb54be74653d61,,True
BSR\BSDS500\data\images\train\126039.jpg,126039.jpg,.jpg,BSR\BSDS500\data\images\train,train,BSDS500,48307,0.046069,f8327a5e7cc0c8ce726b52043eb28b9ee8009f49d60f8822f77472a2512dd071,,True
BSR\BSDS500\data\images\train\130034.jpg,130034.jpg,.jpg,BSR\BSDS500\data\images\train,train,BSDS500,111146,0.105997,f7ec41ecf32e2473fa4bf4cddfdd75991028666fb70c093078ede877491991f6,,True
BSR\BSDS500\data\images\train\134008.jpg,134008.jpg,.jpg,BSR\BSDS500\data\images\train,train,BSDS500,61842,0.058977,27cafae75673a3dddeb065651a4007fc22ab5ad542df556287a051613caf3865,,True
BSR\BSDS500\data\images\train\134052.jpg,134052.jpg,.jpg,BSR\BSDS500\data\images\train,train,BSDS500,65548,0.062511,f0d44fc6f469a2161a8156d3b8d8a5773e027f014b380a1e341c2ed613f07e9b,,True
BSR\BSDS500\data\images\train\135037.jpg,135037.jpg,.jpg,BSR\BSDS500\data\images\train,train,BSDS500,40474,0.038599,2e9a39a111dc6af1a1af3bc7a88c85b4a206aa42cef01adbbcb9f67ea3bb4216,,True
BSR\BSDS500\data\images\train\135069.jpg,135069.jpg,.jpg,BSR\BSDS500\data\images\train,train,BSDS500,23655,0.022559,667aafa575f92a0f46d2e35021e056a0f5dd781b42787e3146e8d85799af1812,,True
BSR\BSDS500\data\images\train\138032.jpg,138032.jpg,.jpg,BSR\BSDS500\data\images\train,train,BSDS500,96219,0.091762,2f4f4beae33576d2d16defaed093939e3d9dfda74c2385385d017d0706647c92,,True
BSR\BSDS500\data\images\train\138078.jpg,138078.jpg,.jpg,BSR\BSDS500\data\images\train,train,BSDS500,72629,0.069264,156743043490583baa9af1ab4d1ae1811359bc5fa94d5c5de3e5b522f4099eb4,,True
BSR\BSDS500\data\images\train\140055.jpg,140055.jpg,.jpg,BSR\BSDS500\data\images\train,train,BSDS500,89820,0.085659,bb7a083e833fde82c57b1df0ba95c0d0577f50ae3bb687cb71a066d414d117aa,,True
BSR\BSDS500\data\images\train\140075.jpg,140075.jpg,.jpg,BSR\BSDS500\data\images\train,train,BSDS500,79329,0.075654,701e224e47e3de85a84ef3fe0f203412db9aa870eb50d1c1f792a763a0e7b3a3,,True
BSR\BSDS500\data\images\train\144067.jpg,144067.jpg,.jpg,BSR\BSDS500\data\images\train,train,BSDS500,84687,0.080764,00053961cb5ab696951a0684c5707bf3b67fb4ba3c3fdc0c4bc75e4f87480e2e,,True
BSR\BSDS500\data\images\train\145014.jpg,145014.jpg,.jpg,BSR\BSDS500\data\images\train,train,BSDS500,83165,0.079312,22d67130d0cd1f49e43b3968f30ace97d99ff5910fce67929208683c334e2672,,True
BSR\BSDS500\data\images\train\145053.jpg,145053.jpg,.jpg,BSR\BSDS500\data\images\train,train,BSDS500,76211,0.07268,08385cc993040101a9274df03fe69eb1be0911fee6370675eb9fde79c5c7bd96,,True
BSR\BSDS500\data\images\train\147021.jpg,147021.jpg,.jpg,BSR\BSDS500\data\images\train,train,BSDS500,59824,0.057053,34d7ac9fa5e9e2fd50c3b7cd107315620b7dab16ff8832cf642e8fc6d3334b34,,True
BSR\BSDS500\data\images\train\147062.jpg,147062.jpg,.jpg,BSR\BSDS500\data\images\train,train,BSDS500,118136,0.112663,2f61cc55df5fbf5f41df3964a1cc7538503c2ee747004bb77c096ce5bee2e868,,True
BSR\BSDS500\data\images\train\15004.jpg,15004.jpg,.jpg,BSR\BSDS500\data\images\train,train,BSDS500,87575,0.083518,2ed06661ad2089a06ad998a10206d7b4d4ea5340ad9418037d9585185981e0b9,,True
BSR\BSDS500\data\images\train\15088.jpg,15088.jpg,.jpg,BSR\BSDS500\data\images\train,train,BSDS500,57578,0.054911,d66df9d54fd05a288493ab11a1383d60166f7fc3c48e4e883f0ec83d8586496b,,True
BSR\BSDS500\data\images\train\151087.jpg,151087.jpg,.jpg,BSR\BSDS500\data\images\train,train,BSDS500,72005,0.068669,0ad59de11bcbdf8687e3f706834f5eee3e2ae7040b492e65c4e4e9673edc80b0,,True
BSR\BSDS500\data\images\train\153077.jpg,153077.jpg,.jpg,BSR\BSDS500\data\images\train,train,BSDS500,52575,0.050139,110645113f9d5c2eb024358a62c87931a6478b102c5c4e9d3ecd1ebb13dc232d,,True
BSR\BSDS500\data\images\train\153093.jpg,153093.jpg,.jpg,BSR\BSDS500\data\images\train,train,BSDS500,67096,0.063988,690cdb2ccfcc5a6d7d8a97ca87be3d5270876a044bb6fdb541ae51b2608623c8,,True
BSR\BSDS500\data\images\train\155060.jpg,155060.jpg,.jpg,BSR\BSDS500\data\images\train,train,BSDS500,83924,0.080036,5254d4eb0edc12f02b981e58b57a91c51c8f886507e44a2d52ef5a1447cbbd9f,,True
BSR\BSDS500\data\images\train\156079.jpg,156079.jpg,.jpg,BSR\BSDS500\data\images\train,train,BSDS500,59685,0.05692,f00f7cd383ca7952b12071aa7d3ac23faf2903f187679374d0473c840fa20447,,True
BSR\BSDS500\data\images\train\157036.jpg,157036.jpg,.jpg,BSR\BSDS500\data\images\train,train,BSDS500,92941,0.088635,b51b5f204153a5a7b405fd9ff5121183cd4c8e64ea8d4c660933c4980b558b1e,,True
BSR\BSDS500\data\images\train\159029.jpg,159029.jpg,.jpg,BSR\BSDS500\data\images\train,train,BSDS500,90038,0.085867,bb2dfcfcf6889b4791b3e7990a36669ad1b6b8d5299500879046328edf6b40b7,,True
BSR\BSDS500\data\images\train\159045.jpg,159045.jpg,.jpg,BSR\BSDS500\data\images\train,train,BSDS500,93112,0.088799,505d42ffdc0a397baa7b2f2d47026613fd56dbfac2aac79f616838f11374687e,,True
BSR\BSDS500\data\images\train\159091.jpg,159091.jpg,.jpg,BSR\BSDS500\data\images\train,train,BSDS500,81499,0.077724,b38575cd4fb844fb60eb2ed78fb384c6bd96557018e01bfa4e102593106cd839,,True
BSR\BSDS500\data\images\train\16052.jpg,16052.jpg,.jpg,BSR\BSDS500\data\images\train,train,BSDS500,65364,0.062336,be60accfd2bfa991b779640994308a61cc7bea0c672a45fa2d5649e004a7f15e,,True
BSR\BSDS500\data\images\train\161062.jpg,161062.jpg,.jpg,BSR\BSDS500\data\images\train,train,BSDS500,50760,0.048409,54593ca91901025a58ee5c3d0018ba1becc240cc5f5773935cf477455d9b10bf,,True
BSR\BSDS500\data\images\train\163014.jpg,163014.jpg,.jpg,BSR\BSDS500\data\images\train,train,BSDS500,60427,0.057628,d3e56ee4417eba2b38feabf86f8707913d8703cab38691650376eda3db9c41fd,,True
BSR\BSDS500\data\images\train\163062.jpg,163062.jpg,.jpg,BSR\BSDS500\data\images\train,train,BSDS500,67443,0.064319,b66eaa74e2a2a3130284a3cd92b08fab0f679137f25edf3870462f8e8e31d862,,True
BSR\BSDS500\data\images\train\164074.jpg,164074.jpg,.jpg,BSR\BSDS500\data\images\train,train,BSDS500,80390,0.076666,a6a0a2f76bc102579ba47c6a076f1be1564640976fccc524a9e6420061c3a288,,True
BSR\BSDS500\data\images\train\166081.jpg,166081.jpg,.jpg,BSR\BSDS500\data\images\train,train,BSDS500,77651,0.074054,34216b6ce9050572b99502f7d67397caf712487864a0a85c94b921211e73b4d0,,True
BSR\BSDS500\data\images\train\169012.jpg,169012.jpg,.jpg,BSR\BSDS500\data\images\train,train,BSDS500,95533,0.091107,a1580a729655fc9a63ca0d644130e770512e492f2a95d1c0121f4183e42ded50,,True
BSR\BSDS500\data\images\train\170054.jpg,170054.jpg,.jpg,BSR\BSDS500\data\images\train,train,BSDS500,95692,0.091259,2f3cfc625e2361f264a2de6f15d9dbadb85e7d45bfa905fc630bb316f3b32a67,,True
BSR\BSDS500\data\images\train\172032.jpg,172032.jpg,.jpg,BSR\BSDS500\data\images\train,train,BSDS500,47987,0.045764,497d9795ad4eac1c754e2175c26d2ae1a19fa1016c6dd1fe626c870d1e9b0b25,,True
BSR\BSDS500\data\images\train\173036.jpg,173036.jpg,.jpg,BSR\BSDS500\data\images\train,train,BSDS500,69795,0.066562,ce4dd846ad9a8742c401fff0811762b29d1d5942e61bb67ddecd44f49d6a85e4,,True
BSR\BSDS500\data\images\train\176019.jpg,176019.jpg,.jpg,BSR\BSDS500\data\images\train,train,BSDS500,106145,0.101228,ba9443d741bba1dc79d9946902a7f85b9808c65fe42986745ff9b872a10bd7fe,,True
BSR\BSDS500\data\images\train\176035.jpg,176035.jpg,.jpg,BSR\BSDS500\data\images\train,train,BSDS500,70312,0.067055,f26789b6d421e8909898b3b0d4b67b91fab32e529e963f398793f015f286f866,,True
BSR\BSDS500\data\images\train\176039.jpg,176039.jpg,.jpg,BSR\BSDS500\data\images\train,train,BSDS500,64476,0.061489,0799daf823e07de1910179b720779230f8aa076bbbac51ecc954d47aa1dc53bc,,True
BSR\BSDS500\data\images\train\178054.jpg,178054.jpg,.jpg,BSR\BSDS500\data\images\train,train,BSDS500,59689,0.056924,8b76b03f5af5720cab1165a19e2d138c767abd95b807d108b29c0db5c0bdeaa2,,True
BSR\BSDS500\data\images\train\181018.jpg,181018.jpg,.jpg,BSR\BSDS500\data\images\train,train,BSDS500,57150,0.054502,dbb26238f5097adc06ae16d8eca151072c7c1f62c2207d8c6635b97d880794bc,,True
BSR\BSDS500\data\images\train\181079.jpg,181079.jpg,.jpg,BSR\BSDS500\data\images\train,train,BSDS500,69359,0.066146,d5c7b9a1dd70eb66c6faa1426f5abe24c3e878d7636c65cd70b450a1d9cf1a30,,True
BSR\BSDS500\data\images\train\181091.jpg,181091.jpg,.jpg,BSR\BSDS500\data\images\train,train,BSDS500,87186,0.083147,8f9e26f3489b528b200a40de6dbfadec16a7505875998d6cd1fa80157e7bcd2a,,True
BSR\BSDS500\data\images\train\183055.jpg,183055.jpg,.jpg,BSR\BSDS500\data\images\train,train,BSDS500,54959,0.052413,bd0c5c4df40bb1b449b71b5e0efde7781599a7724a12a20c0d6902d03e6011be,,True
BSR\BSDS500\data\images\train\183087.jpg,183087.jpg,.jpg,BSR\BSDS500\data\images\train,train,BSDS500,74858,0.07139,8161ad4c000dc28bc80cf741a8c367e54327a1b7625ce52498bd56ab6f82da7d,,True
BSR\BSDS500\data\images\train\187003.jpg,187003.jpg,.jpg,BSR\BSDS500\data\images\train,train,BSDS500,81737,0.07795,740ef38713b6a0e2efa0cfa67333cf960b904e88587d75e89215fa83c0c4556a,,True
BSR\BSDS500\data\images\train\187029.jpg,187029.jpg,.jpg,BSR\BSDS500\data\images\train,train,BSDS500,55611,0.053035,e65e91083c8ee708181253fc41c8c6d14ddf45ab3f293c72faa98312632e759a,,True
BSR\BSDS500\data\images\train\187039.jpg,187039.jpg,.jpg,BSR\BSDS500\data\images\train,train,BSDS500,89431,0.085288,f707dedd9d4477e9a140f07779afed480ad660233a4a69fb26564ecae8727863,,True
BSR\BSDS500\data\images\train\187071.jpg,187071.jpg,.jpg,BSR\BSDS500\data\images\train,train,BSDS500,77938,0.074327,480d5e90c77fd119c0124de3b03d50217fc508bfcbc6b9415ebf56728120aeab,,True
BSR\BSDS500\data\images\train\187083.jpg,187083.jpg,.jpg,BSR\BSDS500\data\images\train,train,BSDS500,54658,0.052126,3a208757b2191f68cc8643f015dd88075160f0920866e2ec8c078e6f8db42158,,True
BSR\BSDS500\data\images\train\188005.jpg,188005.jpg,.jpg,BSR\BSDS500\data\images\train,train,BSDS500,63535,0.060592,373ef08b1963766234931ce4ebca06840b42dbc6a5a37c1b42a75654618c82ab,,True
BSR\BSDS500\data\images\train\188063.jpg,188063.jpg,.jpg,BSR\BSDS500\data\images\train,train,BSDS500,55370,0.052805,a63954d1f0fc671278dd3f71f1a0d821f78eb04d51c01abd6706a7e03567a388,,True
BSR\BSDS500\data\images\train\188091.jpg,188091.jpg,.jpg,BSR\BSDS500\data\images\train,train,BSDS500,39880,0.038033,c5f55fc1a53d803704fbf2c9d22f5bf4a352816a36936ed3e92192e313c9f183,,True
BSR\BSDS500\data\images\train\189003.jpg,189003.jpg,.jpg,BSR\BSDS500\data\images\train,train,BSDS500,80339,0.076617,1c54dd3ef1530b2ebd9bdede0c6aa6700fbf65c25ea36a3fa0aa48668e6f5b11,,True
BSR\BSDS500\data\images\train\189011.jpg,189011.jpg,.jpg,BSR\BSDS500\data\images\train,train,BSDS500,55274,0.052713,33f96f0bfcb6d4bbb09555789ee73194c7c30f62f2af824b603f8c04ad684452,,True
BSR\BSDS500\data\images\train\196015.jpg,196015.jpg,.jpg,BSR\BSDS500\data\images\train,train,BSDS500,66079,0.063018,40595bda6fb918d106541af67cc8e0426a04c6e5863c407ef2a73374c12e76a9,,True
BSR\BSDS500\data\images\train\198004.jpg,198004.jpg,.jpg,BSR\BSDS500\data\images\train,train,BSDS500,60400,0.057602,a3f266b543e084eb9486bae66a09304bb9b90711819e1e4614f72a1a9eb5fc6b,,True
BSR\BSDS500\data\images\train\198023.jpg,198023.jpg,.jpg,BSR\BSDS500\data\images\train,train,BSDS500,86943,0.082915,70b5b6cdea34366b9007972603ebd3b2e794e69305393f1b6430af93933e0cb4,,True
BSR\BSDS500\data\images\train\198054.jpg,198054.jpg,.jpg,BSR\BSDS500\data\images\train,train,BSDS500,92645,0.088353,99d4493b459f08f64fe5f84e25434409c7611f818b840eb47b1307d0d46f06ee,,True
BSR\BSDS500\data\images\train\20008.jpg,20008.jpg,.jpg,BSR\BSDS500\data\images\train,train,BSDS500,62841,0.05993,a051d50a0ad0680cd89fdd3e7aeed911ee53de62dce312f9e76334bf7389f8db,,True
BSR\BSDS500\data\images\train\202012.jpg,202012.jpg,.jpg,BSR\BSDS500\data\images\train,train,BSDS500,113373,0.108121,3ccc19af8ce606272d83533ed97e29743ef07c8087f95798ab01ec9706631357,,True
BSR\BSDS500\data\images\train\207056.jpg,207056.jpg,.jpg,BSR\BSDS500\data\images\train,train,BSDS500,73195,0.069804,7658f456c08f06af0c435fceac05d154278239ca3f6841ea2c633c6a2c8c4d62,,True
BSR\BSDS500\data\images\train\209070.jpg,209070.jpg,.jpg,BSR\BSDS500\data\images\train,train,BSDS500,67297,0.064179,c56032950e50ccebca38ebe3a1545b7c9a374d069d03083fa35cbd490d4e9aa2,,True
BSR\BSDS500\data\images\train\2092.jpg,2092.jpg,.jpg,BSR\BSDS500\data\images\train,train,BSDS500,54208,0.051697,274503ed987a029f7e128487ea1f657f563ee68e1bd3fb1f691e218a9aea054d,,True
BSR\BSDS500\data\images\train\216041.jpg,216041.jpg,.jpg,BSR\BSDS500\data\images\train,train,BSDS500,76751,0.073195,7e55b55f1db1dab5c1f3aaf34d7ea6c88fa16da189d58dacf4fb41bab093f262,,True
BSR\BSDS500\data\images\train\216053.jpg,216053.jpg,.jpg,BSR\BSDS500\data\images\train,train,BSDS500,71300,0.067997,f77bad9b7ab42da16c49fb478ae3ac533d6b22b283d4ae389a448e3858915e47,,True
BSR\BSDS500\data\images\train\216066.jpg,216066.jpg,.jpg,BSR\BSDS500\data\images\train,train,BSDS500,82264,0.078453,504ca6b60e5f2159b01b47c769953e4540a6eedcf9412760a591b7366e339d04,,True
BSR\BSDS500\data\images\train\22013.jpg,22013.jpg,.jpg,BSR\BSDS500\data\images\train,train,BSDS500,70845,0.067563,1630638a74906aafc9aa3d7e21492b8c1ccf8f8faa29dbe349f3200f706ec547,,True
BSR\BSDS500\data\images\train\22090.jpg,22090.jpg,.jpg,BSR\BSDS500\data\images\train,train,BSDS500,52722,0.05028,0d2571b84f29236b5baaa75c917f151876c3d77746796225ec2d6b92d699abe7,,True
BSR\BSDS500\data\images\train\22093.jpg,22093.jpg,.jpg,BSR\BSDS500\data\images\train,train,BSDS500,76904,0.073341,924d70d1149bfd889b21baf09c7eca6c85068b70b86128f02ea5912028e9b796,,True
BSR\BSDS500\data\images\train\225017.jpg,225017.jpg,.jpg,BSR\BSDS500\data\images\train,train,BSDS500,84430,0.080519,976e768d57a080a70fb8f5b9294614cb20f9fb87d62e627f79e90e7b4f0cb8f2,,True
BSR\BSDS500\data\images\train\227040.jpg,227040.jpg,.jpg,BSR\BSDS500\data\images\train,train,BSDS500,55941,0.053349,076c53879666e97155d5ecb7538aaaf196c944f798ac91cb92e563b97dda1b5a,,True
BSR\BSDS500\data\images\train\227046.jpg,227046.jpg,.jpg,BSR\BSDS500\data\images\train,train,BSDS500,73561,0.070153,5dbeff235cce6d52f08a68f74e9362be8e008f01e3d4b87d75ba5526d1496873,,True
BSR\BSDS500\data\images\train\23025.jpg,23025.jpg,.jpg,BSR\BSDS500\data\images\train,train,BSDS500,65137,0.062119,5603852f1c983746485bdf459c83961a9b208d540b838697a863056a9d3446d5,,True
BSR\BSDS500\data\images\train\23080.jpg,23080.jpg,.jpg,BSR\BSDS500\data\images\train,train,BSDS500,69077,0.065877,e167d0c757e60b9d7832e893a84f04c3afd34627d5d3c3a68b5605161e44d6e7,,True
BSR\BSDS500\data\images\train\23084.jpg,23084.jpg,.jpg,BSR\BSDS500\data\images\train,train,BSDS500,71374,0.068068,17f5011826155d9a424a66b0a7c176e4f3cbec01a70b1b3bb9c3a21ac13cf99a,,True
BSR\BSDS500\data\images\train\231015.jpg,231015.jpg,.jpg,BSR\BSDS500\data\images\train,train,BSDS500,97220,0.092716,52f766c478c17ca494ae55677b1d77b448d31119c9935b8a2523e04083b9a08e,,True
BSR\BSDS500\data\images\train\232038.jpg,232038.jpg,.jpg,BSR\BSDS500\data\images\train,train,BSDS500,68355,0.065188,cd8761daf9f64337f01119777b26ffb975ec113da6d0e1b22608700f675e2445,,True
BSR\BSDS500\data\images\train\236017.jpg,236017.jpg,.jpg,BSR\BSDS500\data\images\train,train,BSDS500,88244,0.084156,2122231b75ce09ef22471aefe8a94ff595ca6cd048dadb3174fb6535c8241a38,,True
BSR\BSDS500\data\images\train\238011.jpg,238011.jpg,.jpg,BSR\BSDS500\data\images\train,train,BSDS500,33297,0.031754,5434d6bd1f0077fefdd629f87eb58384f8c03f92e5fdce648db7dbdc216dd599,,True
BSR\BSDS500\data\images\train\239007.jpg,239007.jpg,.jpg,BSR\BSDS500\data\images\train,train,BSDS500,75917,0.0724,d30c8fe68aa274ec3a0c0a98c0c62419013033faa4f0ba46b4bdab8fb3c2e2a9,,True
BSR\BSDS500\data\images\train\239096.jpg,239096.jpg,.jpg,BSR\BSDS500\data\images\train,train,BSDS500,58612,0.055897,d8cc6eba60e3ad80bcd1932a7506b524813c1217a678bfd5b5a275b21cf62e66,,True
BSR\BSDS500\data\images\train\24004.jpg,24004.jpg,.jpg,BSR\BSDS500\data\images\train,train,BSDS500,77723,0.074122,2d4ccde85f753a82f67c9261204c6b6333ab8484504cf433d4383382c87ebb87,,True
BSR\BSDS500\data\images\train\24063.jpg,24063.jpg,.jpg,BSR\BSDS500\data\images\train,train,BSDS500,39120,0.037308,545d3a0f4cbe1fb6b7897ef3cae6a9fcaa681e39616ad73f4e4e99ba95d1a6fb,,True
BSR\BSDS500\data\images\train\242078.jpg,242078.jpg,.jpg,BSR\BSDS500\data\images\train,train,BSDS500,83046,0.079199,433f30806efec69645d37561043e88b46a8500d5a6e508acaf08d3df28c8ed0a,,True
BSR\BSDS500\data\images\train\245051.jpg,245051.jpg,.jpg,BSR\BSDS500\data\images\train,train,BSDS500,65817,0.062768,cfa804a708b2b742a3edfdf5bffc5038ad8882b999a2eb25275e142cf805f842,,True
BSR\BSDS500\data\images\train\246016.jpg,246016.jpg,.jpg,BSR\BSDS500\data\images\train,train,BSDS500,54069,0.051564,f0d4c02752e0883e838911cef69b2a579a5e47776a373d32a135089a999f7480,,True
BSR\BSDS500\data\images\train\246053.jpg,246053.jpg,.jpg,BSR\BSDS500\data\images\train,train,BSDS500,45026,0.04294,111118f64a172e9c67d14da0a5a7a41878ea29d804db0b14a12c03f344b0c678,,True
BSR\BSDS500\data\images\train\247085.jpg,247085.jpg,.jpg,BSR\BSDS500\data\images\train,train,BSDS500,69123,0.065921,0bab7ce141b0b2094685f0a10fa671796f7e18f36c28022fe701f019735aa200,,True
BSR\BSDS500\data\images\train\249061.jpg,249061.jpg,.jpg,BSR\BSDS500\data\images\train,train,BSDS500,59735,0.056968,4e7e2815c209ff5a736590464a99bd3ad2cb1ffe6ee75c855973e67e276e0f1e,,True
BSR\BSDS500\data\images\train\249087.jpg,249087.jpg,.jpg,BSR\BSDS500\data\images\train,train,BSDS500,86295,0.082297,3da8ba0bac946efde6840c5d7bf787cafa4bd198eefb408105270114616e878f,,True
BSR\BSDS500\data\images\train\25098.jpg,25098.jpg,.jpg,BSR\BSDS500\data\images\train,train,BSDS500,80148,0.076435,4cf953fb3cc6bbb9089483a8bcdc3fb956b3ea9aeb444673f5ab4703fe25705a,,True
BSR\BSDS500\data\images\train\253036.jpg,253036.jpg,.jpg,BSR\BSDS500\data\images\train,train,BSDS500,42387,0.040423,7a54cba62c89a3e4042c000d9f9333f940e5f7c88e18a11e88a6ea5cf771796a,,True
BSR\BSDS500\data\images\train\254033.jpg,254033.jpg,.jpg,BSR\BSDS500\data\images\train,train,BSDS500,92759,0.088462,62dba2a03d58e1fee456829ae170019c4dddf57c4ab0b855453d0fd127f64033,,True
BSR\BSDS500\data\images\train\254054.jpg,254054.jpg,.jpg,BSR\BSDS500\data\images\train,train,BSDS500,100361,0.095712,d92db03f3a55c6d7e13decc2977ad970935691a19b843ab9e0564d749aea2109,,True
BSR\BSDS500\data\images\train\260081.jpg,260081.jpg,.jpg,BSR\BSDS500\data\images\train,train,BSDS500,75732,0.072224,7118955b0c6d988e86907d5334385963af3c48440c7ad1bb6185a2359f6598c0,,True
BSR\BSDS500\data\images\train\26031.jpg,26031.jpg,.jpg,BSR\BSDS500\data\images\train,train,BSDS500,107129,0.102166,fba6d84e560eb3eed75ad615db4fdc3046d7c7f19d8f8c3bf027fca204abb9e3,,True
BSR\BSDS500\data\images\train\268002.jpg,268002.jpg,.jpg,BSR\BSDS500\data\images\train,train,BSDS500,61826,0.058962,9ad84bc002d93644d2e6304a50abcf4997ed84136d17d8e074e33e1488a88f21,,True
BSR\BSDS500\data\images\train\27059.jpg,27059.jpg,.jpg,BSR\BSDS500\data\images\train,train,BSDS500,72530,0.06917,b2ad41923ca24fbe04b6b291dc8d1ed99eb79ad9060f93d99b4c715ac4684b91,,True
BSR\BSDS500\data\images\train\271008.jpg,271008.jpg,.jpg,BSR\BSDS500\data\images\train,train,BSDS500,69413,0.066197,51810e553db1d021984d797753285f6dded11db5919a55a131a196d988228450,,True
BSR\BSDS500\data\images\train\271031.jpg,271031.jpg,.jpg,BSR\BSDS500\data\images\train,train,BSDS500,37010,0.035295,49a045a1d2711c4dcd9ffe6f83a56b8c11d7308ab88fedceaf735e4d290457bd,,True
BSR\BSDS500\data\images\train\274007.jpg,274007.jpg,.jpg,BSR\BSDS500\data\images\train,train,BSDS500,99691,0.095073,c71cd2933b7f209292d204ab1da52e9d707f9115789f08a553b0a62712ba29f9,,True
BSR\BSDS500\data\images\train\277095.jpg,277095.jpg,.jpg,BSR\BSDS500\data\images\train,train,BSDS500,86137,0.082147,f6fe046b7f597c565443429dbc3d51d8239023038438b2fde68010316ed40ed0,,True
BSR\BSDS500\data\images\train\28075.jpg,28075.jpg,.jpg,BSR\BSDS500\data\images\train,train,BSDS500,86305,0.082307,ffd87260a8e593287b3c35151b39d8861ba2a80d3b69ef5a0f6f9d089be5ab0d,,True
BSR\BSDS500\data\images\train\28096.jpg,28096.jpg,.jpg,BSR\BSDS500\data\images\train,train,BSDS500,71084,0.067791,6bdb764890d0fc3d59ddd6419ee93188c0a5397cf14b94ca825ce25fc5299f7e,,True
BSR\BSDS500\data\images\train\285036.jpg,285036.jpg,.jpg,BSR\BSDS500\data\images\train,train,BSDS500,56346,0.053736,bad41816602b3d7aba1497f746bd3a851911ca1275814b8d13d9376b5c4810cb,,True
BSR\BSDS500\data\images\train\286092.jpg,286092.jpg,.jpg,BSR\BSDS500\data\images\train,train,BSDS500,62250,0.059366,232614953c26018ca9f1038acf1c58912672be9960f433f35aff53111537ca1b,,True
BSR\BSDS500\data\images\train\292066.jpg,292066.jpg,.jpg,BSR\BSDS500\data\images\train,train,BSDS500,80733,0.076993,8c810fe5667d2323067808678e7d1315e3e6d3ed6d6259516c55d4458a0a1373,,True
BSR\BSDS500\data\images\train\293029.jpg,293029.jpg,.jpg,BSR\BSDS500\data\images\train,train,BSDS500,84216,0.080315,463c7966c89174d26afb6a19bb6a78a206b96dc622ace8837b6bb3abfa0eaf8a,,True
BSR\BSDS500\data\images\train\299091.jpg,299091.jpg,.jpg,BSR\BSDS500\data\images\train,train,BSDS500,46971,0.044795,97c5eddecfc1fd3678300f73c094ce4292d66fb659957e960f9afb79b8e0db9e,,True
BSR\BSDS500\data\images\train\301007.jpg,301007.jpg,.jpg,BSR\BSDS500\data\images\train,train,BSDS500,82056,0.078255,adfe1661c7be8537f7c29cbb5832603fc685442146d161fb7a69b0836a339acf,,True
BSR\BSDS500\data\images\train\302003.jpg,302003.jpg,.jpg,BSR\BSDS500\data\images\train,train,BSDS500,59611,0.056849,a80e9a11541b6b93e21ef1d9b21e2434d3d2b729307a5ac86b1a02e066bc52b4,,True
BSR\BSDS500\data\images\train\309004.jpg,309004.jpg,.jpg,BSR\BSDS500\data\images\train,train,BSDS500,116317,0.110929,6f12849beaa81204d9e2d9af32f78d6d95d09ca5036c61cd9216675dd8d48f14,,True
BSR\BSDS500\data\images\train\310007.jpg,310007.jpg,.jpg,BSR\BSDS500\data\images\train,train,BSDS500,70068,0.066822,17e8a7650be55c9ca9393a613b95d13ab329ae80571b1a096bb7e72a24e46b88,,True
BSR\BSDS500\data\images\train\311068.jpg,311068.jpg,.jpg,BSR\BSDS500\data\images\train,train,BSDS500,93391,0.089065,3146e0e94f979e2c0cd7bd50b694134734f54380bac9325ae24cfbfefd8d928f,,True
BSR\BSDS500\data\images\train\311081.jpg,311081.jpg,.jpg,BSR\BSDS500\data\images\train,train,BSDS500,107769,0.102777,c0e14ae2bd9800fe2ea8470eb45a6001aacf85ca884eda65371e6ee21d8ec608,,True
BSR\BSDS500\data\images\train\314016.jpg,314016.jpg,.jpg,BSR\BSDS500\data\images\train,train,BSDS500,72554,0.069193,d6c0b2e35420643aa21a16a3a7b480a525d8b7bc7f0ba1f13ba4f10f5d3c280e,,True
BSR\BSDS500\data\images\train\317080.jpg,317080.jpg,.jpg,BSR\BSDS500\data\images\train,train,BSDS500,65051,0.062037,5ff96228e4bb947da0901f617c4492d6ecadef81729fee603e8c0fbda142f716,,True
BSR\BSDS500\data\images\train\323016.jpg,323016.jpg,.jpg,BSR\BSDS500\data\images\train,train,BSDS500,65995,0.062938,5ab43672021c622a34fa85931a6f63d10e2c93b297e5c0dd894d3ea25148a42d,,True
BSR\BSDS500\data\images\train\326038.jpg,326038.jpg,.jpg,BSR\BSDS500\data\images\train,train,BSDS500,109153,0.104096,b63ecef521773f1c7b773b562422acf66aaf3f5fb14d38b6a320746bbd40d054,,True
BSR\BSDS500\data\images\train\33066.jpg,33066.jpg,.jpg,BSR\BSDS500\data\images\train,train,BSDS500,78538,0.0749,3518a4a6a931578a21fa41603a5f22d39004136a0b6c3a66c951285a6b10ad63,,True
BSR\BSDS500\data\images\train\35008.jpg,35008.jpg,.jpg,BSR\BSDS500\data\images\train,train,BSDS500,43246,0.041243,c96d0152195351dee60a3bbb1f7e719eb5d977f5d760a778ee7decda2a7f79dd,,True
BSR\BSDS500\data\images\train\35010.jpg,35010.jpg,.jpg,BSR\BSDS500\data\images\train,train,BSDS500,82640,0.078812,1aec271e4b952acee3f5414899633f7d377ac054c7da57bcaa455ae30e40276f,,True
BSR\BSDS500\data\images\train\35058.jpg,35058.jpg,.jpg,BSR\BSDS500\data\images\train,train,BSDS500,43382,0.041372,2cc200475b427bad74a7f58a7f031e320ab14a86affc7a3873301aa78402534a,,True
BSR\BSDS500\data\images\train\35070.jpg,35070.jpg,.jpg,BSR\BSDS500\data\images\train,train,BSDS500,45550,0.04344,2451a585fc1817d732c81bd73b14a7614e2a1da7f647e288126a9a76b61df5e6,,True
BSR\BSDS500\data\images\train\35091.jpg,35091.jpg,.jpg,BSR\BSDS500\data\images\train,train,BSDS500,98551,0.093986,391d904c55e8d1161d6096edb6b0507f9621801fc630ff186259be846d939d52,,True
BSR\BSDS500\data\images\train\353013.jpg,353013.jpg,.jpg,BSR\BSDS500\data\images\train,train,BSDS500,67699,0.064563,8b7696a58f1228ac42e8eb5b9ac0af9f100ea4b7eadb0cf66602d878002814f4,,True
BSR\BSDS500\data\images\train\361084.jpg,361084.jpg,.jpg,BSR\BSDS500\data\images\train,train,BSDS500,84327,0.08042,f080e7868d5ea74b31076e2a9a268c056fd73f6830ec1f4c4eb8814e4070fad7,,True
BSR\BSDS500\data\images\train\365025.jpg,365025.jpg,.jpg,BSR\BSDS500\data\images\train,train,BSDS500,60793,0.057977,2e1c5061a9565ded28b65ab0b80b382baa5a0fb586ed0b23809b475e672938f6,,True
BSR\BSDS500\data\images\train\365073.jpg,365073.jpg,.jpg,BSR\BSDS500\data\images\train,train,BSDS500,123972,0.118229,139268398b47476ae6e645527e9837d57cefe69f000ad23def31ddef1542d9dd,,True
BSR\BSDS500\data\images\train\368016.jpg,368016.jpg,.jpg,BSR\BSDS500\data\images\train,train,BSDS500,76946,0.073381,f3a61a291a3f47a3dd3e495f334ba0a4f5876d9b355dcaf3c35564d2c158ead4,,True
BSR\BSDS500\data\images\train\368078.jpg,368078.jpg,.jpg,BSR\BSDS500\data\images\train,train,BSDS500,80072,0.076363,8b38267196f7b7f608c2eb1db535075d6e5d3b8df9e6180db6ad8bcbd30a8561,,True
BSR\BSDS500\data\images\train\370036.jpg,370036.jpg,.jpg,BSR\BSDS500\data\images\train,train,BSDS500,72239,0.068892,aefde573f8a7e4396ad40682697200e9083ec586e6ab166f46d62920d638dd6e,,True
BSR\BSDS500\data\images\train\372047.jpg,372047.jpg,.jpg,BSR\BSDS500\data\images\train,train,BSDS500,77750,0.074148,eb4314d3803bba3cd57cdd2be72c7dbe521045579f09fc25a5913752c88753f9,,True
BSR\BSDS500\data\images\train\374020.jpg,374020.jpg,.jpg,BSR\BSDS500\data\images\train,train,BSDS500,71608,0.068291,c4bf625ad708d23f951b3efb0550612098b89ed485d5e076a6ecb441327a5790,,True
BSR\BSDS500\data\images\train\374067.jpg,374067.jpg,.jpg,BSR\BSDS500\data\images\train,train,BSDS500,64260,0.061283,1c4ef7ec171169ecabbd23ce3ba06bcd6978efe69e98bd6ec361b6bbff3d8bb3,,True
BSR\BSDS500\data\images\train\376001.jpg,376001.jpg,.jpg,BSR\BSDS500\data\images\train,train,BSDS500,94238,0.089872,c91f6ed09df383dd0ac8471d63d93fab4cd6a1a58a8dd6c2dbe0a2bb8b55d14a,,True
BSR\BSDS500\data\images\train\376020.jpg,376020.jpg,.jpg,BSR\BSDS500\data\images\train,train,BSDS500,85165,0.08122,51746eda824648e30e297aa60f8cfedc416a0c12b75fdabe09f76c710bd40864,,True
BSR\BSDS500\data\images\train\385028.jpg,385028.jpg,.jpg,BSR\BSDS500\data\images\train,train,BSDS500,84296,0.080391,f77f509acec929bbedf9f641febc8cc57ba5db26677606357af94837a5218b86,,True
BSR\BSDS500\data\images\train\388016.jpg,388016.jpg,.jpg,BSR\BSDS500\data\images\train,train,BSDS500,82833,0.078996,0cd67065b3ece3c4b88cd4abbd1c49b8b9aa4cd94d848b54533310d15142b680,,True
BSR\BSDS500\data\images\train\41004.jpg,41004.jpg,.jpg,BSR\BSDS500\data\images\train,train,BSDS500,47548,0.045345,18ab4ca2c20426fad316757ea6ab3b260fa6ea37ccff518cd4a7cc329091991b,,True
BSR\BSDS500\data\images\train\41025.jpg,41025.jpg,.jpg,BSR\BSDS500\data\images\train,train,BSDS500,92680,0.088387,f251407ef9a59235329e84c4d37cdf730fcd1dd431eeafe60585d9af4e8ba789,,True
BSR\BSDS500\data\images\train\42044.jpg,42044.jpg,.jpg,BSR\BSDS500\data\images\train,train,BSDS500,51644,0.049252,a8ef1539007cfeda438d7c20cd4e009c5ca5e31fbdbd73dd40683897361222b8,,True
BSR\BSDS500\data\images\train\42078.jpg,42078.jpg,.jpg,BSR\BSDS500\data\images\train,train,BSDS500,38986,0.03718,8581db9f492bf49c7c4ccd3afa51d5af4bd9f2584f1478aaba76072a8cb2cd9f,,True
BSR\BSDS500\data\images\train\43070.jpg,43070.jpg,.jpg,BSR\BSDS500\data\images\train,train,BSDS500,55916,0.053326,b1530a4865876dc03e202d63e8c7f53e6005e951858d1971f222d3fce4ad2574,,True
BSR\BSDS500\data\images\train\43083.jpg,43083.jpg,.jpg,BSR\BSDS500\data\images\train,train,BSDS500,70067,0.066821,f84b16dc078d7ec78712be49223bbde0378a85d7546980e00849bf717721c7bd,,True
BSR\BSDS500\data\images\train\45077.jpg,45077.jpg,.jpg,BSR\BSDS500\data\images\train,train,BSDS500,84287,0.080382,be1cc8eccd4d479e7c7af652b445813caba0078fa53214ef8b29daef2040fbe2,,True
BSR\BSDS500\data\images\train\46076.jpg,46076.jpg,.jpg,BSR\BSDS500\data\images\train,train,BSDS500,60054,0.057272,0dd7dd057a991aba7b44e809a3d03aaf75c8ab889f8b56c5cd1eb1493246f0f8,,True
BSR\BSDS500\data\images\train\48055.jpg,48055.jpg,.jpg,BSR\BSDS500\data\images\train,train,BSDS500,76651,0.0731,2dbf3f3f6203be60b47f17f33553bb855de73b065cc309b718d7a4289320dc61,,True
BSR\BSDS500\data\images\train\54005.jpg,54005.jpg,.jpg,BSR\BSDS500\data\images\train,train,BSDS500,91356,0.087124,dd779e6b4a42380908dfc22423edd559ed0fd063420991a6d6b45986d6827d18,,True
BSR\BSDS500\data\images\train\55067.jpg,55067.jpg,.jpg,BSR\BSDS500\data\images\train,train,BSDS500,36855,0.035148,18b06e3e62c990d7a3ff385e7caee567b008c5c92c7073d0d5bae16bcaf963bf,,True
BSR\BSDS500\data\images\train\55075.jpg,55075.jpg,.jpg,BSR\BSDS500\data\images\train,train,BSDS500,70037,0.066792,42a554b3cc0eed83ee5ba8b4a1470cf7318e75dd27fc6ca621411e3ca13d7292,,True
BSR\BSDS500\data\images\train\56028.jpg,56028.jpg,.jpg,BSR\BSDS500\data\images\train,train,BSDS500,95362,0.090944,766ba9a6405c78d0f7114f8b502de63a78c2d1cf5b0fcd437fdd20bb7165e80b,,True
BSR\BSDS500\data\images\train\59078.jpg,59078.jpg,.jpg,BSR\BSDS500\data\images\train,train,BSDS500,63162,0.060236,0c17430f9e2250cf5a60e10cb65079cf8df3dad8881a2e7bb5a23e24bf0803e4,,True
BSR\BSDS500\data\images\train\60079.jpg,60079.jpg,.jpg,BSR\BSDS500\data\images\train,train,BSDS500,33678,0.032118,112c3f4f07287535a093ba931e49ee972fef1ceccb02df25bd1390b4a47113cc,,True
BSR\BSDS500\data\images\train\61060.jpg,61060.jpg,.jpg,BSR\BSDS500\data\images\train,train,BSDS500,75578,0.072077,25c41d4456ad719d6fe6397e65bcfffa9a75d21e50a7866169e7ffdcff245ae4,,True
BSR\BSDS500\data\images\train\61086.jpg,61086.jpg,.jpg,BSR\BSDS500\data\images\train,train,BSDS500,96920,0.09243,e35da38a9202415a56cb5eeb4ce33cd83f39035a4098193881072f85968cf7e6,,True
BSR\BSDS500\data\images\train\65010.jpg,65010.jpg,.jpg,BSR\BSDS500\data\images\train,train,BSDS500,76723,0.073169,a9fd6ca16e5240c9db1cd435ed42cdabddaa3fb7a7e229a71a3fef8efa75b378,,True
BSR\BSDS500\data\images\train\65019.jpg,65019.jpg,.jpg,BSR\BSDS500\data\images\train,train,BSDS500,74234,0.070795,f5c2174b99323b9471090ae16efddb50937430d122225502bdebee0db29bcaa6,,True
BSR\BSDS500\data\images\train\65074.jpg,65074.jpg,.jpg,BSR\BSDS500\data\images\train,train,BSDS500,68954,0.06576,30b3d41657fe2f12937a21b55ef12f4353b790081d974462b809177332331b64,,True
BSR\BSDS500\data\images\train\65132.jpg,65132.jpg,.jpg,BSR\BSDS500\data\images\train,train,BSDS500,83006,0.079161,f2f34b87c0425d5392ebbd6aba9761cb76b5c2e16609a7a57977519b3184fa28,,True
BSR\BSDS500\data\images\train\66039.jpg,66039.jpg,.jpg,BSR\BSDS500\data\images\train,train,BSDS500,76757,0.073201,6077f1d3c4c03aac7be0851276558ef68b8a73ea94274db74dfdcecdfc7a482f,,True
BSR\BSDS500\data\images\train\66075.jpg,66075.jpg,.jpg,BSR\BSDS500\data\images\train,train,BSDS500,43381,0.041371,cc01e01f2610d83a999569acd34cccc61698fef2ec06b0ee839282c52e57fb37,,True
BSR\BSDS500\data\images\train\67079.jpg,67079.jpg,.jpg,BSR\BSDS500\data\images\train,train,BSDS500,74424,0.070976,37f4f4ae413fd239e5b4c504b62fc970450d47527b7048b2ea88720391f97d8d,,True
BSR\BSDS500\data\images\train\68077.jpg,68077.jpg,.jpg,BSR\BSDS500\data\images\train,train,BSDS500,69543,0.066321,bc19d03ee0abaf862c05c386fe94a6d72946661a2613932c6b959f50b0d079bc,,True
BSR\BSDS500\data\images\train\71046.jpg,71046.jpg,.jpg,BSR\BSDS500\data\images\train,train,BSDS500,53355,0.050883,046813509539dbe475f389c8afc86e78ab1b661736a2e0ce5ac8f2becb3d305f,,True
BSR\BSDS500\data\images\train\76002.jpg,76002.jpg,.jpg,BSR\BSDS500\data\images\train,train,BSDS500,79014,0.075354,3b6097fcf9468966497876ef6a6717b4fe0f56767053936b718161a8dca75f04,,True
BSR\BSDS500\data\images\train\78019.jpg,78019.jpg,.jpg,BSR\BSDS500\data\images\train,train,BSDS500,86063,0.082076,1436d47bdef4749c71ebdbba473508cfa23e0eee6a01c7eb62c80118a488692c,,True
BSR\BSDS500\data\images\train\80099.jpg,80099.jpg,.jpg,BSR\BSDS500\data\images\train,train,BSDS500,52144,0.049728,e56ed8b4ecb8246ed8096360bcebc13a4489872520d665c39be34915cf51db88,,True
BSR\BSDS500\data\images\train\8049.jpg,8049.jpg,.jpg,BSR\BSDS500\data\images\train,train,BSDS500,59351,0.056602,418ea26f53efd8707399bea46c9a295c7c7e96b05b5b4792af7214649aba249b,,True
BSR\BSDS500\data\images\train\8143.jpg,8143.jpg,.jpg,BSR\BSDS500\data\images\train,train,BSDS500,114270,0.108976,76e88b97c7640c2203a0f61d6739d8590f0c7e89d064d045cb68c65ead634fd9,,True
BSR\BSDS500\data\images\train\87065.jpg,87065.jpg,.jpg,BSR\BSDS500\data\images\train,train,BSDS500,106791,0.101844,0e09f38f2f09e2eee85b9b3ed447a29e6e7b3506f5ac936a2948f4b2e9ce33bb,,True
BSR\BSDS500\data\images\train\90076.jpg,90076.jpg,.jpg,BSR\BSDS500\data\images\train,train,BSDS500,52672,0.050232,bd9f9463f273b26cbd0a39e653e13a48f3884c41db03ce7fadd75313e6479230,,True
BSR\BSDS500\data\images\train\92059.jpg,92059.jpg,.jpg,BSR\BSDS500\data\images\train,train,BSDS500,80156,0.076443,71cf42a1550c534cefb59fe712635ab25682b2239300bb53983f16cb81e0ed3b,,True
BSR\BSDS500\data\images\train\94079.jpg,94079.jpg,.jpg,BSR\BSDS500\data\images\train,train,BSDS500,90521,0.086328,37c4fe1f79704719bb93b8c1c1f95ea5d3feea8b39779ad9f2ac4fca1ad8a145,,True
BSR\BSDS500\data\images\train\95006.jpg,95006.jpg,.jpg,BSR\BSDS500\data\images\train,train,BSDS500,103745,0.098939,78201312e9625758f755002e2f62bb45fede72a0623d4511baaf69dd80952b65,,True
BSR\BSDS500\data\images\train\97017.jpg,97017.jpg,.jpg,BSR\BSDS500\data\images\train,train,BSDS500,61708,0.058849,14af2c9a1e7711930840fc502b89b3c46416c894c48a0e1bb271a23d35b7d160,,True
BSR\BSDS500\data\images\train\Thumbs.db,Thumbs.db,.db,BSR\BSDS500\data\images\train,train,BSDS500,7680,0.007324,6f71e897517dfd4b79e2743fdac1127cf9a8a17b3ee4f8514aaca760d1e030a6,,False
BSR\BSDS500\data\images\val\101085.jpg,101085.jpg,.jpg,BSR\BSDS500\data\images\val,val,BSDS500,102655,0.097899,dbefbd4ae3749913ee9fffcdb663bea87ab6634dc8b989422f741243bdbedc8a,,True
BSR\BSDS500\data\images\val\101087.jpg,101087.jpg,.jpg,BSR\BSDS500\data\images\val,val,BSDS500,57725,0.055051,d755a74144410290cff5e214bb7cbf352a8cb920d45fac3d992b9772ad92a017,,True
BSR\BSDS500\data\images\val\102061.jpg,102061.jpg,.jpg,BSR\BSDS500\data\images\val,val,BSDS500,64008,0.061043,35ce0a9baaebae00c19f6abccd1d7b3ecd8f1c62003e178610b2179c082f0a8e,,True
BSR\BSDS500\data\images\val\103070.jpg,103070.jpg,.jpg,BSR\BSDS500\data\images\val,val,BSDS500,59240,0.056496,6d1d9e564b5459e969f65470ff03aa3104af779e93c93ca434ad546477e27261,,True
BSR\BSDS500\data\images\val\105025.jpg,105025.jpg,.jpg,BSR\BSDS500\data\images\val,val,BSDS500,79928,0.076225,6678e84e923e5c1b085afe43ae2fc3735f7f424e02eaefe50a64405f76b9b51b,,True
BSR\BSDS500\data\images\val\106024.jpg,106024.jpg,.jpg,BSR\BSDS500\data\images\val,val,BSDS500,47544,0.045341,ea31189313c34be7b7a48b7cd776c17f3afb5585de37a6e740a638320fa9847d,,True
BSR\BSDS500\data\images\val\108005.jpg,108005.jpg,.jpg,BSR\BSDS500\data\images\val,val,BSDS500,81296,0.07753,e0210b50350e928e35f048fe4b8ea54e58200c58ae3bb5ff619b2074b38fac01,,True
BSR\BSDS500\data\images\val\108070.jpg,108070.jpg,.jpg,BSR\BSDS500\data\images\val,val,BSDS500,98883,0.094302,6a5d0dd5e9e0a14f680b1c8225b151268c40a41935add1c91483575fd5db51cb,,True
BSR\BSDS500\data\images\val\108082.jpg,108082.jpg,.jpg,BSR\BSDS500\data\images\val,val,BSDS500,70106,0.066858,389d781d17c9809aeec1f609a324725aa694aea668036bc17f79176a729f7071,,True
BSR\BSDS500\data\images\val\109053.jpg,109053.jpg,.jpg,BSR\BSDS500\data\images\val,val,BSDS500,66196,0.063129,91819e7ece60560b5f37398dacd12fc1ac41d095f3454bee965645781599a968,,True
BSR\BSDS500\data\images\val\119082.jpg,119082.jpg,.jpg,BSR\BSDS500\data\images\val,val,BSDS500,78023,0.074409,8cf5ce02395627b797b3da7a3845bcb0da14d66942d422a1c898372b67536d4c,,True
BSR\BSDS500\data\images\val\12084.jpg,12084.jpg,.jpg,BSR\BSDS500\data\images\val,val,BSDS500,91272,0.087044,937a95df6a3ded078400451ac163cac6ec20f0ca912c741ae7427d6fca84175d,,True
BSR\BSDS500\data\images\val\123074.jpg,123074.jpg,.jpg,BSR\BSDS500\data\images\val,val,BSDS500,66748,0.063656,f47e336f7f3c4da54d5d95b6217e4381ea62a8ff12d061f39da48539794aa82a,,True
BSR\BSDS500\data\images\val\126007.jpg,126007.jpg,.jpg,BSR\BSDS500\data\images\val,val,BSDS500,61164,0.058331,4a61a754b422680d24a148430cab10c3bb548aeee3f51ae8dc39cd783ef854ad,,True
BSR\BSDS500\data\images\val\130026.jpg,130026.jpg,.jpg,BSR\BSDS500\data\images\val,val,BSDS500,86102,0.082113,ab2865a5f0e54ad3a1b2f911b701560b1537e9c4ced6064d9759d33be0906761,,True
BSR\BSDS500\data\images\val\134035.jpg,134035.jpg,.jpg,BSR\BSDS500\data\images\val,val,BSDS500,88763,0.084651,fe71f4eed285623dc41b1be0d767f7223fe496a979ac16b264c47649655e1e7c,,True
BSR\BSDS500\data\images\val\14037.jpg,14037.jpg,.jpg,BSR\BSDS500\data\images\val,val,BSDS500,46483,0.04433,5cbff02cd015ece351725d5f89a880d6a70f71f383b412c81071c66546ce5076,,True
BSR\BSDS500\data\images\val\143090.jpg,143090.jpg,.jpg,BSR\BSDS500\data\images\val,val,BSDS500,46374,0.044226,b080362885015372c4d808000009820d044e21de1ea39f89b02307bfc73a0beb,,True
BSR\BSDS500\data\images\val\145086.jpg,145086.jpg,.jpg,BSR\BSDS500\data\images\val,val,BSDS500,78240,0.074615,ea31167eece902040a4dfc2e50e1a6112a6888c19566aa93ba698ec754f6e815,,True
BSR\BSDS500\data\images\val\147091.jpg,147091.jpg,.jpg,BSR\BSDS500\data\images\val,val,BSDS500,74269,0.070828,208f65955ad60894070a3b768ea7f241c87a3919cfc00ecae9ecf2c51220c791,,True
BSR\BSDS500\data\images\val\148026.jpg,148026.jpg,.jpg,BSR\BSDS500\data\images\val,val,BSDS500,104836,0.099979,270c2f11ddb596713ebdcbec5c69031a6df97f18cc9d8c5b26cf96a3ef74102c,,True
BSR\BSDS500\data\images\val\148089.jpg,148089.jpg,.jpg,BSR\BSDS500\data\images\val,val,BSDS500,96491,0.092021,d48e9934d24f6c96fcefa9db9b821a4803529786f50a088c78420454f597006f,,True
BSR\BSDS500\data\images\val\156065.jpg,156065.jpg,.jpg,BSR\BSDS500\data\images\val,val,BSDS500,94631,0.090247,2328df0f0f479e98fe313142bdc9d6463937e0ab6e7811f0b2ffb79329e946e2,,True
BSR\BSDS500\data\images\val\157055.jpg,157055.jpg,.jpg,BSR\BSDS500\data\images\val,val,BSDS500,75175,0.071692,65d2f1fa2847bf9b0207318e880b0dedae82793f5c3ab59b01ff72b2de686062,,True
BSR\BSDS500\data\images\val\159008.jpg,159008.jpg,.jpg,BSR\BSDS500\data\images\val,val,BSDS500,78438,0.074804,ce52eb682bc3686ba6907fa7fde3ea8a7f87b105aecfe43b93992ef3c9bad6f2,,True
BSR\BSDS500\data\images\val\160068.jpg,160068.jpg,.jpg,BSR\BSDS500\data\images\val,val,BSDS500,58975,0.056243,c757c98def260243a45eb6092d9be75efe77810451d2954e17acc495bb876d6a,,True
BSR\BSDS500\data\images\val\16077.jpg,16077.jpg,.jpg,BSR\BSDS500\data\images\val,val,BSDS500,81508,0.077732,19d4d8a03773c9b65f4e4cfed7b0f5674ebe07a9cc4800de554f0c30556c85ec,,True
BSR\BSDS500\data\images\val\163085.jpg,163085.jpg,.jpg,BSR\BSDS500\data\images\val,val,BSDS500,66207,0.06314,3886bc975ea9321e3a26536a95a441aeef14af3a5c3313872af23a0d76d55ac6,,True
BSR\BSDS500\data\images\val\167062.jpg,167062.jpg,.jpg,BSR\BSDS500\data\images\val,val,BSDS500,43691,0.041667,120d3b4c9eab16d6dad58004a6ce647a7007ca25a6b98e248a35ed5e70c6d5bf,,True
BSR\BSDS500\data\images\val\167083.jpg,167083.jpg,.jpg,BSR\BSDS500\data\images\val,val,BSDS500,108409,0.103387,0f09dd34a9d48f8650d1912cb4c4d1e90d33dd559223a27985cf6d6eda75ebe1,,True
BSR\BSDS500\data\images\val\170057.jpg,170057.jpg,.jpg,BSR\BSDS500\data\images\val,val,BSDS500,69025,0.065827,a485834fbbc26a08067e0ffef314c2129541d548f9f8dbc0923086c9569ba6c7,,True
BSR\BSDS500\data\images\val\175032.jpg,175032.jpg,.jpg,BSR\BSDS500\data\images\val,val,BSDS500,120999,0.115394,8e7b3faa193f7e6f36ab9b092dd7062b7d01e70ff59fe60123b7eabc951c8740,,True
BSR\BSDS500\data\images\val\175043.jpg,175043.jpg,.jpg,BSR\BSDS500\data\images\val,val,BSDS500,98009,0.093469,be578b68f530951b117c8bd04c5a79d2061da1d9a6c4c20d10ebc30c509eca89,,True
BSR\BSDS500\data\images\val\182053.jpg,182053.jpg,.jpg,BSR\BSDS500\data\images\val,val,BSDS500,72386,0.069033,61ce1ee72993d333bde9191794d63650f21f40cbfb4c630992c3d5e5680b9b65,,True
BSR\BSDS500\data\images\val\189080.jpg,189080.jpg,.jpg,BSR\BSDS500\data\images\val,val,BSDS500,51286,0.04891,c8db7afe744b586a8fd7ebb535fd73dd764e3c3335c34be4a59b162cea941100,,True
BSR\BSDS500\data\images\val\19021.jpg,19021.jpg,.jpg,BSR\BSDS500\data\images\val,val,BSDS500,81849,0.078057,e896602e24ac9c4f043fb67ecbe05d9b98c28a3ecd31c0e4ddc057ec1cca782e,,True
BSR\BSDS500\data\images\val\196073.jpg,196073.jpg,.jpg,BSR\BSDS500\data\images\val,val,BSDS500,81545,0.077767,56367543b34bf798dbe0a721f59cdeffdb67c176e8c75347b5974631b379bbe8,,True
BSR\BSDS500\data\images\val\197017.jpg,197017.jpg,.jpg,BSR\BSDS500\data\images\val,val,BSDS500,74020,0.070591,59e30cd9332aa9331665ccd9c32b4f5738d64747584d989de33ff5220d91733b,,True
BSR\BSDS500\data\images\val\208001.jpg,208001.jpg,.jpg,BSR\BSDS500\data\images\val,val,BSDS500,78959,0.075301,3056ff21b07978dfd9c7043a10b7eb024f5bce1612b15650b6dc8cb52b069800,,True
BSR\BSDS500\data\images\val\210088.jpg,210088.jpg,.jpg,BSR\BSDS500\data\images\val,val,BSDS500,60955,0.058131,a9f75c4315a16c10abadff1fc7f4b409b173ba6326e95e821ef5a41c02639f30,,True
BSR\BSDS500\data\images\val\21077.jpg,21077.jpg,.jpg,BSR\BSDS500\data\images\val,val,BSDS500,75661,0.072156,775c0d915b6a5261790eb99fc62afdec4664f9e3cbc2e2d5e724cc69afee3413,,True
BSR\BSDS500\data\images\val\216081.jpg,216081.jpg,.jpg,BSR\BSDS500\data\images\val,val,BSDS500,84459,0.080546,0a20b477293947433784dd7e0acb42e05364ef2294d49c5480a574a87aafac04,,True
BSR\BSDS500\data\images\val\219090.jpg,219090.jpg,.jpg,BSR\BSDS500\data\images\val,val,BSDS500,66534,0.063452,1f3f81c986fdca765d654d0ad05c6f7d68a0412ee4178bdfa0491558c03d6202,,True
BSR\BSDS500\data\images\val\220075.jpg,220075.jpg,.jpg,BSR\BSDS500\data\images\val,val,BSDS500,68922,0.065729,0fcc3e2e5b34f47858dc58587897d6b849558a38a8b9454ebb54a78236b2d0af,,True
BSR\BSDS500\data\images\val\223061.jpg,223061.jpg,.jpg,BSR\BSDS500\data\images\val,val,BSDS500,82108,0.078304,0246cf68cc5dba8185e0da2d5df04b90bee7b3f2ed85ab106913b929d115c139,,True
BSR\BSDS500\data\images\val\227092.jpg,227092.jpg,.jpg,BSR\BSDS500\data\images\val,val,BSDS500,46049,0.043916,00c00ab0b495598981ff87740e0085d91d8ac4ae39d327ef9b1de774426161cf,,True
BSR\BSDS500\data\images\val\229036.jpg,229036.jpg,.jpg,BSR\BSDS500\data\images\val,val,BSDS500,100079,0.095443,3ed19e58c2c7c2b67d8624ce7a1b1a929daec59e5fc7b4217f966f00853fa9b7,,True
BSR\BSDS500\data\images\val\236037.jpg,236037.jpg,.jpg,BSR\BSDS500\data\images\val,val,BSDS500,93729,0.089387,b2698ff2e33f683f2666fdc786ad46eab070922df51c9026767744722ea06851,,True
BSR\BSDS500\data\images\val\24077.jpg,24077.jpg,.jpg,BSR\BSDS500\data\images\val,val,BSDS500,76548,0.073002,d1a4b952de4b1b130f82675757f40fbe22fd71c4e4eb454ffa0b1d9f89bdec63,,True
BSR\BSDS500\data\images\val\241004.jpg,241004.jpg,.jpg,BSR\BSDS500\data\images\val,val,BSDS500,55975,0.053382,510b533e488a6aff986d3b7560a368ffed4a3fa6fefb7aa010376ef4e06e79b3,,True
BSR\BSDS500\data\images\val\241048.jpg,241048.jpg,.jpg,BSR\BSDS500\data\images\val,val,BSDS500,90429,0.08624,70c5e137c0b102852ae93c5ddf0e315e06297ed009dfe309d54c4cab02074457,,True
BSR\BSDS500\data\images\val\253027.jpg,253027.jpg,.jpg,BSR\BSDS500\data\images\val,val,BSDS500,80141,0.076428,a2936a80c928a0efb8db070a2e46bd6ef4a2f22d33b59db6eb91ca6676faed52,,True
BSR\BSDS500\data\images\val\253055.jpg,253055.jpg,.jpg,BSR\BSDS500\data\images\val,val,BSDS500,53959,0.051459,9e7248e4683233f8c8e61e5c4d342ef199d85ae0329116e46ca155de869d296b,,True
BSR\BSDS500\data\images\val\260058.jpg,260058.jpg,.jpg,BSR\BSDS500\data\images\val,val,BSDS500,59416,0.056664,3ce26289f3f2dadd74052a81f4da2120ee825e8fdcf6014798cfb8a15343bad7,,True
BSR\BSDS500\data\images\val\271035.jpg,271035.jpg,.jpg,BSR\BSDS500\data\images\val,val,BSDS500,77874,0.074266,d01d3266ddb456a47fb382c73862b8d48927e3f000be9587a0aba9aea66bc881,,True
BSR\BSDS500\data\images\val\285079.jpg,285079.jpg,.jpg,BSR\BSDS500\data\images\val,val,BSDS500,92387,0.088107,62c16ed71f166b59340fac19748abca19c613b668296733854fbd8911f5bad4e,,True
BSR\BSDS500\data\images\val\291000.jpg,291000.jpg,.jpg,BSR\BSDS500\data\images\val,val,BSDS500,126011,0.120173,1e3b80ec6631fa47a7357cb67d8e6235ca843839eff7f06e4c283ea7befcfb05,,True
BSR\BSDS500\data\images\val\295087.jpg,295087.jpg,.jpg,BSR\BSDS500\data\images\val,val,BSDS500,75379,0.071887,6f5023c2d062b4078c174f703899cc36a29895608531e7d2d6e2d32997d39d4f,,True
BSR\BSDS500\data\images\val\296007.jpg,296007.jpg,.jpg,BSR\BSDS500\data\images\val,val,BSDS500,61816,0.058952,d271c849ec0aca6a92845c0dff6f18c74e507dc93fc0703be0cb006058ca6458,,True
BSR\BSDS500\data\images\val\296059.jpg,296059.jpg,.jpg,BSR\BSDS500\data\images\val,val,BSDS500,64207,0.061233,9601b534d81275e5e5844198567015105e5feb418e45a0cfa58545e2d472b955,,True
BSR\BSDS500\data\images\val\299086.jpg,299086.jpg,.jpg,BSR\BSDS500\data\images\val,val,BSDS500,59092,0.056355,817939c0da8ad228271a1a1cd87f5a31fe93c741617fb478bb95d9ba3a34d2c2,,True
BSR\BSDS500\data\images\val\300091.jpg,300091.jpg,.jpg,BSR\BSDS500\data\images\val,val,BSDS500,63245,0.060315,543e73769b6040f38f9214b777e255f48697e72b8ad61fb001c84e852e2530d1,,True
BSR\BSDS500\data\images\val\302008.jpg,302008.jpg,.jpg,BSR\BSDS500\data\images\val,val,BSDS500,46424,0.044273,f8935ab579adfe9d1a71282a025bc25a81ec4e7b6b0468fa1d1ec913f6643fe4,,True
BSR\BSDS500\data\images\val\304034.jpg,304034.jpg,.jpg,BSR\BSDS500\data\images\val,val,BSDS500,94784,0.090393,4d529bb81d75bf03f52d969c90cc145a152ea76e878c5833d537df28a62eb7dc,,True
BSR\BSDS500\data\images\val\304074.jpg,304074.jpg,.jpg,BSR\BSDS500\data\images\val,val,BSDS500,94891,0.090495,5f9d7dbb32bc871450ce1384e5fbca5df7cfd5edbafb4464aed140194d41329e,,True
BSR\BSDS500\data\images\val\306005.jpg,306005.jpg,.jpg,BSR\BSDS500\data\images\val,val,BSDS500,74767,0.071303,27d7bee0b32e7a458c982d2009e81ef06111bd5716204ea6522cd4a95cdefea0,,True
BSR\BSDS500\data\images\val\3096.jpg,3096.jpg,.jpg,BSR\BSDS500\data\images\val,val,BSDS500,30773,0.029347,c66477f036b84d478e322c9cc2bd257969d29579549bcf7f35087f2e40d19ff5,,True
BSR\BSDS500\data\images\val\33039.jpg,33039.jpg,.jpg,BSR\BSDS500\data\images\val,val,BSDS500,115454,0.110106,9a54f363c4abc7be52b638724d06ce8cce372e6ebd9e5f48833d73fa1ea2a9ee,,True
BSR\BSDS500\data\images\val\351093.jpg,351093.jpg,.jpg,BSR\BSDS500\data\images\val,val,BSDS500,87813,0.083745,bd51e0dd49e656705534c8c7d55a7c98314330b06b366e9866e7a9965e128ce0,,True
BSR\BSDS500\data\images\val\361010.jpg,361010.jpg,.jpg,BSR\BSDS500\data\images\val,val,BSDS500,70171,0.06692,fe806b64c91cff4d3c4755d84d6e449581ec064be0593d8c7b483e76dcbf7cb1,,True
BSR\BSDS500\data\images\val\37073.jpg,37073.jpg,.jpg,BSR\BSDS500\data\images\val,val,BSDS500,66481,0.063401,16e3f09d490cea1bec87326bc02e0440bdb0f7b530a008ce858784c0c476aaff,,True
BSR\BSDS500\data\images\val\376043.jpg,376043.jpg,.jpg,BSR\BSDS500\data\images\val,val,BSDS500,94569,0.090188,96e30f229df06707d78c518d6d3de2233fb2b06b6245511d2896b67b13b10561,,True
BSR\BSDS500\data\images\val\38082.jpg,38082.jpg,.jpg,BSR\BSDS500\data\images\val,val,BSDS500,90009,0.085839,ebc17d84d39ad6a6c7735079edf295c453d31a5c7892e75eaaa7a3bd9bd2bec0,,True
BSR\BSDS500\data\images\val\38092.jpg,38092.jpg,.jpg,BSR\BSDS500\data\images\val,val,BSDS500,81947,0.078151,3bdf276d8084f31744b5ea5a88296cd929e5ae09f7571c597f687b8b2f100037,,True
BSR\BSDS500\data\images\val\385039.jpg,385039.jpg,.jpg,BSR\BSDS500\data\images\val,val,BSDS500,83554,0.079683,60b0a5d2e60b8cb6871fe0ff3a1a3a5623aadc2284155515aef5da8b4839a9f9,,True
BSR\BSDS500\data\images\val\41033.jpg,41033.jpg,.jpg,BSR\BSDS500\data\images\val,val,BSDS500,65565,0.062528,1048d94225898e420b3381ce1b3fd682b27ada4825326f9657fa198a6a1ab64a,,True
BSR\BSDS500\data\images\val\41069.jpg,41069.jpg,.jpg,BSR\BSDS500\data\images\val,val,BSDS500,100387,0.095737,e440f8eca36a7e503e1f2e5bf4fd4a17d9fbf092cf490e7940c2d02ad90713d2,,True
BSR\BSDS500\data\images\val\42012.jpg,42012.jpg,.jpg,BSR\BSDS500\data\images\val,val,BSDS500,63889,0.060929,8681423a18c8910f38c801bd3c0dc21627aa99035994c6e37e13dad7424fddd2,,True
BSR\BSDS500\data\images\val\42049.jpg,42049.jpg,.jpg,BSR\BSDS500\data\images\val,val,BSDS500,45026,0.04294,a947a1fc0f0f83fc5ae52a907709447d7a5c3b74bd6bfadf75794116731985c8,,True
BSR\BSDS500\data\images\val\43074.jpg,43074.jpg,.jpg,BSR\BSDS500\data\images\val,val,BSDS500,56383,0.053771,b1284bc51ace9a8dc849ac4d63c377e3480627c6982fa3c7a794ad31c46ad2bd,,True
BSR\BSDS500\data\images\val\45096.jpg,45096.jpg,.jpg,BSR\BSDS500\data\images\val,val,BSDS500,38606,0.036818,8a9cd328ef7c8339f0246ec73c14eda01a29545b5fe4782a3c118976e44f26bf,,True
BSR\BSDS500\data\images\val\54082.jpg,54082.jpg,.jpg,BSR\BSDS500\data\images\val,val,BSDS500,71425,0.068116,b5a25d284128cc3e4307c404d26a57107945609bd974ebaac0f026607e98f9b2,,True
BSR\BSDS500\data\images\val\55073.jpg,55073.jpg,.jpg,BSR\BSDS500\data\images\val,val,BSDS500,110151,0.105048,539d516840aa3daebe57f5d65d7ca13f4877c8da6ad0a12745bb58fe823a7119,,True
BSR\BSDS500\data\images\val\58060.jpg,58060.jpg,.jpg,BSR\BSDS500\data\images\val,val,BSDS500,97910,0.093374,cea82e71a4bbee23d89c18538cd565c9e43a1f4995de6d605352505f83094277,,True
BSR\BSDS500\data\images\val\62096.jpg,62096.jpg,.jpg,BSR\BSDS500\data\images\val,val,BSDS500,76806,0.073248,733d222d7aaaff4702b6412eff824e676f37be9fa59a52cf7740ab7695928ef8,,True
BSR\BSDS500\data\images\val\65033.jpg,65033.jpg,.jpg,BSR\BSDS500\data\images\val,val,BSDS500,96558,0.092085,7971752b0552d3f8df80cf83656d8f1b10fabefe4cfd1fb5434a97b784b23bff,,True
BSR\BSDS500\data\images\val\66053.jpg,66053.jpg,.jpg,BSR\BSDS500\data\images\val,val,BSDS500,78243,0.074618,bc27ff2d520d63f8ffc8575269a14c295788542cb723fcce6bda3752e9de27a7,,True
BSR\BSDS500\data\images\val\69015.jpg,69015.jpg,.jpg,BSR\BSDS500\data\images\val,val,BSDS500,66924,0.063824,11ee0b6169a765f20df6126e542deeec1b5e0cac2fa45894cc4990b1358a6248,,True
BSR\BSDS500\data\images\val\69020.jpg,69020.jpg,.jpg,BSR\BSDS500\data\images\val,val,BSDS500,93730,0.089388,b48ee9eba4e447d411da427cdd19c01d519d2efef81858d9a15447f687d477c3,,True
BSR\BSDS500\data\images\val\69040.jpg,69040.jpg,.jpg,BSR\BSDS500\data\images\val,val,BSDS500,87327,0.083282,fa2492dcdd305967280ea566f2fd2edf21c60104edc0407c2d8aba75fffb4e05,,True
BSR\BSDS500\data\images\val\76053.jpg,76053.jpg,.jpg,BSR\BSDS500\data\images\val,val,BSDS500,76799,0.073241,6cc809339a953a105ee1bfdf074200181d0e04240e68c830f7aeb21be237c72c,,True
BSR\BSDS500\data\images\val\78004.jpg,78004.jpg,.jpg,BSR\BSDS500\data\images\val,val,BSDS500,68825,0.065637,14ab48ad51e27fb7e3b60bcdfba6d5354a4af957893455b5dd53e624da71b971,,True
BSR\BSDS500\data\images\val\8023.jpg,8023.jpg,.jpg,BSR\BSDS500\data\images\val,val,BSDS500,60404,0.057606,c14e203930593ff50b0457bb96a1b1f8165a8b2ceb7c0ebb9ddb283641464f4e,,True
BSR\BSDS500\data\images\val\85048.jpg,85048.jpg,.jpg,BSR\BSDS500\data\images\val,val,BSDS500,86078,0.08209,7802d81358356ae5033fdd4be7b475e9e28d6eb5eabba3559594214c603c8ba5,,True
BSR\BSDS500\data\images\val\86000.jpg,86000.jpg,.jpg,BSR\BSDS500\data\images\val,val,BSDS500,75759,0.072249,216fca8c3f045c3161e2053a7e85923c874f64e662b4c929d73afdb1c0cd4cbe,,True
BSR\BSDS500\data\images\val\86016.jpg,86016.jpg,.jpg,BSR\BSDS500\data\images\val,val,BSDS500,110076,0.104977,f53ca96f3024531f85fcd148833ac37944f4ae8dcb4492905e3469f3f102c970,,True
BSR\BSDS500\data\images\val\86068.jpg,86068.jpg,.jpg,BSR\BSDS500\data\images\val,val,BSDS500,93040,0.08873,4a76e8193007a2b86183ecf175c43239377f4deaf6957ef95069ed8c455cb36f,,True
BSR\BSDS500\data\images\val\87046.jpg,87046.jpg,.jpg,BSR\BSDS500\data\images\val,val,BSDS500,78536,0.074898,166d637f2602865b43c7f98926056172fc8df29d1daff62af96d80feabd43980,,True
BSR\BSDS500\data\images\val\89072.jpg,89072.jpg,.jpg,BSR\BSDS500\data\images\val,val,BSDS500,81376,0.077606,b08020789fcfc502fc3902489d1f1c80f3de55c1a6e5456b930b04c6db78c825,,True
BSR\BSDS500\data\images\val\97033.jpg,97033.jpg,.jpg,BSR\BSDS500\data\images\val,val,BSDS500,88134,0.084051,0598c9c6d44af64c04e314f41c21453da7c4bb94adfda48f71548d98b4287d3e,,True
BSR\BSDS500\data\images\val\Thumbs.db,Thumbs.db,.db,BSR\BSDS500\data\images\val,val,BSDS500,7680,0.007324,d5d23c6e3a8eaff10dd745999b8cb3c6b99f3339fba861b735c51e35b1311a48,,False
BSR\documentation\Arbelaez_Maire_Fowlkes_Malik_TPAMI2010.pdf,Arbelaez_Maire_Fowlkes_Malik_TPAMI2010.pdf,.pdf,BSR\documentation,unspecified,Unknown / custom,10767108,10.268314,273dd9a67b20bc7ec3721d606a5842c6a1544201d09889d95844f06ebfdfb3ab,,False
BSR_bsds500.tar,BSR_bsds500.tar,.tar,.,unspecified,BSDS500,74332160,70.888672,3a5389cbe5267104855491ad9bad1ba77c5c9d081ab34d9a4211a19cef3c9c5d,,False
misc\4.1.01.tiff,4.1.01.tiff,.tiff,misc,unspecified,Unknown / custom,196748,0.187634,c3ea2466396790c8aa0e4a60bc5031c44a3288da666cfd6a4f732ae0fec5efad,,True
misc\4.1.02.tiff,4.1.02.tiff,.tiff,misc,unspecified,Unknown / custom,196748,0.187634,31d1e7aafff59f5754ee38b77287ee6cfa05a095e63bb245fc44af87fa9d0329,,True
misc\4.1.03.tiff,4.1.03.tiff,.tiff,misc,unspecified,Unknown / custom,196748,0.187634,3d9cf65ca9a43a674cd7fd80192902458921aa81885a16bdcf9dd738e406af62,,True
misc\4.1.04.tiff,4.1.04.tiff,.tiff,misc,unspecified,Unknown / custom,196748,0.187634,abb652cfa55da20b95941834f8887d0dccfa71e33c94dc16ec0c473111dac15e,,True
misc\4.1.05.tiff,4.1.05.tiff,.tiff,misc,unspecified,Unknown / custom,196748,0.187634,6cecbf11be31a64a8397463b24b32cc753a657a616a80b147c93e4579f4c734e,,True
misc\4.1.06.tiff,4.1.06.tiff,.tiff,misc,unspecified,Unknown / custom,196748,0.187634,f09642b452f6c82bccd1282f45b46e4603630c2863708f27079a676e65c928ef,,True
misc\4.1.07.tiff,4.1.07.tiff,.tiff,misc,unspecified,Unknown / custom,196748,0.187634,ee21b55963d29ed18effeef9a4dc3edc85208d9b79690bf2339c14649dcf41f6,,True
misc\4.1.08.tiff,4.1.08.tiff,.tiff,misc,unspecified,Unknown / custom,196748,0.187634,8fd360f5cf6d230eff7934599edf0024995b6da69146e9c85bbaaf327d4a2abc,,True
misc\4.2.01.tiff,4.2.01.tiff,.tiff,misc,unspecified,Unknown / custom,786572,0.750134,f27f806d2f5e3d6b66e4223bad6a9fcd38756c715491eafb38c43a9befe89cfd,,True
misc\4.2.03.tiff,4.2.03.tiff,.tiff,misc,unspecified,Unknown / custom,786572,0.750134,3f590b52279fb59b81906f1e928ae713a5357b1afc1a2017a103adb563fb4494,,True
misc\4.2.05.tiff,4.2.05.tiff,.tiff,misc,unspecified,Unknown / custom,786572,0.750134,ae9eba12b80df955e47585bf4a16332ea0dadc753668d3457c509564934dbd40,,True
misc\4.2.06.tiff,4.2.06.tiff,.tiff,misc,unspecified,Unknown / custom,786572,0.750134,aa00ff3defadcd99e2e5fb5fbd06d12d6570284822a37186e3f8827f9bb4ca73,,True
misc\4.2.07.tiff,4.2.07.tiff,.tiff,misc,unspecified,Unknown / custom,786572,0.750134,676c21edcc56b517ebd54764d6026d2befe7e15014ec3f0c9e6f2ce1d9ad74bf,,True
misc\5.1.09.tiff,5.1.09.tiff,.tiff,misc,unspecified,Unknown / custom,65670,0.062628,64210a233aeaf4c8d76232daa2b8e9dabd251c89e00771b5b316b60e4844d2e4,,True
misc\5.1.10.tiff,5.1.10.tiff,.tiff,misc,unspecified,Unknown / custom,65670,0.062628,046ade1c2ee9a92117a0373b54db79d27e2fdc724649c7c15ae3fdb95fca0522,,True
misc\5.1.11.tiff,5.1.11.tiff,.tiff,misc,unspecified,Unknown / custom,65670,0.062628,475b9329d3def5f97c2e73c82d2d532accbcdd50de2999e72e47cfcdeb6a7c13,,True
misc\5.1.12.tiff,5.1.12.tiff,.tiff,misc,unspecified,Unknown / custom,65670,0.062628,ec07e39dd5a342e91d56852a971d45bd3ec31ccca778ade7ebcfe47a2fc215ac,,True
misc\5.1.13.tiff,5.1.13.tiff,.tiff,misc,unspecified,Unknown / custom,65670,0.062628,92ef9dd86f3c0edbbcdad50d63229d6633df560308b60b96cb045e570be02e18,,True
misc\5.1.14.tiff,5.1.14.tiff,.tiff,misc,unspecified,Unknown / custom,65670,0.062628,d42dc6b19d2f041a0ada000ac8d028e9caa9a3a4a1f4396110191ecf137a7050,,True
misc\5.2.08.tiff,5.2.08.tiff,.tiff,misc,unspecified,Unknown / custom,262278,0.250128,000a3e36a04b954cefd86d8ab2ac61676034e6cc9e3c0bbab8aaa95bcff03b93,,True
misc\5.2.09.tiff,5.2.09.tiff,.tiff,misc,unspecified,Unknown / custom,262278,0.250128,b12edcb11e8a816ce431b0bbbb02f91bc8614f5f67d3fa1ffd1067d8dd2ff5f8,,True
misc\5.2.10.tiff,5.2.10.tiff,.tiff,misc,unspecified,Unknown / custom,262278,0.250128,044ed17593bc94a5c0fff638f2c4d068f563d415980e1f61b423c778bb61c181,,True
misc\5.3.01.tiff,5.3.01.tiff,.tiff,misc,unspecified,Unknown / custom,1048710,1.000128,20654c370b0197d5c874a686e07c47642abc953790c5d0da23dacfd301f4a18d,,True
misc\5.3.02.tiff,5.3.02.tiff,.tiff,misc,unspecified,Unknown / custom,1048710,1.000128,0fb2a6580c10b58276f403ff03d1736891960cfe2ca021bb1df1f4f7b90ec1b5,,True
misc\7.1.01.tiff,7.1.01.tiff,.tiff,misc,unspecified,Unknown / custom,262278,0.250128,8ce9bb9ac39ffa0b630cd7245e90833867997631789c35c1625cbda4386a2305,,True
misc\7.1.02.tiff,7.1.02.tiff,.tiff,misc,unspecified,Unknown / custom,262278,0.250128,0cfb76e14c42fa22d5844b9f933376650a570f22725e3c040a6001c2e5db6a27,,True
misc\7.1.03.tiff,7.1.03.tiff,.tiff,misc,unspecified,Unknown / custom,262278,0.250128,77c09b46652b93d0ebe1ee4441ca0703848bd8af518dad12e1c137e402a61d25,,True
misc\7.1.04.tiff,7.1.04.tiff,.tiff,misc,unspecified,Unknown / custom,262278,0.250128,a981e8f5c81180777e8cf316c825d0bc94488dd521f663b061f917ef55962149,,True
misc\7.1.05.tiff,7.1.05.tiff,.tiff,misc,unspecified,Unknown / custom,262278,0.250128,97a04394429439031aac9074e1c1e774676bfcf8961339f9fce6f0592f742344,,True
misc\7.1.06.tiff,7.1.06.tiff,.tiff,misc,unspecified,Unknown / custom,262278,0.250128,c8be3c16cc94c713a86232522d557441d80b2c40f91381d9ed1651d41a9e9ca0,,True
misc\7.1.07.tiff,7.1.07.tiff,.tiff,misc,unspecified,Unknown / custom,262278,0.250128,501b4c95fda546a860c54c547a25f35bd84382171df7278bd7f7545316c57b70,,True
misc\7.1.08.tiff,7.1.08.tiff,.tiff,misc,unspecified,Unknown / custom,262278,0.250128,8cf6aac78f3e501b0658238704c941fb0df2940de1a95bb889e47cf3ba511731,,True
misc\7.1.09.tiff,7.1.09.tiff,.tiff,misc,unspecified,Unknown / custom,262278,0.250128,92842996ce10ced24f387e08cde93059be8dde2c4e236848806ec6392d054ab3,,True
misc\7.1.10.tiff,7.1.10.tiff,.tiff,misc,unspecified,Unknown / custom,262278,0.250128,7ef3caa199fd4dbecd4521dea4ab2b079c054fbe6d1d449c98e86ffe41e49063,,True
misc\7.2.01.tiff,7.2.01.tiff,.tiff,misc,unspecified,Unknown / custom,1048710,1.000128,396a8c0d9dab8f306511dd0487915e6b1ccdfbbb40077a41d0b7195da614618f,,True
misc\boat.512.tiff,boat.512.tiff,.tiff,misc,unspecified,Unknown / custom,262278,0.250128,6bc7319b1e3b44ce0b2a571ac39a28bac94437d812057d1afb2cf78ea3a9a35f,,True
misc\gray21.512.tiff,gray21.512.tiff,.tiff,misc,unspecified,Unknown / custom,262278,0.250128,f9a0535ab30226a180c8f628425686d54775514afdc3042a806b207198d332c6,,True
misc\house.tiff,house.tiff,.tiff,misc,unspecified,Unknown / custom,786572,0.750134,82717baf56d3f48bc4e2767afc9f233e7f595ad150ca91932a4a8daa46b3300f,,True
misc\ruler.512.tiff,ruler.512.tiff,.tiff,misc,unspecified,Unknown / custom,262278,0.250128,a084d6811faf1943eecba51837987e754ecc0400e36883fe7b6a17e186c1ff88,,True
