relative_path,filename,parent_folder,split,dataset_hint,format,extension,width,height,megapixels,aspect_ratio,mode,channels,bit_depth,size_bytes,size_mb,sha256,status
BSR\bench\data\images\2018.jpg,2018.jpg,BSR\bench\data\images,unspecified,Unknown / custom,JPEG,.jpg,321,481,0.154401,0.66736,RGB,3,8-bit/channel,75004,0.071529,181f54d5dc7c77222c5c9992289c885f38156fcae91df8e25c2dda2d3f810b00,OK
BSR\bench\data\images\3063.jpg,3063.jpg,BSR\bench\data\images,unspecified,Unknown / custom,JPEG,.jpg,481,321,0.154401,1.498442,RGB,3,8-bit/channel,47609,0.045403,b98bff045cc2fca3011e11d437b11e9ad564c305f5e75aeed8cf1e99b23d2076,OK
BSR\bench\data\images\5096.jpg,5096.jpg,BSR\bench\data\images,unspecified,Unknown / custom,JPEG,.jpg,481,321,0.154401,1.498442,RGB,3,8-bit/channel,71961,0.068627,036eeb42cc04fea9f0bd7c3c19343e0c3e66b74c979e74829331e4a832ae7810,OK
BSR\bench\data\images\6046.jpg,6046.jpg,BSR\bench\data\images,unspecified,Unknown / custom,JPEG,.jpg,321,481,0.154401,0.66736,RGB,3,8-bit/channel,84493,0.080579,3db99e079df3ee618560d840d02dbf124e35d06461058b4f88688b7334cbe098,OK
BSR\bench\data\images\8068.jpg,8068.jpg,BSR\bench\data\images,unspecified,Unknown / custom,JPEG,.jpg,481,321,0.154401,1.498442,RGB,3,8-bit/channel,54207,0.051696,160faa4e5a1ce7428bc03e12c4d5b12b2780e8955de2210b7e91421d662911d5,OK
BSR\bench\data\png\2018.png,2018.png,BSR\bench\data\png,unspecified,Unknown / custom,PNG,.png,321,481,0.154401,0.66736,L,1,8-bit/channel,19887,0.018966,2d87be617d07ace5d174abc8dd4ce8b541df4a5c168679d3b9ef9c68bb482ce7,OK
BSR\bench\data\png\3063.png,3063.png,BSR\bench\data\png,unspecified,Unknown / custom,PNG,.png,481,321,0.154401,1.498442,L,1,8-bit/channel,18004,0.01717,7d6a07ed93676532e6ea98b5179859b9edc09da29412893436b726e68197bd27,OK
BSR\bench\data\png\5096.png,5096.png,BSR\bench\data\png,unspecified,Unknown / custom,PNG,.png,481,321,0.154401,1.498442,L,1,8-bit/channel,19944,0.01902,f5a355c1a7365e360a8763bb117758279d2fbb8d50e7a96e472d9813d248c54e,OK
BSR\bench\data\png\6046.png,6046.png,BSR\bench\data\png,unspecified,Unknown / custom,PNG,.png,321,481,0.154401,0.66736,L,1,8-bit/channel,25334,0.02416,3b729c6278237df3c7022320e1f88bb8474deff5bf463d73bcca7a6d55f21c09,OK
BSR\bench\data\png\8068.png,8068.png,BSR\bench\data\png,unspecified,Unknown / custom,PNG,.png,481,321,0.154401,1.498442,L,1,8-bit/channel,19564,0.018658,76fac93bef3ed45da792bd548dc85626182395906837deef8a4ac41fceb56c54,OK
BSR\BSDS500\data\images\test\100007.jpg,100007.jpg,BSR\BSDS500\data\images\test,test,BSDS500,JPEG,.jpg,481,321,0.154401,1.498442,RGB,3,8-bit/channel,51501,0.049115,464449ecba30a5a5c229c0133059c83b034e9000bd1d7752a189a8cf21182bf9,OK
BSR\BSDS500\data\images\test\100039.jpg,100039.jpg,BSR\BSDS500\data\images\test,test,BSDS500,JPEG,.jpg,481,321,0.154401,1.498442,RGB,3,8-bit/channel,93775,0.089431,418366bbb4f0f4c2200b93e8bda153ab84809fe873a371b32e7cc36c2d091cc3,OK
BSR\BSDS500\data\images\test\100099.jpg,100099.jpg,BSR\BSDS500\data\images\test,test,BSDS500,JPEG,.jpg,481,321,0.154401,1.498442,RGB,3,8-bit/channel,48381,0.04614,e5a275fcafb0dc986d802037210989f4852bfb09bd19e525c3b7719104f1fc77,OK
BSR\BSDS500\data\images\test\10081.jpg,10081.jpg,BSR\BSDS500\data\images\test,test,BSDS500,JPEG,.jpg,481,321,0.154401,1.498442,RGB,3,8-bit/channel,53802,0.05131,ce1a8bd8da460cf2606b6b5fd55762f8e13b2576fff508228ac24c80839db389,OK
BSR\BSDS500\data\images\test\101027.jpg,101027.jpg,BSR\BSDS500\data\images\test,test,BSDS500,JPEG,.jpg,481,321,0.154401,1.498442,RGB,3,8-bit/channel,86536,0.082527,22903efe16abd94cfd821952de276cc36c531070c27bd84de7a3fb958bd64bc9,OK
BSR\BSDS500\data\images\test\101084.jpg,101084.jpg,BSR\BSDS500\data\images\test,test,BSDS500,JPEG,.jpg,321,481,0.154401,0.66736,RGB,3,8-bit/channel,103502,0.098707,6bfa36b8e03b12a83abcfd59c5ccdc89334ea23761f11242d5903935ad292d0c,OK
BSR\BSDS500\data\images\test\102062.jpg,102062.jpg,BSR\BSDS500\data\images\test,test,BSDS500,JPEG,.jpg,481,321,0.154401,1.498442,RGB,3,8-bit/channel,109331,0.104266,242ea9821b189197d436da1b252325f5e7850248c5d57da53cec29c37ba0773d,OK
BSR\BSDS500\data\images\test\103006.jpg,103006.jpg,BSR\BSDS500\data\images\test,test,BSDS500,JPEG,.jpg,481,321,0.154401,1.498442,RGB,3,8-bit/channel,90593,0.086396,67968e9d84cd4c69dea832184ba910d4851c284fcc65a38ed6aee89f2a3a72c1,OK
BSR\BSDS500\data\images\test\103029.jpg,103029.jpg,BSR\BSDS500\data\images\test,test,BSDS500,JPEG,.jpg,481,321,0.154401,1.498442,RGB,3,8-bit/channel,49754,0.047449,a05f1c0b30f4e18ad31364abacb54ec55300704ff3a4f8b2889f400bc3757da1,OK
BSR\BSDS500\data\images\test\103078.jpg,103078.jpg,BSR\BSDS500\data\images\test,test,BSDS500,JPEG,.jpg,481,321,0.154401,1.498442,RGB,3,8-bit/channel,75560,0.07206,2b21f416993ca1ef49aafa28e5b7f463713dc1b1d510144c673d8b72e035c1f7,OK
BSR\BSDS500\data\images\test\104010.jpg,104010.jpg,BSR\BSDS500\data\images\test,test,BSDS500,JPEG,.jpg,321,481,0.154401,0.66736,RGB,3,8-bit/channel,81014,0.077261,1f8516487071b94e3820d833c4795c788ef8df130cb8f7fccf0b87f4cd952339,OK
BSR\BSDS500\data\images\test\104055.jpg,104055.jpg,BSR\BSDS500\data\images\test,test,BSDS500,JPEG,.jpg,321,481,0.154401,0.66736,RGB,3,8-bit/channel,58711,0.055991,d2de9fccbf15edde57948cda64ae034a92b14ab2ecefb7d77a436151c8dd7751,OK
BSR\BSDS500\data\images\test\105027.jpg,105027.jpg,BSR\BSDS500\data\images\test,test,BSDS500,JPEG,.jpg,481,321,0.154401,1.498442,RGB,3,8-bit/channel,70699,0.067424,f6cba0ae618d793b67729ba561461be7b5339aeaad27429f3a2804f588a4e623,OK
BSR\BSDS500\data\images\test\106005.jpg,106005.jpg,BSR\BSDS500\data\images\test,test,BSDS500,JPEG,.jpg,481,321,0.154401,1.498442,RGB,3,8-bit/channel,45186,0.043093,35cd328a7d0e4bcaccbdb8154ec5ebbc8f24439807e573b2fe4a4996ea802bed,OK
BSR\BSDS500\data\images\test\106047.jpg,106047.jpg,BSR\BSDS500\data\images\test,test,BSDS500,JPEG,.jpg,481,321,0.154401,1.498442,RGB,3,8-bit/channel,52637,0.050199,2e6250fdfdd796b6d63924233362eb8a194f10466d8d7d69a60cc3ef51a2c356,OK
BSR\BSDS500\data\images\test\107014.jpg,107014.jpg,BSR\BSDS500\data\images\test,test,BSDS500,JPEG,.jpg,481,321,0.154401,1.498442,RGB,3,8-bit/channel,73085,0.069699,7bba718bed4919723a576cad0623c0a10e92b8c707d35196180257a3e867cfcd,OK
BSR\BSDS500\data\images\test\107045.jpg,107045.jpg,BSR\BSDS500\data\images\test,test,BSDS500,JPEG,.jpg,481,321,0.154401,1.498442,RGB,3,8-bit/channel,85230,0.081282,11ee811a5c67b3499eabbafc9157cd0bce74df369c57e18c988123f576a6f20c,OK
BSR\BSDS500\data\images\test\107072.jpg,107072.jpg,BSR\BSDS500\data\images\test,test,BSDS500,JPEG,.jpg,481,321,0.154401,1.498442,RGB,3,8-bit/channel,91573,0.087331,faa70504470e50ea37c0ad01f7f2c2e8682098af3630064a3ca02f6261b2e076,OK
BSR\BSDS500\data\images\test\108004.jpg,108004.jpg,BSR\BSDS500\data\images\test,test,BSDS500,JPEG,.jpg,481,321,0.154401,1.498442,RGB,3,8-bit/channel,106842,0.101892,3fb004a47be33dca07744000e794b0ca3cff2251ba85a99f46ccf34d3b9b29df,OK
BSR\BSDS500\data\images\test\108036.jpg,108036.jpg,BSR\BSDS500\data\images\test,test,BSDS500,JPEG,.jpg,481,321,0.154401,1.498442,RGB,3,8-bit/channel,89075,0.084949,f24bee7977df112c548f5cd02cb8342784df2582dbb11853b80d59ccd01a62e2,OK
BSR\BSDS500\data\images\test\108069.jpg,108069.jpg,BSR\BSDS500\data\images\test,test,BSDS500,JPEG,.jpg,481,321,0.154401,1.498442,RGB,3,8-bit/channel,86784,0.082764,a6d8ba350cac0701edc115fa583bf666231c4e1526801d0a53cea495a15b433a,OK
BSR\BSDS500\data\images\test\109055.jpg,109055.jpg,BSR\BSDS500\data\images\test,test,BSDS500,JPEG,.jpg,481,321,0.154401,1.498442,RGB,3,8-bit/channel,77978,0.074366,7e9ed22fb8d3143d47b4a6df687a34335afe36bee74473a4b4d3b240cf04ab6a,OK
BSR\BSDS500\data\images\test\112056.jpg,112056.jpg,BSR\BSDS500\data\images\test,test,BSDS500,JPEG,.jpg,481,321,0.154401,1.498442,RGB,3,8-bit/channel,47194,0.045008,df32aa99ba6e9b8e30a60671b37b44af9c578afae809ae972b3d7068c3d7c26f,OK
BSR\BSDS500\data\images\test\112090.jpg,112090.jpg,BSR\BSDS500\data\images\test,test,BSDS500,JPEG,.jpg,481,321,0.154401,1.498442,RGB,3,8-bit/channel,82353,0.078538,f625fcefd5e37a5d2efd3ad87e508a562d053eda3a2c67092103b957430023d9,OK
BSR\BSDS500\data\images\test\117025.jpg,117025.jpg,BSR\BSDS500\data\images\test,test,BSDS500,JPEG,.jpg,321,481,0.154401,0.66736,RGB,3,8-bit/channel,83832,0.079948,4239e66eb251e85d266b20bd09efa3d1aedd5a537ede0b9ad411c84db34e3739,OK
BSR\BSDS500\data\images\test\118015.jpg,118015.jpg,BSR\BSDS500\data\images\test,test,BSDS500,JPEG,.jpg,481,321,0.154401,1.498442,RGB,3,8-bit/channel,76111,0.072585,3b7f6647fc717f459175014cb7a23f5f2728b9fd7ee9689d20eaaabc8dd00393,OK
BSR\BSDS500\data\images\test\118031.jpg,118031.jpg,BSR\BSDS500\data\images\test,test,BSDS500,JPEG,.jpg,481,321,0.154401,1.498442,RGB,3,8-bit/channel,82578,0.078753,1af5bcf37b28ee68c2e18aeac19ff9a79cf1edb522ecdcb064094349f1c28610,OK
BSR\BSDS500\data\images\test\118072.jpg,118072.jpg,BSR\BSDS500\data\images\test,test,BSDS500,JPEG,.jpg,481,321,0.154401,1.498442,RGB,3,8-bit/channel,81457,0.077683,5da8ebc70169f79ca0bfc118a25b74469da928cd41ffc6a646bf67a97d933c28,OK
BSR\BSDS500\data\images\test\120003.jpg,120003.jpg,BSR\BSDS500\data\images\test,test,BSDS500,JPEG,.jpg,481,321,0.154401,1.498442,RGB,3,8-bit/channel,49002,0.046732,ec900ce4bdbe93c621dc15edfbbe2b9dce9abd734d6dd3d90bc000afbbb894f0,OK
BSR\BSDS500\data\images\test\120093.jpg,120093.jpg,BSR\BSDS500\data\images\test,test,BSDS500,JPEG,.jpg,481,321,0.154401,1.498442,RGB,3,8-bit/channel,75283,0.071795,9642ec65e348528f9657924c76a0e5de9bb9a625247cde3a9b388cebdc44e777,OK
BSR\BSDS500\data\images\test\123057.jpg,123057.jpg,BSR\BSDS500\data\images\test,test,BSDS500,JPEG,.jpg,481,321,0.154401,1.498442,RGB,3,8-bit/channel,61872,0.059006,6a89868d16a768df2a995c31200e261f69389b75c278db9ebf7308cabc27036e,OK
BSR\BSDS500\data\images\test\128035.jpg,128035.jpg,BSR\BSDS500\data\images\test,test,BSDS500,JPEG,.jpg,481,321,0.154401,1.498442,RGB,3,8-bit/channel,64191,0.061217,8cb08848a8298b47a766842fa690e75cd9e1fcb6c78c5c6ec81b3de7f8810425,OK
BSR\BSDS500\data\images\test\130014.jpg,130014.jpg,BSR\BSDS500\data\images\test,test,BSDS500,JPEG,.jpg,321,481,0.154401,0.66736,RGB,3,8-bit/channel,66783,0.063689,07767957cad004bbb9b5b9a651a610c7bc190b9144f0f33ae5de53ddc066cc08,OK
BSR\BSDS500\data\images\test\130066.jpg,130066.jpg,BSR\BSDS500\data\images\test,test,BSDS500,JPEG,.jpg,481,321,0.154401,1.498442,RGB,3,8-bit/channel,62883,0.05997,76bea9cddc43fcd5bf476a6ce57be846f7a4c58367c75b65342ee48b83a7fd59,OK
BSR\BSDS500\data\images\test\134049.jpg,134049.jpg,BSR\BSDS500\data\images\test,test,BSDS500,JPEG,.jpg,481,321,0.154401,1.498442,RGB,3,8-bit/channel,98858,0.094278,aef65fe0e008b8ab4d380008956239008a9d87af18db48bd4bfc5949f853fb80,OK
BSR\BSDS500\data\images\test\134067.jpg,134067.jpg,BSR\BSDS500\data\images\test,test,BSDS500,JPEG,.jpg,321,481,0.154401,0.66736,RGB,3,8-bit/channel,117511,0.112067,a6edef5e4ece7772631d83d0d540915fb24d0702832b1b55c882ff9f10f84ead,OK
BSR\BSDS500\data\images\test\140006.jpg,140006.jpg,BSR\BSDS500\data\images\test,test,BSDS500,JPEG,.jpg,321,481,0.154401,0.66736,RGB,3,8-bit/channel,70152,0.066902,b2a7f8bbe5997025679a2aef5c63a2af1dc8f82f4f10a54968ed2265eda4f3ed,OK
BSR\BSDS500\data\images\test\140088.jpg,140088.jpg,BSR\BSDS500\data\images\test,test,BSDS500,JPEG,.jpg,321,481,0.154401,0.66736,RGB,3,8-bit/channel,55069,0.052518,d7d9d8f75fc2e7e016cd032d36cee2cb879f49d81b781a13666efe25ae34f4ff,OK
BSR\BSDS500\data\images\test\14085.jpg,14085.jpg,BSR\BSDS500\data\images\test,test,BSDS500,JPEG,.jpg,481,321,0.154401,1.498442,RGB,3,8-bit/channel,77397,0.073812,422ecc12e446aab0402491ca760617614efe5df15ff2885047898348366cd182,OK
BSR\BSDS500\data\images\test\14092.jpg,14092.jpg,BSR\BSDS500\data\images\test,test,BSDS500,JPEG,.jpg,481,321,0.154401,1.498442,RGB,3,8-bit/channel,77795,0.074191,28cf7a6fedc4e759b555a21ec7293c1c76ed86ba584e78acc15fa80a3f0a8af4,OK
BSR\BSDS500\data\images\test\141012.jpg,141012.jpg,BSR\BSDS500\data\images\test,test,BSDS500,JPEG,.jpg,481,321,0.154401,1.498442,RGB,3,8-bit/channel,104028,0.099209,64c79597add3618b25e4f1da5ec4663606003ff567ab4f885dc70f2dfdb65bfb,OK
BSR\BSDS500\data\images\test\141048.jpg,141048.jpg,BSR\BSDS500\data\images\test,test,BSDS500,JPEG,.jpg,481,321,0.154401,1.498442,RGB,3,8-bit/channel,92781,0.088483,077a9ba0b47ffaca3378a3b9238037f1cc9f4e3ce05a1ea79234b74a220fbb1d,OK
BSR\BSDS500\data\images\test\145059.jpg,145059.jpg,BSR\BSDS500\data\images\test,test,BSDS500,JPEG,.jpg,481,321,0.154401,1.498442,RGB,3,8-bit/channel,83755,0.079875,e54556691f0d1932809307d09ed28beb758b88f4964b5be2f25dd55b15c65dae,OK
BSR\BSDS500\data\images\test\145079.jpg,145079.jpg,BSR\BSDS500\data\images\test,test,BSDS500,JPEG,.jpg,481,321,0.154401,1.498442,RGB,3,8-bit/channel,95463,0.091041,c22b573f79cc33a74f95fe7657a885eb28a72dddbce293031fb6b5a0383a1ef0,OK
BSR\BSDS500\data\images\test\146074.jpg,146074.jpg,BSR\BSDS500\data\images\test,test,BSDS500,JPEG,.jpg,481,321,0.154401,1.498442,RGB,3,8-bit/channel,66314,0.063242,363c7412accc072dd333079ece458ae7242ffb6e7e7ff43769535695c2eb36df,OK
BSR\BSDS500\data\images\test\147077.jpg,147077.jpg,BSR\BSDS500\data\images\test,test,BSDS500,JPEG,.jpg,321,481,0.154401,0.66736,RGB,3,8-bit/channel,83192,0.079338,58d982e3a21641de41fd7226f12930d58c263faa46e7873c32a8482adc1f2195,OK
BSR\BSDS500\data\images\test\147080.jpg,147080.jpg,BSR\BSDS500\data\images\test,test,BSDS500,JPEG,.jpg,481,321,0.154401,1.498442,RGB,3,8-bit/channel,85841,0.081864,d123b0805613106d9963256cade9303c836bf7e44ad4246a1ee80c1787ab4fc3,OK
BSR\BSDS500\data\images\test\15011.jpg,15011.jpg,BSR\BSDS500\data\images\test,test,BSDS500,JPEG,.jpg,481,321,0.154401,1.498442,RGB,3,8-bit/channel,73994,0.070566,faa6f24b35efb5368b35cad0c855cdf1346caa762d881a77b6499b7dfa6bd9c9,OK
BSR\BSDS500\data\images\test\15062.jpg,15062.jpg,BSR\BSDS500\data\images\test,test,BSDS500,JPEG,.jpg,481,321,0.154401,1.498442,RGB,3,8-bit/channel,84220,0.080318,5f712262d849dc0c0f3a2105f7a84a5e9d43acd0322dbe3c623ab1666c263b45,OK
BSR\BSDS500\data\images\test\156054.jpg,156054.jpg,BSR\BSDS500\data\images\test,test,BSDS500,JPEG,.jpg,321,481,0.154401,0.66736,RGB,3,8-bit/channel,73152,0.069763,b6fd2f5ea33770bf59d1c93cb072eef201a6ed2effe1b6849047c79bbe3cf7d1,OK
BSR\BSDS500\data\images\test\157032.jpg,157032.jpg,BSR\BSDS500\data\images\test,test,BSDS500,JPEG,.jpg,481,321,0.154401,1.498442,RGB,3,8-bit/channel,50018,0.047701,871b712b8378152f556ab893fea214ddad054dfe3b477aafe50aa6b28ab62180,OK
BSR\BSDS500\data\images\test\157087.jpg,157087.jpg,BSR\BSDS500\data\images\test,test,BSDS500,JPEG,.jpg,481,321,0.154401,1.498442,RGB,3,8-bit/channel,84918,0.080984,3c11e74c45c841bd15cef1ccb798748180348712c122d17fac1b325d9181a03c,OK
BSR\BSDS500\data\images\test\159002.jpg,159002.jpg,BSR\BSDS500\data\images\test,test,BSDS500,JPEG,.jpg,321,481,0.154401,0.66736,RGB,3,8-bit/channel,63824,0.060867,9943225e4dc4f0beeb47f647dbb0135211f03ec227aa0f2f5414bd76879c1d5e,OK
BSR\BSDS500\data\images\test\159022.jpg,159022.jpg,BSR\BSDS500\data\images\test,test,BSDS500,JPEG,.jpg,481,321,0.154401,1.498442,RGB,3,8-bit/channel,48613,0.046361,bfd411afa908510a2d8b5ddb408f260274cd405dbc12f3917634958dd7125055,OK
BSR\BSDS500\data\images\test\160006.jpg,160006.jpg,BSR\BSDS500\data\images\test,test,BSDS500,JPEG,.jpg,481,321,0.154401,1.498442,RGB,3,8-bit/channel,64017,0.061051,d7e9211d09d4e2f9ed1cc26c2881a875b6d0267ceaed46c33752c73634437e54,OK
BSR\BSDS500\data\images\test\16004.jpg,16004.jpg,BSR\BSDS500\data\images\test,test,BSDS500,JPEG,.jpg,481,321,0.154401,1.498442,RGB,3,8-bit/channel,78423,0.07479,60bbabf581e05d4375f038a2f5e3b54d7f432309555ec862bad055861745d065,OK
BSR\BSDS500\data\images\test\160067.jpg,160067.jpg,BSR\BSDS500\data\images\test,test,BSDS500,JPEG,.jpg,481,321,0.154401,1.498442,RGB,3,8-bit/channel,61985,0.059114,67433727c173c6d39898b951a9bf0ffad5cd67162e9fd72bd3e63922437c8dfb,OK
BSR\BSDS500\data\images\test\16068.jpg,16068.jpg,BSR\BSDS500\data\images\test,test,BSDS500,JPEG,.jpg,481,321,0.154401,1.498442,RGB,3,8-bit/channel,79209,0.07554,41860a888ef88a53fd2a8f87efe6aa940cb251846a4e4286b314cf6837db685d,OK
BSR\BSDS500\data\images\test\161045.jpg,161045.jpg,BSR\BSDS500\data\images\test,test,BSDS500,JPEG,.jpg,481,321,0.154401,1.498442,RGB,3,8-bit/channel,55320,0.052757,fc1fef369b737153abc1939d5caadd2bcb1c43c993b0585d76baddf904097d54,OK
BSR\BSDS500\data\images\test\163004.jpg,163004.jpg,BSR\BSDS500\data\images\test,test,BSDS500,JPEG,.jpg,321,481,0.154401,0.66736,RGB,3,8-bit/channel,72012,0.068676,f0fcae5a5423204d97b76b5d4ec908f252f12ec9a5389dd78f6b77b4682ac1d8,OK
BSR\BSDS500\data\images\test\163096.jpg,163096.jpg,BSR\BSDS500\data\images\test,test,BSDS500,JPEG,.jpg,321,481,0.154401,0.66736,RGB,3,8-bit/channel,81206,0.077444,0664af30fb590ed984fc84cf465d2bbf98f7ff4224ccafa07d0c8a88ae7e489a,OK
BSR\BSDS500\data\images\test\164046.jpg,164046.jpg,BSR\BSDS500\data\images\test,test,BSDS500,JPEG,.jpg,321,481,0.154401,0.66736,RGB,3,8-bit/channel,67608,0.064476,a22ecdcecbdfeb9b59689a253e1f6eb623fff9366eab7432cc25c6493b26480e,OK
BSR\BSDS500\data\images\test\168084.jpg,168084.jpg,BSR\BSDS500\data\images\test,test,BSDS500,JPEG,.jpg,481,321,0.154401,1.498442,RGB,3,8-bit/channel,54516,0.051991,cfd2ca5c91a4d0766a0361cae0fa85156e5d41837423b456afe116f1aab5df51,OK
BSR\BSDS500\data\images\test\17067.jpg,17067.jpg,BSR\BSDS500\data\images\test,test,BSDS500,JPEG,.jpg,321,481,0.154401,0.66736,RGB,3,8-bit/channel,83608,0.079735,009272fd55b183079416afa7dce44f378e5ebee0671fb93f0b7c625896568d7d,OK
BSR\BSDS500\data\images\test\175083.jpg,175083.jpg,BSR\BSDS500\data\images\test,test,BSDS500,JPEG,.jpg,481,321,0.154401,1.498442,RGB,3,8-bit/channel,94106,0.089746,1195c007b2c5bfd1dd2e3ca745234761ae84c8eeb6be9369f4dcc7fd683edfc8,OK
BSR\BSDS500\data\images\test\176051.jpg,176051.jpg,BSR\BSDS500\data\images\test,test,BSDS500,JPEG,.jpg,481,321,0.154401,1.498442,RGB,3,8-bit/channel,56894,0.054258,35e756e96c7aae6c5a60e30f383d73a8d23f39e0017bb215fee042969e7f0ece,OK
BSR\BSDS500\data\images\test\179084.jpg,179084.jpg,BSR\BSDS500\data\images\test,test,BSDS500,JPEG,.jpg,481,321,0.154401,1.498442,RGB,3,8-bit/channel,51776,0.049377,56d2163c22047df06b2cc1822d938ac7a5f006dace4a36348cec84581305c178,OK
BSR\BSDS500\data\images\test\181021.jpg,181021.jpg,BSR\BSDS500\data\images\test,test,BSDS500,JPEG,.jpg,321,481,0.154401,0.66736,RGB,3,8-bit/channel,66694,0.063604,0c2691f21f60443a0ff374b0dcd5f4d59b292493f059950783927edd2cc343d1,OK
BSR\BSDS500\data\images\test\183066.jpg,183066.jpg,BSR\BSDS500\data\images\test,test,BSDS500,JPEG,.jpg,481,321,0.154401,1.498442,RGB,3,8-bit/channel,73460,0.070057,51e445086f15f1ac6ed53fe36d8b05cee73af1814b31bfebe586c1ad380ea3f6,OK
BSR\BSDS500\data\images\test\185092.jpg,185092.jpg,BSR\BSDS500\data\images\test,test,BSDS500,JPEG,.jpg,481,321,0.154401,1.498442,RGB,3,8-bit/channel,48068,0.045841,62ccd6f5e239e9f1436fde259b2790d311ae9d44d080fb41d2ee52af4158a51d,OK
BSR\BSDS500\data\images\test\187058.jpg,187058.jpg,BSR\BSDS500\data\images\test,test,BSDS500,JPEG,.jpg,481,321,0.154401,1.498442,RGB,3,8-bit/channel,112005,0.106816,7e22c0aad5a70be1ef3b39208628c7e684b8dd316e5277c711656264f28957d5,OK
BSR\BSDS500\data\images\test\187099.jpg,187099.jpg,BSR\BSDS500\data\images\test,test,BSDS500,JPEG,.jpg,481,321,0.154401,1.498442,RGB,3,8-bit/channel,111759,0.106582,446645603a915a14f7396e59338029ea07347445b35e69b0d4288aed6dd72fa3,OK
BSR\BSDS500\data\images\test\188025.jpg,188025.jpg,BSR\BSDS500\data\images\test,test,BSDS500,JPEG,.jpg,481,321,0.154401,1.498442,RGB,3,8-bit/channel,74412,0.070965,36f77290d5616c2a19d1e500894d654eb4150334b6d7415a4ae94281d82ccddd,OK
BSR\BSDS500\data\images\test\189006.jpg,189006.jpg,BSR\BSDS500\data\images\test,test,BSDS500,JPEG,.jpg,321,481,0.154401,0.66736,RGB,3,8-bit/channel,52278,0.049856,145c090ed9124d70f4831fa65eaf9b03037394620e09eed18fb6664d1e18899f,OK
BSR\BSDS500\data\images\test\189013.jpg,189013.jpg,BSR\BSDS500\data\images\test,test,BSDS500,JPEG,.jpg,321,481,0.154401,0.66736,RGB,3,8-bit/channel,55968,0.053375,ae1e6b753a9d57ec0f67fa49aa0184103100f0735126b99aafe7b2bf2ee82945,OK
BSR\BSDS500\data\images\test\189029.jpg,189029.jpg,BSR\BSDS500\data\images\test,test,BSDS500,JPEG,.jpg,321,481,0.154401,0.66736,RGB,3,8-bit/channel,58902,0.056173,04cabce52bd2d45a4223887e2668b8d2c5a568ba4ba038f14d94e22843fec4db,OK
BSR\BSDS500\data\images\test\189096.jpg,189096.jpg,BSR\BSDS500\data\images\test,test,BSDS500,JPEG,.jpg,481,321,0.154401,1.498442,RGB,3,8-bit/channel,78363,0.074733,78aec8826416eb8846855b62ff8afd3808776ad3ab6b2acb1350dd373ed741cd,OK
BSR\BSDS500\data\images\test\196027.jpg,196027.jpg,BSR\BSDS500\data\images\test,test,BSDS500,JPEG,.jpg,321,481,0.154401,0.66736,RGB,3,8-bit/channel,40181,0.03832,17d600717a50f174642f369cc5ad93c3463680b5b2d1cfc9ad8aa355ce2508c8,OK
BSR\BSDS500\data\images\test\196040.jpg,196040.jpg,BSR\BSDS500\data\images\test,test,BSDS500,JPEG,.jpg,321,481,0.154401,0.66736,RGB,3,8-bit/channel,91007,0.086791,118104de61573ce715006fd507185a23acdc5db88d7ea419bfee068b90eaca64,OK
BSR\BSDS500\data\images\test\196062.jpg,196062.jpg,BSR\BSDS500\data\images\test,test,BSDS500,JPEG,.jpg,481,321,0.154401,1.498442,RGB,3,8-bit/channel,69954,0.066713,c883772cbce3ecbd583bc1c44bef7f29d45ac45834f514b31e440f60407ae768,OK
BSR\BSDS500\data\images\test\196088.jpg,196088.jpg,BSR\BSDS500\data\images\test,test,BSDS500,JPEG,.jpg,481,321,0.154401,1.498442,RGB,3,8-bit/channel,107719,0.102729,4212157c1800d1327405cd1370254cdd9ac2ee79b0a5676c1dd02fa13665c0e5,OK
BSR\BSDS500\data\images\test\198087.jpg,198087.jpg,BSR\BSDS500\data\images\test,test,BSDS500,JPEG,.jpg,321,481,0.154401,0.66736,RGB,3,8-bit/channel,60439,0.057639,ae2e968cab42ec427271ed1e7e3b83cfa9908ede08af67cc9016b67c286366c5,OK
BSR\BSDS500\data\images\test\20069.jpg,20069.jpg,BSR\BSDS500\data\images\test,test,BSDS500,JPEG,.jpg,321,481,0.154401,0.66736,RGB,3,8-bit/channel,56665,0.05404,824f794603001e2e80e1e1fdab16e732dcb6dba29aec7370154bfb4349b9c681,OK
BSR\BSDS500\data\images\test\201080.jpg,201080.jpg,BSR\BSDS500\data\images\test,test,BSDS500,JPEG,.jpg,481,321,0.154401,1.498442,RGB,3,8-bit/channel,61591,0.058738,80feeec5dab8c086d7d45c0b9d6c9e96672e1d678f5769f5ebb25626e0ca2662,OK
BSR\BSDS500\data\images\test\2018.jpg,2018.jpg,BSR\BSDS500\data\images\test,test,BSDS500,JPEG,.jpg,321,481,0.154401,0.66736,RGB,3,8-bit/channel,75004,0.071529,181f54d5dc7c77222c5c9992289c885f38156fcae91df8e25c2dda2d3f810b00,OK
BSR\BSDS500\data\images\test\202000.jpg,202000.jpg,BSR\BSDS500\data\images\test,test,BSDS500,JPEG,.jpg,481,321,0.154401,1.498442,RGB,3,8-bit/channel,68493,0.06532,ae107eef61c8090c695062025ed354986a15c13a2f9798a0252fb365831b1a1f,OK
BSR\BSDS500\data\images\test\206062.jpg,206062.jpg,BSR\BSDS500\data\images\test,test,BSDS500,JPEG,.jpg,481,321,0.154401,1.498442,RGB,3,8-bit/channel,65777,0.06273,851ec0d133e3b8a16767bc0106f14bfcdfecc51faf8a2a109741a952218f8848,OK
BSR\BSDS500\data\images\test\206097.jpg,206097.jpg,BSR\BSDS500\data\images\test,test,BSDS500,JPEG,.jpg,481,321,0.154401,1.498442,RGB,3,8-bit/channel,82458,0.078638,72399dc8926a89b4420a528457826e246d333f77f859effe15ca60b37ae9fe4d,OK
BSR\BSDS500\data\images\test\207038.jpg,207038.jpg,BSR\BSDS500\data\images\test,test,BSDS500,JPEG,.jpg,481,321,0.154401,1.498442,RGB,3,8-bit/channel,90089,0.085916,11c553e62de3511c9ab066cc80fb9ffce4bb67bac1b935f6e5eb7ae9509f865b,OK
BSR\BSDS500\data\images\test\207049.jpg,207049.jpg,BSR\BSDS500\data\images\test,test,BSDS500,JPEG,.jpg,481,321,0.154401,1.498442,RGB,3,8-bit/channel,107448,0.10247,98bd2ca6d90a6e89baf5f53f992f5d240a39fa62e2dac8666b9839cee2a0e6ae,OK
BSR\BSDS500\data\images\test\208078.jpg,208078.jpg,BSR\BSDS500\data\images\test,test,BSDS500,JPEG,.jpg,481,321,0.154401,1.498442,RGB,3,8-bit/channel,81271,0.077506,063a3c11846c0ee2591da2a5c5542f915cfb36a9085198a053569f8acc1f3f1f,OK
BSR\BSDS500\data\images\test\209021.jpg,209021.jpg,BSR\BSDS500\data\images\test,test,BSDS500,JPEG,.jpg,481,321,0.154401,1.498442,RGB,3,8-bit/channel,69480,0.066261,df655d42df8ed4eff60aa84ee8ce98c4892f8a547c9f01a2674edb54a25d1c70,OK
BSR\BSDS500\data\images\test\217013.jpg,217013.jpg,BSR\BSDS500\data\images\test,test,BSDS500,JPEG,.jpg,321,481,0.154401,0.66736,RGB,3,8-bit/channel,48282,0.046045,21749c24da02f0ecfceb903ba4820445e2f033a9c36569401dd6b5c1a5c24398,OK
BSR\BSDS500\data\images\test\217090.jpg,217090.jpg,BSR\BSDS500\data\images\test,test,BSDS500,JPEG,.jpg,481,321,0.154401,1.498442,RGB,3,8-bit/channel,95170,0.090761,9ff5a18053187ca3d3c4a00d87178259b1712323c3f6e7d5be2bccc78216e889,OK
BSR\BSDS500\data\images\test\220003.jpg,220003.jpg,BSR\BSDS500\data\images\test,test,BSDS500,JPEG,.jpg,481,321,0.154401,1.498442,RGB,3,8-bit/channel,97917,0.093381,c46e222c79eda837d7f2895d009687e804a056bdbbb5c7f666c9aadf08e4267a,OK
BSR\BSDS500\data\images\test\223004.jpg,223004.jpg,BSR\BSDS500\data\images\test,test,BSDS500,JPEG,.jpg,321,481,0.154401,0.66736,RGB,3,8-bit/channel,60184,0.057396,662898ae8e5821d9e14fe11a534101eb0630afb8926fb6352032c75eb96b8358,OK
BSR\BSDS500\data\images\test\223060.jpg,223060.jpg,BSR\BSDS500\data\images\test,test,BSDS500,JPEG,.jpg,481,321,0.154401,1.498442,RGB,3,8-bit/channel,82538,0.078714,59cdcdb8f190665337fc5ee855151bd2aa1422cb0eae6f10e4a790f06948c066,OK
BSR\BSDS500\data\images\test\225022.jpg,225022.jpg,BSR\BSDS500\data\images\test,test,BSDS500,JPEG,.jpg,321,481,0.154401,0.66736,RGB,3,8-bit/channel,64957,0.061948,252611ccaf6f32e40ef2cd65d26a00849e26014bfbca2a573f6a22fd0f957ffc,OK
BSR\BSDS500\data\images\test\226022.jpg,226022.jpg,BSR\BSDS500\data\images\test,test,BSDS500,JPEG,.jpg,481,321,0.154401,1.498442,RGB,3,8-bit/channel,61471,0.058623,51e4b6f8927117ccae90f496fdb00170cf82bf5060666a537c898a6648fb56e0,OK
BSR\BSDS500\data\images\test\226033.jpg,226033.jpg,BSR\BSDS500\data\images\test,test,BSDS500,JPEG,.jpg,481,321,0.154401,1.498442,RGB,3,8-bit/channel,79106,0.075441,fdb2b0e42c05e6e403d1c726f72f88d5d14476fd6bb03f3061c67c731a8d5534,OK
BSR\BSDS500\data\images\test\226043.jpg,226043.jpg,BSR\BSDS500\data\images\test,test,BSDS500,JPEG,.jpg,321,481,0.154401,0.66736,RGB,3,8-bit/channel,67800,0.064659,e8c71386c23af6bd2ee36d101a830806aafeacce08cd312c602cc427f89e11d8,OK
BSR\BSDS500\data\images\test\226060.jpg,226060.jpg,BSR\BSDS500\data\images\test,test,BSDS500,JPEG,.jpg,321,481,0.154401,0.66736,RGB,3,8-bit/channel,58325,0.055623,65b6cce818f591d581abb641cb105b58bebf6462c7ce2653cb407249ddcb6eaf,OK
BSR\BSDS500\data\images\test\228076.jpg,228076.jpg,BSR\BSDS500\data\images\test,test,BSDS500,JPEG,.jpg,481,321,0.154401,1.498442,RGB,3,8-bit/channel,62453,0.05956,3f9dacb6b6abd274379c54a2a093066a2b74cf070df786eae2147e0549016cb6,OK
BSR\BSDS500\data\images\test\230063.jpg,230063.jpg,BSR\BSDS500\data\images\test,test,BSDS500,JPEG,.jpg,321,481,0.154401,0.66736,RGB,3,8-bit/channel,65815,0.062766,4d0063df58cbcb503aa7276b8b5166a12fc2f50c767db46a1a9a8e1b4c2f79cf,OK
BSR\BSDS500\data\images\test\230098.jpg,230098.jpg,BSR\BSDS500\data\images\test,test,BSDS500,JPEG,.jpg,321,481,0.154401,0.66736,RGB,3,8-bit/channel,72427,0.069072,78f5c5914ad2c292a3e0b7d08d1d781c48c3b98fc4eabd762488db55c6dbc2e9,OK
BSR\BSDS500\data\images\test\23050.jpg,23050.jpg,BSR\BSDS500\data\images\test,test,BSDS500,JPEG,.jpg,321,481,0.154401,0.66736,RGB,3,8-bit/channel,75297,0.071809,85ee9ee1c7181d680ddb2735bc48c7971c793e31501305be4806fa7adf324ea7,OK
BSR\BSDS500\data\images\test\232076.jpg,232076.jpg,BSR\BSDS500\data\images\test,test,BSDS500,JPEG,.jpg,481,321,0.154401,1.498442,RGB,3,8-bit/channel,74282,0.070841,962addabe93b2b86ac75ecd75613b81b777b2c4ea69c1dff58a9bbc1a851509e,OK
BSR\BSDS500\data\images\test\235098.jpg,235098.jpg,BSR\BSDS500\data\images\test,test,BSDS500,JPEG,.jpg,481,321,0.154401,1.498442,RGB,3,8-bit/channel,81288,0.077522,8c46a1b13714c09efae4f9ab0b9bf629730f67cc64d97661c958da04a8230d40,OK
BSR\BSDS500\data\images\test\238025.jpg,238025.jpg,BSR\BSDS500\data\images\test,test,BSDS500,JPEG,.jpg,321,481,0.154401,0.66736,RGB,3,8-bit/channel,72436,0.06908,bf5f49a5c122029bda2b400675d331fbf45b37dfd8dc4c2257c690692d5ba253,OK
BSR\BSDS500\data\images\test\243095.jpg,243095.jpg,BSR\BSDS500\data\images\test,test,BSDS500,JPEG,.jpg,321,481,0.154401,0.66736,RGB,3,8-bit/channel,51282,0.048906,a47a0846360e7682d285ad27a3bd838ddad88d44db13796792487a3f1ce90393,OK
BSR\BSDS500\data\images\test\246009.jpg,246009.jpg,BSR\BSDS500\data\images\test,test,BSDS500,JPEG,.jpg,321,481,0.154401,0.66736,RGB,3,8-bit/channel,64034,0.061068,0d3aa8482d5b188db3554615d999dae010690f9da66c68efac5ffdb17cd12df0,OK
BSR\BSDS500\data\images\test\247003.jpg,247003.jpg,BSR\BSDS500\data\images\test,test,BSDS500,JPEG,.jpg,481,321,0.154401,1.498442,RGB,3,8-bit/channel,70670,0.067396,a2cd96da4a2ac152771f68b3cb8e0e0ef2103893576c28f9bda99858d393802e,OK
BSR\BSDS500\data\images\test\247012.jpg,247012.jpg,BSR\BSDS500\data\images\test,test,BSDS500,JPEG,.jpg,481,321,0.154401,1.498442,RGB,3,8-bit/channel,79387,0.075709,36939d7a38fedcddc27b2b8cc0f7a45379422c7c84f25febe477163e9b8f66ca,OK
BSR\BSDS500\data\images\test\249021.jpg,249021.jpg,BSR\BSDS500\data\images\test,test,BSDS500,JPEG,.jpg,321,481,0.154401,0.66736,RGB,3,8-bit/channel,65814,0.062765,593e328eff454ece7daf784333e325bcf9642640dba1d287c03cd745e6c74e45,OK
BSR\BSDS500\data\images\test\250047.jpg,250047.jpg,BSR\BSDS500\data\images\test,test,BSDS500,JPEG,.jpg,321,481,0.154401,0.66736,RGB,3,8-bit/channel,87325,0.08328,28fd01582cbbdc023998fe079f4b03497b185754112835832dcb56deb5f77987,OK
BSR\BSDS500\data\images\test\250087.jpg,250087.jpg,BSR\BSDS500\data\images\test,test,BSDS500,JPEG,.jpg,321,481,0.154401,0.66736,RGB,3,8-bit/channel,53100,0.05064,b3566a4d1f2da4769c81cb521f4f61c1d5ab40c60c1f791b47e6fd52fdb07a2b,OK
BSR\BSDS500\data\images\test\253016.jpg,253016.jpg,BSR\BSDS500\data\images\test,test,BSDS500,JPEG,.jpg,481,321,0.154401,1.498442,RGB,3,8-bit/channel,84500,0.080585,c6ccab77d494ddf61d20adb2414dd47ca05cf0324f2778a340e4759593ee3d9b,OK
BSR\BSDS500\data\images\test\253092.jpg,253092.jpg,BSR\BSDS500\data\images\test,test,BSDS500,JPEG,.jpg,321,481,0.154401,0.66736,RGB,3,8-bit/channel,64595,0.061603,3fe885e6fa17e23f05f39198f017dd337fd8dd278d292c7e221996746fb06527,OK
BSR\BSDS500\data\images\test\257098.jpg,257098.jpg,BSR\BSDS500\data\images\test,test,BSDS500,JPEG,.jpg,321,481,0.154401,0.66736,RGB,3,8-bit/channel,59156,0.056416,ef35cd90dcc88409ed7c19e24ed837b4cc226c65adb979535110c37ba4d2c60f,OK
BSR\BSDS500\data\images\test\258089.jpg,258089.jpg,BSR\BSDS500\data\images\test,test,BSDS500,JPEG,.jpg,481,321,0.154401,1.498442,RGB,3,8-bit/channel,86859,0.082835,b72abd40eaecbacf462c6859de98d92f3b5ed09256cd845f1fd1f5b64ff36e35,OK
BSR\BSDS500\data\images\test\259060.jpg,259060.jpg,BSR\BSDS500\data\images\test,test,BSDS500,JPEG,.jpg,321,481,0.154401,0.66736,RGB,3,8-bit/channel,98015,0.093474,5f03b6830584ecc86270eb22d6fc397137fd6b841315fd810451971d6ccae742,OK
BSR\BSDS500\data\images\test\267036.jpg,267036.jpg,BSR\BSDS500\data\images\test,test,BSDS500,JPEG,.jpg,321,481,0.154401,0.66736,RGB,3,8-bit/channel,77486,0.073896,ed0bcd791de3af150bba912676d3fc30f2a9a4c6c6a21de3cbabc13c339fe85d,OK
BSR\BSDS500\data\images\test\268048.jpg,268048.jpg,BSR\BSDS500\data\images\test,test,BSDS500,JPEG,.jpg,481,321,0.154401,1.498442,RGB,3,8-bit/channel,88476,0.084377,f456df09433d1184cda416cff96489baf29b23ce9c1aade1546e93ec0cf8de7c,OK
BSR\BSDS500\data\images\test\268074.jpg,268074.jpg,BSR\BSDS500\data\images\test,test,BSDS500,JPEG,.jpg,321,481,0.154401,0.66736,RGB,3,8-bit/channel,92811,0.088511,72aad50c614c21978639c13315acd8c7008891ffaec90842642edd94bc1fdc01,OK
BSR\BSDS500\data\images\test\277053.jpg,277053.jpg,BSR\BSDS500\data\images\test,test,BSDS500,JPEG,.jpg,481,321,0.154401,1.498442,RGB,3,8-bit/channel,96831,0.092345,e6efb84d5861557244cc8dd3ba3e3ea23bec2fd9c92813ecf61643036c6ba9d4,OK
BSR\BSDS500\data\images\test\279005.jpg,279005.jpg,BSR\BSDS500\data\images\test,test,BSDS500,JPEG,.jpg,321,481,0.154401,0.66736,RGB,3,8-bit/channel,52586,0.05015,26adc42b6bf112e744ca68977b275a22871ed152ceb4f0512fdb9c88b229e699,OK
BSR\BSDS500\data\images\test\28083.jpg,28083.jpg,BSR\BSDS500\data\images\test,test,BSDS500,JPEG,.jpg,481,321,0.154401,1.498442,RGB,3,8-bit/channel,64281,0.061303,3f35dfd750653a0122c8c69ccd32a6376cf0393d35cc6441ab20560e703e1bb1,OK
BSR\BSDS500\data\images\test\281017.jpg,281017.jpg,BSR\BSDS500\data\images\test,test,BSDS500,JPEG,.jpg,321,481,0.154401,0.66736,RGB,3,8-bit/channel,59992,0.057213,446289c0b04d3a5cc69691b44a679a072b25960b16635fbd30f5079a60a1351e,OK
BSR\BSDS500\data\images\test\285022.jpg,285022.jpg,BSR\BSDS500\data\images\test,test,BSDS500,JPEG,.jpg,481,321,0.154401,1.498442,RGB,3,8-bit/channel,48279,0.046042,ae15351a5ceb4be26557a55f809ff1d2d56e7109ed9cc9c7dde8210d284b9527,OK
BSR\BSDS500\data\images\test\288024.jpg,288024.jpg,BSR\BSDS500\data\images\test,test,BSDS500,JPEG,.jpg,481,321,0.154401,1.498442,RGB,3,8-bit/channel,70102,0.066854,47cb843cfd749aee3ce64b8912c3ae69a775d151c538c3889c539976a96f35d8,OK
BSR\BSDS500\data\images\test\289011.jpg,289011.jpg,BSR\BSDS500\data\images\test,test,BSDS500,JPEG,.jpg,321,481,0.154401,0.66736,RGB,3,8-bit/channel,59945,0.057168,fdc2db38488c6d651234e5ef71bbeae39ad981ac39e2fe0376b80b5ec7f01aa0,OK
BSR\BSDS500\data\images\test\290035.jpg,290035.jpg,BSR\BSDS500\data\images\test,test,BSDS500,JPEG,.jpg,481,321,0.154401,1.498442,RGB,3,8-bit/channel,72183,0.068839,1b5c5488a1e71587b4c52f1e727666d79a3876d68e472d6161d2ca5c6919fa8a,OK
BSR\BSDS500\data\images\test\29030.jpg,29030.jpg,BSR\BSDS500\data\images\test,test,BSDS500,JPEG,.jpg,481,321,0.154401,1.498442,RGB,3,8-bit/channel,70468,0.067204,586afdd37df42107807307b75ae03e42c68fe6c813792a85c8ec1daffb71c598,OK
BSR\BSDS500\data\images\test\296028.jpg,296028.jpg,BSR\BSDS500\data\images\test,test,BSDS500,JPEG,.jpg,481,321,0.154401,1.498442,RGB,3,8-bit/channel,73870,0.070448,8606729e41788f88f970b302d9981660b1f2aea7bcbb8a23b4c2feb6f16e555e,OK
BSR\BSDS500\data\images\test\296058.jpg,296058.jpg,BSR\BSDS500\data\images\test,test,BSDS500,JPEG,.jpg,481,321,0.154401,1.498442,RGB,3,8-bit/channel,106075,0.101161,393a7678cf917d0620ee3a48e97626f1c6a38b81559bb0d8d3ac7f25cc633bc7,OK
BSR\BSDS500\data\images\test\302022.jpg,302022.jpg,BSR\BSDS500\data\images\test,test,BSDS500,JPEG,.jpg,321,481,0.154401,0.66736,RGB,3,8-bit/channel,72687,0.06932,d703e462c4c4871ad85ddb3af06eed0095ff7976cb8d6df7e2948450c3ef5561,OK
BSR\BSDS500\data\images\test\306051.jpg,306051.jpg,BSR\BSDS500\data\images\test,test,BSDS500,JPEG,.jpg,321,481,0.154401,0.66736,RGB,3,8-bit/channel,76974,0.073408,fc1a1310bb2b827c98506ec665c3844c347613a92debd6fb3e29b5dbcd0ce2c4,OK
BSR\BSDS500\data\images\test\306052.jpg,306052.jpg,BSR\BSDS500\data\images\test,test,BSDS500,JPEG,.jpg,481,321,0.154401,1.498442,RGB,3,8-bit/channel,83837,0.079953,e573ee9d2ec6a7f2c6a215bf2ad979fbc9056ade59d02de5832efd59fea11b3d,OK
BSR\BSDS500\data\images\test\3063.jpg,3063.jpg,BSR\BSDS500\data\images\test,test,BSDS500,JPEG,.jpg,481,321,0.154401,1.498442,RGB,3,8-bit/channel,47609,0.045403,b98bff045cc2fca3011e11d437b11e9ad564c305f5e75aeed8cf1e99b23d2076,OK
BSR\BSDS500\data\images\test\309040.jpg,309040.jpg,BSR\BSDS500\data\images\test,test,BSDS500,JPEG,.jpg,481,321,0.154401,1.498442,RGB,3,8-bit/channel,84921,0.080987,00a0850bc056decb473ecb48785939858adad89c2a1378e83b71d0020d148211,OK
BSR\BSDS500\data\images\test\317043.jpg,317043.jpg,BSR\BSDS500\data\images\test,test,BSDS500,JPEG,.jpg,481,321,0.154401,1.498442,RGB,3,8-bit/channel,90209,0.08603,268dbaff8e5a307428e8677953a2997830befa3aba1732f419b400dc9fa7f14c,OK
BSR\BSDS500\data\images\test\326025.jpg,326025.jpg,BSR\BSDS500\data\images\test,test,BSDS500,JPEG,.jpg,481,321,0.154401,1.498442,RGB,3,8-bit/channel,72411,0.069057,3ec181582e98ec5acc43e9c920a5385cb900d99977e54f79ffc2b6fdeeeee46e,OK
BSR\BSDS500\data\images\test\326085.jpg,326085.jpg,BSR\BSDS500\data\images\test,test,BSDS500,JPEG,.jpg,321,481,0.154401,0.66736,RGB,3,8-bit/channel,73853,0.070432,c79e9a93f5d8e5484db1132afdbaf465245c64fcd3473d24105a8b8054eec9f5,OK
BSR\BSDS500\data\images\test\33044.jpg,33044.jpg,BSR\BSDS500\data\images\test,test,BSDS500,JPEG,.jpg,321,481,0.154401,0.66736,RGB,3,8-bit/channel,86964,0.082935,e7fb5606edf799db4c13804fbb1b2148f85896a643dcf1ce87493b9e5996e2b2,OK
BSR\BSDS500\data\images\test\334025.jpg,334025.jpg,BSR\BSDS500\data\images\test,test,BSDS500,JPEG,.jpg,321,481,0.154401,0.66736,RGB,3,8-bit/channel,58282,0.055582,2545f5caaa9842cfc0a63fce25fd7a66ec6a2c874a9ed429917e73c19b25f788,OK
BSR\BSDS500\data\images\test\335088.jpg,335088.jpg,BSR\BSDS500\data\images\test,test,BSDS500,JPEG,.jpg,481,321,0.154401,1.498442,RGB,3,8-bit/channel,86945,0.082917,5a9396fd5099fd5d0786c8ba231165c1ba30d2eac2cdb27c31bf0c6c2d0634cf,OK
BSR\BSDS500\data\images\test\335094.jpg,335094.jpg,BSR\BSDS500\data\images\test,test,BSDS500,JPEG,.jpg,481,321,0.154401,1.498442,RGB,3,8-bit/channel,88469,0.084371,ddfbe0893c856b7ab627a242b98d712429cd26f4176f8e7bb781bab11562661a,OK
BSR\BSDS500\data\images\test\344010.jpg,344010.jpg,BSR\BSDS500\data\images\test,test,BSDS500,JPEG,.jpg,481,321,0.154401,1.498442,RGB,3,8-bit/channel,90924,0.086712,4f8625be97ee6ee5ba239a02a160b1e1bc7ec09afaf7be42f2785c3244db3a6f,OK
BSR\BSDS500\data\images\test\346016.jpg,346016.jpg,BSR\BSDS500\data\images\test,test,BSDS500,JPEG,.jpg,481,321,0.154401,1.498442,RGB,3,8-bit/channel,109741,0.104657,59a237f15337f1fefb5ae61c8ef62f5c010a72e37b67c6126109a4292d38e034,OK
BSR\BSDS500\data\images\test\347031.jpg,347031.jpg,BSR\BSDS500\data\images\test,test,BSDS500,JPEG,.jpg,321,481,0.154401,0.66736,RGB,3,8-bit/channel,55968,0.053375,283792b66010077e6dd7353e7a45de356b4bed897c8e7678561b0369127c0b08,OK
BSR\BSDS500\data\images\test\35028.jpg,35028.jpg,BSR\BSDS500\data\images\test,test,BSDS500,JPEG,.jpg,481,321,0.154401,1.498442,RGB,3,8-bit/channel,46174,0.044035,2b1a0220ce00cf61497b330addd15896d0f457cd2493b2c76ce0c8c70137c9c0,OK
BSR\BSDS500\data\images\test\35049.jpg,35049.jpg,BSR\BSDS500\data\images\test,test,BSDS500,JPEG,.jpg,481,321,0.154401,1.498442,RGB,3,8-bit/channel,47508,0.045307,b540a52875496f04379fb6cd848a39eb067e48d338d9e14f880a9e6cb4de9bdd,OK
BSR\BSDS500\data\images\test\36046.jpg,36046.jpg,BSR\BSDS500\data\images\test,test,BSDS500,JPEG,.jpg,481,321,0.154401,1.498442,RGB,3,8-bit/channel,73013,0.069631,6c82c7843999aab18ed5099e2b3326900acf6ac37c458a93932b0bbdc5c4ca9a,OK
BSR\BSDS500\data\images\test\365072.jpg,365072.jpg,BSR\BSDS500\data\images\test,test,BSDS500,JPEG,.jpg,321,481,0.154401,0.66736,RGB,3,8-bit/channel,94466,0.09009,5d7c33fb1ef47ad01f0dab0dfc9fa188db7979150e33c84434d8179fe5b1b290,OK
BSR\BSDS500\data\images\test\368037.jpg,368037.jpg,BSR\BSDS500\data\images\test,test,BSDS500,JPEG,.jpg,481,321,0.154401,1.498442,RGB,3,8-bit/channel,67370,0.064249,f1d91ed462c3924e76a4299c4804aacb2b6301c66a090b3e69c640bf80c6db55,OK
BSR\BSDS500\data\images\test\372019.jpg,372019.jpg,BSR\BSDS500\data\images\test,test,BSDS500,JPEG,.jpg,321,481,0.154401,0.66736,RGB,3,8-bit/channel,68349,0.065183,2311adf60a1a992b6d9cb3c07375b2a1bc044591a4d331098beb5a0f1cf49941,OK
BSR\BSDS500\data\images\test\376086.jpg,376086.jpg,BSR\BSDS500\data\images\test,test,BSDS500,JPEG,.jpg,481,321,0.154401,1.498442,RGB,3,8-bit/channel,74946,0.071474,4cc879fcd8099cee913a26c01cdc7368c590be944f5cf2ebfbeb74233902d161,OK
BSR\BSDS500\data\images\test\384022.jpg,384022.jpg,BSR\BSDS500\data\images\test,test,BSDS500,JPEG,.jpg,481,321,0.154401,1.498442,RGB,3,8-bit/channel,74445,0.070996,8c43be1b30d233826e864252f5ffa14fccde969864b63b78da1ae462086f9873,OK
BSR\BSDS500\data\images\test\384089.jpg,384089.jpg,BSR\BSDS500\data\images\test,test,BSDS500,JPEG,.jpg,321,481,0.154401,0.66736,RGB,3,8-bit/channel,62460,0.059566,718f3f5d861839a515c7676b4236e52935f28c4c7280c9d6a581ddbb041d7040,OK
BSR\BSDS500\data\images\test\385022.jpg,385022.jpg,BSR\BSDS500\data\images\test,test,BSDS500,JPEG,.jpg,481,321,0.154401,1.498442,RGB,3,8-bit/channel,88683,0.084575,27689330d1528f85b2f468a6d6d0b08248f9385c6c3fbfafb7e5fd0e1b603cfc,OK
BSR\BSDS500\data\images\test\388006.jpg,388006.jpg,BSR\BSDS500\data\images\test,test,BSDS500,JPEG,.jpg,321,481,0.154401,0.66736,RGB,3,8-bit/channel,76217,0.072686,9775af03fae6a2cdd2faf95f5e72660d5772e57a0a523508b8268b3da37d9b23,OK
BSR\BSDS500\data\images\test\388018.jpg,388018.jpg,BSR\BSDS500\data\images\test,test,BSDS500,JPEG,.jpg,321,481,0.154401,0.66736,RGB,3,8-bit/channel,75039,0.071563,314ee54777f32f9f4cebc51d41f8baf232a5b81a46984ac851b3ee127737f36b,OK
BSR\BSDS500\data\images\test\388067.jpg,388067.jpg,BSR\BSDS500\data\images\test,test,BSDS500,JPEG,.jpg,321,481,0.154401,0.66736,RGB,3,8-bit/channel,76764,0.073208,931d9be6ea03469b5c3fa7fe157dbdb708a9c559bb4db5a62f7fd4776528a7b6,OK
BSR\BSDS500\data\images\test\393035.jpg,393035.jpg,BSR\BSDS500\data\images\test,test,BSDS500,JPEG,.jpg,481,321,0.154401,1.498442,RGB,3,8-bit/channel,67901,0.064755,efb9e098415dfeaba979ef52e7c895f91cbe1fdbeddcd4a85f83f28125d1acd2,OK
BSR\BSDS500\data\images\test\41006.jpg,41006.jpg,BSR\BSDS500\data\images\test,test,BSDS500,JPEG,.jpg,481,321,0.154401,1.498442,RGB,3,8-bit/channel,58294,0.055593,23a926b6ac7bee64a9dc216dfde6a9bf30343d7276fbc5b14e584b32df94e483,OK
BSR\BSDS500\data\images\test\41029.jpg,41029.jpg,BSR\BSDS500\data\images\test,test,BSDS500,JPEG,.jpg,481,321,0.154401,1.498442,RGB,3,8-bit/channel,66979,0.063876,d6b527cb6e80d86df5cdc9f161b9ea3b728f152296aee44a83f85752b9040e8b,OK
BSR\BSDS500\data\images\test\41085.jpg,41085.jpg,BSR\BSDS500\data\images\test,test,BSDS500,JPEG,.jpg,481,321,0.154401,1.498442,RGB,3,8-bit/channel,76009,0.072488,2ea580f7c07e104624e8da4733319fb25def289b4fa6258b39e9c97eba2cb221,OK
BSR\BSDS500\data\images\test\41096.jpg,41096.jpg,BSR\BSDS500\data\images\test,test,BSDS500,JPEG,.jpg,481,321,0.154401,1.498442,RGB,3,8-bit/channel,70004,0.066761,93e81be1cdc9d6ed5e81d01597c45a208398e66f5114ed6ae5314cb5ad32bc0e,OK
BSR\BSDS500\data\images\test\43033.jpg,43033.jpg,BSR\BSDS500\data\images\test,test,BSDS500,JPEG,.jpg,481,321,0.154401,1.498442,RGB,3,8-bit/channel,63932,0.06097,1abebaa96fdf42186d97679cd28d22dffba206767ebc8838e61c0f517b89b7f1,OK
BSR\BSDS500\data\images\test\43051.jpg,43051.jpg,BSR\BSDS500\data\images\test,test,BSDS500,JPEG,.jpg,481,321,0.154401,1.498442,RGB,3,8-bit/channel,38549,0.036763,e2f447b14fc6179c172c559e59192e395a1b6fee44e36d1c7aa2d665a3c71d35,OK
BSR\BSDS500\data\images\test\45000.jpg,45000.jpg,BSR\BSDS500\data\images\test,test,BSDS500,JPEG,.jpg,481,321,0.154401,1.498442,RGB,3,8-bit/channel,85427,0.08147,024d686ebe9533a174e3c3f29161f384b235ab37ff3fdb990e9199ed3b8c7178,OK
BSR\BSDS500\data\images\test\48017.jpg,48017.jpg,BSR\BSDS500\data\images\test,test,BSDS500,JPEG,.jpg,481,321,0.154401,1.498442,RGB,3,8-bit/channel,82695,0.078864,c61255d24cc29986d0bcdf056d2f6cea6875ad1fcba4d01792904422eb9c94c3,OK
BSR\BSDS500\data\images\test\48025.jpg,48025.jpg,BSR\BSDS500\data\images\test,test,BSDS500,JPEG,.jpg,481,321,0.154401,1.498442,RGB,3,8-bit/channel,69826,0.066591,afef725853d55d53d7aa6a767ecc64b6ed681ecc87a57e69aeed09a115406ed7,OK
BSR\BSDS500\data\images\test\49024.jpg,49024.jpg,BSR\BSDS500\data\images\test,test,BSDS500,JPEG,.jpg,481,321,0.154401,1.498442,RGB,3,8-bit/channel,47681,0.045472,b730a4fe2ebc1218f00a0f8ee8ae118fdc916533145f0a9ced52f2d1982b3ed4,OK
BSR\BSDS500\data\images\test\5096.jpg,5096.jpg,BSR\BSDS500\data\images\test,test,BSDS500,JPEG,.jpg,481,321,0.154401,1.498442,RGB,3,8-bit/channel,71961,0.068627,036eeb42cc04fea9f0bd7c3c19343e0c3e66b74c979e74829331e4a832ae7810,OK
BSR\BSDS500\data\images\test\51084.jpg,51084.jpg,BSR\BSDS500\data\images\test,test,BSDS500,JPEG,.jpg,481,321,0.154401,1.498442,RGB,3,8-bit/channel,76738,0.073183,86e0d880135152ee9d03993078d27f0acd3345f353d005449a287400cbfa0fce,OK
BSR\BSDS500\data\images\test\6046.jpg,6046.jpg,BSR\BSDS500\data\images\test,test,BSDS500,JPEG,.jpg,321,481,0.154401,0.66736,RGB,3,8-bit/channel,84493,0.080579,3db99e079df3ee618560d840d02dbf124e35d06461058b4f88688b7334cbe098,OK
BSR\BSDS500\data\images\test\61034.jpg,61034.jpg,BSR\BSDS500\data\images\test,test,BSDS500,JPEG,.jpg,321,481,0.154401,0.66736,RGB,3,8-bit/channel,73324,0.069927,1a265d4c2dfd4867567288a30997020bf6196dda5a510052a076036a48f04e59,OK
BSR\BSDS500\data\images\test\64061.jpg,64061.jpg,BSR\BSDS500\data\images\test,test,BSDS500,JPEG,.jpg,321,481,0.154401,0.66736,RGB,3,8-bit/channel,60855,0.058036,4cfd5b5a749ea7500938da17efc3dcc71090494697d929895f0c9c13940232b8,OK
BSR\BSDS500\data\images\test\65084.jpg,65084.jpg,BSR\BSDS500\data\images\test,test,BSDS500,JPEG,.jpg,321,481,0.154401,0.66736,RGB,3,8-bit/channel,67828,0.064686,c2d4c6fc1ebadde2e53956137fc7526a0ade479106cb3c55d283f30b314e5ce6,OK
BSR\BSDS500\data\images\test\69000.jpg,69000.jpg,BSR\BSDS500\data\images\test,test,BSDS500,JPEG,.jpg,481,321,0.154401,1.498442,RGB,3,8-bit/channel,72782,0.06941,e1a43557e4cc455604580005d332f2f2d3833e71643e186de922a8f46f1152c8,OK
BSR\BSDS500\data\images\test\69007.jpg,69007.jpg,BSR\BSDS500\data\images\test,test,BSDS500,JPEG,.jpg,481,321,0.154401,1.498442,RGB,3,8-bit/channel,74760,0.071297,ad974d0fb5c6912820255485dd571ef971ac910fc7c54c7401d55b65bec0c05d,OK
BSR\BSDS500\data\images\test\69022.jpg,69022.jpg,BSR\BSDS500\data\images\test,test,BSDS500,JPEG,.jpg,481,321,0.154401,1.498442,RGB,3,8-bit/channel,61851,0.058986,5ea4f2727b606318075639f1489df29f1fdae655f2efa8597f7f2b24445f9679,OK
BSR\BSDS500\data\images\test\70011.jpg,70011.jpg,BSR\BSDS500\data\images\test,test,BSDS500,JPEG,.jpg,481,321,0.154401,1.498442,RGB,3,8-bit/channel,46219,0.044078,94773c7c4e35706528722b48fce9cf9783e937358d419ce9be92729c6d3579f4,OK
BSR\BSDS500\data\images\test\70090.jpg,70090.jpg,BSR\BSDS500\data\images\test,test,BSDS500,JPEG,.jpg,321,481,0.154401,0.66736,RGB,3,8-bit/channel,64902,0.061895,51bffc1621da3661902b8d56bdfd931a266e65c8bfddb5da194043a192c74288,OK
BSR\BSDS500\data\images\test\71076.jpg,71076.jpg,BSR\BSDS500\data\images\test,test,BSDS500,JPEG,.jpg,321,481,0.154401,0.66736,RGB,3,8-bit/channel,78585,0.074944,10d4c925dcb0f0fd25534e9e0aa402cc34a3aa28e7cf60db2ab04085b0bec8b6,OK
BSR\BSDS500\data\images\test\71099.jpg,71099.jpg,BSR\BSDS500\data\images\test,test,BSDS500,JPEG,.jpg,481,321,0.154401,1.498442,RGB,3,8-bit/channel,76188,0.072659,62426062ba1e6cabff1e6d26f74dcd91614e9ea73ff681aec76096354ed085df,OK
BSR\BSDS500\data\images\test\77062.jpg,77062.jpg,BSR\BSDS500\data\images\test,test,BSDS500,JPEG,.jpg,481,321,0.154401,1.498442,RGB,3,8-bit/channel,93505,0.089173,ca86ba0d129c97802b191efa9df573564fbc1f5b3467358adff7e52ff94119a9,OK
BSR\BSDS500\data\images\test\78098.jpg,78098.jpg,BSR\BSDS500\data\images\test,test,BSDS500,JPEG,.jpg,481,321,0.154401,1.498442,RGB,3,8-bit/channel,102843,0.098079,5b46e76177965acc8b5d604f7e5845051c68220929a0ce5793bf3abcbc16baf2,OK
BSR\BSDS500\data\images\test\79073.jpg,79073.jpg,BSR\BSDS500\data\images\test,test,BSDS500,JPEG,.jpg,481,321,0.154401,1.498442,RGB,3,8-bit/channel,107155,0.102191,1c7fe8b57627008635032a0c0890d797fca3d5aa20826a0690766ac235c5c871,OK
BSR\BSDS500\data\images\test\80085.jpg,80085.jpg,BSR\BSDS500\data\images\test,test,BSDS500,JPEG,.jpg,481,321,0.154401,1.498442,RGB,3,8-bit/channel,48530,0.046282,536e2b2eeb432b3e1a616e23c79251c02ff2fd2226fcc374a30cc8e409d2c982,OK
BSR\BSDS500\data\images\test\80090.jpg,80090.jpg,BSR\BSDS500\data\images\test,test,BSDS500,JPEG,.jpg,321,481,0.154401,0.66736,RGB,3,8-bit/channel,65795,0.062747,d740d8619e8624f7ec960614831a19e21fca876a147316916f69008a20f8b65f,OK
BSR\BSDS500\data\images\test\8068.jpg,8068.jpg,BSR\BSDS500\data\images\test,test,BSDS500,JPEG,.jpg,481,321,0.154401,1.498442,RGB,3,8-bit/channel,54207,0.051696,160faa4e5a1ce7428bc03e12c4d5b12b2780e8955de2210b7e91421d662911d5,OK
BSR\BSDS500\data\images\test\81066.jpg,81066.jpg,BSR\BSDS500\data\images\test,test,BSDS500,JPEG,.jpg,481,321,0.154401,1.498442,RGB,3,8-bit/channel,68148,0.064991,1cadc6af923560f2f80f7608ec750877c3194c9eff492dd744af5c0c7bf9a914,OK
BSR\BSDS500\data\images\test\81090.jpg,81090.jpg,BSR\BSDS500\data\images\test,test,BSDS500,JPEG,.jpg,321,481,0.154401,0.66736,RGB,3,8-bit/channel,70814,0.067533,97a600ef49cb2b1b975bd56a8ad53cddf2790ad914154c12ceb709ee9bbd5486,OK
BSR\BSDS500\data\images\test\81095.jpg,81095.jpg,BSR\BSDS500\data\images\test,test,BSDS500,JPEG,.jpg,481,321,0.154401,1.498442,RGB,3,8-bit/channel,61009,0.058183,ce6a90f3b14d89ae9646bdb57cb4d014b09f298a67b91eb8f5249e3075ea3dfb,OK
BSR\BSDS500\data\images\test\87015.jpg,87015.jpg,BSR\BSDS500\data\images\test,test,BSDS500,JPEG,.jpg,481,321,0.154401,1.498442,RGB,3,8-bit/channel,98097,0.093553,67e46094e3018c35400ac756eb85cc18f17f47492a999e7336a43ac6ffb24fd1,OK
BSR\BSDS500\data\images\test\92014.jpg,92014.jpg,BSR\BSDS500\data\images\test,test,BSDS500,JPEG,.jpg,481,321,0.154401,1.498442,RGB,3,8-bit/channel,78878,0.075224,193fa567046bd4fc4c331e57d7dff8329c3335c903a6dfbb451403df32dfeeae,OK
BSR\BSDS500\data\images\test\94095.jpg,94095.jpg,BSR\BSDS500\data\images\test,test,BSDS500,JPEG,.jpg,481,321,0.154401,1.498442,RGB,3,8-bit/channel,85639,0.081672,4e4a8018bd002cb6a4995f28b3700a160d1eea9c4e67a356a4a76896c4f8d58e,OK
BSR\BSDS500\data\images\test\97010.jpg,97010.jpg,BSR\BSDS500\data\images\test,test,BSDS500,JPEG,.jpg,481,321,0.154401,1.498442,RGB,3,8-bit/channel,86471,0.082465,b7dffd6106f6379ff965ed972973c8490f2708a92b3cbfa84f2be546907b093c,OK
BSR\BSDS500\data\images\train\100075.jpg,100075.jpg,BSR\BSDS500\data\images\train,train,BSDS500,JPEG,.jpg,481,321,0.154401,1.498442,RGB,3,8-bit/channel,75043,0.071567,b4b2461595dc3f70270574715acf287dc70027ec9d419a9917ed242036d1b0e5,OK
BSR\BSDS500\data\images\train\100080.jpg,100080.jpg,BSR\BSDS500\data\images\train,train,BSDS500,JPEG,.jpg,321,481,0.154401,0.66736,RGB,3,8-bit/channel,40866,0.038973,d52ff44bf19e17f49389eca134bcf57a90d27b15671952fabbd2f2334f75aa8e,OK
BSR\BSDS500\data\images\train\100098.jpg,100098.jpg,BSR\BSDS500\data\images\train,train,BSDS500,JPEG,.jpg,481,321,0.154401,1.498442,RGB,3,8-bit/channel,104854,0.099997,156fd9710dccd7bf3a821977f8d8155da0eccca553086f73771073e17a418aa6,OK
BSR\BSDS500\data\images\train\103041.jpg,103041.jpg,BSR\BSDS500\data\images\train,train,BSDS500,JPEG,.jpg,481,321,0.154401,1.498442,RGB,3,8-bit/channel,57599,0.054931,1e7ad4076e21f5558e487fddbd20f9553cc4e84629814a79c711f20c38e08461,OK
BSR\BSDS500\data\images\train\104022.jpg,104022.jpg,BSR\BSDS500\data\images\train,train,BSDS500,JPEG,.jpg,321,481,0.154401,0.66736,RGB,3,8-bit/channel,69508,0.066288,0300ff07de52aaa0b5d77b4497df1eb5aee2347b9d40f10a6a756aae51c133c5,OK
BSR\BSDS500\data\images\train\105019.jpg,105019.jpg,BSR\BSDS500\data\images\train,train,BSDS500,JPEG,.jpg,481,321,0.154401,1.498442,RGB,3,8-bit/channel,63628,0.06068,57e66c0eecb325b507a022c45fb7f44868dc56aef2d4c36db4abe45d56e443ee,OK
BSR\BSDS500\data\images\train\105053.jpg,105053.jpg,BSR\BSDS500\data\images\train,train,BSDS500,JPEG,.jpg,481,321,0.154401,1.498442,RGB,3,8-bit/channel,53269,0.050801,5d801fa5c75ffb4e7d3af8042a7db1b00b9e5599bcf4801e4b81e95b0cdb19ad,OK
BSR\BSDS500\data\images\train\106020.jpg,106020.jpg,BSR\BSDS500\data\images\train,train,BSDS500,JPEG,.jpg,481,321,0.154401,1.498442,RGB,3,8-bit/channel,71281,0.067979,9cd3230d2afde28af85b40cc591e54979f69bf615b68654daaf5e2ac9a88dbe5,OK
BSR\BSDS500\data\images\train\106025.jpg,106025.jpg,BSR\BSDS500\data\images\train,train,BSDS500,JPEG,.jpg,321,481,0.154401,0.66736,RGB,3,8-bit/channel,37465,0.035729,68c0e1afd93d8c4782d97bacea36453e59e2921d261e6f8622dc0832b2196f65,OK
BSR\BSDS500\data\images\train\108041.jpg,108041.jpg,BSR\BSDS500\data\images\train,train,BSDS500,JPEG,.jpg,321,481,0.154401,0.66736,RGB,3,8-bit/channel,68515,0.065341,4d6b84cff81706d1fb2e10e8225d24c28bf3b3d39d68c572ff2b4fe3adbfe1b9,OK
BSR\BSDS500\data\images\train\108073.jpg,108073.jpg,BSR\BSDS500\data\images\train,train,BSDS500,JPEG,.jpg,481,321,0.154401,1.498442,RGB,3,8-bit/channel,76435,0.072894,97d56ee9ea1481464b0e4a486315737771e65542d9fdfe6580cb8f30dcbadf66,OK
BSR\BSDS500\data\images\train\109034.jpg,109034.jpg,BSR\BSDS500\data\images\train,train,BSDS500,JPEG,.jpg,481,321,0.154401,1.498442,RGB,3,8-bit/channel,108033,0.103028,1ea4e38e1357dea48bb0698d3d69fea800e8346bac40b0646121e8ac985e28e9,OK
BSR\BSDS500\data\images\train\112082.jpg,112082.jpg,BSR\BSDS500\data\images\train,train,BSDS500,JPEG,.jpg,481,321,0.154401,1.498442,RGB,3,8-bit/channel,89708,0.085552,ba0aee5213b2433aae60bc69e933f26dd547ba797319bc807f63d4c5391e60ad,OK
BSR\BSDS500\data\images\train\113009.jpg,113009.jpg,BSR\BSDS500\data\images\train,train,BSDS500,JPEG,.jpg,321,481,0.154401,0.66736,RGB,3,8-bit/channel,64234,0.061258,6b53775a7a66783fec86a5d6cd69a48ec6907825882f799af2241b31f3bec7db,OK
BSR\BSDS500\data\images\train\113016.jpg,113016.jpg,BSR\BSDS500\data\images\train,train,BSDS500,JPEG,.jpg,481,321,0.154401,1.498442,RGB,3,8-bit/channel,93869,0.08952,f53e7355d1cb0ef5286ed4083ea6c264c5df296d9b79e47768b741eca9ed40ad,OK
BSR\BSDS500\data\images\train\113044.jpg,113044.jpg,BSR\BSDS500\data\images\train,train,BSDS500,JPEG,.jpg,481,321,0.154401,1.498442,RGB,3,8-bit/channel,96952,0.092461,896df50d4bab6e05655db1b84485ab7463dab7b44b52a87134ca9061e7bd94e6,OK
BSR\BSDS500\data\images\train\117054.jpg,117054.jpg,BSR\BSDS500\data\images\train,train,BSDS500,JPEG,.jpg,481,321,0.154401,1.498442,RGB,3,8-bit/channel,81036,0.077282,15ef2e322dcaa34da30625c98e42e1eb0428911ee45104c483e464571ac4b7c6,OK
BSR\BSDS500\data\images\train\118020.jpg,118020.jpg,BSR\BSDS500\data\images\train,train,BSDS500,JPEG,.jpg,481,321,0.154401,1.498442,RGB,3,8-bit/channel,82090,0.078287,da00f706075bda5d4a4fb9482ac7454980ceb56aa177578b8edd58af045bd676,OK
BSR\BSDS500\data\images\train\118035.jpg,118035.jpg,BSR\BSDS500\data\images\train,train,BSDS500,JPEG,.jpg,481,321,0.154401,1.498442,RGB,3,8-bit/channel,48797,0.046536,e15e989aa1f50a0870b5da340a0e939c721fa02b9d2dbb0229f92188fd634907,OK
BSR\BSDS500\data\images\train\12003.jpg,12003.jpg,BSR\BSDS500\data\images\train,train,BSDS500,JPEG,.jpg,481,321,0.154401,1.498442,RGB,3,8-bit/channel,85164,0.081219,82209028e619fa21b087ea9e3863c05febbf1d05d9d4f078e6cd2fb233d67e2b,OK
BSR\BSDS500\data\images\train\12074.jpg,12074.jpg,BSR\BSDS500\data\images\train,train,BSDS500,JPEG,.jpg,481,321,0.154401,1.498442,RGB,3,8-bit/channel,60437,0.057637,2da4340200aea1bce9a52f3824d50eca50a3dd4a7a923ae3f6de494ae1152ba6,OK
BSR\BSDS500\data\images\train\122048.jpg,122048.jpg,BSR\BSDS500\data\images\train,train,BSDS500,JPEG,.jpg,481,321,0.154401,1.498442,RGB,3,8-bit/channel,51019,0.048656,82ce6619f12d5c0625436aabf6f281ad9111753d1429c61274cec358ddee08fe,OK
BSR\BSDS500\data\images\train\124084.jpg,124084.jpg,BSR\BSDS500\data\images\train,train,BSDS500,JPEG,.jpg,481,321,0.154401,1.498442,RGB,3,8-bit/channel,63856,0.060898,db2fd9ed255d3d9125637b15ffe60779bb01e135cbb6ccd56bcb54be74653d61,OK
BSR\BSDS500\data\images\train\126039.jpg,126039.jpg,BSR\BSDS500\data\images\train,train,BSDS500,JPEG,.jpg,481,321,0.154401,1.498442,RGB,3,8-bit/channel,48307,0.046069,f8327a5e7cc0c8ce726b52043eb28b9ee8009f49d60f8822f77472a2512dd071,OK
BSR\BSDS500\data\images\train\130034.jpg,130034.jpg,BSR\BSDS500\data\images\train,train,BSDS500,JPEG,.jpg,481,321,0.154401,1.498442,RGB,3,8-bit/channel,111146,0.105997,f7ec41ecf32e2473fa4bf4cddfdd75991028666fb70c093078ede877491991f6,OK
BSR\BSDS500\data\images\train\134008.jpg,134008.jpg,BSR\BSDS500\data\images\train,train,BSDS500,JPEG,.jpg,481,321,0.154401,1.498442,RGB,3,8-bit/channel,61842,0.058977,27cafae75673a3dddeb065651a4007fc22ab5ad542df556287a051613caf3865,OK
BSR\BSDS500\data\images\train\134052.jpg,134052.jpg,BSR\BSDS500\data\images\train,train,BSDS500,JPEG,.jpg,481,321,0.154401,1.498442,RGB,3,8-bit/channel,65548,0.062511,f0d44fc6f469a2161a8156d3b8d8a5773e027f014b380a1e341c2ed613f07e9b,OK
BSR\BSDS500\data\images\train\135037.jpg,135037.jpg,BSR\BSDS500\data\images\train,train,BSDS500,JPEG,.jpg,481,321,0.154401,1.498442,RGB,3,8-bit/channel,40474,0.038599,2e9a39a111dc6af1a1af3bc7a88c85b4a206aa42cef01adbbcb9f67ea3bb4216,OK
BSR\BSDS500\data\images\train\135069.jpg,135069.jpg,BSR\BSDS500\data\images\train,train,BSDS500,JPEG,.jpg,481,321,0.154401,1.498442,RGB,3,8-bit/channel,23655,0.022559,667aafa575f92a0f46d2e35021e056a0f5dd781b42787e3146e8d85799af1812,OK
BSR\BSDS500\data\images\train\138032.jpg,138032.jpg,BSR\BSDS500\data\images\train,train,BSDS500,JPEG,.jpg,321,481,0.154401,0.66736,RGB,3,8-bit/channel,96219,0.091762,2f4f4beae33576d2d16defaed093939e3d9dfda74c2385385d017d0706647c92,OK
BSR\BSDS500\data\images\train\138078.jpg,138078.jpg,BSR\BSDS500\data\images\train,train,BSDS500,JPEG,.jpg,321,481,0.154401,0.66736,RGB,3,8-bit/channel,72629,0.069264,156743043490583baa9af1ab4d1ae1811359bc5fa94d5c5de3e5b522f4099eb4,OK
BSR\BSDS500\data\images\train\140055.jpg,140055.jpg,BSR\BSDS500\data\images\train,train,BSDS500,JPEG,.jpg,481,321,0.154401,1.498442,RGB,3,8-bit/channel,89820,0.085659,bb7a083e833fde82c57b1df0ba95c0d0577f50ae3bb687cb71a066d414d117aa,OK
BSR\BSDS500\data\images\train\140075.jpg,140075.jpg,BSR\BSDS500\data\images\train,train,BSDS500,JPEG,.jpg,481,321,0.154401,1.498442,RGB,3,8-bit/channel,79329,0.075654,701e224e47e3de85a84ef3fe0f203412db9aa870eb50d1c1f792a763a0e7b3a3,OK
BSR\BSDS500\data\images\train\144067.jpg,144067.jpg,BSR\BSDS500\data\images\train,train,BSDS500,JPEG,.jpg,321,481,0.154401,0.66736,RGB,3,8-bit/channel,84687,0.080764,00053961cb5ab696951a0684c5707bf3b67fb4ba3c3fdc0c4bc75e4f87480e2e,OK
BSR\BSDS500\data\images\train\145014.jpg,145014.jpg,BSR\BSDS500\data\images\train,train,BSDS500,JPEG,.jpg,481,321,0.154401,1.498442,RGB,3,8-bit/channel,83165,0.079312,22d67130d0cd1f49e43b3968f30ace97d99ff5910fce67929208683c334e2672,OK
BSR\BSDS500\data\images\train\145053.jpg,145053.jpg,BSR\BSDS500\data\images\train,train,BSDS500,JPEG,.jpg,481,321,0.154401,1.498442,RGB,3,8-bit/channel,76211,0.07268,08385cc993040101a9274df03fe69eb1be0911fee6370675eb9fde79c5c7bd96,OK
BSR\BSDS500\data\images\train\147021.jpg,147021.jpg,BSR\BSDS500\data\images\train,train,BSDS500,JPEG,.jpg,481,321,0.154401,1.498442,RGB,3,8-bit/channel,59824,0.057053,34d7ac9fa5e9e2fd50c3b7cd107315620b7dab16ff8832cf642e8fc6d3334b34,OK
BSR\BSDS500\data\images\train\147062.jpg,147062.jpg,BSR\BSDS500\data\images\train,train,BSDS500,JPEG,.jpg,321,481,0.154401,0.66736,RGB,3,8-bit/channel,118136,0.112663,2f61cc55df5fbf5f41df3964a1cc7538503c2ee747004bb77c096ce5bee2e868,OK
BSR\BSDS500\data\images\train\15004.jpg,15004.jpg,BSR\BSDS500\data\images\train,train,BSDS500,JPEG,.jpg,321,481,0.154401,0.66736,RGB,3,8-bit/channel,87575,0.083518,2ed06661ad2089a06ad998a10206d7b4d4ea5340ad9418037d9585185981e0b9,OK
BSR\BSDS500\data\images\train\15088.jpg,15088.jpg,BSR\BSDS500\data\images\train,train,BSDS500,JPEG,.jpg,321,481,0.154401,0.66736,RGB,3,8-bit/channel,57578,0.054911,d66df9d54fd05a288493ab11a1383d60166f7fc3c48e4e883f0ec83d8586496b,OK
BSR\BSDS500\data\images\train\151087.jpg,151087.jpg,BSR\BSDS500\data\images\train,train,BSDS500,JPEG,.jpg,481,321,0.154401,1.498442,RGB,3,8-bit/channel,72005,0.068669,0ad59de11bcbdf8687e3f706834f5eee3e2ae7040b492e65c4e4e9673edc80b0,OK
BSR\BSDS500\data\images\train\153077.jpg,153077.jpg,BSR\BSDS500\data\images\train,train,BSDS500,JPEG,.jpg,481,321,0.154401,1.498442,RGB,3,8-bit/channel,52575,0.050139,110645113f9d5c2eb024358a62c87931a6478b102c5c4e9d3ecd1ebb13dc232d,OK
BSR\BSDS500\data\images\train\153093.jpg,153093.jpg,BSR\BSDS500\data\images\train,train,BSDS500,JPEG,.jpg,481,321,0.154401,1.498442,RGB,3,8-bit/channel,67096,0.063988,690cdb2ccfcc5a6d7d8a97ca87be3d5270876a044bb6fdb541ae51b2608623c8,OK
BSR\BSDS500\data\images\train\155060.jpg,155060.jpg,BSR\BSDS500\data\images\train,train,BSDS500,JPEG,.jpg,321,481,0.154401,0.66736,RGB,3,8-bit/channel,83924,0.080036,5254d4eb0edc12f02b981e58b57a91c51c8f886507e44a2d52ef5a1447cbbd9f,OK
BSR\BSDS500\data\images\train\156079.jpg,156079.jpg,BSR\BSDS500\data\images\train,train,BSDS500,JPEG,.jpg,481,321,0.154401,1.498442,RGB,3,8-bit/channel,59685,0.05692,f00f7cd383ca7952b12071aa7d3ac23faf2903f187679374d0473c840fa20447,OK
BSR\BSDS500\data\images\train\157036.jpg,157036.jpg,BSR\BSDS500\data\images\train,train,BSDS500,JPEG,.jpg,321,481,0.154401,0.66736,RGB,3,8-bit/channel,92941,0.088635,b51b5f204153a5a7b405fd9ff5121183cd4c8e64ea8d4c660933c4980b558b1e,OK
BSR\BSDS500\data\images\train\159029.jpg,159029.jpg,BSR\BSDS500\data\images\train,train,BSDS500,JPEG,.jpg,481,321,0.154401,1.498442,RGB,3,8-bit/channel,90038,0.085867,bb2dfcfcf6889b4791b3e7990a36669ad1b6b8d5299500879046328edf6b40b7,OK
BSR\BSDS500\data\images\train\159045.jpg,159045.jpg,BSR\BSDS500\data\images\train,train,BSDS500,JPEG,.jpg,481,321,0.154401,1.498442,RGB,3,8-bit/channel,93112,0.088799,505d42ffdc0a397baa7b2f2d47026613fd56dbfac2aac79f616838f11374687e,OK
BSR\BSDS500\data\images\train\159091.jpg,159091.jpg,BSR\BSDS500\data\images\train,train,BSDS500,JPEG,.jpg,481,321,0.154401,1.498442,RGB,3,8-bit/channel,81499,0.077724,b38575cd4fb844fb60eb2ed78fb384c6bd96557018e01bfa4e102593106cd839,OK
BSR\BSDS500\data\images\train\16052.jpg,16052.jpg,BSR\BSDS500\data\images\train,train,BSDS500,JPEG,.jpg,481,321,0.154401,1.498442,RGB,3,8-bit/channel,65364,0.062336,be60accfd2bfa991b779640994308a61cc7bea0c672a45fa2d5649e004a7f15e,OK
BSR\BSDS500\data\images\train\161062.jpg,161062.jpg,BSR\BSDS500\data\images\train,train,BSDS500,JPEG,.jpg,481,321,0.154401,1.498442,RGB,3,8-bit/channel,50760,0.048409,54593ca91901025a58ee5c3d0018ba1becc240cc5f5773935cf477455d9b10bf,OK
BSR\BSDS500\data\images\train\163014.jpg,163014.jpg,BSR\BSDS500\data\images\train,train,BSDS500,JPEG,.jpg,321,481,0.154401,0.66736,RGB,3,8-bit/channel,60427,0.057628,d3e56ee4417eba2b38feabf86f8707913d8703cab38691650376eda3db9c41fd,OK
BSR\BSDS500\data\images\train\163062.jpg,163062.jpg,BSR\BSDS500\data\images\train,train,BSDS500,JPEG,.jpg,481,321,0.154401,1.498442,RGB,3,8-bit/channel,67443,0.064319,b66eaa74e2a2a3130284a3cd92b08fab0f679137f25edf3870462f8e8e31d862,OK
BSR\BSDS500\data\images\train\164074.jpg,164074.jpg,BSR\BSDS500\data\images\train,train,BSDS500,JPEG,.jpg,481,321,0.154401,1.498442,RGB,3,8-bit/channel,80390,0.076666,a6a0a2f76bc102579ba47c6a076f1be1564640976fccc524a9e6420061c3a288,OK
BSR\BSDS500\data\images\train\166081.jpg,166081.jpg,BSR\BSDS500\data\images\train,train,BSDS500,JPEG,.jpg,481,321,0.154401,1.498442,RGB,3,8-bit/channel,77651,0.074054,34216b6ce9050572b99502f7d67397caf712487864a0a85c94b921211e73b4d0,OK
BSR\BSDS500\data\images\train\169012.jpg,169012.jpg,BSR\BSDS500\data\images\train,train,BSDS500,JPEG,.jpg,481,321,0.154401,1.498442,RGB,3,8-bit/channel,95533,0.091107,a1580a729655fc9a63ca0d644130e770512e492f2a95d1c0121f4183e42ded50,OK
BSR\BSDS500\data\images\train\170054.jpg,170054.jpg,BSR\BSDS500\data\images\train,train,BSDS500,JPEG,.jpg,481,321,0.154401,1.498442,RGB,3,8-bit/channel,95692,0.091259,2f3cfc625e2361f264a2de6f15d9dbadb85e7d45bfa905fc630bb316f3b32a67,OK
BSR\BSDS500\data\images\train\172032.jpg,172032.jpg,BSR\BSDS500\data\images\train,train,BSDS500,JPEG,.jpg,321,481,0.154401,0.66736,RGB,3,8-bit/channel,47987,0.045764,497d9795ad4eac1c754e2175c26d2ae1a19fa1016c6dd1fe626c870d1e9b0b25,OK
BSR\BSDS500\data\images\train\173036.jpg,173036.jpg,BSR\BSDS500\data\images\train,train,BSDS500,JPEG,.jpg,481,321,0.154401,1.498442,RGB,3,8-bit/channel,69795,0.066562,ce4dd846ad9a8742c401fff0811762b29d1d5942e61bb67ddecd44f49d6a85e4,OK
BSR\BSDS500\data\images\train\176019.jpg,176019.jpg,BSR\BSDS500\data\images\train,train,BSDS500,JPEG,.jpg,321,481,0.154401,0.66736,RGB,3,8-bit/channel,106145,0.101228,ba9443d741bba1dc79d9946902a7f85b9808c65fe42986745ff9b872a10bd7fe,OK
BSR\BSDS500\data\images\train\176035.jpg,176035.jpg,BSR\BSDS500\data\images\train,train,BSDS500,JPEG,.jpg,481,321,0.154401,1.498442,RGB,3,8-bit/channel,70312,0.067055,f26789b6d421e8909898b3b0d4b67b91fab32e529e963f398793f015f286f866,OK
BSR\BSDS500\data\images\train\176039.jpg,176039.jpg,BSR\BSDS500\data\images\train,train,BSDS500,JPEG,.jpg,481,321,0.154401,1.498442,RGB,3,8-bit/channel,64476,0.061489,0799daf823e07de1910179b720779230f8aa076bbbac51ecc954d47aa1dc53bc,OK
BSR\BSDS500\data\images\train\178054.jpg,178054.jpg,BSR\BSDS500\data\images\train,train,BSDS500,JPEG,.jpg,481,321,0.154401,1.498442,RGB,3,8-bit/channel,59689,0.056924,8b76b03f5af5720cab1165a19e2d138c767abd95b807d108b29c0db5c0bdeaa2,OK
BSR\BSDS500\data\images\train\181018.jpg,181018.jpg,BSR\BSDS500\data\images\train,train,BSDS500,JPEG,.jpg,321,481,0.154401,0.66736,RGB,3,8-bit/channel,57150,0.054502,dbb26238f5097adc06ae16d8eca151072c7c1f62c2207d8c6635b97d880794bc,OK
BSR\BSDS500\data\images\train\181079.jpg,181079.jpg,BSR\BSDS500\data\images\train,train,BSDS500,JPEG,.jpg,321,481,0.154401,0.66736,RGB,3,8-bit/channel,69359,0.066146,d5c7b9a1dd70eb66c6faa1426f5abe24c3e878d7636c65cd70b450a1d9cf1a30,OK
BSR\BSDS500\data\images\train\181091.jpg,181091.jpg,BSR\BSDS500\data\images\train,train,BSDS500,JPEG,.jpg,321,481,0.154401,0.66736,RGB,3,8-bit/channel,87186,0.083147,8f9e26f3489b528b200a40de6dbfadec16a7505875998d6cd1fa80157e7bcd2a,OK
BSR\BSDS500\data\images\train\183055.jpg,183055.jpg,BSR\BSDS500\data\images\train,train,BSDS500,JPEG,.jpg,481,321,0.154401,1.498442,RGB,3,8-bit/channel,54959,0.052413,bd0c5c4df40bb1b449b71b5e0efde7781599a7724a12a20c0d6902d03e6011be,OK
BSR\BSDS500\data\images\train\183087.jpg,183087.jpg,BSR\BSDS500\data\images\train,train,BSDS500,JPEG,.jpg,481,321,0.154401,1.498442,RGB,3,8-bit/channel,74858,0.07139,8161ad4c000dc28bc80cf741a8c367e54327a1b7625ce52498bd56ab6f82da7d,OK
BSR\BSDS500\data\images\train\187003.jpg,187003.jpg,BSR\BSDS500\data\images\train,train,BSDS500,JPEG,.jpg,481,321,0.154401,1.498442,RGB,3,8-bit/channel,81737,0.07795,740ef38713b6a0e2efa0cfa67333cf960b904e88587d75e89215fa83c0c4556a,OK
BSR\BSDS500\data\images\train\187029.jpg,187029.jpg,BSR\BSDS500\data\images\train,train,BSDS500,JPEG,.jpg,321,481,0.154401,0.66736,RGB,3,8-bit/channel,55611,0.053035,e65e91083c8ee708181253fc41c8c6d14ddf45ab3f293c72faa98312632e759a,OK
BSR\BSDS500\data\images\train\187039.jpg,187039.jpg,BSR\BSDS500\data\images\train,train,BSDS500,JPEG,.jpg,481,321,0.154401,1.498442,RGB,3,8-bit/channel,89431,0.085288,f707dedd9d4477e9a140f07779afed480ad660233a4a69fb26564ecae8727863,OK
BSR\BSDS500\data\images\train\187071.jpg,187071.jpg,BSR\BSDS500\data\images\train,train,BSDS500,JPEG,.jpg,321,481,0.154401,0.66736,RGB,3,8-bit/channel,77938,0.074327,480d5e90c77fd119c0124de3b03d50217fc508bfcbc6b9415ebf56728120aeab,OK
BSR\BSDS500\data\images\train\187083.jpg,187083.jpg,BSR\BSDS500\data\images\train,train,BSDS500,JPEG,.jpg,321,481,0.154401,0.66736,RGB,3,8-bit/channel,54658,0.052126,3a208757b2191f68cc8643f015dd88075160f0920866e2ec8c078e6f8db42158,OK
BSR\BSDS500\data\images\train\188005.jpg,188005.jpg,BSR\BSDS500\data\images\train,train,BSDS500,JPEG,.jpg,481,321,0.154401,1.498442,RGB,3,8-bit/channel,63535,0.060592,373ef08b1963766234931ce4ebca06840b42dbc6a5a37c1b42a75654618c82ab,OK
BSR\BSDS500\data\images\train\188063.jpg,188063.jpg,BSR\BSDS500\data\images\train,train,BSDS500,JPEG,.jpg,481,321,0.154401,1.498442,RGB,3,8-bit/channel,55370,0.052805,a63954d1f0fc671278dd3f71f1a0d821f78eb04d51c01abd6706a7e03567a388,OK
BSR\BSDS500\data\images\train\188091.jpg,188091.jpg,BSR\BSDS500\data\images\train,train,BSDS500,JPEG,.jpg,481,321,0.154401,1.498442,RGB,3,8-bit/channel,39880,0.038033,c5f55fc1a53d803704fbf2c9d22f5bf4a352816a36936ed3e92192e313c9f183,OK
BSR\BSDS500\data\images\train\189003.jpg,189003.jpg,BSR\BSDS500\data\images\train,train,BSDS500,JPEG,.jpg,481,321,0.154401,1.498442,RGB,3,8-bit/channel,80339,0.076617,1c54dd3ef1530b2ebd9bdede0c6aa6700fbf65c25ea36a3fa0aa48668e6f5b11,OK
BSR\BSDS500\data\images\train\189011.jpg,189011.jpg,BSR\BSDS500\data\images\train,train,BSDS500,JPEG,.jpg,481,321,0.154401,1.498442,RGB,3,8-bit/channel,55274,0.052713,33f96f0bfcb6d4bbb09555789ee73194c7c30f62f2af824b603f8c04ad684452,OK
BSR\BSDS500\data\images\train\196015.jpg,196015.jpg,BSR\BSDS500\data\images\train,train,BSDS500,JPEG,.jpg,481,321,0.154401,1.498442,RGB,3,8-bit/channel,66079,0.063018,40595bda6fb918d106541af67cc8e0426a04c6e5863c407ef2a73374c12e76a9,OK
BSR\BSDS500\data\images\train\198004.jpg,198004.jpg,BSR\BSDS500\data\images\train,train,BSDS500,JPEG,.jpg,321,481,0.154401,0.66736,RGB,3,8-bit/channel,60400,0.057602,a3f266b543e084eb9486bae66a09304bb9b90711819e1e4614f72a1a9eb5fc6b,OK
BSR\BSDS500\data\images\train\198023.jpg,198023.jpg,BSR\BSDS500\data\images\train,train,BSDS500,JPEG,.jpg,321,481,0.154401,0.66736,RGB,3,8-bit/channel,86943,0.082915,70b5b6cdea34366b9007972603ebd3b2e794e69305393f1b6430af93933e0cb4,OK
BSR\BSDS500\data\images\train\198054.jpg,198054.jpg,BSR\BSDS500\data\images\train,train,BSDS500,JPEG,.jpg,321,481,0.154401,0.66736,RGB,3,8-bit/channel,92645,0.088353,99d4493b459f08f64fe5f84e25434409c7611f818b840eb47b1307d0d46f06ee,OK
BSR\BSDS500\data\images\train\20008.jpg,20008.jpg,BSR\BSDS500\data\images\train,train,BSDS500,JPEG,.jpg,321,481,0.154401,0.66736,RGB,3,8-bit/channel,62841,0.05993,a051d50a0ad0680cd89fdd3e7aeed911ee53de62dce312f9e76334bf7389f8db,OK
BSR\BSDS500\data\images\train\202012.jpg,202012.jpg,BSR\BSDS500\data\images\train,train,BSDS500,JPEG,.jpg,481,321,0.154401,1.498442,RGB,3,8-bit/channel,113373,0.108121,3ccc19af8ce606272d83533ed97e29743ef07c8087f95798ab01ec9706631357,OK
BSR\BSDS500\data\images\train\207056.jpg,207056.jpg,BSR\BSDS500\data\images\train,train,BSDS500,JPEG,.jpg,481,321,0.154401,1.498442,RGB,3,8-bit/channel,73195,0.069804,7658f456c08f06af0c435fceac05d154278239ca3f6841ea2c633c6a2c8c4d62,OK
BSR\BSDS500\data\images\train\209070.jpg,209070.jpg,BSR\BSDS500\data\images\train,train,BSDS500,JPEG,.jpg,481,321,0.154401,1.498442,RGB,3,8-bit/channel,67297,0.064179,c56032950e50ccebca38ebe3a1545b7c9a374d069d03083fa35cbd490d4e9aa2,OK
BSR\BSDS500\data\images\train\2092.jpg,2092.jpg,BSR\BSDS500\data\images\train,train,BSDS500,JPEG,.jpg,481,321,0.154401,1.498442,RGB,3,8-bit/channel,54208,0.051697,274503ed987a029f7e128487ea1f657f563ee68e1bd3fb1f691e218a9aea054d,OK
BSR\BSDS500\data\images\train\216041.jpg,216041.jpg,BSR\BSDS500\data\images\train,train,BSDS500,JPEG,.jpg,481,321,0.154401,1.498442,RGB,3,8-bit/channel,76751,0.073195,7e55b55f1db1dab5c1f3aaf34d7ea6c88fa16da189d58dacf4fb41bab093f262,OK
BSR\BSDS500\data\images\train\216053.jpg,216053.jpg,BSR\BSDS500\data\images\train,train,BSDS500,JPEG,.jpg,481,321,0.154401,1.498442,RGB,3,8-bit/channel,71300,0.067997,f77bad9b7ab42da16c49fb478ae3ac533d6b22b283d4ae389a448e3858915e47,OK
BSR\BSDS500\data\images\train\216066.jpg,216066.jpg,BSR\BSDS500\data\images\train,train,BSDS500,JPEG,.jpg,481,321,0.154401,1.498442,RGB,3,8-bit/channel,82264,0.078453,504ca6b60e5f2159b01b47c769953e4540a6eedcf9412760a591b7366e339d04,OK
BSR\BSDS500\data\images\train\22013.jpg,22013.jpg,BSR\BSDS500\data\images\train,train,BSDS500,JPEG,.jpg,321,481,0.154401,0.66736,RGB,3,8-bit/channel,70845,0.067563,1630638a74906aafc9aa3d7e21492b8c1ccf8f8faa29dbe349f3200f706ec547,OK
BSR\BSDS500\data\images\train\22090.jpg,22090.jpg,BSR\BSDS500\data\images\train,train,BSDS500,JPEG,.jpg,481,321,0.154401,1.498442,RGB,3,8-bit/channel,52722,0.05028,0d2571b84f29236b5baaa75c917f151876c3d77746796225ec2d6b92d699abe7,OK
BSR\BSDS500\data\images\train\22093.jpg,22093.jpg,BSR\BSDS500\data\images\train,train,BSDS500,JPEG,.jpg,321,481,0.154401,0.66736,RGB,3,8-bit/channel,76904,0.073341,924d70d1149bfd889b21baf09c7eca6c85068b70b86128f02ea5912028e9b796,OK
BSR\BSDS500\data\images\train\225017.jpg,225017.jpg,BSR\BSDS500\data\images\train,train,BSDS500,JPEG,.jpg,321,481,0.154401,0.66736,RGB,3,8-bit/channel,84430,0.080519,976e768d57a080a70fb8f5b9294614cb20f9fb87d62e627f79e90e7b4f0cb8f2,OK
BSR\BSDS500\data\images\train\227040.jpg,227040.jpg,BSR\BSDS500\data\images\train,train,BSDS500,JPEG,.jpg,481,321,0.154401,1.498442,RGB,3,8-bit/channel,55941,0.053349,076c53879666e97155d5ecb7538aaaf196c944f798ac91cb92e563b97dda1b5a,OK
BSR\BSDS500\data\images\train\227046.jpg,227046.jpg,BSR\BSDS500\data\images\train,train,BSDS500,JPEG,.jpg,481,321,0.154401,1.498442,RGB,3,8-bit/channel,73561,0.070153,5dbeff235cce6d52f08a68f74e9362be8e008f01e3d4b87d75ba5526d1496873,OK
BSR\BSDS500\data\images\train\23025.jpg,23025.jpg,BSR\BSDS500\data\images\train,train,BSDS500,JPEG,.jpg,321,481,0.154401,0.66736,RGB,3,8-bit/channel,65137,0.062119,5603852f1c983746485bdf459c83961a9b208d540b838697a863056a9d3446d5,OK
BSR\BSDS500\data\images\train\23080.jpg,23080.jpg,BSR\BSDS500\data\images\train,train,BSDS500,JPEG,.jpg,481,321,0.154401,1.498442,RGB,3,8-bit/channel,69077,0.065877,e167d0c757e60b9d7832e893a84f04c3afd34627d5d3c3a68b5605161e44d6e7,OK
BSR\BSDS500\data\images\train\23084.jpg,23084.jpg,BSR\BSDS500\data\images\train,train,BSDS500,JPEG,.jpg,481,321,0.154401,1.498442,RGB,3,8-bit/channel,71374,0.068068,17f5011826155d9a424a66b0a7c176e4f3cbec01a70b1b3bb9c3a21ac13cf99a,OK
BSR\BSDS500\data\images\train\231015.jpg,231015.jpg,BSR\BSDS500\data\images\train,train,BSDS500,JPEG,.jpg,481,321,0.154401,1.498442,RGB,3,8-bit/channel,97220,0.092716,52f766c478c17ca494ae55677b1d77b448d31119c9935b8a2523e04083b9a08e,OK
BSR\BSDS500\data\images\train\232038.jpg,232038.jpg,BSR\BSDS500\data\images\train,train,BSDS500,JPEG,.jpg,481,321,0.154401,1.498442,RGB,3,8-bit/channel,68355,0.065188,cd8761daf9f64337f01119777b26ffb975ec113da6d0e1b22608700f675e2445,OK
BSR\BSDS500\data\images\train\236017.jpg,236017.jpg,BSR\BSDS500\data\images\train,train,BSDS500,JPEG,.jpg,481,321,0.154401,1.498442,RGB,3,8-bit/channel,88244,0.084156,2122231b75ce09ef22471aefe8a94ff595ca6cd048dadb3174fb6535c8241a38,OK
BSR\BSDS500\data\images\train\238011.jpg,238011.jpg,BSR\BSDS500\data\images\train,train,BSDS500,JPEG,.jpg,481,321,0.154401,1.498442,RGB,3,8-bit/channel,33297,0.031754,5434d6bd1f0077fefdd629f87eb58384f8c03f92e5fdce648db7dbdc216dd599,OK
BSR\BSDS500\data\images\train\239007.jpg,239007.jpg,BSR\BSDS500\data\images\train,train,BSDS500,JPEG,.jpg,321,481,0.154401,0.66736,RGB,3,8-bit/channel,75917,0.0724,d30c8fe68aa274ec3a0c0a98c0c62419013033faa4f0ba46b4bdab8fb3c2e2a9,OK
BSR\BSDS500\data\images\train\239096.jpg,239096.jpg,BSR\BSDS500\data\images\train,train,BSDS500,JPEG,.jpg,481,321,0.154401,1.498442,RGB,3,8-bit/channel,58612,0.055897,d8cc6eba60e3ad80bcd1932a7506b524813c1217a678bfd5b5a275b21cf62e66,OK
BSR\BSDS500\data\images\train\24004.jpg,24004.jpg,BSR\BSDS500\data\images\train,train,BSDS500,JPEG,.jpg,321,481,0.154401,0.66736,RGB,3,8-bit/channel,77723,0.074122,2d4ccde85f753a82f67c9261204c6b6333ab8484504cf433d4383382c87ebb87,OK
BSR\BSDS500\data\images\train\24063.jpg,24063.jpg,BSR\BSDS500\data\images\train,train,BSDS500,JPEG,.jpg,481,321,0.154401,1.498442,RGB,3,8-bit/channel,39120,0.037308,545d3a0f4cbe1fb6b7897ef3cae6a9fcaa681e39616ad73f4e4e99ba95d1a6fb,OK
BSR\BSDS500\data\images\train\242078.jpg,242078.jpg,BSR\BSDS500\data\images\train,train,BSDS500,JPEG,.jpg,321,481,0.154401,0.66736,RGB,3,8-bit/channel,83046,0.079199,433f30806efec69645d37561043e88b46a8500d5a6e508acaf08d3df28c8ed0a,OK
BSR\BSDS500\data\images\train\245051.jpg,245051.jpg,BSR\BSDS500\data\images\train,train,BSDS500,JPEG,.jpg,481,321,0.154401,1.498442,RGB,3,8-bit/channel,65817,0.062768,cfa804a708b2b742a3edfdf5bffc5038ad8882b999a2eb25275e142cf805f842,OK
BSR\BSDS500\data\images\train\246016.jpg,246016.jpg,BSR\BSDS500\data\images\train,train,BSDS500,JPEG,.jpg,321,481,0.154401,0.66736,RGB,3,8-bit/channel,54069,0.051564,f0d4c02752e0883e838911cef69b2a579a5e47776a373d32a135089a999f7480,OK
BSR\BSDS500\data\images\train\246053.jpg,246053.jpg,BSR\BSDS500\data\images\train,train,BSDS500,JPEG,.jpg,321,481,0.154401,0.66736,RGB,3,8-bit/channel,45026,0.04294,111118f64a172e9c67d14da0a5a7a41878ea29d804db0b14a12c03f344b0c678,OK
BSR\BSDS500\data\images\train\247085.jpg,247085.jpg,BSR\BSDS500\data\images\train,train,BSDS500,JPEG,.jpg,481,321,0.154401,1.498442,RGB,3,8-bit/channel,69123,0.065921,0bab7ce141b0b2094685f0a10fa671796f7e18f36c28022fe701f019735aa200,OK
BSR\BSDS500\data\images\train\249061.jpg,249061.jpg,BSR\BSDS500\data\images\train,train,BSDS500,JPEG,.jpg,481,321,0.154401,1.498442,RGB,3,8-bit/channel,59735,0.056968,4e7e2815c209ff5a736590464a99bd3ad2cb1ffe6ee75c855973e67e276e0f1e,OK
BSR\BSDS500\data\images\train\249087.jpg,249087.jpg,BSR\BSDS500\data\images\train,train,BSDS500,JPEG,.jpg,481,321,0.154401,1.498442,RGB,3,8-bit/channel,86295,0.082297,3da8ba0bac946efde6840c5d7bf787cafa4bd198eefb408105270114616e878f,OK
BSR\BSDS500\data\images\train\25098.jpg,25098.jpg,BSR\BSDS500\data\images\train,train,BSDS500,JPEG,.jpg,321,481,0.154401,0.66736,RGB,3,8-bit/channel,80148,0.076435,4cf953fb3cc6bbb9089483a8bcdc3fb956b3ea9aeb444673f5ab4703fe25705a,OK
BSR\BSDS500\data\images\train\253036.jpg,253036.jpg,BSR\BSDS500\data\images\train,train,BSDS500,JPEG,.jpg,481,321,0.154401,1.498442,RGB,3,8-bit/channel,42387,0.040423,7a54cba62c89a3e4042c000d9f9333f940e5f7c88e18a11e88a6ea5cf771796a,OK
BSR\BSDS500\data\images\train\254033.jpg,254033.jpg,BSR\BSDS500\data\images\train,train,BSDS500,JPEG,.jpg,481,321,0.154401,1.498442,RGB,3,8-bit/channel,92759,0.088462,62dba2a03d58e1fee456829ae170019c4dddf57c4ab0b855453d0fd127f64033,OK
BSR\BSDS500\data\images\train\254054.jpg,254054.jpg,BSR\BSDS500\data\images\train,train,BSDS500,JPEG,.jpg,321,481,0.154401,0.66736,RGB,3,8-bit/channel,100361,0.095712,d92db03f3a55c6d7e13decc2977ad970935691a19b843ab9e0564d749aea2109,OK
BSR\BSDS500\data\images\train\260081.jpg,260081.jpg,BSR\BSDS500\data\images\train,train,BSDS500,JPEG,.jpg,321,481,0.154401,0.66736,RGB,3,8-bit/channel,75732,0.072224,7118955b0c6d988e86907d5334385963af3c48440c7ad1bb6185a2359f6598c0,OK
BSR\BSDS500\data\images\train\26031.jpg,26031.jpg,BSR\BSDS500\data\images\train,train,BSDS500,JPEG,.jpg,321,481,0.154401,0.66736,RGB,3,8-bit/channel,107129,0.102166,fba6d84e560eb3eed75ad615db4fdc3046d7c7f19d8f8c3bf027fca204abb9e3,OK
BSR\BSDS500\data\images\train\268002.jpg,268002.jpg,BSR\BSDS500\data\images\train,train,BSDS500,JPEG,.jpg,321,481,0.154401,0.66736,RGB,3,8-bit/channel,61826,0.058962,9ad84bc002d93644d2e6304a50abcf4997ed84136d17d8e074e33e1488a88f21,OK
BSR\BSDS500\data\images\train\27059.jpg,27059.jpg,BSR\BSDS500\data\images\train,train,BSDS500,JPEG,.jpg,321,481,0.154401,0.66736,RGB,3,8-bit/channel,72530,0.06917,b2ad41923ca24fbe04b6b291dc8d1ed99eb79ad9060f93d99b4c715ac4684b91,OK
BSR\BSDS500\data\images\train\271008.jpg,271008.jpg,BSR\BSDS500\data\images\train,train,BSDS500,JPEG,.jpg,481,321,0.154401,1.498442,RGB,3,8-bit/channel,69413,0.066197,51810e553db1d021984d797753285f6dded11db5919a55a131a196d988228450,OK
BSR\BSDS500\data\images\train\271031.jpg,271031.jpg,BSR\BSDS500\data\images\train,train,BSDS500,JPEG,.jpg,481,321,0.154401,1.498442,RGB,3,8-bit/channel,37010,0.035295,49a045a1d2711c4dcd9ffe6f83a56b8c11d7308ab88fedceaf735e4d290457bd,OK
BSR\BSDS500\data\images\train\274007.jpg,274007.jpg,BSR\BSDS500\data\images\train,train,BSDS500,JPEG,.jpg,321,481,0.154401,0.66736,RGB,3,8-bit/channel,99691,0.095073,c71cd2933b7f209292d204ab1da52e9d707f9115789f08a553b0a62712ba29f9,OK
BSR\BSDS500\data\images\train\277095.jpg,277095.jpg,BSR\BSDS500\data\images\train,train,BSDS500,JPEG,.jpg,321,481,0.154401,0.66736,RGB,3,8-bit/channel,86137,0.082147,f6fe046b7f597c565443429dbc3d51d8239023038438b2fde68010316ed40ed0,OK
BSR\BSDS500\data\images\train\28075.jpg,28075.jpg,BSR\BSDS500\data\images\train,train,BSDS500,JPEG,.jpg,481,321,0.154401,1.498442,RGB,3,8-bit/channel,86305,0.082307,ffd87260a8e593287b3c35151b39d8861ba2a80d3b69ef5a0f6f9d089be5ab0d,OK
BSR\BSDS500\data\images\train\28096.jpg,28096.jpg,BSR\BSDS500\data\images\train,train,BSDS500,JPEG,.jpg,481,321,0.154401,1.498442,RGB,3,8-bit/channel,71084,0.067791,6bdb764890d0fc3d59ddd6419ee93188c0a5397cf14b94ca825ce25fc5299f7e,OK
BSR\BSDS500\data\images\train\285036.jpg,285036.jpg,BSR\BSDS500\data\images\train,train,BSDS500,JPEG,.jpg,481,321,0.154401,1.498442,RGB,3,8-bit/channel,56346,0.053736,bad41816602b3d7aba1497f746bd3a851911ca1275814b8d13d9376b5c4810cb,OK
BSR\BSDS500\data\images\train\286092.jpg,286092.jpg,BSR\BSDS500\data\images\train,train,BSDS500,JPEG,.jpg,481,321,0.154401,1.498442,RGB,3,8-bit/channel,62250,0.059366,232614953c26018ca9f1038acf1c58912672be9960f433f35aff53111537ca1b,OK
BSR\BSDS500\data\images\train\292066.jpg,292066.jpg,BSR\BSDS500\data\images\train,train,BSDS500,JPEG,.jpg,321,481,0.154401,0.66736,RGB,3,8-bit/channel,80733,0.076993,8c810fe5667d2323067808678e7d1315e3e6d3ed6d6259516c55d4458a0a1373,OK
BSR\BSDS500\data\images\train\293029.jpg,293029.jpg,BSR\BSDS500\data\images\train,train,BSDS500,JPEG,.jpg,481,321,0.154401,1.498442,RGB,3,8-bit/channel,84216,0.080315,463c7966c89174d26afb6a19bb6a78a206b96dc622ace8837b6bb3abfa0eaf8a,OK
BSR\BSDS500\data\images\train\299091.jpg,299091.jpg,BSR\BSDS500\data\images\train,train,BSDS500,JPEG,.jpg,481,321,0.154401,1.498442,RGB,3,8-bit/channel,46971,0.044795,97c5eddecfc1fd3678300f73c094ce4292d66fb659957e960f9afb79b8e0db9e,OK
BSR\BSDS500\data\images\train\301007.jpg,301007.jpg,BSR\BSDS500\data\images\train,train,BSDS500,JPEG,.jpg,321,481,0.154401,0.66736,RGB,3,8-bit/channel,82056,0.078255,adfe1661c7be8537f7c29cbb5832603fc685442146d161fb7a69b0836a339acf,OK
BSR\BSDS500\data\images\train\302003.jpg,302003.jpg,BSR\BSDS500\data\images\train,train,BSDS500,JPEG,.jpg,321,481,0.154401,0.66736,RGB,3,8-bit/channel,59611,0.056849,a80e9a11541b6b93e21ef1d9b21e2434d3d2b729307a5ac86b1a02e066bc52b4,OK
BSR\BSDS500\data\images\train\309004.jpg,309004.jpg,BSR\BSDS500\data\images\train,train,BSDS500,JPEG,.jpg,481,321,0.154401,1.498442,RGB,3,8-bit/channel,116317,0.110929,6f12849beaa81204d9e2d9af32f78d6d95d09ca5036c61cd9216675dd8d48f14,OK
BSR\BSDS500\data\images\train\310007.jpg,310007.jpg,BSR\BSDS500\data\images\train,train,BSDS500,JPEG,.jpg,481,321,0.154401,1.498442,RGB,3,8-bit/channel,70068,0.066822,17e8a7650be55c9ca9393a613b95d13ab329ae80571b1a096bb7e72a24e46b88,OK
BSR\BSDS500\data\images\train\311068.jpg,311068.jpg,BSR\BSDS500\data\images\train,train,BSDS500,JPEG,.jpg,321,481,0.154401,0.66736,RGB,3,8-bit/channel,93391,0.089065,3146e0e94f979e2c0cd7bd50b694134734f54380bac9325ae24cfbfefd8d928f,OK
BSR\BSDS500\data\images\train\311081.jpg,311081.jpg,BSR\BSDS500\data\images\train,train,BSDS500,JPEG,.jpg,321,481,0.154401,0.66736,RGB,3,8-bit/channel,107769,0.102777,c0e14ae2bd9800fe2ea8470eb45a6001aacf85ca884eda65371e6ee21d8ec608,OK
BSR\BSDS500\data\images\train\314016.jpg,314016.jpg,BSR\BSDS500\data\images\train,train,BSDS500,JPEG,.jpg,481,321,0.154401,1.498442,RGB,3,8-bit/channel,72554,0.069193,d6c0b2e35420643aa21a16a3a7b480a525d8b7bc7f0ba1f13ba4f10f5d3c280e,OK
BSR\BSDS500\data\images\train\317080.jpg,317080.jpg,BSR\BSDS500\data\images\train,train,BSDS500,JPEG,.jpg,481,321,0.154401,1.498442,RGB,3,8-bit/channel,65051,0.062037,5ff96228e4bb947da0901f617c4492d6ecadef81729fee603e8c0fbda142f716,OK
BSR\BSDS500\data\images\train\323016.jpg,323016.jpg,BSR\BSDS500\data\images\train,train,BSDS500,JPEG,.jpg,481,321,0.154401,1.498442,RGB,3,8-bit/channel,65995,0.062938,5ab43672021c622a34fa85931a6f63d10e2c93b297e5c0dd894d3ea25148a42d,OK
BSR\BSDS500\data\images\train\326038.jpg,326038.jpg,BSR\BSDS500\data\images\train,train,BSDS500,JPEG,.jpg,481,321,0.154401,1.498442,RGB,3,8-bit/channel,109153,0.104096,b63ecef521773f1c7b773b562422acf66aaf3f5fb14d38b6a320746bbd40d054,OK
BSR\BSDS500\data\images\train\33066.jpg,33066.jpg,BSR\BSDS500\data\images\train,train,BSDS500,JPEG,.jpg,481,321,0.154401,1.498442,RGB,3,8-bit/channel,78538,0.0749,3518a4a6a931578a21fa41603a5f22d39004136a0b6c3a66c951285a6b10ad63,OK
BSR\BSDS500\data\images\train\35008.jpg,35008.jpg,BSR\BSDS500\data\images\train,train,BSDS500,JPEG,.jpg,481,321,0.154401,1.498442,RGB,3,8-bit/channel,43246,0.041243,c96d0152195351dee60a3bbb1f7e719eb5d977f5d760a778ee7decda2a7f79dd,OK
BSR\BSDS500\data\images\train\35010.jpg,35010.jpg,BSR\BSDS500\data\images\train,train,BSDS500,JPEG,.jpg,481,321,0.154401,1.498442,RGB,3,8-bit/channel,82640,0.078812,1aec271e4b952acee3f5414899633f7d377ac054c7da57bcaa455ae30e40276f,OK
BSR\BSDS500\data\images\train\35058.jpg,35058.jpg,BSR\BSDS500\data\images\train,train,BSDS500,JPEG,.jpg,481,321,0.154401,1.498442,RGB,3,8-bit/channel,43382,0.041372,2cc200475b427bad74a7f58a7f031e320ab14a86affc7a3873301aa78402534a,OK
BSR\BSDS500\data\images\train\35070.jpg,35070.jpg,BSR\BSDS500\data\images\train,train,BSDS500,JPEG,.jpg,481,321,0.154401,1.498442,RGB,3,8-bit/channel,45550,0.04344,2451a585fc1817d732c81bd73b14a7614e2a1da7f647e288126a9a76b61df5e6,OK
BSR\BSDS500\data\images\train\35091.jpg,35091.jpg,BSR\BSDS500\data\images\train,train,BSDS500,JPEG,.jpg,481,321,0.154401,1.498442,RGB,3,8-bit/channel,98551,0.093986,391d904c55e8d1161d6096edb6b0507f9621801fc630ff186259be846d939d52,OK
BSR\BSDS500\data\images\train\353013.jpg,353013.jpg,BSR\BSDS500\data\images\train,train,BSDS500,JPEG,.jpg,481,321,0.154401,1.498442,RGB,3,8-bit/channel,67699,0.064563,8b7696a58f1228ac42e8eb5b9ac0af9f100ea4b7eadb0cf66602d878002814f4,OK
BSR\BSDS500\data\images\train\361084.jpg,361084.jpg,BSR\BSDS500\data\images\train,train,BSDS500,JPEG,.jpg,481,321,0.154401,1.498442,RGB,3,8-bit/channel,84327,0.08042,f080e7868d5ea74b31076e2a9a268c056fd73f6830ec1f4c4eb8814e4070fad7,OK
BSR\BSDS500\data\images\train\365025.jpg,365025.jpg,BSR\BSDS500\data\images\train,train,BSDS500,JPEG,.jpg,321,481,0.154401,0.66736,RGB,3,8-bit/channel,60793,0.057977,2e1c5061a9565ded28b65ab0b80b382baa5a0fb586ed0b23809b475e672938f6,OK
BSR\BSDS500\data\images\train\365073.jpg,365073.jpg,BSR\BSDS500\data\images\train,train,BSDS500,JPEG,.jpg,481,321,0.154401,1.498442,RGB,3,8-bit/channel,123972,0.118229,139268398b47476ae6e645527e9837d57cefe69f000ad23def31ddef1542d9dd,OK
BSR\BSDS500\data\images\train\368016.jpg,368016.jpg,BSR\BSDS500\data\images\train,train,BSDS500,JPEG,.jpg,481,321,0.154401,1.498442,RGB,3,8-bit/channel,76946,0.073381,f3a61a291a3f47a3dd3e495f334ba0a4f5876d9b355dcaf3c35564d2c158ead4,OK
BSR\BSDS500\data\images\train\368078.jpg,368078.jpg,BSR\BSDS500\data\images\train,train,BSDS500,JPEG,.jpg,321,481,0.154401,0.66736,RGB,3,8-bit/channel,80072,0.076363,8b38267196f7b7f608c2eb1db535075d6e5d3b8df9e6180db6ad8bcbd30a8561,OK
BSR\BSDS500\data\images\train\370036.jpg,370036.jpg,BSR\BSDS500\data\images\train,train,BSDS500,JPEG,.jpg,481,321,0.154401,1.498442,RGB,3,8-bit/channel,72239,0.068892,aefde573f8a7e4396ad40682697200e9083ec586e6ab166f46d62920d638dd6e,OK
BSR\BSDS500\data\images\train\372047.jpg,372047.jpg,BSR\BSDS500\data\images\train,train,BSDS500,JPEG,.jpg,321,481,0.154401,0.66736,RGB,3,8-bit/channel,77750,0.074148,eb4314d3803bba3cd57cdd2be72c7dbe521045579f09fc25a5913752c88753f9,OK
BSR\BSDS500\data\images\train\374020.jpg,374020.jpg,BSR\BSDS500\data\images\train,train,BSDS500,JPEG,.jpg,481,321,0.154401,1.498442,RGB,3,8-bit/channel,71608,0.068291,c4bf625ad708d23f951b3efb0550612098b89ed485d5e076a6ecb441327a5790,OK
BSR\BSDS500\data\images\train\374067.jpg,374067.jpg,BSR\BSDS500\data\images\train,train,BSDS500,JPEG,.jpg,321,481,0.154401,0.66736,RGB,3,8-bit/channel,64260,0.061283,1c4ef7ec171169ecabbd23ce3ba06bcd6978efe69e98bd6ec361b6bbff3d8bb3,OK
BSR\BSDS500\data\images\train\376001.jpg,376001.jpg,BSR\BSDS500\data\images\train,train,BSDS500,JPEG,.jpg,481,321,0.154401,1.498442,RGB,3,8-bit/channel,94238,0.089872,c91f6ed09df383dd0ac8471d63d93fab4cd6a1a58a8dd6c2dbe0a2bb8b55d14a,OK
BSR\BSDS500\data\images\train\376020.jpg,376020.jpg,BSR\BSDS500\data\images\train,train,BSDS500,JPEG,.jpg,481,321,0.154401,1.498442,RGB,3,8-bit/channel,85165,0.08122,51746eda824648e30e297aa60f8cfedc416a0c12b75fdabe09f76c710bd40864,OK
BSR\BSDS500\data\images\train\385028.jpg,385028.jpg,BSR\BSDS500\data\images\train,train,BSDS500,JPEG,.jpg,481,321,0.154401,1.498442,RGB,3,8-bit/channel,84296,0.080391,f77f509acec929bbedf9f641febc8cc57ba5db26677606357af94837a5218b86,OK
BSR\BSDS500\data\images\train\388016.jpg,388016.jpg,BSR\BSDS500\data\images\train,train,BSDS500,JPEG,.jpg,321,481,0.154401,0.66736,RGB,3,8-bit/channel,82833,0.078996,0cd67065b3ece3c4b88cd4abbd1c49b8b9aa4cd94d848b54533310d15142b680,OK
BSR\BSDS500\data\images\train\41004.jpg,41004.jpg,BSR\BSDS500\data\images\train,train,BSDS500,JPEG,.jpg,481,321,0.154401,1.498442,RGB,3,8-bit/channel,47548,0.045345,18ab4ca2c20426fad316757ea6ab3b260fa6ea37ccff518cd4a7cc329091991b,OK
BSR\BSDS500\data\images\train\41025.jpg,41025.jpg,BSR\BSDS500\data\images\train,train,BSDS500,JPEG,.jpg,481,321,0.154401,1.498442,RGB,3,8-bit/channel,92680,0.088387,f251407ef9a59235329e84c4d37cdf730fcd1dd431eeafe60585d9af4e8ba789,OK
BSR\BSDS500\data\images\train\42044.jpg,42044.jpg,BSR\BSDS500\data\images\train,train,BSDS500,JPEG,.jpg,481,321,0.154401,1.498442,RGB,3,8-bit/channel,51644,0.049252,a8ef1539007cfeda438d7c20cd4e009c5ca5e31fbdbd73dd40683897361222b8,OK
BSR\BSDS500\data\images\train\42078.jpg,42078.jpg,BSR\BSDS500\data\images\train,train,BSDS500,JPEG,.jpg,481,321,0.154401,1.498442,RGB,3,8-bit/channel,38986,0.03718,8581db9f492bf49c7c4ccd3afa51d5af4bd9f2584f1478aaba76072a8cb2cd9f,OK
BSR\BSDS500\data\images\train\43070.jpg,43070.jpg,BSR\BSDS500\data\images\train,train,BSDS500,JPEG,.jpg,481,321,0.154401,1.498442,RGB,3,8-bit/channel,55916,0.053326,b1530a4865876dc03e202d63e8c7f53e6005e951858d1971f222d3fce4ad2574,OK
BSR\BSDS500\data\images\train\43083.jpg,43083.jpg,BSR\BSDS500\data\images\train,train,BSDS500,JPEG,.jpg,481,321,0.154401,1.498442,RGB,3,8-bit/channel,70067,0.066821,f84b16dc078d7ec78712be49223bbde0378a85d7546980e00849bf717721c7bd,OK
BSR\BSDS500\data\images\train\45077.jpg,45077.jpg,BSR\BSDS500\data\images\train,train,BSDS500,JPEG,.jpg,481,321,0.154401,1.498442,RGB,3,8-bit/channel,84287,0.080382,be1cc8eccd4d479e7c7af652b445813caba0078fa53214ef8b29daef2040fbe2,OK
BSR\BSDS500\data\images\train\46076.jpg,46076.jpg,BSR\BSDS500\data\images\train,train,BSDS500,JPEG,.jpg,321,481,0.154401,0.66736,RGB,3,8-bit/channel,60054,0.057272,0dd7dd057a991aba7b44e809a3d03aaf75c8ab889f8b56c5cd1eb1493246f0f8,OK
BSR\BSDS500\data\images\train\48055.jpg,48055.jpg,BSR\BSDS500\data\images\train,train,BSDS500,JPEG,.jpg,321,481,0.154401,0.66736,RGB,3,8-bit/channel,76651,0.0731,2dbf3f3f6203be60b47f17f33553bb855de73b065cc309b718d7a4289320dc61,OK
BSR\BSDS500\data\images\train\54005.jpg,54005.jpg,BSR\BSDS500\data\images\train,train,BSDS500,JPEG,.jpg,321,481,0.154401,0.66736,RGB,3,8-bit/channel,91356,0.087124,dd779e6b4a42380908dfc22423edd559ed0fd063420991a6d6b45986d6827d18,OK
BSR\BSDS500\data\images\train\55067.jpg,55067.jpg,BSR\BSDS500\data\images\train,train,BSDS500,JPEG,.jpg,481,321,0.154401,1.498442,RGB,3,8-bit/channel,36855,0.035148,18b06e3e62c990d7a3ff385e7caee567b008c5c92c7073d0d5bae16bcaf963bf,OK
BSR\BSDS500\data\images\train\55075.jpg,55075.jpg,BSR\BSDS500\data\images\train,train,BSDS500,JPEG,.jpg,321,481,0.154401,0.66736,RGB,3,8-bit/channel,70037,0.066792,42a554b3cc0eed83ee5ba8b4a1470cf7318e75dd27fc6ca621411e3ca13d7292,OK
BSR\BSDS500\data\images\train\56028.jpg,56028.jpg,BSR\BSDS500\data\images\train,train,BSDS500,JPEG,.jpg,481,321,0.154401,1.498442,RGB,3,8-bit/channel,95362,0.090944,766ba9a6405c78d0f7114f8b502de63a78c2d1cf5b0fcd437fdd20bb7165e80b,OK
BSR\BSDS500\data\images\train\59078.jpg,59078.jpg,BSR\BSDS500\data\images\train,train,BSDS500,JPEG,.jpg,481,321,0.154401,1.498442,RGB,3,8-bit/channel,63162,0.060236,0c17430f9e2250cf5a60e10cb65079cf8df3dad8881a2e7bb5a23e24bf0803e4,OK
BSR\BSDS500\data\images\train\60079.jpg,60079.jpg,BSR\BSDS500\data\images\train,train,BSDS500,JPEG,.jpg,321,481,0.154401,0.66736,RGB,3,8-bit/channel,33678,0.032118,112c3f4f07287535a093ba931e49ee972fef1ceccb02df25bd1390b4a47113cc,OK
BSR\BSDS500\data\images\train\61060.jpg,61060.jpg,BSR\BSDS500\data\images\train,train,BSDS500,JPEG,.jpg,481,321,0.154401,1.498442,RGB,3,8-bit/channel,75578,0.072077,25c41d4456ad719d6fe6397e65bcfffa9a75d21e50a7866169e7ffdcff245ae4,OK
BSR\BSDS500\data\images\train\61086.jpg,61086.jpg,BSR\BSDS500\data\images\train,train,BSDS500,JPEG,.jpg,321,481,0.154401,0.66736,RGB,3,8-bit/channel,96920,0.09243,e35da38a9202415a56cb5eeb4ce33cd83f39035a4098193881072f85968cf7e6,OK
BSR\BSDS500\data\images\train\65010.jpg,65010.jpg,BSR\BSDS500\data\images\train,train,BSDS500,JPEG,.jpg,481,321,0.154401,1.498442,RGB,3,8-bit/channel,76723,0.073169,a9fd6ca16e5240c9db1cd435ed42cdabddaa3fb7a7e229a71a3fef8efa75b378,OK
BSR\BSDS500\data\images\train\65019.jpg,65019.jpg,BSR\BSDS500\data\images\train,train,BSDS500,JPEG,.jpg,481,321,0.154401,1.498442,RGB,3,8-bit/channel,74234,0.070795,f5c2174b99323b9471090ae16efddb50937430d122225502bdebee0db29bcaa6,OK
BSR\BSDS500\data\images\train\65074.jpg,65074.jpg,BSR\BSDS500\data\images\train,train,BSDS500,JPEG,.jpg,321,481,0.154401,0.66736,RGB,3,8-bit/channel,68954,0.06576,30b3d41657fe2f12937a21b55ef12f4353b790081d974462b809177332331b64,OK
BSR\BSDS500\data\images\train\65132.jpg,65132.jpg,BSR\BSDS500\data\images\train,train,BSDS500,JPEG,.jpg,481,321,0.154401,1.498442,RGB,3,8-bit/channel,83006,0.079161,f2f34b87c0425d5392ebbd6aba9761cb76b5c2e16609a7a57977519b3184fa28,OK
BSR\BSDS500\data\images\train\66039.jpg,66039.jpg,BSR\BSDS500\data\images\train,train,BSDS500,JPEG,.jpg,321,481,0.154401,0.66736,RGB,3,8-bit/channel,76757,0.073201,6077f1d3c4c03aac7be0851276558ef68b8a73ea94274db74dfdcecdfc7a482f,OK
BSR\BSDS500\data\images\train\66075.jpg,66075.jpg,BSR\BSDS500\data\images\train,train,BSDS500,JPEG,.jpg,321,481,0.154401,0.66736,RGB,3,8-bit/channel,43381,0.041371,cc01e01f2610d83a999569acd34cccc61698fef2ec06b0ee839282c52e57fb37,OK
BSR\BSDS500\data\images\train\67079.jpg,67079.jpg,BSR\BSDS500\data\images\train,train,BSDS500,JPEG,.jpg,481,321,0.154401,1.498442,RGB,3,8-bit/channel,74424,0.070976,37f4f4ae413fd239e5b4c504b62fc970450d47527b7048b2ea88720391f97d8d,OK
BSR\BSDS500\data\images\train\68077.jpg,68077.jpg,BSR\BSDS500\data\images\train,train,BSDS500,JPEG,.jpg,481,321,0.154401,1.498442,RGB,3,8-bit/channel,69543,0.066321,bc19d03ee0abaf862c05c386fe94a6d72946661a2613932c6b959f50b0d079bc,OK
BSR\BSDS500\data\images\train\71046.jpg,71046.jpg,BSR\BSDS500\data\images\train,train,BSDS500,JPEG,.jpg,481,321,0.154401,1.498442,RGB,3,8-bit/channel,53355,0.050883,046813509539dbe475f389c8afc86e78ab1b661736a2e0ce5ac8f2becb3d305f,OK
BSR\BSDS500\data\images\train\76002.jpg,76002.jpg,BSR\BSDS500\data\images\train,train,BSDS500,JPEG,.jpg,481,321,0.154401,1.498442,RGB,3,8-bit/channel,79014,0.075354,3b6097fcf9468966497876ef6a6717b4fe0f56767053936b718161a8dca75f04,OK
BSR\BSDS500\data\images\train\78019.jpg,78019.jpg,BSR\BSDS500\data\images\train,train,BSDS500,JPEG,.jpg,481,321,0.154401,1.498442,RGB,3,8-bit/channel,86063,0.082076,1436d47bdef4749c71ebdbba473508cfa23e0eee6a01c7eb62c80118a488692c,OK
BSR\BSDS500\data\images\train\80099.jpg,80099.jpg,BSR\BSDS500\data\images\train,train,BSDS500,JPEG,.jpg,481,321,0.154401,1.498442,RGB,3,8-bit/channel,52144,0.049728,e56ed8b4ecb8246ed8096360bcebc13a4489872520d665c39be34915cf51db88,OK
BSR\BSDS500\data\images\train\8049.jpg,8049.jpg,BSR\BSDS500\data\images\train,train,BSDS500,JPEG,.jpg,481,321,0.154401,1.498442,RGB,3,8-bit/channel,59351,0.056602,418ea26f53efd8707399bea46c9a295c7c7e96b05b5b4792af7214649aba249b,OK
BSR\BSDS500\data\images\train\8143.jpg,8143.jpg,BSR\BSDS500\data\images\train,train,BSDS500,JPEG,.jpg,481,321,0.154401,1.498442,RGB,3,8-bit/channel,114270,0.108976,76e88b97c7640c2203a0f61d6739d8590f0c7e89d064d045cb68c65ead634fd9,OK
BSR\BSDS500\data\images\train\87065.jpg,87065.jpg,BSR\BSDS500\data\images\train,train,BSDS500,JPEG,.jpg,481,321,0.154401,1.498442,RGB,3,8-bit/channel,106791,0.101844,0e09f38f2f09e2eee85b9b3ed447a29e6e7b3506f5ac936a2948f4b2e9ce33bb,OK
BSR\BSDS500\data\images\train\90076.jpg,90076.jpg,BSR\BSDS500\data\images\train,train,BSDS500,JPEG,.jpg,481,321,0.154401,1.498442,RGB,3,8-bit/channel,52672,0.050232,bd9f9463f273b26cbd0a39e653e13a48f3884c41db03ce7fadd75313e6479230,OK
BSR\BSDS500\data\images\train\92059.jpg,92059.jpg,BSR\BSDS500\data\images\train,train,BSDS500,JPEG,.jpg,321,481,0.154401,0.66736,RGB,3,8-bit/channel,80156,0.076443,71cf42a1550c534cefb59fe712635ab25682b2239300bb53983f16cb81e0ed3b,OK
BSR\BSDS500\data\images\train\94079.jpg,94079.jpg,BSR\BSDS500\data\images\train,train,BSDS500,JPEG,.jpg,481,321,0.154401,1.498442,RGB,3,8-bit/channel,90521,0.086328,37c4fe1f79704719bb93b8c1c1f95ea5d3feea8b39779ad9f2ac4fca1ad8a145,OK
BSR\BSDS500\data\images\train\95006.jpg,95006.jpg,BSR\BSDS500\data\images\train,train,BSDS500,JPEG,.jpg,481,321,0.154401,1.498442,RGB,3,8-bit/channel,103745,0.098939,78201312e9625758f755002e2f62bb45fede72a0623d4511baaf69dd80952b65,OK
BSR\BSDS500\data\images\train\97017.jpg,97017.jpg,BSR\BSDS500\data\images\train,train,BSDS500,JPEG,.jpg,481,321,0.154401,1.498442,RGB,3,8-bit/channel,61708,0.058849,14af2c9a1e7711930840fc502b89b3c46416c894c48a0e1bb271a23d35b7d160,OK
BSR\BSDS500\data\images\val\101085.jpg,101085.jpg,BSR\BSDS500\data\images\val,val,BSDS500,JPEG,.jpg,321,481,0.154401,0.66736,RGB,3,8-bit/channel,102655,0.097899,dbefbd4ae3749913ee9fffcdb663bea87ab6634dc8b989422f741243bdbedc8a,OK
BSR\BSDS500\data\images\val\101087.jpg,101087.jpg,BSR\BSDS500\data\images\val,val,BSDS500,JPEG,.jpg,321,481,0.154401,0.66736,RGB,3,8-bit/channel,57725,0.055051,d755a74144410290cff5e214bb7cbf352a8cb920d45fac3d992b9772ad92a017,OK
BSR\BSDS500\data\images\val\102061.jpg,102061.jpg,BSR\BSDS500\data\images\val,val,BSDS500,JPEG,.jpg,321,481,0.154401,0.66736,RGB,3,8-bit/channel,64008,0.061043,35ce0a9baaebae00c19f6abccd1d7b3ecd8f1c62003e178610b2179c082f0a8e,OK
BSR\BSDS500\data\images\val\103070.jpg,103070.jpg,BSR\BSDS500\data\images\val,val,BSDS500,JPEG,.jpg,481,321,0.154401,1.498442,RGB,3,8-bit/channel,59240,0.056496,6d1d9e564b5459e969f65470ff03aa3104af779e93c93ca434ad546477e27261,OK
BSR\BSDS500\data\images\val\105025.jpg,105025.jpg,BSR\BSDS500\data\images\val,val,BSDS500,JPEG,.jpg,481,321,0.154401,1.498442,RGB,3,8-bit/channel,79928,0.076225,6678e84e923e5c1b085afe43ae2fc3735f7f424e02eaefe50a64405f76b9b51b,OK
BSR\BSDS500\data\images\val\106024.jpg,106024.jpg,BSR\BSDS500\data\images\val,val,BSDS500,JPEG,.jpg,481,321,0.154401,1.498442,RGB,3,8-bit/channel,47544,0.045341,ea31189313c34be7b7a48b7cd776c17f3afb5585de37a6e740a638320fa9847d,OK
BSR\BSDS500\data\images\val\108005.jpg,108005.jpg,BSR\BSDS500\data\images\val,val,BSDS500,JPEG,.jpg,481,321,0.154401,1.498442,RGB,3,8-bit/channel,81296,0.07753,e0210b50350e928e35f048fe4b8ea54e58200c58ae3bb5ff619b2074b38fac01,OK
BSR\BSDS500\data\images\val\108070.jpg,108070.jpg,BSR\BSDS500\data\images\val,val,BSDS500,JPEG,.jpg,481,321,0.154401,1.498442,RGB,3,8-bit/channel,98883,0.094302,6a5d0dd5e9e0a14f680b1c8225b151268c40a41935add1c91483575fd5db51cb,OK
BSR\BSDS500\data\images\val\108082.jpg,108082.jpg,BSR\BSDS500\data\images\val,val,BSDS500,JPEG,.jpg,481,321,0.154401,1.498442,RGB,3,8-bit/channel,70106,0.066858,389d781d17c9809aeec1f609a324725aa694aea668036bc17f79176a729f7071,OK
BSR\BSDS500\data\images\val\109053.jpg,109053.jpg,BSR\BSDS500\data\images\val,val,BSDS500,JPEG,.jpg,481,321,0.154401,1.498442,RGB,3,8-bit/channel,66196,0.063129,91819e7ece60560b5f37398dacd12fc1ac41d095f3454bee965645781599a968,OK
BSR\BSDS500\data\images\val\119082.jpg,119082.jpg,BSR\BSDS500\data\images\val,val,BSDS500,JPEG,.jpg,481,321,0.154401,1.498442,RGB,3,8-bit/channel,78023,0.074409,8cf5ce02395627b797b3da7a3845bcb0da14d66942d422a1c898372b67536d4c,OK
BSR\BSDS500\data\images\val\12084.jpg,12084.jpg,BSR\BSDS500\data\images\val,val,BSDS500,JPEG,.jpg,481,321,0.154401,1.498442,RGB,3,8-bit/channel,91272,0.087044,937a95df6a3ded078400451ac163cac6ec20f0ca912c741ae7427d6fca84175d,OK
BSR\BSDS500\data\images\val\123074.jpg,123074.jpg,BSR\BSDS500\data\images\val,val,BSDS500,JPEG,.jpg,481,321,0.154401,1.498442,RGB,3,8-bit/channel,66748,0.063656,f47e336f7f3c4da54d5d95b6217e4381ea62a8ff12d061f39da48539794aa82a,OK
BSR\BSDS500\data\images\val\126007.jpg,126007.jpg,BSR\BSDS500\data\images\val,val,BSDS500,JPEG,.jpg,481,321,0.154401,1.498442,RGB,3,8-bit/channel,61164,0.058331,4a61a754b422680d24a148430cab10c3bb548aeee3f51ae8dc39cd783ef854ad,OK
BSR\BSDS500\data\images\val\130026.jpg,130026.jpg,BSR\BSDS500\data\images\val,val,BSDS500,JPEG,.jpg,481,321,0.154401,1.498442,RGB,3,8-bit/channel,86102,0.082113,ab2865a5f0e54ad3a1b2f911b701560b1537e9c4ced6064d9759d33be0906761,OK
BSR\BSDS500\data\images\val\134035.jpg,134035.jpg,BSR\BSDS500\data\images\val,val,BSDS500,JPEG,.jpg,481,321,0.154401,1.498442,RGB,3,8-bit/channel,88763,0.084651,fe71f4eed285623dc41b1be0d767f7223fe496a979ac16b264c47649655e1e7c,OK
BSR\BSDS500\data\images\val\14037.jpg,14037.jpg,BSR\BSDS500\data\images\val,val,BSDS500,JPEG,.jpg,481,321,0.154401,1.498442,RGB,3,8-bit/channel,46483,0.04433,5cbff02cd015ece351725d5f89a880d6a70f71f383b412c81071c66546ce5076,OK
BSR\BSDS500\data\images\val\143090.jpg,143090.jpg,BSR\BSDS500\data\images\val,val,BSDS500,JPEG,.jpg,481,321,0.154401,1.498442,RGB,3,8-bit/channel,46374,0.044226,b080362885015372c4d808000009820d044e21de1ea39f89b02307bfc73a0beb,OK
BSR\BSDS500\data\images\val\145086.jpg,145086.jpg,BSR\BSDS500\data\images\val,val,BSDS500,JPEG,.jpg,481,321,0.154401,1.498442,RGB,3,8-bit/channel,78240,0.074615,ea31167eece902040a4dfc2e50e1a6112a6888c19566aa93ba698ec754f6e815,OK
BSR\BSDS500\data\images\val\147091.jpg,147091.jpg,BSR\BSDS500\data\images\val,val,BSDS500,JPEG,.jpg,481,321,0.154401,1.498442,RGB,3,8-bit/channel,74269,0.070828,208f65955ad60894070a3b768ea7f241c87a3919cfc00ecae9ecf2c51220c791,OK
BSR\BSDS500\data\images\val\148026.jpg,148026.jpg,BSR\BSDS500\data\images\val,val,BSDS500,JPEG,.jpg,321,481,0.154401,0.66736,RGB,3,8-bit/channel,104836,0.099979,270c2f11ddb596713ebdcbec5c69031a6df97f18cc9d8c5b26cf96a3ef74102c,OK
BSR\BSDS500\data\images\val\148089.jpg,148089.jpg,BSR\BSDS500\data\images\val,val,BSDS500,JPEG,.jpg,481,321,0.154401,1.498442,RGB,3,8-bit/channel,96491,0.092021,d48e9934d24f6c96fcefa9db9b821a4803529786f50a088c78420454f597006f,OK
BSR\BSDS500\data\images\val\156065.jpg,156065.jpg,BSR\BSDS500\data\images\val,val,BSDS500,JPEG,.jpg,481,321,0.154401,1.498442,RGB,3,8-bit/channel,94631,0.090247,2328df0f0f479e98fe313142bdc9d6463937e0ab6e7811f0b2ffb79329e946e2,OK
BSR\BSDS500\data\images\val\157055.jpg,157055.jpg,BSR\BSDS500\data\images\val,val,BSDS500,JPEG,.jpg,481,321,0.154401,1.498442,RGB,3,8-bit/channel,75175,0.071692,65d2f1fa2847bf9b0207318e880b0dedae82793f5c3ab59b01ff72b2de686062,OK
BSR\BSDS500\data\images\val\159008.jpg,159008.jpg,BSR\BSDS500\data\images\val,val,BSDS500,JPEG,.jpg,481,321,0.154401,1.498442,RGB,3,8-bit/channel,78438,0.074804,ce52eb682bc3686ba6907fa7fde3ea8a7f87b105aecfe43b93992ef3c9bad6f2,OK
BSR\BSDS500\data\images\val\160068.jpg,160068.jpg,BSR\BSDS500\data\images\val,val,BSDS500,JPEG,.jpg,481,321,0.154401,1.498442,RGB,3,8-bit/channel,58975,0.056243,c757c98def260243a45eb6092d9be75efe77810451d2954e17acc495bb876d6a,OK
BSR\BSDS500\data\images\val\16077.jpg,16077.jpg,BSR\BSDS500\data\images\val,val,BSDS500,JPEG,.jpg,481,321,0.154401,1.498442,RGB,3,8-bit/channel,81508,0.077732,19d4d8a03773c9b65f4e4cfed7b0f5674ebe07a9cc4800de554f0c30556c85ec,OK
BSR\BSDS500\data\images\val\163085.jpg,163085.jpg,BSR\BSDS500\data\images\val,val,BSDS500,JPEG,.jpg,481,321,0.154401,1.498442,RGB,3,8-bit/channel,66207,0.06314,3886bc975ea9321e3a26536a95a441aeef14af3a5c3313872af23a0d76d55ac6,OK
BSR\BSDS500\data\images\val\167062.jpg,167062.jpg,BSR\BSDS500\data\images\val,val,BSDS500,JPEG,.jpg,481,321,0.154401,1.498442,RGB,3,8-bit/channel,43691,0.041667,120d3b4c9eab16d6dad58004a6ce647a7007ca25a6b98e248a35ed5e70c6d5bf,OK
BSR\BSDS500\data\images\val\167083.jpg,167083.jpg,BSR\BSDS500\data\images\val,val,BSDS500,JPEG,.jpg,321,481,0.154401,0.66736,RGB,3,8-bit/channel,108409,0.103387,0f09dd34a9d48f8650d1912cb4c4d1e90d33dd559223a27985cf6d6eda75ebe1,OK
BSR\BSDS500\data\images\val\170057.jpg,170057.jpg,BSR\BSDS500\data\images\val,val,BSDS500,JPEG,.jpg,481,321,0.154401,1.498442,RGB,3,8-bit/channel,69025,0.065827,a485834fbbc26a08067e0ffef314c2129541d548f9f8dbc0923086c9569ba6c7,OK
BSR\BSDS500\data\images\val\175032.jpg,175032.jpg,BSR\BSDS500\data\images\val,val,BSDS500,JPEG,.jpg,321,481,0.154401,0.66736,RGB,3,8-bit/channel,120999,0.115394,8e7b3faa193f7e6f36ab9b092dd7062b7d01e70ff59fe60123b7eabc951c8740,OK
BSR\BSDS500\data\images\val\175043.jpg,175043.jpg,BSR\BSDS500\data\images\val,val,BSDS500,JPEG,.jpg,481,321,0.154401,1.498442,RGB,3,8-bit/channel,98009,0.093469,be578b68f530951b117c8bd04c5a79d2061da1d9a6c4c20d10ebc30c509eca89,OK
BSR\BSDS500\data\images\val\182053.jpg,182053.jpg,BSR\BSDS500\data\images\val,val,BSDS500,JPEG,.jpg,481,321,0.154401,1.498442,RGB,3,8-bit/channel,72386,0.069033,61ce1ee72993d333bde9191794d63650f21f40cbfb4c630992c3d5e5680b9b65,OK
BSR\BSDS500\data\images\val\189080.jpg,189080.jpg,BSR\BSDS500\data\images\val,val,BSDS500,JPEG,.jpg,321,481,0.154401,0.66736,RGB,3,8-bit/channel,51286,0.04891,c8db7afe744b586a8fd7ebb535fd73dd764e3c3335c34be4a59b162cea941100,OK
BSR\BSDS500\data\images\val\19021.jpg,19021.jpg,BSR\BSDS500\data\images\val,val,BSDS500,JPEG,.jpg,481,321,0.154401,1.498442,RGB,3,8-bit/channel,81849,0.078057,e896602e24ac9c4f043fb67ecbe05d9b98c28a3ecd31c0e4ddc057ec1cca782e,OK
BSR\BSDS500\data\images\val\196073.jpg,196073.jpg,BSR\BSDS500\data\images\val,val,BSDS500,JPEG,.jpg,481,321,0.154401,1.498442,RGB,3,8-bit/channel,81545,0.077767,56367543b34bf798dbe0a721f59cdeffdb67c176e8c75347b5974631b379bbe8,OK
BSR\BSDS500\data\images\val\197017.jpg,197017.jpg,BSR\BSDS500\data\images\val,val,BSDS500,JPEG,.jpg,481,321,0.154401,1.498442,RGB,3,8-bit/channel,74020,0.070591,59e30cd9332aa9331665ccd9c32b4f5738d64747584d989de33ff5220d91733b,OK
BSR\BSDS500\data\images\val\208001.jpg,208001.jpg,BSR\BSDS500\data\images\val,val,BSDS500,JPEG,.jpg,321,481,0.154401,0.66736,RGB,3,8-bit/channel,78959,0.075301,3056ff21b07978dfd9c7043a10b7eb024f5bce1612b15650b6dc8cb52b069800,OK
BSR\BSDS500\data\images\val\210088.jpg,210088.jpg,BSR\BSDS500\data\images\val,val,BSDS500,JPEG,.jpg,321,481,0.154401,0.66736,RGB,3,8-bit/channel,60955,0.058131,a9f75c4315a16c10abadff1fc7f4b409b173ba6326e95e821ef5a41c02639f30,OK
BSR\BSDS500\data\images\val\21077.jpg,21077.jpg,BSR\BSDS500\data\images\val,val,BSDS500,JPEG,.jpg,481,321,0.154401,1.498442,RGB,3,8-bit/channel,75661,0.072156,775c0d915b6a5261790eb99fc62afdec4664f9e3cbc2e2d5e724cc69afee3413,OK
BSR\BSDS500\data\images\val\216081.jpg,216081.jpg,BSR\BSDS500\data\images\val,val,BSDS500,JPEG,.jpg,481,321,0.154401,1.498442,RGB,3,8-bit/channel,84459,0.080546,0a20b477293947433784dd7e0acb42e05364ef2294d49c5480a574a87aafac04,OK
BSR\BSDS500\data\images\val\219090.jpg,219090.jpg,BSR\BSDS500\data\images\val,val,BSDS500,JPEG,.jpg,481,321,0.154401,1.498442,RGB,3,8-bit/channel,66534,0.063452,1f3f81c986fdca765d654d0ad05c6f7d68a0412ee4178bdfa0491558c03d6202,OK
BSR\BSDS500\data\images\val\220075.jpg,220075.jpg,BSR\BSDS500\data\images\val,val,BSDS500,JPEG,.jpg,481,321,0.154401,1.498442,RGB,3,8-bit/channel,68922,0.065729,0fcc3e2e5b34f47858dc58587897d6b849558a38a8b9454ebb54a78236b2d0af,OK
BSR\BSDS500\data\images\val\223061.jpg,223061.jpg,BSR\BSDS500\data\images\val,val,BSDS500,JPEG,.jpg,481,321,0.154401,1.498442,RGB,3,8-bit/channel,82108,0.078304,0246cf68cc5dba8185e0da2d5df04b90bee7b3f2ed85ab106913b929d115c139,OK
BSR\BSDS500\data\images\val\227092.jpg,227092.jpg,BSR\BSDS500\data\images\val,val,BSDS500,JPEG,.jpg,321,481,0.154401,0.66736,RGB,3,8-bit/channel,46049,0.043916,00c00ab0b495598981ff87740e0085d91d8ac4ae39d327ef9b1de774426161cf,OK
BSR\BSDS500\data\images\val\229036.jpg,229036.jpg,BSR\BSDS500\data\images\val,val,BSDS500,JPEG,.jpg,481,321,0.154401,1.498442,RGB,3,8-bit/channel,100079,0.095443,3ed19e58c2c7c2b67d8624ce7a1b1a929daec59e5fc7b4217f966f00853fa9b7,OK
BSR\BSDS500\data\images\val\236037.jpg,236037.jpg,BSR\BSDS500\data\images\val,val,BSDS500,JPEG,.jpg,481,321,0.154401,1.498442,RGB,3,8-bit/channel,93729,0.089387,b2698ff2e33f683f2666fdc786ad46eab070922df51c9026767744722ea06851,OK
BSR\BSDS500\data\images\val\24077.jpg,24077.jpg,BSR\BSDS500\data\images\val,val,BSDS500,JPEG,.jpg,481,321,0.154401,1.498442,RGB,3,8-bit/channel,76548,0.073002,d1a4b952de4b1b130f82675757f40fbe22fd71c4e4eb454ffa0b1d9f89bdec63,OK
BSR\BSDS500\data\images\val\241004.jpg,241004.jpg,BSR\BSDS500\data\images\val,val,BSDS500,JPEG,.jpg,481,321,0.154401,1.498442,RGB,3,8-bit/channel,55975,0.053382,510b533e488a6aff986d3b7560a368ffed4a3fa6fefb7aa010376ef4e06e79b3,OK
BSR\BSDS500\data\images\val\241048.jpg,241048.jpg,BSR\BSDS500\data\images\val,val,BSDS500,JPEG,.jpg,481,321,0.154401,1.498442,RGB,3,8-bit/channel,90429,0.08624,70c5e137c0b102852ae93c5ddf0e315e06297ed009dfe309d54c4cab02074457,OK
BSR\BSDS500\data\images\val\253027.jpg,253027.jpg,BSR\BSDS500\data\images\val,val,BSDS500,JPEG,.jpg,481,321,0.154401,1.498442,RGB,3,8-bit/channel,80141,0.076428,a2936a80c928a0efb8db070a2e46bd6ef4a2f22d33b59db6eb91ca6676faed52,OK
BSR\BSDS500\data\images\val\253055.jpg,253055.jpg,BSR\BSDS500\data\images\val,val,BSDS500,JPEG,.jpg,481,321,0.154401,1.498442,RGB,3,8-bit/channel,53959,0.051459,9e7248e4683233f8c8e61e5c4d342ef199d85ae0329116e46ca155de869d296b,OK
BSR\BSDS500\data\images\val\260058.jpg,260058.jpg,BSR\BSDS500\data\images\val,val,BSDS500,JPEG,.jpg,481,321,0.154401,1.498442,RGB,3,8-bit/channel,59416,0.056664,3ce26289f3f2dadd74052a81f4da2120ee825e8fdcf6014798cfb8a15343bad7,OK
BSR\BSDS500\data\images\val\271035.jpg,271035.jpg,BSR\BSDS500\data\images\val,val,BSDS500,JPEG,.jpg,321,481,0.154401,0.66736,RGB,3,8-bit/channel,77874,0.074266,d01d3266ddb456a47fb382c73862b8d48927e3f000be9587a0aba9aea66bc881,OK
BSR\BSDS500\data\images\val\285079.jpg,285079.jpg,BSR\BSDS500\data\images\val,val,BSDS500,JPEG,.jpg,321,481,0.154401,0.66736,RGB,3,8-bit/channel,92387,0.088107,62c16ed71f166b59340fac19748abca19c613b668296733854fbd8911f5bad4e,OK
BSR\BSDS500\data\images\val\291000.jpg,291000.jpg,BSR\BSDS500\data\images\val,val,BSDS500,JPEG,.jpg,481,321,0.154401,1.498442,RGB,3,8-bit/channel,126011,0.120173,1e3b80ec6631fa47a7357cb67d8e6235ca843839eff7f06e4c283ea7befcfb05,OK
BSR\BSDS500\data\images\val\295087.jpg,295087.jpg,BSR\BSDS500\data\images\val,val,BSDS500,JPEG,.jpg,481,321,0.154401,1.498442,RGB,3,8-bit/channel,75379,0.071887,6f5023c2d062b4078c174f703899cc36a29895608531e7d2d6e2d32997d39d4f,OK
BSR\BSDS500\data\images\val\296007.jpg,296007.jpg,BSR\BSDS500\data\images\val,val,BSDS500,JPEG,.jpg,481,321,0.154401,1.498442,RGB,3,8-bit/channel,61816,0.058952,d271c849ec0aca6a92845c0dff6f18c74e507dc93fc0703be0cb006058ca6458,OK
BSR\BSDS500\data\images\val\296059.jpg,296059.jpg,BSR\BSDS500\data\images\val,val,BSDS500,JPEG,.jpg,481,321,0.154401,1.498442,RGB,3,8-bit/channel,64207,0.061233,9601b534d81275e5e5844198567015105e5feb418e45a0cfa58545e2d472b955,OK
BSR\BSDS500\data\images\val\299086.jpg,299086.jpg,BSR\BSDS500\data\images\val,val,BSDS500,JPEG,.jpg,481,321,0.154401,1.498442,RGB,3,8-bit/channel,59092,0.056355,817939c0da8ad228271a1a1cd87f5a31fe93c741617fb478bb95d9ba3a34d2c2,OK
BSR\BSDS500\data\images\val\300091.jpg,300091.jpg,BSR\BSDS500\data\images\val,val,BSDS500,JPEG,.jpg,481,321,0.154401,1.498442,RGB,3,8-bit/channel,63245,0.060315,543e73769b6040f38f9214b777e255f48697e72b8ad61fb001c84e852e2530d1,OK
BSR\BSDS500\data\images\val\302008.jpg,302008.jpg,BSR\BSDS500\data\images\val,val,BSDS500,JPEG,.jpg,321,481,0.154401,0.66736,RGB,3,8-bit/channel,46424,0.044273,f8935ab579adfe9d1a71282a025bc25a81ec4e7b6b0468fa1d1ec913f6643fe4,OK
BSR\BSDS500\data\images\val\304034.jpg,304034.jpg,BSR\BSDS500\data\images\val,val,BSDS500,JPEG,.jpg,481,321,0.154401,1.498442,RGB,3,8-bit/channel,94784,0.090393,4d529bb81d75bf03f52d969c90cc145a152ea76e878c5833d537df28a62eb7dc,OK
BSR\BSDS500\data\images\val\304074.jpg,304074.jpg,BSR\BSDS500\data\images\val,val,BSDS500,JPEG,.jpg,321,481,0.154401,0.66736,RGB,3,8-bit/channel,94891,0.090495,5f9d7dbb32bc871450ce1384e5fbca5df7cfd5edbafb4464aed140194d41329e,OK
BSR\BSDS500\data\images\val\306005.jpg,306005.jpg,BSR\BSDS500\data\images\val,val,BSDS500,JPEG,.jpg,481,321,0.154401,1.498442,RGB,3,8-bit/channel,74767,0.071303,27d7bee0b32e7a458c982d2009e81ef06111bd5716204ea6522cd4a95cdefea0,OK
BSR\BSDS500\data\images\val\3096.jpg,3096.jpg,BSR\BSDS500\data\images\val,val,BSDS500,JPEG,.jpg,481,321,0.154401,1.498442,RGB,3,8-bit/channel,30773,0.029347,c66477f036b84d478e322c9cc2bd257969d29579549bcf7f35087f2e40d19ff5,OK
BSR\BSDS500\data\images\val\33039.jpg,33039.jpg,BSR\BSDS500\data\images\val,val,BSDS500,JPEG,.jpg,321,481,0.154401,0.66736,RGB,3,8-bit/channel,115454,0.110106,9a54f363c4abc7be52b638724d06ce8cce372e6ebd9e5f48833d73fa1ea2a9ee,OK
BSR\BSDS500\data\images\val\351093.jpg,351093.jpg,BSR\BSDS500\data\images\val,val,BSDS500,JPEG,.jpg,481,321,0.154401,1.498442,RGB,3,8-bit/channel,87813,0.083745,bd51e0dd49e656705534c8c7d55a7c98314330b06b366e9866e7a9965e128ce0,OK
BSR\BSDS500\data\images\val\361010.jpg,361010.jpg,BSR\BSDS500\data\images\val,val,BSDS500,JPEG,.jpg,481,321,0.154401,1.498442,RGB,3,8-bit/channel,70171,0.06692,fe806b64c91cff4d3c4755d84d6e449581ec064be0593d8c7b483e76dcbf7cb1,OK
BSR\BSDS500\data\images\val\37073.jpg,37073.jpg,BSR\BSDS500\data\images\val,val,BSDS500,JPEG,.jpg,481,321,0.154401,1.498442,RGB,3,8-bit/channel,66481,0.063401,16e3f09d490cea1bec87326bc02e0440bdb0f7b530a008ce858784c0c476aaff,OK
BSR\BSDS500\data\images\val\376043.jpg,376043.jpg,BSR\BSDS500\data\images\val,val,BSDS500,JPEG,.jpg,321,481,0.154401,0.66736,RGB,3,8-bit/channel,94569,0.090188,96e30f229df06707d78c518d6d3de2233fb2b06b6245511d2896b67b13b10561,OK
BSR\BSDS500\data\images\val\38082.jpg,38082.jpg,BSR\BSDS500\data\images\val,val,BSDS500,JPEG,.jpg,481,321,0.154401,1.498442,RGB,3,8-bit/channel,90009,0.085839,ebc17d84d39ad6a6c7735079edf295c453d31a5c7892e75eaaa7a3bd9bd2bec0,OK
BSR\BSDS500\data\images\val\38092.jpg,38092.jpg,BSR\BSDS500\data\images\val,val,BSDS500,JPEG,.jpg,481,321,0.154401,1.498442,RGB,3,8-bit/channel,81947,0.078151,3bdf276d8084f31744b5ea5a88296cd929e5ae09f7571c597f687b8b2f100037,OK
BSR\BSDS500\data\images\val\385039.jpg,385039.jpg,BSR\BSDS500\data\images\val,val,BSDS500,JPEG,.jpg,481,321,0.154401,1.498442,RGB,3,8-bit/channel,83554,0.079683,60b0a5d2e60b8cb6871fe0ff3a1a3a5623aadc2284155515aef5da8b4839a9f9,OK
BSR\BSDS500\data\images\val\41033.jpg,41033.jpg,BSR\BSDS500\data\images\val,val,BSDS500,JPEG,.jpg,481,321,0.154401,1.498442,RGB,3,8-bit/channel,65565,0.062528,1048d94225898e420b3381ce1b3fd682b27ada4825326f9657fa198a6a1ab64a,OK
BSR\BSDS500\data\images\val\41069.jpg,41069.jpg,BSR\BSDS500\data\images\val,val,BSDS500,JPEG,.jpg,481,321,0.154401,1.498442,RGB,3,8-bit/channel,100387,0.095737,e440f8eca36a7e503e1f2e5bf4fd4a17d9fbf092cf490e7940c2d02ad90713d2,OK
BSR\BSDS500\data\images\val\42012.jpg,42012.jpg,BSR\BSDS500\data\images\val,val,BSDS500,JPEG,.jpg,321,481,0.154401,0.66736,RGB,3,8-bit/channel,63889,0.060929,8681423a18c8910f38c801bd3c0dc21627aa99035994c6e37e13dad7424fddd2,OK
BSR\BSDS500\data\images\val\42049.jpg,42049.jpg,BSR\BSDS500\data\images\val,val,BSDS500,JPEG,.jpg,481,321,0.154401,1.498442,RGB,3,8-bit/channel,45026,0.04294,a947a1fc0f0f83fc5ae52a907709447d7a5c3b74bd6bfadf75794116731985c8,OK
BSR\BSDS500\data\images\val\43074.jpg,43074.jpg,BSR\BSDS500\data\images\val,val,BSDS500,JPEG,.jpg,481,321,0.154401,1.498442,RGB,3,8-bit/channel,56383,0.053771,b1284bc51ace9a8dc849ac4d63c377e3480627c6982fa3c7a794ad31c46ad2bd,OK
BSR\BSDS500\data\images\val\45096.jpg,45096.jpg,BSR\BSDS500\data\images\val,val,BSDS500,JPEG,.jpg,481,321,0.154401,1.498442,RGB,3,8-bit/channel,38606,0.036818,8a9cd328ef7c8339f0246ec73c14eda01a29545b5fe4782a3c118976e44f26bf,OK
BSR\BSDS500\data\images\val\54082.jpg,54082.jpg,BSR\BSDS500\data\images\val,val,BSDS500,JPEG,.jpg,321,481,0.154401,0.66736,RGB,3,8-bit/channel,71425,0.068116,b5a25d284128cc3e4307c404d26a57107945609bd974ebaac0f026607e98f9b2,OK
BSR\BSDS500\data\images\val\55073.jpg,55073.jpg,BSR\BSDS500\data\images\val,val,BSDS500,JPEG,.jpg,321,481,0.154401,0.66736,RGB,3,8-bit/channel,110151,0.105048,539d516840aa3daebe57f5d65d7ca13f4877c8da6ad0a12745bb58fe823a7119,OK
BSR\BSDS500\data\images\val\58060.jpg,58060.jpg,BSR\BSDS500\data\images\val,val,BSDS500,JPEG,.jpg,481,321,0.154401,1.498442,RGB,3,8-bit/channel,97910,0.093374,cea82e71a4bbee23d89c18538cd565c9e43a1f4995de6d605352505f83094277,OK
BSR\BSDS500\data\images\val\62096.jpg,62096.jpg,BSR\BSDS500\data\images\val,val,BSDS500,JPEG,.jpg,481,321,0.154401,1.498442,RGB,3,8-bit/channel,76806,0.073248,733d222d7aaaff4702b6412eff824e676f37be9fa59a52cf7740ab7695928ef8,OK
BSR\BSDS500\data\images\val\65033.jpg,65033.jpg,BSR\BSDS500\data\images\val,val,BSDS500,JPEG,.jpg,481,321,0.154401,1.498442,RGB,3,8-bit/channel,96558,0.092085,7971752b0552d3f8df80cf83656d8f1b10fabefe4cfd1fb5434a97b784b23bff,OK
BSR\BSDS500\data\images\val\66053.jpg,66053.jpg,BSR\BSDS500\data\images\val,val,BSDS500,JPEG,.jpg,481,321,0.154401,1.498442,RGB,3,8-bit/channel,78243,0.074618,bc27ff2d520d63f8ffc8575269a14c295788542cb723fcce6bda3752e9de27a7,OK
BSR\BSDS500\data\images\val\69015.jpg,69015.jpg,BSR\BSDS500\data\images\val,val,BSDS500,JPEG,.jpg,321,481,0.154401,0.66736,RGB,3,8-bit/channel,66924,0.063824,11ee0b6169a765f20df6126e542deeec1b5e0cac2fa45894cc4990b1358a6248,OK
BSR\BSDS500\data\images\val\69020.jpg,69020.jpg,BSR\BSDS500\data\images\val,val,BSDS500,JPEG,.jpg,481,321,0.154401,1.498442,RGB,3,8-bit/channel,93730,0.089388,b48ee9eba4e447d411da427cdd19c01d519d2efef81858d9a15447f687d477c3,OK
BSR\BSDS500\data\images\val\69040.jpg,69040.jpg,BSR\BSDS500\data\images\val,val,BSDS500,JPEG,.jpg,481,321,0.154401,1.498442,RGB,3,8-bit/channel,87327,0.083282,fa2492dcdd305967280ea566f2fd2edf21c60104edc0407c2d8aba75fffb4e05,OK
BSR\BSDS500\data\images\val\76053.jpg,76053.jpg,BSR\BSDS500\data\images\val,val,BSDS500,JPEG,.jpg,481,321,0.154401,1.498442,RGB,3,8-bit/channel,76799,0.073241,6cc809339a953a105ee1bfdf074200181d0e04240e68c830f7aeb21be237c72c,OK
BSR\BSDS500\data\images\val\78004.jpg,78004.jpg,BSR\BSDS500\data\images\val,val,BSDS500,JPEG,.jpg,321,481,0.154401,0.66736,RGB,3,8-bit/channel,68825,0.065637,14ab48ad51e27fb7e3b60bcdfba6d5354a4af957893455b5dd53e624da71b971,OK
BSR\BSDS500\data\images\val\8023.jpg,8023.jpg,BSR\BSDS500\data\images\val,val,BSDS500,JPEG,.jpg,481,321,0.154401,1.498442,RGB,3,8-bit/channel,60404,0.057606,c14e203930593ff50b0457bb96a1b1f8165a8b2ceb7c0ebb9ddb283641464f4e,OK
BSR\BSDS500\data\images\val\85048.jpg,85048.jpg,BSR\BSDS500\data\images\val,val,BSDS500,JPEG,.jpg,481,321,0.154401,1.498442,RGB,3,8-bit/channel,86078,0.08209,7802d81358356ae5033fdd4be7b475e9e28d6eb5eabba3559594214c603c8ba5,OK
BSR\BSDS500\data\images\val\86000.jpg,86000.jpg,BSR\BSDS500\data\images\val,val,BSDS500,JPEG,.jpg,321,481,0.154401,0.66736,RGB,3,8-bit/channel,75759,0.072249,216fca8c3f045c3161e2053a7e85923c874f64e662b4c929d73afdb1c0cd4cbe,OK
BSR\BSDS500\data\images\val\86016.jpg,86016.jpg,BSR\BSDS500\data\images\val,val,BSDS500,JPEG,.jpg,481,321,0.154401,1.498442,RGB,3,8-bit/channel,110076,0.104977,f53ca96f3024531f85fcd148833ac37944f4ae8dcb4492905e3469f3f102c970,OK
BSR\BSDS500\data\images\val\86068.jpg,86068.jpg,BSR\BSDS500\data\images\val,val,BSDS500,JPEG,.jpg,481,321,0.154401,1.498442,RGB,3,8-bit/channel,93040,0.08873,4a76e8193007a2b86183ecf175c43239377f4deaf6957ef95069ed8c455cb36f,OK
BSR\BSDS500\data\images\val\87046.jpg,87046.jpg,BSR\BSDS500\data\images\val,val,BSDS500,JPEG,.jpg,481,321,0.154401,1.498442,RGB,3,8-bit/channel,78536,0.074898,166d637f2602865b43c7f98926056172fc8df29d1daff62af96d80feabd43980,OK
BSR\BSDS500\data\images\val\89072.jpg,89072.jpg,BSR\BSDS500\data\images\val,val,BSDS500,JPEG,.jpg,321,481,0.154401,0.66736,RGB,3,8-bit/channel,81376,0.077606,b08020789fcfc502fc3902489d1f1c80f3de55c1a6e5456b930b04c6db78c825,OK
BSR\BSDS500\data\images\val\97033.jpg,97033.jpg,BSR\BSDS500\data\images\val,val,BSDS500,JPEG,.jpg,481,321,0.154401,1.498442,RGB,3,8-bit/channel,88134,0.084051,0598c9c6d44af64c04e314f41c21453da7c4bb94adfda48f71548d98b4287d3e,OK
misc\4.1.01.tiff,4.1.01.tiff,misc,unspecified,Unknown / custom,TIFF,.tiff,256,256,0.065536,1.0,RGB,3,8-bit/channel,196748,0.187634,c3ea2466396790c8aa0e4a60bc5031c44a3288da666cfd6a4f732ae0fec5efad,OK
misc\4.1.02.tiff,4.1.02.tiff,misc,unspecified,Unknown / custom,TIFF,.tiff,256,256,0.065536,1.0,RGB,3,8-bit/channel,196748,0.187634,31d1e7aafff59f5754ee38b77287ee6cfa05a095e63bb245fc44af87fa9d0329,OK
misc\4.1.03.tiff,4.1.03.tiff,misc,unspecified,Unknown / custom,TIFF,.tiff,256,256,0.065536,1.0,RGB,3,8-bit/channel,196748,0.187634,3d9cf65ca9a43a674cd7fd80192902458921aa81885a16bdcf9dd738e406af62,OK
misc\4.1.04.tiff,4.1.04.tiff,misc,unspecified,Unknown / custom,TIFF,.tiff,256,256,0.065536,1.0,RGB,3,8-bit/channel,196748,0.187634,abb652cfa55da20b95941834f8887d0dccfa71e33c94dc16ec0c473111dac15e,OK
misc\4.1.05.tiff,4.1.05.tiff,misc,unspecified,Unknown / custom,TIFF,.tiff,256,256,0.065536,1.0,RGB,3,8-bit/channel,196748,0.187634,6cecbf11be31a64a8397463b24b32cc753a657a616a80b147c93e4579f4c734e,OK
misc\4.1.06.tiff,4.1.06.tiff,misc,unspecified,Unknown / custom,TIFF,.tiff,256,256,0.065536,1.0,RGB,3,8-bit/channel,196748,0.187634,f09642b452f6c82bccd1282f45b46e4603630c2863708f27079a676e65c928ef,OK
misc\4.1.07.tiff,4.1.07.tiff,misc,unspecified,Unknown / custom,TIFF,.tiff,256,256,0.065536,1.0,RGB,3,8-bit/channel,196748,0.187634,ee21b55963d29ed18effeef9a4dc3edc85208d9b79690bf2339c14649dcf41f6,OK
misc\4.1.08.tiff,4.1.08.tiff,misc,unspecified,Unknown / custom,TIFF,.tiff,256,256,0.065536,1.0,RGB,3,8-bit/channel,196748,0.187634,8fd360f5cf6d230eff7934599edf0024995b6da69146e9c85bbaaf327d4a2abc,OK
misc\4.2.01.tiff,4.2.01.tiff,misc,unspecified,Unknown / custom,TIFF,.tiff,512,512,0.262144,1.0,RGB,3,8-bit/channel,786572,0.750134,f27f806d2f5e3d6b66e4223bad6a9fcd38756c715491eafb38c43a9befe89cfd,OK
misc\4.2.03.tiff,4.2.03.tiff,misc,unspecified,Unknown / custom,TIFF,.tiff,512,512,0.262144,1.0,RGB,3,8-bit/channel,786572,0.750134,3f590b52279fb59b81906f1e928ae713a5357b1afc1a2017a103adb563fb4494,OK
misc\4.2.05.tiff,4.2.05.tiff,misc,unspecified,Unknown / custom,TIFF,.tiff,512,512,0.262144,1.0,RGB,3,8-bit/channel,786572,0.750134,ae9eba12b80df955e47585bf4a16332ea0dadc753668d3457c509564934dbd40,OK
misc\4.2.06.tiff,4.2.06.tiff,misc,unspecified,Unknown / custom,TIFF,.tiff,512,512,0.262144,1.0,RGB,3,8-bit/channel,786572,0.750134,aa00ff3defadcd99e2e5fb5fbd06d12d6570284822a37186e3f8827f9bb4ca73,OK
misc\4.2.07.tiff,4.2.07.tiff,misc,unspecified,Unknown / custom,TIFF,.tiff,512,512,0.262144,1.0,RGB,3,8-bit/channel,786572,0.750134,676c21edcc56b517ebd54764d6026d2befe7e15014ec3f0c9e6f2ce1d9ad74bf,OK
misc\5.1.09.tiff,5.1.09.tiff,misc,unspecified,Unknown / custom,TIFF,.tiff,256,256,0.065536,1.0,L,1,8-bit/channel,65670,0.062628,64210a233aeaf4c8d76232daa2b8e9dabd251c89e00771b5b316b60e4844d2e4,OK
misc\5.1.10.tiff,5.1.10.tiff,misc,unspecified,Unknown / custom,TIFF,.tiff,256,256,0.065536,1.0,L,1,8-bit/channel,65670,0.062628,046ade1c2ee9a92117a0373b54db79d27e2fdc724649c7c15ae3fdb95fca0522,OK
misc\5.1.11.tiff,5.1.11.tiff,misc,unspecified,Unknown / custom,TIFF,.tiff,256,256,0.065536,1.0,L,1,8-bit/channel,65670,0.062628,475b9329d3def5f97c2e73c82d2d532accbcdd50de2999e72e47cfcdeb6a7c13,OK
misc\5.1.12.tiff,5.1.12.tiff,misc,unspecified,Unknown / custom,TIFF,.tiff,256,256,0.065536,1.0,L,1,8-bit/channel,65670,0.062628,ec07e39dd5a342e91d56852a971d45bd3ec31ccca778ade7ebcfe47a2fc215ac,OK
misc\5.1.13.tiff,5.1.13.tiff,misc,unspecified,Unknown / custom,TIFF,.tiff,256,256,0.065536,1.0,L,1,8-bit/channel,65670,0.062628,92ef9dd86f3c0edbbcdad50d63229d6633df560308b60b96cb045e570be02e18,OK
misc\5.1.14.tiff,5.1.14.tiff,misc,unspecified,Unknown / custom,TIFF,.tiff,256,256,0.065536,1.0,L,1,8-bit/channel,65670,0.062628,d42dc6b19d2f041a0ada000ac8d028e9caa9a3a4a1f4396110191ecf137a7050,OK
misc\5.2.08.tiff,5.2.08.tiff,misc,unspecified,Unknown / custom,TIFF,.tiff,512,512,0.262144,1.0,L,1,8-bit/channel,262278,0.250128,000a3e36a04b954cefd86d8ab2ac61676034e6cc9e3c0bbab8aaa95bcff03b93,OK
misc\5.2.09.tiff,5.2.09.tiff,misc,unspecified,Unknown / custom,TIFF,.tiff,512,512,0.262144,1.0,L,1,8-bit/channel,262278,0.250128,b12edcb11e8a816ce431b0bbbb02f91bc8614f5f67d3fa1ffd1067d8dd2ff5f8,OK
misc\5.2.10.tiff,5.2.10.tiff,misc,unspecified,Unknown / custom,TIFF,.tiff,512,512,0.262144,1.0,L,1,8-bit/channel,262278,0.250128,044ed17593bc94a5c0fff638f2c4d068f563d415980e1f61b423c778bb61c181,OK
misc\5.3.01.tiff,5.3.01.tiff,misc,unspecified,Unknown / custom,TIFF,.tiff,1024,1024,1.048576,1.0,L,1,8-bit/channel,1048710,1.000128,20654c370b0197d5c874a686e07c47642abc953790c5d0da23dacfd301f4a18d,OK
misc\5.3.02.tiff,5.3.02.tiff,misc,unspecified,Unknown / custom,TIFF,.tiff,1024,1024,1.048576,1.0,L,1,8-bit/channel,1048710,1.000128,0fb2a6580c10b58276f403ff03d1736891960cfe2ca021bb1df1f4f7b90ec1b5,OK
misc\7.1.01.tiff,7.1.01.tiff,misc,unspecified,Unknown / custom,TIFF,.tiff,512,512,0.262144,1.0,L,1,8-bit/channel,262278,0.250128,8ce9bb9ac39ffa0b630cd7245e90833867997631789c35c1625cbda4386a2305,OK
misc\7.1.02.tiff,7.1.02.tiff,misc,unspecified,Unknown / custom,TIFF,.tiff,512,512,0.262144,1.0,L,1,8-bit/channel,262278,0.250128,0cfb76e14c42fa22d5844b9f933376650a570f22725e3c040a6001c2e5db6a27,OK
misc\7.1.03.tiff,7.1.03.tiff,misc,unspecified,Unknown / custom,TIFF,.tiff,512,512,0.262144,1.0,L,1,8-bit/channel,262278,0.250128,77c09b46652b93d0ebe1ee4441ca0703848bd8af518dad12e1c137e402a61d25,OK
misc\7.1.04.tiff,7.1.04.tiff,misc,unspecified,Unknown / custom,TIFF,.tiff,512,512,0.262144,1.0,L,1,8-bit/channel,262278,0.250128,a981e8f5c81180777e8cf316c825d0bc94488dd521f663b061f917ef55962149,OK
misc\7.1.05.tiff,7.1.05.tiff,misc,unspecified,Unknown / custom,TIFF,.tiff,512,512,0.262144,1.0,L,1,8-bit/channel,262278,0.250128,97a04394429439031aac9074e1c1e774676bfcf8961339f9fce6f0592f742344,OK
misc\7.1.06.tiff,7.1.06.tiff,misc,unspecified,Unknown / custom,TIFF,.tiff,512,512,0.262144,1.0,L,1,8-bit/channel,262278,0.250128,c8be3c16cc94c713a86232522d557441d80b2c40f91381d9ed1651d41a9e9ca0,OK
misc\7.1.07.tiff,7.1.07.tiff,misc,unspecified,Unknown / custom,TIFF,.tiff,512,512,0.262144,1.0,L,1,8-bit/channel,262278,0.250128,501b4c95fda546a860c54c547a25f35bd84382171df7278bd7f7545316c57b70,OK
misc\7.1.08.tiff,7.1.08.tiff,misc,unspecified,Unknown / custom,TIFF,.tiff,512,512,0.262144,1.0,L,1,8-bit/channel,262278,0.250128,8cf6aac78f3e501b0658238704c941fb0df2940de1a95bb889e47cf3ba511731,OK
misc\7.1.09.tiff,7.1.09.tiff,misc,unspecified,Unknown / custom,TIFF,.tiff,512,512,0.262144,1.0,L,1,8-bit/channel,262278,0.250128,92842996ce10ced24f387e08cde93059be8dde2c4e236848806ec6392d054ab3,OK
misc\7.1.10.tiff,7.1.10.tiff,misc,unspecified,Unknown / custom,TIFF,.tiff,512,512,0.262144,1.0,L,1,8-bit/channel,262278,0.250128,7ef3caa199fd4dbecd4521dea4ab2b079c054fbe6d1d449c98e86ffe41e49063,OK
misc\7.2.01.tiff,7.2.01.tiff,misc,unspecified,Unknown / custom,TIFF,.tiff,1024,1024,1.048576,1.0,L,1,8-bit/channel,1048710,1.000128,396a8c0d9dab8f306511dd0487915e6b1ccdfbbb40077a41d0b7195da614618f,OK
misc\boat.512.tiff,boat.512.tiff,misc,unspecified,Unknown / custom,TIFF,.tiff,512,512,0.262144,1.0,L,1,8-bit/channel,262278,0.250128,6bc7319b1e3b44ce0b2a571ac39a28bac94437d812057d1afb2cf78ea3a9a35f,OK
misc\gray21.512.tiff,gray21.512.tiff,misc,unspecified,Unknown / custom,TIFF,.tiff,512,512,0.262144,1.0,L,1,8-bit/channel,262278,0.250128,f9a0535ab30226a180c8f628425686d54775514afdc3042a806b207198d332c6,OK
misc\house.tiff,house.tiff,misc,unspecified,Unknown / custom,TIFF,.tiff,512,512,0.262144,1.0,RGB,3,8-bit/channel,786572,0.750134,82717baf56d3f48bc4e2767afc9f233e7f595ad150ca91932a4a8daa46b3300f,OK
misc\ruler.512.tiff,ruler.512.tiff,misc,unspecified,Unknown / custom,TIFF,.tiff,512,512,0.262144,1.0,L,1,8-bit/channel,262278,0.250128,a084d6811faf1943eecba51837987e754ecc0400e36883fe7b6a17e186c1ff88,OK
