experiment_id,run_index,archive_file,archive_row,bits,level_R,level_G,level_B,old_f1_reconstruction,old_f2_security,old_f3_robustness,old_f4_complexity,S1_current_mean,S2_abs_cc_only,S3_nmse_cc_hist,S4_worst_share,R1_clean_vs_noisy_mse_1pct,R2_clean_vs_noisy_mae_1pct,R3_secret_vs_noisy_mse_1pct,R4_abs_delta_secret_mse_1pct,R1_clean_vs_noisy_mse_5pct,R2_clean_vs_noisy_mae_5pct,R3_secret_vs_noisy_mse_5pct,R4_abs_delta_secret_mse_5pct,R1_clean_vs_noisy_mse_10pct,R2_clean_vs_noisy_mae_10pct,R3_secret_vs_noisy_mse_10pct,R4_abs_delta_secret_mse_10pct,R1_clean_vs_noisy_mse_mean,R2_clean_vs_noisy_mae_mean,R3_secret_vs_noisy_mse_mean,R4_abs_delta_secret_mse_mean
IMG_0005,1,IMG_0005_r1_archive.csv,0,000000000001000000000000,2,16,2,0.5325097814330209,0.3278386216354951,0.0,0.0261437908496732,0.3278173482028439,0.0017832826264964716,0.38062301771359786,0.3279018223804374,0.01966956172563649,0.01966956172563649,0.5248641859919334,0.007425084830252502,0.09469282366478629,0.09469282366478628,0.49691857640806103,0.035370694414124826,0.1802406288387597,0.1802406288387597,0.4646836434584497,0.06760562736373615,0.09820100474306082,0.09820100474306082,0.49548880195281475,0.03680046886937116
IMG_0005,1,IMG_0005_r1_archive.csv,1,000010010010000100010001,9,33,17,0.5079352174411946,0.3278656932793489,0.0,0.0771241830065359,0.3281056217338779,0.0023904942601856967,0.38075948833620954,0.32834115801569186,0.01966956172563649,0.01966956172563649,0.5015601275037078,0.0064464091951722735,0.09469282366478629,0.09469282366478628,0.4773174977635519,0.030689038935328112,0.1802406288387597,0.1802406288387597,0.44937018647374477,0.058636350225135254,0.09820100474306082,0.09820100474306082,0.47608260391366813,0.03192393278521188
IMG_0005,1,IMG_0005_r1_archive.csv,2,000000110001000100010000,3,17,16,0.5109955535416626,0.3275916531915527,0.0,0.0470588235294117,0.32801516036589173,0.0021693401480830828,0.38072431549624897,0.3282241906165346,0.01966956172563649,0.01966956172563649,0.5045280889103718,0.006662568179885366,0.09469282366478629,0.09469282366478628,0.47987303676768905,0.03131762032256809,0.1802406288387597,0.1802406288387597,0.4511179993265604,0.06007265776369676,0.09820100474306082,0.09820100474306082,0.4785063750015404,0.03268428208871674
IMG_0005,1,IMG_0005_r1_archive.csv,3,000000100001000100000001,2,17,2,0.5323204518319266,0.327849735746786,0.0,0.0274509803921568,0.32790530391750683,0.0019545080148526636,0.3806681670811717,0.3279708020716553,0.01966956172563649,0.01966956172563649,0.5246249058186235,0.00741209768147647,0.09469282366478629,0.09469282366478628,0.4966863401120534,0.03535066338804655,0.1802406288387597,0.1802406288387597,0.4644761792597815,0.06756082424031842,0.09820100474306082,0.09820100474306082,0.4952624750634862,0.036774528436613815
IMG_0005,1,IMG_0005_r1_archive.csv,4,000010110000100000001001,11,8,9,0.4982063783555661,0.3278694654603322,0.0,0.0366013071895424,0.3280314267658661,0.002083866837722156,0.38076195022381354,0.32826154047723405,0.01966956172563649,0.01966956172563649,0.4923602057144512,0.006040014726105965,0.09469282366478629,0.09469282366478628,0.4695914903673961,0.028808730073161096,0.1802406288387597,0.1802406288387597,0.4429584378959709,0.055441782544586274,0.09820100474306082,0.09820100474306082,0.4683033779926061,0.030096842447951116
IMG_0005,1,IMG_0005_r1_archive.csv,5,000010110001001101010000,11,19,80,0.5095153148981475,0.3278111897831364,0.0,0.1437908496732026,0.32856117193496376,0.003008765782392616,0.38106047065674364,0.3287189072330519,0.01966956172563649,0.01966956172563649,0.5031100175637683,0.0065202852448591475,0.09469282366478629,0.09469282366478628,0.4786335344836568,0.030996768324970624,0.1802406288387597,0.1802406288387597,0.4502837062437791,0.05934659656484835,0.09820100474306082,0.09820100474306082,0.4773424194304014,0.032287883378226044
IMG_0005,1,IMG_0005_r1_archive.csv,6,000010110000010111010110,11,5,214,0.5057170733868769,0.32778620591989,0.0,0.3006535947712418,0.32829275495521615,0.0025148469840092975,0.3809155333765918,0.3286647422735896,0.01966956172563649,0.01966956172563649,0.4993761360948676,0.006416574311021837,0.09469282366478629,0.09469282366478628,0.47553461791580126,0.03025809249008812,0.1802406288387597,0.1802406288387597,0.44766548350461083,0.05812722690127859,0.09820100474306082,0.09820100474306082,0.47419207917175993,0.03160063123412952
IMG_0005,2,IMG_0005_r2_archive.csv,0,000111000100001100000110,28,67,6,0.5171110190304102,0.3277235786606166,0.0,0.1320261437908496,0.3281078843212174,0.0023218376134695015,0.38077891508522804,0.32856457972811776,0.019641496277010295,0.019641496277010298,0.5107311456906688,0.006725582096665212,0.09537718883513276,0.09537718883513276,0.4849803134527558,0.032476414334578214,0.18026653540672233,0.18026653540672233,0.45540739888808746,0.0620493288992465,0.0984284068396218,0.0984284068396218,0.4837062860105041,0.033750441776829974
IMG_0005,2,IMG_0005_r2_archive.csv,1,000000000000011100000001,2,7,2,0.5294444164105366,0.3280216033908189,0.0,0.0143790849673202,0.32834476578941035,0.002510027202159964,0.3809687491562484,0.3283516235153013,0.019641496277010295,0.019641496277010298,0.5224430478918508,0.0072479634876557,0.09537718883513276,0.09537718883513276,0.4948375763061703,0.03485343507333616,0.18026653540672233,0.18026653540672233,0.4631343121675021,0.06655669921200436,0.0984284068396218,0.0984284068396218,0.49347164545517447,0.03621936592433207
IMG_0005,2,IMG_0005_r2_archive.csv,2,101010010000111000000110,169,14,6,0.5170956867445996,0.327614369320038,0.0,0.2470588235294117,0.3279225705330468,0.0017849338950411695,0.38072782722666454,0.3284818812389081,0.019641496277010295,0.019641496277010298,0.510742405734914,0.006768641183154697,0.09537718883513276,0.09537718883513276,0.48503129690121033,0.03247975001685837,0.18026653540672233,0.18026653540672233,0.45546540928144696,0.06204563763662176,0.0984284068396218,0.0984284068396218,0.48374637063919046,0.033764676278878275
IMG_0005,2,IMG_0005_r2_archive.csv,3,000010000010000010010000,8,32,144,0.5123913672519349,0.3277474936305419,0.0,0.2405228758169934,0.32817197273780807,0.002265620639387373,0.3808570577453393,0.3283569517967073,0.019641496277010295,0.019641496277010298,0.5064637751781086,0.006616554390056319,0.09537718883513276,0.09537718883513276,0.4814495868873948,0.03163074268077016,0.18026653540672233,0.18026653540672233,0.4528795104888412,0.06020081907932377,0.0984284068396218,0.0984284068396218,0.48026429085144823,0.032816038716716754
IMG_0005,2,IMG_0005_r2_archive.csv,4,000010010100101001010011,9,74,83,0.5138601003314431,0.327710877568479,0.0,0.2169934640522876,0.3282861601383983,0.0025059497131047787,0.38091116287750015,0.3287632712738595,0.019641496277010295,0.019641496277010298,0.5077901406606038,0.006608646960488685,0.09537718883513276,0.09537718883513276,0.48252963678547656,0.03186915083561597,0.18026653540672233,0.18026653540672233,0.4535504736666763,0.06084831395441621,0.0984284068396218,0.0984284068396218,0.4812900837042522,0.03310870391684029
IMG_0005,2,IMG_0005_r2_archive.csv,5,000010100000000000011010,10,2,26,0.5165109010031345,0.3279239891785194,0.0,0.049673202614379,0.328362244085742,0.002547976596056788,0.38097674010410576,0.32849877680398587,0.019641496277010295,0.019641496277010298,0.5103637719313215,0.006720587039443549,0.09537718883513276,0.09537718883513276,0.4844693698961828,0.03261498907458229,0.18026653540672233,0.18026653540672233,0.4553035609612699,0.06178079800949515,0.0984284068396218,0.0984284068396218,0.4833789009295914,0.03370545804117366
IMG_0005,2,IMG_0005_r2_archive.csv,6,000010000100001000000010,8,66,2,0.5249963010223442,0.3277318229934529,0.0,0.0993464052287581,0.3281816330021863,0.0022781682091992223,0.3808635811172645,0.32843171014908457,0.019641496277010295,0.019641496277010298,0.5182621680650117,0.007142322260519036,0.09537718883513276,0.09537718883513276,0.4914503010112535,0.033954189314277294,0.18026653540672233,0.18026653540672233,0.46070180396259147,0.06470268636293927,0.0984284068396218,0.0984284068396218,0.4901380910129522,0.03526639931257853
IMG_0005,2,IMG_0005_r2_archive.csv,7,000000010000101000000001,2,10,2,0.5286001416795109,0.327896203473439,0.0,0.0183006535947712,0.3281846022637396,0.002075770515173517,0.38091714980232416,0.328256521173119,0.019641496277010295,0.019641496277010298,0.5218649758459394,0.007203956186913813,0.09537718883513276,0.09537718883513276,0.49437244335065805,0.0346964886821951,0.18026653540672233,0.18026653540672233,0.4628254652396338,0.06624346679321938,0.0984284068396218,0.0984284068396218,0.49302096147874375,0.03604797055410943
IMG_0005,2,IMG_0005_r2_archive.csv,8,100100000001011000000110,144,22,6,0.5171561015383844,0.3276929333455154,0.0,0.2248366013071895,0.3279179928247656,0.0017844393997289868,0.38072337314221133,0.3284644902539739,0.019641496277010295,0.019641496277010298,0.5106132454078427,0.006785624377707969,0.09537718883513276,0.09537718883513276,0.48491082289398535,0.032488046891565356,0.18026653540672233,0.18026653540672233,0.4555216079082888,0.06187726187726192,0.0984284068396218,0.0984284068396218,0.483681892070039,0.03371697771551175
IMG_0005,2,IMG_0005_r2_archive.csv,9,000101100000000000001000,22,2,8,0.5202631202583773,0.3278546554043164,0.0,0.0418300653594771,0.32808810571215274,0.0022409357140834407,0.3807793619510099,0.3282129798518615,0.019641496277010295,0.019641496277010298,0.5139984295516855,0.006899799533114582,0.09537718883513276,0.09537718883513276,0.48758149373398,0.03331673535082003,0.18026653540672233,0.18026653540672233,0.4576781603672052,0.06322006871759486,0.0984284068396218,0.0984284068396218,0.4864193612176235,0.034478867867176494
IMG_0005,2,IMG_0005_r2_archive.csv,10,000100010000111010011100,17,14,156,0.5127967965743515,0.3276493207777712,0.0,0.2444444444444444,0.3282774375871774,0.0024283776676333087,0.38092183333764706,0.3284836150661516,0.019641496277010295,0.019641496277010298,0.5069940301338721,0.006643341442681694,0.09537718883513276,0.09537718883513276,0.4818701876378471,0.03176718393870674,0.18026653540672233,0.18026653540672233,0.4529445478271056,0.06069282374944824,0.0984284068396218,0.0984284068396218,0.4806029218662749,0.03303444971027889
IMG_0005,2,IMG_0005_r2_archive.csv,11,000101110000001100001000,23,3,8,0.5119257940540912,0.3279434636594824,0.0,0.0444444444444444,0.328030174447975,0.0020881478601825062,0.38075962765030735,0.3280957680031568,0.019641496277010295,0.019641496277010298,0.5061550467770217,0.0066016877451732315,0.09537718883513276,0.09537718883513276,0.48102715743802743,0.031729577084167536,0.18026653540672233,0.18026653540672233,0.4523012860513534,0.06045544847084156,0.0984284068396218,0.0984284068396218,0.4798278300888008,0.03292890443339411
IMG_0005,2,IMG_0005_r2_archive.csv,12,000001110010000000001001,7,32,9,0.5058445489404108,0.3277655445165704,0.0,0.0627450980392156,0.32830056125242535,0.002310812519858214,0.3809743482898388,0.32842885931795995,0.019641496277010295,0.019641496277010298,0.5004116283892933,0.006250120378762471,0.09537718883513276,0.09537718883513276,0.47614754530168085,0.030514203466374963,0.18026653540672233,0.18026653540672233,0.44880599899366946,0.05785574977438639,0.0984284068396218,0.0984284068396218,0.4751217242282146,0.031540024539841276
IMG_0005,2,IMG_0005_r2_archive.csv,13,110110100100111010011100,218,78,156,0.5299160598728342,0.3275988862376894,0.0,0.5908496732026144,0.32849544138075704,0.002826410120610691,0.3810403290179824,0.32879731533256007,0.019641496277010295,0.019641496277010298,0.5230495917639252,0.007209002041327494,0.09537718883513276,0.09537718883513276,0.4953759672788659,0.034882626526386816,0.18026653540672233,0.18026653540672233,0.4635091700464832,0.06674942375876954,0.0984284068396218,0.0984284068396218,0.49397824302975807,0.036280350775494616
IMG_0005,2,IMG_0005_r2_archive.csv,14,000000000000010100000001,2,5,2,0.5305436845796233,0.3279806239711703,0.0,0.0117647058823529,0.3283728192938957,0.0024695856813770154,0.3810069130409294,0.32844816428536294,0.019641496277010295,0.019641496277010298,0.5235024741299467,0.007292698881483942,0.09537718883513276,0.09537718883513276,0.49578064310959996,0.035014529901830634,0.18026653540672233,0.18026653540672233,0.4638692798073626,0.06692589320406801,0.0984284068396218,0.0984284068396218,0.4943841323489697,0.03641104066246086
IMG_0005,2,IMG_0005_r2_archive.csv,15,000001100010000110011001,6,33,153,0.5127137770300897,0.3277082816230155,0.0,0.2509803921568627,0.3280674816801621,0.0020876671422597956,0.38079705506197514,0.3284689944250345,0.019641496277010295,0.019641496277010298,0.5065066480082272,0.006595422758149525,0.09537718883513276,0.09537718883513276,0.481508850278159,0.03159322048821774,0.18026653540672233,0.18026653540672233,0.45276833236776753,0.0603337383986092,0.0984284068396218,0.0984284068396218,0.4802612768847179,0.03284079388165882
IMG_0005,2,IMG_0005_r2_archive.csv,16,000000010000010000001011,2,4,11,0.5147391711390461,0.3280733705629679,0.0,0.0222222222222222,0.32817745861474446,0.0023549131972542283,0.3808402204828089,0.32855700167920904,0.019641496277010295,0.019641496277010298,0.5083312323506785,0.006562692434050308,0.09537718883513276,0.09537718883513276,0.4828121199706535,0.03208180481407527,0.18026653540672233,0.18026653540672233,0.4537561514974228,0.061137773287305935,0.0984284068396218,0.0984284068396218,0.48163316793958494,0.03326075684514384
IMG_0005,2,IMG_0005_r2_archive.csv,17,000000010000010000001000,2,4,8,0.515486770347338,0.3280899096300281,0.0,0.0183006535947712,0.3281715470377755,0.002312857247828032,0.38084482289319654,0.3284117085399746,0.019641496277010295,0.019641496277010298,0.5091390092991921,0.006599029358787468,0.09537718883513276,0.09537718883513276,0.4835398405444434,0.03219819811353622,0.18026653540672233,0.18026653540672233,0.45425919609062687,0.06147884256735273,0.0984284068396218,0.0984284068396218,0.4823126819780874,0.03342535667989214
IMG_0005,2,IMG_0005_r2_archive.csv,18,000101000001000100001001,20,17,9,0.5087906421558827,0.3278405867835289,0.0,0.0601307189542483,0.32851724718325576,0.0027012099570163112,0.38109343486137964,0.3287293338437934,0.019641496277010295,0.019641496277010298,0.5032358506747581,0.006400090622190664,0.09537718883513276,0.09537718883513276,0.47848861856084096,0.031147322736107763,0.18026653540672233,0.18026653540672233,0.45041235859892953,0.05922358269801917,0.0984284068396218,0.0984284068396218,0.47737894261150954,0.032256998685439194
IMG_0005,2,IMG_0005_r2_archive.csv,19,000000000000010000001010,2,4,10,0.5151184483737383,0.3280692028931003,0.0,0.0209150326797385,0.3282862078009181,0.00249345156760699,0.3809143350763944,0.32853407176841737,0.019641496277010295,0.019641496277010298,0.5087630508143827,0.006554531018522132,0.09537718883513276,0.09537718883513276,0.48320465527247963,0.03211292656042517,0.18026653540672233,0.18026653540672233,0.4540613325612625,0.06125624927164229,0.0984284068396218,0.0984284068396218,0.48200967954937496,0.03330790228352987
IMG_0005,2,IMG_0005_r2_archive.csv,20,000010000010011001100001,8,38,97,0.5122033499116361,0.3277487203861859,0.0,0.1869281045751634,0.32806929037245813,0.0021584341816868746,0.3807811719944144,0.3284460103554425,0.019641496277010295,0.019641496277010298,0.5060626551508204,0.0065871258834424825,0.09537718883513276,0.09537718883513276,0.4810859890526589,0.031563791981603966,0.18026653540672233,0.18026653540672233,0.45254530729592446,0.06010447373833846,0.0984284068396218,0.0984284068396218,0.4798979838331346,0.0327517972011283
IMG_0005,2,IMG_0005_r2_archive.csv,21,000100010001010000001001,17,20,9,0.5080239008723739,0.3278513654132687,0.0,0.0601307189542483,0.3283730400416838,0.0024528577260288977,0.38101131577755454,0.32852185636308484,0.019641496277010295,0.019641496277010298,0.5024615152110329,0.006381769768245859,0.09537718883513276,0.09537718883513276,0.477962139529689,0.030881145449589677,0.18026653540672233,0.18026653540672233,0.44997965118436395,0.058863633794914744,0.0984284068396218,0.0984284068396218,0.4768011019750286,0.032042183004250095
IMG_0006,1,IMG_0006_r1_archive.csv,0,000000100000110000000111,2,12,7,0.5110002266509289,0.3312410017660968,0.0,0.0274509803921568,0.3319602167193704,0.0027713127891405252,0.3601488940391049,0.3320379158278679,0.019779664639477723,0.019779664639477723,0.5040541170110314,0.0069487002966937585,0.09570749757665645,0.09570749757665646,0.47808178361703785,0.03292103369068739,0.17941809530594577,0.1794180953059458,0.4497398035433371,0.061263013764388155,0.09830175250736,0.09830175250736,0.4772919013904688,0.03371091591725644
IMG_0006,1,IMG_0006_r1_archive.csv,1,001100000001100000010010,48,24,18,0.4846857064386627,0.3314318971436737,0.0,0.1176470588235294,0.33200859079339373,0.0027486452047971364,0.36020293500921385,0.33242042678743955,0.019779664639477723,0.019779664639477723,0.4785715362783133,0.005952482697947265,0.09570749757665645,0.09570749757665646,0.45660098874426935,0.0279230302319912,0.17941809530594577,0.1794180953059458,0.43255988839750653,0.051964130578754014,0.09830175250736,0.09830175250736,0.4559108044733631,0.02861321450289749
IMG_0006,1,IMG_0006_r1_archive.csv,2,010000000001010000000000,64,20,2,0.5064980715165583,0.3312393848673597,0.0,0.1124183006535947,0.3318032241626815,0.0022743815884735787,0.3601161342825826,0.3321584605572938,0.019779664639477723,0.019779664639477723,0.4997105845751406,0.006747678875221487,0.09570749757665645,0.09570749757665646,0.4744515284199877,0.032006735030374385,0.17941809530594577,0.1794180953059458,0.44669515530902415,0.05976310814133797,0.09830175250736,0.09830175250736,0.4736190894347175,0.032839174015644616
IMG_0006,1,IMG_0006_r1_archive.csv,3,000011110000101000010000,15,10,16,0.48998779035537,0.3313935959094803,0.0,0.05359477124183,0.3317654261194605,0.0022575874849677328,0.3600825347652381,0.3320694194855179,0.019779664639477723,0.019779664639477723,0.48372456430105,0.006150811868239057,0.09570749757665645,0.09570749757665646,0.4608679613454916,0.02900741482379747,0.17941809530594577,0.1794180953059458,0.43613315761123755,0.053742218558051474,0.09830175250736,0.09830175250736,0.46024189441925967,0.029633481750029333
IMG_0006,1,IMG_0006_r1_archive.csv,4,010100000001001101010000,80,19,80,0.4937524210578787,0.3311790908525078,0.0,0.2339869281045751,0.3319825920017565,0.0025864854442907235,0.3602174761577034,0.3324855746682468,0.019779664639477723,0.019779664639477723,0.487665401996698,0.006242517732347343,0.09570749757665645,0.09570749757665646,0.46426875715970134,0.029639162569344017,0.17941809530594577,0.1794180953059458,0.438671484833457,0.0552364348955883,0.09830175250736,0.09830175250736,0.46353521466328546,0.030372705065759887
IMG_0006,1,IMG_0006_r1_archive.csv,5,000010100000101000000001,10,10,2,0.5123402057809026,0.3312128591877012,0.0,0.0287581699346405,0.3318392357691321,0.0023234106057582757,0.360139888634712,0.3320900444359581,0.019779664639477723,0.019779664639477723,0.5054760828090281,0.00702454050447448,0.09570749757665645,0.09570749757665646,0.47925108418161055,0.033249539131892006,0.17941809530594577,0.1794180953059458,0.4504909585550748,0.06200966475842778,0.09830175250736,0.09830175250736,0.47840604184857116,0.03409458146493142
IMG_0006,1,IMG_0006_r1_archive.csv,6,011000110000110000101010,99,12,42,0.4930703248287786,0.3312005048674223,0.0,0.2,0.33216402506286324,0.002865832516520007,0.36032907245075274,0.332815635715576,0.019779664639477723,0.019779664639477723,0.4870177039328372,0.0062518644156907156,0.09570749757665645,0.09570749757665646,0.46378953644958454,0.029480031898943396,0.17941809530594577,0.1794180953059458,0.4382184077448659,0.055051160603661976,0.09830175250736,0.09830175250736,0.4630085493757625,0.03026101897276536
IMG_0006,1,IMG_0006_r1_archive.csv,7,000000000000000000000000,2,2,2,0.5493493551594857,0.3316250518222797,0.0,0.0078431372549019,0.3319613857442013,0.002555684320670913,0.3602039701810532,0.33203795384822526,0.019779664639477723,0.019779664639477723,0.5409890178271858,0.008360337332299902,0.09570749757665645,0.09570749757665646,0.5092009308439366,0.04014842431554907,0.17941809530594577,0.1794180953059458,0.4740846203015678,0.07526473485791789,0.09830175250736,0.09830175250736,0.5080915229908968,0.04125783216858895
IMG_0006,1,IMG_0006_r1_archive.csv,8,000001100001001000001000,6,18,8,0.4947011771468217,0.3312960540610477,0.0,0.0418300653594771,0.33184876269152946,0.0024099781519313634,0.3601277736705661,0.33191976601446055,0.019779664639477723,0.019779664639477723,0.48851164088581756,0.006229801501929045,0.09570749757665645,0.09570749757665646,0.464890641783785,0.02985080060396165,0.17941809530594577,0.1794180953059458,0.43923454630910785,0.055506896078638776,0.09830175250736,0.09830175250736,0.4642122763262368,0.03052916606150982
IMG_0006,1,IMG_0006_r1_archive.csv,9,000000000001001100000000,2,19,2,0.5271409159087155,0.3311984590520458,0.0,0.0300653594771241,0.33196402301963335,0.0026503957943967817,0.36018292958805365,0.3320783638095037,0.019779664639477723,0.019779664639477723,0.5197215711611685,0.007563769630839485,0.09570749757665645,0.09570749757665646,0.49130191371457316,0.035983427077434765,0.17941809530594577,0.1794180953059458,0.46005477449602106,0.06723056629598687,0.09830175250736,0.09830175250736,0.49035941979058756,0.03692592100142037
IMG_0006,1,IMG_0006_r1_archive.csv,10,000100110001110000001010,19,28,10,0.4883371186662156,0.3315382325732992,0.0,0.0745098039215686,0.33194407607595033,0.0027699204281865183,0.3601331014859232,0.332415678904261,0.019779664639477723,0.019779664639477723,0.48218473208502205,0.006064676762862617,0.09570749757665645,0.09570749757665646,0.45970189486881485,0.028547513979069787,0.17941809530594577,0.1794180953059458,0.43506018545525277,0.0531892233926319,0.09830175250736,0.09830175250736,0.45898227080302983,0.029267138044854767
IMG_0006,1,IMG_0006_r1_archive.csv,11,010000100000110001000010,66,12,66,0.4934511429116308,0.3312043406354313,0.0,0.188235294117647,0.3319530487476543,0.0025604975398282764,0.36019442987971684,0.33241378384714815,0.019779664639477723,0.019779664639477723,0.48736885645551253,0.006263598567062005,0.09570749757665645,0.09570749757665646,0.4640547739880491,0.029577681034525412,0.17941809530594577,0.1794180953059458,0.4385216246506117,0.05511083037196285,0.09830175250736,0.09830175250736,0.4633150850313911,0.030317369991183424
IMG_0006,1,IMG_0006_r1_archive.csv,12,000100000010001000001100,16,34,12,0.486609929473386,0.3313068640677151,0.0,0.0810457516339869,0.33210103375894784,0.0028677572383557647,0.36026559996637836,0.33269793428690625,0.019779664639477723,0.019779664639477723,0.48049024781769556,0.006008054826086693,0.09570749757665645,0.09570749757665646,0.4583478025856407,0.028150500058141622,0.17941809530594577,0.1794180953059458,0.4339257571630455,0.05257254548073679,0.09830175250736,0.09830175250736,0.4575879358554606,0.028910366788321703
IMG_0006,1,IMG_0006_r1_archive.csv,13,000001100001110000001111,6,28,15,0.4911432317527026,0.3312624044752601,0.0,0.0640522875816993,0.33202857909705985,0.002875946418420509,0.36019109800947424,0.3321581985881487,0.019779664639477723,0.019779664639477723,0.48478099350481285,0.006189180680659553,0.09570749757665645,0.09570749757665646,0.461867836342068,0.0291023378434044,0.17941809530594577,0.1794180953059458,0.436794012147848,0.0541761620376244,0.09830175250736,0.09830175250736,0.46114761399824294,0.029822560187229452
IMG_0006,1,IMG_0006_r1_archive.csv,14,010010100000110000000011,74,12,3,0.4990490950736291,0.3312101899917494,0.0,0.1163398692810457,0.33175280723665873,0.002278469336676703,0.36006469541950914,0.33203791039298364,0.019779664639477723,0.019779664639477723,0.4927674381047814,0.0064998055102507895,0.09570749757665645,0.09570749757665646,0.46851138943971676,0.030755854175315435,0.17941809530594577,0.1794180953059458,0.44194871647792344,0.05731852713710877,0.09830175250736,0.09830175250736,0.4677425146741405,0.031524728940891665
IMG_0006,1,IMG_0006_r1_archive.csv,15,000000100000011000000101,2,6,5,0.5172153562305445,0.3316074870118828,0.0,0.0169934640522875,0.3321365182991475,0.002930061164405433,0.3602855085250656,0.3325090873770644,0.019779664639477723,0.019779664639477723,0.5101923565742299,0.0071499926365236515,0.09570749757665645,0.09570749757665646,0.48321693102816105,0.03412541818259244,0.17941809530594577,0.1794180953059458,0.45370588744345064,0.06363646176730288,0.09830175250736,0.09830175250736,0.48237172501528053,0.03497062419547299
IMG_0006,1,IMG_0006_r1_archive.csv,16,000010100000000000000101,10,2,5,0.5168904404575803,0.3317874721604714,0.0,0.0222222222222222,0.33202909201145503,0.0025007851750369547,0.36028540123471525,0.3324639061326106,0.019779664639477723,0.019779664639477723,0.5098600244112215,0.0070688864531634225,0.09570749757665645,0.09570749757665646,0.4829826713106688,0.033946239553716125,0.17941809530594577,0.1794180953059458,0.4533051145303083,0.06362379633407665,0.09830175250736,0.09830175250736,0.4820492700840662,0.03487964078031874
IMG_0006,1,IMG_0006_r1_archive.csv,17,001000010000101001111010,33,10,122,0.4980315765190022,0.3311600232562882,0.0,0.2156862745098039,0.3319328598938298,0.0025094100908483056,0.3601870128881373,0.3324355680742132,0.019779664639477723,0.019779664639477723,0.49185844775104115,0.006424676463159175,0.09570749757665645,0.09570749757665646,0.4677913646405276,0.030491759573672703,0.17941809530594577,0.1794180953059458,0.44149331118469515,0.0567898130295052,0.09830175250736,0.09830175250736,0.46704770785875466,0.031235416355445692
IMG_0006,2,IMG_0006_r2_archive.csv,0,110110000001001100100000,216,19,32,0.4900598292399433,0.3315078289955135,0.0,0.3490196078431372,0.3316474327182327,0.002594474482433663,0.35988031961464384,0.3316912306045344,0.019477421346580225,0.019477421346580225,0.48470930173438553,0.005689827350080216,0.09474463680071157,0.09474463680071157,0.46144103833418154,0.028958090750284222,0.17969227315021707,0.17969227315021707,0.43607493556291105,0.054324193521554695,0.09797144376583629,0.09797144376583629,0.46074175854382604,0.029657370540639712
IMG_0006,2,IMG_0006_r2_archive.csv,1,000111100001011000100010,30,22,34,0.4903081174486492,0.3315966356210989,0.0,0.1124183006535947,0.3315560164583794,0.0022003044781625553,0.3598874458558583,0.3316779528396519,0.019477421346580225,0.019477421346580225,0.4850119090738263,0.005715039689751098,0.09474463680071157,0.09474463680071157,0.4617208208019794,0.029006127961598013,0.17969227315021707,0.17969227315021707,0.43630133018182904,0.05442561858174835,0.09797144376583629,0.09797144376583629,0.4610113533525449,0.029715595411032487
IMG_0006,2,IMG_0006_r2_archive.csv,2,001000000001010000010010,32,20,18,0.4852713811309894,0.331778017278705,0.0,0.0915032679738562,0.3313632008849341,0.0020178874982024354,0.359740234527403,0.3316895008642669,0.019477421346580225,0.019477421346580225,0.4801381894117614,0.0055030799395835465,0.09474463680071157,0.09474463680071157,0.4576271428215504,0.028014126529794472,0.17969227315021707,0.17969227315021707,0.43295457411379756,0.05268669523754734,0.09797144376583629,0.09797144376583629,0.4569066354490365,0.02873463390230845
IMG_0006,2,IMG_0006_r2_archive.csv,3,000010000001101100000101,8,27,5,0.4951397347046756,0.3318140789098642,0.0,0.0522875816993464,0.3312621179793924,0.0018412134113464824,0.35968332014357535,0.331643104785716,0.019477421346580225,0.019477421346580225,0.48961247530166024,0.005926491467997788,0.09474463680071157,0.09474463680071157,0.46565497866686845,0.029883988102789596,0.17969227315021707,0.17969227315021707,0.43934975434075346,0.05618921242890455,0.09797144376583629,0.09797144376583629,0.46487240276976066,0.03066656399989731
IMG_0006,2,IMG_0006_r2_archive.csv,4,000001100010000100011011,6,33,27,0.4934493988747026,0.3316153316726256,0.0,0.0862745098039215,0.33140956285257694,0.0020689196380855256,0.3597738384600751,0.3315229246552411,0.019477421346580225,0.019477421346580225,0.4881693694055582,0.005798550273536548,0.09474463680071157,0.09474463680071157,0.46430610156208146,0.029661818117013287,0.17969227315021707,0.17969227315021707,0.4384399512319399,0.055527968447154845,0.09797144376583629,0.09797144376583629,0.46363847406652653,0.03032944561256823
IMG_0006,2,IMG_0006_r2_archive.csv,5,000010010000000000010001,9,2,17,0.5108403678874418,0.3320769013950144,0.0,0.0366013071895424,0.3317624715237174,0.0025324851713197324,0.36001085574790703,0.33189058091974194,0.019477421346580225,0.019477421346580225,0.5046094911782804,0.006526338576915734,0.09474463680071157,0.09474463680071157,0.4782115619766128,0.03292426777858328,0.17969227315021707,0.17969227315021707,0.44944893882146625,0.06168689093372984,0.09797144376583629,0.09797144376583629,0.47742333065878645,0.033712499096409616
IMG_0006,2,IMG_0006_r2_archive.csv,6,011100010001011100010110,113,23,22,0.4851699560707958,0.3316142204820658,0.0,0.2065359477124183,0.33147934770340004,0.002376335961674094,0.35976676923000106,0.3317100543978638,0.019477421346580225,0.019477421346580225,0.47994302659977617,0.005484318843307312,0.09474463680071157,0.09474463680071157,0.45742087235689627,0.028006473086187214,0.17969227315021707,0.17969227315021707,0.4328709280708332,0.05255641737225026,0.09797144376583629,0.09797144376583629,0.45674494234250185,0.028682403100581594
IMG_0006,2,IMG_0006_r2_archive.csv,7,111000110001011011000010,227,22,194,0.5044289664238139,0.3314688331421656,0.0,0.5790849673202614,0.3314221460964252,0.0023614063491220936,0.3597133000261642,0.3317029437879469,0.019477421346580225,0.019477421346580225,0.4980655598405062,0.006292095791820909,0.09474463680071157,0.09474463680071157,0.4726596828678343,0.03169797276449285,0.17969227315021707,0.17969227315021707,0.4449058242178789,0.05945183141444824,0.09797144376583629,0.09797144376583629,0.4718770223087398,0.03248063332358733
IMG_0006,2,IMG_0006_r2_archive.csv,8,000001100001001101001001,6,19,73,0.499140360695406,0.3314696068516073,0.0,0.1281045751633986,0.3316233563849125,0.002442348429796887,0.3598942747944828,0.33181669321052726,0.019477421346580225,0.019477421346580225,0.49333635818991917,0.006062932725934371,0.09474463680071157,0.09474463680071157,0.4686571689147981,0.03074212200105547,0.17969227315021707,0.17969227315021707,0.4418135620821863,0.05758572883366723,0.09797144376583629,0.09797144376583629,0.46793569639563454,0.031463594520219025
IMG_0006,2,IMG_0006_r2_archive.csv,9,000010100001000000100001,10,16,33,0.4911219985264116,0.3317047797757612,0.0,0.0771241830065359,0.3315100595387177,0.0022279672290040284,0.3598345732484862,0.331714984945045,0.019477421346580225,0.019477421346580225,0.48603408403772747,0.005753425434568953,0.09474463680071157,0.09474463680071157,0.46258706531858124,0.029200444153715203,0.17969227315021707,0.17969227315021707,0.43695395557332195,0.05483355389897449,0.09797144376583629,0.09797144376583629,0.46185836830987687,0.029929141162419553
IMG_0006,2,IMG_0006_r2_archive.csv,10,011000000001000100010100,96,17,20,0.4863326360680002,0.3317399212669129,0.0,0.1738562091503268,0.33152043355879607,0.0024201642586415615,0.3597968980111551,0.33185958183835806,0.019477421346580225,0.019477421346580225,0.48118220716825855,0.005561293521711323,0.09474463680071157,0.09474463680071157,0.4585641647591221,0.02817933593084775,0.17969227315021707,0.17969227315021707,0.4338933739530922,0.05285012673687765,0.09797144376583629,0.09797144376583629,0.4578799152934909,0.028863585396478913
IMG_0006,2,IMG_0006_r2_archive.csv,11,000010100001101100000001,10,27,2,0.5096337144542903,0.3317662109479368,0.0,0.0509803921568627,0.33123398265753945,0.0018632339399393492,0.3596496796895742,0.3317157633386268,0.019477421346580225,0.019477421346580225,0.5031560988507813,0.006582063096631554,0.09474463680071157,0.09474463680071157,0.47695375577103305,0.03278440617637981,0.17969227315021707,0.17969227315021707,0.44831247017537695,0.06142569177203594,0.09797144376583629,0.09797144376583629,0.4761407749323971,0.033597387015015766
IMG_0006,2,IMG_0006_r2_archive.csv,12,000010000000101100000001,8,11,2,0.5129173126801645,0.3316795061148457,0.0,0.0274509803921568,0.33128166156512795,0.0018739890317010217,0.35969466982422216,0.331707471551518,0.019477421346580225,0.019477421346580225,0.5061257196323867,0.006764204895046028,0.09474463680071157,0.09474463680071157,0.47959995083064216,0.03328997369679061,0.17969227315021707,0.17969227315021707,0.45038435218128864,0.06250557234614411,0.09797144376583629,0.09797144376583629,0.4787033408814392,0.034186583645993585
IMG_0006,2,IMG_0006_r2_archive.csv,13,001000000001100100011100,32,25,28,0.487817285601028,0.3316807092625918,0.0,0.1111111111111111,0.3313060233803773,0.0018102138141319745,0.3597349754438639,0.3315931545173479,0.019477421346580225,0.019477421346580225,0.48264493771290223,0.00560238845010696,0.09474463680071157,0.09474463680071157,0.459737249714505,0.028510076448504167,0.17969227315021707,0.17969227315021707,0.4346577785657651,0.053589547597244096,0.09797144376583629,0.09797144376583629,0.4590133219977241,0.02923400416528507
IMG_0006,2,IMG_0006_r2_archive.csv,14,000011000001000100001101,12,17,13,0.4884651783874584,0.3318884294830139,0.0,0.0549019607843137,0.3314354584977721,0.0020895976483245628,0.3597945646027104,0.33178822612603387,0.019477421346580225,0.019477421346580225,0.483338200858062,0.005627634654572558,0.09474463680071157,0.09474463680071157,0.4602887548289568,0.02867708068367771,0.17969227315021707,0.17969227315021707,0.43517899162133766,0.05378684389129691,0.09797144376583629,0.09797144376583629,0.4596019824361188,0.029363853076515723
IMG_0006,2,IMG_0006_r2_archive.csv,15,110001100001011001010001,198,22,81,0.4962011504994613,0.3314940812699287,0.0,0.3934640522875817,0.3317643822467101,0.0028287121873356927,0.35993870971689573,0.331925974162762,0.019477421346580225,0.019477421346580225,0.4903924407875081,0.005928709612052122,0.09474463680071157,0.09474463680071157,0.46616717522084616,0.03015397517871404,0.17969227315021707,0.17969227315021707,0.4398748533815205,0.05644629701803976,0.09797144376583629,0.09797144376583629,0.46547815646329155,0.03084299393626864
IMG_0006,2,IMG_0006_r2_archive.csv,16,100111100001001100100011,158,19,35,0.4923257903844091,0.3315130977992993,0.0,0.2771241830065359,0.33171131397358833,0.002727596096909783,0.3599109204663804,0.33174211165166456,0.019477421346580225,0.019477421346580225,0.48686542241716924,0.005796196670303347,0.09474463680071157,0.09474463680071157,0.4632084081059493,0.029453210981523245,0.17969227315021707,0.17969227315021707,0.43756893177928224,0.055092687308190336,0.09797144376583629,0.09797144376583629,0.4625475874341336,0.030114031653338976
IMG_0006,2,IMG_0006_r2_archive.csv,17,010111100001011000101001,94,22,41,0.4895370668700121,0.3316124533209481,0.0,0.2052287581699346,0.3317699231110014,0.0027702652592538285,0.3599588623132075,0.33178291429938356,0.019477421346580225,0.019477421346580225,0.48431900150901114,0.005667849098305394,0.09474463680071157,0.09474463680071157,0.4611785099792947,0.0288083406280218,0.17969227315021707,0.17969227315021707,0.43583645121227715,0.05415039939503934,0.09797144376583629,0.09797144376583629,0.46044465423352765,0.029542196373788843
IMG_0006,2,IMG_0006_r2_archive.csv,18,000010010000100100010001,9,9,17,0.4917349597770859,0.331863939701378,0.0,0.0457516339869281,0.33167371878576046,0.0026210596206391154,0.3598999593976202,0.33174689699149124,0.019477421346580225,0.019477421346580225,0.48632042780950285,0.005765701422655766,0.09474463680071157,0.09474463680071157,0.4627838705731105,0.029302258659048102,0.17969227315021707,0.17969227315021707,0.4371156769005188,0.05497045233163981,0.09797144376583629,0.09797144376583629,0.4620733250943774,0.030012804137781224
IMG_0006,2,IMG_0006_r2_archive.csv,19,000001110010110101101011,7,45,107,0.5017418711583789,0.3314695974388807,0.0,0.2078431372549019,0.33150292142681503,0.002392357429054857,0.35978633758657086,0.3317830909723798,0.019477421346580225,0.019477421346580225,0.495667712252994,0.00619278728129744,0.09474463680071157,0.09474463680071157,0.47063190975704855,0.03122858977724287,0.17969227315021707,0.17969227315021707,0.4435311675381095,0.058329331996181906,0.09797144376583629,0.09797144376583629,0.4699435965160507,0.03191690301824074
IMG_0006,2,IMG_0006_r2_archive.csv,20,011100110001111000100011,115,30,35,0.4901215562945235,0.3315793481402626,0.0,0.2352941176470588,0.3317643040160506,0.0028012056711791047,0.35994550811527537,0.33179590899172934,0.019477421346580225,0.019477421346580225,0.48478000295956725,0.005725910288856945,0.09474463680071157,0.09474463680071157,0.46146935776876813,0.029036555479656046,0.17969227315021707,0.17969227315021707,0.4362488736148041,0.05425703963362015,0.09797144376583629,0.09797144376583629,0.46083274478104647,0.02967316846737771
IMG_0006,2,IMG_0006_r2_archive.csv,21,011101010000100000111010,117,8,58,0.4961361893569851,0.3315202311448584,0.0,0.2392156862745098,0.33198129745292815,0.0031727839613599684,0.3600696069796076,0.33207453228201816,0.019477421346580225,0.019477421346580225,0.4907028962931258,0.005997285821364939,0.09474463680071157,0.09474463680071157,0.46653628455092305,0.03016389756356771,0.17969227315021707,0.17969227315021707,0.4401444679447029,0.05655571416978783,0.09797144376583629,0.09797144376583629,0.46579454959625055,0.03090563251824016
IMG_0006,2,IMG_0006_r2_archive.csv,22,000110110001011001001011,27,22,75,0.49314532688289,0.3315244834820905,0.0,0.1620915032679738,0.3315819832411871,0.0022846381861287273,0.35989232921167447,0.33178965809390043,0.019477421346580225,0.019477421346580225,0.487644541283149,0.005842930087020263,0.09474463680071157,0.09474463680071157,0.4639292625926092,0.02955820877756007,0.17969227315021707,0.17969227315021707,0.43804570575798035,0.055441765612188915,0.09797144376583629,0.09797144376583629,0.4632065032112462,0.030280968158923085
IMG_0006,2,IMG_0006_r2_archive.csv,23,000010100001011001010000,10,22,80,0.4964614776426911,0.3314930372167218,0.0,0.1464052287581699,0.33160297741639977,0.002379197397261089,0.359889683584104,0.3317777028184213,0.019477421346580225,0.019477421346580225,0.49089211583363723,0.005958866211752424,0.09474463680071157,0.09474463680071157,0.4666281089418129,0.030222873103576776,0.17969227315021707,0.17969227315021707,0.440158301713347,0.05669268033204264,0.09797144376583629,0.09797144376583629,0.4658928421629324,0.03095813988245728
IMG_0015,1,IMG_0015_r1_archive.csv,0,001100000001100100110001,48,25,49,0.4454604055173211,0.3384191238319572,0.0,0.1594771241830065,0.33879750138979603,0.0021501498435512545,0.34331012552112583,0.3388265187950316,0.020084066813038776,0.020084066813038773,0.4402093727786578,0.004638791114876882,0.09472520687473959,0.09472520687473958,0.42177249804711564,0.023075665846419048,0.17973113300216104,0.17973113300216106,0.4016940866547955,0.04315407723873918,0.09818013556331313,0.09818013556331313,0.4212253191601896,0.023622844733345038
IMG_0015,1,IMG_0015_r1_archive.csv,1,001100000001100100110011,48,25,51,0.4456638398054172,0.3384089333857679,0.0,0.1620915032679738,0.338830010007141,0.002218037119594005,0.34332566231946016,0.3388971471230941,0.020084066813038776,0.020084066813038773,0.4404235845376744,0.004649170674459281,0.09472520687473959,0.09472520687473958,0.4219548599666958,0.023117895245437864,0.17973113300216104,0.17973113300216106,0.4018109709937799,0.043261784218353784,0.09818013556331313,0.09818013556331313,0.4213964718327167,0.023676283379416976
IMG_0015,1,IMG_0015_r1_archive.csv,2,000011100010111000000111,14,46,7,0.4525456232677395,0.3382540281364088,0.0,0.0875816993464052,0.3389469097427887,0.002519007411221238,0.34336731948220106,0.3389749784785769,0.020084066813038776,0.020084066813038773,0.4469942182660871,0.004949957781183698,0.09472520687473959,0.09472520687473958,0.42761293907172376,0.02433123697554704,0.17973113300216104,0.17973113300216106,0.4062569613661034,0.045687214681167404,0.09818013556331313,0.09818013556331313,0.4269547062346381,0.024989469812632715
IMG_0015,1,IMG_0015_r1_archive.csv,3,001010010011101100110101,41,59,53,0.4471468638282984,0.3382623229604563,0.0,0.2,0.3388503519363035,0.0022687703557528337,0.3433333209395829,0.33892137199187505,0.020084066813038776,0.020084066813038773,0.4417925011347383,0.004679665922106861,0.09472520687473959,0.09472520687473958,0.42312737768676717,0.02334478937007799,0.17973113300216104,0.17973113300216106,0.4027247955469668,0.04374737150987838,0.09818013556331313,0.09818013556331313,0.4225482247894907,0.02392394226735441
IMG_0015,1,IMG_0015_r1_archive.csv,4,001000100000111000111100,34,14,60,0.4499241156434831,0.3382742808805876,0.0,0.1411764705882353,0.33903508565356427,0.002660495426605648,0.34342012338913047,0.33908545061073697,0.020084066813038776,0.020084066813038773,0.44456238735707093,0.004802341140988761,0.09472520687473959,0.09472520687473958,0.42535232856482413,0.024012399933235555,0.17973113300216104,0.17973113300216106,0.404446905020588,0.04491782347747166,0.09818013556331313,0.09818013556331313,0.42478720698082767,0.024577521517231995
IMG_0015,1,IMG_0015_r1_archive.csv,5,001100000000110100010001,48,13,17,0.4486780181906786,0.338378418044259,0.0,0.1019607843137254,0.3387706018939408,0.0021198784179744415,0.34329079388166495,0.3388817636210076,0.020084066813038776,0.020084066813038773,0.4432172607782995,0.004765462379536023,0.09472520687473959,0.09472520687473958,0.4243073795264721,0.02367534363136341,0.17973113300216104,0.17973113300216106,0.4035477269911186,0.04443499616671687,0.09818013556331313,0.09818013556331313,0.4236907890986301,0.024291934059205433
IMG_0015,1,IMG_0015_r1_archive.csv,6,001000000010101000011000,32,42,24,0.4460910695894365,0.3382983286330825,0.0,0.1281045751633986,0.3388592562936914,0.002113944813232534,0.3433809316826009,0.3389933471691871,0.020084066813038776,0.020084066813038773,0.44079052652088907,0.004635506229788804,0.09472520687473959,0.09472520687473958,0.4222935925759067,0.023132440174771143,0.17973113300216104,0.17973113300216106,0.40200447443082377,0.04342155831985409,0.09818013556331313,0.09818013556331313,0.4216961978425398,0.02372983490813801
IMG_0015,1,IMG_0015_r1_archive.csv,7,000000000000000000000111,2,2,7,0.4855131787201767,0.3387249389289244,0.0,0.0143790849673202,0.33881315907908444,0.002366659085166999,0.3432716559000104,0.33889020468425984,0.020084066813038776,0.020084066813038773,0.478973294225372,0.0064215016386538985,0.09472520687473959,0.09472520687473958,0.4547499758844065,0.030644819979619327,0.17973113300216104,0.17973113300216106,0.4273538903244947,0.05804090553953115,0.09818013556331313,0.09818013556331313,0.45369238681142443,0.03170240905260146
IMG_0015,1,IMG_0015_r1_archive.csv,8,000100010000101000001101,17,10,13,0.4514722785990127,0.3384221410040592,0.0,0.0522875816993464,0.33874442798532733,0.0021400266600493495,0.34325958291253267,0.33877819241251617,0.020084066813038776,0.020084066813038773,0.44618921823074076,0.004878570793908892,0.09472520687473959,0.09472520687473958,0.4268874366419883,0.024180352382661332,0.17973113300216104,0.17973113300216106,0.4055583306509802,0.045509458373669466,0.09818013556331313,0.09818013556331313,0.42621166184123643,0.02485612718341323
IMG_0015,1,IMG_0015_r1_archive.csv,9,000100010000110100101001,17,13,41,0.4492757826147212,0.3383257269884483,0.0,0.0928104575163398,0.33885937678988265,0.002316146975140889,0.34333050163831513,0.3389288256404362,0.020084066813038776,0.020084066813038773,0.4438115540608831,0.004820763589317717,0.09472520687473959,0.09472520687473958,0.424875766241093,0.023756551409107735,0.17973113300216104,0.17973113300216106,0.4040062055144679,0.04462611213573283,0.09818013556331313,0.09818013556331313,0.424231175272148,0.02440114237805276
IMG_0015,1,IMG_0015_r1_archive.csv,10,000000000000110100000100,2,13,4,0.4744123752059592,0.3382844927778555,0.0,0.0248366013071895,0.33888536063857744,0.00232659643420068,0.3433538731222449,0.3389230901042488,0.020084066813038776,0.020084066813038773,0.4682080569620588,0.006004388962058024,0.09472520687473959,0.09472520687473958,0.4456335816113328,0.028578864312784048,0.17973113300216104,0.17973113300216106,0.42031533826120376,0.05389710766291308,0.09818013556331313,0.09818013556331313,0.44471899227819844,0.029493453645918388
IMG_0015,1,IMG_0015_r1_archive.csv,11,000000000000100000000101,2,8,5,0.4747300523790515,0.3386064321128434,0.0,0.0196078431372549,0.33893100293065376,0.0021719421797811366,0.34343817897792606,0.3391422204605649,0.020084066813038776,0.020084066813038773,0.4685519793510609,0.005975603886543971,0.09472520687473959,0.09472520687473958,0.445952054607101,0.028575528630503895,0.17973113300216104,0.17973113300216106,0.4205779174132827,0.053949665824322215,0.09818013556331313,0.09818013556331313,0.4450273171238149,0.02950026611379003
IMG_0015,1,IMG_0015_r1_archive.csv,12,000010100001010100000110,10,21,6,0.4536276288577165,0.3383987414349014,0.0,0.0483660130718954,0.33863112410793006,0.0017676563625708321,0.343239371609505,0.33871792754904995,0.020084066813038776,0.020084066813038773,0.44848919656150515,0.005002617536977098,0.09472520687473959,0.09472520687473958,0.428843907427486,0.02464790667099627,0.17973113300216104,0.17973113300216106,0.40720966270363157,0.0462821513948507,0.09818013556331313,0.09818013556331313,0.4281809222308743,0.025310891867608026
IMG_0015,1,IMG_0015_r1_archive.csv,13,000101110100000000000111,23,64,7,0.4505104422331082,0.3381305631448912,0.0,0.122875816993464,0.3388572616795127,0.0023617191681395318,0.34331699347969546,0.33889492592422016,0.020084066813038776,0.020084066813038773,0.44497133015194,0.004861350545792548,0.09472520687473959,0.09472520687473958,0.42594149979720586,0.023891180900526696,0.17973113300216104,0.17973113300216106,0.4049516343873295,0.04488104631040307,0.09818013556331313,0.09818013556331313,0.42528815477882514,0.024544525918907437
IMG_0015,1,IMG_0015_r1_archive.csv,14,000100000010100000000000,16,40,2,0.4606897762167303,0.3383704956102078,0.0,0.0758169934640522,0.3387412449398398,0.001962211579593344,0.34330085363715906,0.338812134651588,0.020084066813038776,0.020084066813038773,0.455061896042396,0.005184471484636423,0.09472520687473959,0.09472520687473958,0.4343433638340342,0.025903003692998233,0.17973113300216104,0.17973113300216106,0.41119322930402064,0.04905313822301181,0.09818013556331313,0.09818013556331313,0.4335328297268169,0.026713537800215487
IMG_0015,1,IMG_0015_r1_archive.csv,15,000000100000110100000100,2,13,4,0.4744123752059592,0.3382844927778555,0.0,0.0248366013071895,0.33888536063857744,0.00232659643420068,0.3433538731222449,0.3389230901042488,0.020084066813038776,0.020084066813038773,0.4682080569620588,0.006004388962058024,0.09472520687473959,0.09472520687473958,0.4456335816113328,0.028578864312784048,0.17973113300216104,0.17973113300216106,0.42031533826120376,0.05389710766291308,0.09818013556331313,0.09818013556331313,0.44471899227819844,0.029493453645918388
IMG_0015,1,IMG_0015_r1_archive.csv,16,000100000010100000010100,16,40,20,0.4480918524588285,0.3383897605760341,0.0,0.0993464052287581,0.3388232382244235,0.0021848265746240675,0.3433271931729852,0.3388584119022633,0.020084066813038776,0.020084066813038773,0.4426958614663559,0.004725959096492405,0.09472520687473959,0.09472520687473958,0.4238978694962914,0.023523951066556893,0.17973113300216104,0.17973113300216106,0.4033295530511195,0.04409226751172878,0.09818013556331313,0.09818013556331313,0.4233077613379222,0.024114059224926026
IMG_0015,1,IMG_0015_r1_archive.csv,17,000110100100000100111110,26,65,62,0.4499793745222714,0.3382382852432439,0.0,0.2,0.33891113439954434,0.0023761967304379034,0.34336724680915254,0.33899338316089667,0.020084066813038776,0.020084066813038773,0.44450071956588144,0.004790945637564638,0.09472520687473959,0.09472520687473958,0.42540459887547816,0.02388706632796789,0.17973113300216104,0.17973113300216106,0.4044674609509845,0.044824204252461544,0.09818013556331313,0.09818013556331313,0.4247909264641147,0.024500738739331358
IMG_0015,1,IMG_0015_r1_archive.csv,18,000101000010100000000000,20,40,2,0.4601005795857524,0.3383321668743888,0.0,0.0810457516339869,0.3387593309861455,0.0020095124903705,0.34330711445577056,0.3387805346498666,0.020084066813038776,0.020084066813038773,0.4544392155956364,0.005170282135647726,0.09472520687473959,0.09472520687473958,0.43384000599147904,0.025769491739805087,0.17973113300216104,0.17973113300216106,0.41080032148945256,0.04880917624183156,0.09818013556331313,0.09818013556331313,0.43302651435885603,0.02658298337242812
IMG_0015,1,IMG_0015_r1_archive.csv,19,000110000011100000100001,24,56,33,0.4460902653005618,0.3382988452461435,0.0,0.1477124183006536,0.3387654256412664,0.002067186453023799,0.3432987906202281,0.3388092521770834,0.020084066813038776,0.020084066813038773,0.4407237282132991,0.004659482504452247,0.09472520687473959,0.09472520687473958,0.4222251518257727,0.023158058891978625,0.17973113300216104,0.17973113300216106,0.40210994633398667,0.043273264383764644,0.09818013556331313,0.09818013556331313,0.42168627545768617,0.02369693526006517
IMG_0015,1,IMG_0015_r1_archive.csv,20,000111000010000100001101,28,33,13,0.4479003639770706,0.3383930102410343,0.0,0.0967320261437908,0.3389345608306308,0.002381395895102249,0.34338937344907294,0.33907973104666755,0.020084066813038776,0.020084066813038773,0.4426732567158787,0.004771050070665227,0.09472520687473959,0.09472520687473958,0.4238921124811886,0.023552194305355365,0.17973113300216104,0.17973113300216106,0.40333216064031313,0.04411214614623078,0.09818013556331313,0.09818013556331313,0.42329917661246014,0.02414513017408379
IMG_0015,1,IMG_0015_r1_archive.csv,21,001000010100000000100001,33,64,33,0.4465840902034027,0.3382950804999345,0.0,0.1699346405228758,0.33899004834071955,0.0024313634875873466,0.34343236906104035,0.3389933440639739,0.020084066813038776,0.020084066813038773,0.44120318597697894,0.004693110245611624,0.09472520687473959,0.09472520687473958,0.4226590783729483,0.023237217849642253,0.17973113300216104,0.17973113300216106,0.4023297796489272,0.043566516573663366,0.09818013556331313,0.09818013556331313,0.4220640146662848,0.02383228155630575
IMG_0015,1,IMG_0015_r1_archive.csv,22,000110110100000100111110,27,65,62,0.4502032885449759,0.3381825144776488,0.0,0.2013071895424836,0.3389934468100223,0.0025156430765178165,0.3434146976331105,0.33915000110714383,0.020084066813038776,0.020084066813038773,0.4446904640107111,0.004805727620460989,0.09472520687473959,0.09472520687473958,0.42554112479540157,0.023955066835770523,0.17973113300216104,0.17973113300216106,0.40462047902593773,0.044875712605234354,0.09818013556331313,0.09818013556331313,0.4249506892773502,0.024545502353821955
IMG_0015,1,IMG_0015_r1_archive.csv,23,000110000100000100111111,24,65,63,0.4504734026138806,0.3381637705906972,0.0,0.1986928104575163,0.33886684896328334,0.0023361795073491643,0.34333296567866367,0.3388883884698128,0.020084066813038776,0.020084066813038773,0.44500569445238464,0.004812754565365877,0.09472520687473959,0.09472520687473958,0.42584893884703084,0.023969510170719653,0.17973113300216104,0.17973113300216106,0.40487561638937636,0.04494283262837413,0.09818013556331313,0.09818013556331313,0.42524341656293063,0.024575032454819887
IMG_0015,1,IMG_0015_r1_archive.csv,24,000110110100000100101010,27,65,42,0.4468950367485438,0.3382649571920667,0.0,0.1751633986928104,0.3389857897879095,0.002474799210170832,0.3434172515775845,0.3391138263269677,0.020084066813038776,0.020084066813038773,0.4413670831172367,0.004705352368903777,0.09472520687473959,0.09472520687473958,0.42277451499195834,0.023297920494182153,0.17973113300216104,0.17973113300216106,0.4024971140658493,0.04357532142029116,0.09818013556331313,0.09818013556331313,0.42221290405834816,0.023859531427792364
IMG_0015,1,IMG_0015_r1_archive.csv,25,000110110000100100101110,27,9,46,0.4511516213239849,0.3383240652532668,0.0,0.1071895424836601,0.33883318023422215,0.0022794628954716225,0.34331347610257185,0.3388462934186962,0.020084066813038776,0.020084066813038773,0.4456267324566002,0.004842741841092539,0.09472520687473959,0.09472520687473958,0.4263466243364701,0.024122849961222662,0.17973113300216104,0.17973113300216106,0.4052821039866281,0.04518737031106462,0.09818013556331313,0.09818013556331313,0.4257518202598995,0.024717654037793274
IMG_0015,1,IMG_0015_r1_archive.csv,26,010000010100000000101010,65,64,42,0.4458637182900676,0.3382955260099768,0.0,0.2235294117647059,0.33889835788251943,0.0023055442560164408,0.3433721334107329,0.33897197683841424,0.020084066813038776,0.020084066813038773,0.4404637820490099,0.004670793345889522,0.09472520687473959,0.09472520687473958,0.42206695243722697,0.023067622957672437,0.17973113300216104,0.17973113300216106,0.40185264162368584,0.043281933771213574,0.09818013556331313,0.09818013556331313,0.42146112536997427,0.023673450024925175
IMG_0015,1,IMG_0015_r1_archive.csv,27,000010000011100100100000,8,57,32,0.4500489751416246,0.3383100010757445,0.0,0.126797385620915,0.3386027482620616,0.0017507042708315669,0.3432152337865715,0.3386389225283291,0.020084066813038776,0.020084066813038773,0.44471320422036714,0.004802493532565042,0.09472520687473959,0.09472520687473958,0.42568376331077235,0.023831934442159836,0.17973113300216104,0.17973113300216106,0.40472195488332346,0.04479374286960874,0.09818013556331313,0.09818013556331313,0.425039640804821,0.024476056948111207
IMG_0015,2,IMG_0015_r2_archive.csv,0,000110100001101000001001,26,26,9,0.4485990539555847,0.3385818102124713,0.0,0.0797385620915032,0.33902246412019843,0.0023006216239238268,0.34349747030643507,0.33935090600318807,0.019628542993028974,0.019628542993028974,0.4431475500983634,0.004977515257889129,0.09470361806810405,0.09470361806810404,0.42461228967195397,0.02351277568429854,0.17960591792367492,0.17960591792367492,0.4036684634505027,0.04445660190574981,0.09797935966160265,0.09797935966160265,0.42380943440694,0.024315630949312494
IMG_0015,2,IMG_0015_r2_archive.csv,1,000011010001100000100101,13,24,37,0.4476078144816624,0.3386508605096399,0.0,0.0967320261437908,0.3390280128296491,0.002337778002364064,0.3434937299212757,0.33956067226648895,0.019628542993028974,0.019628542993028974,0.4424217767502701,0.004877004547152994,0.09470361806810405,0.09470361806810404,0.42401506708462694,0.023283714212796153,0.17960591792367492,0.17960591792367492,0.4030601840076988,0.04423859728972432,0.09797935966160265,0.09797935966160265,0.42316567594753196,0.024133105349891156
IMG_0015,2,IMG_0015_r2_archive.csv,2,000110000000101100011110,24,11,30,0.4491667887729071,0.3384352667342019,0.0,0.0849673202614379,0.33869365379426797,0.0017344951812043072,0.34331019159118464,0.3389661990863293,0.019628542993028974,0.019628542993028974,0.44367953215865774,0.004933203173994791,0.09470361806810405,0.09470361806810404,0.4250409163787555,0.023571818953896987,0.17960591792367492,0.17960591792367492,0.40392441356901465,0.044688321763637844,0.09797935966160265,0.09797935966160265,0.424214954035476,0.02439778129717654
IMG_0015,2,IMG_0015_r2_archive.csv,3,000110001100000100000011,24,193,3,0.4662467519771145,0.3383209810921765,0.0,0.2875816993464052,0.33873625085075565,0.0018465821742885513,0.34332476689940117,0.33921358285659764,0.019628542993028974,0.019628542993028974,0.4601844118850878,0.005586996900905596,0.09470361806810405,0.09470361806810404,0.43901326822906234,0.02675814055693106,0.17960591792367492,0.17960591792367492,0.4149889140232897,0.050782494762703675,0.09797935966160265,0.09797935966160265,0.43806219804581326,0.02770921074018011
IMG_0015,2,IMG_0015_r2_archive.csv,4,000111011011001000110011,29,178,51,0.4560946368222506,0.3382298531686322,0.0,0.3372549019607843,0.3389974258382602,0.0023379162304313886,0.3434631083728701,0.33936145446979366,0.019628542993028974,0.019628542993028974,0.4504851029004572,0.005223018087229155,0.09470361806810405,0.09470361806810404,0.43093391556477284,0.024774205422913472,0.17960591792367492,0.17960591792367492,0.4085762849608531,0.047131836026833254,0.09797935966160265,0.09797935966160265,0.42999843447536107,0.025709686512325292
IMG_0015,2,IMG_0015_r2_archive.csv,5,001001000001101000100010,36,26,34,0.4461148765401264,0.3385152907074711,0.0,0.1254901960784313,0.3389266406534862,0.0021358929692045104,0.3434428290034027,0.3393892584066938,0.019628542993028974,0.019628542993028974,0.44090000293602793,0.004838229357195785,0.09470361806810405,0.09470361806810404,0.4227514446005537,0.022986787692669996,0.17960591792367492,0.17960591792367492,0.40209843230378106,0.043639799989442646,0.09797935966160265,0.09797935966160265,0.42191662661345425,0.023821605679769476
IMG_0015,2,IMG_0015_r2_archive.csv,6,000000000000010000001110,2,4,14,0.4752447125968453,0.3387541784103094,0.0,0.0261437908496732,0.3391281372782248,0.0023372086668115967,0.3435939967037395,0.33948553423726807,0.019628542993028974,0.019628542993028974,0.4691102828230533,0.00592530620018248,0.09470361806810405,0.09470361806810404,0.44657301641552843,0.028462572607707307,0.17960591792367492,0.17960591792367492,0.4209633834392105,0.05407220558402525,0.09797935966160265,0.09797935966160265,0.44554889422593075,0.02948669479730501
IMG_0015,2,IMG_0015_r2_archive.csv,7,000100010001000100010100,17,17,20,0.4487083949115447,0.3384990719584555,0.0,0.0705882352941176,0.33874892158495273,0.001846961055872912,0.34333734291320217,0.3390927686613348,0.019628542993028974,0.019628542993028974,0.4434419536912827,0.004936030884354139,0.09470361806810405,0.09470361806810404,0.42491388953375175,0.02346409504188508,0.17960591792367492,0.17960591792367492,0.40367935098200597,0.04469863359363087,0.09797935966160265,0.09797935966160265,0.4240117314023468,0.02436625317329003
IMG_0015,2,IMG_0015_r2_archive.csv,8,010001100010000000100011,70,32,35,0.4451150946717354,0.3385940167665472,0.0,0.1790849673202614,0.3387358209049447,0.0018333235346987109,0.34332765161348755,0.3389706782813779,0.019628542993028974,0.019628542993028974,0.4397258004424191,0.004804161373705091,0.09470361806810405,0.09470361806810404,0.4217853582029115,0.022744603613212712,0.17960591792367492,0.17960591792367492,0.401294642934846,0.04323531888127822,0.09797935966160265,0.09797935966160265,0.4209352671933922,0.023594694622732004
IMG_0015,2,IMG_0015_r2_archive.csv,9,001011010001100000010011,45,24,19,0.4464368206773536,0.3386965609426717,0.0,0.115032679738562,0.33886254507403957,0.002071354925091327,0.3433948679349844,0.3393374039410879,0.019628542993028974,0.019628542993028974,0.4409756145564444,0.004856499413948515,0.09470361806810405,0.09470361806810404,0.42283665689027394,0.02299545708011898,0.17960591792367492,0.17960591792367492,0.4021830519595937,0.043649062010799225,0.09797935966160265,0.09797935966160265,0.4219984411354374,0.023833672834955574
IMG_0015,2,IMG_0015_r2_archive.csv,10,000000000000100000000000,2,8,2,0.4824282567787402,0.3386046199849723,0.0,0.0156862745098039,0.33894161324851224,0.002155835345515254,0.34345281600435096,0.33940094918777586,0.019628542993028974,0.019628542993028974,0.4762075649065915,0.00625218613124058,0.09470361806810405,0.09470361806810404,0.4526578257988535,0.029801925238978594,0.17960591792367492,0.17960591792367492,0.425707468667078,0.056752282370754074,0.09797935966160265,0.09797935966160265,0.4515242864575077,0.030935464580324413
IMG_0015,2,IMG_0015_r2_archive.csv,11,000011011011001000110010,13,178,50,0.4578255342101023,0.3382517440798502,0.0,0.3150326797385621,0.3391280515046743,0.002486668715191654,0.34355654591809404,0.33967208963890716,0.019628542993028974,0.019628542993028974,0.45226010918343484,0.005245572040514329,0.09470361806810405,0.09470361806810404,0.4323362228494331,0.02516945837451609,0.17960591792367492,0.17960591792367492,0.40964155287603854,0.04786412834791065,0.09797935966160265,0.09797935966160265,0.43141262830296884,0.026093052920980356
IMG_0015,2,IMG_0015_r2_archive.csv,12,000000000000001100001000,2,3,8,0.4799503020193121,0.3385798011963377,0.0,0.0169934640522875,0.3391636388678372,0.002601101483675845,0.3435635250891359,0.33955043368835275,0.019628542993028974,0.019628542993028974,0.4735710128472797,0.006087755620465899,0.09470361806810405,0.09470361806810404,0.45031769228774693,0.029341076179998676,0.17960591792367492,0.17960591792367492,0.42382530570739996,0.05583346276034566,0.09797935966160265,0.09797935966160265,0.4492380036141422,0.030420764853603413
IMG_0015,2,IMG_0015_r2_archive.csv,13,010010100010000000100001,74,32,33,0.445086182603241,0.3385864717006071,0.0,0.1816993464052287,0.3387839858312681,0.00191250933501765,0.34335602008973143,0.33908986392660984,0.019628542993028974,0.019628542993028974,0.4397809831254193,0.0047966433892767,0.09470361806810405,0.09470361806810404,0.42183400498053025,0.02274362153416576,0.17960591792367492,0.17960591792367492,0.4013308274680069,0.04324679904668908,0.09797935966160265,0.09797935966160265,0.4209819385246522,0.023595687990043846
IMG_0015,2,IMG_0015_r2_archive.csv,14,000000100000100000000000,2,8,2,0.4824282567787402,0.3386046199849723,0.0,0.0156862745098039,0.33894161324851224,0.002155835345515254,0.34345281600435096,0.33940094918777586,0.019628542993028974,0.019628542993028974,0.4762075649065915,0.00625218613124058,0.09470361806810405,0.09470361806810404,0.4526578257988535,0.029801925238978594,0.17960591792367492,0.17960591792367492,0.425707468667078,0.056752282370754074,0.09797935966160265,0.09797935966160265,0.4515242864575077,0.030935464580324413
IMG_0015,2,IMG_0015_r2_archive.csv,15,010111100000110100101100,94,13,44,0.4499420809170834,0.3384337915418967,0.0,0.1973856209150327,0.33868239351157214,0.0017158394355102722,0.3433035952449123,0.33900672411873495,0.019628542993028974,0.019628542993028974,0.4443729392291951,0.005004810282435367,0.09470361806810405,0.09470361806810404,0.42568708206065514,0.023690667450975287,0.17960591792367492,0.17960591792367492,0.4044507825395838,0.04492696697204668,0.09797935966160265,0.09797935966160265,0.4248369346098113,0.024540814901819114
IMG_0015,2,IMG_0015_r2_archive.csv,16,000101100011100000100001,22,56,33,0.4457505929432974,0.3385933884050007,0.0,0.1450980392156863,0.33889454169848,0.0021129677777600438,0.3434164613462577,0.33920827243940527,0.019628542993028974,0.019628542993028974,0.4405390719538765,0.004817114657686406,0.09470361806810405,0.09470361806810404,0.4224442570476267,0.022911929563936173,0.17960591792367492,0.17960591792367492,0.4017863512880167,0.04356983532354616,0.09797935966160265,0.09797935966160265,0.42158989342983993,0.023766293181722912
IMG_0015,2,IMG_0015_r2_archive.csv,17,001010010011111100100111,41,63,39,0.4458079429731598,0.3385439962705533,0.0,0.1869281045751634,0.3388823913456918,0.00210789804248673,0.34340557842728786,0.33913357749382095,0.019628542993028974,0.019628542993028974,0.4406067422799305,0.004800283854709359,0.09470361806810405,0.09470361806810404,0.42250158167889307,0.02290544445574681,0.17960591792367492,0.17960591792367492,0.4018453014294297,0.04356172470521017,0.09797935966160265,0.09797935966160265,0.42165120846275106,0.02375581767188878
IMG_0015,2,IMG_0015_r2_archive.csv,18,010111001110111101011001,92,239,89,0.4676058308513116,0.338192505408222,0.0,0.5490196078431373,0.3388601455326581,0.0019595769558001463,0.34342041288592573,0.3393148359717267,0.019628542993028974,0.019628542993028974,0.4614676759501,0.0056492403936054415,0.09470361806810405,0.09470361806810404,0.44013591157270615,0.026981004770999288,0.17960591792367492,0.17960591792367492,0.4160190048829573,0.051097911460748165,0.09797935966160265,0.09797935966160265,0.43920753080192115,0.027909385541784296
IMG_0015,2,IMG_0015_r2_archive.csv,19,001000010100000101010001,33,65,81,0.4520768329143971,0.3384281103455255,0.0,0.2339869281045751,0.3390666943979192,0.002343487466370928,0.3435309841235441,0.3395503633730363,0.019628542993028974,0.019628542993028974,0.4465963323266949,0.005049122366329593,0.09470361806810405,0.09470361806810404,0.427516661460328,0.024128793232696448,0.17960591792367492,0.17960591792367492,0.4059183642160714,0.04572709047695302,0.09797935966160265,0.09797935966160265,0.4266771193343648,0.024968335358659683
IMG_0015,2,IMG_0015_r2_archive.csv,20,010000111110001100100111,67,227,39,0.4573347740711838,0.3382137998654377,0.0,0.4352941176470588,0.33907595973000354,0.002350724221499944,0.34353844026684627,0.33955943640548486,0.019628542993028974,0.019628542993028974,0.45173191151395076,0.0052348538329847075,0.09470361806810405,0.09470361806810404,0.43193303706966674,0.025033728277268723,0.17960591792367492,0.17960591792367492,0.40943087152187174,0.047535893825063714,0.09797935966160265,0.09797935966160265,0.43103194003516304,0.02593482531177238
IMG_0015,2,IMG_0015_r2_archive.csv,21,000000000000001000000000,2,2,2,0.4954992293879207,0.3386248993642423,0.0,0.0078431372549019,0.33909148990446814,0.00238483240195412,0.3435454433961973,0.339648478047508,0.019628542993028974,0.019628542993028974,0.488733822292662,0.006765407095258694,0.09470361806810405,0.09470361806810404,0.46331376443720007,0.03218546495072062,0.17960591792367492,0.17960591792367492,0.4344162493384755,0.06108298004944516,0.09797935966160265,0.09797935966160265,0.46215461202277924,0.03334461736514149
IMG_0015,2,IMG_0015_r2_archive.csv,22,000010000000110100100010,8,13,34,0.4522722581785415,0.338410408953042,0.0,0.0718954248366013,0.33909383225071776,0.0024070929229141995,0.34354222061220685,0.33934997488384644,0.019628542993028974,0.019628542993028974,0.44696010795160296,0.005078483143353941,0.09470361806810405,0.09470361806810404,0.42787754164528735,0.024161049449669517,0.17960591792367492,0.17960591792367492,0.40604510321032006,0.04599348788463682,0.09797935966160265,0.09797935966160265,0.42696091760240346,0.025077673492553427
IMG_0015,2,IMG_0015_r2_archive.csv,23,011110011011111101001111,121,191,79,0.4657121284628318,0.3381965174698393,0.0,0.5111111111111112,0.338858085143511,0.0019450258207315647,0.34342199028054576,0.3393742977369878,0.019628542993028974,0.019628542993028974,0.459669590809519,0.005543057329753309,0.09470361806810405,0.09470361806810404,0.43862232457258815,0.02659032356668415,0.17960591792367492,0.17960591792367492,0.4148307908305321,0.05038185730874021,0.09797935966160265,0.09797935966160265,0.43770756873754646,0.02750507940172589
IMG_0015,2,IMG_0015_r2_archive.csv,24,000010000000101100001011,8,11,11,0.4543382646425689,0.3383561206243162,0.0,0.0392156862745098,0.3390540209865419,0.0022869427014785343,0.34353244690339,0.3394475170072147,0.019628542993028974,0.019628542993028974,0.44884266882261903,0.005153375136882595,0.09470361806810405,0.09470361806810404,0.42945784229100853,0.024538201668493045,0.17960591792367492,0.17960591792367492,0.4072831662405766,0.04671287771892504,0.09797935966160265,0.09797935966160265,0.4285278924514014,0.025468151508100223
IMG_0015,2,IMG_0015_r2_archive.csv,25,000111001001010000100111,28,148,39,0.4540436493946826,0.3383866796559975,0.0,0.2810457516339869,0.3389930156125044,0.0022227010601005215,0.34348750193969696,0.33935518012105303,0.019628542993028974,0.019628542993028974,0.4485343721976649,0.0051290771466692316,0.09470361806810405,0.09470361806810404,0.4292679200560066,0.024395529288327528,0.17960591792367492,0.17960591792367492,0.40722325095251394,0.04644019839182017,0.09797935966160265,0.09797935966160265,0.42834184773539513,0.025321601608938978
IMG_0015,2,IMG_0015_r2_archive.csv,26,000001010001000000000000,5,16,2,0.4675359085164084,0.3387518618503334,0.0,0.0300653594771241,0.3388614412832802,0.0020750313516555772,0.34339284503758394,0.33915357582659905,0.019628542993028974,0.019628542993028974,0.4617896793507181,0.005632392658231036,0.09470361806810405,0.09470361806810404,0.4404505832452668,0.026971488763682275,0.17960591792367492,0.17960591792367492,0.41604850111916053,0.051373570889788604,0.09797935966160265,0.09797935966160265,0.4394295879050485,0.02799248410390064
IMG_0015,2,IMG_0015_r2_archive.csv,27,000100000000001100000000,16,3,2,0.4721457452317977,0.3386018179808812,0.0,0.0274509803921568,0.3389203554899699,0.0021144627652526175,0.3434419013908744,0.33933165304903606,0.019628542993028974,0.019628542993028974,0.46612659121924066,0.0058907641095656965,0.09470361806810405,0.09470361806810404,0.4442304361730032,0.027786919155803187,0.17960591792367492,0.17960591792367492,0.41898310570302294,0.053034249625783444,0.09797935966160265,0.09797935966160265,0.44311337769842224,0.028903977630384107
IMG_0015,2,IMG_0015_r2_archive.csv,28,000100000001111000010000,16,30,16,0.4479716070389679,0.3387056618436863,0.0,0.0810457516339869,0.33894725781045176,0.002191998161118005,0.34344941986238986,0.33920767638728283,0.019628542993028974,0.019628542993028974,0.4426243051551075,0.004880628080188295,0.09470361806810405,0.09470361806810404,0.42417949759540163,0.023325435639894105,0.17960591792367492,0.17960591792367492,0.4031361258098638,0.04436880742543197,0.09797935966160265,0.09797935966160265,0.4233133095201243,0.024191623715171456
IMG_0015,2,IMG_0015_r2_archive.csv,29,000101101011000100101100,22,177,44,0.4566660798345952,0.3382618710151288,0.0,0.3176470588235294,0.33894625197907235,0.0021822653251625905,0.3434508472399994,0.3392547204412189,0.019628542993028974,0.019628542993028974,0.45115726827850494,0.0052274543753378245,0.09470361806810405,0.09470361806810404,0.4314173355094353,0.024967387144407487,0.17960591792367492,0.17960591792367492,0.4089424988509812,0.047442223802861526,0.09797935966160265,0.09797935966160265,0.4305057008796405,0.025879021774202277
IMG_0015,2,IMG_0015_r2_archive.csv,30,000011110000100000000000,15,8,2,0.4643982082923971,0.3386268649893935,0.0,0.0326797385620915,0.3388724158401307,0.0020310330107340697,0.3434148191796649,0.33939043134367713,0.019628542993028974,0.019628542993028974,0.4586749055927337,0.005611464215092598,0.09470361806810405,0.09470361806810404,0.4379052460105398,0.026381123797286514,0.17960591792367492,0.17960591792367492,0.41403631428014576,0.050250055527680595,0.09797935966160265,0.09797935966160265,0.43687215529447315,0.027414214513353238
IMG_0015,2,IMG_0015_r2_archive.csv,31,000010001100111000000100,8,206,4,0.468601227228786,0.3383321090484584,0.0,0.2849673202614379,0.3390305235957455,0.0023332327300477906,0.3434973770054512,0.33944857573808546,0.019628542993028974,0.019628542993028974,0.46251826347677333,0.005685966763481899,0.09470361806810405,0.09470361806810404,0.4409929617975409,0.02721126844271434,0.17960591792367492,0.17960591792367492,0.41636232617185304,0.051841904068402195,0.09797935966160265,0.09797935966160265,0.43995785048205577,0.028246379758199477
IMG_0015,2,IMG_0015_r2_archive.csv,32,001100000011011000100001,48,54,33,0.4446080201679593,0.3386003227064718,0.0,0.1764705882352941,0.3388742267188,0.0020848466269505496,0.34340317665428005,0.3391483303945723,0.019628542993028974,0.019628542993028974,0.4393006787418714,0.004749046420294339,0.09470361806810405,0.09470361806810404,0.42144886067015225,0.022600864492013508,0.17960591792367492,0.17960591792367492,0.40105603159123193,0.042993693570933814,0.09797935966160265,0.09797935966160265,0.4206018570010852,0.023447868161080552
IMG_0015,2,IMG_0015_r2_archive.csv,33,000110000010000000100101,24,32,37,0.4459174786516894,0.3386062339651239,0.0,0.1215686274509803,0.3387996145824532,0.001918435970935415,0.3433701671819371,0.33907916884208716,0.019628542993028974,0.019628542993028974,0.4406640923097929,0.004802231080405904,0.09470361806810405,0.09470361806810404,0.4225013615577274,0.022964961832471455,0.17960591792367492,0.17960591792367492,0.4019091365674815,0.04355718682271736,0.09797935966160265,0.09797935966160265,0.4216915301450006,0.02377479324519824
IMG_0015,2,IMG_0015_r2_archive.csv,34,000101100011100000110001,22,56,49,0.4455304463790057,0.3385897031642542,0.0,0.1660130718954248,0.33886220005070505,0.0021019982797391918,0.34338686207298796,0.3391430786212776,0.019628542993028974,0.019628542993028974,0.44029230766093297,0.004812102668067497,0.09470361806810405,0.09470361806810404,0.42225462266337993,0.022849787665620534,0.17960591792367492,0.17960591792367492,0.4016706437506489,0.04343376657835152,0.09797935966160265,0.09797935966160265,0.4214058580249873,0.023698552304013184
IMG_0015,2,IMG_0015_r2_archive.csv,35,000101111110000000110000,23,224,48,0.4602804778415165,0.3382280124858282,0.0,0.3856209150326797,0.33898938614694796,0.0021932649215438494,0.3434912315087797,0.3394646339245883,0.019628542993028974,0.019628542993028974,0.4545783829695481,0.0053746138408040855,0.09470361806810405,0.09470361806810404,0.43435337088087467,0.02559962592947754,0.17960591792367492,0.17960591792367492,0.41131258577301977,0.048640411037332416,0.09797935966160265,0.09797935966160265,0.4334147798744808,0.026538216935871346
IMG_0034,1,IMG_0034_r1_archive.csv,0,000011011000111100111111,13,143,63,0.4162796505876629,0.3522474918952856,0.0,0.2862745098039215,0.35238198623273276,0.0020332437898630063,0.3574479051585623,0.35287118557217095,0.019753758071515082,0.019753758071515082,0.41169417112587786,0.004626980767717451,0.09526924480195509,0.09526924480195507,0.39385633921437907,0.022464812679216222,0.18002474077240432,0.18002474077240432,0.37356166724296164,0.04275948465063365,0.09834924788195816,0.09834924788195816,0.3930373925277395,0.023283759365855777
IMG_0034,1,IMG_0034_r1_archive.csv,1,100111001100000100000110,156,193,6,0.4163853426119916,0.3522169911964627,0.0,0.4640522875816993,0.3521916844732065,0.0016292100659618177,0.3573586118300113,0.3525089669034662,0.019753758071515082,0.019753758071515082,0.41183874840074647,0.004649568585797286,0.09526924480195509,0.09526924480195507,0.3939767370258159,0.022511579960727855,0.18002474077240432,0.18002474077240432,0.37360329554187416,0.042885021444669616,0.09834924788195816,0.09834924788195816,0.39313959365614554,0.023348723330398252
IMG_0034,1,IMG_0034_r1_archive.csv,2,101010100001111000110111,170,30,55,0.413852848600663,0.3523560946665882,0.0,0.3333333333333333,0.3522604299444009,0.001739820827539654,0.3573997046108112,0.35257806084405513,0.019753758071515082,0.019753758071515082,0.40928205799358874,0.004525064668000349,0.09526924480195509,0.09526924480195507,0.3918328246015297,0.02197429806005945,0.18002474077240432,0.18002474077240432,0.37198740299689975,0.041819719664689385,0.09834924788195816,0.09834924788195816,0.3910340951973394,0.022773027464249727
IMG_0034,1,IMG_0034_r1_archive.csv,5,000101010001000000101101,21,16,45,0.419168249847895,0.3526989054313277,0.0,0.1071895424836601,0.35229945633394055,0.0017577720621855522,0.3574342431916895,0.3526160034645934,0.019753758071515082,0.019753758071515082,0.41432613450550476,0.004727762396811321,0.09526924480195509,0.09526924480195507,0.3960497704347482,0.023004126467567908,0.18002474077240432,0.18002474077240432,0.3753679730624615,0.043685923839854604,0.09834924788195816,0.09834924788195816,0.3952479593342382,0.023805937568077945
IMG_0034,1,IMG_0034_r1_archive.csv,7,010000001000100000001000,64,136,8,0.4183824342187588,0.3521354318554582,0.0,0.2718954248366013,0.35234993641963086,0.0019525715797420323,0.35743602339799074,0.3527913184769014,0.019753758071515082,0.019753758071515082,0.413741628148596,0.004713657709809415,0.09526924480195509,0.09526924480195507,0.3954928130883461,0.022962472770059333,0.18002474077240432,0.18002474077240432,0.3749325903291129,0.043522695529292534,0.09834924788195816,0.09834924788195816,0.3947223438553517,0.02373294200305376
IMG_0034,1,IMG_0034_r1_archive.csv,11,000010000010001001011000,8,34,88,0.4201168450790631,0.3523685042820247,0.0,0.1699346405228758,0.3525077280608553,0.002153992406082313,0.35754345983263003,0.3528548001376459,0.019753758071515082,0.019753758071515082,0.41528136723643844,0.004766876234715696,0.09526924480195509,0.09526924480195507,0.3968398953590127,0.023208348112141407,0.18002474077240432,0.18002474077240432,0.3760197433678877,0.04402850010326646,0.09834924788195816,0.09834924788195816,0.3960470019877796,0.024001241483374524
IMG_0034,1,IMG_0034_r1_archive.csv,12,011110011011100100011000,121,185,24,0.411952102334881,0.3523377089763759,0.0,0.4313725490196078,0.35218808397019596,0.0016115914024642786,0.3573594159928752,0.3525680377604634,0.019753758071515082,0.019753758071515082,0.407630311097202,0.004457843050476367,0.09526924480195509,0.09526924480195507,0.39038167581668104,0.021706478330997325,0.18002474077240432,0.18002474077240432,0.37083541580862883,0.04125273833904952,0.09834924788195816,0.09834924788195816,0.389615800907504,0.022472353240174405
IMG_0034,1,IMG_0034_r1_archive.csv,13,101110010111111000011011,185,126,27,0.4112198777433931,0.3523324525503373,0.0,0.4418300653594771,0.3521106762886742,0.0014700383396539832,0.35731739657705597,0.35248155097212286,0.019753758071515082,0.019753758071515082,0.40682697890299563,0.00441617242057049,0.09526924480195509,0.09526924480195507,0.38975711587381434,0.021486035449751785,0.18002474077240432,0.18002474077240432,0.37029433258475286,0.04094881873881325,0.09834924788195816,0.09834924788195816,0.38895947578718754,0.02228367553637851
IMG_0034,1,IMG_0034_r1_archive.csv,17,011101010100001100101011,117,67,43,0.4141363477296817,0.3525995272560155,0.0,0.2967320261437908,0.3521130453498409,0.0014668267014262563,0.3573205685477796,0.35253114306440975,0.019753758071515082,0.019753758071515082,0.40946873767449604,0.004522863456343373,0.09526924480195509,0.09526924480195507,0.3919523842592971,0.022039216871542304,0.18002474077240432,0.18002474077240432,0.3720918758886183,0.041899725242221096,0.09834924788195816,0.09834924788195816,0.3911709992741372,0.02282060185670226
IMG_0034,1,IMG_0034_r1_archive.csv,18,111011011110101111001101,237,235,205,0.4089179606531308,0.352162313255649,0.0,0.8849673202614379,0.35242771114646365,0.002119283716367818,0.357472120090667,0.3528696480256246,0.019753758071515082,0.019753758071515082,0.4046324132120034,0.004336166843038722,0.09526924480195509,0.09526924480195507,0.3879546706409128,0.02101390941412931,0.18002474077240432,0.18002474077240432,0.36884533421436916,0.040123245840672964,0.09834924788195816,0.09834924788195816,0.38714413935576175,0.021824440699280332
IMG_0034,1,IMG_0034_r1_archive.csv,19,110011000010011100110000,204,39,48,0.4134333484560392,0.3523533850342323,0.0,0.3803921568627451,0.3521729949100132,0.0015209603904199887,0.3573669846857035,0.3525348921905575,0.019753758071515082,0.019753758071515082,0.40889408597285154,0.004522490943601434,0.09526924480195509,0.09526924480195507,0.3914975462013805,0.021919030715072473,0.18002474077240432,0.18002474077240432,0.3717058172287829,0.041710759687670095,0.09834924788195816,0.09834924788195816,0.390699149801005,0.022717427115448
IMG_0034,1,IMG_0034_r1_archive.csv,20,100100010010000101000110,145,33,70,0.4140372170093305,0.3523188816167477,0.0,0.3241830065359477,0.3523614879626156,0.001934677098600672,0.3574520485612608,0.3526917385559322,0.019753758071515082,0.019753758071515082,0.4094197945799235,0.0045429960768058565,0.09526924480195509,0.09526924480195507,0.3919613668960973,0.022001423760632105,0.18002474077240432,0.18002474077240432,0.37202933607896477,0.04193345457776462,0.09834924788195816,0.09834924788195816,0.3911368325183285,0.022825958138400864
IMG_0034,1,IMG_0034_r1_archive.csv,22,000100101000000000100000,18,128,32,0.4163544833178008,0.3522670891687103,0.0,0.2326797385620915,0.35224995092720746,0.0017181431662650888,0.35739464500893653,0.3525578976684023,0.019753758071515082,0.019753758071515082,0.41179336957581847,0.004618853216984048,0.09526924480195509,0.09526924480195507,0.3938951398029323,0.02251708298987021,0.18002474077240432,0.18002474077240432,0.37367762876628985,0.04273459402651263,0.09834924788195816,0.09834924788195816,0.3931220460483469,0.023290176744455632
IMG_0034,1,IMG_0034_r1_archive.csv,24,010010100010101000110010,74,42,50,0.4161898072872644,0.3525173645284787,0.0,0.2169934640522876,0.3522929975042415,0.0017954018420100306,0.3574183769170344,0.35259881580683783,0.019753758071515082,0.019753758071515082,0.4115499917623472,0.004614010551338722,0.09526924480195509,0.09526924480195507,0.3937187465534219,0.022445255760263978,0.18002474077240432,0.18002474077240432,0.3735166778631729,0.042647324450513016,0.09834924788195816,0.09834924788195816,0.3929284720596473,0.023235530254038572
IMG_0034,1,IMG_0034_r1_archive.csv,26,100000000010101100100100,128,43,36,0.414537281500599,0.3525735942341957,0.0,0.2705882352941176,0.35209337019201314,0.0014126266732851776,0.3573144433969872,0.3525155940919187,0.019753758071515082,0.019753758071515082,0.4099108087048024,0.004568919577165844,0.09526924480195509,0.09526924480195507,0.3923239826517861,0.02215574563018212,0.18002474077240432,0.18002474077240432,0.3723584256878784,0.04212130259408981,0.09834924788195816,0.09834924788195816,0.3915310723481556,0.02294865593381259
IMG_0034,1,IMG_0034_r1_archive.csv,28,000100100000000000000100,18,2,4,0.4385940612473182,0.3525648671609789,0.0,0.0313725490196078,0.35207981242107267,0.0013885716622271602,0.35730689937881116,0.3523016093749494,0.019753758071515082,0.019753758071515082,0.4330124149839788,0.005547764536219712,0.09526924480195509,0.09526924480195507,0.41176363628605217,0.02679654323414633,0.18002474077240432,0.18002474077240432,0.3877592284443711,0.050800951075827404,0.09834924788195816,0.09834924788195816,0.410845093238134,0.027715086282064483
IMG_0034,1,IMG_0034_r1_archive.csv,29,101011001000000101001110,172,129,78,0.4104601041413985,0.3521930065887754,0.0,0.4954248366013071,0.3524844630582302,0.0021799753925313783,0.3575136990833926,0.3528732442639215,0.019753758071515082,0.019753758071515082,0.40610178972261135,0.004390231987813088,0.09526924480195509,0.09526924480195507,0.3891514524864027,0.021340569224021697,0.18002474077240432,0.18002474077240432,0.3698284292051606,0.04066359250526379,0.09834924788195816,0.09834924788195816,0.3883605571380582,0.02213146457236619
IMG_0034,1,IMG_0034_r1_archive.csv,30,001101101000110101001000,54,141,72,0.4138365257696069,0.3523106303468201,0.0,0.3490196078431372,0.35243183130680633,0.0021458067931038843,0.3574696094818256,0.35291973500508095,0.019753758071515082,0.019753758071515082,0.40935752568862765,0.0045340388386017816,0.09526924480195509,0.09526924480195507,0.3918608985163545,0.02203066601087489,0.18002474077240432,0.18002474077240432,0.3720364561520551,0.04185510837517431,0.09834924788195816,0.09834924788195816,0.39108496011901245,0.022806604408216996
IMG_0034,1,IMG_0034_r1_archive.csv,31,001010100011001100100000,42,51,32,0.4172654293634362,0.352546225868391,0.0,0.1633986928104575,0.3522776689767677,0.001768702734945453,0.35740972316632663,0.35253556869500285,0.019753758071515082,0.019753758071515082,0.4124922881416969,0.004693982264075718,0.09526924480195509,0.09526924480195507,0.39453984083246013,0.022646429573312473,0.18002474077240432,0.18002474077240432,0.3741285554404161,0.04305771496535651,0.09834924788195816,0.09834924788195816,0.3937202281381911,0.023466042267581564
IMG_0034,1,IMG_0034_r1_archive.csv,33,000000010001001000000000,2,18,2,0.4457899914778829,0.3526198649638054,0.0,0.0287581699346405,0.35228182563597565,0.0017951887488292808,0.35740725832206366,0.3523596843049452,0.019753758071515082,0.019753758071515082,0.4398957054296661,0.005860827631031054,0.09526924480195509,0.09526924480195507,0.41750888337269565,0.02824764968800154,0.18002474077240432,0.18002474077240432,0.39237733663587127,0.05337919642482592,0.09834924788195816,0.09834924788195816,0.4165939751460777,0.029162557914619507
IMG_0034,1,IMG_0034_r1_archive.csv,34,101000111000001100110000,163,131,48,0.4112569935584089,0.3522519847337925,0.0,0.4470588235294118,0.35221449450012565,0.0016869960473042203,0.35736697536159484,0.35268562705018985,0.019753758071515082,0.019753758071515082,0.4068756764778065,0.004426230264603025,0.09526924480195509,0.09526924480195507,0.38980432339765736,0.021497583344752134,0.18002474077240432,0.18002474077240432,0.3703971968987222,0.040904709843687326,0.09834924788195816,0.09834924788195816,0.3890257322580621,0.0222761744843475
IMG_0034,1,IMG_0034_r1_archive.csv,37,000101100010000100000001,22,33,2,0.4342350695326366,0.3524185793163588,0.0,0.0745098039215686,0.35223392476513965,0.001740232182691902,0.3573730965927619,0.3522351516093953,0.019753758071515082,0.019753758071515082,0.4287734147031973,0.00540057120595879,0.09526924480195509,0.09526924480195507,0.4082261790927401,0.025947806816415963,0.18002474077240432,0.18002474077240432,0.38497040333558996,0.04920358257356609,0.09834924788195816,0.09834924788195816,0.4073233323771757,0.02685065353198028
IMG_0034,1,IMG_0034_r1_archive.csv,41,000001100000000000000000,6,2,2,0.4502897337456296,0.3528610287235205,0.0,0.0130718954248366,0.3522412265457927,0.0017574898972844283,0.35737608394476694,0.3522864748632007,0.019753758071515082,0.019753758071515082,0.44417064472384676,0.006031997235955418,0.09526924480195509,0.09526924480195507,0.4211520071917403,0.029050634768061887,0.18002474077240432,0.18002474077240432,0.39525470971665283,0.054947932243149346,0.09834924788195816,0.09834924788195816,0.4201924538774133,0.030010188082388884
IMG_0034,1,IMG_0034_r1_archive.csv,42,111011010111101101011111,237,123,95,0.4104454322190851,0.3520457187759847,0.0,0.5947712418300654,0.35249155829004797,0.002187375964825065,0.35751894417213703,0.3529501583498024,0.019753758071515082,0.019753758071515082,0.40607720388164287,0.0044059283201669025,0.09526924480195509,0.09526924480195507,0.389186011509417,0.021297120692392802,0.18002474077240432,0.18002474077240432,0.3697970873376451,0.040686044864164696,0.09834924788195816,0.09834924788195816,0.38835343424290164,0.022129697958908134
IMG_0034,1,IMG_0034_r1_archive.csv,43,000000000000000000000000,2,2,2,0.4565308714875919,0.3527450986333975,0.0,0.0078431372549019,0.35221089760199675,0.0016917268918880957,0.35736219575232003,0.3522438675924738,0.019753758071515082,0.019753758071515082,0.4502358802558223,0.00629499123176969,0.09526924480195509,0.09526924480195507,0.4262213807053139,0.03030949078227807,0.18002474077240432,0.18002474077240432,0.39927904952988763,0.057251821957704355,0.09834924788195816,0.09834924788195816,0.4252454368303413,0.031285434657250706
IMG_0034,1,IMG_0034_r1_archive.csv,45,000000000010000000001000,2,32,8,0.4327296270156493,0.3524970801663694,0.0,0.0549019607843137,0.3522764039654751,0.0017217759664792044,0.3574201898471505,0.3525482118669873,0.019753758071515082,0.019753758071515082,0.4273607278589546,0.005269920827919711,0.09526924480195509,0.09526924480195507,0.4068685394723187,0.02576210921455562,0.18002474077240432,0.18002474077240432,0.3840602869774253,0.04857036170944909,0.09834924788195816,0.09834924788195816,0.40609651810289954,0.026534130583974806
IMG_0034,1,IMG_0034_r1_archive.csv,46,000111110010000100101110,31,33,46,0.4176124673135528,0.3525191708389899,0.0,0.1437908496732026,0.35224044197085247,0.00165149865287737,0.3574017971809284,0.3525516646651236,0.019753758071515082,0.019753758071515082,0.41287532436860336,0.004677845689390475,0.09526924480195509,0.09526924480195507,0.3948522858947678,0.022700884163226083,0.18002474077240432,0.18002474077240432,0.3743378314056019,0.04321533865239196,0.09834924788195816,0.09834924788195816,0.3940218138896577,0.02353135616833617
IMG_0034,1,IMG_0034_r1_archive.csv,58,000100010110101101011001,17,107,89,0.4159826394055501,0.3523494662360135,0.0,0.2784313725490196,0.35250495338943416,0.0022542536143501414,0.35751561985914193,0.3529283941641847,0.019753758071515082,0.019753758071515082,0.41130989036776533,0.00461192786646331,0.09526924480195509,0.09526924480195507,0.3935535202199713,0.022368298014257326,0.18002474077240432,0.18002474077240432,0.37335962987764776,0.042562188356580884,0.09834924788195816,0.09834924788195816,0.39274101348846147,0.023180804745767173
IMG_0034,1,IMG_0034_r1_archive.csv,66,001010000010011000011000,40,38,24,0.4177269387859132,0.3525376861441116,0.0,0.1333333333333333,0.3522057620677079,0.001616913757668788,0.35737576350158595,0.35259684392107643,0.019753758071515082,0.019753758071515082,0.41295422087410794,0.004707816032719835,0.09526924480195509,0.09526924480195507,0.39487584732569586,0.02278618958113191,0.18002474077240432,0.18002474077240432,0.3744482898997877,0.04321374700704005,0.09834924788195816,0.09834924788195816,0.39409278603319714,0.0235692508736306
IMG_0034,1,IMG_0034_r1_archive.csv,67,111111001111000110011111,252,241,159,0.4084515747002137,0.3522653552926203,0.0,0.8522875816993465,0.35249469408229794,0.002270914311583535,0.3575011953776973,0.3529777503079848,0.019753758071515082,0.019753758071515082,0.40405412951112485,0.004309836965142077,0.09526924480195509,0.09526924480195507,0.3874907652842092,0.020873201192057697,0.18002474077240432,0.18002474077240432,0.368504036346958,0.03985993012930893,0.09834924788195816,0.09834924788195816,0.3866829770474307,0.02168098942883624
IMG_0034,1,IMG_0034_r1_archive.csv,68,101000100110100000110110,162,104,54,0.412188783385196,0.3523001771618712,0.0,0.4183006535947712,0.35227412928314283,0.0018636241093995991,0.35738245312908823,0.3526749134773226,0.019753758071515082,0.019753758071515082,0.4077065830811155,0.0044631936880424996,0.09526924480195509,0.09526924480195507,0.3905506357437498,0.021619141025408215,0.18002474077240432,0.18002474077240432,0.3709558982820525,0.041213878487105525,0.09834924788195816,0.09834924788195816,0.3897377057023059,0.022432071066852077
IMG_0034,1,IMG_0034_r1_archive.csv,69,110011100010100000111111,206,40,63,0.4129359084863617,0.3522560876405313,0.0,0.403921568627451,0.3522366715229259,0.001660670033219803,0.35739573388791623,0.352625699565229,0.019753758071515082,0.019753758071515082,0.4083533921941148,0.0044924190058879794,0.09526924480195509,0.09526924480195507,0.39106864011002246,0.021777171089980323,0.18002474077240432,0.18002474077240432,0.37131052194618686,0.04153528925381593,0.09834924788195816,0.09834924788195816,0.39024418475010797,0.022601626449894746
IMG_0034,1,IMG_0034_r1_archive.csv,70,101011100101000000101101,174,80,45,0.4127733828702902,0.352441762093491,0.0,0.3908496732026144,0.35220844747033087,0.0016693142965853716,0.3573653487694798,0.3525912505395441,0.019753758071515082,0.019753758071515082,0.408165959021525,0.004478331251283432,0.09526924480195509,0.09526924480195507,0.3908886063950795,0.02175568387772895,0.18002474077240432,0.18002474077240432,0.37117933819763094,0.04146495207517751,0.09834924788195816,0.09834924788195816,0.39007796787141186,0.022566322401396628
IMG_0034,1,IMG_0034_r1_archive.csv,76,100100101000011000100001,146,134,33,0.4115786329124837,0.3523648701548285,0.0,0.4091503267973856,0.35230070161255544,0.0018715423348731723,0.35740704590213246,0.3525349869649686,0.019753758071515082,0.019753758071515082,0.40723638733879225,0.0044301077835987015,0.09526924480195509,0.09526924480195507,0.3901253447192285,0.02154115040316248,0.18002474077240432,0.18002474077240432,0.37063983815290824,0.041026656969482704,0.09834924788195816,0.09834924788195816,0.38933385673697635,0.02233263838541463
IMG_0034,1,IMG_0034_r1_archive.csv,77,000011101000110100110010,14,141,50,0.4159196000901743,0.3523634752420121,0.0,0.2679738562091503,0.3524306507924176,0.002159463812230273,0.35746501471265535,0.3528772121543489,0.019753758071515082,0.019753758071515082,0.4113816921987755,0.0045958420889701986,0.09526924480195509,0.09526924480195507,0.3935267077687498,0.022450826518995878,0.18002474077240432,0.18002474077240432,0.3734358341319719,0.04254170015577382,0.09834924788195816,0.09834924788195816,0.3927814113664991,0.02319612292124663
IMG_0034,1,IMG_0034_r1_archive.csv,83,000111000010000001011101,28,32,93,0.4171497387584658,0.3524895502446889,0.0,0.2,0.35245269747831476,0.0021407422229139,0.3574917417958816,0.35291728823314034,0.019753758071515082,0.019753758071515082,0.4122198374019564,0.0046482817235978845,0.09526924480195509,0.09526924480195507,0.3942805973626614,0.022587521762892894,0.18002474077240432,0.18002474077240432,0.37390724054070645,0.0429608785848478,0.09834924788195816,0.09834924788195816,0.3934692251017748,0.023398894023779527
IMG_0034,1,IMG_0034_r1_archive.csv,84,111110000111101101101010,248,123,106,0.4096525388478519,0.3520804124147257,0.0,0.6235294117647059,0.3525332095958155,0.002300509227411253,0.357532312162258,0.3529428297226304,0.019753758071515082,0.019753758071515082,0.405306094039615,0.004353641077115497,0.09526924480195509,0.09526924480195507,0.3885653629503407,0.021094372166389753,0.18002474077240432,0.18002474077240432,0.36931389598034703,0.0403458391363834,0.09834924788195816,0.09834924788195816,0.3877284509901009,0.02193128412662955
IMG_0034,1,IMG_0034_r1_archive.csv,86,010100000011000000011110,80,48,30,0.4166376437988722,0.3525434052852187,0.0,0.2065359477124183,0.3522133279256955,0.0016568853005728844,0.3573733364738476,0.3525052322608228,0.019753758071515082,0.019753758071515082,0.4119210059871272,0.004632720850422881,0.09526924480195509,0.09526924480195507,0.3939554868671276,0.022598239970422516,0.18002474077240432,0.18002474077240432,0.3738059932706851,0.042747733566865,0.09834924788195816,0.09834924788195816,0.39322749537498,0.023326231462570134
IMG_0034,1,IMG_0034_r1_archive.csv,87,000011110010011000100111,15,38,39,0.4189502790966641,0.3525302376852448,0.0,0.1202614379084967,0.3525187226719487,0.002224404051622893,0.3575368515323384,0.3528309355725936,0.019753758071515082,0.019753758071515082,0.4141515784211081,0.0047278470587981125,0.09526924480195509,0.09526924480195507,0.3958963459822583,0.02298307949764796,0.18002474077240432,0.18002474077240432,0.3752435876714461,0.04363583780846012,0.09834924788195816,0.09834924788195816,0.3950971706916042,0.023782254788302065
IMG_0034,1,IMG_0034_r1_archive.csv,89,111010111000101100101001,235,139,41,0.4103297416141146,0.3522248891262826,0.0,0.542483660130719,0.3521390129757218,0.0015341916002835723,0.35732969494894623,0.35254344918082436,0.019753758071515082,0.019753758071515082,0.4060034294263401,0.004393466075709091,0.09526924480195509,0.09526924480195507,0.38906956741276394,0.02132732808928523,0.18002474077240432,0.18002474077240432,0.3698038772289869,0.04059301827306229,0.09834924788195816,0.09834924788195816,0.3882922913560303,0.022104604146018874
IMG_0034,1,IMG_0034_r1_archive.csv,94,000001000000000000100000,4,2,32,0.4362066101517858,0.352656145574366,0.0,0.049673202614379,0.3522766617796373,0.0017232101773604657,0.35742008910859246,0.35254225077044515,0.019753758071515082,0.019753758071515082,0.4308034482890308,0.005451690113592245,0.09526924480195509,0.09526924480195507,0.4099102668680868,0.0263448715345362,0.18002474077240432,0.18002474077240432,0.3863711105086996,0.049884027893923405,0.09834924788195816,0.09834924788195816,0.409028275221939,0.027226863180683947
IMG_0034,2,IMG_0034_r2_archive.csv,0,110110111010010001100000,219,164,96,0.4095536959782559,0.352884554107833,0.0,0.6261437908496732,0.3532070650424706,0.0034996848979696633,0.35790637369127354,0.35343130392786676,0.01966740284497294,0.019667402844972936,0.40547971037595804,0.004413784952542517,0.09528867472792706,0.09528867472792707,0.38846288808151064,0.021430607246989877,0.17929072134679613,0.1792907213467961,0.3691904842021799,0.04070301112632061,0.09808226630656537,0.09808226630656537,0.38771102755321624,0.022182467775284334
IMG_0034,2,IMG_0034_r2_archive.csv,3,000011000001001000100000,12,18,32,0.4206556254968979,0.3525835596682837,0.0,0.0810457516339869,0.3535628535164072,0.004268023474896906,0.3580700775209783,0.35392759554677217,0.01966740284497294,0.019667402844972936,0.41613278743915055,0.004892091313201851,0.09528867472792706,0.09528867472792707,0.3972982214907858,0.023726657261566572,0.17929072134679613,0.1792907213467961,0.37638874263738176,0.044636136114970644,0.09808226630656537,0.09808226630656537,0.3966065838557727,0.02441829489657969
IMG_0034,2,IMG_0034_r2_archive.csv,4,010000000011010100001111,64,53,15,0.4176394914197412,0.3525443463815431,0.0,0.1725490196078431,0.35337714562883826,0.003921502556979328,0.3579709998628887,0.3539776296678447,0.01966740284497294,0.019667402844972936,0.41339299855312744,0.004736736567412753,0.09528867472792706,0.09528867472792707,0.39506994339664736,0.02305979172389283,0.17929072134679613,0.1792907213467961,0.3745010258513692,0.04362870926917103,0.09808226630656537,0.09808226630656537,0.3943213226003814,0.023808412520158872
IMG_0034,2,IMG_0034_r2_archive.csv,5,011011000001110100110111,108,29,55,0.4152551812839193,0.3527841311772144,0.0,0.2509803921568627,0.35311211115417657,0.0033266206236565914,0.35785468587155767,0.3535714959023652,0.01966740284497294,0.019667402844972936,0.41113490250723594,0.004619716769249435,0.09528867472792706,0.09528867472792707,0.3931471765480971,0.022607442728388258,0.17929072134679613,0.1792907213467961,0.3729786763356167,0.0427759429408687,0.09808226630656537,0.09808226630656537,0.39242025179698325,0.02333436747950213
IMG_0034,2,IMG_0034_r2_archive.csv,6,101010001111010101010000,168,245,80,0.4093745427479757,0.3527597756245877,0.0,0.6444444444444445,0.35311659086451896,0.003303963025368832,0.35786482998147207,0.3531742842531391,0.01966740284497294,0.019667402844972936,0.40531934364055006,0.004408789895320966,0.09528867472792706,0.09528867472792707,0.3882969675197682,0.021431166016102815,0.17929072134679613,0.1792907213467961,0.3690713309219491,0.04065680261392191,0.09808226630656537,0.09808226630656537,0.3875625473607558,0.022165586175115232
IMG_0034,2,IMG_0034_r2_archive.csv,7,011100101010100000100110,114,168,38,0.4121807404964493,0.352900318049708,0.0,0.4183006535947712,0.35340812710995373,0.0038413857729525103,0.3580220105400109,0.35374308524284387,0.01966740284497294,0.019667402844972936,0.40808497983114506,0.004540557811585863,0.09528867472792706,0.09528867472792707,0.3906463376536353,0.021979199989095557,0.17929072134679613,0.1792907213467961,0.3709351476290863,0.04169039001364459,0.09808226630656537,0.09808226630656537,0.3898888217046222,0.022736715938108675
IMG_0034,2,IMG_0034_r2_archive.csv,8,101111111011111010111111,191,190,191,0.4095913112989938,0.3526472708359914,0.0,0.7477124183006536,0.35308209934452484,0.0032989929136045103,0.357831580989419,0.3532175524121537,0.01966740284497294,0.019667402844972936,0.40550409302815815,0.004423334824654245,0.09528867472792706,0.09528867472792707,0.38849539828444424,0.0214320295683682,0.17929072134679613,0.1792907213467961,0.36917641337997276,0.040751014472839686,0.09808226630656537,0.09808226630656537,0.3877253015641917,0.02220212628862071
IMG_0034,2,IMG_0034_r2_archive.csv,9,101011100111010011100010,174,116,226,0.410848973579196,0.3525107032677293,0.0,0.6745098039215687,0.3530575689998249,0.0032171553360124637,0.35782751003911706,0.35322076035798905,0.01966740284497294,0.019667402844972936,0.4068497191126518,0.004484257590359859,0.09528867472792706,0.09528867472792707,0.3896277269593787,0.021706249743632958,0.17929072134679613,0.1792907213467961,0.37005380788023695,0.04128016882277468,0.09808226630656537,0.09808226630656537,0.3888437513174225,0.022490225385589164
IMG_0034,2,IMG_0034_r2_archive.csv,10,101110011100001000100001,185,194,33,0.4101637617889814,0.3528446391165347,0.0,0.5385620915032681,0.35347124845311595,0.004016245605200204,0.35804141692511116,0.35378729659873137,0.01966740284497294,0.019667402844972936,0.40604924002740084,0.004445431603210576,0.09528867472792706,0.09528867472792707,0.3889552567981785,0.021539414832432945,0.17929072134679613,0.1792907213467961,0.3695404006598479,0.04095427097076353,0.09808226630656537,0.09808226630656537,0.3881816324951424,0.022313039135469018
IMG_0034,2,IMG_0034_r2_archive.csv,11,010001000100000001001000,68,64,72,0.415684095841476,0.3526836606306999,0.0,0.2666666666666666,0.3531436243651215,0.0034843541770869617,0.357846765694145,0.35361437620196584,0.01966740284497294,0.019667402844972936,0.4114514621421023,0.004661675249910572,0.09528867472792706,0.09528867472792707,0.39345994332595463,0.02265319406605828,0.17929072134679613,0.1792907213467961,0.37324470969675727,0.04286842769525564,0.09808226630656537,0.09808226630656537,0.39271870505493806,0.02339443233707483
IMG_0034,2,IMG_0034_r2_archive.csv,12,111111101111111111001011,254,255,203,0.4083502089034109,0.3526470359937557,0.0,0.930718954248366,0.3529920085249746,0.00304564215240686,0.3578048278601681,0.353052243208882,0.01966740284497294,0.019667402844972936,0.4043679376314201,0.004373096401683535,0.09528867472792706,0.09528867472792707,0.3875222002799103,0.021218833753193323,0.17929072134679613,0.1792907213467961,0.36842204967893505,0.04031898435416854,0.09808226630656537,0.09808226630656537,0.3867707291967551,0.02197030483634847
IMG_0034,2,IMG_0034_r2_archive.csv,13,000000100000000000100000,2,2,32,0.4407286354544598,0.3526337744798444,0.0,0.0470588235294117,0.35370469138510674,0.004556533411742558,0.3581397879054663,0.3541168211664789,0.01966740284497294,0.019667402844972936,0.43508134228655093,0.005698242751568768,0.09528867472792706,0.09528867472792707,0.41340438559035286,0.027375199447766813,0.17929072134679613,0.1792907213467961,0.38907307241901773,0.05170651261910194,0.09808226630656537,0.09808226630656537,0.41251960009864047,0.028259984939479177
IMG_0034,2,IMG_0034_r2_archive.csv,14,110010001000101000100001,200,138,33,0.4105586083630473,0.3527793301045329,0.0,0.4849673202614379,0.353450604441462,0.004011493462298298,0.3580219609491826,0.3537933003357298,0.01966740284497294,0.019667402844972936,0.4064413858840877,0.004471829210696709,0.09528867472792706,0.09528867472792707,0.38928763129218025,0.021625583802604157,0.17929072134679613,0.1792907213467961,0.36983257764251415,0.041080637452270224,0.09808226630656537,0.09808226630656537,0.3885205316062607,0.0223926834885237
IMG_0034,2,IMG_0034_r2_archive.csv,17,000000100010001000000110,2,34,6,0.4340520387833607,0.352368043419436,0.0,0.0549019607843137,0.35334053516638436,0.0038332795280095703,0.35795644515767727,0.35374373013921795,0.01966740284497294,0.019667402844972936,0.42877068012102343,0.0053903271055552576,0.09528867472792706,0.09528867472792707,0.40796206755870007,0.026198939667878614,0.17929072134679613,0.1792907213467961,0.3848786551404883,0.049282352086090365,0.09808226630656537,0.09808226630656537,0.40720380094007064,0.02695720628650808
IMG_0034,2,IMG_0034_r2_archive.csv,21,110111011111100111011100,221,249,220,0.4087699545677965,0.352662036024679,0.0,0.9019607843137256,0.35302693698237536,0.003127775055295331,0.3578192230918469,0.3531703738986302,0.01966740284497294,0.019667402844972936,0.4047626995434992,0.00439478680270321,0.09528867472792706,0.09528867472792707,0.3878433062634682,0.021314180082734214,0.17929072134679613,0.1792907213467961,0.36872590154958185,0.04043158479662054,0.09808226630656537,0.09808226630656537,0.38711063578551635,0.022046850560685987
IMG_0034,2,IMG_0034_r2_archive.csv,22,001011110001110100110011,47,29,51,0.4169682911883431,0.3528474862596091,0.0,0.1660130718954248,0.3531548056370477,0.0034511826906940294,0.3578662398376695,0.35359587665616415,0.01966740284497294,0.019667402844972936,0.41268413220379935,0.004694354776817658,0.09528867472792706,0.09528867472792707,0.39448610586943433,0.022892381111182636,0.17929072134679613,0.1792907213467961,0.37404340241408657,0.04333508456653042,0.09808226630656537,0.09808226630656537,0.3937378801624401,0.023640606818176906
IMG_0034,2,IMG_0034_r2_archive.csv,23,101100010100010000100000,177,68,32,0.4129495644648336,0.3526301275463163,0.0,0.3620915032679738,0.35351273933267985,0.004221195655620191,0.3580316702920701,0.3539657458996877,0.01966740284497294,0.019667402844972936,0.4089086224359861,0.004572475380611712,0.09528867472792706,0.09528867472792707,0.3913406336750342,0.022140464141563614,0.17929072134679613,0.1792907213467961,0.37151916294647164,0.04196193487012617,0.09808226630656537,0.09808226630656537,0.39058947301916397,0.02289162479743383
IMG_0034,2,IMG_0034_r2_archive.csv,25,101111110101011000011010,191,86,26,0.4128482833300175,0.3526057269134089,0.0,0.396078431372549,0.35348855920227173,0.004119688832586349,0.3580328668674204,0.35394585362402564,0.01966740284497294,0.019667402844972936,0.4087443866477811,0.00457196740869085,0.09528867472792706,0.09528867472792707,0.39121913525776886,0.02209721879870313,0.17929072134679613,0.1792907213467961,0.37140101714388385,0.04191533691258812,0.09808226630656537,0.09808226630656537,0.39045484634981126,0.022861507706660702
IMG_0034,2,IMG_0034_r2_archive.csv,29,100111001001000000100010,156,144,34,0.4111499977394834,0.3527248102611917,0.0,0.4366013071895425,0.35333835534507335,0.003755860823873256,0.3579736200124003,0.3535411631359869,0.01966740284497294,0.019667402844972936,0.40698991936280254,0.004499513680382301,0.09528867472792706,0.09528867472792707,0.38974549178302587,0.021743941260158953,0.17929072134679613,0.1792907213467961,0.37018770927856937,0.04130172376461544,0.09808226630656537,0.09808226630656537,0.38897437347479924,0.022515059568385565
IMG_0034,2,IMG_0034_r2_archive.csv,31,111111000001000011100111,252,16,231,0.4135041766742011,0.3525044013609671,0.0,0.6522875816993464,0.35304791692816584,0.003258100895605123,0.35780762157755985,0.3532792944137672,0.01966740284497294,0.019667402844972936,0.40937720960056007,0.004571510233962119,0.09528867472792706,0.09528867472792707,0.3917568320021726,0.022191887832349575,0.17929072134679613,0.1792907213467961,0.37182001778278556,0.04212870205173664,0.09808226630656537,0.09808226630656537,0.39098468646183937,0.02296403337268278
IMG_0034,2,IMG_0034_r2_archive.csv,32,010000110011000000101001,67,48,41,0.4160416996075459,0.3527258541728226,0.0,0.2039215686274509,0.35330952846383057,0.0038074845208576156,0.3579318872069115,0.3538699484108763,0.01966740284497294,0.019667402844972936,0.4118224340358889,0.00469096829734543,0.09528867472792706,0.09528867472792707,0.3938013851187433,0.02271201721449107,0.17929072134679613,0.1792907213467961,0.3734660499950629,0.04304735233817147,0.09808226630656537,0.09808226630656537,0.39302995638323174,0.023483445950002655
IMG_0034,2,IMG_0034_r2_archive.csv,35,100000110010100000100011,131,40,35,0.4145756418468208,0.3528058035910672,0.0,0.269281045751634,0.353317160113898,0.0037460779257409557,0.357954870505758,0.3537650657804549,0.01966740284497294,0.019667402844972936,0.4104767486880046,0.004602699709901447,0.09528867472792706,0.09528867472792707,0.39260820987389133,0.022471238524014746,0.17929072134679613,0.1792907213467961,0.3725599635474701,0.042519484850435926,0.09808226630656537,0.09808226630656537,0.39188164070312204,0.02319780769478404
IMG_0034,2,IMG_0034_r2_archive.csv,37,010011111000110100101011,79,141,43,0.4134583745393391,0.3527387718436409,0.0,0.3437908496732026,0.35331392027255604,0.003747797756479168,0.3579512007067316,0.3535805179992904,0.01966740284497294,0.019667402844972936,0.4093148560472774,0.004596705641235641,0.09528867472792706,0.09528867472792707,0.3916891786085159,0.022222383079997153,0.17929072134679613,0.1792907213467961,0.37178302896074994,0.04212853272776311,0.09808226630656537,0.09808226630656537,0.39092902120551437,0.022982540482998637
IMG_0034,2,IMG_0034_r2_archive.csv,39,111001111101011110111000,231,215,184,0.4093638330066447,0.3526803803051861,0.0,0.8235294117647058,0.3530148388358778,0.003077828819013098,0.35781961150441977,0.353124867262596,0.01966740284497294,0.019667402844972936,0.4053470111778383,0.004417645539140834,0.09528867472792706,0.09528867472792707,0.388346833429997,0.021417823286982145,0.17929072134679613,0.1792907213467961,0.3691168790708508,0.04064777764612835,0.09808226630656537,0.09808226630656537,0.387603574559562,0.02216108215741711
IMG_0034,2,IMG_0034_r2_archive.csv,43,101011001010111000100100,172,174,36,0.4106608631107116,0.352693636602151,0.0,0.4993464052287582,0.3534923275437716,0.004050652981619536,0.358053894171662,0.35368487916273966,0.01966740284497294,0.019667402844972936,0.40661340210888014,0.004475774459281875,0.09528867472792706,0.09528867472792707,0.38940295785060736,0.021686218717554624,0.17929072134679613,0.1792907213467961,0.3699348662549732,0.0411543103131888,0.09808226630656537,0.09808226630656537,0.38865040873815354,0.022438767830008432
IMG_0034,2,IMG_0034_r2_archive.csv,44,001000000000110000000011,32,12,3,0.4306842526778066,0.3526088756164429,0.0,0.061437908496732,0.35336936965275634,0.0039542460351890945,0.35795503801725437,0.3535226782033551,0.01966740284497294,0.019667402844972936,0.42593610367457235,0.005179603420395033,0.09528867472792706,0.09528867472792707,0.40551131469563273,0.02560439239933467,0.17929072134679613,0.1792907213467961,0.3827593031585745,0.048356403936392914,0.09808226630656537,0.09808226630656537,0.4047355738429265,0.02638013325204087
IMG_0034,2,IMG_0034_r2_archive.csv,48,000110000001010000101000,24,20,40,0.4188805684167281,0.3527245701968927,0.0,0.1098039215686274,0.3532790538623558,0.003726897970068384,0.357921559243134,0.35362454271689964,0.01966740284497294,0.019667402844972936,0.41444308657407863,0.004784452063176622,0.09528867472792706,0.09528867472792707,0.39592959274447703,0.023297945892778216,0.17929072134679613,0.1792907213467961,0.3751646826997429,0.044062855937512364,0.09808226630656537,0.09808226630656537,0.39517912067276617,0.02404841796448907
IMG_0034,2,IMG_0034_r2_archive.csv,52,000000100000010000000000,2,4,2,0.4517399258500272,0.3527309286792698,0.0,0.0104575163398692,0.35345664329956505,0.004086432703708116,0.35800926499693336,0.3534859560403332,0.01966740284497294,0.019667402844972936,0.4457124241655713,0.00603098129211375,0.09528867472792706,0.09528867472792707,0.4222445447328759,0.029498860724809062,0.17929072134679613,0.1792907213467961,0.3961469454632041,0.05559645999448087,0.09808226630656537,0.09808226630656537,0.42136797145388377,0.030375434003801226
IMG_0034,2,IMG_0034_r2_archive.csv,55,111000001111100000111011,224,248,59,0.4091181439209336,0.3526914578300506,0.0,0.6941176470588235,0.3531854988505485,0.0034123843556086676,0.3579066326349416,0.3533260959035464,0.01966740284497294,0.019667402844972936,0.4050311542374624,0.0044021015983632455,0.09528867472792706,0.09528867472792707,0.3880351249269746,0.021398130908851034,0.17929072134679613,0.1792907213467961,0.3689151634210867,0.04051809241473892,0.09808226630656537,0.09808226630656537,0.3873271475285079,0.022106108307317737
IMG_0034,2,IMG_0034_r2_archive.csv,56,100011100101111100010010,142,95,18,0.4137063241000979,0.3527883230882334,0.0,0.3333333333333333,0.3535547323385085,0.004283440469065579,0.3580581020945374,0.35390895731235833,0.01966740284497294,0.019667402844972936,0.40946979594933114,0.004575015240215911,0.09528867472792706,0.09528867472792707,0.3917604386028105,0.02228437258673657,0.17929072134679613,0.1792907213467961,0.3718080973750433,0.04223671381450381,0.09808226630656537,0.09808226630656537,0.39101277730906164,0.023032033880485428
IMG_0034,2,IMG_0034_r2_archive.csv,60,000110100001011100101100,26,23,44,0.4181389886756981,0.3526898853348232,0.0,0.1215686274509803,0.3532100538584261,0.0035530563100946893,0.3578960196541977,0.35363526312498417,0.01966740284497294,0.019667402844972936,0.41376852526180424,0.0047584946980219174,0.09528867472792706,0.09528867472792707,0.39535943659433187,0.023167583365494286,0.17929072134679613,0.1792907213467961,0.37479031586028533,0.043736704099540835,0.09808226630656537,0.09808226630656537,0.3946394259054738,0.023887594054352344
IMG_0034,2,IMG_0034_r2_archive.csv,64,110111010110111000010001,221,110,17,0.4122225973827263,0.3526613431803753,0.0,0.4549019607843137,0.35335762709853313,0.003868851848890643,0.3579646440096057,0.35374277066890825,0.01966740284497294,0.019667402844972936,0.4080012321937965,0.00452689336691533,0.09528867472792706,0.09528867472792707,0.39056482509273854,0.021963300467973332,0.17929072134679613,0.1792907213467961,0.3708768493849717,0.04165127617574016,0.09808226630656537,0.09808226630656537,0.3898143022238356,0.02271382333687627
IMG_0034,2,IMG_0034_r2_archive.csv,67,111111001111110010101011,252,252,171,0.4084719189756433,0.3527322146084492,0.0,0.8823529411764706,0.3529878720793841,0.0030109758868390405,0.3578093579809696,0.353006475785977,0.01966740284497294,0.019667402844972936,0.40445929638138245,0.00438422098674987,0.09528867472792706,0.09528867472792707,0.3876153877287877,0.02122812963934462,0.17929072134679613,0.1792907213467961,0.36849297102528245,0.040350546342849854,0.09808226630656537,0.09808226630656537,0.38685588504515084,0.02198763232298145
IMG_0034,2,IMG_0034_r2_archive.csv,71,100111000001100100011011,156,25,27,0.4140579337975019,0.3524413378340194,0.0,0.2718954248366013,0.3534371891052317,0.003970773990902373,0.3580187254808014,0.35397992949471924,0.01966740284497294,0.019667402844972936,0.4100263723167926,0.004585547191374591,0.09528867472792706,0.09528867472792707,0.39219154590582544,0.022420373602341722,0.17929072134679613,0.1792907213467961,0.37219992151618014,0.042411997991987034,0.09808226630656537,0.09808226630656537,0.3914726132462661,0.023139306261901114
IMG_0034,2,IMG_0034_r2_archive.csv,72,111001101111000110110101,230,241,181,0.4090085743776093,0.3526815655137014,0.0,0.8522875816993465,0.3529567111009504,0.0029475490910438333,0.35779405370148476,0.353053763762716,0.01966740284497294,0.019667402844972936,0.4050010230363581,0.004387709060606303,0.09528867472792706,0.09528867472792707,0.38803289831672155,0.021355833780242844,0.17929072134679613,0.1792907213467961,0.36886127606648467,0.040527456030479705,0.09808226630656537,0.09808226630656537,0.3872983991398548,0.022090332957109618
IMG_0034,2,IMG_0034_r2_archive.csv,74,001011100010001100010110,46,35,22,0.4171600082574654,0.3526348298775612,0.0,0.134640522875817,0.3533655938860836,0.00389532584134902,0.35796599229904164,0.35384493120803545,0.01966740284497294,0.019667402844972936,0.41283858106632954,0.004700044062331012,0.09528867472792706,0.09528867472792707,0.3946563865234973,0.022882238605163252,0.17929072134679613,0.1792907213467961,0.3742118035720424,0.04332682155661815,0.09808226630656537,0.09808226630656537,0.3939022570539564,0.023636368074704137
IMG_0034,2,IMG_0034_r2_archive.csv,75,000000110000000000010010,3,2,18,0.4384950744523446,0.3526916568272257,0.0,0.0300653594771241,0.35366732802816825,0.004500847178698356,0.358116346106789,0.35413789181461186,0.01966740284497294,0.019667402844972936,0.43282907945155036,0.005585710038706138,0.09528867472792706,0.09528867472792707,0.41145765093333786,0.026957138556918645,0.17929072134679613,0.1792907213467961,0.38755232301481585,0.05086246647544061,0.09808226630656537,0.09808226630656537,0.4106130177999014,0.027801771690355134
IMG_0034,2,IMG_0034_r2_archive.csv,76,101100001101111000100010,176,222,34,0.4098075295470977,0.352710677096662,0.0,0.5647058823529412,0.35338126378309587,0.0038249908223188154,0.35799924595081145,0.3535440903950806,0.01966740284497294,0.019667402844972936,0.4057073071950887,0.0044565731206742685,0.09528867472792706,0.09528867472792707,0.38870685852888964,0.021457021786873313,0.17929072134679613,0.1792907213467961,0.36934330755456346,0.04082057276119945,0.09808226630656537,0.09808226630656537,0.38791915775951386,0.02224472255624901
IMG_0034,2,IMG_0034_r2_archive.csv,77,011010100010001000101111,106,34,47,0.4156520851442646,0.3527347232720432,0.0,0.2444444444444444,0.35322214589645107,0.0036269200400022364,0.3578896457597458,0.3536595439409047,0.01966740284497294,0.019667402844972936,0.41142565716852386,0.004654343521853178,0.09528867472792706,0.09528867472792707,0.393443603562501,0.022636397127876004,0.17929072134679613,0.1792907213467961,0.3731817550433683,0.04289824564700872,0.09808226630656537,0.09808226630656537,0.3926836719247977,0.0233963287655793
IMG_0034,2,IMG_0034_r2_archive.csv,79,001101110010000000110110,55,32,54,0.416877855254037,0.3526216819931091,0.0,0.1843137254901961,0.353249127125531,0.003642839634390902,0.3579126470902286,0.35381462092226856,0.01966740284497294,0.019667402844972936,0.412563827520548,0.004718805158607247,0.09528867472792706,0.09528867472792707,0.3943442801091369,0.022938352570018316,0.17929072134679613,0.1792907213467961,0.37394113073402496,0.0433415019451303,0.09808226630656537,0.09808226630656537,0.3936164127879033,0.023666219891251953
IMG_0034,2,IMG_0034_r2_archive.csv,80,011100111010010000101110,115,164,46,0.4119308945071861,0.3528809085200694,0.0,0.4248366013071895,0.3532911903770043,0.003683001167589221,0.35794466995840224,0.3534618570485379,0.01966740284497294,0.019667402844972936,0.4077635098010439,0.0045205437179048884,0.09528867472792706,0.09528867472792707,0.3904025873274221,0.021881466191526693,0.17929072134679613,0.1792907213467961,0.3707282760643258,0.041555777454622994,0.09808226630656537,0.09808226630656537,0.3896314577309306,0.022652595788018193
IMG_0063,1,IMG_0063_r1_archive.csv,0,000001010000010000001011,5,4,11,0.5282967210869851,0.3036891960274112,0.0,0.0261437908496732,0.30436434515877253,0.002787312350598246,0.33112578051069486,0.3051976962601341,0.01961990747037476,0.01961990747037476,0.5226152752735986,0.0054169786990017664,0.09541820756774028,0.09541820756774028,0.5022735735685104,0.02575868040408997,0.18054934877364784,0.18054934877364784,0.47891799826131337,0.04911425571128707,0.09852915460392096,0.09852915460392096,0.5012689490344742,0.02676330493812627
IMG_0063,1,IMG_0063_r1_archive.csv,1,000001100000000000001100,6,2,12,0.5396855531465153,0.3034734143292794,0.0,0.0261437908496732,0.304338015201213,0.002853678722729732,0.3310828589601024,0.30510349590105496,0.01961990747037476,0.01961990747037476,0.5335307283001017,0.005951686875271255,0.09541820756774028,0.09541820756774028,0.5115894060839032,0.027893009091469766,0.18054934877364784,0.18054934877364784,0.485945214084571,0.05353720109080202,0.09852915460392096,0.09852915460392096,0.510355116156192,0.029127299019181013
IMG_0063,1,IMG_0063_r1_archive.csv,2,000000010000010000000010,2,4,2,0.5670201063744165,0.303777418546593,0.0,0.0104575163398692,0.30421997820942515,0.002404756038124994,0.33107705263946574,0.3055694430111617,0.01961990747037476,0.01961990747037476,0.5602818503783266,0.006622412999543313,0.09541820756774028,0.09541820756774028,0.5340168912931366,0.0328873720847333,0.18054934877364784,0.18054934877364784,0.5038251653345057,0.06307909804336417,0.09852915460392096,0.09852915460392096,0.5327079690019896,0.03419629437588026
IMG_0063,1,IMG_0063_r1_archive.csv,3,000001100000000000001110,6,2,14,0.5451302586461961,0.3033120599471692,0.0,0.0287581699346405,0.3042840865739209,0.0027352471859935505,0.33105853821699444,0.30498242607605075,0.01961990747037476,0.01961990747037476,0.5385683535686231,0.006169826950475666,0.09541820756774028,0.09541820756774028,0.5159069134250498,0.028831267094048856,0.18054934877364784,0.18054934877364784,0.4894072967110296,0.05533088380806909,0.09852915460392096,0.09852915460392096,0.5146275212349009,0.03011065928419787
IMG_0063,1,IMG_0063_r1_archive.csv,4,000000110000010000001100,3,4,12,0.5388915337708576,0.303518085917786,0.0,0.0248366013071895,0.3043882423078469,0.0028680824926078036,0.33112948512426676,0.30518256629554047,0.01961990747037476,0.01961990747037476,0.5330618194199779,0.005781211498638694,0.09541820756774028,0.09541820756774028,0.5110180054025519,0.027825025516064545,0.18054934877364784,0.18054934877364784,0.48612591662920973,0.05271711428940678,0.09852915460392096,0.09852915460392096,0.5100685804839132,0.028774450434703336
IMG_0063,2,IMG_0063_r2_archive.csv,0,000001100001111000000101,6,30,5,0.5446872224692402,0.3034578034782644,0.0,0.05359477124183,0.3031910263833214,0.0009819950771349046,0.3304037910536095,0.3034867349758357,0.01970410381625335,0.01970410381625335,0.5377227242458085,0.005964174518325076,0.09432581395198218,0.09432581395198218,0.5151219952129739,0.028564903551159714,0.1799837220397968,0.1799837220397968,0.4896531889855091,0.05403370977862454,0.09800454660267743,0.09800454660267743,0.5141659694814305,0.029520929282703112
IMG_0063,2,IMG_0063_r2_archive.csv,1,000001100000110000100100,6,12,36,0.5551699257501842,0.3032600567362437,0.0,0.0705882352941176,0.3032409686256059,0.0009953169132941298,0.33045040283685423,0.30339212792916653,0.01970410381625335,0.01970410381625335,0.5485415017495777,0.006527481513737674,0.09432581395198218,0.09432581395198218,0.5245309135828597,0.03053806968045566,0.1799837220397968,0.1799837220397968,0.4972404015204951,0.05782858174282031,0.09800454660267743,0.09800454660267743,0.5234376056176443,0.03163137764567122
IMG_0063,2,IMG_0063_r2_archive.csv,2,001000000000110100100100,32,13,36,0.5922320481339118,0.3031238503169025,0.0,0.1058823529411764,0.3031944066845361,0.0008142546254590881,0.33044910646774317,0.30338981693785705,0.01970410381625335,0.01970410381625335,0.5845497009243519,0.008067940228468027,0.09432581395198218,0.09432581395198218,0.5549187421015295,0.037698899051290445,0.1799837220397968,0.1799837220397968,0.5211085120296172,0.07150912912320283,0.09800454660267743,0.09800454660267743,0.5535256516851662,0.039091989467653764
IMG_0063,2,IMG_0063_r2_archive.csv,3,000101000001110001011111,20,28,95,0.618557811458026,0.3030201341792451,0.0,0.1869281045751634,0.30326920101157406,0.001217096913767219,0.33042319022270406,0.3034335089420406,0.01970410381625335,0.01970410381625335,0.6098889235148115,0.008917946576000438,0.09432581395198218,0.09432581395198218,0.5762775644499064,0.04252930564090544,0.1799837220397968,0.1799837220397968,0.5379993657538958,0.0808075043369161,0.09800454660267743,0.09800454660267743,0.574721951239538,0.04408491885127399
IMG_0063,2,IMG_0063_r2_archive.csv,4,000000100000110100001000,2,13,8,0.5707395868393615,0.3035205436830543,0.0,0.0300653594771241,0.3032631579604805,0.0009430369927069075,0.33048566215187564,0.3033659815262513,0.01970410381625335,0.01970410381625335,0.5631495042630228,0.007186964526161889,0.09432581395198218,0.09432581395198218,0.5367573236102594,0.0335791451789253,0.1799837220397968,0.1799837220397968,0.5068250019792022,0.06351146680998243,0.09800454660267743,0.09800454660267743,0.5355772766174948,0.03475919217168987
IMG_0063,2,IMG_0063_r2_archive.csv,5,000111100001000100001100,30,17,12,0.5780294664766849,0.3031541635792028,0.0,0.0771241830065359,0.3032746506658692,0.0008893779068288297,0.33051056962873393,0.303428617466279,0.01970410381625335,0.01970410381625335,0.5704091511048577,0.007541867574852748,0.09432581395198218,0.09432581395198218,0.5429019212886669,0.03504909739104354,0.1799837220397968,0.1799837220397968,0.5116023593678846,0.06634865931182585,0.09800454660267743,0.09800454660267743,0.5416378105871363,0.036313208092574045
IMG_0063,2,IMG_0063_r2_archive.csv,6,000110100001000000101100,26,16,44,0.5988738825932285,0.3030857408086841,0.0,0.1124183006535947,0.30316322729319234,0.0008698807875845544,0.33040402053586815,0.30334972163703733,0.01970410381625335,0.01970410381625335,0.5907581168084138,0.008186704063559478,0.09432581395198218,0.09432581395198218,0.5601102151324747,0.03883460573949858,0.1799837220397968,0.1799837220397968,0.5252098942508454,0.07373492662112789,0.09800454660267743,0.09800454660267743,0.5586927420639113,0.04025207880806198
IMG_0063,2,IMG_0063_r2_archive.csv,7,000001010000011101000111,5,7,71,0.5516528466970964,0.3032867278139891,0.0,0.1084967320261438,0.3030772667579873,0.0006854424424251046,0.3303641695869529,0.3032144959954543,0.01970410381625335,0.01970410381625335,0.5452590972577175,0.006342071762632481,0.09432581395198218,0.09432581395198218,0.521978972713162,0.029622196307187994,0.1799837220397968,0.1799837220397968,0.49509055429093374,0.05651061472941625,0.09800454660267743,0.09800454660267743,0.5207762080872711,0.030824960933078908
IMG_0063,2,IMG_0063_r2_archive.csv,8,000001010000011000010001,5,6,17,0.5323942850526084,0.303573676311697,0.0,0.0366013071895424,0.30299980664309006,0.00035100493580724054,0.33037031884871015,0.30322621043423353,0.01970410381625335,0.01970410381625335,0.5267965699441731,0.005747456764499102,0.09432581395198218,0.09432581395198218,0.5063029253713642,0.026241101337307997,0.1799837220397968,0.1799837220397968,0.4827514252943006,0.04979260141437156,0.09800454660267743,0.09800454660267743,0.5052836402032793,0.02726038650539288
IMG_0063,2,IMG_0063_r2_archive.csv,9,000001000000011101100101,4,7,101,0.5717041154564465,0.3032133686349854,0.0,0.1464052287581699,0.30327625356394244,0.0010954592219585835,0.3304606521980247,0.30345895565237696,0.01970410381625335,0.01970410381625335,0.564765007362858,0.007126160287237839,0.09432581395198218,0.09432581395198218,0.5385025458062788,0.033388621843816996,0.1799837220397968,0.1799837220397968,0.5081329450133684,0.06375822263672737,0.09800454660267743,0.09800454660267743,0.5371334993941684,0.0347576682559274
IMG_0063,2,IMG_0063_r2_archive.csv,10,100001110000111101001111,135,15,79,0.6199248654913802,0.3029953071175588,0.0,0.2993464052287581,0.30328939839699964,0.0010314187812503154,0.3304898071412589,0.30354830566969326,0.01970410381625335,0.01970410381625335,0.6108425053370024,0.009171627753266109,0.09432581395198218,0.09432581395198218,0.5771053893568957,0.04290874373337274,0.1799837220397968,0.1799837220397968,0.5387467109762273,0.0812674221140412,0.09800454660267743,0.09800454660267743,0.5755648685567084,0.04444926453356002
IMG_0063,2,IMG_0063_r2_archive.csv,11,000001000000011001001010,4,6,74,0.5670915441588835,0.3032445773221813,0.0,0.1098039215686274,0.30327515832778074,0.0011473042627141003,0.33044659570167406,0.30341460278025983,0.01970410381625335,0.01970410381625335,0.5601123655469396,0.006979085483758425,0.09432581395198218,0.09432581395198218,0.5344874426158044,0.03260400841489358,0.1799837220397968,0.1799837220397968,0.5050774854433404,0.06201396558735764,0.09800454660267743,0.09800454660267743,0.5332257645353614,0.03386568649533655
IMG_0063,2,IMG_0063_r2_archive.csv,12,000001000000111101100011,4,15,99,0.592136701804371,0.303080277473285,0.0,0.1542483660130719,0.3032195633942151,0.0009511518587236869,0.33044003886910606,0.30335152828454764,0.01970410381625335,0.01970410381625335,0.5843399423858414,0.007967954422050056,0.09432581395198218,0.09432581395198218,0.5548960188242706,0.037411877983620764,0.1799837220397968,0.1799837220397968,0.5210672477772479,0.0712406490306436,0.09800454660267743,0.09800454660267743,0.5534344029957867,0.03887349381210481
IMG_0063,2,IMG_0063_r2_archive.csv,13,000010000001110100000011,8,29,3,0.5300030241676696,0.3035567837761426,0.0,0.0522875816993464,0.30304523016573104,0.0006296407340235357,0.33034608342179705,0.30325446805219336,0.01970410381625335,0.01970410381625335,0.5239329290376515,0.005490541499337483,0.09432581395198218,0.09432581395198218,0.5038333352162325,0.02559013532075654,0.1799837220397968,0.1799837220397968,0.48038043248900325,0.04904303804798579,0.09800454660267743,0.09800454660267743,0.5027155655809624,0.026707904956026606
IMG_0063,2,IMG_0063_r2_archive.csv,14,000001010000111101000111,5,15,71,0.5723519235808902,0.303114657477823,0.0,0.118954248366013,0.303063375671339,0.0006281555667266511,0.3303646002192292,0.3032037323247715,0.01970410381625335,0.01970410381625335,0.5651488902096324,0.007190367938031531,0.09432581395198218,0.09432581395198218,0.5386387076796588,0.0337005504680051,0.1799837220397968,0.1799837220397968,0.508286191675686,0.06405306647197795,0.09800454660267743,0.09800454660267743,0.5373579298549924,0.034981328292671525
IMG_0063,2,IMG_0063_r2_archive.csv,15,010010010000110100000011,73,13,3,0.5476141228123033,0.3032184218644851,0.0,0.1163398692810457,0.3030809974729922,0.0005077777389856608,0.3304123164778177,0.30315019779923996,0.01970410381625335,0.01970410381625335,0.5411795324304891,0.006375394720639296,0.09432581395198218,0.09432581395198218,0.5183778158409771,0.02917711131015138,0.1799837220397968,0.1799837220397968,0.4919561897492025,0.05559873740192593,0.09800454660267743,0.09800454660267743,0.5171711793402229,0.030383747810905536
IMG_0063,2,IMG_0063_r2_archive.csv,16,000011000000000000000101,12,2,5,0.5475990783772479,0.3035778949869453,0.0,0.0248366013071895,0.3035456233201711,0.0013114333759167152,0.3306760284157638,0.30376982266829966,0.01970410381625335,0.01970410381625335,0.5412563716497143,0.006116532229781299,0.09432581395198218,0.09432581395198218,0.5180829889381238,0.029289914941371797,0.1799837220397968,0.1799837220397968,0.49241121406349014,0.05496168981600544,0.09800454660267743,0.09800454660267743,0.5172501915504427,0.030122712329052847
IMG_0063,2,IMG_0063_r2_archive.csv,17,000000000001110100000011,2,29,3,0.5545828456688766,0.3034690102039666,0.0,0.0444444444444444,0.30323195464828173,0.0009673284758980626,0.3304483859688791,0.30357270635388683,0.01970410381625335,0.01970410381625335,0.5472886821350208,0.006404196728550818,0.09432581395198218,0.09432581395198218,0.5232091791110429,0.03048369975252879,0.1799837220397968,0.1799837220397968,0.4962743489876476,0.057418529875924045,0.09800454660267743,0.09800454660267743,0.5222574034112372,0.03143547545233455
IMG_0063,2,IMG_0063_r2_archive.csv,18,000011000000101100001000,12,11,8,0.5548326577933451,0.3033947116235426,0.0,0.0405228758169934,0.3032724504459896,0.0008669529300786309,0.33051397565304186,0.3035156835338388,0.01970410381625335,0.01970410381625335,0.5482555982201338,0.0066487682760359105,0.09432581395198218,0.09432581395198218,0.524389020092973,0.03051534640319685,0.1799837220397968,0.1799837220397968,0.49685820344725795,0.05804616304891178,0.09800454660267743,0.09800454660267743,0.5231676072534549,0.031736759242714845
IMG_0065,1,IMG_0065_r1_archive.csv,0,011011110110010101000110,111,101,70,0.4106110478648718,0.3514913964400397,0.0,0.3686274509803922,0.3516860004653952,0.002231037978230835,0.3528029926455891,0.35203855184411714,0.019429925971982048,0.019429925971982048,0.406645581997262,0.004201368027646233,0.09522174942735691,0.0952217494273569,0.38950489074991873,0.021342059274989455,0.18063138623886288,0.18063138623886288,0.37022576470883556,0.040621185316072624,0.09842768721273394,0.09842768721273394,0.3887920791520054,0.02205487087290277
IMG_0065,1,IMG_0065_r1_archive.csv,1,001111110010000000011000,63,32,24,0.412344612105308,0.3514690567006557,0.0,0.1555555555555555,0.3515562935782637,0.0020184803805656393,0.35272642515787395,0.35174812658014787,0.019429925971982048,0.019429925971982048,0.4083132114823736,0.004276243088777417,0.09522174942735691,0.0952217494273569,0.3909170950208366,0.021672359550314442,0.18063138623886288,0.18063138623886288,0.37127119632051236,0.04131825825063869,0.09842768721273394,0.09842768721273394,0.39016716760790754,0.022422286963243516
IMG_0065,1,IMG_0065_r1_archive.csv,2,000111001110110010001010,28,236,138,0.4133052716695959,0.3512057956445574,0.0,0.5254901960784314,0.3517445042321947,0.002400379318974046,0.3528191610772029,0.35211644679513077,0.019429925971982048,0.019429925971982048,0.4091668582953387,0.0043394009309347245,0.09522174942735691,0.0952217494273569,0.3916959006374652,0.02181035858880827,0.18063138623886288,0.18063138623886288,0.3719266494223646,0.04157960980390886,0.09842768721273394,0.09842768721273394,0.3909298027850561,0.022576456441217283
IMG_0065,1,IMG_0065_r1_archive.csv,3,000001000011000100000001,4,49,2,0.4351294047636576,0.3511479956898731,0.0,0.0718954248366013,0.35142864961284703,0.0017347883531590074,0.352669704199309,0.3516914791541912,0.019429925971982048,0.019429925971982048,0.43029266545742956,0.005197128451663939,0.09522174942735691,0.0952217494273569,0.4094861609785776,0.026003632930515875,0.18063138623886288,0.18063138623886288,0.3860281023363519,0.04946169157274161,0.09842768721273394,0.09842768721273394,0.4086023095907863,0.026887484318307144
IMG_0065,1,IMG_0065_r1_archive.csv,4,010000000100001000110100,64,66,52,0.411134606057479,0.3515359384748359,0.0,0.2379084967320261,0.35161245244325023,0.002108608203796807,0.35276005206705263,0.35198740170744564,0.019429925971982048,0.019429925971982048,0.40704590620187425,0.004216810374039617,0.09522174942735691,0.0952217494273569,0.3898443768508122,0.021418339725101716,0.18063138623886288,0.18063138623886288,0.37047899717757105,0.040783719398342834,0.09842768721273394,0.09842768721273394,0.38912309341008583,0.022139623165828057
IMG_0065,1,IMG_0065_r1_archive.csv,5,001000100010010100001000,34,37,8,0.4153501295693191,0.3513828438480486,0.0,0.1032679738562091,0.35144461824039686,0.00171205936337791,0.35269135507430405,0.3518157506273441,0.019429925971982048,0.019429925971982048,0.4111525882634766,0.004375974909234957,0.09522174942735691,0.0952217494273569,0.39329152510279825,0.02223703806991329,0.18063138623886288,0.18063138623886288,0.37316953818586907,0.04235902498684248,0.09842768721273394,0.09842768721273394,0.3925378838507146,0.022990679321996905
IMG_0065,1,IMG_0065_r1_archive.csv,6,001111000000111000100111,60,14,39,0.4133244476096075,0.3513141350085142,0.0,0.1477124183006536,0.35153923521840214,0.0019072577563591132,0.3527371724540641,0.35192602076563656,0.019429925971982048,0.019429925971982048,0.4092477528237318,0.004316491397305025,0.09522174942735691,0.0952217494273569,0.391717243924339,0.021847000296697883,0.18063138623886288,0.18063138623886288,0.3719596760634176,0.04160456815761925,0.09842768721273394,0.09842768721273394,0.3909748909371628,0.022589353283874052
IMG_0065,1,IMG_0065_r1_archive.csv,7,000111010010001000111110,29,34,62,0.4127422525249385,0.3512590028309716,0.0,0.1633986928104575,0.35167240335370475,0.002253984816535874,0.3527836588243224,0.35198098495573077,0.019429925971982048,0.019429925971982048,0.40858245353281414,0.004279036934342047,0.09522174942735691,0.0952217494273569,0.39120354038699606,0.021657950080160086,0.18063138623886288,0.18063138623886288,0.3713842200728984,0.04147727039425774,0.09842768721273394,0.09842768721273394,0.3903900713309028,0.022471419136253293
IMG_0065,1,IMG_0065_r1_archive.csv,8,010111000010101000110100,92,42,52,0.4112686090501956,0.35135349956187,0.0,0.2431372549019607,0.3516926449497912,0.002278098613559831,0.3527978719711529,0.352039118523424,0.019429925971982048,0.019429925971982048,0.40720272560003506,0.004232015666869982,0.09522174942735691,0.0952217494273569,0.389973867359632,0.021460873907273036,0.18063138623886288,0.18063138623886288,0.3705882026743521,0.04084653859255292,0.09842768721273394,0.09842768721273394,0.38925493187800636,0.022179809388898644
IMG_0065,1,IMG_0065_r1_archive.csv,9,011110000011111000110001,120,62,49,0.4109876582469798,0.3515410893246266,0.0,0.3019607843137254,0.35158133344079523,0.002054065973487573,0.352742568622175,0.35180145141760216,0.019429925971982048,0.019429925971982048,0.40698457705863195,0.004191428710395208,0.09522174942735691,0.0952217494273569,0.3898034681787875,0.021372537590239618,0.18063138623886288,0.18063138623886288,0.3704563924270939,0.04071961334193329,0.09842768721273394,0.09842768721273394,0.38908147922150443,0.022094526547522707
IMG_0065,1,IMG_0065_r1_archive.csv,10,010000010011100000010001,65,56,17,0.412436749745549,0.3514669271831677,0.0,0.1803921568627451,0.3516810864720542,0.0023122893569548384,0.35277776580756715,0.3518927004496395,0.019429925971982048,0.019429925971982048,0.40840309711376555,0.004259700136555518,0.09522174942735691,0.0952217494273569,0.39095550616425045,0.021707291086070637,0.18063138623886288,0.18063138623886288,0.37134824719470455,0.04131455005561654,0.09842768721273394,0.09842768721273394,0.3902356168242402,0.022427180426080898
IMG_0065,1,IMG_0065_r1_archive.csv,11,010000000100000000101011,64,64,43,0.411326568646363,0.3515571782483612,0.0,0.2235294117647059,0.35153887359284747,0.0019564088816771473,0.35272452304717994,0.351885725422781,0.019429925971982048,0.019429925971982048,0.4072969374589528,0.004215540444237517,0.09522174942735691,0.0952217494273569,0.39003136978107067,0.021481108122119612,0.18063138623886288,0.18063138623886288,0.3706076072017281,0.040904870701462204,0.09842768721273394,0.09842768721273394,0.3893119714805839,0.022200506422606445
IMG_0065,1,IMG_0065_r1_archive.csv,12,011011111110110001100110,111,236,102,0.4119481230886981,0.3512951034596914,0.0,0.5869281045751633,0.3516148079074102,0.002103765026905598,0.35276361832543535,0.3519512600687375,0.019429925971982048,0.019429925971982048,0.40785870360620546,0.004276463209943132,0.09522174942735691,0.0952217494273569,0.39054296523494203,0.02159220158120656,0.18063138623886288,0.18063138623886288,0.37109241560297407,0.04104275121317453,0.09842768721273394,0.09842768721273394,0.3898313614813738,0.022303805334774742
IMG_0065,1,IMG_0065_r1_archive.csv,13,000010000000000000000000,8,2,2,0.4463629582731869,0.3516902278705313,0.0,0.0156862745098039,0.35118853094777247,0.0012498395834440548,0.35255082272666316,0.3512676923702824,0.019429925971982048,0.019429925971982048,0.4408276729138224,0.005719272789091356,0.09522174942735691,0.0952217494273569,0.4184947128128579,0.028052232890055886,0.18063138623886288,0.18063138623886288,0.39325101434211157,0.05329593136080219,0.09842768721273394,0.09842768721273394,0.41752446668959725,0.029022479013316477
IMG_0065,1,IMG_0065_r1_archive.csv,14,011011001110111100101101,108,239,45,0.4110197705385753,0.351396559440756,0.0,0.5124183006535947,0.3516204989158349,0.002060743251033611,0.3527800647778282,0.35203201402229833,0.019429925971982048,0.019429925971982048,0.4070440013071711,0.004210697778592247,0.09522174942735691,0.0952217494273569,0.3898176998587696,0.02143699922699374,0.18063138623886288,0.18063138623886288,0.3705209979892255,0.04073370109653784,0.09842768721273394,0.09842768721273394,0.38912756638505536,0.02212713270070794
IMG_0065,1,IMG_0065_r1_archive.csv,15,010110010101011000111010,89,86,58,0.4108275116327375,0.3513991163278118,0.0,0.3045751633986928,0.35173321954057624,0.0023513276662641223,0.3528201392987619,0.35201257006700687,0.019429925971982048,0.019429925971982048,0.406859649830901,0.0042062106932915025,0.09522174942735691,0.0952217494273569,0.3896577987642891,0.02140806175990341,0.18063138623886288,0.18063138623886288,0.3702935027644791,0.040772357759713426,0.09842768721273394,0.09842768721273394,0.3889369837865564,0.02212887673763611
IMG_0065,1,IMG_0065_r1_archive.csv,17,001001100010000001111001,38,32,121,0.4131948131754101,0.3512398520678618,0.0,0.2496732026143791,0.35162404614019144,0.0021977980825933206,0.3527493482942948,0.3518542900083376,0.019429925971982048,0.019429925971982048,0.40900566187246007,0.004312664675501368,0.09522174942735691,0.0952217494273569,0.39152456170856714,0.021793764839394297,0.18063138623886288,0.18063138623886288,0.3717330443909366,0.04158528215702486,0.09842768721273394,0.09842768721273394,0.39075442265732124,0.022563903890640172
IMG_0065,1,IMG_0065_r1_archive.csv,18,010000000011000000011000,64,48,24,0.4119785844715509,0.3515703711683941,0.0,0.1777777777777777,0.35158947278648833,0.0020645918828701656,0.3527480764905224,0.3519011372183615,0.019429925971982048,0.019429925971982048,0.4079711177922865,0.004231490762551818,0.09522174942735691,0.0952217494273569,0.3906182636060074,0.021584344948830946,0.18063138623886288,0.18063138623886288,0.3710237039344823,0.04117890462035602,0.09842768721273394,0.09842768721273394,0.38987102844425875,0.022331580110579594
IMG_0065,1,IMG_0065_r1_archive.csv,19,000110010001100000010000,25,24,16,0.4146086683550707,0.3514015528545349,0.0,0.0849673202614379,0.35158071358172427,0.0020753632762333697,0.3527366244374176,0.35174120986508317,0.019429925971982048,0.019429925971982048,0.41043536577605066,0.004366763685070452,0.09522174942735691,0.0952217494273569,0.3927216483372096,0.02208048112391158,0.18063138623886288,0.18063138623886288,0.37269800478415427,0.04210412467696689,0.09842768721273394,0.09842768721273394,0.39195167296580485,0.022850456495316307
IMG_0065,1,IMG_0065_r1_archive.csv,20,001011100001101100001101,46,27,13,0.4138676135183589,0.3514357499347806,0.0,0.1124183006535947,0.3515498297572611,0.0020837761812698887,0.3527036373866953,0.35175446935575644,0.019429925971982048,0.019429925971982048,0.40972467072780755,0.00432145258973186,0.09522174942735691,0.0952217494273569,0.39206803240047106,0.021978090917068392,0.18063138623886288,0.18063138623886288,0.3722341840894375,0.04181193922810197,0.09842768721273394,0.09842768721273394,0.3913422957392387,0.02270382757830074
IMG_0065,1,IMG_0065_r1_archive.csv,21,000011011110110011110011,13,236,243,0.4157952230325545,0.3511807698859755,0.0,0.6431372549019608,0.3517973498493929,0.0025387881781717423,0.35283740447960166,0.35208879000361315,0.019429925971982048,0.019429925971982048,0.4114296446152993,0.004438929562623909,0.09522174942735691,0.0952217494273569,0.39359607966793553,0.02227249450998765,0.18063138623886288,0.18063138623886288,0.3733828271292295,0.04248574704869369,0.09842768721273394,0.09842768721273394,0.3928028504708214,0.02306572370710175
IMG_0065,1,IMG_0065_r1_archive.csv,22,001100110011000000010011,51,48,19,0.4127691327057494,0.3514706202214277,0.0,0.1542483660130719,0.35166028096577584,0.0022587452373576617,0.352770346331188,0.3518855629097903,0.019429925971982048,0.019429925971982048,0.40858733006325415,0.004273872553146857,0.09522174942735691,0.0952217494273569,0.39117478917627674,0.021686413440124272,0.18063138623886288,0.18063138623886288,0.37146375154330397,0.04139745107309703,0.09842768721273394,0.09842768721273394,0.3904086235942783,0.02245257902212272
IMG_0065,1,IMG_0065_r1_archive.csv,23,000001010000100000001010,5,8,10,0.4252818865049244,0.3513638254714126,0.0,0.0300653594771241,0.35142561555181623,0.00178077042058561,0.3526551746214215,0.3516146537900929,0.019429925971982048,0.019429925971982048,0.4205305626771849,0.0048101554423709515,0.09522174942735691,0.0952217494273569,0.4011946877063457,0.024146030413210205,0.18063138623886288,0.18063138623886288,0.37953837160253096,0.0458023465170249,0.09842768721273394,0.09842768721273394,0.4004212073286872,0.024919510790868685
IMG_0065,1,IMG_0065_r1_archive.csv,24,000100110010000000110011,19,32,51,0.4135927668443918,0.3512457522058685,0.0,0.1333333333333333,0.35153912001069454,0.0020022466775045517,0.3527133100160701,0.3517271927324473,0.019429925971982048,0.019429925971982048,0.40946900846005074,0.004305840919364781,0.09522174942735691,0.0952217494273569,0.39187420724787736,0.021900642131538178,0.18063138623886288,0.18063138623886288,0.371976710055163,0.04179813932425257,0.09842768721273394,0.09842768721273394,0.39110664192103034,0.022668207458385176
IMG_0065,1,IMG_0065_r1_archive.csv,25,001011010101100001111000,45,88,120,0.4124254981675025,0.3512910900105281,0.0,0.330718954248366,0.3517134230157579,0.0023672347820783424,0.3527963659949901,0.35198525917212,0.019429925971982048,0.019429925971982048,0.4083599872300839,0.004285352718557829,0.09522174942735691,0.0952217494273569,0.39096243151477117,0.021682908433870537,0.18063138623886288,0.18063138623886288,0.3713115377572255,0.041333802191416275,0.09842768721273394,0.09842768721273394,0.3902113188340269,0.022434021114614882
IMG_0065,1,IMG_0065_r1_archive.csv,26,000110010001001110000011,25,19,131,0.415312810565535,0.3511813199499103,0.0,0.2287581699346405,0.35152902249162976,0.0020253223808314783,0.3526974435711735,0.35181925014432025,0.019429925971982048,0.019429925971982048,0.41105482906731167,0.004416511068517714,0.09522174942735691,0.0952217494273569,0.3932402284049925,0.022231111730836865,0.18063138623886288,0.18063138623886288,0.3731197992686205,0.04235154086720886,0.09842768721273394,0.09842768721273394,0.3924716189136415,0.022999721222187814
IMG_0065,1,IMG_0065_r1_archive.csv,27,000011100000101000000001,14,10,2,0.4300997038571012,0.3513143477628111,0.0,0.0339869281045751,0.35125862631508054,0.0013395125105329188,0.35259849986219893,0.3516036531089343,0.019429925971982048,0.019429925971982048,0.42553969918714607,0.005020608209173387,0.09522174942735691,0.0952217494273569,0.4056167779997939,0.024943529396525554,0.18063138623886288,0.18063138623886288,0.382873689836145,0.04768661756017444,0.09842768721273394,0.09842768721273394,0.4046767223410283,0.02588358505529113
IMG_0065,1,IMG_0065_r1_archive.csv,28,001101100001001110001101,54,19,141,0.4140124193805919,0.3512057571537297,0.0,0.2797385620915033,0.351561043448261,0.0020658282617619884,0.35271933805757216,0.35189606827459885,0.019429925971982048,0.019429925971982048,0.4099059151091619,0.004352506606492321,0.09522174942735691,0.0952217494273569,0.3922672928526177,0.0219911288630365,0.18063138623886288,0.18063138623886288,0.3724136844338636,0.04184473728179062,0.09842768721273394,0.09842768721273394,0.3915289641318811,0.022729457583773146
IMG_0065,1,IMG_0065_r1_archive.csv,29,001001100000101100100111,38,11,39,0.4145740162038709,0.3512921458468835,0.0,0.115032679738562,0.3514715658177841,0.0018467135873666822,0.35268463909569414,0.3517309076812893,0.019429925971982048,0.019429925971982048,0.41023955953296576,0.004370438015297828,0.09522174942735691,0.0952217494273569,0.39250113772637457,0.02210885982188898,0.18063138623886288,0.18063138623886288,0.3725338959889295,0.04207610155933408,0.09842768721273394,0.09842768721273394,0.3917581977494233,0.022851799798840295
IMG_0065,1,IMG_0065_r1_archive.csv,30,001011110100000000110010,47,64,50,0.4115795047981446,0.351505567896474,0.0,0.2104575163398692,0.35154494151636895,0.001995784722974925,0.3527207470103769,0.35183765608550077,0.019429925971982048,0.019429925971982048,0.40749058482137424,0.004226055462998838,0.09522174942735691,0.0952217494273569,0.3902373947259631,0.021479245558409972,0.18063138623886288,0.18063138623886288,0.37070743215037105,0.041009208134001995,0.09842768721273394,0.09842768721273394,0.38947847056590285,0.022238169718470268
IMG_0065,1,IMG_0065_r1_archive.csv,31,000001100001001100001101,6,19,13,0.4205697442446787,0.3514183881428447,0.0,0.049673202614379,0.3515722893377204,0.0023281843816995392,0.35266499491704717,0.3515899710586135,0.019429925971982048,0.019429925971982048,0.4159864236635572,0.004616652005327127,0.09522174942735691,0.0952217494273569,0.3973433038659569,0.023259771802927424,0.18063138623886288,0.18063138623886288,0.3763999263530357,0.04420314931584861,0.09842768721273394,0.09842768721273394,0.3965765512941833,0.024026524374701052
IMG_0065,1,IMG_0065_r1_archive.csv,32,001001000001101100101000,36,27,40,0.4127893584543974,0.351381691833313,0.0,0.134640522875817,0.35161870110084953,0.002112808644288519,0.3527652506145291,0.35197752595409576,0.019429925971982048,0.019429925971982048,0.40866134157212,0.004280289931746789,0.09522174942735691,0.0952217494273569,0.39121403847336006,0.0217275930305067,0.18063138623886288,0.18063138623886288,0.3715073524665091,0.041434279037357635,0.09842768721273394,0.09842768721273394,0.39046091083732976,0.02248072066653704
IMG_0065,1,IMG_0065_r1_archive.csv,33,000100110000101100001111,19,11,15,0.4168932128056404,0.3511966059768829,0.0,0.0588235294117647,0.3515221352977995,0.001987135709275586,0.3527001030452323,0.3515834085665495,0.019429925971982048,0.019429925971982048,0.4126863586812492,0.004476604146752602,0.09522174942735691,0.0952217494273569,0.3945759659694271,0.022586996858574675,0.18063138623886288,0.18063138623886288,0.37411209701737785,0.04305086581062397,0.09842768721273394,0.09842768721273394,0.3937914738893514,0.023371488938650417
IMG_0065,1,IMG_0065_r1_archive.csv,34,001011100000101100110111,46,11,55,0.4142859622599621,0.3512169956827731,0.0,0.1464052287581699,0.3514122461927284,0.0018006719909414571,0.3526368298697447,0.3516041649744159,0.019429925971982048,0.019429925971982048,0.4100327302991986,0.004373773697577981,0.09522174942735691,0.0952217494273569,0.3923232459596978,0.0220832580370788,0.18063138623886288,0.18063138623886288,0.3724013830471807,0.04200512094959593,0.09842768721273394,0.09842768721273394,0.3915857864353591,0.02282071756141757
IMG_0065,1,IMG_0065_r1_archive.csv,35,000100110010011010000010,19,38,130,0.4144908358018341,0.3512132202923748,0.0,0.2444444444444444,0.35171599520033203,0.002330175150803692,0.3528082030873828,0.352074463941289,0.019429925971982048,0.019429925971982048,0.41035596129862534,0.004360143117702221,0.09522174942735691,0.0952217494273569,0.3926502190189413,0.02206588539738623,0.18063138623886288,0.18063138623886288,0.37260219281368584,0.04211391160264169,0.09842768721273394,0.09842768721273394,0.39186945771041753,0.022846646705910047
IMG_0065,1,IMG_0065_r1_archive.csv,36,010110000010111000110100,88,46,52,0.4112829761893565,0.3513517748387273,0.0,0.2431372549019607,0.3515982145785339,0.0021127442716820143,0.35274478018536504,0.35189107532656916,0.019429925971982048,0.019429925971982048,0.4072297243076275,0.004230762669465241,0.09522174942735691,0.0952217494273569,0.390007876079732,0.021452610897360766,0.18063138623886288,0.18063138623886288,0.3705788475248101,0.04088163945228264,0.09842768721273394,0.09842768721273394,0.3892721493040565,0.022188337673036213
IMG_0065,1,IMG_0065_r1_archive.csv,37,011011000110001100110110,108,99,54,0.4107729639146384,0.3514865126533709,0.0,0.3411764705882353,0.3517516950512253,0.002341232021494236,0.3528411387206034,0.3521946083879244,0.019429925971982048,0.019429925971982048,0.4068024352602175,0.004198269398929153,0.09522174942735691,0.0952217494273569,0.3895880034223662,0.021412701236780435,0.18063138623886288,0.18063138623886288,0.3703301444723687,0.04067056018677789,0.09842768721273394,0.09842768721273394,0.38890686105165084,0.022093843607495823
IMG_0065,1,IMG_0065_r1_archive.csv,38,010111010001001101010110,93,19,86,0.4120353503337043,0.3513004810234904,0.0,0.2588235294117647,0.35152100967395633,0.00193322371724009,0.35271245541939794,0.35183913252661064,0.019429925971982048,0.019429925971982048,0.40798091318415997,0.004266625487076311,0.09522174942735691,0.0952217494273569,0.39058003871896446,0.021667499952271813,0.18063138623886288,0.18063138623886288,0.3710896979531976,0.04115784071803866,0.09842768721273394,0.09842768721273394,0.38988354995210733,0.022363988719128924
IMG_0065,1,IMG_0065_r1_archive.csv,39,011011011111000100110110,109,241,54,0.4109482988893136,0.351328213613563,0.0,0.5281045751633987,0.3516320419379593,0.0021387283606267866,0.3527721115225543,0.35199128760156845,0.019429925971982048,0.019429925971982048,0.4068814079615102,0.0042195872872068324,0.09522174942735691,0.0952217494273569,0.38967149707375426,0.02142949817496271,0.18063138623886288,0.18063138623886288,0.3704445905461331,0.04065640470258391,0.09842768721273394,0.09842768721273394,0.3889991651937992,0.02210183005491782
IMG_0065,1,IMG_0065_r1_archive.csv,40,011010100110001100110110,106,99,54,0.4107635579679042,0.3514996249535049,0.0,0.3385620915032679,0.3517237840983952,0.002316201680435439,0.35281948535303803,0.3521243401005603,0.019429925971982048,0.019429925971982048,0.40676062917113265,0.004196474564808833,0.09522174942735691,0.0952217494273569,0.389556678487248,0.02140042524869351,0.18063138623886288,0.18063138623886288,0.37031387243850455,0.04064323129743694,0.09842768721273394,0.09842768721273394,0.38887706003229505,0.022080043703646426
IMG_0065,2,IMG_0065_r2_archive.csv,0,010011010000110101001111,77,13,79,0.4132465331831499,0.3513662447558442,0.0,0.2209150326797385,0.3513417658102592,0.0018115017021476235,0.352563642059474,0.3514036196405272,0.01990487971796383,0.01990487971796383,0.4086163691247286,0.004489946875873214,0.09525845039863731,0.09525845039863733,0.39131172993993546,0.021794586060666317,0.18006144174368474,0.1800614417436847,0.3721710685782736,0.04093524742232822,0.09840825728676196,0.09840825728676195,0.39069972254764584,0.022406593452955915
IMG_0065,2,IMG_0065_r2_archive.csv,2,000101010011110000000011,21,60,3,0.4217807069729587,0.3514901179195362,0.0,0.1098039215686274,0.351364971719183,0.001646478674145844,0.3526281037253982,0.3517100052781124,0.01990487971796383,0.01990487971796383,0.41702333827936133,0.004924059679419775,0.09525845039863731,0.09525845039863733,0.39851170701346944,0.023435690945311616,0.18006144174368474,0.1800614417436847,0.37776546493682606,0.04418193302195503,0.09840825728676196,0.09840825728676195,0.39776683674321894,0.02418056121556214
IMG_0065,2,IMG_0065_r2_archive.csv,5,010101100011110000110110,86,60,54,0.411210784913207,0.3515319883800525,0.0,0.261437908496732,0.3513326808347025,0.0016861666081350083,0.3525858908574204,0.35147421544033136,0.01990487971796383,0.01990487971796383,0.40687548162243375,0.00440284662384718,0.09525845039863731,0.09525845039863733,0.38983942412458406,0.021438904121696866,0.18006144174368474,0.1800614417436847,0.3709538323967713,0.040324495849509596,0.09840825728676196,0.09840825728676195,0.38922291271459636,0.02205541553168455
IMG_0065,2,IMG_0065_r2_archive.csv,6,111000000100111100101001,224,79,41,0.4117233116489334,0.3513241692832651,0.0,0.4496732026143791,0.3514705677138288,0.0018637197623946908,0.35267938944798183,0.3515067896626824,0.01990487971796383,0.01990487971796383,0.40748796876598187,0.004422572866773007,0.09525845039863731,0.09525845039863733,0.39031237138147856,0.021598170251276357,0.18006144174368474,0.1800614417436847,0.37129054158449754,0.040620000048257374,0.09840825728676196,0.09840825728676195,0.38969696057731934,0.02221358105543558
IMG_0065,2,IMG_0065_r2_archive.csv,8,000000001100001110010001,2,195,145,0.4343203748177392,0.3510992647317638,0.0,0.4470588235294118,0.3514390671819863,0.0018084779698005291,0.3526616993642879,0.3516080855338924,0.01990487971796383,0.01990487971796383,0.42926478427561765,0.005297419041234305,0.09525845039863731,0.09525845039863733,0.4086765130001556,0.025885690316696332,0.18006144174368474,0.1800614417436847,0.38579457071194617,0.04876763260490578,0.09840825728676196,0.09840825728676195,0.4079119559959065,0.02665024732094547
IMG_0065,2,IMG_0065_r2_archive.csv,10,000011010010111001100111,13,46,103,0.4153221657150771,0.35115477869339,0.0,0.2117647058823529,0.35144434615325704,0.0018772918254632758,0.35264977487164295,0.35153723538178805,0.01990487971796383,0.01990487971796383,0.4106731135673994,0.004590491451404066,0.09525845039863731,0.09525845039863733,0.393007407941276,0.022256197077527472,0.18006144174368474,0.1800614417436847,0.3735250169360702,0.0417385880827332,0.09840825728676196,0.09840825728676195,0.3924018461482485,0.022861758870554916
IMG_0065,2,IMG_0065_r2_archive.csv,11,110110010010111101111110,217,47,126,0.4130458588758236,0.3512951419504573,0.0,0.5098039215686274,0.3513362483135757,0.0016233284337863105,0.3526051678798807,0.351390055635681,0.01990487971796383,0.01990487971796383,0.4086531124270024,0.00449988619312424,0.09525845039863731,0.09525845039863733,0.3913160646336599,0.021836933986466696,0.18006144174368474,0.1800614417436847,0.37209808994564675,0.04105490867447989,0.09840825728676196,0.09840825728676195,0.39068908900210303,0.02246390961802361
IMG_0065,2,IMG_0065_r2_archive.csv,12,001001000001110000001100,36,28,12,0.4141336214809034,0.3515634643680966,0.0,0.0993464052287581,0.351503762309614,0.0019236492443718296,0.35269760167327274,0.3515265168928606,0.01990487971796383,0.01990487971796383,0.4097611092469289,0.004535545821966898,0.09525845039863731,0.09525845039863733,0.39226223853200537,0.022034416536890405,0.18006144174368474,0.1800614417436847,0.37286696471122305,0.041429690357672744,0.09840825728676196,0.09840825728676195,0.3916301041633858,0.022666550905510018
IMG_0065,2,IMG_0065_r2_archive.csv,13,010010000010101001101001,72,42,105,0.4120566512895847,0.3513706777397338,0.0,0.2862745098039215,0.35132314285651367,0.0016353339405064814,0.35258906104613863,0.3514403902976202,0.01990487971796383,0.01990487971796383,0.40763269843242683,0.004447683612059627,0.09525845039863731,0.09525845039863733,0.39048595385302687,0.021594428191459545,0.18006144174368474,0.1800614417436847,0.37149016608318747,0.040590215961298956,0.09840825728676196,0.09840825728676195,0.3898696061228804,0.022210775921606044
IMG_0065,2,IMG_0065_r2_archive.csv,14,010011010001110101101101,77,29,109,0.4128858646531576,0.3513907705488115,0.0,0.2810457516339869,0.3513986552145626,0.0018345270939975058,0.3526147751158148,0.3514329272396375,0.01990487971796383,0.01990487971796383,0.40835170728777426,0.0044882367037397414,0.09525845039863731,0.09525845039863733,0.3911194202369056,0.02172052375460839,0.18006144174368474,0.1800614417436847,0.37191622753178877,0.04092371645972523,0.09840825728676196,0.09840825728676195,0.39046245168548954,0.022377492306024455
IMG_0065,2,IMG_0065_r2_archive.csv,16,010010000011100101101001,72,57,105,0.4117459079332118,0.3513352847111672,0.0,0.3058823529411765,0.3512962670763003,0.001594277445001261,0.3525724493898016,0.35140264310820085,0.01990487971796383,0.01990487971796383,0.40739617823988683,0.004435627745138472,0.09525845039863731,0.09525845039863733,0.39029069791285614,0.021541108072169114,0.18006144174368474,0.1800614417436847,0.3712962478024083,0.04053555818261699,0.09840825728676196,0.09840825728676195,0.3896610413183837,0.022170764666641526
IMG_0065,2,IMG_0065_r2_archive.csv,17,010010100100010000100010,74,68,34,0.4115953789206708,0.3514278433152073,0.0,0.2300653594771241,0.35137985008328887,0.0017688640821220624,0.35261238573751,0.35155465914645784,0.01990487971796383,0.01990487971796383,0.4071381539026981,0.004410500067454438,0.09525845039863731,0.09525845039863733,0.3900485222995975,0.021500131670554985,0.18006144174368474,0.1800614417436847,0.3710555283753227,0.04049312559482982,0.09840825728676196,0.09840825728676195,0.3894140681925395,0.022134585777613083
IMG_0065,2,IMG_0065_r2_archive.csv,18,000111000010100101111010,28,41,122,0.4138675881197629,0.3513382098890101,0.0,0.2496732026143791,0.3513280228300426,0.0016119614190278214,0.35259978415003734,0.3513295087182488,0.01990487971796383,0.01990487971796383,0.4093468242806923,0.004537662371637083,0.09525845039863731,0.09525845039863733,0.3919341902655294,0.0219502963868,0.18006144174368474,0.1800614417436847,0.3726716156428668,0.04121287100946256,0.09840825728676196,0.09840825728676195,0.3913175433963629,0.02256694325596655
IMG_0065,2,IMG_0065_r2_archive.csv,19,000000000000001100000011,2,3,3,0.4524776787364505,0.3513006239961294,0.0,0.0104575163398692,0.3511865201259864,0.0013666348281435078,0.35251961309370217,0.35133730728465284,0.01990487971796383,0.01990487971796383,0.44652468806658246,0.006094697903383995,0.09525845039863731,0.09525845039863733,0.42337195441357395,0.029247431556392495,0.18006144174368474,0.1800614417436847,0.39735629948093165,0.05526308648903481,0.09840825728676196,0.09840825728676195,0.4224176473203627,0.030201738649603765
IMG_0065,2,IMG_0065_r2_archive.csv,20,000000000000010000001010,2,4,10,0.4428514245802348,0.3515601979363503,0.0,0.0209150326797385,0.35138090328671473,0.0017140353028466386,0.35262714613575474,0.35139089078871305,0.01990487971796383,0.01990487971796383,0.43732533351263747,0.005647496356677196,0.09525845039863731,0.09525845039863733,0.4154463563835229,0.027526473485791767,0.18006144174368474,0.1800614417436847,0.3911746875818926,0.051798142287422085,0.09840825728676196,0.09840825728676195,0.4146487924926843,0.028324037376630348
IMG_0065,2,IMG_0065_r2_archive.csv,22,001010000001000000011111,40,16,31,0.4137144853828228,0.3516620625833224,0.0,0.1137254901960784,0.35134152220986636,0.001765885429294995,0.3525748025272944,0.35136618277934173,0.01990487971796383,0.01990487971796383,0.40915435371988745,0.004525809693484284,0.09525845039863731,0.09525845039863733,0.39169024521674656,0.02198991819662518,0.18006144174368474,0.1800614417436847,0.3723959562138264,0.04128420719954535,0.09840825728676196,0.09840825728676195,0.39108018505015346,0.02259997836321827
IMG_0065,2,IMG_0065_r2_archive.csv,23,001101000100000001001101,52,64,77,0.4112967845594046,0.3513919814544421,0.0,0.2522875816993464,0.3514086416250837,0.001806560065010944,0.3526317532835826,0.3514700433095926,0.01990487971796383,0.01990487971796383,0.40706012941565767,0.004411075768964678,0.09525845039863731,0.09525845039863733,0.38998348496133317,0.021487720223289195,0.18006144174368474,0.1800614417436847,0.3711341962934629,0.04033700889115948,0.09840825728676196,0.09840825728676195,0.3893926035568179,0.02207860162780445
IMG_0065,2,IMG_0065_r2_archive.csv,24,000100100010111101111011,18,47,123,0.4143695405733371,0.3513132965992116,0.0,0.2457516339869281,0.35137713962531747,0.001725408768606539,0.35262053910791746,0.35149259280021833,0.01990487971796383,0.01990487971796383,0.40993740936825374,0.004572695501777426,0.09525845039863731,0.09525845039863733,0.39239348154395204,0.022116623326079093,0.18006144174368474,0.1800614417436847,0.37304394212844233,0.041466162741588826,0.09840825728676196,0.09840825728676195,0.39179161101354937,0.02271849385648178
IMG_0065,2,IMG_0065_r2_archive.csv,25,110100000011100101111111,208,57,127,0.412977274200312,0.3512793259802669,0.0,0.5124183006535947,0.35135047467687286,0.0016678246068803884,0.3526082701999044,0.3514475801268522,0.01990487971796383,0.01990487971796383,0.40858653424057817,0.004504187022053987,0.09525845039863731,0.09525845039863733,0.39129041205165777,0.02180030921097439,0.18006144174368474,0.1800614417436847,0.37203515222465516,0.041055569037976976,0.09840825728676196,0.09840825728676195,0.39063736617229705,0.02245335509033512
IMG_0065,2,IMG_0065_r2_archive.csv,26,000000010100000000000000,2,64,2,0.4459695086219033,0.3511454042906761,0.0,0.0888888888888888,0.3515521237371018,0.002044094388050535,0.3527158518148409,0.3517462042152875,0.01990487971796383,0.01990487971796383,0.44022890947833543,0.005822255629842257,0.09525845039863731,0.09525845039863733,0.4180824004709139,0.027968764637263804,0.18006144174368474,0.1800614417436847,0.393105057076858,0.052946108031319675,0.09840825728676196,0.09840825728676195,0.41713878900870244,0.028912376099475248
IMG_0065,2,IMG_0065_r2_archive.csv,27,001110110011110000111011,59,60,59,0.411289774546897,0.3514371713447464,0.0,0.2326797385620915,0.35133577507855385,0.001677725504517711,0.35259109537717614,0.35146333945461666,0.01990487971796383,0.01990487971796383,0.4068465272229461,0.00440369324371521,0.09525845039863731,0.09525845039863733,0.38977078018568173,0.021479440280979565,0.18006144174368474,0.1800614417436847,0.3709733554509288,0.04027686501573252,0.09840825728676196,0.09840825728676195,0.3891968876198522,0.0220533328468091
IMG_0065,2,IMG_0065_r2_archive.csv,28,000001100100000100000001,6,65,2,0.4313466225311777,0.3513852626904791,0.0,0.0954248366013071,0.3514544798169462,0.001862526022701178,0.3526635999860226,0.35175511687616456,0.01990487971796383,0.01990487971796383,0.42595827651611373,0.00529352458984127,0.09525845039863731,0.09525845039863733,0.40602879402478403,0.025223007081170944,0.18006144174368474,0.1800614417436847,0.38359205526039275,0.047659745845562276,0.09840825728676196,0.09840825728676195,0.40519304193376354,0.026058759172191498
IMG_0065,2,IMG_0065_r2_archive.csv,29,000100100010101001101011,18,42,107,0.4139290781207801,0.35138793104562,0.0,0.2183006535947712,0.35134653782830433,0.0016979895404153284,0.35259679211795214,0.351478312062189,0.01990487971796383,0.01990487971796383,0.40942785426826434,0.004537933289994872,0.09525845039863731,0.09525845039863733,0.39196863922796077,0.02199714833029842,0.18006144174368474,0.1800614417436847,0.3727183575257824,0.04124743003247676,0.09840825728676196,0.09840825728676195,0.3913716170073358,0.02259417055092335
IMG_0065,2,IMG_0065_r2_archive.csv,31,000111010000110000001011,29,12,11,0.4169158768195084,0.3515521006546231,0.0,0.0679738562091503,0.351362730855353,0.0017345155656675578,0.35260385363868785,0.35161177957626394,0.01990487971796383,0.01990487971796383,0.4123054305378142,0.004640425091222214,0.09525845039863731,0.09525845039863733,0.3943724300869468,0.022573425542089638,0.18006144174368474,0.1800614417436847,0.37458363041909265,0.04236222520994376,0.09840825728676196,0.09840825728676195,0.39375383034795125,0.023192025281085205
IMG_0065,2,IMG_0065_r2_archive.csv,33,000010000010010000000011,8,36,3,0.4254933721479658,0.351468576383031,0.0,0.061437908496732,0.3512845144722354,0.0015941389452299637,0.35256073141067956,0.3515283210036104,0.01990487971796383,0.01990487971796383,0.42059777582851027,0.005060924247290373,0.09525845039863731,0.09525845039863733,0.4015411076239586,0.02411759245184203,0.18006144174368474,0.1800614417436847,0.38010503967881976,0.045553660396980895,0.09840825728676196,0.09840825728676195,0.40074797437709625,0.024910725698704433
IMG_0065,2,IMG_0065_r2_archive.csv,34,001000000011010000000010,32,52,2,0.4255249764676405,0.3514316670585451,0.0,0.1124183006535947,0.3514596573754213,0.0019241143409669192,0.3526533804649312,0.3515938615195098,0.01990487971796383,0.01990487971796383,0.4204319399287546,0.005057622429804937,0.09525845039863731,0.09525845039863733,0.4013847538667252,0.024104808491834353,0.18006144174368474,0.1800614417436847,0.3799562039060147,0.045533358452544824,0.09840825728676196,0.09840825728676195,0.4005909659004982,0.024898596458061372
IMG_0065,2,IMG_0065_r2_archive.csv,35,010011010011110101101011,77,61,107,0.4120072679526807,0.3513306434212218,0.0,0.3202614379084967,0.351310301597092,0.001620238403113193,0.35257999367106535,0.3514505096637781,0.01990487971796383,0.01990487971796383,0.4075309093256899,0.0044428917436064325,0.09525845039863731,0.09525845039863733,0.39040109714365123,0.021572703925645097,0.18006144174368474,0.1800614417436847,0.371409677932331,0.040564123136965384,0.09840825728676196,0.09840825728676195,0.38978056146722406,0.022193239602072302
IMG_0065,2,IMG_0065_r2_archive.csv,36,001010010011000000011101,41,48,29,0.4124453683358059,0.3514484499914154,0.0,0.1542483660130719,0.35146508708945046,0.001911255713421768,0.35266202483584674,0.35150494076145683,0.01990487971796383,0.01990487971796383,0.40805401034356825,0.004470711672470891,0.09525845039863731,0.09525845039863733,0.39082282389852807,0.02170189811751108,0.18006144174368474,0.1800614417436847,0.37176789126470594,0.04075683075133325,0.09840825728676196,0.09840825728676195,0.3902149085022674,0.02230981351377174
IMG_0065,2,IMG_0065_r2_archive.csv,37,011101000101010001001100,116,84,76,0.4108762346061444,0.3514911617939744,0.0,0.3607843137254902,0.3513072144956753,0.0016496180016391786,0.3525695616700172,0.3515371151876135,0.01990487971796383,0.01990487971796383,0.40650584738803863,0.00438230762584804,0.09525845039863731,0.09525845039863733,0.38948895736400185,0.021399197649884835,0.18006144174368474,0.1800614417436847,0.3707567392914869,0.04013141572239979,0.09840825728676196,0.09840825728676195,0.3889171813478424,0.021970973666044225
IMG_0065,2,IMG_0065_r2_archive.csv,38,111010000001010110010000,232,21,144,0.4140706837599118,0.3512450763229021,0.0,0.5189542483660131,0.3512191818691904,0.0014575516331628078,0.3525295456356513,0.3513518683521634,0.01990487971796383,0.01990487971796383,0.4095731342376234,0.0045237100762114575,0.09525845039863731,0.09525845039863733,0.3920879110349731,0.02200893327886179,0.18006144174368474,0.1800614417436847,0.37269627767962343,0.04140056663421147,0.09840825728676196,0.09840825728676195,0.39145244098407334,0.022644403329761573
IMG_0065,2,IMG_0065_r2_archive.csv,40,011100000101110001000011,112,92,67,0.4107595703883256,0.3515738239747113,0.0,0.3542483660130718,0.35142085430905856,0.0018389436597205386,0.3526358700688802,0.3515090018982785,0.01990487971796383,0.01990487971796383,0.4064217611027429,0.004381630329953595,0.09525845039863731,0.09525845039863733,0.3894210584505834,0.021382332982113127,0.18006144174368474,0.1800614417436847,0.37064838888077256,0.04015500255192393,0.09840825728676196,0.09840825728676195,0.38883040281136627,0.02197298862133022
IMG_0065,2,IMG_0065_r2_archive.csv,41,010111100011100110010001,94,57,145,0.4125885402216935,0.3513256593093819,0.0,0.3869281045751634,0.3513780535716943,0.0017722133418509346,0.3526097519109832,0.3515523153659043,0.01990487971796383,0.01990487971796383,0.4082386750691896,0.004470000511781673,0.09525845039863731,0.09525845039863733,0.39098992972808577,0.021718745852885486,0.18006144174368474,0.1800614417436847,0.37183489276106424,0.04087378281990703,0.09840825728676196,0.09840825728676195,0.3903544991861132,0.022354176394858063
IMG_0065,2,IMG_0065_r2_archive.csv,42,001100000100000000100100,48,64,36,0.4117161831096443,0.351392231496147,0.0,0.1934640522875817,0.351361074235369,0.0017824058953196118,0.3525902244362907,0.35151570502691754,0.01990487971796383,0.01990487971796383,0.4073819973570968,0.004431868752924248,0.09525845039863731,0.09525845039863733,0.39023830060922193,0.021575565500799164,0.18006144174368474,0.1800614417436847,0.371354808498682,0.04045905761133907,0.09840825728676196,0.09840825728676195,0.3896583688216669,0.02215549728835416
IMG_0065,2,IMG_0065_r2_archive.csv,43,000011010000010101001111,13,5,79,0.4202434315489323,0.3513435073547944,0.0,0.126797385620915,0.351231521905549,0.0015462361679055756,0.3525197145383243,0.3513771190816682,0.01990487971796383,0.01990487971796383,0.4153716337139679,0.004779440073557713,0.09525845039863731,0.09525845039863733,0.3969447829616636,0.023206290825862005,0.18006144174368474,0.1800614417436847,0.3766846869456577,0.04346638684186788,0.09840825728676196,0.09840825728676195,0.3963337012070964,0.023817372580429198
IMG_0065,2,IMG_0065_r2_archive.csv,44,000011010001000001011011,13,16,91,0.4160041942145878,0.35140259152465,0.0,0.1568627450980392,0.351428832548081,0.0019611170664121293,0.35261330495622967,0.35147767950552583,0.01990487971796383,0.01990487971796383,0.41120485857413064,0.004609252547680244,0.09525845039863731,0.09525845039863733,0.3934114149423143,0.02240269617949659,0.18006144174368474,0.1800614417436847,0.3738725882567036,0.041941522865107245,0.09840825728676196,0.09840825728676195,0.39282962059104953,0.022984490530761358
IMG_0065,2,IMG_0065_r2_archive.csv,45,010000010110100100111100,65,105,60,0.4109245088710211,0.3515143496942418,0.0,0.3006535947712418,0.3515040477209832,0.0019968515855911155,0.35267958649933717,0.3515258193446488,0.01990487971796383,0.01990487971796383,0.4066263129290649,0.004404929308722592,0.09525845039863731,0.09525845039863733,0.3896079836512524,0.021423258586535127,0.18006144174368474,0.1800614417436847,0.370848318162615,0.040182924075172544,0.09840825728676196,0.09840825728676195,0.3890275382476441,0.02200370399014342
IMG_0065,2,IMG_0065_r2_archive.csv,46,000011010110000000011100,13,96,28,0.4142229737417785,0.3513612908446788,0.0,0.1790849673202614,0.3515177084718555,0.0020499230306227495,0.35267997938895146,0.3515257107447847,0.01990487971796383,0.01990487971796383,0.40968612412521477,0.004517478953982524,0.09525845039863731,0.09525845039863733,0.3921205736294829,0.022083029449714433,0.18006144174368474,0.1800614417436847,0.37285195414096234,0.04135164893823499,0.09840825728676196,0.09840825728676195,0.39155288396522,0.022650719113977313
IMG_0065,2,IMG_0065_r2_archive.csv,47,011000011110111101010011,97,239,83,0.4108207725385878,0.3515377716925816,0.0,0.5477124183006535,0.3513500256639977,0.0017295002555783472,0.3525924022748548,0.3514408092739338,0.01990487971796383,0.01990487971796383,0.4065975532521469,0.004372571497365314,0.09525845039863731,0.09525845039863733,0.38953579237510294,0.021434332374409327,0.18006144174368474,0.1800614417436847,0.3707633767912525,0.04020674795825976,0.09840825728676196,0.09840825728676195,0.3889655741395008,0.022004550610011466
IMG_0065,2,IMG_0065_r2_archive.csv,49,000001110000001100010010,7,3,18,0.4288454788535634,0.3514230526084614,0.0,0.0366013071895424,0.3512123678274828,0.0014255942296041205,0.3525307209448334,0.35121553614858375,0.01990487971796383,0.01990487971796383,0.42366402133565734,0.005168309511355116,0.09525845039863731,0.09525845039863733,0.4039562685877726,0.02487606225923985,0.18006144174368474,0.1800614417436847,0.3821334985516986,0.04669883229531386,0.09840825728676196,0.09840825728676195,0.40325126282504287,0.025581068021969605
IMG_0065,2,IMG_0065_r2_archive.csv,52,000011011101000001100011,13,208,99,0.4146961919170308,0.3512482527675837,0.0,0.4183006535947712,0.3513744795288492,0.0018013429175072573,0.35259889547422407,0.35137981826458925,0.01990487971796383,0.01990487971796383,0.410114361386877,0.004540811797546238,0.09525845039863731,0.09525845039863733,0.39246931328553425,0.022185859898888997,0.18006144174368474,0.1800614417436847,0.3731268685445188,0.04152830463990441,0.09840825728676196,0.09840825728676195,0.39190351440564336,0.022751658778779882
IMG_0065,2,IMG_0065_r2_archive.csv,54,010110100100110001000111,90,76,71,0.4108969259957197,0.351438642520632,0.0,0.3098039215686274,0.3514426724815684,0.0019354133176063579,0.3526335708269185,0.351518452320475,0.01990487971796383,0.01990487971796383,0.4065198758792524,0.004382189099066476,0.09525845039863731,0.09525845039863733,0.3895054749176277,0.021396590060691202,0.18006144174368474,0.1800614417436847,0.3707376818782569,0.04016438310006202,0.09840825728676196,0.09840825728676195,0.3889210108917123,0.021981054086606566
IMG_0067,1,IMG_0067_r1_archive.csv,0,010011110011010100111000,79,53,56,0.3073990397984404,0.3705166625950128,0.0,0.2457516339869281,0.3705761009506287,0.0034572916579743915,0.37105891957019255,0.3710025273443021,0.019691150532272026,0.019691150532272026,0.3057986488632502,0.0016554042942167977,0.0947381601587209,0.0947381601587209,0.2989122767212431,0.008541776436223919,0.1803507317526009,0.1803507317526009,0.29106673506591585,0.016387318091551157,0.09826001414786462,0.09826001414786462,0.2985925535501364,0.008861499607330625
IMG_0067,1,IMG_0067_r1_archive.csv,2,000110010001110100001000,25,29,8,0.3120526128962136,0.3708907642741943,0.0,0.0810457516339869,0.37054761115422297,0.0033574180695476407,0.3710553981708935,0.3709957158995783,0.019691150532272026,0.019691150532272026,0.31026268070496205,0.0018438280120523357,0.0947381601587209,0.0947381601587209,0.3026095588132476,0.00949694990376685,0.1803507317526009,0.1803507317526009,0.294118638832498,0.017987869884516398,0.09826001414786462,0.09826001414786462,0.3023302927835692,0.009776215933445194
IMG_0067,1,IMG_0067_r1_archive.csv,4,011000111011110111100100,99,189,228,0.3020133437035635,0.3701452377181664,0.0,0.6745098039215687,0.3706686892231784,0.003664052776609978,0.3710998175630834,0.3710748100315249,0.019691150532272026,0.019691150532272026,0.30056878162128836,0.001465067215479543,0.0947381601587209,0.0947381601587209,0.29448258378137976,0.007551265055388195,0.1803507317526009,0.1803507317526009,0.2876406083852537,0.014393240451514243,0.09826001414786462,0.09826001414786462,0.29423065792930725,0.00780319090746066
IMG_0067,1,IMG_0067_r1_archive.csv,8,000100010001011100010100,17,23,20,0.3120169448011723,0.3709179980007042,0.0,0.0784313725490196,0.3706185179333777,0.0035035705546808556,0.37108976682876493,0.37101090853213875,0.019691150532272026,0.019691150532272026,0.3101961109847365,0.0018375291602339687,0.0947381601587209,0.0947381601587209,0.30251882656198753,0.009514813582982925,0.1803507317526009,0.1803507317526009,0.2940564376707916,0.01797720247417885,0.09826001414786462,0.09826001414786462,0.3022571250725052,0.009776515072465249
IMG_0067,1,IMG_0067_r1_archive.csv,9,011101101100101000011100,118,202,28,0.302624019080594,0.3703932879481531,0.0,0.4549019607843137,0.3705304812480921,0.003423122898207124,0.3710218420575978,0.3708618440114992,0.019691150532272026,0.019691150532272026,0.3010634700763946,0.0014703331910588832,0.0947381601587209,0.0947381601587209,0.2948897148097312,0.0076440884577223,0.1803507317526009,0.1803507317526009,0.2879495823061023,0.014584220961351226,0.09826001414786462,0.09826001414786462,0.2946342557307427,0.007899547536710802
IMG_0067,1,IMG_0067_r1_archive.csv,10,000010010001010101000000,9,21,64,0.3119958131692655,0.3707461477025012,0.0,0.122875816993464,0.37065010101660134,0.0035648910898157587,0.3711060197782049,0.37107142390604103,0.019691150532272026,0.019691150532272026,0.31021641292917257,0.0018386636308571457,0.0947381601587209,0.0947381601587209,0.302570927548668,0.009484149011361761,0.1803507317526009,0.1803507317526009,0.29402115055469086,0.018033926005338867,0.09826001414786462,0.09826001414786462,0.30226949701084377,0.009785579549185923
IMG_0067,1,IMG_0067_r1_archive.csv,13,101000010110011000010100,161,102,20,0.3037221866438523,0.3706360927771323,0.0,0.3699346405228758,0.37060537295433305,0.0035243695936529214,0.3710714220899772,0.37105017466163037,0.019691150532272026,0.019691150532272026,0.30216526117268827,0.0015291224746969549,0.0947381601587209,0.0947381601587209,0.29584031652998655,0.007854067117398646,0.1803507317526009,0.1803507317526009,0.28864834848040444,0.015046035166980738,0.09826001414786462,0.09826001414786462,0.2955513087276931,0.008143074919692113
IMG_0067,1,IMG_0067_r1_archive.csv,21,000011100101010101100001,14,85,97,0.3084155254768282,0.3704204461056031,0.0,0.2562091503267973,0.37079348409169727,0.0039201191556383266,0.37116059583684513,0.37102105414219194,0.019691150532272026,0.019691150532272026,0.3067500548723802,0.0017010540375026687,0.0947381601587209,0.0947381601587209,0.29963866810184003,0.008812440808042808,0.1803507317526009,0.1803507317526009,0.29174707032569036,0.016704038584192515,0.09826001414786462,0.09826001414786462,0.29937859776663683,0.009072511143245997
IMG_0067,1,IMG_0067_r1_archive.csv,22,111111101100100110010011,254,201,147,0.2979253888734426,0.3699957291491407,0.0,0.7869281045751634,0.37055585540830166,0.0034481509070344776,0.37104095921560043,0.37095643358008906,0.019691150532272026,0.019691150532272026,0.29664560441608806,0.0013256797204021045,0.0947381601587209,0.0947381601587209,0.2912252731024088,0.006746011034081382,0.1803507317526009,0.1803507317526009,0.28500131327756933,0.012969970858920848,0.09826001414786462,0.09826001414786462,0.29095739693202205,0.0070138872044681125
IMG_0067,1,IMG_0067_r1_archive.csv,26,000000000000000100010000,2,2,16,0.3204278846029862,0.3705160634110763,0.0,0.0261437908496732,0.37070937581333363,0.003692812765219852,0.3711333141560861,0.37108130885929125,0.019691150532272026,0.019691150532272026,0.3182942840086929,0.0021974611309410383,0.0947381601587209,0.0947381601587209,0.3093831019254383,0.011108643214195727,0.1803507317526009,0.1803507317526009,0.29948508279157526,0.02100666234805871,0.09826001414786462,0.09826001414786462,0.30905415624190213,0.011437588897731825
IMG_0067,1,IMG_0067_r1_archive.csv,29,101001111100000100011100,167,193,28,0.3013183534538728,0.3705242074363298,0.0,0.5071895424836602,0.370473184666159,0.0032831904016897883,0.37099952859979396,0.3709102652185887,0.019691150532272026,0.019691150532272026,0.2998272526774505,0.0014364853287338476,0.0947381601587209,0.0947381601587209,0.29387649708403407,0.007387240922150226,0.1803507317526009,0.1803507317526009,0.2871132912004324,0.014150446805751943,0.09826001414786462,0.09826001414786462,0.293605680320639,0.007658057685545339
IMG_0067,1,IMG_0067_r1_archive.csv,31,010100110000100010001011,83,8,139,0.3090628848927418,0.3703716398033143,0.0,0.3006535947712418,0.3707794508019767,0.0038469743013224075,0.37116484876070355,0.37125462529826675,0.019691150532272026,0.019691150532272026,0.30742976363345237,0.0017351050885960045,0.0947381601587209,0.0947381601587209,0.3002413513873161,0.008923517334732284,0.1803507317526009,0.1803507317526009,0.29219704031936566,0.016967828402682742,0.09826001414786462,0.09826001414786462,0.29995605178004475,0.009208816942003676
IMG_0067,1,IMG_0067_r1_archive.csv,32,000000010011011100111001,2,55,57,0.3145035689480493,0.3703776527935165,0.0,0.1490196078431372,0.3708444009262625,0.003975541123601644,0.37119765717941944,0.37124755052038877,0.019691150532272026,0.019691150532272026,0.31264901426226865,0.0019481993093867893,0.0947381601587209,0.0947381601587209,0.30469043192215806,0.009906781649497407,0.1803507317526009,0.1803507317526009,0.2957160581319514,0.018881155439704065,0.09826001414786462,0.09826001414786462,0.3043518347721261,0.010245378799529421
IMG_0067,1,IMG_0067_r1_archive.csv,38,110110101100000110011101,218,193,157,0.2987446629197645,0.3701833027741038,0.0,0.742483660130719,0.37067991324660643,0.0037274687588813703,0.3710951875909435,0.3710531955361345,0.019691150532272026,0.019691150532272026,0.29739248399749213,0.0013535335140612793,0.0947381601587209,0.0947381601587209,0.29182739761877186,0.006918619892781542,0.1803507317526009,0.1803507317526009,0.28550148782942064,0.01324452968213277,0.09826001414786462,0.09826001414786462,0.2915737898152282,0.007172227696325198
IMG_0067,1,IMG_0067_r1_archive.csv,39,111111101111100110000110,254,249,134,0.2975780461401735,0.3701426973895749,0.0,0.8326797385620915,0.37057180109319554,0.0034715549126449136,0.37105105389909165,0.3709900491431181,0.019691150532272026,0.019691150532272026,0.29631284047694706,0.0013234785087451282,0.0947381601587209,0.0947381601587209,0.2909673164948095,0.006669002490882656,0.1803507317526009,0.1803507317526009,0.2848028909790921,0.012833428006600058,0.09826001414786462,0.09826001414786462,0.29069434931694954,0.0069419696687426135
IMG_0067,1,IMG_0067_r1_archive.csv,40,000000100000100000000000,2,8,2,0.3202292421833432,0.3705659007323958,0.0,0.0156862745098039,0.37061976070430275,0.003525718842966553,0.3710854725276185,0.37099554109650795,0.019691150532272026,0.019691150532272026,0.3181103389099595,0.0021899770113074195,0.0947381601587209,0.0947381601587209,0.3092427069527178,0.011057608968549064,0.1803507317526009,0.1803507317526009,0.2993819221606521,0.02091839376061478,0.09826001414786462,0.09826001414786462,0.3089116560077765,0.011388659913490423
IMG_0067,1,IMG_0067_r1_archive.csv,41,111101101100101100101111,246,203,47,0.2989510180464055,0.3702802556222629,0.0,0.6483660130718955,0.3705659227312147,0.003445265958648,0.3710517477756101,0.37105629101427645,0.019691150532272026,0.019691150532272026,0.29760479086180563,0.0013513661671990197,0.0947381601587209,0.0947381601587209,0.2920209433868091,0.006935213642195516,0.1803507317526009,0.1803507317526009,0.2856036325165021,0.013352524512502526,0.09826001414786462,0.09826001414786462,0.29174312225503896,0.007213034773965688
IMG_0067,1,IMG_0067_r1_archive.csv,43,000000010011011001101110,2,54,110,0.3140051215007288,0.3703538673877999,0.0,0.2169934640522876,0.370836375017939,0.003971041435054357,0.37119075619323283,0.371182835685502,0.019691150532272026,0.019691150532272026,0.3122013132098398,0.0019328246925827837,0.0947381601587209,0.0947381601587209,0.30431027420280293,0.009823863699619611,0.1803507317526009,0.1803507317526009,0.29545247996842816,0.01868165793399438,0.09826001414786462,0.09826001414786462,0.303988022460357,0.010146115442065591
IMG_0067,1,IMG_0067_r1_archive.csv,44,110110101000010101110111,218,133,119,0.3002517224806998,0.3703232443200375,0.0,0.6143790849673202,0.37073800912855276,0.0038155612093532538,0.371131260360272,0.3711839811519693,0.019691150532272026,0.019691150532272026,0.2988645188944858,0.001406108607867832,0.0947381601587209,0.0947381601587209,0.29309006342239424,0.007180564079959373,0.1803507317526009,0.1803507317526009,0.2864713586178731,0.013799268884480536,0.09826001414786462,0.09826001414786462,0.29280864697825104,0.007461980524102581
IMG_0067,1,IMG_0067_r1_archive.csv,46,010110010010010100001000,89,37,8,0.3091629045639545,0.3707701426254743,0.0,0.1751633986928104,0.370416706074346,0.0030970302311719624,0.3709895900506104,0.37088816202525415,0.019691150532272026,0.019691150532272026,0.3074699357461918,0.0017192732970633237,0.0947381601587209,0.0947381601587209,0.30025021549733466,0.00893899354592044,0.1803507317526009,0.1803507317526009,0.29219604977412006,0.016993159269135076,0.09826001414786462,0.09826001414786462,0.29997206700588214,0.009217142037372948
IMG_0067,1,IMG_0067_r1_archive.csv,48,110010111100000110010110,203,193,150,0.2991800456531132,0.370212923290432,0.0,0.7137254901960784,0.3706395516753047,0.003660642881412219,0.3710715324890091,0.37105626855630947,0.019691150532272026,0.019691150532272026,0.29780593081005935,0.0013695176971702412,0.0947381601587209,0.0947381601587209,0.2921807174883095,0.006994731018920108,0.1803507317526009,0.1803507317526009,0.28577214373504084,0.013403304772188757,0.09826001414786462,0.09826001414786462,0.2919195973444699,0.007255851162759702
IMG_0067,1,IMG_0067_r1_archive.csv,49,100111000001111100011010,156,31,26,0.3062112490559493,0.3708414430603671,0.0,0.2784313725490196,0.37032923352771163,0.0029068205816820394,0.3709496699163485,0.3708918834806127,0.019691150532272026,0.019691150532272026,0.30463096534262546,0.001625433950887494,0.0947381601587209,0.0947381601587209,0.29791252871764684,0.008343870575866143,0.1803507317526009,0.1803507317526009,0.2902828751286749,0.015973524164838077,0.09826001414786462,0.09826001414786462,0.29760878972964905,0.008647609563863906
IMG_0067,1,IMG_0067_r1_archive.csv,53,000000011111000001100001,2,240,97,0.3097704305150758,0.3701004853539854,0.0,0.4431372549019607,0.370804124823581,0.003965211803194901,0.37115996340683965,0.3710407710853189,0.019691150532272026,0.019691150532272026,0.3080358926617914,0.0017726442135458304,0.0947381601587209,0.0947381601587209,0.30080387949245,0.00900465738288723,0.1803507317526009,0.1803507317526009,0.29269292250848594,0.017115614366851318,0.09826001414786462,0.09826001414786462,0.3005108982209091,0.009297638654428127
IMG_0067,1,IMG_0067_r1_archive.csv,54,000111110000110000011110,31,12,30,0.3116838591464813,0.3707471804066438,0.0,0.0954248366013071,0.3705626638308308,0.0034072708311857795,0.37105798765709186,0.3708613250732568,0.019691150532272026,0.019691150532272026,0.3098890080937963,0.0018300958377923692,0.0947381601587209,0.0947381601587209,0.3022986884638945,0.009420415467694157,0.1803507317526009,0.1803507317526009,0.29385990333462014,0.01785920059696858,0.09826001414786462,0.09826001414786462,0.30201586663077035,0.009703237300818368
IMG_0067,1,IMG_0067_r1_archive.csv,55,111111011111011111111111,253,247,255,0.2969756845702474,0.3700117759966252,0.0,0.9869281045751632,0.3704688534771574,0.0032467842906103855,0.37100429893856224,0.3709524704198972,0.019691150532272026,0.019691150532272026,0.29578305116211095,0.0013109993318899589,0.0947381601587209,0.0947381601587209,0.2905052567694183,0.006588793724582643,0.1803507317526009,0.1803507317526009,0.28447839004986325,0.012615660444137644,0.09826001414786462,0.09826001414786462,0.29025556599379754,0.006838484500203415
IMG_0067,1,IMG_0067_r1_archive.csv,57,001110101101000110010010,58,209,146,0.3039263066940416,0.3701307244251747,0.0,0.5398692810457516,0.3705788311816254,0.0035123725104346812,0.37104787958807417,0.37086388124426034,0.019691150532272026,0.019691150532272026,0.3023655545010739,0.001535878501244109,0.0947381601587209,0.0947381601587209,0.29598056757732943,0.007920865424988557,0.1803507317526009,0.1803507317526009,0.2888881958890259,0.015013237113292086,0.09826001414786462,0.09826001414786462,0.29574477265580973,0.00815666034650825
IMG_0067,1,IMG_0067_r1_archive.csv,60,111110101101010100010010,250,213,18,0.2994754990546688,0.3703067062718345,0.0,0.6287581699346405,0.3703789941239682,0.003071611932923382,0.3709582326747948,0.37089150135970855,0.019691150532272026,0.019691150532272026,0.2981077338606255,0.0013868056748760193,0.0947381601587209,0.0947381601587209,0.2924437961461105,0.00705074338939102,0.1803507317526009,0.1803507317526009,0.2859701003925907,0.013524439142910825,0.09826001414786462,0.09826001414786462,0.2921738767997755,0.0073206627357259545
IMG_0067,1,IMG_0067_r1_archive.csv,61,011010101101001101010010,106,211,82,0.3022266072483279,0.3702064767699796,0.0,0.5215686274509804,0.37052237483057016,0.0033784170715035703,0.3710249120967517,0.3709050270683841,0.019691150532272026,0.019691150532272026,0.30071390919907126,0.0014435969356255268,0.0947381601587209,0.0947381601587209,0.2945974700974755,0.007560036037221271,0.1803507317526009,0.1803507317526009,0.28770803319154603,0.014449472943150757,0.09826001414786462,0.09826001414786462,0.2943398041626976,0.007817701971999184
IMG_0067,1,IMG_0067_r1_archive.csv,62,011010000110100111100011,104,105,227,0.3035062223817088,0.3701683622305569,0.0,0.5699346405228759,0.3708040785303379,0.0039242994397702775,0.37117014520445274,0.3711746040154494,0.019691150532272026,0.019691150532272026,0.30201006728467406,0.0015281742604447758,0.0947381601587209,0.0947381601587209,0.2956972801032778,0.00784096144184105,0.1803507317526009,0.1803507317526009,0.28859154875345633,0.01494669279166255,0.09826001414786462,0.09826001414786462,0.2954329653804694,0.008105276164649459
IMG_0067,1,IMG_0067_r1_archive.csv,63,001110101111100110010010,58,249,146,0.3033852996659537,0.3701618855921442,0.0,0.592156862745098,0.3705289337864225,0.0034000689114783546,0.3710260580926103,0.37085071303529515,0.019691150532272026,0.019691150532272026,0.30187171266583573,0.0015191662250485705,0.0947381601587209,0.0947381601587209,0.2955705241766318,0.007820354714252476,0.1803507317526009,0.1803507317526009,0.28855976664360933,0.014831112247274972,0.09826001414786462,0.09826001414786462,0.29533400116202563,0.008056877728858674
IMG_0067,1,IMG_0067_r1_archive.csv,65,001000010010110101001001,33,45,73,0.3097020659607299,0.3706694521723463,0.0,0.1973856209150327,0.37080529370872073,0.0039052637497811755,0.3711761193053329,0.371093063079525,0.019691150532272026,0.019691150532272026,0.3079557516250808,0.001745907958112474,0.0947381601587209,0.0947381601587209,0.3006750408809286,0.009026618702264694,0.1803507317526009,0.1803507317526009,0.29255416151211083,0.01714749807108245,0.09826001414786462,0.09826001414786462,0.30039498467270676,0.00930667491048654
IMG_0067,1,IMG_0067_r1_archive.csv,71,111101110110111111101111,247,111,239,0.2995059350389256,0.3701174738065509,0.0,0.7803921568627451,0.37073520422513373,0.0038006385839663556,0.37113218611319954,0.3711314249165629,0.019691150532272026,0.019691150532272026,0.29820247909006004,0.001405414379576028,0.0947381601587209,0.0947381601587209,0.2925346130593573,0.00707328041027878,0.1803507317526009,0.1803507317526009,0.2860671484280664,0.013540745041569708,0.09826001414786462,0.09826001414786462,0.29226808019249456,0.007339813277141505
IMG_0067,1,IMG_0067_r1_archive.csv,72,001100000011010010010100,48,52,148,0.3082816579432906,0.3703485301301938,0.0,0.3241830065359477,0.37065174323565553,0.003621825828963068,0.37109342831247216,0.3708717980994014,0.019691150532272026,0.019691150532272026,0.30663766608489523,0.0017030351279938747,0.0947381601587209,0.0947381601587209,0.299590402303162,0.008750298909727169,0.1803507317526009,0.1803507317526009,0.2916924379456044,0.016648263267284732,0.09826001414786462,0.09826001414786462,0.2993068354445539,0.009033865768335259
IMG_0067,1,IMG_0067_r1_archive.csv,74,100000100100100000110001,130,72,49,0.3049068618252289,0.3706123384694597,0.0,0.3281045751633987,0.37079308374734077,0.0039050867869431212,0.37116395358466236,0.3712852812988949,0.019691150532272026,0.019691150532272026,0.30334996175266093,0.001552760101413175,0.0947381601587209,0.0947381601587209,0.29685669214779153,0.00804602970628258,0.1803507317526009,0.1803507317526009,0.2894044223535756,0.01549829950049852,0.09826001414786462,0.09826001414786462,0.29653702541800936,0.008365696436064758
IMG_0067,1,IMG_0067_r1_archive.csv,77,101010000011101001001111,168,58,79,0.3039706103117371,0.3704282810477147,0.0,0.3986928104575163,0.37059283568224727,0.003474925096579356,0.3710712459421598,0.3710900312079038,0.019691150532272026,0.019691150532272026,0.3024638555339544,0.001526396358721814,0.0947381601587209,0.0947381601587209,0.29606161449729884,0.007928637395377379,0.1803507317526009,0.1803507317526009,0.2888332587257875,0.015156993166888705,0.09826001414786462,0.09826001414786462,0.2957862429190136,0.008204008973662634
IMG_0067,1,IMG_0067_r1_archive.csv,79,010111110100101010010001,95,74,145,0.3051810312033015,0.3702809493737677,0.0,0.4104575163398693,0.3706680260604748,0.003666536240608923,0.37109853353437994,0.37096118373450065,0.019691150532272026,0.019691150532272026,0.30368686566295683,0.0015655440614209062,0.0947381601587209,0.0947381601587209,0.29709242498385424,0.00815998474052348,0.1803507317526009,0.1803507317526009,0.28967097215283566,0.015581437571542029,0.09826001414786462,0.09826001414786462,0.2968167542665489,0.008435655457828805
IMG_0067,1,IMG_0067_r1_archive.csv,81,010000010111011001011001,65,118,89,0.3059472052514987,0.3703364221123844,0.0,0.3555555555555555,0.37061415355506633,0.003560658026601126,0.37107113058247343,0.371039377135991,0.019691150532272026,0.019691150532272026,0.304365778601353,0.0015990702081960773,0.0947381601587209,0.0947381601587209,0.29767338400351584,0.00829146480603323,0.1803507317526009,0.1803507317526009,0.2901585320686529,0.01580631674089618,0.09826001414786462,0.09826001414786462,0.2973992315578406,0.008565617251708495
IMG_0067,1,IMG_0067_r1_archive.csv,82,000001100000011010001110,6,6,142,0.3130170907161065,0.3704110004450341,0.0,0.2013071895424836,0.3708616558268434,0.003994506983985841,0.37121017061490436,0.37120522563086994,0.019691150532272026,0.019691150532272026,0.31122681141070907,0.0018886650002647265,0.0947381601587209,0.0947381601587209,0.303423939396732,0.009691537014241776,0.1803507317526009,0.1803507317526009,0.2947725172213956,0.018342959189578196,0.09826001414786462,0.09826001414786462,0.30314108934294554,0.009974387068028232
IMG_0067,1,IMG_0067_r1_archive.csv,83,001010110010011000101000,43,38,40,0.3099912713076593,0.3707341831474045,0.0,0.1581699346405229,0.3705767705001941,0.0033883359094601293,0.37107682805688647,0.37103559475020725,0.019691150532272026,0.019691150532272026,0.308290606715296,0.0017610455213534068,0.0947381601587209,0.0947381601587209,0.300954306910607,0.009097345326042412,0.1803507317526009,0.1803507317526009,0.29275538612235136,0.017296266114298034,0.09826001414786462,0.09826001414786462,0.30066676658275143,0.00938488565389795
IMG_0067,1,IMG_0067_r1_archive.csv,85,000011100000000000011100,14,2,28,0.3155301717338604,0.3706392772722326,0.0,0.057516339869281,0.3706533246106939,0.0035913862364766267,0.3711026195856322,0.37092109976656823,0.019691150532272026,0.019691150532272026,0.31354129233981337,0.0019859077583101984,0.0947381601587209,0.0947381601587209,0.3053382569789991,0.010188943119124513,0.1803507317526009,0.1803507317526009,0.29625058851804853,0.019276611580075036,0.09826001414786462,0.09826001414786462,0.30504337927895364,0.010483820819169916
IMG_0067,1,IMG_0067_r1_archive.csv,92,000100100100010001100001,18,68,97,0.3088397412941172,0.37045927161805,0.0,0.2392156862745098,0.37077248415043174,0.0038674052986769816,0.37115277435981997,0.3710499782541816,0.019691150532272026,0.019691150532272026,0.30713287097812103,0.001704186531014466,0.0947381601587209,0.0947381601587209,0.2999678762375353,0.008869181271600184,0.1803507317526009,0.1803507317526009,0.29201398417149366,0.01682307333764181,0.09826001414786462,0.09826001414786462,0.2997049104623833,0.009132147046752153
IMG_0067,1,IMG_0067_r1_archive.csv,94,111110001011110111101101,248,189,237,0.2978762171915057,0.3700201521618254,0.0,0.8810457516339869,0.3706828332127009,0.0036900845137065033,0.37110745361833175,0.3711714121491306,0.019691150532272026,0.019691150532272026,0.29662829950598496,0.0013424597261870203,0.0947381601587209,0.0947381601587209,0.291197859551081,0.006772899681090964,0.1803507317526009,0.1803507317526009,0.2850263901580613,0.012944369074110668,0.09826001414786462,0.09826001414786462,0.29095084973837576,0.007019909493796217
IMG_0067,1,IMG_0067_r1_archive.csv,98,100100100100101010010101,146,74,149,0.3034675233875398,0.3703646871842007,0.0,0.4823529411764706,0.37065993159860877,0.0036420589083686465,0.371096558405574,0.3710494763292755,0.019691150532272026,0.019691150532272026,0.30200346364970326,0.0015106830939705857,0.0947381601587209,0.0947381601587209,0.29572379623754547,0.007790350506128401,0.1803507317526009,0.1803507317526009,0.28854921776005327,0.014964928983620564,0.09826001414786462,0.09826001414786462,0.29542549254910067,0.008088654194573183
IMG_0067,2,IMG_0067_r2_archive.csv,0,100000110010000111001001,131,33,201,0.3054090174675715,0.369792291049938,0.0,0.477124183006536,0.3692779208022224,0.000990464200974919,0.3703774462860361,0.3693085501953776,0.02004952472242192,0.02004952472242192,0.30375262262810904,0.001721830089064825,0.09489791732782386,0.09489791732782386,0.29725940382043176,0.0082150488967421,0.17988657240993688,0.17988657240993688,0.2897854859561895,0.015688966760984347,0.09827800482006088,0.09827800482006088,0.29693250413491007,0.008541948582263757
IMG_0067,2,IMG_0067_r2_archive.csv,3,010101011000111100101111,85,143,47,0.3045013224422294,0.3700333084027536,0.0,0.3594771241830065,0.3693636581679136,0.0010652549434248763,0.3704444859661148,0.3695752982062604,0.02004952472242192,0.02004952472242192,0.30288537910006286,0.001710299126461891,0.09489791732782386,0.09489791732782386,0.29653029479005827,0.00806538343646647,0.17988657240993688,0.17988657240993688,0.28925113336026465,0.015344544866260093,0.09827800482006088,0.09827800482006088,0.2962222690834619,0.008373409143062819
IMG_0067,2,IMG_0067_r2_archive.csv,6,001001000010000101010011,36,33,83,0.309975456448524,0.3700622980544718,0.0,0.1986928104575163,0.3691235793268598,0.0005638555688276882,0.37032975696871034,0.36932240961105106,0.02004952472242192,0.02004952472242192,0.30819221255423,0.0019251712489755256,0.09489791732782386,0.09489791732782386,0.300986089020454,0.009131294782751598,0.17988657240993688,0.17988657240993688,0.2927795909843792,0.017337792818826334,0.09827800482006088,0.09827800482006088,0.3006526308530211,0.009464752950184487
IMG_0067,2,IMG_0067_r2_archive.csv,7,111011001101110111110010,236,221,242,0.2975739231014161,0.3697539939582436,0.0,0.9137254901960784,0.3696787287986595,0.0017578979166761317,0.3705863958535479,0.369909616885377,0.02004952472242192,0.02004952472242192,0.2962879329204287,0.001414049902230182,0.09489791732782386,0.09489791732782386,0.2909578004874925,0.006744182335166401,0.17988657240993688,0.17988657240993688,0.2848770464133355,0.012824936409323423,0.09827800482006088,0.09827800482006088,0.29070759327375223,0.006994389548906669
IMG_0067,2,IMG_0067_r2_archive.csv,8,001011000011100100001011,44,57,11,0.3098900917672274,0.3703075663586475,0.0,0.1464052287581699,0.36942417055922894,0.0011296493230808595,0.3704888997625161,0.3696631744614951,0.02004952472242192,0.02004952472242192,0.30818753921255837,0.0019152827289165746,0.09489791732782386,0.09489791732782386,0.30096096134276995,0.009141860598704995,0.17988657240993688,0.17988657240993688,0.2927991479033314,0.01730367403814351,0.09827800482006088,0.09827800482006088,0.3006492161528866,0.00945360578858836
IMG_0067,2,IMG_0067_r2_archive.csv,10,011110101010000100100111,122,161,39,0.302782607914279,0.3700197343389439,0.0,0.4209150326797385,0.3692810480991102,0.0009723488418483788,0.3703851024227055,0.36938067759103216,0.02004952472242192,0.02004952472242192,0.3012363752520486,0.0016320883830504421,0.09489791732782386,0.09489791732782386,0.2951257439627477,0.007742719672351323,0.17988657240993688,0.17988657240993688,0.2881386833198322,0.014729780315266816,0.09827800482006088,0.09827800482006088,0.2948336008448762,0.008034862790222861
IMG_0067,2,IMG_0067_r2_archive.csv,13,010110000100111000001000,88,78,8,0.3073697382848069,0.3702876946576246,0.0,0.2274509803921568,0.3694436816198967,0.0012201416992952572,0.37048578772913027,0.36969572723434796,0.02004952472242192,0.02004952472242192,0.3056376132981464,0.00180728789854682,0.09489791732782386,0.09489791732782386,0.2988153302801515,0.008629570916541757,0.17988657240993688,0.17988657240993688,0.29104665324264545,0.016398247954047842,0.09827800482006088,0.09827800482006088,0.2984998656069811,0.008945035589712139
IMG_0067,2,IMG_0067_r2_archive.csv,15,111000011110111000101101,225,238,45,0.2986960246083445,0.3701002236750896,0.0,0.6640522875816994,0.3695915771538574,0.0015792218354534933,0.37054391322905145,0.3698574789671838,0.02004952472242192,0.02004952472242192,0.297321715042721,0.0014815593705093113,0.09489791732782386,0.09489791732782386,0.29184608251926,0.0069571918939703385,0.17988657240993688,0.17988657240993688,0.28560904241745905,0.013194231995771279,0.09827800482006088,0.09827800482006088,0.2915922799931467,0.0072109944200836424
IMG_0067,2,IMG_0067_r2_archive.csv,17,000010000001110000011100,8,28,28,0.3123547630609257,0.3702256598590023,0.0,0.0836601307189542,0.3694019532585806,0.001160034752624078,0.37045908610448197,0.3694165978458257,0.02004952472242192,0.02004952472242192,0.31043020984445385,0.0020096977766026437,0.09489791732782386,0.09489791732782386,0.3028938029677501,0.009546104653306402,0.17988657240993688,0.17988657240993688,0.294308374811129,0.018131532809927516,0.09827800482006088,0.09827800482006088,0.3025441292077777,0.009895778413278855
IMG_0067,2,IMG_0067_r2_archive.csv,18,100001010010000111110010,133,33,242,0.3051210989828416,0.3697839396642624,0.0,0.5333333333333333,0.3693057292928057,0.0010308420245164628,0.37039516032073405,0.36933464676579364,0.02004952472242192,0.02004952472242192,0.3035181597218484,0.00171024832926976,0.09489791732782386,0.09489791732782386,0.2970577559002572,0.008170652150861027,0.17988657240993688,0.17988657240993688,0.28962149568774626,0.015606912363371937,0.09827800482006088,0.09827800482006088,0.29673247043661727,0.008495937614500909
IMG_0067,2,IMG_0067_r2_archive.csv,19,010011101101111011110000,78,222,240,0.3023712522527859,0.3697235441438922,0.0,0.7058823529411765,0.36960510254905016,0.0015202983782374101,0.3705721694885482,0.3699240773264782,0.02004952472242192,0.02004952472242192,0.30083029403233347,0.0015918739393176065,0.09489791732782386,0.09489791732782386,0.2947649399735765,0.0076572279980746125,0.17988657240993688,0.17988657240993688,0.2878597474719024,0.014562420499748693,0.09827800482006088,0.09827800482006088,0.29448499382593746,0.007937174145713637
IMG_0067,2,IMG_0067_r2_archive.csv,21,000101100000100100001011,22,9,11,0.3126009855171536,0.3701444166189354,0.0,0.0549019607843137,0.36929187234403704,0.0009037349544688661,0.37041308013947727,0.36942690957709723,0.02004952472242192,0.02004952472242192,0.3108192232076288,0.0020093252638607602,0.09489791732782386,0.09489791732782386,0.3032114801408423,0.009617068330647249,0.17988657240993688,0.17988657240993688,0.29455078747795066,0.0182777609935389,0.09827800482006088,0.09827800482006088,0.3028604969421406,0.009968051529348971
IMG_0067,2,IMG_0067_r2_archive.csv,22,110101111101101110101111,215,219,175,0.2981882050790845,0.3698934103101149,0.0,0.796078431372549,0.36962929139455347,0.0016668501091444791,0.37055972040132484,0.369845958569105,0.02004952472242192,0.02004952472242192,0.29685590479131424,0.001452401782253376,0.09489791732782386,0.09489791732782386,0.29146481572787775,0.006843490845689871,0.17988657240993688,0.17988657240993688,0.28529469246044825,0.013013614113119337,0.09827800482006088,0.09827800482006088,0.2912051376598801,0.007103168913687528
IMG_0067,2,IMG_0067_r2_archive.csv,23,011111001001011000110111,124,150,55,0.3024774014518434,0.3699409130131717,0.0,0.4300653594771242,0.3693223313223474,0.0010296944824532877,0.3704120492357915,0.369499287203865,0.02004952472242192,0.02004952472242192,0.30099022899160877,0.0016192536258506358,0.09489791732782386,0.09489791732782386,0.2949078748059011,0.007701607811558328,0.17988657240993688,0.17988657240993688,0.28797093405917473,0.014638548558284675,0.09827800482006088,0.09827800482006088,0.29462301261889484,0.007986469998564547
IMG_0067,2,IMG_0067_r2_archive.csv,28,110101001111010100111100,212,245,60,0.2986811325648653,0.3700844145563957,0.0,0.6758169934640523,0.3695687397560243,0.0015367768945838205,0.37053168706643574,0.3699141480011982,0.02004952472242192,0.02004952472242192,0.2973681860072788,0.0014631877193724313,0.09489791732782386,0.09489791732782386,0.2918917915259366,0.006939582200714696,0.17988657240993688,0.17988657240993688,0.28563913975376853,0.013192233972882715,0.09827800482006088,0.09827800482006088,0.29163303909566135,0.007198334630989948
IMG_0067,2,IMG_0067_r2_archive.csv,33,100100010010100000001001,145,40,9,0.3066358204535828,0.370232949217825,0.0,0.2535947712418301,0.36941368585100753,0.0011988830204806803,0.3704611066299448,0.3695556823636143,0.02004952472242192,0.02004952472242192,0.30501455187244625,0.001780670169894972,0.09489791732782386,0.09489791732782386,0.2982850922567854,0.008510129785555804,0.17988657240993688,0.17988657240993688,0.2906722271397972,0.01612299490254406,0.09827800482006088,0.09827800482006088,0.29799062375634294,0.00880459828599828
IMG_0067,2,IMG_0067_r2_archive.csv,37,110101011111100111010101,213,249,213,0.2976200046208346,0.3698615370519694,0.0,0.8823529411764706,0.36970796304458653,0.0017849864431206813,0.3706088579678638,0.37004506341783056,0.02004952472242192,0.02004952472242192,0.29626907869596697,0.0014102570452212975,0.09489791732782386,0.09489791732782386,0.29095232285694617,0.006727012884242132,0.17988657240993688,0.17988657240993688,0.2848858935909567,0.012793442150231588,0.09827800482006088,0.09827800482006088,0.29070243171462323,0.006976904026565006
IMG_0067,2,IMG_0067_r2_archive.csv,38,100111001000011100101000,156,135,40,0.3021742099446936,0.3699910083945759,0.0,0.4326797385620914,0.36940605165600693,0.0011803551439874076,0.37045810440406746,0.3696788740149793,0.02004952472242192,0.02004952472242192,0.30065154717959,0.0016140215150660683,0.09489791732782386,0.09489791732782386,0.29464203616733015,0.007623532527325858,0.17988657240993688,0.17988657240993688,0.28777719356856785,0.014488375126088181,0.09827800482006088,0.09827800482006088,0.29435692563849597,0.007908643056160037
IMG_0067,2,IMG_0067_r2_archive.csv,43,111101111110111110010111,247,239,151,0.297402533375326,0.3699652275305312,0.0,0.8326797385620915,0.3695749684086109,0.0015286655700625428,0.3705399435501527,0.3697987184468003,0.02004952472242192,0.02004952472242192,0.29609379451848383,0.001414507076958969,0.09489791732782386,0.09489791732782386,0.2907962738828653,0.00671202771257748,0.17988657240993688,0.17988657240993688,0.2848021798184029,0.012706121777039897,0.09827800482006088,0.09827800482006088,0.29056408273991735,0.0069442188555254485
IMG_0067,2,IMG_0067_r2_archive.csv,49,101111110111110110001111,191,125,143,0.3005998525704462,0.3699127293628135,0.0,0.6,0.3694166976552612,0.0012330652057997507,0.37045557288786873,0.36955090083072806,0.02004952472242192,0.02004952472242192,0.29915142143537404,0.0015484762048807866,0.09489791732782386,0.09489791732782386,0.2933723603512003,0.00732753728905458,0.17988657240993688,0.17988657240993688,0.2867945896172998,0.013905308022955039,0.09827800482006088,0.09827800482006088,0.29310612380129136,0.007593773838963469
IMG_0067,2,IMG_0067_r2_archive.csv,52,111110111111011011011111,251,246,223,0.2968906839354941,0.3698891036204421,0.0,0.9411764705882352,0.36966995200045716,0.0017234711863010187,0.3705862257379393,0.3699914548528742,0.02004952472242192,0.02004952472242192,0.29561183922619316,0.0013850785703451885,0.09489791732782386,0.09489791732782386,0.2903925801311782,0.006604337665360176,0.17988657240993688,0.17988657240993688,0.28444958804195186,0.012547329754586495,0.09827800482006088,0.09827800482006088,0.2901513357997744,0.0068455819967639525
IMG_0067,2,IMG_0067_r2_archive.csv,57,000001110010111100101001,7,47,41,0.3115790137420208,0.3702317907285786,0.0,0.1241830065359477,0.36939220649820814,0.0011654106905033964,0.3704479953596397,0.36953778743873994,0.02004952472242192,0.02004952472242192,0.3096001921920063,0.001988921725040487,0.09489791732782386,0.09489791732782386,0.3022124009669418,0.009376712950104943,0.17988657240993688,0.17988657240993688,0.2937351877618562,0.01785392615519059,0.09827800482006088,0.09827800482006088,0.30184926030693476,0.009739853610112007
IMG_0067,2,IMG_0067_r2_archive.csv,61,111110010110110100011101,249,109,29,0.3011244690378883,0.3702015941981651,0.0,0.5058823529411764,0.36953188626214895,0.0014787323743923396,0.3705093447026083,0.36971960788127034,0.02004952472242192,0.02004952472242192,0.29969644144163654,0.0015731636402334477,0.09489791732782386,0.09489791732782386,0.29385046352309124,0.007419141558778717,0.17988657240993688,0.17988657240993688,0.28717106454022884,0.01409854054164113,0.09827800482006088,0.09827800482006088,0.29357265650165215,0.007696948580217765
IMG_0067,2,IMG_0067_r2_archive.csv,63,110101100111110100011111,214,125,31,0.3012892381966103,0.3701541455077412,0.0,0.4836601307189542,0.369488678341786,0.0013882400590016868,0.370488759861093,0.3697101701202867,0.02004952472242192,0.02004952472242192,0.2998486890925098,0.0015868958144934142,0.09489791732782386,0.09489791732782386,0.29399151885930874,0.00744406604769445,0.17988657240993688,0.17988657240993688,0.28728783881863035,0.014147746088372812,0.09827800482006088,0.09827800482006088,0.293709348923483,0.007726235983520225
IMG_0067,2,IMG_0067_r2_archive.csv,64,110110011000101011101011,217,138,235,0.2993638806912637,0.3698000855002674,0.0,0.7712418300653594,0.3695913483670003,0.0015946468504640559,0.37053982818844167,0.3698064867447745,0.02004952472242192,0.02004952472242192,0.2980122012747135,0.0014978483367708352,0.09489791732782386,0.09489791732782386,0.29245038284868397,0.0070596667628003784,0.17988657240993688,0.17988657240993688,0.28603042205818996,0.013479627553294387,0.09827800482006088,0.09827800482006088,0.2921643353938625,0.007345714217621867
IMG_0067,2,IMG_0067_r2_archive.csv,66,000101000100111100010101,20,79,21,0.3094772714533625,0.3703759673002105,0.0,0.1568627450980392,0.3693756347473244,0.0010685632767637272,0.3704556354621909,0.369566268714512,0.02004952472242192,0.02004952472242192,0.3076786444760661,0.0018972158609321446,0.09489791732782386,0.09489791732782386,0.3005543044215445,0.009021555915453654,0.17988657240993688,0.17988657240993688,0.2924603729631271,0.017115487373871103,0.09827800482006088,0.09827800482006088,0.30023110728691255,0.009344753050085634
IMG_0067,2,IMG_0067_r2_archive.csv,67,001010010000110000011110,41,12,30,0.3112612942379351,0.3703638247310472,0.0,0.1084967320261438,0.3692263219542763,0.0007759783234261336,0.37037946890747714,0.3693743735888692,0.02004952472242192,0.02004952472242192,0.30947159063404794,0.0019798798248495653,0.09489791732782386,0.09489791732782386,0.3020868811053032,0.0093645893535943,0.17988657240993688,0.17988657240993688,0.2936369629247638,0.017814507534133706,0.09827800482006088,0.09827800482006088,0.301731811554705,0.009719658904192524
IMG_0067,2,IMG_0067_r2_archive.csv,68,100110000110110000011110,152,108,30,0.3033865357309611,0.3701800631257989,0.0,0.3790849673202615,0.3695113811540667,0.0014273214331487222,0.370501692329837,0.3696719748525142,0.02004952472242192,0.02004952472242192,0.3017821148851989,0.0016553873618194393,0.09489791732782386,0.09489791732782386,0.2955975906138137,0.007839911633204666,0.17988657240993688,0.17988657240993688,0.2885296439087037,0.014907858338314615,0.09827800482006088,0.09827800482006088,0.2953031164692388,0.008134385777779573
IMG_0067,2,IMG_0067_r2_archive.csv,72,101010100011010100001011,170,53,11,0.3050943881260043,0.3702742049883676,0.0,0.3058823529411765,0.36948752583410666,0.001355317036114698,0.3704958381091354,0.3696743151566613,0.02004952472242192,0.02004952472242192,0.3035603806546686,0.0017284506564330564,0.09489791732782386,0.09489791732782386,0.29707992887460166,0.008208902436500016,0.17988657240993688,0.17988657240993688,0.28972248897180714,0.01556634233929452,0.09827800482006088,0.09827800482006088,0.2967875995003591,0.008501231810742532
IMG_0067,2,IMG_0067_r2_archive.csv,75,111101011110111111110101,245,239,245,0.2971549986583025,0.3698435527757833,0.0,0.9529411764705882,0.36965541748019837,0.0017062971549297856,0.3705759847255234,0.3699706780534561,0.02004952472242192,0.02004952472242192,0.29589694693296115,0.001395983034245808,0.09489791732782386,0.09489791732782386,0.29062961676183763,0.006663313205369301,0.17988657240993688,0.17988657240993688,0.284626650121158,0.012666279846048943,0.09827800482006088,0.09827800482006088,0.29038440460531895,0.006908525361888018
IMG_0067,2,IMG_0067_r2_archive.csv,76,111011101011000000001101,238,176,13,0.3002509351242226,0.3702595847577071,0.0,0.5581699346405229,0.3695145261050236,0.0014871600417174031,0.3704898776286517,0.3697032065438253,0.02004952472242192,0.02004952472242192,0.2988917207908466,0.0015368605802910608,0.09489791732782386,0.09489791732782386,0.2931572935061169,0.007271287865020707,0.17988657240993688,0.17988657240993688,0.28666564094519553,0.013762940425942083,0.09827800482006088,0.09827800482006088,0.29290488508071966,0.00752369629041795
IMG_0067,2,IMG_0067_r2_archive.csv,79,011101110011001000100010,119,50,34,0.3061464064402546,0.3700468537767252,0.0,0.265359477124183,0.36932123371589964,0.0010485504725772244,0.37040623763181285,0.3694442717860405,0.02004952472242192,0.02004952472242192,0.30448433924767615,0.0017773852848069498,0.09489791732782386,0.09489791732782386,0.29785808259393187,0.008403641938551223,0.17988657240993688,0.17988657240993688,0.290280910970581,0.0159808135619021,0.09827800482006088,0.09827800482006088,0.2975411109373964,0.008720613595086758
IMG_0067,2,IMG_0067_r2_archive.csv,81,010000010010110000011100,65,44,28,0.3090155249773226,0.3701223521281473,0.0,0.1790849673202614,0.3694295492654818,0.0011551548536884104,0.37048790208611715,0.369626464833224,0.02004952472242192,0.02004952472242192,0.3072739686453319,0.0018904936991798193,0.09489791732782386,0.09489791732782386,0.30023474775234527,0.0089297145921665,0.17988657240993688,0.17988657240993688,0.2921970657179617,0.01696739662655002,0.09827800482006088,0.09827800482006088,0.29990192737187965,0.009262534972632113
IMG_0067,2,IMG_0067_r2_archive.csv,82,000101000001001010010100,20,18,148,0.3103636316580296,0.3700122883622417,0.0,0.2431372549019607,0.36918811255484413,0.0006840282830823176,0.370364247018131,0.36920326390549557,0.02004952472242192,0.02004952472242192,0.3085617197956449,0.0019315378303833817,0.09489791732782386,0.09489791732782386,0.30129272627046666,0.009200531355561615,0.17988657240993688,0.17988657240993688,0.2930411372602191,0.01745212036580923,0.09827800482006088,0.09827800482006088,0.3009651944421102,0.009528063183918077
IMG_0067,2,IMG_0067_r2_archive.csv,85,000001010000001000001010,5,2,10,0.3180620223140892,0.3704577529853745,0.0,0.0222222222222222,0.3693737913109981,0.0011060771599903467,0.37044441355505786,0.369429919165525,0.02004952472242192,0.02004952472242192,0.3158966904071411,0.0022307840889479093,0.09489791732782386,0.09489791732782386,0.30751095447879934,0.010616520017289634,0.17988657240993688,0.17988657240993688,0.29789798378831356,0.020229490707775435,0.09827800482006088,0.09827800482006088,0.3071018762247513,0.011025598271337658
IMG_0067,2,IMG_0067_r2_archive.csv,86,000010011000110011010100,9,140,212,0.3069293096970445,0.369801531448573,0.0,0.4718954248366013,0.36940254786370613,0.0011291709346704355,0.3704673966640959,0.3696933853531104,0.02004952472242192,0.02004952472242192,0.30513113142827814,0.0017852080523877913,0.09489791732782386,0.09489791732782386,0.2984218382978745,0.008494501182791424,0.17988657240993688,0.17988657240993688,0.29073355628303943,0.016182783197626498,0.09827800482006088,0.09827800482006088,0.29809550866973067,0.008820830810935237
IMG_0067,2,IMG_0067_r2_archive.csv,89,111111111010101111100011,255,171,227,0.2980148850596953,0.3699074215741769,0.0,0.85359477124183,0.3695740651636732,0.0015861902005407853,0.37052465914759536,0.3697303901829241,0.02004952472242192,0.02004952472242192,0.2967586958980636,0.0014462045248191033,0.09489791732782386,0.09489791732782386,0.29137879914928283,0.006826101273599887,0.17988657240993688,0.17988657240993688,0.2852220016785766,0.012982898744306097,0.09827800482006088,0.09827800482006088,0.2911198322419743,0.007085068180908362
IMG_0067,2,IMG_0067_r2_archive.csv,90,001000100000110111010011,34,13,211,0.3101421643667437,0.3699311960640332,0.0,0.3372549019607843,0.36922914851008914,0.000789932542858237,0.37037880690843206,0.3695447039958581,0.02004952472242192,0.02004952472242192,0.30835492442667256,0.001918584546402011,0.09489791732782386,0.09489791732782386,0.30115598022937756,0.00911752874369697,0.17988657240993688,0.17988657240993688,0.2928663441222593,0.01740716485081522,0.09827800482006088,0.09827800482006088,0.3007924162594365,0.009481092713638067
IMG_0067,2,IMG_0067_r2_archive.csv,91,011000000111110001010110,96,124,86,0.3041416952546748,0.3699515273039913,0.0,0.4,0.3693518246418573,0.00106494190037256,0.3704327307008215,0.36950832584331333,0.02004952472242192,0.02004952472242192,0.30252056213271705,0.0016809214170401855,0.09489791732782386,0.09489791732782386,0.2961948724645315,0.0080066110852257,0.17988657240993688,0.17988657240993688,0.288996630961727,0.015204852588030204,0.09827800482006088,0.09827800482006088,0.29590402185299186,0.008297461696765363
IMG_0067,2,IMG_0067_r2_archive.csv,92,011111011011101110101011,125,187,171,0.3012432836701719,0.3698999697736558,0.0,0.6313725490196078,0.3694088810731423,0.0012245902125463583,0.3704498750540631,0.3695279260961626,0.02004952472242192,0.02004952472242192,0.2997093185298297,0.0015708608341923214,0.09489791732782386,0.09489791732782386,0.29384285241047736,0.007437326953544655,0.17988657240993688,0.17988657240993688,0.28715869542395644,0.014121483940065545,0.09827800482006088,0.09827800482006088,0.29357028878808783,0.007709890575934175
IMG_0067,2,IMG_0067_r2_archive.csv,93,010100001001010011111010,80,148,250,0.3034049158482967,0.3696882823119791,0.0,0.6248366013071895,0.3694811679173434,0.001303191047729951,0.37050251168946835,0.36972277249229596,0.02004952472242192,0.02004952472242192,0.3018549157276534,0.001643450021679793,0.09489791732782386,0.09489791732782386,0.2956423175414433,0.007856048207889852,0.17988657240993688,0.17988657240993688,0.2885400827316769,0.014958283017656266,0.09827800482006088,0.09827800482006088,0.29534577200025786,0.008152593749075303
IMG_0067,2,IMG_0067_r2_archive.csv,97,111110001000111001001011,248,142,75,0.2994777595297165,0.3701110567302434,0.0,0.6078431372549019,0.36946965420133604,0.0013465978767618811,0.37048014626620296,0.3696393573344588,0.02004952472242192,0.02004952472242192,0.29816179053920105,0.0015131721563827096,0.09489791732782386,0.09489791732782386,0.29255711621545033,0.007117846480133438,0.17988657240993688,0.17988657240993688,0.2861581685300816,0.013516794165502218,0.09827800482006088,0.09827800482006088,0.29229235842824436,0.0073826042673394545
IMG_0067,2,IMG_0067_r2_archive.csv,98,110111101000101011001110,222,138,206,0.2995380642629184,0.3697392807995619,0.0,0.7398692810457516,0.36946803420440644,0.001369467639633685,0.3704728088285555,0.3697060209765693,0.02004952472242192,0.02004952472242192,0.2981243360762381,0.0015033344335158897,0.09489791732782386,0.09489791732782386,0.29254423066105845,0.0070834398486955205,0.17988657240993688,0.17988657240993688,0.2861101482511652,0.013517522258588795,0.09827800482006088,0.09827800482006088,0.2922595716628206,0.007368098846933402
IMG_0067,2,IMG_0067_r2_archive.csv,99,110011011000000001101010,205,128,106,0.3004635891026819,0.3699655862592996,0.0,0.5738562091503269,0.36958276083518904,0.0015388659208579567,0.37054518588903196,0.3696855790780966,0.02004952472242192,0.02004952472242192,0.29906937550396034,0.0015494074867356633,0.09489791732782386,0.09489791732782386,0.2933014898020449,0.007317293188651103,0.17988657240993688,0.17988657240993688,0.28674041441194265,0.013878368578753382,0.09827800482006088,0.09827800482006088,0.293037093239316,0.00758168975138005
IMG_0076,1,IMG_0076_r1_archive.csv,0,100100000011110001000000,144,60,64,0.449822380986024,0.3380315873468748,0.0,0.3503267973856209,0.3387356591344713,0.003238892132539888,0.3390857947378305,0.33877390860088624,0.019963169495879774,0.019963169495879778,0.4444138515533055,0.004891811928645355,0.09561466570812366,0.09561466570812364,0.4255844161213412,0.023721247360609658,0.17939866537997382,0.1793986653799738,0.4048926794318035,0.044412984050147326,0.09832550019465908,0.09832550019465906,0.4249636490354834,0.024342014446467445
IMG_0076,1,IMG_0076_r1_archive.csv,1,010011000100011001001000,76,70,72,0.4508867006869572,0.3379330536083169,0.0,0.2849673202614379,0.33868246021190973,0.0031117140027553548,0.33906439034771507,0.338826769147965,0.019963169495879774,0.019963169495879778,0.445496585236369,0.0049194456011388155,0.09561466570812366,0.09561466570812364,0.4264980120871636,0.023918018750344203,0.17939866537997382,0.1793986653799738,0.4056550521567931,0.04476097868071475,0.09832550019465908,0.09832550019465906,0.4258832164934419,0.024532814344065918
IMG_0076,1,IMG_0076_r1_archive.csv,2,011000110100001100110000,99,67,48,0.4504150826232556,0.3379384440854993,0.0,0.2797385620915033,0.3386110756721115,0.0029000808630907583,0.3390459140928329,0.33864681354674747,0.019963169495879774,0.019963169495879778,0.44515536356474605,0.004919530263125607,0.09561466570812366,0.09561466570812364,0.4262183227475513,0.02385657108032037,0.17939866537997382,0.1793986653799738,0.4053574991379646,0.04471739468990704,0.09832550019465908,0.09832550019465906,0.42557706181675403,0.024497832011117673
IMG_0076,1,IMG_0076_r1_archive.csv,3,011101000100011001001000,116,70,72,0.4503733357975615,0.3378911855841821,0.0,0.3372549019607843,0.3387039650985384,0.0031659626547610445,0.3390723330713422,0.33883889878631646,0.019963169495879774,0.019963169495879778,0.4449786147348911,0.004909675607861428,0.09561466570812366,0.09561466570812364,0.42603529199827533,0.02385299834447714,0.17939866537997382,0.1793986653799738,0.4052972790667495,0.044591011276003,0.09832550019465908,0.09832550019465906,0.42543706193330527,0.02445122840944719
IMG_0076,1,IMG_0076_r1_archive.csv,4,000101010001100100010000,21,25,16,0.4547863672584215,0.3380190750059887,0.0,0.0810457516339869,0.33891919242709867,0.003519010857344823,0.33919929834925655,0.3393423298816949,0.019963169495879774,0.019963169495879778,0.4493621076285544,0.005097540556583974,0.09561466570812366,0.09561466570812364,0.429728857429059,0.024730790756079406,0.17939866537997382,0.1793986653799738,0.40807866238689033,0.04638098579824803,0.09832550019465908,0.09832550019465906,0.4290565424815012,0.02540310570363714
IMG_0076,1,IMG_0076_r1_archive.csv,5,000101010001000100011100,21,17,28,0.4546834690796574,0.3378793630005632,0.0,0.0862745098039215,0.33881133674875274,0.0034228464591225787,0.3391154837704663,0.3390707002132896,0.019963169495879774,0.019963169495879778,0.4490394353982406,0.005079964728123047,0.09561466570812366,0.09561466570812364,0.42949184619699554,0.024627553929368128,0.17939866537997382,0.1793986653799738,0.40788151001821515,0.046237890108148494,0.09832550019465908,0.09832550019465906,0.42880426387115045,0.025315136255213224
IMG_0076,1,IMG_0076_r1_archive.csv,6,001011110010100000101000,47,40,40,0.4514840587334632,0.3377691217343876,0.0,0.1660130718954248,0.3385475303111831,0.0027018317413235217,0.3390319310123464,0.33870014847919583,0.019963169495879774,0.019963169495879778,0.4460921823135494,0.004980080516089282,0.09561466570812366,0.09561466570812364,0.4270193775343125,0.02405288529532618,0.17939866537997382,0.1793986653799738,0.40604307497472236,0.04502918785491629,0.09832550019465908,0.09832550019465906,0.4263848782741948,0.02468738455544392
IMG_0076,1,IMG_0076_r1_archive.csv,7,101100010010010001000000,177,36,64,0.450825794853649,0.3378458370036092,0.0,0.3620915032679738,0.3386747681804255,0.0030682814235580497,0.33906755646103015,0.3387407477921378,0.019963169495879774,0.019963169495879778,0.4455500069500436,0.004926235492480686,0.09561466570812366,0.09561466570812364,0.42656787515867595,0.023908367283848323,0.17939866537997382,0.1793986653799738,0.40566575343192535,0.04481048901059894,0.09832550019465908,0.09832550019465906,0.4259278785135483,0.024548363928975983
IMG_0076,1,IMG_0076_r1_archive.csv,8,011111110101001100111111,127,83,63,0.4495829314887405,0.3380445320193692,0.0,0.3568627450980392,0.3387891072377927,0.0033178795152320533,0.3391194959954788,0.3388665001624062,0.019963169495879774,0.019963169495879778,0.4441688482296875,0.00484458747240499,0.09561466570812366,0.09561466570812364,0.42540301088221194,0.023610424819880557,0.17939866537997382,0.1793986653799738,0.40465663334638957,0.044356802355702885,0.09832550019465908,0.09832550019465906,0.4247428308194297,0.02427060488266281
IMG_0076,1,IMG_0076_r1_archive.csv,9,011011000101010000111011,108,84,59,0.4499151789897621,0.3380156246230723,0.0,0.3281045751633987,0.33871973372625697,0.003249427339805617,0.3390672355277996,0.3387285104600368,0.019963169495879774,0.019963169495879778,0.4445377374385987,0.0048704093783808276,0.09561466570812366,0.09561466570812364,0.425680295821399,0.02372785099558053,0.17939866537997382,0.1793986653799738,0.4049746576336278,0.04443348918335175,0.09832550019465908,0.09832550019465906,0.42506423029787516,0.024343916519104367
IMG_0076,1,IMG_0076_r1_archive.csv,10,010101000011010001000010,84,52,66,0.4500542532354883,0.3380642253821242,0.0,0.2640522875816993,0.338598104303494,0.0029765156334010463,0.3390138340316379,0.33863407934173534,0.019963169495879774,0.019963169495879778,0.444646672017022,0.004899702425815685,0.09561466570812366,0.09561466570812364,0.42583940109320356,0.023706973349634168,0.17939866537997382,0.1793986653799738,0.40502844339384564,0.04451793104899208,0.09832550019465908,0.09832550019465906,0.425171505501357,0.024374868941480648
IMG_0076,1,IMG_0076_r1_archive.csv,11,001001110101110000101000,39,92,40,0.451352908849702,0.3380031805826417,0.0,0.2235294117647059,0.33863665599742865,0.0029327725013033514,0.33906332150859697,0.33881885579845,0.019963169495879774,0.019963169495879778,0.44591502710615777,0.004953411990245416,0.09561466570812366,0.09561466570812364,0.42688738103068324,0.023981058065719946,0.17939866537997382,0.1793986653799738,0.40581375105106093,0.04505468804534226,0.09832550019465908,0.09832550019465906,0.42620538639596733,0.024663052700435877
IMG_0076,1,IMG_0076_r1_archive.csv,12,001011010010010000011010,45,36,26,0.4521798194072337,0.3377159939718432,0.0,0.1398692810457516,0.3386783932009061,0.0030519065371008387,0.33907527520312497,0.33885562747378684,0.019963169495879774,0.019963169495879778,0.4466061906340448,0.004993101529660086,0.09561466570812366,0.09561466570812364,0.42748377393053955,0.024115518233165267,0.17939866537997382,0.1793986653799738,0.4062272740594163,0.04537201810428858,0.09832550019465908,0.09832550019465906,0.4267724128746669,0.024826879289037974
IMG_0076,1,IMG_0076_r1_archive.csv,13,011011110100000000100010,111,64,34,0.4506410116012462,0.3379510885429832,0.0,0.273202614379085,0.3386379242856347,0.0030055319626718048,0.3390463999314609,0.3387186581778457,0.019963169495879774,0.019963169495879778,0.44523723170598745,0.004904189511116374,0.09561466570812366,0.09561466570812364,0.42625003712780885,0.023891384089294997,0.17939866537997382,0.1793986653799738,0.4054177784725705,0.04472364274453334,0.09832550019465908,0.09832550019465906,0.4256350157687889,0.024506405448314904
IMG_0076,1,IMG_0076_r1_archive.csv,14,000010000001000000011100,8,16,28,0.4583869992262882,0.3381390086107049,0.0,0.0679738562091503,0.33877615305949615,0.0033451854504459953,0.3390997153333788,0.33910572005669315,0.019963169495879774,0.019963169495879778,0.45248224049030356,0.005249965997629574,0.09561466570812366,0.09561466570812364,0.43245322936728475,0.025278977120648374,0.17939866537997382,0.1793986653799738,0.4102865115436125,0.047445694944320604,0.09832550019465908,0.09832550019465906,0.431740660467067,0.025991546020866185
IMG_0076,1,IMG_0076_r1_archive.csv,15,000100010000000100000011,17,2,3,0.4827421193483132,0.3380838231732568,0.0,0.0287581699346405,0.3387697449610151,0.0033187598391046227,0.33909991363773295,0.3392082001716616,0.019963169495879774,0.019963169495879778,0.47609639043760354,0.006285449825856669,0.09561466570812366,0.09561466570812364,0.45258533339163726,0.029796506871822972,0.17939866537997382,0.1793986653799738,0.42617224122813274,0.05620959903532747,0.09832550019465908,0.09832550019465906,0.45161798835245787,0.03076385191100237
IMG_0076,1,IMG_0076_r1_archive.csv,16,010110110011110100101100,91,61,44,0.4506587144226873,0.3380168276105542,0.0,0.2562091503267973,0.3385937575470921,0.002931176179608165,0.33902082213868423,0.3386181419211363,0.019963169495879774,0.019963169495879778,0.445207210565466,0.004924305199181499,0.09561466570812366,0.09561466570812364,0.426219389488585,0.02391212627606249,0.17939866537997382,0.1793986653799738,0.40541019275855267,0.044721323006094854,0.09832550019465908,0.09832550019465906,0.4256122642708679,0.024519251493779617
IMG_0076,1,IMG_0076_r1_archive.csv,17,001001010001010100011100,37,21,28,0.4531771630104047,0.3377853371430064,0.0,0.1124183006535947,0.33873995420285924,0.0032127877871226734,0.3390966158925727,0.33895382884168196,0.019963169495879774,0.019963169495879778,0.44755813001369166,0.005034619767989738,0.09561466570812366,0.09561466570812364,0.4282662708097929,0.02432647897188851,0.17939866537997382,0.1793986653799738,0.4069511171142104,0.045641632667471024,0.09832550019465908,0.09832550019465906,0.427591839312565,0.025000910469116424
IMG_0076,1,IMG_0076_r1_archive.csv,18,000100000001110000011000,16,28,24,0.4545858368764728,0.3378515464221157,0.0,0.0888888888888888,0.33879641961986373,0.003272864142768582,0.33913806222066567,0.33904201401875594,0.019963169495879774,0.019963169495879778,0.4491352135039143,0.005064911826868907,0.09561466570812366,0.09561466570812364,0.42959905367088796,0.024601071659895203,0.17939866537997382,0.1793986653799738,0.40811652322739,0.0460836021033932,0.09832550019465908,0.09832550019465906,0.4289502634673974,0.025249861863385768
IMG_0076,1,IMG_0076_r1_archive.csv,19,000100100001010000010010,18,20,18,0.4555749259359301,0.3376952707802919,0.0,0.0732026143790849,0.33878079262028793,0.003065458180769207,0.3391742867115898,0.33914178207738993,0.019963169495879774,0.019963169495879778,0.45004823376822645,0.0050942556714959515,0.09561466570812366,0.09561466570812364,0.4303088682344684,0.02483362120525397,0.17939866537997382,0.1793986653799738,0.40871473635996264,0.046427753079759715,0.09832550019465908,0.09832550019465906,0.42969061278755244,0.025451876652169875
IMG_0076,1,IMG_0076_r1_archive.csv,20,001001110001010000011000,39,20,24,0.4534468368369779,0.3377140772074067,0.0,0.1084967320261438,0.3387340134356927,0.0030444001039800555,0.33913277204619185,0.3389641412225431,0.019963169495879774,0.019963169495879778,0.44795370468084417,0.005034585903195022,0.09561466570812366,0.09561466570812364,0.42859794260930417,0.024390347974735035,0.17939866537997382,0.1793986653799738,0.4072881056864931,0.04570018489754608,0.09832550019465908,0.09832550019465906,0.42794658432554716,0.025041706258492044
IMG_0076,1,IMG_0076_r1_archive.csv,21,000000100000011000010000,2,6,16,0.4790866941425856,0.3381229857280514,0.0,0.0313725490196078,0.3387251586878035,0.0030309575723367252,0.33912727793121356,0.33930920142530946,0.019963169495879774,0.019963169495879778,0.4728602621877315,0.006147146004210332,0.09561466570812366,0.09561466570812364,0.44955527241765103,0.029452135774290795,0.17939866537997382,0.1793986653799738,0.4240380564661305,0.05496935172581129,0.09832550019465908,0.09832550019465906,0.4488178636905043,0.030189544501437474
IMG_0076,1,IMG_0076_r1_archive.csv,22,000000110000110000000100,3,12,4,0.4777040961684539,0.3382042626942849,0.0,0.0248366013071895,0.33875337862607857,0.0031236200799417994,0.3391323322425873,0.3392537334671078,0.019963169495879774,0.019963169495879778,0.47147643661479105,0.006074946261862158,0.09561466570812366,0.09561466570812364,0.448455216892087,0.029096165984566193,0.17939866537997382,0.1793986653799738,0.4229812293510296,0.05457015352562356,0.09832550019465908,0.09832550019465906,0.44763762761930254,0.029913755257350638
IMG_0076,1,IMG_0076_r1_archive.csv,23,010111100010001000110101,94,34,53,0.4508948536362867,0.3378033413410571,0.0,0.2366013071895425,0.33863534053217037,0.003032912756570535,0.3390369709795219,0.3386453927020596,0.019963169495879774,0.019963169495879778,0.4454675715734906,0.0049180740769525656,0.09561466570812366,0.09561466570812364,0.4264843730410892,0.023901272609353947,0.17939866537997382,0.1793986653799738,0.40560551642831283,0.04478012922213034,0.09832550019465908,0.09832550019465906,0.4258524870142975,0.024533158636145618
IMG_0076,1,IMG_0076_r1_archive.csv,24,010101110011010100110100,87,53,52,0.4505939818675754,0.3380292361416137,0.0,0.2509803921568627,0.33850625556628194,0.00282098096888788,0.3389608689605541,0.33853401269922495,0.019963169495879774,0.019963169495879778,0.4452036716944175,0.0049041556463217135,0.09561466570812366,0.09561466570812364,0.42628888004735543,0.023818947293383807,0.17939866537997382,0.1793986653799738,0.4054485446385758,0.04465928270216342,0.09832550019465908,0.09832550019465906,0.4256470321267829,0.024460795213956315
IMG_0076,1,IMG_0076_r1_archive.csv,25,011111100001001100110011,126,19,51,0.4516302191874851,0.3376831380145679,0.0,0.2562091503267973,0.3386850400840753,0.00304137642035206,0.33908455461548137,0.338808573678889,0.019963169495879774,0.019963169495879778,0.4461734154898897,0.0049404248414693834,0.09561466570812366,0.09561466570812364,0.42708716638714805,0.024026673944211045,0.17939866537997382,0.1793986653799738,0.40612920161390015,0.04498463871745893,0.09832550019465908,0.09832550019465906,0.426463261163646,0.024650579167713117
IMG_0076,1,IMG_0076_r1_archive.csv,26,000111100001110000100100,30,28,36,0.452618656349644,0.3378916890510385,0.0,0.122875816993464,0.33864340628852996,0.003026803565355906,0.33904656403368516,0.33883359512761224,0.019963169495879774,0.019963169495879778,0.4471416099710034,0.0049825695785014066,0.09561466570812366,0.09561466570812364,0.4279033079399581,0.02422087160954667,0.17939866537997382,0.1793986653799738,0.40669550564364565,0.04542867390585916,0.09832550019465908,0.09832550019465906,0.4272468078515357,0.02487737169796908
IMG_0076,1,IMG_0076_r1_archive.csv,27,000000100000100100010000,2,9,16,0.4770702911366279,0.3382024137635824,0.0,0.0352941176470588,0.3387233667004094,0.0030746488509810124,0.33911456312415833,0.3392594430230809,0.019963169495879774,0.019963169495879778,0.470833437291198,0.006039151173840521,0.09561466570812366,0.09561466570812364,0.447872835551047,0.028999752913991504,0.17939866537997382,0.1793986653799738,0.4225968554647316,0.05427573300030695,0.09832550019465908,0.09832550019465906,0.44710104276899215,0.029771545696046325
IMG_0076,1,IMG_0076_r1_archive.csv,28,000010100000011000010000,10,6,16,0.4625860221168999,0.3378754710058866,0.0,0.0418300653594771,0.33880210906560726,0.0032301863556802165,0.3391544211131814,0.3392400172402628,0.019963169495879774,0.019963169495879778,0.45684868245982413,0.005447397750861206,0.09561466570812366,0.09561466570812364,0.43615121415377966,0.026144866056905653,0.17939866537997382,0.1793986653799738,0.41320670665732057,0.04908937355336476,0.09832550019465908,0.09832550019465906,0.4354022010903081,0.026893879120377207
IMG_0076,1,IMG_0076_r1_archive.csv,29,011011100011101000100011,110,58,35,0.4506069097529607,0.338008974265316,0.0,0.265359477124183,0.33855200934318347,0.002834980473770054,0.33900312286123513,0.3385701693840147,0.019963169495879774,0.019963169495879778,0.4452384508385974,0.004909201500735339,0.09561466570812366,0.09561466570812364,0.4262660213109178,0.02388163102841497,0.17939866537997382,0.1793986653799738,0.40538613182190236,0.04476152051743038,0.09832550019465908,0.09832550019465906,0.42563020132380586,0.0245174510155269
IMG_0076,1,IMG_0076_r1_archive.csv,30,011100000100001100110011,112,67,51,0.4502031990688762,0.3378922909340588,0.0,0.3006535947712418,0.33868421575768337,0.003044680493796314,0.3390829042707284,0.3386856938266147,0.019963169495879774,0.019963169495879778,0.44486432105270296,0.004893911545918125,0.09561466570812366,0.09561466570812364,0.42599499289255566,0.0237632397060654,0.17939866537997382,0.1793986653799738,0.4051535907427423,0.04460464185587876,0.09832550019465908,0.09832550019465906,0.4253376348960003,0.02442059770262076
IMG_0076,1,IMG_0076_r1_archive.csv,31,010110100001001100111011,90,19,59,0.4518199382337187,0.3377417016806317,0.0,0.2196078431372549,0.33855457392398514,0.0027836316239749402,0.33901852465448556,0.3386529290768249,0.019963169495879774,0.019963169495879778,0.44638011773067665,0.004964638169695899,0.09561466570812366,0.09561466570812364,0.4272429190442751,0.02410183685609743,0.17939866537997382,0.1793986653799738,0.40626385650391517,0.045080899396457395,0.09832550019465908,0.09832550019465906,0.426628964426289,0.024715791474083575
IMG_0076,1,IMG_0076_r1_archive.csv,32,011111110001001100111010,127,19,58,0.4514134421702683,0.3377414242328266,0.0,0.2666666666666666,0.33864714781430066,0.003023039271949989,0.3390512466328073,0.33879694602663085,0.019963169495879774,0.019963169495879778,0.44594073895155073,0.004944116104094118,0.09561466570812366,0.09561466570812364,0.4268899632212808,0.02399489183436406,0.17939866537997382,0.1793986653799738,0.40593882220416944,0.044946032851475415,0.09832550019465908,0.09832550019465906,0.426256508125667,0.024628346929977864
IMG_0076,2,IMG_0076_r2_archive.csv,0,000101110001100100110100,23,25,52,0.4532468821565395,0.3382561038056098,0.0,0.130718954248366,0.3387018109906247,0.002512479023403161,0.3392335498712681,0.33928291059506854,0.019831477775403006,0.01983147777540301,0.4476312102407026,0.005062126447502984,0.09529083360859061,0.09529083360859061,0.42847898405164303,0.024214352636562592,0.1804586757857786,0.1804586757857786,0.4065412515036851,0.046152085184520575,0.0985269957232574,0.0985269957232574,0.42755048193201023,0.025142854756195387
IMG_0076,2,IMG_0076_r2_archive.csv,1,100001001010000000100110,132,160,38,0.4509497907995251,0.3380835768372989,0.0,0.4313725490196078,0.3385798030976095,0.0023031534864665208,0.339163873362487,0.33915804913547665,0.019831477775403006,0.01983147777540301,0.44527808958082,0.005007367074436925,0.09529083360859061,0.09529083360859061,0.42655594628473503,0.023729510370521928,0.1804586757857786,0.1804586757857786,0.40514504834827353,0.04514040830698339,0.0985269957232574,0.0985269957232574,0.4256596947379428,0.024625761917314082
IMG_0076,2,IMG_0076_r2_archive.csv,2,100110100101010000000110,154,84,6,0.4549960242025479,0.3379244126444896,0.0,0.318954248366013,0.33890976156912056,0.0031246859292019787,0.3392884487233142,0.3392879071134054,0.019831477775403006,0.01983147777540301,0.4492877574717413,0.005141336202358742,0.09529083360859061,0.09529083360859061,0.429951594650147,0.02447749902395309,0.1804586757857786,0.1804586757857786,0.40766896610033865,0.04676012757376141,0.0985269957232574,0.0985269957232574,0.428969439407409,0.025459654266691084
IMG_0076,2,IMG_0076_r2_archive.csv,3,001011001000000000111100,44,128,60,0.4515211152850881,0.338083101711641,0.0,0.3032679738562091,0.3385756746443155,0.0022647780780721094,0.3391693387612915,0.3391271326154965,0.019831477775403006,0.01983147777540301,0.4458751682427695,0.00500545371353504,0.09529083360859061,0.09529083360859061,0.4270933890431783,0.023787232913126257,0.1804586757857786,0.1804586757857786,0.4054876669426789,0.04539295501362566,0.0985269957232574,0.0985269957232574,0.42615207474287553,0.024728547213428986
IMG_0076,2,IMG_0076_r2_archive.csv,5,000101000010000000010001,20,32,17,0.4545273523759872,0.3383612309248332,0.0,0.0901960784313725,0.3387733683214009,0.0027838354294699224,0.33923726810052757,0.33944718117168254,0.019831477775403006,0.01983147777540301,0.4488281529439675,0.005081293921315873,0.09529083360859061,0.09529083360859061,0.4295424994637016,0.024366947401581775,0.1804586757857786,0.1804586757857786,0.4073266861538806,0.04658276071140277,0.0985269957232574,0.0985269957232574,0.4285657795205166,0.025343667344766802
IMG_0076,2,IMG_0076_r2_archive.csv,6,000100100010001100001010,18,35,10,0.4564344059597862,0.338058499282275,0.0,0.0823529411764705,0.33867383872389545,0.0025073824792202198,0.3392068517405845,0.3391669931265353,0.019831477775403006,0.01983147777540301,0.450856171574515,0.00519543521192777,0.09529083360859061,0.09529083360859061,0.4312609430732942,0.02479066371314858,0.1804586757857786,0.1804586757857786,0.408812986595651,0.047238620190791746,0.0985269957232574,0.0985269957232574,0.43031003374782006,0.025741573038622696
IMG_0076,2,IMG_0076_r2_archive.csv,7,100010010010100000001011,137,40,11,0.4525372961803235,0.3380400485479214,0.0,0.2457516339869281,0.33873412474062703,0.002736381119185881,0.33920988809732466,0.33938075727788064,0.019831477775403006,0.01983147777540301,0.4468499324940593,0.0049782264185782915,0.09529083360859061,0.09529083360859061,0.42787100939199163,0.023957149520645937,0.1804586757857786,0.1804586757857786,0.4061196686741858,0.04570849023845177,0.0985269957232574,0.0985269957232574,0.42694687018674554,0.024881288725892
IMG_0076,2,IMG_0076_r2_archive.csv,8,110011101010101100001011,206,171,11,0.4544595804555489,0.3379681719808061,0.0,0.5071895424836602,0.3387610547843387,0.0025917765771386243,0.33927296927654815,0.339477030584538,0.019831477775403006,0.01983147777540301,0.44875056023305976,0.0051071835568812,0.09529083360859061,0.09529083360859061,0.42952047888093337,0.02433726490900762,0.1804586757857786,0.1804586757857786,0.4074351804899725,0.04642256329996846,0.0985269957232574,0.0985269957232574,0.42856873986798855,0.025289003921952425
IMG_0076,2,IMG_0076_r2_archive.csv,9,001110110011100101000011,59,57,67,0.4507622391001536,0.3382587310255269,0.0,0.2392156862745098,0.3387492063041455,0.0027344573532234514,0.3392254506023339,0.33937065700711977,0.019831477775403006,0.01983147777540301,0.4451636519732543,0.0049921448492092,0.09529083360859061,0.09529083360859061,0.4264277426381146,0.02372805418434889,0.1804586757857786,0.1804586757857786,0.40496386323031003,0.0451919335921535,0.0985269957232574,0.0985269957232574,0.42551841928055967,0.02463737754190386
IMG_0076,2,IMG_0076_r2_archive.csv,10,000100010101100000011010,17,88,26,0.4531453301033656,0.3381269141172027,0.0,0.1712418300653594,0.3387132659778176,0.002623530592252808,0.3392172419662486,0.33929194131900053,0.019831477775403006,0.01983147777540301,0.44738684188198574,0.005068611555692348,0.09529083360859061,0.09529083360859061,0.42827230720945214,0.02418314622822596,0.1804586757857786,0.1804586757857786,0.406404505462596,0.04605094797508212,0.0985269957232574,0.0985269957232574,0.42735455151801127,0.02510090191966681
IMG_0076,2,IMG_0076_r2_archive.csv,11,011000110010100000001011,99,40,11,0.4531223867049412,0.3380604515520566,0.0,0.196078431372549,0.33865336166030713,0.0025857170914534103,0.339166791023938,0.33925975738441316,0.019831477775403006,0.01983147777540301,0.447408041243482,0.004981341979692731,0.09529083360859061,0.09529083360859061,0.4283133513406557,0.024076031882519007,0.1804586757857786,0.1804586757857786,0.4064957880167702,0.04589359520640446,0.0985269957232574,0.0985269957232574,0.42740572686696926,0.024983656356205402
IMG_0076,2,IMG_0076_r2_archive.csv,12,001000110011011100010111,35,55,23,0.4527088890951819,0.3382145589365806,0.0,0.1477124183006536,0.33877080817144684,0.0027329807242892877,0.3392474216268687,0.33936073226405644,0.019831477775403006,0.01983147777540301,0.44694635403083266,0.005023825364671976,0.09529083360859061,0.09529083360859061,0.42797461026524614,0.023995569130258507,0.1804586757857786,0.1804586757857786,0.4061116681164326,0.04585851127907204,0.0985269957232574,0.0985269957232574,0.42701087747083716,0.02495930192466751
IMG_0076,2,IMG_0076_r2_archive.csv,13,000100100001000000001001,18,16,9,0.4579217392777956,0.3379814411726653,0.0,0.0562091503267973,0.33860249010986265,0.0023690326441773123,0.3391700905853125,0.33928291352877765,0.019831477775403006,0.01983147777540301,0.45211776217090494,0.00522149417146668,0.09529083360859061,0.09529083360859061,0.4321876616470716,0.025151594695300015,0.1804586757857786,0.1804586757857786,0.4095306239268123,0.04780863241555931,0.0985269957232574,0.0985269957232574,0.43127868258159624,0.026060573760775335
IMG_0076,2,IMG_0076_r2_archive.csv,14,100111000100010000010100,156,68,20,0.4510211269896078,0.338123328615177,0.0,0.318954248366013,0.3388465769064943,0.0028760858604982625,0.3392874140778639,0.3394492997897017,0.019831477775403006,0.01983147777540301,0.4456455056711608,0.004980055117493273,0.09529083360859061,0.09529083360859061,0.42683631292024177,0.023789247868412293,0.1804586757857786,0.1804586757857786,0.40521614748479323,0.04540941330386083,0.0985269957232574,0.0985269957232574,0.4258993220253986,0.024726238763255467
IMG_0076,2,IMG_0076_r2_archive.csv,15,100011001000011000011001,140,134,25,0.451238081796997,0.3380515330310302,0.0,0.3908496732026144,0.3387443034981938,0.0025920837692796983,0.3392561411923679,0.3393772085081929,0.019831477775403006,0.01983147777540301,0.4456670267482069,0.004961344818409114,0.09529083360859061,0.09529083360859061,0.4269133214634406,0.023715050103175442,0.1804586757857786,0.1804586757857786,0.4053476614150977,0.04528071015151829,0.0985269957232574,0.0985269957232574,0.42597600320891504,0.02465236835770095
IMG_0076,2,IMG_0076_r2_archive.csv,17,000011100010101100001011,14,43,11,0.4560882146295377,0.3381365770189259,0.0,0.0888888888888888,0.3384735141405494,0.0022955041445095093,0.3390594967409162,0.3389215462529487,0.019831477775403006,0.01983147777540301,0.45030260070758515,0.005121593027035557,0.09529083360859061,0.09529083360859061,0.430827880078384,0.02459631365623667,0.1804586757857786,0.1804586757857786,0.4082818511552248,0.04714234257939587,0.0985269957232574,0.0985269957232574,0.4298041106470647,0.025620083087556034
IMG_0076,2,IMG_0076_r2_archive.csv,18,000000010100100100000000,2,73,2,0.4879826540006126,0.3379434511642258,0.0,0.1006535947712418,0.3388645490568005,0.003256092242391071,0.3392103846326969,0.3392975310856053,0.019831477775403006,0.01983147777540301,0.4811108606527335,0.006519226970024111,0.09529083360859061,0.09529083360859061,0.456703614145432,0.030926473477325626,0.1804586757857786,0.1804586757857786,0.42884863521843547,0.058781452404322115,0.0985269957232574,0.0985269957232574,0.4555543700055336,0.03207571761722395
IMG_0076,2,IMG_0076_r2_archive.csv,19,010011100111010000000110,78,116,6,0.4559574965219092,0.3379343415882787,0.0,0.261437908496732,0.3387948587948627,0.002806569462248984,0.3392530750657947,0.33921976520950287,0.019831477775403006,0.01983147777540301,0.45010239204118624,0.005161079377681928,0.09529083360859061,0.09529083360859061,0.43065264669809294,0.02461082472077523,0.1804586757857786,0.1804586757857786,0.40831732452769653,0.04694614689117162,0.0985269957232574,0.0985269957232574,0.42969078775565855,0.025572683663209594
IMG_0076,2,IMG_0076_r2_archive.csv,20,101010000100000000000110,168,64,6,0.4552774406466911,0.3379130652843944,0.0,0.3111111111111111,0.3388238024195051,0.0029417615716862623,0.3392482206630777,0.3391748602927375,0.019831477775403006,0.01983147777540301,0.44954834706713026,0.0051486171332240606,0.09529083360859061,0.09529083360859061,0.43016829547157565,0.024528668728778673,0.1804586757857786,0.1804586757857786,0.4078104532126889,0.04688651098766546,0.0985269957232574,0.0985269957232574,0.4291756985837983,0.025521265616556068
IMG_0076,2,IMG_0076_r2_archive.csv,21,100010100111111000000110,138,126,6,0.4552079839527155,0.337914482988096,0.0,0.3529411764705882,0.33875057783513485,0.0027359685832940572,0.33922644432580545,0.3390532843553024,0.019831477775403006,0.01983147777540301,0.44939726775167493,0.005150276508165458,0.09529083360859061,0.09529083360859061,0.4300853013259097,0.024462242933930647,0.1804586757857786,0.1804586757857786,0.4078769721357223,0.04667057212411803,0.0985269957232574,0.0985269957232574,0.42911984707110234,0.02542769718873804
IMG_0076,2,IMG_0076_r2_archive.csv,22,100111100010000001010001,158,32,81,0.452090484078756,0.3380787466734684,0.0,0.3542483660130718,0.33861993985971084,0.002501255330806499,0.3391544846635034,0.3391986000879974,0.019831477775403006,0.01983147777540301,0.44647452431216406,0.005007925843549806,0.09529083360859061,0.09529083360859061,0.42752694307761197,0.023955507078101897,0.1804586757857786,0.1804586757857786,0.4057110221962705,0.04577142795944337,0.0985269957232574,0.0985269957232574,0.4265708298620155,0.024911620293698356
IMG_0076,2,IMG_0076_r2_archive.csv,24,110101000100101001101110,212,74,110,0.4549930948978044,0.3379578134597405,0.0,0.5176470588235295,0.33870381217162526,0.002613360096906473,0.33921033078389284,0.33919781433310164,0.019831477775403006,0.01983147777540301,0.4492333536790198,0.005110400712379789,0.09529083360859061,0.09529083360859061,0.42977876567028117,0.024564988721118418,0.1804586757857786,0.1804586757857786,0.4077048119855523,0.04663894240584727,0.0985269957232574,0.0985269957232574,0.4289056437782845,0.025438110613115156
IMG_0076,2,IMG_0076_r2_archive.csv,25,100000000100010101001100,128,69,76,0.450297461724986,0.3381138899263581,0.0,0.3568627450980392,0.3386503002516742,0.0025126393419218525,0.33918199905268775,0.33925695916816884,0.019831477775403006,0.01983147777540301,0.44476786565113485,0.004939739079376287,0.09529083360859061,0.09529083360859061,0.4260951649553445,0.02361243977516659,0.1804586757857786,0.1804586757857786,0.40467962754200615,0.04502797718850497,0.0985269957232574,0.0985269957232574,0.42518088604949517,0.02452671868101595
IMG_0076,2,IMG_0076_r2_archive.csv,26,000010000001000000000100,8,16,4,0.4660829516171279,0.3381896441280823,0.0,0.0366013071895424,0.3389060163584211,0.003008900127380238,0.33931364996307023,0.3393883281225609,0.019831477775403006,0.01983147777540301,0.4602066562411074,0.005507329971321162,0.09529083360859061,0.09529083360859061,0.43909326899248097,0.02662071721994758,0.1804586757857786,0.1804586757857786,0.41505720603393315,0.05065678017849542,0.0985269957232574,0.0985269957232574,0.4381190437558405,0.027594942456588056
IMG_0076,2,IMG_0076_r2_archive.csv,28,100010110011100101000111,139,57,71,0.4499942278868429,0.3381793211346226,0.0,0.3490196078431372,0.338760078065338,0.00273240239111729,0.33923683610405286,0.3393565874481144,0.019831477775403006,0.01983147777540301,0.44438198478147173,0.00495091446163464,0.09529083360859061,0.09529083360859061,0.42574374151431144,0.023589157728794895,0.1804586757857786,0.1804586757857786,0.404430255659869,0.04490264358323736,0.0985269957232574,0.0985269957232574,0.4248519939852174,0.024480905257888968
IMG_0076,2,IMG_0076_r2_archive.csv,29,100011110010110000110101,143,44,53,0.4502862355455355,0.3383773598135402,0.0,0.3137254901960784,0.3388025182353488,0.002770858330673727,0.33926966228917443,0.33948653267562207,0.019831477775403006,0.01983147777540301,0.4446272251586527,0.004946410443936537,0.09529083360859061,0.09529083360859061,0.42596972975569275,0.023603905846896475,0.1804586757857786,0.1804586757857786,0.40455475111146727,0.04501888449112197,0.0985269957232574,0.0985269957232574,0.42505056867527097,0.024523066927318326
IMG_0076,2,IMG_0076_r2_archive.csv,30,101011010011100101101110,173,57,110,0.4543643187879947,0.3380207858997319,0.0,0.4444444444444444,0.3387945653868054,0.002896253489566211,0.339230360650908,0.33927360675235363,0.019831477775403006,0.01983147777540301,0.4485711360844218,0.005103560023845899,0.09529083360859061,0.09529083360859061,0.4292519395249833,0.024422756583284386,0.1804586757857786,0.1804586757857786,0.4072603450210194,0.046414351087248326,0.0985269957232574,0.0985269957232574,0.4283611402101415,0.025313555898126203
IMG_0076,2,IMG_0076_r2_archive.csv,31,011101100100100000001010,118,72,10,0.4533120634201814,0.3380355606931291,0.0,0.261437908496732,0.3386831601605821,0.002542902719663201,0.33920729311716036,0.3393058636891664,0.019831477775403006,0.01983147777540301,0.4478975822497904,0.005039911142165088,0.09529083360859061,0.09529083360859061,0.4287249017247185,0.024212591667237042,0.1804586757857786,0.1804586757857786,0.4068035089402141,0.046133984451741425,0.0985269957232574,0.0985269957232574,0.4278086643049077,0.02512882908704785
IMG_0076,2,IMG_0076_r2_archive.csv,32,000010000001001100001101,8,19,13,0.459307478211638,0.3381662012975017,0.0,0.0522875816993464,0.33890139151594423,0.0029740274921195315,0.3393177432794085,0.3394752503396712,0.019831477775403006,0.01983147777540301,0.45347640926896926,0.005266957658381553,0.09529083360859061,0.09529083360859061,0.4334259024675004,0.025317464459850433,0.1804586757857786,0.1804586757857786,0.41048805786940296,0.048255309057947886,0.0985269957232574,0.0985269957232574,0.4324634565352909,0.026279910392059957
IMG_0076,2,IMG_0076_r2_archive.csv,35,000011010001010000010100,13,20,20,0.456253872739121,0.3382261748419953,0.0,0.0692810457516339,0.3387115814934687,0.0027222131824509365,0.33919088683435017,0.33916591268495117,0.019831477775403006,0.01983147777540301,0.45061618870671466,0.005193860498973164,0.09529083360859061,0.09529083360859061,0.43102087554350704,0.024789173662180766,0.1804586757857786,0.1804586757857786,0.40853471957741705,0.04727532962827079,0.0985269957232574,0.0985269957232574,0.43005726127587957,0.02575278792980824
IMG_0076,2,IMG_0076_r2_archive.csv,36,001011100100100001001111,46,72,79,0.4521280401361032,0.3381264261003725,0.0,0.2575163398692811,0.3385852812027158,0.002359031346878492,0.3391553820024904,0.3391824367492016,0.019831477775403006,0.01983147777540301,0.44645003159938107,0.005008840193007324,0.09529083360859061,0.09529083360859061,0.4274891753652978,0.023969696427090594,0.1804586757857786,0.1804586757857786,0.4057826377709097,0.04567623402147864,0.0985269957232574,0.0985269957232574,0.4265739482451962,0.024884923547192184
IMG_0076,2,IMG_0076_r2_archive.csv,37,100000000010000001001110,128,32,78,0.4514772349773266,0.3381217314002332,0.0,0.3111111111111111,0.3387046655136399,0.002584211719844169,0.339218471220173,0.3393280248910359,0.019831477775403006,0.01983147777540301,0.4459047068099661,0.0049752293842453615,0.09529083360859061,0.09529083360859061,0.4270147465236342,0.023865189670577273,0.1804586757857786,0.1804586757857786,0.4054468852636344,0.04543305093057705,0.0985269957232574,0.0985269957232574,0.42612211286574486,0.02475782332846656
IMG_0076,2,IMG_0076_r2_archive.csv,38,011100010111111000100111,113,126,39,0.4504339368477173,0.3380872853194794,0.0,0.3633986928104575,0.3385679080064693,0.0022990260506219012,0.3391530101303081,0.3391761954516006,0.019831477775403006,0.01983147777540301,0.44483187857935885,0.00495191347307895,0.09529083360859061,0.09529083360859061,0.4261766521176453,0.02360713993479248,0.1804586757857786,0.1804586757857786,0.40482476358598773,0.0449590284664501,0.0985269957232574,0.0985269957232574,0.42527776476099727,0.02450602729144051
IMG_0076,2,IMG_0076_r2_archive.csv,39,100101110011100101000101,151,57,69,0.4501398295717518,0.3381395663831709,0.0,0.3620915032679738,0.33876222276756934,0.002786862488961186,0.33922536578182316,0.3393458917608045,0.019831477775403006,0.01983147777540301,0.4445512410254943,0.0049577382177711715,0.09529083360859061,0.09529083360859061,0.42590309230587775,0.023605886937387736,0.1804586757857786,0.1804586757857786,0.40457468900936006,0.04493429023390542,0.0985269957232574,0.0985269957232574,0.4250096741135774,0.02449930512968811
IMG_0076,2,IMG_0076_r2_archive.csv,40,001111100010100000100110,62,40,38,0.4512493079764474,0.3381434208284701,0.0,0.1830065359477124,0.33854635042331843,0.0023914589582957916,0.3391083443202386,0.3391606453966815,0.019831477775403006,0.01983147777540301,0.4455141102676379,0.004973299090946118,0.09529083360859061,0.09529083360859061,0.42667139136994364,0.023816017988640307,0.1804586757857786,0.1804586757857786,0.4052361107812821,0.045251298577301875,0.0985269957232574,0.0985269957232574,0.4258072041396212,0.024680205218962765
IMG_0076,2,IMG_0076_r2_archive.csv,41,110010110111111001010111,203,126,87,0.452896288402977,0.3379963518184595,0.0,0.5437908496732026,0.3386305278062637,0.002448351985456942,0.33917829844639363,0.3392768692380914,0.019831477775403006,0.01983147777540301,0.44718824179333616,0.005043433080816239,0.09529083360859061,0.09529083360859061,0.428113667578575,0.024118007295577393,0.1804586757857786,0.1804586757857786,0.40636930300848206,0.04586237186567036,0.0985269957232574,0.0985269957232574,0.4272237374601311,0.02500793741402133
IMG_0076,2,IMG_0076_r2_archive.csv,42,101111110011011101011101,191,55,93,0.4533630891996295,0.3380300455232377,0.0,0.4431372549019607,0.3386868264810823,0.00259327328165654,0.3391983667971622,0.339229182896291,0.019831477775403006,0.01983147777540301,0.4477550199302078,0.005058706103236038,0.09529083360859061,0.09529083360859061,0.42855875257561166,0.024254973457832195,0.1804586757857786,0.1804586757857786,0.4065963156599037,0.04621741037354014,0.0985269957232574,0.0985269957232574,0.4276366960552411,0.02517702997820279
IMG_0076,2,IMG_0076_r2_archive.csv,43,011110110001010101000110,123,21,70,0.4519650065481108,0.3380950288160934,0.0,0.2797385620915033,0.33871614486432294,0.002594005482261905,0.33922750213025155,0.33941949075117045,0.019831477775403006,0.01983147777540301,0.44634235848456116,0.005000814236658126,0.09529083360859061,0.09529083360859061,0.42736235170906234,0.023980821012156928,0.1804586757857786,0.1804586757857786,0.4057775241869066,0.04556564853431267,0.0985269957232574,0.0985269957232574,0.42649407812684337,0.024849094594375908
IMG_0076,2,IMG_0076_r2_archive.csv,44,001111100000111100001010,62,15,10,0.4560487028802953,0.33804549046154,0.0,0.1137254901960784,0.3386671593382276,0.0025671631982863543,0.3391852271751502,0.33919304780329623,0.019831477775403006,0.01983147777540301,0.45057886970293054,0.005128806228311442,0.09529083360859061,0.09529083360859061,0.43089303594343,0.024814639987812023,0.1804586757857786,0.1804586757857786,0.4085502296533999,0.04715744627784208,0.0985269957232574,0.0985269957232574,0.43000737843325343,0.025700297497988512
IMG_0076,2,IMG_0076_r2_archive.csv,46,100110100101101001011100,154,90,92,0.4523587779149443,0.3380377371509285,0.0,0.4392156862745098,0.3386333023441358,0.002551351241114154,0.33915532317035135,0.3392117392577803,0.019831477775403006,0.01983147777540301,0.4467184270299535,0.004997698675543632,0.09529083360859061,0.09529083360859061,0.427694650007276,0.024021475698221138,0.1804586757857786,0.1804586757857786,0.40594435909810656,0.04577176660739059,0.0985269957232574,0.0985269957232574,0.42678581204511207,0.024930313660385117
IMG_0078,1,IMG_0078_r1_archive.csv,0,001001100101001001001111,38,82,79,0.4472523697290591,0.3384352887207442,0.0,0.2601307189542483,0.33869982245127905,0.0019677919473947234,0.3402388414486685,0.3392200732487707,0.01998907606384242,0.01998907606384242,0.4423059000217318,0.004959829368845291,0.0946971414261134,0.0946971414261134,0.42404782294012533,0.023217906450451787,0.17992975002320796,0.17992975002320796,0.4030005990341879,0.044265130356389265,0.09820532250438792,0.09820532250438792,0.423118107332015,0.024147622058562117
IMG_0078,1,IMG_0078_r1_archive.csv,2,101000111110011101001101,163,231,77,0.4506490679031075,0.3382567391902729,0.0,0.615686274509804,0.338756251185485,0.0019899975934339125,0.3402897187713646,0.33920827282868665,0.01998907606384242,0.01998907606384242,0.4457293005864188,0.005116284720462849,0.0946971414261134,0.0946971414261134,0.42694416877215013,0.02390141653473152,0.17992975002320796,0.17992975002320796,0.40520987897848704,0.045635706328394594,0.09820532250438792,0.09820532250438792,0.425961116112352,0.024884469194529652
IMG_0078,1,IMG_0078_r1_archive.csv,3,000101000000101000010001,20,10,17,0.4533398374987699,0.3385403497309569,0.0,0.061437908496732,0.33839653348372634,0.0014307299696555587,0.3400698179755504,0.33878248371146097,0.01998907606384242,0.01998907606384242,0.44772883892460474,0.005216880093185776,0.0946971414261134,0.0946971414261134,0.42860754822552405,0.024338170792266488,0.17992975002320796,0.17992975002320796,0.4066443324195375,0.04630138659825303,0.09820532250438792,0.09820532250438792,0.42766023985655544,0.025285479161235098
IMG_0078,1,IMG_0078_r1_archive.csv,4,001100100010101101100000,50,43,96,0.4472629609436085,0.3384452787191294,0.0,0.2470588235294117,0.33875644614200984,0.002055805823688597,0.3402734616703257,0.3393113594086956,0.01998907606384242,0.01998907606384242,0.4421460835892381,0.004983331536382644,0.0946971414261134,0.0946971414261134,0.4239103572721484,0.02321905785347238,0.17992975002320796,0.17992975002320796,0.4028157734507916,0.04431364167482914,0.09820532250438792,0.09820532250438792,0.422957404770726,0.02417201035489472
IMG_0078,1,IMG_0078_r1_archive.csv,5,000100100010101001000100,18,42,68,0.4490651521905496,0.3383507418380997,0.0,0.1673202614379084,0.338654915845498,0.0019498609957301172,0.3401984175808035,0.3391034412244613,0.01998907606384242,0.01998907606384242,0.4439571389461978,0.005051907745695516,0.0946971414261134,0.0946971414261134,0.425437236204195,0.023571810487698335,0.17992975002320796,0.17992975002320796,0.40407867630797706,0.044930370383916264,0.09820532250438792,0.09820532250438792,0.42449101715279,0.02451802953910337
IMG_0078,1,IMG_0078_r1_archive.csv,6,001001110101011001011111,39,86,95,0.4472066353237865,0.3383202846842313,0.0,0.2875816993464052,0.33861725807985155,0.0018606270338061808,0.340183068305638,0.33910260075718424,0.01998907606384242,0.01998907606384242,0.44215317826373246,0.004948992634534161,0.0946971414261134,0.0946971414261134,0.42390287315251474,0.023199297745751836,0.17992975002320796,0.17992975002320796,0.40291120444231937,0.04419096645594724,0.09820532250438792,0.09820532250438792,0.42298908528618884,0.024113085612077746
IMG_0078,1,IMG_0078_r1_archive.csv,7,001101100111000001001110,54,112,78,0.4471746669575686,0.338461751948449,0.0,0.318954248366013,0.33873739522487006,0.001953382044933216,0.3402800166978749,0.3392360402149504,0.01998907606384242,0.01998907606384242,0.44216569977158104,0.0049667547193660835,0.0946971414261134,0.0946971414261134,0.42394809111966786,0.02318436337127926,0.17992975002320796,0.17992975002320796,0.4028503917371966,0.04428206275375052,0.09820532250438792,0.09820532250438792,0.4229880608761485,0.02414439361479862
IMG_0078,1,IMG_0078_r1_archive.csv,8,010010010001000100100000,73,17,32,0.4494611755662321,0.3384778976189969,0.0,0.1594771241830065,0.3388943656917347,0.002407447033025217,0.34032347091771653,0.33912501896159625,0.01998907606384242,0.01998907606384242,0.4442451844239079,0.005044406693664539,0.0946971414261134,0.0946971414261134,0.42565587578512154,0.023633715332450903,0.17992975002320796,0.17992975002320796,0.40414980084309277,0.045139790274479674,0.09820532250438792,0.09820532250438792,0.4246836203507074,0.024605970766865038
IMG_0078,1,IMG_0078_r1_archive.csv,9,011100011101101001000100,113,218,68,0.4493671922946788,0.3383150622714019,0.0,0.5215686274509804,0.3387353620452804,0.0019691900871564552,0.3402740315077293,0.3393077412138609,0.01998907606384242,0.01998907606384242,0.4444328885148555,0.005062863006788267,0.0946971414261134,0.0946971414261134,0.42585289269461785,0.023642858827025975,0.17992975002320796,0.17992975002320796,0.4043537431031098,0.04514200841853401,0.09820532250438792,0.09820532250438792,0.4248798414375277,0.024615910084116083
IMG_0078,1,IMG_0078_r1_archive.csv,10,001010000000100100010001,40,9,17,0.4529317751885635,0.3383681800001936,0.0,0.0862745098039215,0.3385648723422986,0.0017110355028854148,0.34016808045081537,0.3389852281252601,0.01998907606384242,0.01998907606384242,0.4475179882464644,0.005180052128925113,0.0946971414261134,0.0946971414261134,0.42836186760601164,0.02433617276937781,0.17992975002320796,0.17992975002320796,0.406437460854777,0.04626057952061248,0.09820532250438792,0.09820532250438792,0.4274391055690843,0.025258934806305134
IMG_0078,1,IMG_0078_r1_archive.csv,11,001000000010011001010000,32,38,80,0.447837959759399,0.3384813486724834,0.0,0.196078431372549,0.33859548090396374,0.0018190326070252573,0.3401716897364455,0.3390315777692292,0.01998907606384242,0.01998907606384242,0.4427961606549281,0.004996606535913879,0.0946971414261134,0.0946971414261134,0.42448967384926595,0.02330309334157605,0.17992975002320796,0.17992975002320796,0.403250605881226,0.04454216130961595,0.09820532250438792,0.09820532250438792,0.42351214679514,0.02428062039570196
IMG_0078,1,IMG_0078_r1_archive.csv,12,001011000000001100110101,44,3,53,0.4594157573734803,0.3382606286793312,0.0,0.130718954248366,0.33857497263779246,0.001658744267670308,0.3401912535551129,0.3390389792672117,0.01998907606384242,0.01998907606384242,0.45403304138053896,0.005443333975494476,0.0946971414261134,0.0946971414261134,0.43391475419243314,0.025561621163600275,0.17992975002320796,0.17992975002320796,0.4106670975198177,0.048809277836215706,0.09820532250438792,0.09820532250438792,0.43287163103092996,0.026604744325103485
IMG_0078,1,IMG_0078_r1_archive.csv,13,011001010010101101011001,101,43,89,0.4470554628801457,0.3384756964843873,0.0,0.3045751633986928,0.3388772276910794,0.002235718063035649,0.34034926515955854,0.3393879320614109,0.01998907606384242,0.01998907606384242,0.4420436087204081,0.004978319546763735,0.0946971414261134,0.0946971414261134,0.4238289971028278,0.023192931164344035,0.17992975002320796,0.17992975002320796,0.4027109619111257,0.044310966356046075,0.09820532250438792,0.09820532250438792,0.42286118924478716,0.02416073902238462
IMG_0078,1,IMG_0078_r1_archive.csv,14,000110001111111000011001,24,254,25,0.4525635886741428,0.3382466116612505,0.0,0.396078431372549,0.33847936261016953,0.0015123781330343782,0.340132235061149,0.3389787415623567,0.01998907606384242,0.01998907606384242,0.44738216502103145,0.005220148045876496,0.0946971414261134,0.0946971414261134,0.42837611621839117,0.024226196848516793,0.17992975002320796,0.17992975002320796,0.4064424643781972,0.046159848688710745,0.09820532250438792,0.09820532250438792,0.4274002485392066,0.02520206452770134
IMG_0078,1,IMG_0078_r1_archive.csv,15,000101010000000000000000,21,2,2,0.4808864944022162,0.3382655743630681,0.0,0.0326797385620915,0.3383943290152058,0.0013026425691888728,0.3400996353571466,0.33880889322149405,0.01998907606384242,0.01998907606384242,0.4746185103442377,0.006229793035730394,0.0946971414261134,0.0946971414261134,0.45109838599948443,0.02974991738048363,0.17992975002320796,0.17992975002320796,0.42454051337234294,0.05630779000762512,0.09820532250438792,0.09820532250438792,0.45008580323868835,0.03076250014127972
IMG_0078,1,IMG_0078_r1_archive.csv,16,000100100000001100010101,18,3,21,0.4618925691960865,0.3383759453969372,0.0,0.0549019607843137,0.33834401194205665,0.0013176482306688241,0.3400455668686274,0.3387214999854753,0.01998907606384242,0.01998907606384242,0.45631677307603535,0.005559507153789709,0.0946971414261134,0.0946971414261134,0.4358991888321729,0.02597709139765217,0.17992975002320796,0.17992975002320796,0.41225892066194325,0.04961735956788181,0.09820532250438792,0.09820532250438792,0.4348249608567172,0.027051319373107896
IMG_0078,1,IMG_0078_r1_archive.csv,17,000101010000000100000101,21,2,5,0.4707591090136983,0.3383460980026615,0.0,0.0366013071895424,0.338508001326733,0.0015253858132604691,0.34015762185765597,0.3390316660320217,0.01998907606384242,0.01998907606384242,0.4646306225113801,0.005852031250601856,0.0946971414261134,0.0946971414261134,0.44285064064343777,0.027632013118544168,0.17992975002320796,0.17992975002320796,0.41766862689627837,0.052814026865703564,0.09820532250438792,0.09820532250438792,0.4417166300170321,0.028766023744949864
IMG_0078,1,IMG_0078_r1_archive.csv,18,000110111111101001000001,27,250,65,0.4517567345412854,0.3382642328654828,0.0,0.4470588235294118,0.3386135778629139,0.0017818584471592817,0.34019908023536205,0.3392390521221124,0.01998907606384242,0.01998907606384242,0.4466114700227389,0.005185131848133511,0.0946971414261134,0.0946971414261134,0.4277594044417013,0.024037197429171073,0.17992975002320796,0.17992975002320796,0.40585756857614913,0.045939033294723264,0.09820532250438792,0.09820532250438792,0.42674281434686306,0.025053787524009285
IMG_0078,1,IMG_0078_r1_archive.csv,20,010001110010010000110001,71,36,49,0.447710221753706,0.3384377570930021,0.0,0.2039215686274509,0.3388887528558677,0.002218219534031551,0.3403651649565979,0.3393878379189561,0.01998907606384242,0.01998907606384242,0.44262199401567076,0.0050073078110461425,0.0946971414261134,0.0946971414261134,0.4243314405959255,0.023297861230791427,0.17992975002320796,0.17992975002320796,0.4031410702026964,0.044488231624020505,0.09820532250438792,0.09820532250438792,0.42336483493809757,0.024264466888619357
IMG_0078,1,IMG_0078_r1_archive.csv,21,001101010101101101100001,53,91,97,0.4470348984835505,0.3384860816334769,0.0,0.3150326797385621,0.33873183720070943,0.001961805983166641,0.3402723526891558,0.3392737562488645,0.01998907606384242,0.01998907606384242,0.4420207415177718,0.004959439923705992,0.0946971414261134,0.0946971414261134,0.42379702027041116,0.023183161171066648,0.17992975002320796,0.17992975002320796,0.40275480835409255,0.044225373087385215,0.09820532250438792,0.09820532250438792,0.42285752338075855,0.024122658060719285
IMG_0078,1,IMG_0078_r1_archive.csv,22,010010001111110101000101,72,253,69,0.4506365887262523,0.3382801494856802,0.0,0.5150326797385621,0.33871790816720443,0.0018865626021413373,0.3402772345009071,0.339255713920987,0.01998907606384242,0.01998907606384242,0.44574077228563097,0.005133504968579194,0.0946971414261134,0.0946971414261134,0.42701197455738304,0.023862302696827146,0.17992975002320796,0.17992975002320796,0.40531327666297323,0.04556100059123694,0.09820532250438792,0.09820532250438792,0.4260220078353291,0.024852269418881093
IMG_0078,1,IMG_0078_r1_archive.csv,23,000111010000010000000000,29,4,2,0.4737948169422045,0.3382559530265024,0.0,0.0457516339869281,0.33854334327909397,0.0014609110891458028,0.34020908249104553,0.3389594215279416,0.01998907606384242,0.01998907606384242,0.46775354075249514,0.006015395020342793,0.0946971414261134,0.0946971414261134,0.4453939629228788,0.028374972849959115,0.17992975002320796,0.17992975002320796,0.4200626900929804,0.053706245679857545,0.09820532250438792,0.09820532250438792,0.4444033979227848,0.02936553785005315
IMG_0078,1,IMG_0078_r1_archive.csv,24,000001010000000001000010,5,2,66,0.4696991409388869,0.3383228897449388,0.0,0.0954248366013071,0.3384135180237057,0.0013715158338361007,0.3401016060494846,0.3390883792163186,0.01998907606384242,0.01998907606384242,0.4638630007432086,0.00590391211611666,0.0946971414261134,0.0946971414261134,0.442276234461555,0.02749067839777024,0.17992975002320796,0.17992975002320796,0.41728577692574287,0.05248113593358236,0.09820532250438792,0.09820532250438792,0.4411416707101688,0.028625242149156422
IMG_0078,1,IMG_0078_r1_archive.csv,25,001001010000010000010100,37,4,20,0.4578180671556691,0.338467310205961,0.0,0.0797385620915032,0.3385392833918377,0.0014876805193960807,0.3401983302462267,0.33909438956479193,0.01998907606384242,0.01998907606384242,0.4524319223522621,0.00538911643914394,0.0946971414261134,0.0946971414261134,0.4326013673925153,0.025219671398890732,0.17992975002320796,0.17992975002320796,0.40960280321748055,0.0482182355739255,0.09820532250438792,0.09820532250438792,0.4315453643207527,0.02627567447065339
IMG_0078,1,IMG_0078_r1_archive.csv,27,001001001100000000000110,36,192,6,0.4549853617391264,0.3382633361684643,0.0,0.3058823529411765,0.33875003064491493,0.0019914368450306775,0.34028313841789537,0.33928397814404554,0.01998907606384242,0.01998907606384242,0.44986682500981456,0.005272723139683049,0.0946971414261134,0.0946971414261134,0.43046591270071094,0.024673635448786667,0.17992975002320796,0.17992975002320796,0.4080593728670133,0.047080175282484274,0.09820532250438792,0.09820532250438792,0.42946403685917955,0.025675511290317993
IMG_0078,1,IMG_0078_r1_archive.csv,28,010001010000000000000000,69,2,2,0.4794424318256633,0.3382321338114472,0.0,0.0954248366013071,0.33865432848251,0.001700740942094489,0.3402601102312243,0.3390820404736705,0.01998907606384242,0.01998907606384242,0.4733098476831836,0.006173306558133336,0.0946971414261134,0.0946971414261134,0.4499833622346531,0.02949979200666388,0.17992975002320796,0.17992975002320796,0.42365756504574426,0.05582558919557269,0.09820532250438792,0.09820532250438792,0.448983591654527,0.030499562586789968
IMG_0078,1,IMG_0078_r1_archive.csv,29,010111010010111000111100,93,46,60,0.4471484471402547,0.3384836597966725,0.0,0.2601307189542483,0.33873472576100855,0.0019650305448627755,0.3402744351090309,0.33929333987520954,0.01998907606384242,0.01998907606384242,0.4422717389100556,0.0049600664224083634,0.0946971414261134,0.0946971414261134,0.42397026409401234,0.023261541238451623,0.17992975002320796,0.17992975002320796,0.40288301200071297,0.04434879333175099,0.09820532250438792,0.09820532250438792,0.4230416716682603,0.024190133664203656
IMG_0078,1,IMG_0078_r1_archive.csv,31,010111010010110100110001,93,45,49,0.4473714722120978,0.3383836385965281,0.0,0.2444444444444444,0.33876817334340514,0.0020102056769408638,0.34029658890840797,0.33940678232762345,0.01998907606384242,0.01998907606384242,0.44235171908899124,0.004985414221258111,0.0946971414261134,0.0946971414261134,0.4240828222054709,0.023254311104778436,0.17992975002320796,0.17992975002320796,0.40295776006886397,0.04437937324138536,0.09820532250438792,0.09820532250438792,0.4231307671211087,0.024206366189140637
IMG_0078,1,IMG_0078_r1_archive.csv,32,011100010101001001000100,113,82,68,0.4466375374484764,0.3383752990245541,0.0,0.3437908496732026,0.3387976426222242,0.0020813228613811687,0.34030827889111703,0.33935152826461534,0.01998907606384242,0.01998907606384242,0.44175338742963705,0.004934024395266811,0.0946971414261134,0.0946971414261134,0.42355006972109666,0.023137342103807194,0.17992975002320796,0.17992975002320796,0.40254582023966196,0.04414159158524192,0.09820532250438792,0.09820532250438792,0.42261642579679853,0.02407098602810531
IMG_0078,1,IMG_0078_r1_archive.csv,33,011111110101101001000100,127,90,68,0.4471311506963503,0.3383317985366232,0.0,0.3725490196078431,0.33876078310547253,0.0020092970676138747,0.3402894258228072,0.3392609797469739,0.01998907606384242,0.01998907606384242,0.4421898538364168,0.004943269484226033,0.0946971414261134,0.0946971414261134,0.42391729955506646,0.023215823765576377,0.17992975002320796,0.17992975002320796,0.4027931517679171,0.04433997155272579,0.09820532250438792,0.09820532250438792,0.4229667683864668,0.024166354934176067
IMG_0078,1,IMG_0078_r1_archive.csv,36,000110010010010101000010,25,37,66,0.4484102493916117,0.338403963628642,0.0,0.1673202614379084,0.3386850863639599,0.001861620245809392,0.34025064828674567,0.3390856836594194,0.01998907606384242,0.01998907606384242,0.44335734263447185,0.005005106599389222,0.0946971414261134,0.0946971414261134,0.4248794491703222,0.02348300006353883,0.17992975002320796,0.17992975002320796,0.4036633753978988,0.04469907383596224,0.09820532250438792,0.09820532250438792,0.4239667224008976,0.02439572683296343
IMG_0078,1,IMG_0078_r1_archive.csv,37,010110010011111000110001,89,62,49,0.4472481958931096,0.3383973787831815,0.0,0.261437908496732,0.3388313044458476,0.0021235272971424314,0.3403313896058,0.33934387922654646,0.01998907606384242,0.01998907606384242,0.4422135083955304,0.004977049616961691,0.0946971414261134,0.0946971414261134,0.4239613745853977,0.023229183427094402,0.17992975002320796,0.17992975002320796,0.4028930359799508,0.04429752203254131,0.09820532250438792,0.09820532250438792,0.4230226396536263,0.024167918358865798
IMG_0078,1,IMG_0078_r1_archive.csv,38,000011101111110000011001,14,252,25,0.453701623566988,0.3382965031561749,0.0,0.3803921568627451,0.3385310791510413,0.0016231175442391705,0.3401562667492195,0.33901855202695447,0.01998907606384242,0.01998907606384242,0.4485790315285082,0.005240568517094072,0.0946971414261134,0.0946971414261134,0.4293583137921225,0.02446128625347976,0.17992975002320796,0.17992975002320796,0.40710281094288686,0.04671678910271543,0.09820532250438792,0.09820532250438792,0.42834671875450586,0.025472881291096417
IMG_0078,1,IMG_0078_r1_archive.csv,39,010010100011110001000001,74,60,65,0.4470724291423016,0.3384975798858872,0.0,0.2601307189542483,0.338866500935789,0.002239980630947107,0.3403374727622902,0.3393668963149176,0.01998907606384242,0.01998907606384242,0.44207451881179094,0.004962352296052131,0.0946971414261134,0.0946971414261134,0.42383095279472305,0.023205918313120067,0.17992975002320796,0.17992975002320796,0.40276699968019264,0.04426987142765044,0.09820532250438792,0.09820532250438792,0.4228908237622355,0.024146047345607546
IMG_0078,1,IMG_0078_r1_archive.csv,40,010001000000010000011001,68,4,25,0.4566605346072625,0.3383520255074781,0.0,0.126797385620915,0.33861131294461844,0.001561000301881744,0.340252029853386,0.3390789551179671,0.01998907606384242,0.01998907606384242,0.4514819555969078,0.0053929600933449,0.0946971414261134,0.0946971414261134,0.43177947729080113,0.025095438399451584,0.17992975002320796,0.17992975002320796,0.40901049949158697,0.047864416198665743,0.09820532250438792,0.09820532250438792,0.43075731079309865,0.026117604897154076
IMG_0078,1,IMG_0078_r1_archive.csv,41,001000010010011001010011,33,38,83,0.4479655707721117,0.3384633261894132,0.0,0.2013071895424836,0.33875926798316713,0.0020611531890494085,0.34027494667014285,0.3392825851540735,0.01998907606384242,0.01998907606384242,0.44296760964440896,0.004997724074139697,0.0946971414261134,0.0946971414261134,0.42459395201841493,0.02337138170013372,0.17992975002320796,0.17992975002320796,0.40336431539570516,0.04460101832284351,0.09820532250438792,0.09820532250438792,0.4236419590195097,0.024323374699038974
IMG_0078,1,IMG_0078_r1_archive.csv,42,001101110010001001010010,55,34,82,0.4474940543027942,0.3383910485747164,0.0,0.2235294117647059,0.33878402922604756,0.0021216224697043267,0.34028459059285954,0.339348305051858,0.01998907606384242,0.01998907606384242,0.4424880333539476,0.004978217952379585,0.0946971414261134,0.0946971414261134,0.4241659348779184,0.02330031642840878,0.17992975002320796,0.17992975002320796,0.4029688761877316,0.04449737511859558,0.09820532250438792,0.09820532250438792,0.4232076148065325,0.024258636499794647
IMG_0078,1,IMG_0078_r1_archive.csv,44,001110100110001001100000,58,98,96,0.4465970266877898,0.3385092212039566,0.0,0.3294117647058823,0.33871520081587414,0.001953881012345887,0.34025769754702573,0.33934422694783645,0.01998907606384242,0.01998907606384242,0.44170986270222007,0.004950279496733562,0.0946971414261134,0.0946971414261134,0.423508949394105,0.023151192804848668,0.17992975002320796,0.17992975002320796,0.40255776604600024,0.04410237615295339,0.09820532250438792,0.09820532250438792,0.42259219271410847,0.024067949484845207
IMG_0078,1,IMG_0078_r1_archive.csv,45,001100010011100000100000,49,56,32,0.447994347381427,0.3384968108141135,0.0,0.1790849673202614,0.3388345561977928,0.0022642920128091992,0.34029945017882857,0.3391986783042964,0.01998907606384242,0.01998907606384242,0.4429648750622352,0.004968143175949636,0.0946971414261134,0.0946971414261134,0.42450337215873113,0.02342964607945368,0.17992975002320796,0.17992975002320796,0.4032814059120261,0.044651612326158746,0.09820532250438792,0.09820532250438792,0.4235832177109975,0.024349800527187354
IMG_0078,1,IMG_0078_r1_archive.csv,46,001101000010101101000001,52,43,65,0.4475115200706723,0.3384171221209374,0.0,0.2091503267973856,0.33878843124348573,0.002144082483052305,0.3402833776069607,0.33925933431520056,0.01998907606384242,0.01998907606384242,0.44242480778220084,0.004991865464652703,0.0946971414261134,0.0946971414261134,0.42415059412590916,0.02326607912094439,0.17992975002320796,0.17992975002320796,0.4029979999111929,0.04441867333566068,0.09820532250438792,0.09820532250438792,0.42319113393976765,0.02422553930708592
IMG_0078,2,IMG_0078_r2_archive.csv,0,001001000100111100100011,36,79,35,0.4481100379863975,0.338691201420193,0.0,0.196078431372549,0.338774970452745,0.002128988181127799,0.3402736903917011,0.33901589766949153,0.019758075832842188,0.01975807583284219,0.44312737527971063,0.004902233819221178,0.09443807574648697,0.09443807574648697,0.42448130077877083,0.02354830832016098,0.17901870238318837,0.17901870238318837,0.4043779225665416,0.04365168653239022,0.0977382846541725,0.09773828465417252,0.42399553287500763,0.024034076223924127
IMG_0078,2,IMG_0078_r2_archive.csv,1,010000000100011010011011,64,70,155,0.4525911630832456,0.3383570694510205,0.0,0.3777777777777777,0.3388991101712936,0.0023327904434562756,0.34034687954466747,0.33919458142204467,0.019758075832842188,0.01975807583284219,0.4476396136567099,0.005113109895957628,0.09443807574648697,0.09443807574648697,0.4283625703005022,0.02439015325216533,0.17901870238318837,0.17901870238318837,0.40728502047089077,0.04546770308177674,0.0977382846541725,0.09773828465417252,0.42776240147603434,0.024990322076633237
IMG_0078,2,IMG_0078_r2_archive.csv,2,010000000111010011001011,64,116,203,0.4562893510585088,0.3383500943635273,0.0,0.5006535947712418,0.33878084970531674,0.00206505887006655,0.3402955519720381,0.33888902522980907,0.019758075832842188,0.01975807583284219,0.4512232624300233,0.005242050101863178,0.09443807574648697,0.09443807574648697,0.43139224182934904,0.025073070702537465,0.17901870238318837,0.17901870238318837,0.40971653813055575,0.04674877440133077,0.0977382846541725,0.09773828465417252,0.43077734746330937,0.025687965068577137
IMG_0078,2,IMG_0078_r2_archive.csv,4,010001010000111100100000,69,15,32,0.4499437573572252,0.3384271834604477,0.0,0.1516339869281045,0.3387288322607832,0.0021098682200032352,0.3402323321900204,0.33887312062271485,0.019758075832842188,0.01975807583284219,0.4449058865689421,0.004962309965058764,0.09443807574648697,0.09443807574648697,0.42597963168886643,0.02388856484513441,0.17901870238318837,0.17901870238318837,0.40561564694885094,0.044252549585149945,0.0977382846541725,0.09773828465417252,0.4255003884022199,0.02436780813178104
IMG_0078,2,IMG_0078_r2_archive.csv,5,001110000110001001000101,56,98,69,0.44691510177222,0.3384434956351772,0.0,0.2915032679738562,0.3388445881937442,0.0022002654863169067,0.340325488806403,0.3391896777348748,0.019758075832842188,0.01975807583284219,0.44219970002548237,0.004833031111205934,0.09443807574648697,0.09443807574648697,0.42365501671994144,0.023377714416746857,0.17901870238318837,0.17901870238318837,0.40372971653076,0.043303014605928294,0.0977382846541725,0.09773828465417252,0.4231948110920613,0.023837920044627026
IMG_0078,2,IMG_0078_r2_archive.csv,6,101000110011101001110110,163,58,118,0.4497701325546834,0.3384023175006325,0.0,0.4431372549019607,0.3389640633112213,0.0023930495398658104,0.3403967679104929,0.3394253091088057,0.019758075832842188,0.01975807583284219,0.4450233127446421,0.0049537929691860615,0.09443807574648697,0.09443807574648697,0.42610044434403865,0.023876661369789484,0.17901870238318837,0.17901870238318837,0.40551322287721303,0.04446388283661512,0.0977382846541725,0.09773828465417252,0.4255456599886312,0.024431445725196888
IMG_0078,2,IMG_0078_r2_archive.csv,7,000100000011000000011010,16,48,26,0.4503908827081438,0.3386185411183924,0.0,0.1176470588235294,0.3387721852242799,0.002160948382948593,0.34026291511278073,0.3388799403251827,0.019758075832842188,0.01975807583284219,0.44536378939078114,0.004950846732045207,0.09443807574648697,0.09443807574648697,0.42637159975538097,0.02394303636744538,0.17901870238318837,0.17901870238318837,0.40568825306873574,0.04462638305409062,0.0977382846541725,0.09773828465417252,0.4258078807382993,0.024506755384527068
IMG_0078,2,IMG_0078_r2_archive.csv,8,001000000000111100000010,32,15,2,0.4667946506237315,0.3385786230784359,0.0,0.0640522875816993,0.33882990216868714,0.002123800206041993,0.3403299191014147,0.33914244339694705,0.019758075832842188,0.01975807583284219,0.46097512957606307,0.005766378718550268,0.09443807574648697,0.09443807574648697,0.43976283172825126,0.026978676566362096,0.17901870238318837,0.17901870238318837,0.41620185797486403,0.0505396503197493,0.0977382846541725,0.09773828465417252,0.4389799397597261,0.02776156853488722
IMG_0078,2,IMG_0078_r2_archive.csv,9,101110111111011110111110,187,247,190,0.4601543570125747,0.3383084173020938,0.0,0.8156862745098039,0.3386314533262871,0.00179022968737267,0.34021486288868186,0.33865615957383133,0.019758075832842188,0.01975807583284219,0.45501013383646594,0.005372141710789319,0.09443807574648697,0.09443807574648697,0.43456641443727645,0.025815861109978775,0.17901870238318837,0.17901870238318837,0.41206073541702903,0.04832154013022621,0.0977382846541725,0.09773828465417252,0.4338790945635904,0.026503180983664765
IMG_0078,2,IMG_0078_r2_archive.csv,10,101010110100011111011100,171,71,220,0.4584389866331032,0.3383191754215227,0.0,0.6039215686274509,0.3388479899636235,0.0020965893663929852,0.3403548096062633,0.3391803071215563,0.019758075832842188,0.01975807583284219,0.4535120569123307,0.005308340437532283,0.09443807574648697,0.09443807574648697,0.43325161378217897,0.02556878356768403,0.17901870238318837,0.17901870238318837,0.41121545320836034,0.04760494414150268,0.0977382846541725,0.09773828465417252,0.4326597079676233,0.02616068938223966
IMG_0078,2,IMG_0078_r2_archive.csv,11,010000110000011110001100,67,7,140,0.4557450168143395,0.3384032112761355,0.0,0.2797385620915033,0.3387105171971059,0.0020356608698047667,0.34023256896389276,0.3387406093218406,0.019758075832842188,0.01975807583284219,0.4506258112553319,0.005207169363299116,0.09443807574648697,0.09443807574648697,0.430833667438999,0.024999313179632044,0.17901870238318837,0.17901870238318837,0.4092380370473268,0.0465949435713042,0.0977382846541725,0.09773828465417252,0.4302325052472192,0.025600475371411784
IMG_0078,2,IMG_0078_r2_archive.csv,12,010010000001000000010000,72,16,16,0.4510665869572401,0.3384052633527103,0.0,0.1359477124183006,0.3389022777149051,0.002387971263967103,0.3403362518831514,0.33901242214057214,0.019758075832842188,0.01975807583284219,0.44598911975772776,0.00499668273170202,0.09443807574648697,0.09443807574648697,0.42685708545252143,0.024128717036908363,0.17901870238318837,0.17901870238318837,0.40628503541373145,0.04470076707569835,0.0977382846541725,0.09773828465417252,0.4263770802079936,0.024608722281436245
IMG_0078,2,IMG_0078_r2_archive.csv,13,010000001100100010011000,64,200,152,0.4538351609187772,0.3383565354365146,0.0,0.5437908496732026,0.3387005702758421,0.0021246465754089826,0.34020037561622785,0.33877830183350355,0.019758075832842188,0.01975807583284219,0.44870832731475835,0.005165414071406391,0.09443807574648697,0.09443807574648697,0.42921482019068496,0.024658921195479747,0.17901870238318837,0.17901870238318837,0.40793347202643415,0.04594026935973059,0.0977382846541725,0.09773828465417252,0.42861887317729247,0.025254868208872242
IMG_0078,2,IMG_0078_r2_archive.csv,14,001110000000001000001000,56,2,8,0.4668295821594876,0.3385648454738312,0.0,0.0862745098039215,0.3385657535486706,0.0018587001505914178,0.34013204549526077,0.3387580109625139,0.019758075832842188,0.01975807583284219,0.46167701131147976,0.005663260418620499,0.09443807574648697,0.09443807574648697,0.44012371191321054,0.027216559816889693,0.17901870238318837,0.17901870238318837,0.41638034237544846,0.050959929354651747,0.0977382846541725,0.09773828465417252,0.43939368853337957,0.027946583196720647
IMG_0078,2,IMG_0078_r2_archive.csv,15,001110000011100000101100,56,56,44,0.4477923438809079,0.3384533723043888,0.0,0.2039215686274509,0.33884978699842433,0.0022500563181380787,0.34031823990312793,0.3391703436304521,0.019758075832842188,0.01975807583284219,0.4429521588318169,0.0048923791639569995,0.09443807574648697,0.09443807574648697,0.42430864112287864,0.023535896872895246,0.17901870238318837,0.17901870238318837,0.40425678819581956,0.04358774979995431,0.0977382846541725,0.09773828465417252,0.42383919605017173,0.024005341945602183
IMG_0078,2,IMG_0078_r2_archive.csv,16,010110110001000001100000,91,16,96,0.4487921342154976,0.3384384461298094,0.0,0.265359477124183,0.33887585853318036,0.002267466807562894,0.3403399588155277,0.3391555996390187,0.019758075832842188,0.01975807583284219,0.4439413918166519,0.004901590388121449,0.09443807574648697,0.09443807574648697,0.42513879423450507,0.023704187970268246,0.17901870238318837,0.17901870238318837,0.404953480151445,0.043889502053328325,0.0977382846541725,0.09773828465417252,0.42467788873420065,0.024165093470572673
IMG_0078,2,IMG_0078_r2_archive.csv,17,101110111111111100011010,187,255,26,0.4530694271129114,0.3383482228298676,0.0,0.611764705882353,0.33853531602682096,0.0016720935902865136,0.3401482596134874,0.3385767987254007,0.019758075832842188,0.01975807583284219,0.44807430216176675,0.0050632609181262165,0.09443807574648697,0.09443807574648697,0.42861183212205645,0.024525730957836524,0.17901870238318837,0.17901870238318837,0.4074340594324641,0.045703503647428874,0.0977382846541725,0.09773828465417252,0.4280400645720958,0.025097498507797206
IMG_0078,2,IMG_0078_r2_archive.csv,18,000010000000000000001000,8,2,8,0.4711530751031015,0.3388765415741007,0.0,0.0235294117647058,0.3385083944913329,0.001805129155886745,0.3400880791865993,0.33876818834162054,0.019758075832842188,0.01975807583284219,0.4657549844933561,0.00578952530574304,0.09443807574648697,0.09443807574648697,0.4434804496294865,0.028064060169612676,0.17901870238318837,0.17901870238318837,0.41907710603977677,0.05246740375932239,0.0977382846541725,0.09773828465417252,0.44277084672087313,0.028773663078226038
IMG_0078,2,IMG_0078_r2_archive.csv,19,001000000110010001000000,32,100,64,0.447692544330861,0.3386955741607509,0.0,0.2562091503267973,0.3390243025799814,0.0025490649463478336,0.3404180033276325,0.3393632268715041,0.019758075832842188,0.01975807583284219,0.44290016790571934,0.0048834896553423025,0.09443807574648697,0.09443807574648697,0.42433955121426153,0.023444106346800112,0.17901870238318837,0.17901870238318837,0.4041654802430492,0.0436181773180124,0.0977382846541725,0.09773828465417252,0.42380173312101005,0.023981924440051604
IMG_0078,2,IMG_0078_r2_archive.csv,20,001010010001000100110100,41,17,52,0.4495039044709732,0.3384688341504036,0.0,0.1437908496732026,0.33881897864799704,0.0021618218886316235,0.34030949016007717,0.33917445803569235,0.019758075832842188,0.01975807583284219,0.44461045009978384,0.004951168447595071,0.09443807574648697,0.09443807574648697,0.4257231735984337,0.02383844494894521,0.17901870238318837,0.17901870238318837,0.40534091880166534,0.04422069974571353,0.0977382846541725,0.09773828465417252,0.4252248474999609,0.024336771047417938
IMG_0078,2,IMG_0078_r2_archive.csv,21,000011010001000100001100,13,17,12,0.4539444341451477,0.3386206039883501,0.0,0.0549019607843137,0.33868602806295783,0.001980392215888985,0.3402218969932237,0.3388375705541454,0.019758075832842188,0.01975807583284219,0.4489488266206782,0.005088727243757473,0.09443807574648697,0.09443807574648697,0.4293247368481552,0.024712817016280475,0.17901870238318837,0.17901870238318837,0.40806060893202073,0.04597694493241498,0.0977382846541725,0.09773828465417252,0.42877805746695136,0.025259496397484305
IMG_0078,2,IMG_0078_r2_archive.csv,22,010101010010010000000100,85,36,4,0.4564256229924718,0.3383804002688892,0.0,0.1633986928104575,0.33868888903537375,0.0018548880811714006,0.3402561339993189,0.3389919281305227,0.019758075832842188,0.01975807583284219,0.4513267955736884,0.00532469713338324,0.09443807574648697,0.09443807574648697,0.43153854620874854,0.025112946498323078,0.17901870238318837,0.17901870238318837,0.4096741309413646,0.046977361765707014,0.0977382846541725,0.09773828465417252,0.43084649090793387,0.025805001799137778
IMG_0078,2,IMG_0078_r2_archive.csv,23,010000000100000001001101,64,64,77,0.4471065987201765,0.3384916403411016,0.0,0.2679738562091503,0.33887840296645527,0.0022592849076808717,0.34034454872377307,0.3391370624350137,0.019758075832842188,0.01975807583284219,0.442389444470312,0.004831371736264537,0.09443807574648697,0.09443807574648697,0.42379411636426373,0.023426699842312826,0.17901870238318837,0.17901870238318837,0.40383114159095357,0.04338967461562295,0.0977382846541725,0.09773828465417252,0.4233382341418431,0.023882582064733437
IMG_0078,2,IMG_0078_r2_archive.csv,25,000011000000000100001000,12,2,8,0.4696408342285736,0.3388334442386347,0.0,0.0287581699346405,0.3384656100684539,0.00169167688477408,0.34007365783149845,0.3386771373698261,0.019758075832842188,0.01975807583284219,0.46431384275534804,0.0057403197590113015,0.09443807574648697,0.09443807574648697,0.4422350972021659,0.0278190653121934,0.17901870238318837,0.17901870238318837,0.41812658051530954,0.05192758199904979,0.0977382846541725,0.09773828465417252,0.4415585068242745,0.02849565569008483
IMG_0078,2,IMG_0078_r2_archive.csv,26,000010000000100100010010,8,9,18,0.4571524715477975,0.3390093128564892,0.0,0.0457516339869281,0.3387456100125757,0.002220525394972364,0.34022144564807055,0.33877919649667015,0.019758075832842188,0.01975807583284219,0.45204986820440257,0.00519485951041753,0.09443807574648697,0.09443807574648697,0.43188001340013327,0.025364714314686867,0.17901870238318837,0.17901870238318837,0.41025312580293233,0.04699160191188778,0.0977382846541725,0.09773828465417252,0.43139433580248937,0.025850391912330725
IMG_0078,2,IMG_0078_r2_archive.csv,27,000110110100000000010111,27,64,23,0.449251696412278,0.3385756722766713,0.0,0.1490196078431372,0.3389872766364467,0.0025249805638913603,0.3403869984797119,0.3391904050240837,0.019758075832842188,0.01975807583284219,0.4443666828411732,0.004932424283716251,0.09443807574648697,0.09443807574648697,0.42543556836305496,0.02386353876183453,0.17901870238318837,0.17901870238318837,0.405075410344843,0.04422369678004646,0.0977382846541725,0.09773828465417252,0.42495922051635704,0.024339886608532414
IMG_0078,2,IMG_0078_r2_archive.csv,28,011101110010101000110000,119,42,48,0.4477790265503834,0.3384451276499821,0.0,0.273202614379085,0.33881826378395796,0.002169340932558814,0.3403068955350562,0.33907401549566324,0.019758075832842188,0.01975807583284219,0.44291363762782016,0.004873482608501843,0.09443807574648697,0.09443807574648697,0.42421336252292713,0.023573757713394882,0.17901870238318837,0.17901870238318837,0.4041194156560281,0.04366770458029389,0.0977382846541725,0.09773828465417252,0.4237488052689251,0.024038314967396873
IMG_0078,2,IMG_0078_r2_archive.csv,29,000001100010000000000100,6,32,4,0.4628581476218079,0.3385862353489371,0.0,0.0549019607843137,0.3386993949511119,0.0020823989646662597,0.3402097621941834,0.33883179833275,0.019758075832842188,0.01975807583284219,0.45761028970764983,0.0055053488808299,0.09443807574648697,0.09443807574648697,0.4366833704849637,0.026432268103516034,0.17901870238318837,0.17901870238318837,0.41381481325686825,0.04930082533161145,0.0977382846541725,0.09773828465417252,0.4360361578164939,0.027079480771985798
IMG_0078,2,IMG_0078_r2_archive.csv,30,000101000010000101011010,20,33,90,0.449123484299459,0.338564171402934,0.0,0.1869281045751634,0.33905262099597433,0.0026020486136030855,0.3404330758268116,0.339350233367375,0.019758075832842188,0.01975807583284219,0.44419140712988875,0.004924008882227644,0.09443807574648697,0.09443807574648697,0.42530236965921303,0.023813046352903388,0.17901870238318837,0.17901870238318837,0.4050144621805414,0.044100953831575015,0.0977382846541725,0.09773828465417252,0.42483607965654774,0.02427933635556868
IMG_0078,2,IMG_0078_r2_archive.csv,31,001010010010100000010111,41,40,23,0.4488913326654382,0.3385957806226288,0.0,0.1359477124183006,0.338953579281533,0.0024751235846308646,0.3403657653696133,0.33927537478421144,0.019758075832842188,0.01975807583284219,0.4440210841448324,0.004929240993012324,0.09443807574648697,0.09443807574648697,0.4251797960347153,0.023770529103129424,0.17901870238318837,0.17901870238318837,0.40491547538556777,0.04403484975227691,0.0977382846541725,0.09773828465417252,0.42470545185503844,0.02424487328280622
IMG_0078,2,IMG_0078_r2_archive.csv,32,000010010000001000001000,9,2,8,0.4708059524909981,0.3388003977939807,0.0,0.0248366013071895,0.3384089075285551,0.0016274942841055507,0.3400330009417667,0.3386760529508906,0.019758075832842188,0.01975807583284219,0.46542836701445717,0.005805086178917987,0.09443807574648697,0.09443807574648697,0.4431904569260798,0.028042996267295374,0.17901870238318837,0.17901870238318837,0.418870505393374,0.05236294780000115,0.0977382846541725,0.09773828465417252,0.44249644311130365,0.028737010082071506
IMG_0078,2,IMG_0078_r2_archive.csv,33,000011000000010100010100,12,5,20,0.4589026718686411,0.338949528805937,0.0,0.0483660130718954,0.33860109507824726,0.0019207265215938267,0.3401518804320868,0.33863211025379175,0.019758075832842188,0.01975807583284219,0.45364904847318155,0.005253750388439808,0.09443807574648697,0.09443807574648697,0.4331907333474667,0.025712065514154614,0.17901870238318837,0.17901870238318837,0.41122646773284377,0.04767633112877754,0.0977382846541725,0.09773828465417252,0.432688749851164,0.02621404901045732
IMG_0078,2,IMG_0078_r2_archive.csv,34,011010000000110110101010,104,13,170,0.4565606673276261,0.3383738079838306,0.0,0.3751633986928104,0.33889355682695477,0.0022989604775200193,0.3403497836918128,0.3391019792222498,0.019758075832842188,0.01975807583284219,0.4515762775164084,0.005245521243322254,0.09443807574648697,0.09443807574648697,0.43165451619827544,0.025167282561455177,0.17901870238318837,0.17901870238318837,0.4098591343149331,0.046962664444797506,0.0977382846541725,0.09773828465417252,0.4310299760098723,0.02579182274985831
IMG_0078,2,IMG_0078_r2_archive.csv,35,001100100001000100001000,50,17,8,0.4532509593450209,0.3386080944501761,0.0,0.0980392156862745,0.33890396444143556,0.0022814830898492374,0.3403645606532113,0.33911501007061423,0.019758075832842188,0.01975807583284219,0.44845233486525293,0.005137915858091797,0.09443807574648697,0.09443807574648697,0.42899069451301336,0.02459955621033138,0.17901870238318837,0.17901870238318837,0.4077776177749229,0.04581263294842186,0.0977382846541725,0.09773828465417252,0.42840688238439634,0.025183368338948343
IMG_0078,2,IMG_0078_r2_archive.csv,36,000010000010100000010100,8,40,20,0.4533123562178526,0.3388280769815244,0.0,0.0888888888888888,0.3389117109770666,0.0023783955938227793,0.34034807906284903,0.339121397939147,0.019758075832842188,0.01975807583284219,0.4482463522513539,0.005056318635208177,0.09443807574648697,0.09443807574648697,0.42867209452426497,0.024630576362297124,0.17901870238318837,0.17901870238318837,0.40770621385525074,0.045596457031311356,0.0977382846541725,0.09773828465417252,0.42820822021028987,0.02509445067627222
IMG_0078,2,IMG_0078_r2_archive.csv,37,010100101111010100011010,82,245,26,0.4515513530274926,0.3383791279350966,0.0,0.461437908496732,0.33849094635863053,0.0016876112575579761,0.34010001052847905,0.33856019567151274,0.019758075832842188,0.01975807583284219,0.4463795300436851,0.005017695836827249,0.09443807574648697,0.09443807574648697,0.4272537099283103,0.024143515952202016,0.17901870238318837,0.17901870238318837,0.4063258594237693,0.04507136645674303,0.0977382846541725,0.09773828465417252,0.4266530331319216,0.02474419274859076
IMG_0078,2,IMG_0078_r2_archive.csv,38,010000111110011011111110,67,230,254,0.461744410719176,0.338310175421364,0.0,0.7202614379084967,0.33858991704116004,0.00191259789430212,0.3401427345518225,0.33866859118089926,0.019758075832842188,0.01975807583284219,0.4563281855118568,0.005443359374090542,0.09443807574648697,0.09443807574648697,0.4356694415985774,0.02610210328736991,0.17901870238318837,0.17901870238318837,0.4129858708116531,0.048785674074294204,0.0977382846541725,0.09773828465417252,0.43499449930736245,0.026777045578584884
IMG_0078,2,IMG_0078_r2_archive.csv,39,000001100000101100001000,6,11,8,0.4605541055156767,0.3386116559399245,0.0,0.0326797385620915,0.33886474938275685,0.0023288564517861586,0.34031350225404833,0.338871613596991,0.019758075832842188,0.01975807583284219,0.4556209954698674,0.005376019229785051,0.09443807574648697,0.09443807574648697,0.43496777151812777,0.02602924318152465,0.17901870238318837,0.17901870238318837,0.4126135527922763,0.048383461907376135,0.0977382846541725,0.09773828465417252,0.43440077326009047,0.026596241439561946
IMG_0078,2,IMG_0078_r2_archive.csv,40,001010010010010000001101,41,36,13,0.4506185811216586,0.3385222251441279,0.0,0.1176470588235294,0.33875077408791787,0.0020657203403917053,0.34026531098705803,0.33884205687725083,0.019758075832842188,0.01975807583284219,0.44564444387704316,0.005032799535273409,0.09443807574648697,0.09443807574648697,0.42662815944019794,0.024049083972118645,0.17901870238318837,0.17901870238318837,0.4059116591195195,0.04476558429279706,0.0977382846541725,0.09773828465417252,0.4260614208122535,0.024615822600063036
IMG_0078,2,IMG_0078_r2_archive.csv,41,001000010011001001000100,33,50,68,0.447947089060392,0.3386693464637845,0.0,0.1973856209150327,0.33898920591070447,0.0024862033358514406,0.3403986220609797,0.3392950802111381,0.019758075832842188,0.01975807583284219,0.4431797895157423,0.004865812232497226,0.09443807574648697,0.09443807574648697,0.4244771438752186,0.023568457873020823,0.17901870238318837,0.17901870238318837,0.4044345699019135,0.04361103184632595,0.0977382846541725,0.09773828465417252,0.42403050109762486,0.024015100650614667
IMG_0078,2,IMG_0078_r2_archive.csv,42,001010010010001100000001,41,35,2,0.465092716101566,0.3384517787679337,0.0,0.1019607843137254,0.33861880089885005,0.0017233092328842125,0.340218940574867,0.33893847908718716,0.019758075832842188,0.01975807583284219,0.4593381138653805,0.005715175148929965,0.09443807574648697,0.09443807574648697,0.4383742312192549,0.026679057795055573,0.17901870238318837,0.17901870238318837,0.4150996520348351,0.04995363697947536,0.0977382846541725,0.09773828465417252,0.4376039990398235,0.027449289974486965
IMG_0078,2,IMG_0078_r2_archive.csv,43,001010010000110000101101,41,12,45,0.4505771390791171,0.3385724754270461,0.0,0.1281045751633986,0.338726595045158,0.0020907768967308197,0.3402348678052134,0.33888489218098333,0.019758075832842188,0.01975807583284219,0.4454997650077903,0.004978141756591444,0.09443807574648697,0.09443807574648697,0.4264306684235756,0.024047238340806194,0.17901870238318837,0.17901870238318837,0.4058928895570446,0.04458501720733714,0.0977382846541725,0.09773828465417252,0.42594110766280346,0.024536799101578258
IMG_0078,2,IMG_0078_r2_archive.csv,44,001000010010010100001111,33,37,15,0.4501822332416604,0.3387318546720112,0.0,0.1111111111111111,0.3390105344404808,0.002551681033947667,0.3404035811662319,0.33919376026584586,0.019758075832842188,0.01975807583284219,0.4451864563932173,0.0049847284591649586,0.09443807574648697,0.09443807574648697,0.4262329403533901,0.023938244498992185,0.17901870238318837,0.17901870238318837,0.4057578282894929,0.04441335656288932,0.0977382846541725,0.09773828465417252,0.42572574167870014,0.024445443173682153
IMG_0078,2,IMG_0078_r2_archive.csv,45,001010000011000000001101,40,48,13,0.4505309559653144,0.3385399482285821,0.0,0.1320261437908496,0.33877360418410885,0.0021637693702092273,0.34026362882579464,0.33882212729533584,0.019758075832842188,0.01975807583284219,0.4455292189130002,0.004984271284436172,0.09443807574648697,0.09443807574648697,0.42648150794665257,0.024031982250783752,0.17901870238318837,0.17901870238318837,0.4057386269508853,0.044774863246551,0.0977382846541725,0.09773828465417252,0.42591645127017935,0.02459703892725697
IMG_0082,1,IMG_0082_r1_archive.csv,0,110111111011010011011100,223,180,220,0.3520245753694427,0.3595161114340443,0.0,0.8143790849673203,0.35940813421346857,0.0018918550562971618,0.3594619373313014,0.3594638284764338,0.019835795536730115,0.01983579553673012,0.3486823656501027,0.00271168957260217,0.09441432805918788,0.09441432805918787,0.3383107388958481,0.013083316326856734,0.18027732981004008,0.18027732981004008,0.3266933872015311,0.024700668021173766,0.09817581780198603,0.09817581780198603,0.3378954972491606,0.013498557973544224
IMG_0082,1,IMG_0082_r1_archive.csv,3,000100100101000001000000,18,80,64,0.3590770119985698,0.3596858442602426,0.0,0.2117647058823529,0.35918017196800067,0.0015722998606090416,0.3593138638847554,0.35924045987442893,0.019835795536730115,0.01983579553673012,0.355358191897122,0.0030325415701995804,0.09441432805918788,0.09441432805918787,0.34403447337164417,0.014356260095677354,0.18027732981004008,0.18027732981004008,0.33115108632662993,0.027239647140691624,0.09817581780198603,0.09817581780198603,0.34351458386513195,0.01487614960218952
IMG_0082,1,IMG_0082_r1_archive.csv,7,101010100000000110100111,170,2,167,0.3637114684197222,0.3593407122522842,0.0,0.4431372549019607,0.35934875095499663,0.0017384533205508893,0.359440904506766,0.3597030872481605,0.019835795536730115,0.01983579553673012,0.36004480010214684,0.0031576042571094544,0.09441432805918788,0.09441432805918787,0.3479123564139032,0.01529004794535306,0.18027732981004008,0.18027732981004008,0.3340463654176209,0.029156038941635425,0.09817581780198603,0.09817581780198603,0.3473345073112237,0.015867897048032646
IMG_0082,1,IMG_0082_r1_archive.csv,8,001100111011010011000110,51,180,198,0.3529994920123088,0.359709289480193,0.0,0.5607843137254902,0.35921796705941256,0.0015749114108061315,0.35935100608861814,0.35940347450847726,0.019835795536730115,0.01983579553673012,0.3495993988925895,0.0027519548135270804,0.09441432805918788,0.09441432805918787,0.33916417405384625,0.013187179652270325,0.18027732981004008,0.18027732981004008,0.3273093116217436,0.025042042084373013,0.09817581780198603,0.09817581780198603,0.3386909615227265,0.013660392183390139
IMG_0082,1,IMG_0082_r1_archive.csv,10,001011011110100011011000,45,232,216,0.3518944075647284,0.3595451523720139,0.0,0.6444444444444445,0.35936456023874985,0.0018233750749504251,0.3594354833519193,0.3594577505735743,0.019835795536730115,0.01983579553673012,0.34860764298054775,0.002699786097257184,0.09441432805918788,0.09441432805918787,0.33831192416366346,0.012995504914141483,0.18027732981004008,0.18027732981004008,0.32660747221732034,0.024699956860484602,0.09817581780198603,0.09817581780198603,0.33784234645384387,0.01346508262396109
IMG_0082,1,IMG_0082_r1_archive.csv,11,010100010000001111100100,81,3,228,0.3602163337536145,0.3594091984783114,0.0,0.4078431372549019,0.3592115851097992,0.0015329518254294091,0.3593551140353489,0.3597726477296628,0.019835795536730115,0.01983579553673012,0.3566632140927434,0.003017285480177195,0.09441432805918788,0.09441432805918787,0.34503400125407474,0.014646498318845787,0.18027732981004008,0.18027732981004008,0.33185400940448423,0.027826490168436295,0.09817581780198603,0.09817581780198603,0.34451707491710076,0.01516342465581976
IMG_0082,1,IMG_0082_r1_archive.csv,12,110001101101100111011101,198,217,221,0.3522364504576235,0.3594786787346853,0.0,0.8313725490196079,0.35939328685632854,0.0018387259040692511,0.3594603722622184,0.35948075039164284,0.019835795536730115,0.01983579553673012,0.34887774858325366,0.0027088957270375953,0.09441432805918788,0.09441432805918787,0.33846819325891003,0.013118451051381227,0.18027732981004008,0.18027732981004008,0.3267712423645979,0.024815401945693316,0.09817581780198603,0.09817581780198603,0.33803906140225387,0.013547582908037379
IMG_0082,1,IMG_0082_r1_archive.csv,15,010000100001100001000100,66,24,68,0.3580462861740012,0.3599976994335458,0.0,0.2065359477124183,0.3592027697853105,0.0015282194301417624,0.35934748180968207,0.35944116476441534,0.019835795536730115,0.01983579553673012,0.35457796395911495,0.002992360991261517,0.09441432805918788,0.09441432805918787,0.34335401111888947,0.014216313831487033,0.18027732981004008,0.18027732981004008,0.3306023242605506,0.026968000689825897,0.09817581780198603,0.09817581780198603,0.34284476644618495,0.014725558504191482
IMG_0082,1,IMG_0082_r1_archive.csv,17,010001010100000011000100,69,64,196,0.3544337083997962,0.3596396967827712,0.0,0.4300653594771242,0.3593163987725323,0.0017435273651477253,0.35940728381315246,0.3593894418474084,0.019835795536730115,0.01983579553673012,0.3509322748818701,0.0028284892495997176,0.09441432805918788,0.09441432805918787,0.3402478220863673,0.013512942045102552,0.18027732981004008,0.18027732981004008,0.32815219789618566,0.0256085662352842,0.09817581780198603,0.09817581780198603,0.33977743162147434,0.013983332509995491
IMG_0082,1,IMG_0082_r1_archive.csv,23,001110110110011110111111,59,103,191,0.3552007629326561,0.3594834360481365,0.0,0.461437908496732,0.3593607548316194,0.0018993087092697123,0.35941269453620905,0.35940122237926203,0.019835795536730115,0.01983579553673012,0.3516076066182244,0.0028431357733172025,0.09441432805918788,0.09441432805918787,0.34086878389479475,0.013581958496746854,0.18027732981004008,0.18027732981004008,0.3285858873897982,0.025864855001743393,0.09817581780198603,0.09817581780198603,0.34035409263427246,0.014096649757269148
IMG_0082,1,IMG_0082_r1_archive.csv,24,010000000001000100100000,64,17,32,0.3593070724815165,0.359808691418271,0.0,0.1477124183006536,0.35909420460289815,0.0013718340408503669,0.3592780129745926,0.35935350138536587,0.019835795536730115,0.01983579553673012,0.35568160068672094,0.0030336252436307383,0.09441432805918788,0.09441432805918787,0.34427440544225246,0.014440820488099188,0.18027732981004008,0.18027732981004008,0.331287646111348,0.02742757981900366,0.09817581780198603,0.09817581780198603,0.3437478840801071,0.014967341850244528
IMG_0082,1,IMG_0082_r1_archive.csv,25,000010000001000010010000,8,16,144,0.3595865501661619,0.3595342360109568,0.0,0.2196078431372549,0.3589315559691887,0.0009908164868151616,0.35921061872939203,0.35905163517252475,0.019835795536730115,0.01983579553673012,0.3558900300320387,0.0030613943753031213,0.09441432805918788,0.09441432805918787,0.344450104463471,0.01450131994387079,0.18027732981004008,0.18027732981004008,0.33137807357945553,0.027573350827886256,0.09817581780198603,0.09817581780198603,0.34390606935832174,0.015045355049020055
IMG_0082,1,IMG_0082_r1_archive.csv,26,001110110010010110010101,59,37,149,0.3559565066240788,0.3597428970451989,0.0,0.3202614379084967,0.359220476923707,0.0016571047734679912,0.3593329676122471,0.35924058769797246,0.019835795536730115,0.01983579553673012,0.3523563064323448,0.0028614735596593655,0.09441432805918788,0.09441432805918787,0.34147321968339767,0.013744560308606497,0.18027732981004008,0.18027732981004008,0.3290090787970468,0.02620870119495735,0.09817581780198603,0.09817581780198603,0.3409462016375964,0.014271578354407738
IMG_0082,1,IMG_0082_r1_archive.csv,33,110101011101110110111011,213,221,187,0.3522498863149296,0.3594633006355572,0.0,0.8117647058823529,0.35941489825939166,0.001910860778689702,0.35946394994662634,0.3594921532320825,0.019835795536730115,0.01983579553673012,0.34883932897364106,0.0027079983099774353,0.09441432805918788,0.09441432805918787,0.33844298091923913,0.013104346364379378,0.18027732981004008,0.18027732981004008,0.32674887466768376,0.02479845261593476,0.09817581780198603,0.09817581780198603,0.3380103948535213,0.01353693243009719
IMG_0082,1,IMG_0082_r1_archive.csv,34,001011100100111110100111,46,79,167,0.3554520820404898,0.3595821720476546,0.0,0.3816993464052287,0.359318021536717,0.0018608210559436064,0.35937958315463814,0.3594804967543004,0.019835795536730115,0.01983579553673012,0.3517919665606932,0.002862286314732678,0.09441432805918788,0.09441432805918787,0.3409779978577745,0.013676255017651358,0.18027732981004008,0.18027732981004008,0.3287057348983208,0.025948517977105123,0.09817581780198603,0.09817581780198603,0.34049189977226285,0.014162353103163055
IMG_0082,1,IMG_0082_r1_archive.csv,37,001101000110100000100000,52,104,32,0.3582646717689674,0.3598178158030714,0.0,0.2457516339869281,0.35929431295321873,0.0018351239216621061,0.35936229885471027,0.3593498168804861,0.019835795536730115,0.01983579553673012,0.354623529040414,0.0029892962273390974,0.09441432805918788,0.09441432805918787,0.34340853343839256,0.01420429182936054,0.18027732981004008,0.18027732981004008,0.3306074717093484,0.02700535355840467,0.09817581780198603,0.09817581780198603,0.342879844729385,0.014732980538368102
IMG_0082,1,IMG_0082_r1_archive.csv,40,111010110110000110110111,235,97,183,0.3542494415855128,0.3594251395292354,0.0,0.6732026143790849,0.3594145140126741,0.001959145440409953,0.35945149453447867,0.35953461339979603,0.019835795536730115,0.01983579553673012,0.3506682818746116,0.0028092201814027334,0.09441432805918788,0.09441432805918787,0.340001794352709,0.013475707703305287,0.18027732981004008,0.18027732981004008,0.32796289369368736,0.02551460836232692,0.09817581780198603,0.09817581780198603,0.3395443233070026,0.013933178749011647
IMG_0082,1,IMG_0082_r1_archive.csv,41,000101001000000000101011,20,128,43,0.358137712653553,0.3597824716268749,0.0,0.2496732026143791,0.35947211774630583,0.002119253392376023,0.35946907128011896,0.35947469950710453,0.019835795536730115,0.01983579553673012,0.35448781587556394,0.002980728434274321,0.09441432805918788,0.09441432805918787,0.3432904130344008,0.014178131275437478,0.18027732981004008,0.18027732981004008,0.3305706437450878,0.02689790056475044,0.09817581780198603,0.09817581780198603,0.34278295755168414,0.01468558675815408
IMG_0082,1,IMG_0082_r1_archive.csv,46,001011010101010110011011,45,85,155,0.3560237959711922,0.3596137501555738,0.0,0.3725490196078431,0.35926590106877254,0.0017598015086526865,0.3593527175735165,0.3593537923923238,0.019835795536730115,0.01983579553673012,0.3524163571795863,0.0028808780870352726,0.09441432805918788,0.09441432805918787,0.34153079830062444,0.013766436965997114,0.18027732981004008,0.18027732981004008,0.3291261917233955,0.026171043543226018,0.09817581780198603,0.09817581780198603,0.34102444906786883,0.014272786198752802
IMG_0082,1,IMG_0082_r1_archive.csv,47,001011101010000110110110,46,161,182,0.3537620425274706,0.3595523803515917,0.0,0.5084967320261438,0.35933250719871074,0.0018992406576585784,0.35938446391620316,0.35945371710572044,0.019835795536730115,0.01983579553673012,0.3502788198029065,0.002786564633733409,0.09441432805918788,0.09441432805918787,0.33973234911350014,0.01333303532313977,0.18027732981004008,0.18027732981004008,0.3277319188612832,0.0253334655753567,0.09817581780198603,0.09817581780198603,0.3392476959258966,0.013817688510743295
IMG_0082,1,IMG_0082_r1_archive.csv,51,111010101001101010110100,234,154,180,0.3533144176708298,0.3594460147422325,0.0,0.742483660130719,0.35947582040677306,0.0020855299201201164,0.35948120480865015,0.3594978157297781,0.019835795536730115,0.01983579553673012,0.349827105772303,0.002760234755836709,0.09441432805918788,0.09441432805918787,0.33929721189991324,0.013290128628226455,0.18027732981004008,0.18027732981004008,0.327404725680874,0.02518261484726576,0.09817581780198603,0.09817581780198603,0.3388430144510301,0.013744326077109641
IMG_0082,1,IMG_0082_r1_archive.csv,53,001010011010111011110010,41,174,242,0.352469482576307,0.3596684765246046,0.0,0.5973856209150327,0.3593475609689148,0.0018745464940071353,0.3594056912273201,0.3595161409863827,0.019835795536730115,0.01983579553673012,0.3491378132743244,0.0027335662299927863,0.09441432805918788,0.09441432805918787,0.33876679608637483,0.013104583417942394,0.18027732981004008,0.18027732981004008,0.3270022510617968,0.024869128442520403,0.09817581780198603,0.09817581780198603,0.33830228680749874,0.01356909269681853
IMG_0082,1,IMG_0082_r1_archive.csv,54,110011011111111111000111,205,255,199,0.35200065835817,0.359497984828703,0.0,0.861437908496732,0.359312160169177,0.0016943023441872752,0.3594153514650372,0.35941692718354856,0.019835795536730115,0.01983579553673012,0.34862816504614946,0.002689711320827347,0.09441432805918788,0.09441432805918787,0.33825330420399896,0.013064572162977859,0.18027732981004008,0.18027732981004008,0.32666726051240275,0.024650615854574055,0.09817581780198603,0.09817581780198603,0.3378495765875171,0.013468299779459755
IMG_0082,1,IMG_0082_r1_archive.csv,56,000000100000110000000000,2,12,2,0.3809849096623773,0.3596721753974252,0.0,0.0209150326797385,0.3591016130080794,0.0012831642716407095,0.35930758882207636,0.3592268708966979,0.019835795536730115,0.01983579553673012,0.376894025527513,0.003908911660423464,0.09441432805918788,0.09441432805918787,0.3620610168517336,0.018741920336202905,0.18027732981004008,0.18027732981004008,0.3453756970328239,0.03542724015511261,0.09817581780198603,0.09817581780198603,0.3614435798040235,0.019359357383912992
IMG_0082,1,IMG_0082_r1_archive.csv,58,000010110000010010100100,11,4,164,0.3613516679290806,0.359404515763032,0.0,0.2339869281045751,0.35908197175661793,0.0012952123313182235,0.3592849355556954,0.35950864508183517,0.019835795536730115,0.01983579553673012,0.35765174438308783,0.0030927870400108055,0.09441432805918788,0.09441432805918787,0.34586815887767713,0.014876372545421488,0.18027732981004008,0.18027732981004008,0.33250312978972335,0.028241401633375247,0.09817581780198603,0.09817581780198603,0.3453410110168294,0.01540352040626918
IMG_0082,1,IMG_0082_r1_archive.csv,59,111111101110010111110110,254,229,246,0.3501880790854478,0.3596586551576881,0.0,0.9529411764705882,0.3594364951750837,0.001944627497842752,0.35947710518253007,0.359456535113487,0.019835795536730115,0.01983579553673012,0.34691930517346337,0.0026237765655027674,0.09441432805918788,0.09441432805918787,0.33678368217362925,0.012759399565336903,0.18027732981004008,0.18027732981004008,0.3254715538741452,0.024071527864820905,0.09817581780198603,0.09817581780198603,0.3363915137404126,0.013151567998553526
IMG_0082,1,IMG_0082_r1_archive.csv,60,000100010001100001100100,17,24,100,0.3588088620877591,0.3599068316984118,0.0,0.1843137254901961,0.35891256466887267,0.0009556065662510944,0.359200429909217,0.3592414958502553,0.019835795536730115,0.01983579553673012,0.3552044287966848,0.003025480760500032,0.09441432805918788,0.09441432805918787,0.3438612888114338,0.01436862074575107,0.18027732981004008,0.18027732981004008,0.3309875870977101,0.027242322459474746,0.09817581780198603,0.09817581780198603,0.34335110156860954,0.014878807988575283
IMG_0082,1,IMG_0082_r1_archive.csv,61,000110100001001110101100,26,19,172,0.3564366416836531,0.3595010960947415,0.0,0.2836601307189542,0.35925136632902255,0.00160861981248297,0.3593759782578089,0.3593618169761959,0.019835795536730115,0.01983579553673012,0.3528697813823233,0.002909967945701886,0.09441432805918788,0.09441432805918787,0.34187627847018376,0.013903470857841407,0.18027732981004008,0.18027732981004008,0.3293815746065959,0.026398174721429274,0.09817581780198603,0.09817581780198603,0.34137587815303433,0.014403871174990856
IMG_0082,1,IMG_0082_r1_archive.csv,63,110110111111111011100101,219,254,229,0.3507579897158312,0.3595103584663583,0.0,0.9176470588235294,0.35939064318146796,0.0018002171907253435,0.35946735576569366,0.35945253175951836,0.019835795536730115,0.01983579553673012,0.34753052238720944,0.0026463135863905272,0.09441432805918788,0.09441432805918787,0.3373215821068013,0.012855253866798656,0.18027732981004008,0.18027732981004008,0.32589609140698406,0.024280744566615903,0.09817581780198603,0.09817581780198603,0.33691606530033164,0.013260770673268363
IMG_0082,1,IMG_0082_r1_archive.csv,64,001110000100010011110111,56,68,247,0.3537603831525292,0.3596986054015853,0.0,0.4849673202614379,0.35935253081370255,0.0018461300704601868,0.35941776517799456,0.35936674831541326,0.019835795536730115,0.01983579553673012,0.3503230387586153,0.0027927788235649845,0.09441432805918788,0.09441432805918787,0.33970822891345914,0.013407588668721146,0.18027732981004008,0.18027732981004008,0.3277760362226078,0.02533978135957248,0.09817581780198603,0.09817581780198603,0.3392691012982274,0.01384671628395287
IMG_0082,1,IMG_0082_r1_archive.csv,66,101010111100100110101100,171,201,172,0.3537133618850571,0.359435599257943,0.0,0.7111111111111111,0.35940719299562174,0.0018924108858235011,0.359460857156073,0.3596021964877745,0.019835795536730115,0.01983579553673012,0.3502786674113303,0.0027776243279266934,0.09441432805918788,0.09441432805918787,0.3396992124118643,0.013357079327392702,0.18027732981004008,0.18027732981004008,0.32769993356266786,0.025356358176589096,0.09817581780198603,0.09817581780198603,0.3392259377952875,0.013830353943969498
IMG_0082,1,IMG_0082_r1_archive.csv,67,100011000000000110110010,140,2,178,0.3641299695529018,0.3593225030072766,0.0,0.4183006535947712,0.359219799457018,0.0015177211699006793,0.3593671360464499,0.3596394695756877,0.019835795536730115,0.01983579553673012,0.3604354728402632,0.003179176131347677,0.09441432805918788,0.09441432805918787,0.3482366541543637,0.015377994817247179,0.18027732981004008,0.18027732981004008,0.33433977846529456,0.029274870506316365,0.09817581780198603,0.09817581780198603,0.3476706351533072,0.01594401381830374
IMG_0082,1,IMG_0082_r1_archive.csv,69,110011101111110011001100,206,252,204,0.3515483347612614,0.3594736415502464,0.0,0.8653594771241829,0.35935115103788595,0.0017564353576753468,0.3594388090803743,0.35950733064777657,0.019835795536730115,0.01983579553673012,0.34820744576891566,0.0026835817929825637,0.09441432805918788,0.09441432805918787,0.3379025326602642,0.012988494901634009,0.18027732981004008,0.18027732981004008,0.3263833719382448,0.024507655623653445,0.09817581780198603,0.09817581780198603,0.3374977834558082,0.013393244106090005
IMG_0082,1,IMG_0082_r1_archive.csv,75,001011000010110010010101,44,44,149,0.3559865277646002,0.3597561923094017,0.0,0.3098039215686274,0.3591684975447958,0.0015536963185598177,0.35930684034706295,0.35926211727450424,0.019835795536730115,0.01983579553673012,0.35241555289071164,0.002884281498904915,0.09441432805918788,0.09441432805918787,0.34151355265391203,0.013786281735704505,0.18027732981004008,0.18027732981004008,0.3291015466190363,0.026198287770580236,0.09817581780198603,0.09817581780198603,0.34101021738788667,0.014289617001729885
IMG_0082,1,IMG_0082_r1_archive.csv,77,000110100001110100011100,26,29,28,0.35974659518602,0.3596708923358866,0.0,0.1084967320261438,0.3593241171444701,0.0017674557063001304,0.35940902009980225,0.359344153582482,0.019835795536730115,0.01983579553673012,0.35610182045823263,0.0030652210971067223,0.09441432805918788,0.09441432805918787,0.3446152292025375,0.014551812352801874,0.18027732981004008,0.18027732981004008,0.33161556738484377,0.027551474170495586,0.09817581780198603,0.09817581780198603,0.344110872348538,0.015056169206801395
IMG_0082,1,IMG_0082_r1_archive.csv,78,000001110000111000001101,7,14,13,0.3633878818399509,0.3595100226782156,0.0,0.0444444444444444,0.3589866199978724,0.001042667465564578,0.35925272001338826,0.3592072215431325,0.019835795536730115,0.01983579553673012,0.35966831671301913,0.0031787528214136623,0.09441432805918788,0.09441432805918787,0.34754872471437276,0.015298344820060048,0.18027732981004008,0.18027732981004008,0.33392901543770903,0.028918054096723732,0.09817581780198603,0.09817581780198603,0.3470486856217003,0.015798383912732483
IMG_0082,1,IMG_0082_r1_archive.csv,81,000001100000110100000000,6,13,2,0.373437225809031,0.3594472332628458,0.0,0.0274509803921568,0.35900320483049625,0.001114586922173533,0.35925132498185997,0.35903827326671617,0.019835795536730115,0.01983579553673012,0.36947425747003193,0.0036199095022624132,0.09441432805918788,0.09441432805918787,0.3558150703089206,0.017279096663373707,0.18027732981004008,0.18027732981004008,0.3405182070736297,0.032575959898664644,0.09817581780198603,0.09817581780198603,0.3552691782841941,0.017824988688100254
IMG_0082,1,IMG_0082_r1_archive.csv,82,001000110101010010111000,35,84,184,0.3553263843886789,0.3595351846732482,0.0,0.396078431372549,0.35926963606348306,0.001705226961042805,0.3593700962051295,0.35941147336054985,0.019835795536730115,0.01983579553673012,0.351713484898924,0.0028529226989919476,0.09441432805918788,0.09441432805918787,0.3409083379750305,0.013658069622885476,0.18027732981004008,0.18027732981004008,0.3286431696900712,0.025923237907844808,0.09817581780198603,0.09817581780198603,0.3404216641880085,0.01414474340990741
IMG_0082,1,IMG_0082_r1_archive.csv,84,000101100000111100010010,22,15,18,0.361033575912253,0.3596707492680013,0.0,0.0718954248366013,0.3592501461762231,0.0016099088674028758,0.3593744358412795,0.35939803611968807,0.019835795536730115,0.01983579553673012,0.35755036165388765,0.0030938537810445486,0.09441432805918788,0.09441432805918787,0.34578772152401277,0.014856493910919437,0.18027732981004008,0.18027732981004008,0.3325688020928888,0.028075413342043377,0.09817581780198603,0.09817581780198603,0.34530229509026306,0.015341920344669122
IMG_0082,1,IMG_0082_r1_archive.csv,87,001010001100101010110101,40,202,181,0.353175199499726,0.3595142672255891,0.0,0.5529411764705883,0.3593063487669409,0.0017469760855949924,0.3593963716274492,0.3595035276600402,0.019835795536730115,0.01983579553673012,0.34976459136124544,0.0027698692899352294,0.09441432805918788,0.09441432805918787,0.33931595606379206,0.013218504587388576,0.18027732981004008,0.18027732981004008,0.32738757316234707,0.025146887488833612,0.09817581780198603,0.09817581780198603,0.33882270686246146,0.013711753788719139
IMG_0082,1,IMG_0082_r1_archive.csv,89,001000011100001010101100,33,194,172,0.3532428867581774,0.3595850392462185,0.0,0.5215686274509804,0.3592609775152037,0.00163229117225192,0.3593796716040478,0.3594081091691908,0.019835795536730115,0.01983579553673012,0.34987251846202577,0.002773933065301959,0.09441432805918788,0.09441432805918787,0.3394071031587874,0.013239348368540278,0.18027732981004008,0.18027732981004008,0.3274225554952953,0.025223896032032393,0.09817581780198603,0.09817581780198603,0.3389007257053695,0.01374572582195821
IMG_0082,1,IMG_0082_r1_archive.csv,91,001000000100000110110100,32,65,180,0.3556490312203966,0.3596290054516055,0.0,0.3620915032679738,0.3593135564915202,0.0017748104596623055,0.35939662075851164,0.35939625359562516,0.019835795536730115,0.01983579553673012,0.3521081198180229,0.002875391990290274,0.09441432805918788,0.09441432805918787,0.34125388587417926,0.01372962593413392,0.18027732981004008,0.18027732981004008,0.32889616510524355,0.026087346703069624,0.09817581780198603,0.09817581780198603,0.3407527235991486,0.014230788209164605
IMG_0082,2,IMG_0082_r2_archive.csv,0,000001100010001000010100,6,34,20,0.3623343226775407,0.359539640017436,0.0,0.0784313725490196,0.3597181924178702,0.0025700622873472212,0.35960244372794037,0.35983649928208344,0.0196134308283841,0.0196134308283841,0.3590650407936355,0.0031857713001198426,0.09486769299853412,0.09486769299853412,0.3473212210234276,0.014929591070327715,0.1806119563128909,0.18061195631289087,0.33341559975112134,0.028835212342633965,0.09836436004660304,0.09836436004660302,0.34660062052272816,0.015650191571027174
IMG_0082,2,IMG_0082_r2_archive.csv,1,010000001010101111010110,64,171,214,0.3521960751561157,0.3597128246878816,0.0,0.5869281045751633,0.35954623630812926,0.002114154958619107,0.3595444644503816,0.35956999988854405,0.0196134308283841,0.0196134308283841,0.3495911528150746,0.0027571276609209775,0.09486769299853412,0.09486769299853412,0.3391907833162994,0.01315749715969617,0.1806119563128909,0.18061195631289087,0.3272747525987294,0.025073527877266195,0.09836436004660304,0.09836436004660302,0.3386855629100345,0.013662717565961114
IMG_0082,2,IMG_0082_r2_archive.csv,2,001111001011011010101011,60,182,171,0.3531465498833909,0.3594392557487185,0.0,0.5398692810457516,0.35960144664015997,0.0022957340225910365,0.3595542800164193,0.35968185792203494,0.0196134308283841,0.0196134308283841,0.3504770219802181,0.002788723514396962,0.09486769299853412,0.09486769299853412,0.33996090261308165,0.013304842881533373,0.1806119563128909,0.18061195631289087,0.3279059585075603,0.025359786987054694,0.09836436004660304,0.09836436004660302,0.33944796103362,0.013817784460995011
IMG_0082,2,IMG_0082_r2_archive.csv,3,001110110111100111010001,59,121,209,0.3536200897741929,0.3595169389115895,0.0,0.5084967320261438,0.3595836962023435,0.002188499045537259,0.35956333832286624,0.35966401522668606,0.0196134308283841,0.0196134308283841,0.35092444364809056,0.002827803487506621,0.09486769299853412,0.09486769299853412,0.34032262941790914,0.013429617717688044,0.1806119563128909,0.18061195631289087,0.32813569727495717,0.025616549860639975,0.09836436004660304,0.09836436004660302,0.33979425678031894,0.013957990355278213
IMG_0082,2,IMG_0082_r2_archive.csv,11,111110111110100011000001,251,232,193,0.3510400411248754,0.359479135188904,0.0,0.8836601307189543,0.3598244159542946,0.0025951608495930435,0.35970239262380344,0.35986790128727875,0.0196134308283841,0.0196134308283841,0.348528009915758,0.0027142209660076617,0.09486769299853412,0.09486769299853412,0.3383496580111829,0.012892572870582767,0.1806119563128909,0.18061195631289087,0.3265891513633755,0.024653079518390113,0.09836436004660304,0.09836436004660302,0.3378222730967721,0.013419957784993516
IMG_0082,2,IMG_0082_r2_archive.csv,12,000111101001110010100110,30,156,166,0.3541505225201287,0.359457592452875,0.0,0.4601307189542483,0.3595439889568661,0.002189568472339663,0.35952336372068827,0.35960566731401267,0.0196134308283841,0.0196134308283841,0.35142040203299896,0.002835473863511237,0.09486769299853412,0.09486769299853412,0.3407680953938863,0.013487780502623857,0.1806119563128909,0.18061195631289087,0.3285085401986522,0.025747335697857976,0.09836436004660304,0.09836436004660302,0.3402323458751792,0.014023530021331021
IMG_0082,2,IMG_0082_r2_archive.csv,13,111111101110100111110000,254,233,240,0.3497626695341449,0.3594999591214993,0.0,0.950326797385621,0.359783707038054,0.0025241225766943617,0.3596794432757875,0.35995068442252204,0.0196134308283841,0.0196134308283841,0.3473754724245729,0.002646745362523249,0.09486769299853412,0.09486769299853412,0.337346904507055,0.01267531328004116,0.1806119563128909,0.18061195631289087,0.32576442508510334,0.024257792701992836,0.09836436004660304,0.09836436004660302,0.33682893400557706,0.01319328378151908
IMG_0082,2,IMG_0082_r2_archive.csv,15,010100011111101011111111,81,250,255,0.3509306493717234,0.3595770085625733,0.0,0.7660130718954249,0.3594579836207491,0.001932044960332131,0.3595017392625731,0.35957039665472745,0.0196134308283841,0.0196134308283841,0.34856171385270546,0.002664490514957814,0.09486769299853412,0.09486769299853412,0.33827626453482074,0.012949939832842514,0.1806119563128909,0.18061195631289087,0.32655402510504966,0.02467217926261357,0.09836436004660304,0.09836436004660302,0.3377973344975253,0.013428869870137966
IMG_0082,2,IMG_0082_r2_archive.csv,16,001110000001000000100011,56,16,35,0.359209330217749,0.3595528752572961,0.0,0.1398692810457516,0.3597328227400661,0.002552458288942604,0.3596214750497375,0.35999399369556967,0.0196134308283841,0.0196134308283841,0.3560811544672533,0.003032583901193004,0.09486769299853412,0.09486769299853412,0.34475250014794473,0.014361238220501546,0.1806119563128909,0.18061195631289087,0.33146311654520216,0.027650621823244122,0.09836436004660304,0.09836436004660302,0.34409892372013345,0.01501481464831289
IMG_0082,2,IMG_0082_r2_archive.csv,21,111111001111010011111111,252,244,255,0.3500662928174273,0.3594300918800391,0.0,0.9816993464052288,0.3597883299800274,0.0025161524456241368,0.3596860587505285,0.35987419790264674,0.0196134308283841,0.0196134308283841,0.3477104206429736,0.002660054226849145,0.09486769299853412,0.09486769299853412,0.33761808531699333,0.012752389552829375,0.1806119563128909,0.18061195631289087,0.32597520803365426,0.024395266836168446,0.09836436004660304,0.09836436004660302,0.3371012379978737,0.013269236871948989
IMG_0082,2,IMG_0082_r2_archive.csv,26,010010101100010011010111,74,196,215,0.3519041944904033,0.359651469554989,0.0,0.6339869281045751,0.35948503965771483,0.0020002659543649987,0.3595117400510307,0.35954879021056857,0.0196134308283841,0.0196134308283841,0.3493551575268528,0.002730628459050638,0.09486769299853412,0.09486769299853412,0.3389753608908715,0.013110425095031974,0.1806119563128909,0.18061195631289087,0.3271244183087579,0.02496136767714556,0.09836436004660304,0.09836436004660302,0.3384849789088274,0.013600807077076055
IMG_0082,2,IMG_0082_r2_archive.csv,36,100110110011011011000100,155,54,196,0.355361688437177,0.3594044799151234,0.0,0.5294117647058824,0.3598543021139892,0.002775551101584983,0.35968718122050014,0.35992593677185086,0.0196134308283841,0.0196134308283841,0.35246276041455465,0.002895431482567314,0.09486769299853412,0.09486769299853412,0.3416867964775132,0.013671395419608729,0.1806119563128909,0.18061195631289087,0.3291489403992503,0.026209251497871636,0.09836436004660304,0.09836436004660302,0.3410994990971061,0.014258692800015892
IMG_0082,2,IMG_0082_r2_archive.csv,37,000010000000100000000010,8,8,2,0.3731362185811409,0.3594652587364739,0.0,0.0235294117647058,0.3594793520122417,0.0020660388988955006,0.35948960916942485,0.35964134468774067,0.0196134308283841,0.0196134308283841,0.36957539467947037,0.0035997176184092037,0.09486769299853412,0.09486769299853412,0.35609656294885195,0.01707854934902764,0.1806119563128909,0.18061195631289087,0.3404775185227707,0.03269759377510887,0.09836436004660304,0.09836436004660302,0.355383158717031,0.017791953580848573
IMG_0082,2,IMG_0082_r2_archive.csv,38,001111001000000000010001,60,128,17,0.3579563158806225,0.3593906430406878,0.0,0.2679738562091503,0.3597597149084043,0.002580877894371931,0.35964126231671834,0.3598032420497044,0.0196134308283841,0.0196134308283841,0.3550489724565116,0.003006067766925362,0.09486769299853412,0.09486769299853412,0.3438673590758878,0.014187681147549208,0.1806119563128909,0.18061195631289087,0.33089777766210626,0.027157262561330702,0.09836436004660304,0.09836436004660302,0.3432713697315019,0.01478367049193509
IMG_0082,2,IMG_0082_r2_archive.csv,40,111111101111000111101111,254,241,239,0.3494290759075332,0.3594621572264163,0.0,0.9594771241830063,0.3597285209923319,0.002400373891334715,0.35965519440140525,0.3598491645594917,0.0196134308283841,0.0196134308283841,0.34709188863356744,0.0026377373271270995,0.09486769299853412,0.09486769299853412,0.3371214157713958,0.012608210189298686,0.1806119563128909,0.18061195631289087,0.3255648937145989,0.0241647322460956,0.09836436004660304,0.09836436004660302,0.33659273270652074,0.013136893254173795
IMG_0082,2,IMG_0082_r2_archive.csv,41,111101101111100111001110,246,249,206,0.3502668147331774,0.3594423080479039,0.0,0.9163398692810456,0.35984406634391364,0.0026442951185987208,0.35970975944617106,0.35997568354205045,0.0196134308283841,0.0196134308283841,0.34780966142390757,0.00267143279787591,0.09486769299853412,0.09486769299853412,0.33776670096863265,0.012714393253150817,0.1806119563128909,0.18061195631289087,0.32606637206104705,0.024414722160736427,0.09836436004660304,0.09836436004660302,0.3372142448178624,0.013266849403921052
IMG_0082,2,IMG_0082_r2_archive.csv,43,000011000000001101101000,12,3,104,0.3642149024580655,0.3591860611106652,0.0,0.1555555555555555,0.35966357470958793,0.002466914067634222,0.35957361307458646,0.3596911888554844,0.0196134308283841,0.0196134308283841,0.3610263542447785,0.0032174518155826744,0.09486769299853412,0.09486769299853412,0.3488624078312444,0.015381398229116766,0.1806119563128909,0.18061195631289087,0.33470948889547775,0.02953431716488342,0.09836436004660304,0.09836436004660302,0.3481994169905002,0.016044389069860953
IMG_0082,2,IMG_0082_r2_archive.csv,46,001111101101011111111101,62,215,253,0.3512174418520288,0.3595555446890595,0.0,0.6928104575163399,0.35947600508346006,0.0019982868164479116,0.35950320026125515,0.3595523817364075,0.0196134308283841,0.0196134308283841,0.3488070134932772,0.0026934618468428075,0.09486769299853412,0.09486769299853412,0.3384819254331699,0.013018549906950104,0.1806119563128909,0.18061195631289087,0.32673154435898455,0.02476893098113548,0.09836436004660304,0.09836436004660302,0.3380068277618105,0.013493647578309462
IMG_0082,2,IMG_0082_r2_archive.csv,48,001101010010101100101000,53,43,40,0.3583571649895529,0.3595728315466384,0.0,0.1777777777777777,0.35979132323149876,0.002682725805140576,0.35964740866212075,0.36008033066292794,0.0196134308283841,0.0196134308283841,0.3552905300372665,0.0029949093170643674,0.09486769299853412,0.09486769299853412,0.34403307644886194,0.014252362905468989,0.1806119563128909,0.18061195631289087,0.3309434782025842,0.02734196115174673,0.09836436004660304,0.09836436004660302,0.34342236156290423,0.014863077791426696
IMG_0082,2,IMG_0082_r2_archive.csv,51,111111010000001001101011,253,2,107,0.3632709551699731,0.3591438496235967,0.0,0.473202614379085,0.36013582872597305,0.0033960220850043615,0.35981359008662894,0.36048780917938567,0.0196134308283841,0.0196134308283841,0.36013107066670214,0.003159373692633765,0.09486769299853412,0.09486769299853412,0.34814005482741806,0.015150389531917888,0.1806119563128909,0.18061195631289087,0.3341337365880047,0.029156707771331218,0.09836436004660304,0.09836436004660302,0.3474682873607083,0.015822156998627625
IMG_0082,2,IMG_0082_r2_archive.csv,53,101101101000111011101001,182,142,233,0.3543429168851454,0.3593524165554485,0.0,0.7281045751633987,0.35962885213152923,0.0023185258419195585,0.3595759875529564,0.35970012872625806,0.0196134308283841,0.0196134308283841,0.3515198206041052,0.00287514647052855,0.09486769299853412,0.09486769299853412,0.3408855131033876,0.013509453971246173,0.1806119563128909,0.18061195631289087,0.3285964447395529,0.025798522335080863,0.09836436004660304,0.09836436004660302,0.34033392614901525,0.014061040925618528
IMG_0082,2,IMG_0082_r2_archive.csv,54,001101110100000011001011,55,64,203,0.3539002193561367,0.3594660383023152,0.0,0.4209150326797385,0.35971215179706306,0.0024788940507582923,0.3596191951662806,0.359857099192475,0.0196134308283841,0.0196134308283841,0.35118430515039295,0.002839351382506969,0.09486769299853412,0.09486769299853412,0.3405495912721387,0.013474065260761248,0.1806119563128909,0.18061195631289087,0.3283311310053002,0.02569252552759973,0.09836436004660304,0.09836436004660302,0.3400216758092773,0.01400198072362265
IMG_0082,2,IMG_0082_r2_archive.csv,55,000111000001101000000000,28,26,2,0.3694895982220411,0.3593563913584749,0.0,0.0732026143790849,0.35964687945862717,0.002521258782639705,0.3595433316448743,0.3599464897602367,0.0196134308283841,0.0196134308283841,0.36609252753525084,0.0034265330581988046,0.09486769299853412,0.09486769299853412,0.3530876674715672,0.016431393121882423,0.1806119563128909,0.18061195631289087,0.3381939561512479,0.03132510444220176,0.09836436004660304,0.09836436004660302,0.35245805038602196,0.017061010207427663
IMG_0082,2,IMG_0082_r2_archive.csv,56,111110100000001011010010,250,2,210,0.3617732930895733,0.3591090457090094,0.0,0.6039215686274509,0.3601091001551252,0.0032408139344658345,0.35982566355341583,0.36021970706191603,0.0196134308283841,0.0196134308283841,0.35876141751035306,0.003122935173512399,0.09486769299853412,0.09486769299853412,0.34697861936141966,0.01490573332244578,0.1806119563128909,0.18061195631289087,0.3333289990048174,0.028555353679048042,0.09836436004660304,0.09836436004660302,0.3463563452921967,0.01552800739166874
IMG_0082,2,IMG_0082_r2_archive.csv,57,010000010000000100001100,65,2,12,0.3676865349566359,0.359321836653192,0.0,0.1032679738562091,0.3597600520889129,0.0026437703494929473,0.35962587638344673,0.35992164523350906,0.0196134308283841,0.0196134308283841,0.36446270809344683,0.0033088190317436825,0.09486769299853412,0.09486769299853412,0.3517418551307027,0.0160296719944878,0.1806119563128909,0.18061195631289087,0.33704389925627626,0.030727627868914264,0.09836436004660304,0.09836436004660302,0.35108282082680864,0.016688706298381914
IMG_0082,2,IMG_0082_r2_archive.csv,59,000011010001101101011000,13,27,88,0.3592907919814537,0.3594626465680711,0.0,0.1673202614379084,0.3594596257902085,0.002108022819937868,0.35945938696713103,0.3596031826772485,0.0196134308283841,0.0196134308283841,0.356226603760586,0.0030243039588833754,0.09486769299853412,0.09486769299853412,0.3448391940224341,0.014411713697035273,0.1806119563128909,0.18061195631289087,0.3315334537238406,0.027717453995628805,0.09836436004660304,0.09836436004660302,0.3441997505022869,0.015051157217182485
IMG_0082,2,IMG_0082_r2_archive.csv,60,110101000000111000011100,212,14,28,0.3595941020153849,0.3593145856627593,0.0,0.3320261437908497,0.3599537574593903,0.0029523057504397742,0.35974244790368737,0.3602103401448102,0.0196134308283841,0.0196134308283841,0.35640447012866683,0.0030700044993612658,0.09486769299853412,0.09486769299853412,0.34508799020306097,0.014386484424967089,0.1806119563128909,0.18061195631289087,0.33161377255072344,0.02786070207730462,0.09836436004660304,0.09836436004660302,0.3443687442941504,0.01510573033387766
IMG_0082,2,IMG_0082_r2_archive.csv,63,111100111111011110010111,243,247,151,0.3514794199040014,0.3594498769247627,0.0,0.837908496732026,0.35987504432727135,0.002787734014515579,0.3597048777055496,0.3600627275787282,0.0196134308283841,0.0196134308283841,0.3488547713200345,0.0027062627392478973,0.09486769299853412,0.09486769299853412,0.3386885768767648,0.012872457182517642,0.1806119563128909,0.18061195631289087,0.32672584660727255,0.02483518745200987,0.09836436004660304,0.09836436004660302,0.3380897316013573,0.013471302457925138
IMG_0082,2,IMG_0082_r2_archive.csv,66,111110001100110011010111,248,204,215,0.3506830215265145,0.3594837700586228,0.0,0.8718954248366013,0.3599056651650764,0.002774578969219888,0.3597387873046785,0.3600922877912922,0.0196134308283841,0.0196134308283841,0.3481958555429219,0.002707583466242072,0.09486769299853412,0.09486769299853412,0.3380784941336419,0.012824944875522075,0.1806119563128909,0.18061195631289087,0.3263386450106152,0.02456479399854877,0.09836436004660304,0.09836436004660302,0.3375376648957263,0.013365774113437638
IMG_0082,2,IMG_0082_r2_archive.csv,69,101011110000011001101001,175,6,105,0.3608743182488722,0.359227699174782,0.0,0.3738562091503268,0.3597726939348506,0.0026681608574075184,0.35963242060240574,0.3599397631392593,0.0196134308283841,0.0196134308283841,0.35763156096543325,0.003107712948284731,0.09486769299853412,0.09486769299853412,0.3459985129387624,0.014740760974955632,0.1806119563128909,0.18061195631289087,0.3324571583308877,0.028282115582830294,0.09836436004660304,0.09836436004660302,0.34536241074502777,0.015376863168690219
IMG_0082,2,IMG_0082_r2_archive.csv,70,001101000000001101110001,52,3,113,0.3624017813486278,0.3592682793163917,0.0,0.2196078431372549,0.3597989578815246,0.002753846617887977,0.3596372631089596,0.35994042622873706,0.0196134308283841,0.0196134308283841,0.3592582987109176,0.003144574777340055,0.09486769299853412,0.09486769299853412,0.3473576172115555,0.015045256276702142,0.1806119563128909,0.18061195631289087,0.33350027020412604,0.02890260328413159,0.09836436004660304,0.09836436004660302,0.346705395375533,0.015697478112724594
IMG_0082,2,IMG_0082_r2_archive.csv,71,101101110000000000011001,183,2,25,0.3668814925902962,0.3591559893621563,0.0,0.2745098039215686,0.35993567465349763,0.003016667781787984,0.3597082745899577,0.35999589750937844,0.0196134308283841,0.0196134308283841,0.3635378182185844,0.0033128489423156953,0.09486769299853412,0.09486769299853412,0.35103185431075135,0.015818812850148762,0.1806119563128909,0.18061195631289087,0.3364247746129625,0.030425892547937615,0.09836436004660304,0.09836436004660302,0.3503314823807661,0.016519184780134023
IMG_0082,2,IMG_0082_r2_archive.csv,73,100010000000100100011011,136,9,27,0.3619476205866056,0.3593655084049825,0.0,0.2248366013071895,0.3598575955914035,0.002793376935161999,0.3596860182395201,0.3599143511911982,0.0196134308283841,0.0196134308283841,0.35872452181650294,0.0031563258611087036,0.09486769299853412,0.09486769299853412,0.34700176594861243,0.014879081728999216,0.1806119563128909,0.18061195631289087,0.3332019552274163,0.02867889245019533,0.09836436004660304,0.09836436004660302,0.3463094143308439,0.015571433346767749
IMG_0082,2,IMG_0082_r2_archive.csv,74,101100100001110100010001,178,29,17,0.3599513755997064,0.3593487865629396,0.0,0.2928104575163399,0.35998311298947344,0.003051713827663849,0.35974695141446456,0.36017741771479855,0.0196134308283841,0.0196134308283841,0.3568236485577408,0.003076540404742705,0.09486769299853412,0.09486769299853412,0.3454080971751745,0.01449209178730898,0.1806119563128909,0.18061195631289087,0.3320332726953473,0.027866916267136194,0.09836436004660304,0.09836436004660302,0.3447550061427542,0.015145182819729291
IMG_0082,2,IMG_0082_r2_archive.csv,79,001101100111000011011000,54,112,216,0.3536849408560863,0.3597091329385994,0.0,0.4993464052287582,0.35956880092496285,0.002169930437127184,0.3595530851975882,0.35958493735288705,0.0196134308283841,0.0196134308283841,0.3509799734452366,0.0028202347058861542,0.09486769299853412,0.09486769299853412,0.3403320014998485,0.01346820665127431,0.1806119563128909,0.18061195631289087,0.32819600200815907,0.02560420614296373,0.09836436004660304,0.09836436004660302,0.3398359923177481,0.013964215833374732
IMG_0082,2,IMG_0082_r2_archive.csv,82,111011100000011011111101,238,6,253,0.3557771756036262,0.3593064782576529,0.0,0.649673202614379,0.3598951736059547,0.002757452204475502,0.3597325774367429,0.36009273077407694,0.0196134308283841,0.0196134308283841,0.35300452940052374,0.0029149037395326547,0.09486769299853412,0.09486769299853412,0.3421030794666384,0.013816353673417959,0.1806119563128909,0.18061195631289087,0.32942649625679515,0.026492936883261216,0.09836436004660304,0.09836436004660302,0.34151136837465246,0.014408064765403942
IMG_0082,2,IMG_0082_r2_archive.csv,83,001101000010101011001011,52,42,203,0.3541737453031096,0.3595747659892527,0.0,0.388235294117647,0.35969761740213546,0.0024626938828974567,0.35960871081331813,0.3599122721910371,0.0196134308283841,0.0196134308283841,0.3513964172921368,0.00284007947559349,0.09486769299853412,0.09486769299853412,0.34074712461975454,0.013489372147975765,0.1806119563128909,0.18061195631289087,0.32844650836091943,0.02578998840681086,0.09836436004660304,0.09836436004660302,0.34019668342427023,0.014039813343460036
IMG_0082,2,IMG_0082_r2_archive.csv,84,001111010000111010011011,61,14,155,0.3565084604470606,0.3593202724470659,0.0,0.3006535947712418,0.359631713438562,0.0023644290349230596,0.35956737306173825,0.35973071929558936,0.0196134308283841,0.0196134308283841,0.35358855318410776,0.002923911774928804,0.09486769299853412,0.09486769299853412,0.342650613933909,0.013861851025127549,0.1806119563128909,0.18061195631289087,0.3298112087910404,0.026701256167996165,0.09836436004660304,0.09836436004660302,0.34201679196968576,0.014495672989350838
IMG_0082,2,IMG_0082_r2_archive.csv,90,010001101110001111010101,70,227,213,0.3515481654372879,0.3595480890745196,0.0,0.6666666666666666,0.3595721096337616,0.00215442991067156,0.35956026903800076,0.3596240071767545,0.0196134308283841,0.0196134308283841,0.3490835026097883,0.0026993712535218766,0.09486769299853412,0.09486769299853412,0.3387341165594677,0.01304875730384248,0.1806119563128909,0.18061195631289087,0.32693661262342616,0.024846261239884072,0.09836436004660304,0.09836436004660302,0.3382514105975607,0.013531463265749477
IMG_0082,2,IMG_0082_r2_archive.csv,91,010100000001111010011110,80,30,158,0.3560825852548303,0.3594650801550469,0.0,0.3503267973856209,0.35961896497035584,0.002351601764836373,0.3595578314110538,0.359820168992178,0.0196134308283841,0.0196134308283841,0.35318352177302903,0.0029029494669956498,0.09486769299853412,0.09486769299853412,0.3423052522911312,0.01378121894889352,0.1806119563128909,0.18061195631289087,0.32962323378173497,0.026463237458289702,0.09836436004660304,0.09836436004660302,0.3417040026152984,0.014382468624726289
IMG_0082,2,IMG_0082_r2_archive.csv,92,000101111111111010101010,23,254,170,0.3526842023072445,0.3594608145530704,0.0,0.5843137254901961,0.35938156535656973,0.0018599548018897803,0.35944334353800433,0.35952203341773803,0.0196134308283841,0.0196134308283841,0.35007065290974787,0.002747103681683104,0.09486769299853412,0.09486769299853412,0.3396307631955316,0.013186993395899384,0.1806119563128909,0.18061195631289087,0.3275939198227894,0.02522383676864161,0.09836436004660304,0.09836436004660302,0.33909844530935623,0.0137193112820747
IMG_0082,2,IMG_0082_r2_archive.csv,93,001001010000010000011001,37,4,25,0.3627814649608568,0.35934819844111,0.0,0.0862745098039215,0.35991873212245756,0.002952338269252444,0.35970741443705156,0.36018610273855173,0.0196134308283841,0.0196134308283841,0.35964583895552216,0.003184789221072891,0.09486769299853412,0.09486769299853412,0.34771027671759597,0.015120351458999039,0.1806119563128909,0.18061195631289087,0.3337850646615428,0.02904556351505225,0.09836436004660304,0.09836436004660302,0.3470470601115536,0.015783568065041394
IMG_0082,2,IMG_0082_r2_archive.csv,94,000001110000000001001000,7,2,72,0.3680616129567826,0.3592662566246445,0.0,0.1058823529411764,0.3596033862682573,0.0023629573773138327,0.3595394138058358,0.35962484681434786,0.0196134308283841,0.0196134308283841,0.3646541288456152,0.0033517765238490734,0.09486769299853412,0.09486769299853412,0.35193674702433014,0.01606915834513417,0.1806119563128909,0.18061195631289087,0.3371800865282524,0.030825818841211917,0.09836436004660304,0.09836436004660302,0.3512569874660659,0.016748917903398386
IMG_0090,1,IMG_0090_r1_archive.csv,0,011111000001111001100110,124,30,102,0.3684678912895235,0.3495697899944802,0.0,0.3346405228758169,0.34934086388244634,0.0014171212163658399,0.3522535097424773,0.34936373300928647,0.019913515240618043,0.019913515240618043,0.36565930607302183,0.002793049741922774,0.09505767449692683,0.09505767449692684,0.35620485648663164,0.012247499328312964,0.18069831153943303,0.18069831153943303,0.34458913876865993,0.023863217046284663,0.09855650042565929,0.09855650042565929,0.3554844337761045,0.012967922038840132
IMG_0090,1,IMG_0090_r1_archive.csv,2,111110111101011000111110,251,214,62,0.3635525348623474,0.3497663921582563,0.0,0.6888888888888889,0.34965891051486264,0.0020202301711388193,0.3524207791362003,0.34984673774591596,0.019913515240618043,0.019913515240618043,0.3608084959445867,0.002493041525476897,0.09505767449692683,0.09505767449692684,0.35190270682989155,0.01139883064017203,0.18069831153943303,0.18069831153943303,0.3412474793522342,0.022054058117829383,0.09855650042565929,0.09855650042565929,0.35131956070890413,0.011981976761159438
IMG_0090,1,IMG_0090_r1_archive.csv,4,111101100011100110001001,246,57,137,0.3662818764591986,0.3495687118320791,0.0,0.5751633986928104,0.3494130663018855,0.0015302476842187045,0.3522974305449533,0.34946008429734693,0.019913515240618043,0.019913515240618043,0.36346943065609866,0.002676893496024899,0.09505767449692683,0.09505767449692684,0.3542601113863066,0.011886212765816948,0.18069831153943303,0.18069831153943303,0.3431194151439061,0.023026909008217446,0.09855650042565929,0.09855650042565929,0.3536163190621038,0.012530005090019765
IMG_0090,1,IMG_0090_r1_archive.csv,7,100001000001101000100000,132,26,32,0.3685944355612024,0.3496785862416673,0.0,0.2483660130718954,0.3494272485894514,0.001504818032933945,0.3523179702453403,0.3495939196891895,0.019913515240618043,0.019913515240618043,0.3656518134871895,0.0027350562809606562,0.09505767449692683,0.09505767449692684,0.3561488017851674,0.012238067982982801,0.18069831153943303,0.18069831153943303,0.34446747102742103,0.02391939874072916,0.09855650042565929,0.09855650042565929,0.35542269543325933,0.012964174334890874
IMG_0090,1,IMG_0090_r1_archive.csv,9,111100011000000100011001,241,129,25,0.3660084182418152,0.3496245193298993,0.0,0.5163398692810457,0.34958639655171836,0.0018359952787604433,0.3523943238961508,0.3498080936511723,0.019913515240618043,0.019913515240618043,0.3631474357216793,0.0026294827834134806,0.09505767449692683,0.09505767449692684,0.35394397506137415,0.011832943443718592,0.18069831153943303,0.18069831153943303,0.34281729884398876,0.022959619661103974,0.09855650042565929,0.09855650042565929,0.3533029032090141,0.012474015296078682
IMG_0090,1,IMG_0090_r1_archive.csv,10,000000010000001000000000,2,2,2,0.3921122486337159,0.3493720421654753,0.0,0.0078431372549019,0.34989450813519407,0.0023245312372110628,0.35258030149001374,0.35029814238914586,0.019913515240618043,0.019913515240618043,0.38849943380594787,0.0036128148277680926,0.09505767449692683,0.09505767449692684,0.37528876891853746,0.016823479715178467,0.18069831153943303,0.18069831153943303,0.359667184632852,0.0324450640008639,0.09855650042565929,0.09855650042565929,0.37448512911911247,0.017627119514603485
IMG_0090,1,IMG_0090_r1_archive.csv,11,000100000010111100101010,16,47,42,0.3703416642463091,0.3497987584267372,0.0,0.1372549019607843,0.34972285951726423,0.0020274594461474247,0.3524829208198498,0.3497693033735844,0.019913515240618043,0.019913515240618043,0.36745237922398394,0.002827185455002957,0.09505767449692683,0.09505767449692684,0.35770686172695465,0.012572702952032253,0.18069831153943303,0.18069831153943303,0.3457007337230257,0.024578830955961244,0.09855650042565929,0.09855650042565929,0.3569533248913214,0.013326239787665485
IMG_0090,1,IMG_0090_r1_archive.csv,13,101010000001111100101000,168,31,40,0.3679221685887706,0.3497988285889795,0.0,0.3124183006535947,0.3495499638941362,0.0018182787818014788,0.35236232036280823,0.3497376974348571,0.019913515240618043,0.019913515240618043,0.36498688670901375,0.002720883864369261,0.09505767449692683,0.09505767449692684,0.35556421923247045,0.012143551340912526,0.18069831153943303,0.18069831153943303,0.3441203822801123,0.02358738829327064,0.09855650042565929,0.09855650042565929,0.3548904960738655,0.012817274499517478
IMG_0090,1,IMG_0090_r1_archive.csv,14,000100100100000000000000,18,64,2,0.3758130467380324,0.3495062451540169,0.0,0.1098039215686274,0.3496632494056974,0.0019257092239910473,0.352448748263822,0.3497284782556689,0.019913515240618043,0.019913515240618043,0.3728014166785739,0.0029913789122145095,0.09505767449692683,0.09505767449692684,0.36209882928549725,0.013693966305291206,0.18069831153943303,0.18069831153943303,0.34906415973625926,0.026728635854529195,0.09855650042565929,0.09855650042565929,0.3613214685667769,0.014471327024011637
IMG_0090,1,IMG_0090_r1_archive.csv,16,101100110100101100100100,179,75,36,0.3673499466861473,0.3497967242913833,0.0,0.3790849673202615,0.3496353248787587,0.00194018888255347,0.35241720382224273,0.3498638565090546,0.019913515240618043,0.019913515240618043,0.3645003088722435,0.0027007512439068335,0.09505767449692683,0.09505767449692684,0.35515558122075386,0.01204547889539644,0.18069831153943303,0.18069831153943303,0.3437940357195712,0.02340702439657913,0.09855650042565929,0.09855650042565929,0.3544833086041895,0.012717751511960801
IMG_0090,1,IMG_0090_r1_archive.csv,21,101111111101111000101100,191,222,44,0.3644407406983267,0.3498614430457874,0.0,0.5973856209150327,0.349722718677672,0.0021876291643576472,0.35244273755070504,0.34998476515890026,0.019913515240618043,0.019913515240618043,0.36158543899750556,0.002534051791885743,0.09505767449692683,0.09505767449692684,0.3525810694653735,0.01153842132401777,0.18069831153943303,0.18069831153943303,0.34173039132497574,0.022389099464415547,0.09855650042565929,0.09855650042565929,0.3519656332626182,0.01215385752677302
IMG_0090,1,IMG_0090_r1_archive.csv,22,111110111101010100100110,251,213,38,0.3641352040541425,0.3498072741309688,0.0,0.6562091503267974,0.3498033888146898,0.002266927740079038,0.3525035830437925,0.3499688674690831,0.019913515240618043,0.019913515240618043,0.3613300730467025,0.0025040475837617227,0.09505767449692683,0.09505767449692684,0.3523085340636462,0.011525586566818019,0.18069831153943303,0.18069831153943303,0.3415659523480024,0.022268168282461837,0.09855650042565929,0.09855650042565929,0.3517348531527837,0.012099267477680526
IMG_0090,1,IMG_0090_r1_archive.csv,28,101101000010011110101101,180,39,173,0.3666839785655338,0.3496269691938465,0.0,0.5124183006535947,0.34938569907994244,0.0014927673532436885,0.35227943340575396,0.34949981280870146,0.019913515240618043,0.019913515240618043,0.36401355324530094,0.002708777200256031,0.09505767449692683,0.09505767449692684,0.3547946163738077,0.011927714071749241,0.18069831153943303,0.18069831153943303,0.3435321931267776,0.023190137318779405,0.09855650042565929,0.09855650042565929,0.3541134542486288,0.012608876196928227
IMG_0090,1,IMG_0090_r1_archive.csv,31,000000100100000000000000,2,64,2,0.3846938182356264,0.3493249868100777,0.0,0.0888888888888888,0.34992717138213236,0.0023779754212392853,0.35259960369094495,0.34999955852464765,0.019913515240618043,0.019913515240618043,0.38131467049144285,0.0033088782951345205,0.09505767449692683,0.09505767449692684,0.36914597454044895,0.015477574246128438,0.18069831153943303,0.18069831153943303,0.35477010672862735,0.029853442057950055,0.09855650042565929,0.09855650042565929,0.3684102505868397,0.016213298199737672
IMG_0090,1,IMG_0090_r1_archive.csv,33,100111011011011000111100,157,182,60,0.3653009149504746,0.3499806915602669,0.0,0.5215686274509804,0.34956308539634706,0.0018339263385743518,0.35237152997582577,0.34965662205234754,0.019913515240618043,0.019913515240618043,0.3625552843873619,0.0025670699667401076,0.09505767449692683,0.09505767449692684,0.35338087972092863,0.011741474633173377,0.18069831153943303,0.18069831153943303,0.3423434880348289,0.02277886631927311,0.09855650042565929,0.09855650042565929,0.3527598840477065,0.012362470306395533
IMG_0090,1,IMG_0090_r1_archive.csv,34,000011000100000000011100,12,64,28,0.3712040735749087,0.3495264527073436,0.0,0.1359477124183006,0.34971192429414116,0.002013555692859787,0.3524754615350486,0.34977708040717365,0.019913515240618043,0.019913515240618043,0.3682859272812813,0.002854531276741326,0.09505767449692683,0.09505767449692684,0.3583595209832423,0.012780937574780354,0.18069831153943303,0.18069831153943303,0.3462271111597934,0.024913347398229244,0.09855650042565929,0.09855650042565929,0.3576241864747723,0.013516272083250307
IMG_0090,1,IMG_0090_r1_archive.csv,37,100011111100100101000001,143,201,65,0.365263502818505,0.349741287334023,0.0,0.534640522875817,0.34967640717211623,0.0020775827163615774,0.3524239376571483,0.349767342952966,0.019913515240618043,0.019913515240618043,0.3624937943863447,0.0025776865798855793,0.09505767449692683,0.09505767449692684,0.3533664448521782,0.011705036114052068,0.18069831153943303,0.18069831153943303,0.3423141018592085,0.022757379107021736,0.09855650042565929,0.09855650042565929,0.35272478036591054,0.012346700600319796
IMG_0090,1,IMG_0090_r1_archive.csv,43,100100000001111101100000,144,31,96,0.3679520881349078,0.3496593753048531,0.0,0.3542483660130718,0.34941101620188286,0.0015602874303929236,0.35228787050840704,0.34951143901066434,0.019913515240618043,0.019913515240618043,0.36513191269241246,0.002755002645052086,0.09505767449692683,0.09505767449692684,0.3556765656889621,0.012210349648502436,0.18069831153943303,0.18069831153943303,0.34420724547857534,0.02367966985888917,0.09855650042565929,0.09855650042565929,0.35500524128665,0.012881674050814564
IMG_0090,1,IMG_0090_r1_archive.csv,44,011110100001111100010001,122,31,17,0.36931389312508,0.3495803619590686,0.0,0.2222222222222222,0.34951139555626165,0.0015943043561360741,0.35237974563135005,0.3496908599391139,0.019913515240618043,0.019913515240618043,0.36637976264834377,0.0027554259549861563,0.09505767449692683,0.09505767449692684,0.3567655897576453,0.012369598845684626,0.18069831153943303,0.18069831153943303,0.3449725898393018,0.024162598764028115,0.09855650042565929,0.09855650042565929,0.35603931408176354,0.0130958745215663
IMG_0090,1,IMG_0090_r1_archive.csv,45,101010100100001000011000,170,66,24,0.3681066385918222,0.3496728152932264,0.0,0.3398692810457516,0.34957368860155635,0.0017920341702265452,0.3523926062231222,0.34987264894146897,0.019913515240618043,0.019913515240618043,0.3652700387238864,0.0027330921228667527,0.09505767449692683,0.09505767449692684,0.35580012985870546,0.012203000988047741,0.18069831153943303,0.18069831153943303,0.3442395270941445,0.02376360375260869,0.09855650042565929,0.09855650042565929,0.3551032318922454,0.012899898954507728
IMG_0090,1,IMG_0090_r1_archive.csv,46,100001010001111010000000,133,30,128,0.3681435850828644,0.3495496377585756,0.0,0.3803921568627451,0.34927017270503524,0.0012466278373803844,0.35222544190981253,0.34931671111757717,0.019913515240618043,0.019913515240618043,0.3653286586835509,0.0027856502842759467,0.09505767449692683,0.09505767449692684,0.3559052123167291,0.012209096651097751,0.18069831153943303,0.18069831153943303,0.34435405782989564,0.023760251137931232,0.09855650042565929,0.09855650042565929,0.3551959762767252,0.012918332691101644
IMG_0090,1,IMG_0090_r1_archive.csv,49,000110110011100000100000,27,56,32,0.3698452063556786,0.3497221822052666,0.0,0.1503267973856209,0.34951700200077795,0.0017130168029155656,0.35235567396417145,0.349618546561421,0.019913515240618043,0.019913515240618043,0.3669432305015312,0.0027846004756395056,0.09505767449692683,0.09505767449692684,0.3572805632247903,0.012447267752380439,0.18069831153943303,0.18069831153943303,0.34530288164842815,0.0244249493287426,0.09855650042565929,0.09855650042565929,0.35650889179158324,0.013218939185587515
IMG_0090,1,IMG_0090_r1_archive.csv,54,001101101101101000101110,54,218,46,0.36671891010129,0.349778932874938,0.0,0.4156862745098039,0.34980994785853337,0.0023174748921330783,0.35249750529962254,0.3498167563442474,0.019913515240618043,0.019913515240618043,0.3638180179205737,0.002622405041316574,0.09505767449692683,0.09505767449692684,0.3545351951138367,0.011905227848053613,0.18069831153943303,0.18069831153943303,0.3431522978595815,0.023288125102308755,0.09855650042565929,0.09855650042565929,0.3538351702979973,0.01260525266389298
IMG_0090,1,IMG_0090_r1_archive.csv,56,010110101011010101000010,90,181,66,0.3664304159150497,0.3498059716798322,0.0,0.4405228758169934,0.3497407957867165,0.002152798539609293,0.35246952231593665,0.3498238545673234,0.019913515240618043,0.019913515240618043,0.36371114062842985,0.0026190016294469314,0.09505767449692683,0.09505767449692684,0.3544323985294568,0.011897743728419938,0.18069831153943303,0.18069831153943303,0.34312454566030653,0.023205596597570204,0.09855650042565929,0.09855650042565929,0.35375602827273106,0.01257411398514569
IMG_0090,1,IMG_0090_r1_archive.csv,58,011111001100101100010100,124,203,20,0.366207805686942,0.3497929372856578,0.0,0.45359477124183,0.3497055038492809,0.0020915190170878923,0.3524495502591313,0.34991665951342643,0.019913515240618043,0.019913515240618043,0.36338593700471056,0.0026080463683541806,0.09505767449692683,0.09505767449692684,0.35412048683766606,0.01187349653539865,0.18069831153943303,0.18069831153943303,0.34284947886517375,0.023144504507890948,0.09855650042565929,0.09855650042565929,0.35345196756918346,0.012542015803881259
IMG_0090,1,IMG_0090_r1_archive.csv,60,010101000010110000110100,84,44,52,0.3689381970924296,0.3497531581499864,0.0,0.2352941176470588,0.3495543218198893,0.001753635021740281,0.3523828392285766,0.34968623017042194,0.019913515240618043,0.019913515240618043,0.3661388823634833,0.002766465878065643,0.09505767449692683,0.09505767449692684,0.3565911522000301,0.012314196041518781,0.18069831153943303,0.18069831153943303,0.3448029610825373,0.02410238715901166,0.09855650042565929,0.09855650042565929,0.355844331882017,0.013061016359532029
IMG_0090,1,IMG_0090_r1_archive.csv,64,111101011110010011010000,245,228,208,0.3640955822443172,0.3497023500184181,0.0,0.8901960784313725,0.349436427745474,0.0016901213167619432,0.3522808235804059,0.349592880772551,0.019913515240618043,0.019913515240618043,0.36138757546814115,0.0025507810004786395,0.09505767449692683,0.09505767449692684,0.3524144800739353,0.011523876394684546,0.18069831153943303,0.18069831153943303,0.34169099810251485,0.022247358366104964,0.09855650042565929,0.09855650042565929,0.35183101788153043,0.012107338587089385
IMG_0090,1,IMG_0090_r1_archive.csv,65,100001100010000100111001,134,33,57,0.368332508306422,0.3496710997194867,0.0,0.2928104575163399,0.34948784863900606,0.0016115409322994493,0.3523518895700536,0.34956623612013676,0.019913515240618043,0.019913515240618043,0.36551088514395225,0.0027354287937025397,0.09505767449692683,0.09505767449692684,0.356015323696769,0.012230990240885782,0.18069831153943303,0.18069831153943303,0.3444416491214452,0.02380466481620961,0.09855650042565929,0.09855650042565929,0.3553226193207222,0.012923694616932643
IMG_0090,1,IMG_0090_r1_archive.csv,66,111100011111011111110110,241,247,246,0.3624014450911367,0.3498392043785216,0.0,0.9594771241830063,0.3495159105505957,0.0017425398166099736,0.35234720176056566,0.3496871607585012,0.019913515240618043,0.019913515240618043,0.3598068684448833,0.0025121074049056927,0.09505767449692683,0.09505767449692684,0.3511016097121369,0.011217366137652058,0.18069831153943303,0.18069831153943303,0.3407005205864739,0.02161845526331512,0.09855650042565929,0.09855650042565929,0.350536332914498,0.011782642935290957
IMG_0090,1,IMG_0090_r1_archive.csv,69,000100010000011000011001,17,6,25,0.3730642244180171,0.3495732964761391,0.0,0.0627450980392156,0.34969662272814706,0.001860954637883968,0.35249831023279843,0.34972016772715864,0.019913515240618043,0.019913515240618043,0.3700417830228435,0.002961019123745852,0.09505767449692683,0.09505767449692684,0.3599321851177536,0.013070617028835795,0.18069831153943303,0.18069831153943303,0.3475026117206156,0.0255001904259738,0.09855650042565929,0.09855650042565929,0.3591588599537376,0.013843942192851816
IMG_0090,1,IMG_0090_r1_archive.csv,70,000000010001011000000000,2,22,2,0.3852810083775169,0.3495230277369153,0.0,0.0339869281045751,0.3499286477991337,0.0023259953251028153,0.35261407513198034,0.3500051385043003,0.019913515240618043,0.019913515240618043,0.38180907109579404,0.0033279611069605627,0.09505767449692683,0.09505767449692684,0.369569817844996,0.015567214357758615,0.18069831153943303,0.18069831153943303,0.35506846403633047,0.03006856816642412,0.09855650042565929,0.09855650042565929,0.3688157843257068,0.01632124787704777
IMG_0090,1,IMG_0090_r1_archive.csv,73,010110010010001000010100,89,34,20,0.3695164130637187,0.3496445601507766,0.0,0.1869281045751634,0.34968375698183785,0.0019493305710827254,0.35246335050318967,0.34988005945408535,0.019913515240618043,0.019913515240618043,0.36666840922616023,0.0027920337980810494,0.09505767449692683,0.09505767449692684,0.35699988333993227,0.012460559684308977,0.18069831153943303,0.18069831153943303,0.34516966601218885,0.024290777012052428,0.09855650042565929,0.09855650042565929,0.35627931952609376,0.013181123498147485
IMG_0090,1,IMG_0090_r1_archive.csv,74,001010010010001010100010,41,34,162,0.3687067058219059,0.3495768592258569,0.0,0.3098039215686274,0.34952800701834175,0.0017549478035385905,0.35235619623157943,0.3495437525634419,0.019913515240618043,0.019913515240618043,0.3659875321296701,0.002799704174085722,0.09505767449692683,0.09505767449692684,0.3564773072263721,0.012309929077383751,0.18069831153943303,0.18069831153943303,0.3448181748415663,0.023969061462189575,0.09855650042565929,0.09855650042565929,0.3557610047325362,0.013026231571219682
IMG_0090,1,IMG_0090_r1_archive.csv,76,001111011111111000111110,61,254,62,0.3657914041710353,0.3499321485905442,0.0,0.4928104575163399,0.34956137560979783,0.0017851237074486192,0.35238202084705805,0.3496177079244025,0.019913515240618043,0.019913515240618043,0.3629638716018865,0.0025860850489767165,0.09505767449692683,0.09505767449692684,0.3538056712397279,0.01174428541113531,0.18069831153943303,0.18069831153943303,0.3427489935530337,0.022800963097829495,0.09855650042565929,0.09855650042565929,0.35317284546488265,0.012377111185980507
IMG_0090,1,IMG_0090_r1_archive.csv,77,100101011011010100111100,149,181,60,0.3655291128697115,0.3498658052957668,0.0,0.5098039215686274,0.34955088123799644,0.001778595231192396,0.3523731585943207,0.3496331448922659,0.019913515240618043,0.019913515240618043,0.3628185069705405,0.0025785839969456837,0.09505767449692683,0.09505767449692684,0.35361394570440696,0.011783145263079255,0.18069831153943303,0.18069831153943303,0.3425085535105046,0.02288853745698162,0.09855650042565929,0.09855650042565929,0.35298033539515067,0.012416755572335519
IMG_0090,1,IMG_0090_r1_archive.csv,78,110101101100010001000001,214,196,65,0.3647787536806497,0.349760762815688,0.0,0.6209150326797386,0.34966263779311985,0.0020745705359464465,0.3524109213232557,0.34986270946514925,0.019913515240618043,0.019913515240618043,0.3619563770264974,0.0025467510899066827,0.09505767449692683,0.09505767449692684,0.35289145724140175,0.011611670875002384,0.18069831153943303,0.18069831153943303,0.34199927779507167,0.022503850321332456,0.09855650042565929,0.09855650042565929,0.35228237068765694,0.012220757428747175
IMG_0090,1,IMG_0090_r1_archive.csv,85,001011010011011000111000,45,54,56,0.3692609963157237,0.3496749564628467,0.0,0.2026143790849673,0.3496175690692845,0.0019510170020833766,0.3523967409828861,0.3497176924510779,0.019913515240618043,0.019913515240618043,0.3664385857967766,0.002777370341966262,0.09505767449692683,0.09505767449692684,0.35683492792483945,0.01238102821390341,0.18069831153943303,0.18069831153943303,0.34505902972783076,0.02415692641091212,0.09855650042565929,0.09855650042565929,0.3561108478164822,0.013105108322260597
IMG_0090,1,IMG_0090_r1_archive.csv,88,100010000100000100000001,136,65,2,0.3735222711652338,0.34949662325956,0.0,0.265359477124183,0.3495477640798331,0.001747267101976355,0.35237787346846144,0.34974325012782276,0.019913515240618043,0.019913515240618043,0.3705912562496119,0.002902670082439209,0.09505767449692683,0.09505767449692684,0.36017768794709365,0.013316238384957496,0.18069831153943303,0.18069831153943303,0.34764122032541445,0.02585270600663674,0.09855650042565929,0.09855650042565929,0.35947005484070665,0.014023871491344481
IMG_0090,1,IMG_0090_r1_archive.csv,89,111100001111000101110010,240,241,114,0.3633808657517008,0.3497137274122341,0.0,0.7777777777777778,0.34950596880964563,0.0018050578464681162,0.35232163051215104,0.3497201761631456,0.019913515240618043,0.019913515240618043,0.36064409083240806,0.0025228764096273336,0.09505767449692683,0.09505767449692684,0.3517413326168406,0.01142563462519482,0.18069831153943303,0.18069831153943303,0.34114926298134046,0.02201770426069492,0.09855650042565929,0.09855650042565929,0.35117822881019634,0.011988738431839023
IMG_0090,1,IMG_0090_r1_archive.csv,90,000111000000111000011110,28,14,30,0.3705868199615033,0.3497362833445533,0.0,0.0941176470588235,0.34952975682109927,0.001549133345973831,0.3524093996487282,0.349535220767299,0.019913515240618043,0.019913515240618043,0.3677199618994831,0.002822952355662644,0.09505767449692683,0.09505767449692684,0.357982893668737,0.012560020586408727,0.18069831153943303,0.18069831153943303,0.3458778127346291,0.024665101520516607,0.09855650042565929,0.09855650042565929,0.35719355610094977,0.013349358154195993
IMG_0090,1,IMG_0090_r1_archive.csv,91,111010000001110000101111,232,28,47,0.3670810686822501,0.3497224752380654,0.0,0.4013071895424836,0.3495625462028069,0.0017541080706652652,0.35239094534926296,0.3497519185435909,0.019913515240618043,0.019913515240618043,0.3641905391287189,0.0026891864165091268,0.09505767449692683,0.09505767449692684,0.3548922570431911,0.011987468502036963,0.18069831153943303,0.18069831153943303,0.34358394699931205,0.023295778545916013,0.09855650042565929,0.09855650042565929,0.35422224772374067,0.01265747782148737
IMG_0090,1,IMG_0090_r1_archive.csv,93,011100110001111001101000,115,30,104,0.368606271306958,0.3496175588248289,0.0,0.3254901960784314,0.34936723039130674,0.0014535737340239338,0.3522707631219233,0.3495165659151061,0.019913515240618043,0.019913515240618043,0.36581538891189747,0.002785040717970879,0.09505767449692683,0.09505767449692684,0.3563397738288057,0.012260655801062635,0.18069831153943303,0.18069831153943303,0.3446756971839704,0.023924732445897934,0.09855650042565929,0.09855650042565929,0.35561028664155786,0.012990142988310483
IMG_0090,1,IMG_0090_r1_archive.csv,94,111111100001111111000110,254,31,198,0.3659607958742367,0.3494203604152555,0.0,0.6313725490196078,0.3494082616578517,0.0015656955055292823,0.3522837639455918,0.34952061255745986,0.019913515240618043,0.019913515240618043,0.363278517875851,0.002697161575666249,0.09505767449692683,0.09505767449692684,0.3541028432796157,0.011872836171901562,0.18069831153943303,0.18069831153943303,0.3430922047813466,0.022883474670170635,0.09855650042565929,0.09855650042565929,0.35349118864560447,0.012484490805912815
IMG_0090,2,IMG_0090_r2_archive.csv,0,111100011001010111101110,241,149,238,0.3647899459953055,0.3499296096609293,0.0,0.8209150326797386,0.3506755825333225,0.0040069254533283295,0.3529407773341128,0.3511172169193288,0.01980773008810392,0.01980773008810392,0.36230634428135744,0.002519261342790796,0.09551103943627308,0.09551103943627309,0.3526762126061461,0.012149393018002162,0.18045435802445148,0.18045435802445148,0.3418749178026523,0.022950687821495966,0.09859104251627615,0.09859104251627616,0.3522858248967186,0.01253978072742964
IMG_0090,2,IMG_0090_r2_archive.csv,3,110000011111100000111100,193,248,60,0.3633412439418756,0.3504822468093505,0.0,0.6549019607843137,0.3500632545199512,0.0027881492015695343,0.35263314338368124,0.35015501666886656,0.01980773008810392,0.01980773008810392,0.36085636383192676,0.002577627316494853,0.09551103943627308,0.09551103943627309,0.35161068223880154,0.011823308909620071,0.18045435802445148,0.18045435802445148,0.3409756127802027,0.022458378368218932,0.09859104251627615,0.09859104251627616,0.35114755295031036,0.012286438198111286
IMG_0090,2,IMG_0090_r2_archive.csv,5,000111100011000101000100,30,49,68,0.3689687262048718,0.3501171649469854,0.0,0.192156862745098,0.350040308099423,0.0026305998992140252,0.35264958428874194,0.35023948512183933,0.01980773008810392,0.01980773008810392,0.3661678790939643,0.0027846766714275904,0.09551103943627308,0.09551103943627309,0.3561858075396003,0.012766748225791656,0.18045435802445148,0.18045435802445148,0.34454002635011377,0.024412529415278158,0.09859104251627615,0.09859104251627616,0.3556312376612261,0.013321318104165801
IMG_0090,2,IMG_0090_r2_archive.csv,8,111100111011011010111010,243,182,186,0.3636399822285193,0.3500539471264798,0.0,0.7986928104575163,0.35045528932147596,0.0036138513366308017,0.3528187526514407,0.35085088046588897,0.01980773008810392,0.01980773008810392,0.36114241128674834,0.0024969952402607697,0.09551103943627308,0.09551103943627309,0.351728997365363,0.011910409161646105,0.18045435802445148,0.18045435802445148,0.3411248972615377,0.022514509265471352,0.09859104251627615,0.09859104251627616,0.35133210197121634,0.012307304555792742
IMG_0090,2,IMG_0090_r2_archive.csv,12,111111111110001111110010,255,227,242,0.3633652794799298,0.3501086346480493,0.0,0.94640522875817,0.35054435958394786,0.003775558969935683,0.3528673960055864,0.3509388800065572,0.01980773008810392,0.01980773008810392,0.36106098338783826,0.0024592529265426437,0.09551103943627308,0.09551103943627309,0.35161985113197264,0.011900385182408288,0.18045435802445148,0.18045435802445148,0.3410354095414838,0.02248482677289714,0.09859104251627615,0.09859104251627616,0.3512387480204316,0.012281488293949358
IMG_0090,2,IMG_0090_r2_archive.csv,16,001000110000010111100010,35,5,226,0.3720458253787275,0.3497962810601397,0.0,0.3477124183006536,0.3504813461745102,0.0036067651484253454,0.35284658105152633,0.35062617643904465,0.01980773008810392,0.01980773008810392,0.3693305546040835,0.00280611308648689,0.09551103943627308,0.09551103943627309,0.35870014155475893,0.013436526135811422,0.18045435802445148,0.18045435802445148,0.34659874341707714,0.025537924273493218,0.09859104251627615,0.09859104251627616,0.35820981319197315,0.013926854498597175
IMG_0090,2,IMG_0090_r2_archive.csv,20,111110111010010101110101,251,165,117,0.3646577632353053,0.3500212916425,0.0,0.6967320261437908,0.3502331904063689,0.00316647868191152,0.35270849690001344,0.3504949975972,0.01980773008810392,0.01980773008810392,0.36205455953259635,0.002537768453106543,0.09551103943627308,0.09551103943627309,0.352527088982586,0.012065239003116927,0.18045435802445148,0.18045435802445148,0.3416035253377469,0.02298880264795603,0.09859104251627615,0.09859104251627616,0.3520617246176431,0.012530603368059834
IMG_0090,2,IMG_0090_r2_archive.csv,21,010110001110101000010101,88,234,21,0.3658671173858359,0.3502562119999357,0.0,0.4483660130718954,0.3500275707645739,0.0027289899493124123,0.3526122494413682,0.35006719814036985,0.01980773008810392,0.01980773008810392,0.3631203100211066,0.002643037167501156,0.09551103943627308,0.09551103943627309,0.3534601741377712,0.012303173050836598,0.18045435802445148,0.18045435802445148,0.34260356119209834,0.023159785996509454,0.09859104251627615,0.09859104251627616,0.3530613484503254,0.012701998738282401
IMG_0090,2,IMG_0090_r2_archive.csv,24,000010100000010000100110,10,4,38,0.3754856588350536,0.3498365031736398,0.0,0.0679738562091503,0.3500177112709265,0.002642612346705866,0.3526239843483725,0.35014457530289517,0.01980773008810392,0.01980773008810392,0.37221215231800664,0.0030366815413544507,0.09551103943627308,0.09551103943627309,0.3613752994800543,0.013873534379306765,0.18045435802445148,0.18045435802445148,0.3486552592723835,0.02659357458697757,0.09859104251627615,0.09859104251627616,0.3607475703568148,0.014501263502546262
IMG_0090,2,IMG_0090_r2_archive.csv,26,111101110010110001110101,247,44,117,0.3665957523090832,0.349986163184206,0.0,0.5333333333333333,0.35014489011835415,0.0028490979211216677,0.3526995418021962,0.35040440944703316,0.01980773008810392,0.01980773008810392,0.36412697490902496,0.0026091215755866875,0.09551103943627308,0.09551103943627309,0.3543794170581136,0.012356679426498027,0.18045435802445148,0.18045435802445148,0.3430440236446553,0.023692072839956307,0.09859104251627615,0.09859104251627616,0.3538501385372646,0.012885957947347008
IMG_0090,2,IMG_0090_r2_archive.csv,30,100100101100100000110000,146,200,48,0.3650992754964987,0.3504729926305623,0.0,0.5150326797385621,0.3500409650372618,0.002747680575650102,0.3526209710574717,0.35022871512995146,0.01980773008810392,0.01980773008810392,0.36249468333720614,0.0026212451720972756,0.09551103943627308,0.09551103943627309,0.3529607276790064,0.012155200830297024,0.18045435802445148,0.18045435802445148,0.34209009470831847,0.02302583380098494,0.09859104251627615,0.09859104251627616,0.3525151685748437,0.012600759934459747
IMG_0090,2,IMG_0090_r2_archive.csv,32,000001000000000100000000,4,2,2,0.3874930313701886,0.3500413350612819,0.0,0.0104575163398692,0.3499417522691473,0.0025589319045130434,0.3525689454571414,0.3502612160055513,0.01980773008810392,0.01980773008810392,0.3839983369464123,0.003527534808458388,0.09551103943627308,0.09551103943627309,0.3713289754040436,0.01619689635082711,0.18045435802445148,0.18045435802445148,0.3569121565892039,0.03061371516566679,0.09859104251627615,0.09859104251627616,0.37074648964655327,0.01677938210831743
IMG_0090,2,IMG_0090_r2_archive.csv,34,111000111111011000100000,227,246,32,0.3636974677175606,0.350354351803126,0.0,0.6601307189542484,0.3501152645767678,0.0028980956542791463,0.35265766682732047,0.35033626429001713,0.01980773008810392,0.01980773008810392,0.3612815024648719,0.0025907499244497514,0.09551103943627308,0.09551103943627309,0.35198197584813806,0.011890276541183622,0.18045435802445148,0.18045435802445148,0.341258908720453,0.022613343668868677,0.09859104251627615,0.09859104251627616,0.35150746234448765,0.012364790044834017
IMG_0090,2,IMG_0090_r2_archive.csv,35,001010111101110101000000,43,221,64,0.3662669336185273,0.3501163401558371,0.0,0.4287581699346405,0.35005223334382274,0.0027678043221480075,0.35262720842740813,0.3501069424130993,0.01980773008810392,0.01980773008810392,0.36360663387191644,0.002654500400514713,0.09551103943627308,0.09551103943627309,0.35387351935595424,0.012387614916476924,0.18045435802445148,0.18045435802445148,0.34284341706691845,0.023417717205512688,0.09859104251627615,0.09859104251627616,0.353441190098263,0.012819944174168109
IMG_0090,2,IMG_0090_r2_archive.csv,40,100011010100000000101000,141,64,40,0.3675772641207215,0.350265927175401,0.0,0.3202614379084967,0.35015949883432607,0.0028460422036951,0.35271491444752473,0.35044081213309203,0.01980773008810392,0.01980773008810392,0.3650614908517872,0.002734353586470145,0.09551103943627308,0.09551103943627309,0.35528582522125624,0.012510019217001091,0.18045435802445148,0.18045435802445148,0.3438204248608586,0.02397541957739872,0.09859104251627615,0.09859104251627616,0.3547225803113007,0.013073264126956653
IMG_0090,2,IMG_0090_r2_archive.csv,43,111000111001010100101011,227,149,43,0.3651308205527826,0.350158198963258,0.0,0.5477124183006535,0.350189432771688,0.002944558275395803,0.35272021936696146,0.35050903847448217,0.01980773008810392,0.01980773008810392,0.36264300267189165,0.002625579865821739,0.09551103943627308,0.09551103943627309,0.3531073368415584,0.012161245696155015,0.18045435802445148,0.18045435802445148,0.3421348216359481,0.023133760901765315,0.09859104251627615,0.09859104251627616,0.3526283870497993,0.012640195487914022
IMG_0090,2,IMG_0090_r2_archive.csv,44,111011011111011000101001,237,246,41,0.3637223244768869,0.350298850916219,0.0,0.6849673202614379,0.3500540020978613,0.002777255470003556,0.35262661439448284,0.35012576486464475,0.01980773008810392,0.01980773008810392,0.36123451506219456,0.0025825546441269704,0.09551103943627308,0.09551103943627309,0.3519825176848536,0.011834552021467914,0.18045435802445148,0.18045435802445148,0.3412479195945656,0.02256915011175596,0.09859104251627615,0.09859104251627616,0.3514883174472046,0.012328752259116948
IMG_0090,2,IMG_0090_r2_archive.csv,48,001110000000111000101001,56,14,41,0.3697932238957797,0.3502325513377718,0.0,0.1450980392156863,0.3500917997595429,0.0026900881237322833,0.3526862038927323,0.35024782860171993,0.01980773008810392,0.01980773008810392,0.36711962375104157,0.0028020323787228576,0.09551103943627308,0.09551103943627309,0.3569443366103889,0.012977319519375544,0.18045435802445148,0.18045435802445148,0.34530124767208276,0.024620408457681677,0.09859104251627615,0.09859104251627616,0.3564550693445044,0.013466586785260026
IMG_0090,2,IMG_0090_r2_archive.csv,51,100011011110110100111111,141,237,63,0.3642387287316089,0.350461947651328,0.0,0.5764705882352941,0.3500372083830372,0.002756041389726994,0.35261512419972785,0.35012304996285865,0.01980773008810392,0.01980773008810392,0.3616662827287066,0.0026016374559530127,0.09551103943627308,0.09551103943627309,0.3522962834741554,0.011971636710504226,0.18045435802445148,0.18045435802445148,0.3415117856088439,0.022756134575815757,0.09859104251627615,0.09859104251627616,0.35182478393723526,0.012443136247424331
IMG_0090,2,IMG_0090_r2_archive.csv,52,110000001010101101000001,192,171,65,0.3648383049221691,0.3502847514032491,0.0,0.5594771241830065,0.3501644898575463,0.0029463247252628525,0.352694834840353,0.35042012754789026,0.01980773008810392,0.01980773008810392,0.36222858224647614,0.002623954355675114,0.09551103943627308,0.09551103943627309,0.35273682212250057,0.01211571447965071,0.18045435802445148,0.18045435802445148,0.3418882689979716,0.02296426760417965,0.09859104251627615,0.09859104251627616,0.35228455778898277,0.012567978813168491
IMG_0090,2,IMG_0090_r2_archive.csv,53,111100011111011110111011,241,247,187,0.3622242814175464,0.3502753107225549,0.0,0.8823529411764706,0.35030825791423037,0.003320529314524264,0.3527450517497217,0.3505856942718082,0.01980773008810392,0.01980773008810392,0.35987450490614264,0.002423068393381765,0.09551103943627308,0.09551103943627309,0.35064619595270996,0.011651377346814413,0.18045435802445148,0.18045435802445148,0.3402565446614644,0.022041028638059984,0.09859104251627615,0.09859104251627616,0.3502590818401057,0.012038491459418722
IMG_0090,2,IMG_0090_r2_archive.csv,54,000100100011001000111000,18,50,56,0.3697541354564713,0.3499743882244108,0.0,0.1620915032679738,0.35001036201171376,0.0025638458697647905,0.35263632670839495,0.3500929084798532,0.01980773008810392,0.01980773008810392,0.36700336591075955,0.0028014228124179016,0.09551103943627308,0.09551103943627309,0.35692887733159806,0.01287591139157936,0.18045435802445148,0.18045435802445148,0.3451460791826647,0.02465870954051274,0.09859104251627615,0.09859104251627616,0.3563594408083408,0.013445347914836666
IMG_0090,2,IMG_0090_r2_archive.csv,56,001010011000111101001011,41,143,75,0.3671355063397664,0.3500773093286377,0.0,0.3385620915032679,0.3501790123803573,0.0030007006373370974,0.3526957633851454,0.3502622181789674,0.01980773008810392,0.01980773008810392,0.3642997530916987,0.0026850803101490287,0.09551103943627308,0.09551103943627309,0.3544862096882707,0.012498623713577022,0.18045435802445148,0.18045435802445148,0.3432564744343463,0.023728358967501393,0.09859104251627615,0.09859104251627616,0.35401414573810525,0.012970687663742481
IMG_0090,2,IMG_0090_r2_archive.csv,57,000011000100000001110001,12,64,113,0.3700679943739586,0.3499174422787818,0.0,0.2470588235294117,0.35012871160693215,0.0028359549361832354,0.35268664903700875,0.3502954181476301,0.01980773008810392,0.01980773008810392,0.3673392454110151,0.0027495758116978697,0.09551103943627308,0.09551103943627309,0.35706292265530803,0.013025898567404912,0.18045435802445148,0.18045435802445148,0.34527900696814884,0.024809814254564112,0.09859104251627615,0.09859104251627616,0.3565603916781573,0.013528429544555631
IMG_0090,2,IMG_0090_r2_archive.csv,59,001111001001010011000000,60,148,192,0.3669538047836833,0.3500006015886015,0.0,0.5228758169934641,0.35051687190695247,0.0037152414445773795,0.3528549877099305,0.3508418656464591,0.01980773008810392,0.01980773008810392,0.3642330987094863,0.002613676390476809,0.09551103943627308,0.09551103943627309,0.35427772954576087,0.012569045554202235,0.18045435802445148,0.18045435802445148,0.34322637709803683,0.0236203980019263,0.09859104251627615,0.09859104251627616,0.353912401784428,0.012934373315535116
IMG_0090,2,IMG_0090_r2_archive.csv,62,001100011100100000110100,49,200,52,0.3662425171015325,0.3501945590220587,0.0,0.3934640522875817,0.3500179030873738,0.0027244873750005847,0.35260370740774616,0.3501194292885251,0.01980773008810392,0.01980773008810392,0.36348398405163057,0.002653315132699405,0.09551103943627308,0.09551103943627309,0.35377371133970864,0.01236358784462135,0.18045435802445148,0.18045435802445148,0.34277320688126023,0.02336409230306975,0.09859104251627615,0.09859104251627616,0.3533436340908665,0.012793665093463502
IMG_0090,2,IMG_0090_r2_archive.csv,63,001011101100100000111110,46,200,62,0.3659087964819405,0.3501761045722824,0.0,0.4026143790849673,0.35000171700304816,0.0026772316290688074,0.35259933525990345,0.35010806815787987,0.01980773008810392,0.01980773008810392,0.36321926295128554,0.002643612869011452,0.09551103943627308,0.09551103943627309,0.35353659004706234,0.012326285773234653,0.18045435802445148,0.18045435802445148,0.3425585379475149,0.023304337872782084,0.09859104251627615,0.09859104251627616,0.3531047969819543,0.01275807883834273
IMG_0090,2,IMG_0090_r2_archive.csv,65,000010100010111000111000,10,46,56,0.3709374645122578,0.3498010430739606,0.0,0.1464052287581699,0.34999406005080574,0.0025744915239085927,0.35261736333395094,0.3500184567316184,0.01980773008810392,0.01980773008810392,0.3681052162704439,0.002849900266063008,0.09551103943627308,0.09551103943627309,0.3578979607635732,0.013057155772933673,0.18045435802445148,0.18045435802445148,0.345872064185725,0.02508305235078186,0.09859104251627615,0.09859104251627616,0.35729174707324746,0.013663369463259514
IMG_0090,2,IMG_0090_r2_archive.csv,66,000100000101000101001011,16,81,75,0.3686562388115709,0.3502600522528803,0.0,0.2248366013071895,0.35022581888129356,0.003007810254190694,0.35274079248186835,0.3503919558072706,0.01980773008810392,0.01980773008810392,0.36601838295766226,0.0027569752693446963,0.09551103943627308,0.09551103943627309,0.356041645108467,0.012733713118539932,0.18045435802445148,0.18045435802445148,0.3444333861115329,0.024341972115474023,0.09859104251627615,0.09859104251627616,0.3554978047258874,0.013277553501119551
IMG_0090,2,IMG_0090_r2_archive.csv,68,111011111111011110110111,239,247,183,0.3616695083504039,0.3503423568362507,0.0,0.8745098039215686,0.3502525603489365,0.003225871858728163,0.3527130185483769,0.35046344347077546,0.01980773008810392,0.01980773008810392,0.3593188852191321,0.0024130105493492308,0.09551103943627308,0.09551103943627309,0.350178218354441,0.011553677414040266,0.18045435802445148,0.18045435802445148,0.33990614563047167,0.021825750138009636,0.09859104251627615,0.09859104251627616,0.34980108306801494,0.011930812700466378
IMG_0090,2,IMG_0090_r2_archive.csv,70,111010101111001110110111,234,243,183,0.3625937632603652,0.3503871229367172,0.0,0.8627450980392157,0.3502731433587314,0.0032991840347081037,0.35271527351417675,0.3504758269614851,0.01980773008810392,0.01980773008810392,0.360188600877193,0.002463536823075032,0.09551103943627308,0.09551103943627309,0.35093831367198547,0.011713824028282558,0.18045435802445148,0.18045435802445148,0.34053227182009427,0.02211986588017375,0.09859104251627615,0.09859104251627616,0.35055306212309095,0.012099075577177112
IMG_0090,2,IMG_0090_r2_archive.csv,71,010011110011111111011011,79,63,219,0.3681552007074541,0.350003823571425,0.0,0.4718954248366013,0.35046562385949803,0.0035374004145103883,0.35284819991999283,0.350904658124038,0.01980773008810392,0.01980773008810392,0.36559183046953747,0.0026497085320614628,0.09551103943627308,0.09551103943627309,0.35552750132879274,0.012714037672806237,0.18045435802445148,0.18045435802445148,0.3440726667843485,0.024168872217250472,0.09859104251627615,0.09859104251627616,0.35506399952755957,0.013177539474039391
IMG_0090,2,IMG_0090_r2_archive.csv,72,010001110010000100001101,71,33,13,0.3699899783531169,0.3501793932927833,0.0,0.1529411764705882,0.3502512387342396,0.0030553058116036956,0.352754338445461,0.35043603723299066,0.01980773008810392,0.01980773008810392,0.3671376652204299,0.0028202008410914375,0.09551103943627308,0.09551103943627309,0.35695660413227703,0.013001261929244326,0.18045435802445148,0.18045435802445148,0.3452094994769811,0.024748366584540275,0.09859104251627615,0.09859104251627616,0.356434589609896,0.013523276451625344
IMG_0090,2,IMG_0090_r2_archive.csv,74,001001011100101000100101,37,202,37,0.3664630023137714,0.3503086025674842,0.0,0.3607843137254902,0.35001149761168515,0.002684614219540667,0.35260727022092236,0.3500592515205747,0.01980773008810392,0.01980773008810392,0.36380773995537546,0.002663135923168923,0.09551103943627308,0.09551103943627309,0.3540808057644501,0.012390070114094275,0.18045435802445148,0.18045435802445148,0.3429894928589536,0.0234813830195908,0.09859104251627615,0.09859104251627616,0.3536260128595931,0.012844863018951333
IMG_0090,2,IMG_0090_r2_archive.csv,78,101110001101111100110101,184,223,53,0.3640915438675466,0.350531279476051,0.0,0.6013071895424837,0.3500240406962471,0.0027060091260398033,0.3526144645788595,0.350152183846768,0.01980773008810392,0.01980773008810392,0.3615737979743197,0.002607817780989871,0.09551103943627308,0.09551103943627309,0.3522295528961549,0.011952062859154679,0.18045435802445148,0.18045435802445148,0.34144742556647395,0.022734190188835594,0.09859104251627615,0.09859104251627616,0.3517502588123162,0.012431356942993382
IMG_0090,2,IMG_0090_r2_archive.csv,79,111001011100110000100101,229,204,37,0.3643898419118589,0.3503782633821306,0.0,0.6143790849673202,0.3501008965432013,0.002854721529627368,0.3526541423249169,0.35037680576310826,0.01980773008810392,0.01980773008810392,0.3619154006248833,0.00259972409505124,0.09551103943627308,0.09551103943627309,0.35250413711796286,0.012010987601971675,0.18045435802445148,0.18045435802445148,0.34171098679759976,0.022804137922334773,0.09859104251627615,0.09859104251627616,0.3520435081801487,0.012471616539785896
IMG_0090,2,IMG_0090_r2_archive.csv,83,101001011110101100011001,165,235,25,0.3645017227274231,0.3506325598546993,0.0,0.5555555555555555,0.3499944637425163,0.0026716357821162952,0.35259348096110965,0.3501011215682901,0.01980773008810392,0.01980773008810392,0.36185587478196,0.002625054961503574,0.09551103943627308,0.09551103943627309,0.3524197375833159,0.012061192160147668,0.18045435802445148,0.18045435802445148,0.3416908965081307,0.02279003323533287,0.09859104251627615,0.09859104251627616,0.3519888362911356,0.012492093452328037
IMG_0090,2,IMG_0090_r2_archive.csv,85,001001111010001100011011,39,163,27,0.3675860943659454,0.3501725782309743,0.0,0.2993464052287581,0.3500527410493183,0.0027342903418203016,0.3526360946279856,0.35007368358044716,0.01980773008810392,0.01980773008810392,0.3647842905745869,0.0027192160232292124,0.09551103943627308,0.09551103943627309,0.35488703339860517,0.012616473199210956,0.18045435802445148,0.18045435802445148,0.34355528045057954,0.02394822614723658,0.09859104251627615,0.09859104251627616,0.35440886814125716,0.013094638456558916
IMG_0090,2,IMG_0090_r2_archive.csv,88,000100100001000000001001,18,16,9,0.3722443662039863,0.3501146493657551,0.0,0.0562091503267973,0.3499981453548416,0.002488048128625248,0.35264305948680763,0.3500884850080254,0.01980773008810392,0.01980773008810392,0.3694483702249228,0.002877533938556468,0.09551103943627308,0.09551103943627309,0.35897192346480367,0.013353980698675567,0.18045435802445148,0.18045435802445148,0.3467441927104099,0.025581711453069336,0.09859104251627615,0.09859104251627616,0.3583881621333787,0.013937742030100458
IMG_0090,2,IMG_0090_r2_archive.csv,90,010010110000111000010010,75,14,18,0.370292204713617,0.3503113021480466,0.0,0.1398692810457516,0.3499626220480237,0.0024743049807591545,0.35261097196695634,0.3501704471537456,0.01980773008810392,0.01980773008810392,0.36761708911931507,0.0028043859819560594,0.09551103943627308,0.09551103943627309,0.357354498537868,0.013066976563403136,0.18045435802445148,0.18045435802445148,0.34564975874076975,0.024771716360501406,0.09859104251627615,0.09859104251627616,0.3568737821326509,0.0135476929686202
IMG_0090,2,IMG_0090_r2_archive.csv,93,001100101100001100101110,50,195,46,0.366789179550339,0.3502117925633299,0.0,0.3803921568627451,0.3499581024728351,0.0025850752410103974,0.3525787598267049,0.35005372531066814,0.01980773008810392,0.01980773008810392,0.36406503619947767,0.002685181904533179,0.09551103943627308,0.09551103943627309,0.3542333920632706,0.012516826040740264,0.18045435802445148,0.18045435802445148,0.343175876222907,0.023574341881103827,0.09859104251627615,0.09859104251627616,0.35382476816188513,0.012925449942125758
IMG_0090,2,IMG_0090_r2_archive.csv,96,010001100011101001000100,70,58,68,0.3684228934435361,0.350060868288196,0.0,0.2562091503267973,0.35013140667508647,0.002781645672495633,0.35270292142108495,0.3502876471106891,0.01980773008810392,0.01980773008810392,0.3657239201013522,0.002746917425312162,0.09551103943627308,0.09551103943627309,0.3557608466968275,0.012709990829836865,0.18045435802445148,0.18045435802445148,0.34424630851928767,0.02422452900737669,0.09859104251627615,0.09859104251627616,0.3552436917724891,0.013227145754175239
IMG_0090,2,IMG_0090_r2_archive.csv,97,010000110010000111110110,67,33,246,0.3681796002920516,0.349943595126077,0.0,0.4522875816993464,0.35048054262955697,0.0036302772700042506,0.35283989947617844,0.3509011806092222,0.01980773008810392,0.01980773008810392,0.3656165179048901,0.0026654387292100496,0.09551103943627308,0.09551103943627309,0.355535764338705,0.012746192295395158,0.18045435802445148,0.18045435802445148,0.3441841835533694,0.02409777308073076,0.09859104251627615,0.09859104251627616,0.3551121552656548,0.013169801368445323
IMG_0090,2,IMG_0090_r2_archive.csv,99,010000110111010111000000,67,117,192,0.3672324104498645,0.3499924403691716,0.0,0.4915032679738562,0.3504452699333071,0.0035837166183665756,0.3528162669428379,0.35085270448713785,0.01980773008810392,0.01980773008810392,0.36459115965028505,0.002613473201708453,0.09551103943627308,0.09551103943627309,0.3546195861822849,0.012585046669708555,0.18045435802445148,0.18045435802445148,0.34344435631546627,0.023760276536527188,0.09859104251627615,0.09859104251627616,0.3542183673826787,0.012986265469314731
IMG_0093,1,IMG_0093_r1_archive.csv,0,111001101001110100101001,230,157,41,0.3390278443173268,0.3655568030497828,0.0,0.5594771241830065,0.36515371780250805,0.0016280327758435437,0.36527563537111785,0.36517750801546317,0.020163945397590255,0.02016394539759026,0.3363599419243007,0.002688729241780395,0.09455897306364597,0.09455897306364595,0.32631286689646705,0.012735804269614051,0.18058604974492826,0.18058604974492826,0.31450693909273825,0.024541732073342846,0.09843632273538816,0.09843632273538816,0.3257265826378353,0.013322088528245764
IMG_0093,1,IMG_0093_r1_archive.csv,2,110010010010011011110000,201,38,240,0.340882170415743,0.3653497242987463,0.0,0.6261437908496732,0.36490331746660654,0.0010916063399924211,0.365159341644179,0.36504789600360565,0.020163945397590255,0.02016394539759026,0.33813100295869325,0.0027336847567743508,0.09455897306364597,0.09455897306364595,0.32774699015576897,0.013117697559698641,0.18058604974492826,0.18058604974492826,0.3157414463195489,0.025123241395918684,0.09843632273538816,0.09843632273538816,0.32720647981133705,0.013658207904130559
IMG_0093,1,IMG_0093_r1_archive.csv,3,111110010111110000101001,249,124,41,0.3398439350729447,0.3654193177602698,0.0,0.5411764705882353,0.3651029686513741,0.0014959164660470535,0.3652579152974329,0.365155110646778,0.020163945397590255,0.02016394539759026,0.3371315089410574,0.002718462531546626,0.09455897306364597,0.09455897306364595,0.32695418991272135,0.012895781559882705,0.18058604974492826,0.18058604974492826,0.3150016106154471,0.024848360857156897,0.09843632273538816,0.09843632273538816,0.32636243648974195,0.013487534982862077
IMG_0093,1,IMG_0093_r1_archive.csv,5,101110100011001100101111,186,51,47,0.3406824104578742,0.3653873592878278,0.0,0.3712418300653595,0.36499161370894334,0.0012713143857805596,0.36520271087506884,0.36512335928580636,0.020163945397590255,0.02016394539759026,0.3379248510208206,0.0027379517209093806,0.09455897306364597,0.09455897306364595,0.327617609707532,0.013045193034197962,0.18058604974492826,0.18058604974492826,0.3155638085388325,0.025098994202897452,0.09843632273538816,0.09843632273538816,0.3270354230890617,0.013627379652668267
IMG_0093,1,IMG_0093_r1_archive.csv,6,101100100000101000010000,178,10,16,0.3436851933397115,0.3653855026312764,0.0,0.2666666666666666,0.3649947221657671,0.0013069894377371826,0.3651969005689035,0.36510973669371066,0.020163945397590255,0.02016394539759026,0.3406686698174156,0.0028649108363237247,0.09455897306364597,0.09455897306364595,0.32997127220413014,0.013562308449609166,0.18058604974492826,0.18058604974492826,0.31745404825205187,0.026079532401687436,0.09843632273538816,0.09843632273538816,0.3293646634245326,0.014168917229206776
IMG_0093,1,IMG_0093_r1_archive.csv,7,101101101111001100011100,182,243,28,0.3392834473216928,0.3654405945966468,0.0,0.592156862745098,0.3651840853741174,0.0017836105097815838,0.3652671085092427,0.36548829911186376,0.020163945397590255,0.02016394539759026,0.33645480568051683,0.002696958386897949,0.09455897306364597,0.09455897306364595,0.32638915581277794,0.012762608254636841,0.18058604974492826,0.18058604974492826,0.3145609619065191,0.024590802160895663,0.09843632273538816,0.09843632273538816,0.3258016411332713,0.013350122934143484
IMG_0093,1,IMG_0093_r1_archive.csv,8,000110110010010001001110,27,36,78,0.343130208617602,0.3655717467638772,0.0,0.1843137254901961,0.3650060801723682,0.0013000991541533102,0.3652099811464005,0.36505712765770776,0.020163945397590255,0.02016394539759026,0.34037104906899773,0.0028406975080971534,0.09455897306364597,0.09455897306364595,0.3295859416373812,0.013625804939713696,0.18058604974492826,0.18058604974492826,0.3172640159564671,0.025947730620627822,0.09843632273538816,0.09843632273538816,0.3290736688876153,0.014138077689479556
IMG_0093,1,IMG_0093_r1_archive.csv,9,111110010011001100111111,249,51,63,0.3397077393347699,0.3654557077436981,0.0,0.4745098039215686,0.3650721637181511,0.0014324652013881292,0.36524297318037474,0.36510971278375215,0.020163945397590255,0.02016394539759026,0.33697131999582175,0.002688949362946054,0.09455897306364597,0.09455897306364595,0.3267770855025218,0.012883183856245971,0.18058604974492826,0.18058604974492826,0.3149092697864378,0.024750999572329974,0.09843632273538816,0.09843632273538816,0.3262192250949271,0.013441044263840666
IMG_0093,1,IMG_0093_r1_archive.csv,14,110010000010000111101000,200,33,232,0.3413878310643394,0.3652249636396966,0.0,0.6078431372549019,0.36495135469659523,0.0011856743108825153,0.3651838618814452,0.36508514095594863,0.020163945397590255,0.02016394539759026,0.338628222807205,0.0027670246471785797,0.09455897306364597,0.09455897306364595,0.3281793589223873,0.013215888531996293,0.18058604974492826,0.18058604974492826,0.3160715942032977,0.02532365325108589,0.09843632273538816,0.09843632273538816,0.32762639197763005,0.013768855476753586
IMG_0093,1,IMG_0093_r1_archive.csv,15,100011011110111100111011,141,239,59,0.3395503696336948,0.365369888845422,0.0,0.5738562091503269,0.3652341887893785,0.0018688956651292227,0.3652958906356668,0.3653918569407802,0.020163945397590255,0.02016394539759026,0.33669229101970644,0.002719800190938159,0.09455897306364597,0.09455897306364595,0.32658989784969367,0.012822193360950923,0.18058604974492826,0.18058604974492826,0.31477848394921987,0.024633607261424717,0.09843632273538816,0.09843632273538816,0.3260202242728733,0.013391866937771266
IMG_0093,1,IMG_0093_r1_archive.csv,17,010001000001101010110101,68,26,181,0.343856972510941,0.3653634692174114,0.0,0.3594771241830065,0.36509115203158726,0.0014298379393882636,0.36526261830931084,0.3651831345302184,0.020163945397590255,0.02016394539759026,0.34120960064971534,0.0028634546501506834,0.09455897306364597,0.09455897306364595,0.3302572688617596,0.013815786438106426,0.18058604974492826,0.18058604974492826,0.3178307178975506,0.026242337402315435,0.09843632273538816,0.09843632273538816,0.32976586246967515,0.014307192830190848
IMG_0093,1,IMG_0093_r1_archive.csv,18,010001110100010001000010,71,68,66,0.3422524331383972,0.3653640340130213,0.0,0.2679738562091503,0.36507057038671653,0.0014498302358161154,0.36523703859033313,0.3651192957630589,0.020163945397590255,0.02016394539759026,0.3395541794231012,0.0028069681725536263,0.09455897306364597,0.09455897306364595,0.32892053228588064,0.013440615309774162,0.18058604974492826,0.18058604974492826,0.31670729566362804,0.02565385193202673,0.09843632273538816,0.09843632273538816,0.32839400245753664,0.013967145138118172
IMG_0093,1,IMG_0093_r1_archive.csv,21,101111010001011110110001,189,23,177,0.3425988445898114,0.365301597964093,0.0,0.5084967320261438,0.3650982000455517,0.0014618357444272027,0.36526166687201556,0.36529552654054265,0.020163945397590255,0.02016394539759026,0.3398001902243621,0.002813131565193126,0.09455897306364597,0.09455897306364595,0.3291505081068405,0.013462813682714755,0.18058604974492826,0.18058604974492826,0.31682511128446733,0.025788210505087898,0.09843632273538816,0.09843632273538816,0.3285919365385566,0.014021385250998594
IMG_0093,1,IMG_0093_r1_archive.csv,23,010001100011000001000100,70,48,68,0.3423768269956113,0.3654908798213553,0.0,0.2431372549019607,0.3650429230541148,0.0013766930568932145,0.36522767555246205,0.3651153739994581,0.020163945397590255,0.02016394539759026,0.33968951160901056,0.0028069851049510406,0.09455897306364597,0.09455897306364595,0.3290320913858949,0.013464405328066718,0.18058604974492826,0.18058604974492826,0.31680402198355395,0.025692474730407654,0.09843632273538816,0.09843632273538816,0.32850854165948645,0.013987955054475138
IMG_0093,1,IMG_0093_r1_archive.csv,24,110000000000011011100000,192,6,224,0.3441862145114309,0.3651674618468717,0.0,0.5516339869281045,0.3650543064889449,0.0013862526566116961,0.36523666908736263,0.36525924985567015,0.020163945397590255,0.02016394539759026,0.3412750782303111,0.0028823681380030866,0.09455897306364597,0.09455897306364595,0.330389764871111,0.013767681497203203,0.18058604974492826,0.18058604974492826,0.3177994268272271,0.02635801954108711,0.09843632273538816,0.09843632273538816,0.3298214233095497,0.014336023058764467
IMG_0093,1,IMG_0093_r1_archive.csv,25,001100100001111101001101,50,31,77,0.3427211388297527,0.3654466992026317,0.0,0.2065359477124183,0.3649725796584713,0.001264554287557156,0.3651853668491526,0.36507696522525607,0.020163945397590255,0.02016394539759026,0.3399375373655575,0.0028391227951426036,0.09455897306364597,0.09455897306364595,0.32924232403153164,0.013534336129168482,0.18058604974492826,0.18058604974492826,0.31697505612929944,0.02580160403140064,0.09843632273538816,0.09843632273538816,0.3287183058421295,0.014058354318570577
IMG_0093,1,IMG_0093_r1_archive.csv,27,000100000000010000000000,16,4,2,0.3581713672541428,0.365497966374126,0.0,0.0287581699346405,0.3650337489123674,0.0014184971150241236,0.365208050396182,0.36517512020637133,0.020163945397590255,0.02016394539759026,0.3545594413772361,0.003484551917756988,0.09455897306364597,0.09455897306364595,0.34163536578136283,0.016408627513630297,0.18058604974492826,0.18058604974492826,0.3266897989941248,0.03135419430086832,0.09843632273538816,0.09843632273538816,0.34096153538424123,0.01708245791075187
IMG_0093,1,IMG_0093_r1_archive.csv,29,111101001100110001000010,244,204,66,0.3383336329579147,0.3654027280630172,0.0,0.6718954248366014,0.3650841204731417,0.0014956703394459839,0.36523912865085084,0.3652198643471965,0.020163945397590255,0.02016394539759026,0.33562781892719695,0.0026574551038542195,0.09455897306364597,0.09455897306364595,0.3256828970526434,0.012602376978407758,0.18058604974492826,0.18058604974492826,0.3139952081796879,0.024290065851363264,0.09843632273538816,0.09843632273538816,0.32510197471984276,0.013183299311208414
IMG_0093,1,IMG_0093_r1_archive.csv,30,101000000000100010110101,160,8,181,0.3441551012312797,0.365309368560677,0.0,0.4562091503267974,0.365107735214025,0.001504759596156463,0.36526047107755655,0.36529402624418067,0.020163945397590255,0.02016394539759026,0.34124756308459914,0.0028757645030322134,0.09455897306364597,0.09455897306364595,0.3303591849614767,0.013764142626154694,0.18058604974492826,0.18058604974492826,0.31770751777435047,0.026415809813280927,0.09843632273538816,0.09843632273538816,0.32977142194014214,0.014351905647489277
IMG_0093,1,IMG_0093_r1_archive.csv,31,110100100000011011101001,210,6,233,0.3438776892991124,0.3652356319650667,0.0,0.5869281045751633,0.36498947742513577,0.0012725152156122875,0.3652002743838033,0.36518448605452614,0.020163945397590255,0.02016394539759026,0.34097424879259325,0.0028638610276873395,0.09455897306364597,0.09455897306364595,0.33012359605079156,0.013714513769489053,0.18058604974492826,0.18058604974492826,0.31759714394215144,0.026240965878129185,0.09843632273538816,0.09843632273538816,0.32956499626184543,0.014273113558435193
IMG_0093,1,IMG_0093_r1_archive.csv,33,000000000000100100000001,2,9,2,0.3651222264315,0.3656705402466857,0.0,0.0169934640522875,0.3652607595645654,0.0018703722380545896,0.36532209226762236,0.3657579940538214,0.020163945397590255,0.02016394539759026,0.3612046030526342,0.0037596695100817917,0.09455897306364597,0.09455897306364595,0.34730530603074233,0.017658966531973668,0.18058604974492826,0.18058604974492826,0.3310596020445216,0.0339046705181944,0.09843632273538816,0.09843632273538816,0.3465231703759661,0.018441102186749953
IMG_0093,1,IMG_0093_r1_archive.csv,34,100101000100100111101101,148,73,237,0.3416773919916133,0.365340733897439,0.0,0.5986928104575163,0.3648036025617303,0.0009281324760364739,0.36510049520529175,0.3650007309578925,0.020163945397590255,0.02016394539759026,0.33890850478072504,0.002766465878065643,0.09455897306364597,0.09455897306364595,0.32836678362877847,0.013308187030012233,0.18058604974492826,0.18058604974492826,0.31624630267927056,0.025428667979520127,0.09843632273538816,0.09843632273538816,0.32784053036292465,0.013834440295866002
IMG_0093,1,IMG_0093_r1_archive.csv,35,100010000010000000110101,136,32,53,0.3419732687031031,0.3655744680813833,0.0,0.2888888888888889,0.36485107920219606,0.0010444967734312529,0.36511888077140886,0.3650655797425753,0.020163945397590255,0.02016394539759026,0.33904370997365424,0.002797706151197046,0.09455897306364597,0.09455897306364595,0.32855171927275756,0.013289696852093733,0.18058604974492826,0.18058604974492826,0.3163485912917296,0.02549282483312169,0.09843632273538816,0.09843632273538816,0.32798134017938047,0.013860075945470821
IMG_0093,1,IMG_0093_r1_archive.csv,36,101011011101101110110101,173,219,181,0.3403394616817204,0.365303451537126,0.0,0.7490196078431373,0.36523171911972774,0.0017925143082613585,0.36531251630523304,0.365477419192989,0.020163945397590255,0.02016394539759026,0.33760045168597597,0.002746214730821651,0.09455897306364597,0.09455897306364595,0.3273009146134867,0.013045751803310898,0.18058604974492826,0.18058604974492826,0.31535776666154275,0.02498889975525487,0.09843632273538816,0.09843632273538816,0.3267530443203352,0.013593622096462471
IMG_0093,1,IMG_0093_r1_archive.csv,37,000101011111000001000010,21,240,66,0.3411731282657993,0.3653615468012508,0.0,0.4274509803921568,0.36524031009137314,0.001864040780883032,0.365303225658723,0.3653721999016197,0.020163945397590255,0.02016394539759026,0.3383994745850538,0.0027812647933593525,0.09455897306364597,0.09455897306364595,0.32795645237732574,0.01322428700108743,0.18058604974492826,0.18058604974492826,0.3159418327761201,0.025238906602293113,0.09843632273538816,0.09843632273538816,0.32743258657949986,0.013748152798913298
IMG_0093,1,IMG_0093_r1_archive.csv,38,111111111110100111111011,255,233,251,0.3380701648549744,0.3653608746186662,0.0,0.9660130718954248,0.36522939649496045,0.0018162646891016817,0.36530425608525574,0.3653921526343267,0.020163945397590255,0.02016394539759026,0.3353909431543124,0.002641030678413829,0.09455897306364597,0.09455897306364595,0.3254687276246202,0.012563246208106024,0.18058604974492826,0.18058604974492826,0.3138548470717622,0.024177126760964035,0.09843632273538816,0.09843632273538816,0.32490483928356495,0.013127134549161297
IMG_0093,1,IMG_0093_r1_archive.csv,40,101101111110110110110011,183,237,179,0.3398561010004488,0.3652717249211677,0.0,0.7830065359477124,0.36539537097765806,0.0021389727986369763,0.36538955354056946,0.3655572087771857,0.020163945397590255,0.02016394539759026,0.3371260482429084,0.002725574138438361,0.09455897306364597,0.09455897306364595,0.32691169806154335,0.012939924319803404,0.18058604974492826,0.18058604974492826,0.3150478783912366,0.024803743990110167,0.09843632273538816,0.09843632273538816,0.3263618748985628,0.013489747482783976
IMG_0093,1,IMG_0093_r1_archive.csv,46,000100010011100111100111,17,57,231,0.3441233275876313,0.3653344973710622,0.0,0.3986928104575163,0.3649209399223916,0.0011272830276952968,0.36516804492803845,0.3650363312138471,0.020163945397590255,0.02016394539759026,0.3413519682467283,0.0028819956252612027,0.09455897306364597,0.09455897306364595,0.3304195997552614,0.013814364116728102,0.18058604974492826,0.18058604974492826,0.3179150581688067,0.02631890570318279,0.09843632273538816,0.09843632273538816,0.32989554205693217,0.014338421815057364
IMG_0093,1,IMG_0093_r1_archive.csv,47,101111110001111111110110,191,31,246,0.3412560631480745,0.3652831106333669,0.0,0.611764705882353,0.3649877570167027,0.001263025299788892,0.3652009264543261,0.36524723357320504,0.020163945397590255,0.02016394539759026,0.3384820962179778,0.002754477740733921,0.09455897306364597,0.09455897306364595,0.3280309633919137,0.013205610566798044,0.18058604974492826,0.18058604974492826,0.31593032721211317,0.025306246746598603,0.09843632273538816,0.09843632273538816,0.3274811289406682,0.013755445018043523
IMG_0093,1,IMG_0093_r1_archive.csv,49,100011000100010100010111,140,69,23,0.3418939996848565,0.3654356305439807,0.0,0.3032679738562091,0.3649601940289833,0.001238741686143538,0.365179434370018,0.3650547475390746,0.020163945397590255,0.02016394539759026,0.3390364121103916,0.0028032769099288917,0.09455897306364597,0.09455897306364595,0.3285671108219589,0.013272578198361595,0.18058604974492826,0.18058604974492826,0.3163812538862394,0.025458435134081074,0.09843632273538816,0.09843632273538816,0.32799492560619664,0.013844763414123855
IMG_0093,1,IMG_0093_r1_archive.csv,53,001100000000101000000110,48,10,6,0.3474995714256674,0.3654383566404156,0.0,0.0836601307189542,0.3649305689425304,0.001173560941062041,0.36516610446983555,0.3649947884743623,0.020163945397590255,0.02016394539759026,0.3443304700707497,0.0030466631895989006,0.09455897306364597,0.09455897306364595,0.33306267078755736,0.014314462472791206,0.18058604974492826,0.18058604974492826,0.31995628406929594,0.027420849191052626,0.09843632273538816,0.09843632273538816,0.33244980830920096,0.014927324951147578
IMG_0093,1,IMG_0093_r1_archive.csv,54,000100000001111100101101,16,31,45,0.343831099807773,0.365398423771438,0.0,0.1202614379084967,0.36500422863556425,0.0013104626696531653,0.36520553873072154,0.3650860899203776,0.020163945397590255,0.02016394539759026,0.3410165374550029,0.0028767635144765795,0.09455897306364597,0.09455897306364595,0.33014319530073716,0.013750105668742277,0.18058604974492826,0.18058604974492826,0.31765734708096915,0.026235953888510275,0.09843632273538816,0.09843632273538816,0.32960569327890304,0.014287607690576376
IMG_0093,1,IMG_0093_r1_archive.csv,57,000100000011000000111000,16,48,56,0.3434788974764613,0.3655091816005127,0.0,0.1568627450980392,0.3649706185489032,0.001240855028303207,0.36518933055439806,0.3650234248191222,0.020163945397590255,0.02016394539759026,0.3406837819820605,0.0028548021950990593,0.09455897306364597,0.09455897306364595,0.3298576981488299,0.013680886028329675,0.18058604974492826,0.18058604974492826,0.31744968815973135,0.026088896017428222,0.09843632273538816,0.09843632273538816,0.32933038943020726,0.014208194746952318
IMG_0093,1,IMG_0093_r1_archive.csv,59,101101010001010100100101,181,21,37,0.3412887003439882,0.3654678513807621,0.0,0.3124183006535947,0.36501677737551774,0.00131991884749786,0.365215723426214,0.36509681644175207,0.020163945397590255,0.02016394539759026,0.33845182955769465,0.00276502662428996,0.09455897306364597,0.09455897306364595,0.328065971123458,0.013150885058526646,0.18058604974492826,0.18058604974492826,0.3158877168341537,0.02532913934783094,0.09843632273538816,0.09843632273538816,0.32746850583843545,0.013748350343549182
IMG_0093,1,IMG_0093_r1_archive.csv,60,111011101011110100111011,238,189,59,0.338456113454227,0.3655209867416245,0.0,0.6352941176470588,0.3651717213389062,0.0016740087975861727,0.36528214490208033,0.36530637416523515,0.020163945397590255,0.02016394539759026,0.33570305803487144,0.0026686812833047035,0.09455897306364597,0.09455897306364595,0.32575554550352165,0.012616193814654515,0.18058604974492826,0.18058604974492826,0.31406364046362323,0.02430809885455292,0.09843632273538816,0.09843632273538816,0.32517408133400544,0.013197657984170713
IMG_0093,1,IMG_0093_r1_archive.csv,62,111110100011111101010111,250,63,87,0.3396509988712125,0.3654507048280733,0.0,0.5228758169934641,0.3651164808364227,0.0015395388186575792,0.3652605218943289,0.36515583027882464,0.020163945397590255,0.02016394539759026,0.33694245025832087,0.0026858676666263316,0.09455897306364597,0.09455897306364595,0.32672821860373735,0.01290009932120981,0.18058604974492826,0.18058604974492826,0.31487819883728,0.024750119087667173,0.09843632273538816,0.09843632273538816,0.32618295589977936,0.013445362025167773
IMG_0093,1,IMG_0093_r1_archive.csv,63,101001111111111111101111,167,255,239,0.3392441726260135,0.3653648782428334,0.0,0.8640522875816994,0.365152841839694,0.0016903234101346204,0.3652591867497309,0.3653306344402074,0.020163945397590255,0.02016394539759026,0.3364636782567341,0.0026916754789211945,0.09455897306364597,0.09455897306364595,0.32634929694938963,0.01280605678626568,0.18058604974492826,0.18058604974492826,0.31458983164402005,0.024565522091635292,0.09843632273538816,0.09843632273538816,0.32580093561671464,0.013354418118940723
IMG_0093,1,IMG_0093_r1_archive.csv,69,010001100011101000110000,70,58,48,0.3425480897287211,0.3654944298034636,0.0,0.2300653594771241,0.3650068543605532,0.0012868909462229348,0.3652140573865681,0.36507647272842075,0.020163945397590255,0.02016394539759026,0.3397924859835627,0.002832383700992864,0.09455897306364597,0.09455897306364595,0.329158313942024,0.013466555742531564,0.18058604974492826,0.18058604974492826,0.3168870838588093,0.02573778582574625,0.09843632273538816,0.09843632273538816,0.328612627928132,0.014012241756423557
IMG_0093,1,IMG_0093_r1_archive.csv,74,111010111111011000111000,235,246,56,0.3379753603621491,0.3654492122958903,0.0,0.7019607843137254,0.36523955636749816,0.0018463713598517455,0.36530688929010585,0.36540849110722745,0.020163945397590255,0.02016394539759026,0.3351901926511979,0.002648650257226426,0.09455897306364597,0.09455897306364595,0.32533274354141234,0.01250609936701199,0.18058604974492826,0.18058604974492826,0.31371510399634017,0.02412373891208417,0.09843632273538816,0.09843632273538816,0.3247460133963168,0.013092829512107529
IMG_0093,1,IMG_0093_r1_archive.csv,75,111100000011000100110100,240,49,52,0.3398470760326552,0.3654805302229163,0.0,0.4457516339869281,0.3649898894243512,0.001300422583622395,0.36519370954101615,0.36507209356510817,0.020163945397590255,0.02016394539759026,0.33708831439538894,0.0027036466838556137,0.09455897306364597,0.09455897306364595,0.32689641657292484,0.012895544506319688,0.18058604974492826,0.18058604974492826,0.31498015726799045,0.02481180381125408,0.09843632273538816,0.09843632273538816,0.3263216294121014,0.013470331667143128
IMG_0093,1,IMG_0093_r1_archive.csv,79,111001101000110100101001,230,141,41,0.3392913547512605,0.365540379516482,0.0,0.5385620915032681,0.3650946759592252,0.0015033200557108585,0.36524777170786815,0.3651357360685219,0.020163945397590255,0.02016394539759026,0.33661697571624377,0.002694553986472673,0.09455897306364597,0.09455897306364595,0.32652662148075484,0.012784908221961584,0.18058604974492826,0.18058604974492826,0.31465413242299917,0.024657397279717275,0.09843632273538816,0.09843632273538816,0.32593257653999924,0.013378953162717177
IMG_0093,1,IMG_0093_r1_archive.csv,82,111001111110001111101011,231,227,235,0.3389472376396887,0.3653504531360641,0.0,0.9058823529411764,0.3651834094058551,0.0016929613426732671,0.3652890948327574,0.36541827544952027,0.020163945397590255,0.02016394539759026,0.3362416183315406,0.002681803891259658,0.09455897306364597,0.09455897306364595,0.32619271460479193,0.012730707618008352,0.18058604974492826,0.18058604974492826,0.31444552528750913,0.02447789693529115,0.09843632273538816,0.09843632273538816,0.3256266194079472,0.013296802814853051
IMG_0093,1,IMG_0093_r1_archive.csv,84,111110111111110000111011,251,252,59,0.3376463469490235,0.3653807171419476,0.0,0.734640522875817,0.3653069035059498,0.0019679938259921526,0.3653438308120224,0.3654123941947754,0.020163945397590255,0.02016394539759026,0.3349174794592984,0.002637559536954809,0.09455897306364597,0.09455897306364595,0.3250956561135608,0.012459382882692433,0.18058604974492826,0.18058604974492826,0.3135563627710789,0.023998676225174296,0.09843632273538816,0.09843632273538816,0.324523166114646,0.013031872881607181
IMG_0093,2,IMG_0093_r2_archive.csv,0,110101001100000100101101,212,193,45,0.3389369258096958,0.3645841468329561,0.0,0.5882352941176471,0.36523607980355133,0.001785839893607903,0.3653185455927199,0.36548280272700046,0.019671720606300045,0.019671720606300045,0.33611846900553255,0.002644823535422769,0.09475327232336578,0.09475327232336578,0.32605263288142267,0.01271065965953266,0.18090556408313418,0.18090556408313418,0.31443497640395307,0.024328316137002252,0.09844351900426666,0.09844351900426666,0.32553535943030276,0.01322793311065256
IMG_0093,2,IMG_0093_r2_archive.csv,1,001010000011001000100100,40,50,36,0.3430353533275845,0.3646368419831178,0.0,0.1647058823529411,0.36545182200025017,0.0022420921512457427,0.3654202247250094,0.3658263554738482,0.019671720606300045,0.019671720606300045,0.3400655716882042,0.0027967918017395834,0.09475327232336578,0.09475327232336578,0.32938913638285194,0.013473227107091871,0.18090556408313418,0.18090556408313418,0.31702069740638655,0.025841666083557254,0.09844351900426666,0.09844351900426666,0.3288251351591476,0.014037228330796236
IMG_0093,2,IMG_0093_r2_archive.csv,2,011010011001010001000010,105,148,66,0.3418503056334659,0.3645890803742753,0.0,0.4169934640522875,0.36547250869805087,0.0022124849371089376,0.3654483132263442,0.36596802766895703,0.019671720606300045,0.019671720606300045,0.3390472742432988,0.0027620803871491045,0.09475327232336578,0.09475327232336578,0.3285403491679295,0.013269005462518368,0.18090556408313418,0.18090556408313418,0.31634180986658644,0.02546754476386143,0.09844351900426666,0.09844351900426666,0.3279764777592716,0.0138328768711763
IMG_0093,2,IMG_0093_r2_archive.csv,4,110100100110000100101001,210,97,41,0.340804772427405,0.3645125022735385,0.0,0.4549019607843137,0.36556322056524015,0.0024386694639119623,0.3654824789618329,0.3660394526082833,0.019671720606300045,0.019671720606300045,0.33797189768688873,0.0027022412948745915,0.09475327232336578,0.09475327232336578,0.32761182729383315,0.013062311687930156,0.18090556408313418,0.18090556408313418,0.3156225554914772,0.025051583490286092,0.09844351900426666,0.09844351900426666,0.3270687601573997,0.013605378824363613
IMG_0093,2,IMG_0093_r2_archive.csv,5,101000010011111001000000,161,62,64,0.3412171186341437,0.3647041422310198,0.0,0.3751633986928104,0.36542070176008973,0.0021484209083230763,0.36541252229557963,0.36592947406212867,0.019671720606300045,0.019671720606300045,0.33836402661117815,0.0027272335133797588,0.09475327232336578,0.09475327232336578,0.32793544773839917,0.013155812386158707,0.18090556408313418,0.18090556408313418,0.3159159516067535,0.025175308517804376,0.09844351900426666,0.09844351900426666,0.3274051419854436,0.013686118139114281
IMG_0093,2,IMG_0093_r2_archive.csv,10,011111000011011001001110,124,54,78,0.3419630330688981,0.3646230387504827,0.0,0.3346405228758169,0.36561784352457205,0.002525513820866758,0.365515390831926,0.36617250334372603,0.019671720606300045,0.019671720606300045,0.3391318007709259,0.002757542504656341,0.09475327232336578,0.09475327232336578,0.3286300062119571,0.01325933706362513,0.18090556408313418,0.18090556408313418,0.31643790122161125,0.02545144205397096,0.09844351900426666,0.09844351900426666,0.3280665694014981,0.013822773874084144
IMG_0093,2,IMG_0093_r2_archive.csv,11,000001010000101000000010,5,10,2,0.3585760092200821,0.3649493993702064,0.0,0.0222222222222222,0.36524400027113524,0.0019435277545698534,0.36528704409506335,0.3657571381228177,0.019671720606300045,0.019671720606300045,0.3550013684821649,0.003462319680021678,0.09475327232336578,0.09475327232336578,0.34193917532101625,0.016524512841170326,0.18090556408313418,0.18090556408313418,0.3269716980115928,0.03149199015059374,0.09844351900426666,0.09844351900426666,0.3413040806049246,0.017159607557261914
IMG_0093,2,IMG_0093_r2_archive.csv,12,000101001101111111111001,20,223,249,0.3421236622564652,0.3644571663396254,0.0,0.6431372549019608,0.3655376310067237,0.0023825037558560746,0.36547093083033033,0.36592055055446243,0.019671720606300045,0.019671720606300045,0.3392691902431147,0.0027792837028680906,0.09475327232336578,0.09475327232336578,0.32879812798535646,0.01325034596062634,0.18090556408313418,0.18090556408313418,0.3165061557153743,0.025542318230608464,0.09844351900426666,0.09844351900426666,0.3281911579812818,0.013857315964700965
IMG_0093,2,IMG_0093_r2_archive.csv,13,000101000100000100000001,20,65,2,0.3537611973684368,0.3647402255973473,0.0,0.1137254901960784,0.3653602308967143,0.002197539714469396,0.36533977173066756,0.36583012220037747,0.019671720606300045,0.019671720606300045,0.3503112891356809,0.0032648201972006134,0.09475327232336578,0.09475327232336578,0.3379671481494289,0.015608961183452633,0.18090556408313418,0.18090556408313418,0.323846730950397,0.02972937838248449,0.09844351900426666,0.09844351900426666,0.33737505607850227,0.016201053254379243
IMG_0093,2,IMG_0093_r2_archive.csv,14,101011010010001100011100,173,35,28,0.3415900038888321,0.364705747741529,0.0,0.3084967320261438,0.36530702522294567,0.0019329882417773061,0.365352703925072,0.36588481008731094,0.019671720606300045,0.019671720606300045,0.33868746926557186,0.0027360214276101937,0.09475327232336578,0.09475327232336578,0.3282302915736498,0.013193199119532251,0.18090556408313418,0.18090556408313418,0.316190679753939,0.025232810939243046,0.09844351900426666,0.09844351900426666,0.3277028135310535,0.013720677162128497
IMG_0093,2,IMG_0093_r2_archive.csv,15,001110110011011000100110,59,54,38,0.3428882700579064,0.3646810154621029,0.0,0.1973856209150327,0.36551060428892534,0.0023349396615480094,0.36545579513610893,0.3659730807638663,0.019671720606300045,0.019671720606300045,0.3399197583483282,0.002807594671256053,0.09475327232336578,0.09475327232336578,0.32927285314397386,0.013454499875610409,0.18090556408313418,0.18090556408313418,0.31696440565135925,0.025762947368224997,0.09844351900426666,0.09844351900426666,0.32871900571455376,0.014008347305030486
IMG_0093,2,IMG_0093_r2_archive.csv,18,111111001110011111111011,252,231,251,0.338131510930614,0.3645547036311379,0.0,0.9594771241830063,0.3654470001715523,0.002153386897471125,0.36543757920975517,0.3658770257232867,0.019671720606300045,0.019671720606300045,0.33535901711908783,0.002626638140656831,0.09475327232336578,0.09475327232336578,0.3254830947637812,0.012502560495963481,0.18090556408313418,0.18090556408313418,0.31389738972013226,0.024088265539612453,0.09844351900426666,0.09844351900426666,0.32491316720100044,0.013072488058744254
IMG_0093,2,IMG_0093_r2_archive.csv,21,001010010011111000111000,41,62,56,0.3428142670152393,0.3646869394422269,0.0,0.2078431372549019,0.3654480274671651,0.0022265702569117442,0.36542031066550773,0.3658565243250236,0.019671720606300045,0.019671720606300045,0.3398914897109337,0.0027956573311164064,0.09475327232336578,0.09475327232336578,0.3292364908206407,0.013450656221409394,0.18090556408313418,0.18090556408313418,0.3169392017778871,0.025747945264162988,0.09844351900426666,0.09844351900426666,0.3286890607698205,0.013998086272229598
IMG_0093,2,IMG_0093_r2_archive.csv,22,101100000011101001001000,176,58,72,0.3410109158990789,0.3646652955412994,0.0,0.4,0.3654694080291623,0.002254346209241543,0.3654347472394225,0.3659884895152081,0.019671720606300045,0.019671720606300045,0.33816827963148394,0.0027149067281007585,0.09475327232336578,0.09475327232336578,0.3277811343350478,0.013102052024536903,0.18090556408313418,0.18090556408313418,0.31577090022475873,0.02511228613482599,0.09844351900426666,0.09844351900426666,0.32724010473043014,0.013643081629154551
IMG_0093,2,IMG_0093_r2_archive.csv,23,000001110101010111101110,7,85,238,0.3460384155939783,0.3644823565585404,0.0,0.4313725490196078,0.3656792054029433,0.0026132848763564106,0.36555480994642486,0.3662318831452928,0.019671720606300045,0.019671720606300045,0.34313339190830594,0.00292029670809221,0.09475327232336578,0.09475327232336578,0.33201121124241995,0.014042477373978198,0.18090556408313418,0.18090556408313418,0.31908845637354083,0.026965232242857334,0.09844351900426666,0.09844351900426666,0.33141101984142224,0.014642668774975914
IMG_0093,2,IMG_0093_r2_archive.csv,24,110101001000100000100101,212,136,37,0.340080607657061,0.3645282475382245,0.0,0.5032679738562091,0.3654708827508435,0.0022454768392459676,0.36543843930360265,0.3658723999679448,0.019671720606300045,0.019671720606300045,0.3372336620943375,0.0026946894456515392,0.09475327232336578,0.09475327232336578,0.32697723490552993,0.012951116634459116,0.18090556408313418,0.18090556408313418,0.31518090777110497,0.024747443768884107,0.09844351900426666,0.09844351900426666,0.3264639349236575,0.013464416616331588
IMG_0093,2,IMG_0093_r2_archive.csv,32,110100011110101111000110,209,235,198,0.3394123028656116,0.3644756716755746,0.0,0.8392156862745098,0.3654636790231277,0.0022238053853462876,0.3654366534393618,0.3660049300114047,0.019671720606300045,0.019671720606300045,0.33656127659512414,0.002659199140782409,0.09475327232336578,0.09475327232336578,0.32649831897856557,0.012722156757340933,0.18090556408313418,0.18090556408313418,0.3147064958618387,0.02451397987406782,0.09844351900426666,0.09844351900426666,0.3259220304785095,0.013298445257397054
IMG_0093,2,IMG_0093_r2_archive.csv,34,001010010011110000010010,41,60,18,0.3436979857659179,0.3646069272878109,0.0,0.1555555555555555,0.3655316311461826,0.0023826064657877823,0.36546490529230635,0.36600635369559037,0.019671720606300045,0.019671720606300045,0.34068677901639344,0.0028315709459194394,0.09475327232336578,0.09475327232336578,0.32994469680647176,0.01357365315584116,0.18090556408313418,0.18090556408313418,0.3174333314638805,0.026085018498432432,0.09844351900426666,0.09844351900426666,0.32935493576224856,0.014163414200064344
IMG_0093,2,IMG_0093_r2_archive.csv,40,101111101101000101000011,190,209,67,0.3389358844672581,0.3646178121195485,0.0,0.6091503267973857,0.3653334743317069,0.002044290530897791,0.3653513274615531,0.36563732645265584,0.019671720606300045,0.019671720606300045,0.33610537179617367,0.002630261673692132,0.09475327232336578,0.09475327232336578,0.32601618589610265,0.01271944757376315,0.18090556408313418,0.18090556408313418,0.3144186959038903,0.02431693756597549,0.09844351900426666,0.09844351900426666,0.3255134178653889,0.013222215604476922
IMG_0093,2,IMG_0093_r2_archive.csv,41,000010100001001100000101,10,19,5,0.3491787403395807,0.3650686737545701,0.0,0.0444444444444444,0.36565243151348337,0.002639615681988079,0.3655214533555571,0.3663042244095009,0.019671720606300045,0.019671720606300045,0.34603853412075986,0.00303360831123338,0.09475327232336578,0.09475327232336578,0.33440973612582664,0.014662406306166609,0.18090556408313418,0.18090556408313418,0.3209465668627673,0.028125575569225944,0.09844351900426666,0.09844351900426666,0.33379827903645126,0.015273863395541978
IMG_0093,2,IMG_0093_r2_archive.csv,42,001110100111000000101000,58,112,40,0.3430006757777888,0.3646596842185101,0.0,0.2745098039215686,0.3655383616536523,0.0023804642765586693,0.3654721713470832,0.36587129582053723,0.019671720606300045,0.019671720606300045,0.34012265926590757,0.002800262943198603,0.09475327232336578,0.09475327232336578,0.32943178062560613,0.013491141583500019,0.18090556408313418,0.18090556408313418,0.3170724512789211,0.025850470930185047,0.09844351900426666,0.09844351900426666,0.32887563039014495,0.014047291818961222
IMG_0093,2,IMG_0093_r2_archive.csv,43,000111111011011101001100,31,183,76,0.3421060779618056,0.3645558903056274,0.0,0.3790849673202615,0.36543170587550045,0.0022138184073826114,0.3654071770362254,0.3656696119513228,0.019671720606300045,0.019671720606300045,0.3391587656137236,0.002779486891636447,0.09475327232336578,0.09475327232336578,0.3286278642636909,0.013310388241669153,0.18090556408313418,0.18090556408313418,0.31644100831652705,0.025497244188833,0.09844351900426666,0.09844351900426666,0.3280758793979805,0.013862373107379533
IMG_0093,2,IMG_0093_r2_archive.csv,44,110011011101111100110111,205,223,55,0.3387389352873513,0.3645925612418232,0.0,0.6313725490196078,0.36532547088274314,0.0020019114240801606,0.3653539187892937,0.36565503432848057,0.019671720606300045,0.019671720606300045,0.3359403825162861,0.0026281620564193057,0.09475327232336578,0.09475327232336578,0.3258871271634156,0.012681417409289821,0.18090556408313418,0.18090556408313418,0.3143171353845178,0.02425140918818762,0.09844351900426666,0.09844351900426666,0.3253815483547398,0.013186996217965583
IMG_0093,2,IMG_0093_r2_archive.csv,47,000011010001001000000101,13,18,5,0.3487170869917261,0.3648863403820272,0.0,0.0470588235294117,0.3656015644371519,0.0025520962769098503,0.36549246613049513,0.36619638944528426,0.019671720606300045,0.019671720606300045,0.34556105744757126,0.0030155075784542335,0.09475327232336578,0.09475327232336578,0.3340029860764158,0.014573578949609688,0.18090556408313418,0.18090556408313418,0.3206678426698045,0.027908722356220935,0.09844351900426666,0.09844351900426666,0.33341062873126387,0.015165936294761618
IMG_0093,2,IMG_0093_r2_archive.csv,49,110011010001010100011001,205,21,25,0.3414131449983943,0.3647365549123062,0.0,0.3281045751633987,0.3654845828830877,0.0022584803328778284,0.36544888856243885,0.36615679834805753,0.019671720606300045,0.019671720606300045,0.3384801320598839,0.0027274367021480586,0.09475327232336578,0.09475327232336578,0.32804469556617366,0.01316287319585831,0.18090556408313418,0.18090556408313418,0.3159961603730535,0.02521140838897846,0.09844351900426666,0.09844351900426666,0.3275069959997037,0.013700572762328278
IMG_0093,2,IMG_0093_r2_archive.csv,50,000010100100001000101001,10,66,41,0.3446881246340117,0.3647100753335242,0.0,0.1529411764705882,0.36555498753927007,0.0024596113108418787,0.3654690104741303,0.365936766743379,0.019671720606300045,0.019671720606300045,0.3417468148207943,0.0028444734327087353,0.09475327232336578,0.09475327232336578,0.33077655162403297,0.013814736629470041,0.18090556408313418,0.18090556408313418,0.3181093912933213,0.02648189696018173,0.09844351900426666,0.09844351900426666,0.3302109192460495,0.014380369007453502
IMG_0093,2,IMG_0093_r2_archive.csv,53,100011000110000010111000,140,96,184,0.3429172583221888,0.364503775683696,0.0,0.5490196078431373,0.36550397551572267,0.0022394075963646978,0.36547304937920216,0.366175283954648,0.019671720606300045,0.019671720606300045,0.3400755025392566,0.002800652388337901,0.09475327232336578,0.09475327232336578,0.3294682360771248,0.013407918850469717,0.18090556408313418,0.18090556408313418,0.31699295367331026,0.025883201254284262,0.09844351900426666,0.09844351900426666,0.3288455640965639,0.014030590831030627
IMG_0093,2,IMG_0093_r2_archive.csv,56,101000010010001100011000,161,35,24,0.341888818371264,0.3647176150819007,0.0,0.2875816993464052,0.36534555969789795,0.0019957027518189385,0.3653755597725139,0.3658358626741483,0.019671720606300045,0.019671720606300045,0.33901005683389884,0.0027536311208658363,0.09475327232336578,0.09475327232336578,0.3284980520393212,0.013265635915443498,0.18090556408313418,0.18090556408313418,0.31636822440646994,0.025395463548294764,0.09844351900426666,0.09844351900426666,0.3279587777598966,0.013804910194868033
IMG_0093,2,IMG_0093_r2_archive.csv,57,001110001000001101001100,56,131,76,0.3424511940848216,0.36459674717595,0.0,0.3437908496732026,0.3654857617452488,0.0023083799958911735,0.3654375925088467,0.36575891345926587,0.019671720606300045,0.019671720606300045,0.3395227528935988,0.002782737911929752,0.09475327232336578,0.09475327232336578,0.32893795572276535,0.013367535082763187,0.18090556408313418,0.18090556408313418,0.3166837088341039,0.025621781971424597,0.09844351900426666,0.09844351900426666,0.3283814724834893,0.013924018322039178
IMG_0093,2,IMG_0093_r2_archive.csv,58,110011000001111000101011,204,30,43,0.3409096432304616,0.3647118672991598,0.0,0.3620915032679738,0.3654786861881375,0.0022686016982621945,0.36544046152614257,0.3660928376907655,0.019671720606300045,0.019671720606300045,0.33801971477703674,0.002713484406722434,0.09475327232336578,0.09475327232336578,0.3276726315327572,0.013060567651001968,0.18090556408313418,0.18090556408313418,0.31568493444335594,0.02504826474040324,0.09844351900426666,0.09844351900426666,0.32712576025104995,0.013607438932709215
IMG_0093,2,IMG_0093_r2_archive.csv,60,101111001010011011111000,188,166,248,0.3402248547501811,0.3644794824826752,0.0,0.7869281045751634,0.3654744042957336,0.0022237856507041323,0.36544738364562823,0.3659081025639382,0.019671720606300045,0.019671720606300045,0.33743790067130836,0.002707896715593229,0.09475327232336578,0.09475327232336578,0.32723914522791303,0.012906652158988608,0.18090556408313418,0.18090556408313418,0.31526465540845344,0.02488114197844819,0.09844351900426666,0.09844351900426666,0.32664723376922494,0.013498563617676674
IMG_0093,2,IMG_0093_r2_archive.csv,63,010101010010001000111101,85,34,61,0.342635062987767,0.3646938125697055,0.0,0.2352941176470588,0.36550983163025025,0.0023232137402843774,0.36545795395774977,0.36608673646701834,0.019671720606300045,0.019671720606300045,0.33973786206967554,0.0027933545250752242,0.09475327232336578,0.09475327232336578,0.32915445335542565,0.013376763239325106,0.18090556408313418,0.18090556408313418,0.31684841026323635,0.02568280633151442,0.09844351900426666,0.09844351900426666,0.3285802418961125,0.01395097469863825
IMG_0093,2,IMG_0093_r2_archive.csv,65,111110001101100100111011,248,217,59,0.3382393787680036,0.3646015876485672,0.0,0.6849673202614379,0.36537267597817913,0.0020718670000633307,0.3653836349907339,0.3656625411909638,0.019671720606300045,0.019671720606300045,0.33538876734125145,0.002630617254036769,0.09475327232336578,0.09475327232336578,0.3254271331905024,0.012592251404785789,0.18090556408313418,0.18090556408313418,0.3139522337551852,0.024067150840103017,0.09844351900426666,0.09844351900426666,0.3249227114289797,0.013096673166308526
IMG_0093,2,IMG_0093_r2_archive.csv,67,100100001000011000100100,144,134,36,0.3414334130780357,0.3646434407327162,0.0,0.4104575163398693,0.36541761262509653,0.002168487854246612,0.3654044164241055,0.3657931243521754,0.019671720606300045,0.019671720606300045,0.33855292443613977,0.002737934788512022,0.09475327232336578,0.09475327232336578,0.3281128653979498,0.013177993826701942,0.18090556408313418,0.18090556408313418,0.31599260456960765,0.025298254655044122,0.09844351900426666,0.09844351900426666,0.3275527981345657,0.01373806109008603
IMG_0093,2,IMG_0093_r2_archive.csv,68,110000111101100100010111,195,217,23,0.3393304008595755,0.3645890721854983,0.0,0.5686274509803921,0.3653566331188285,0.0020548765136095674,0.3653718397529967,0.3657636169989337,0.019671720606300045,0.019671720606300045,0.33650473085413635,0.002650631347717688,0.09475327232336578,0.09475327232336578,0.32636623781294954,0.012789124388904484,0.18090556408313418,0.18090556408313418,0.3146770588890262,0.024478303312827805,0.09844351900426666,0.09844351900426666,0.32584934251870407,0.013306019683149992
IMG_0093,2,IMG_0093_r2_archive.csv,73,101010001011101100111010,168,187,58,0.3399227892474559,0.3646498711720438,0.0,0.5398692810457516,0.3654291398741565,0.002218054253534905,0.3654035520733434,0.3657831784771473,0.019671720606300045,0.019671720606300045,0.33706662399436926,0.0026823965251672557,0.09475327232336578,0.09475327232336578,0.32682716306771753,0.012921857451818975,0.18090556408313418,0.18090556408313418,0.31506681727768515,0.024682203241851386,0.09844351900426666,0.09844351900426666,0.32632020144659063,0.013428819072945871
IMG_0093,2,IMG_0093_r2_archive.csv,76,110110001010100000101010,216,168,42,0.3395767757073797,0.3645147263851019,0.0,0.5568627450980392,0.3652843520958864,0.0019247027723831348,0.36533210216536127,0.36561681379803584,0.019671720606300045,0.019671720606300045,0.33672191424888986,0.0026543226103423667,0.09475327232336578,0.09475327232336578,0.3265876035098513,0.01278863334938098,0.18090556408313418,0.18090556408313418,0.3148379251301564,0.024538311729075845,0.09844351900426666,0.09844351900426666,0.3260491476296325,0.01332708922959973
IMG_0093,2,IMG_0093_r2_archive.csv,77,101101010111100100111010,181,121,58,0.340619701324247,0.3646135233520662,0.0,0.4705882352941176,0.3654882792581281,0.002297811817481355,0.3654427520663285,0.3658832092050477,0.019671720606300045,0.019671720606300045,0.3377829321323376,0.0027047811544787907,0.09475327232336578,0.09475327232336578,0.32742545239607834,0.013062260890738081,0.18090556408313418,0.18090556408313418,0.315538960245705,0.02494875304111147,0.09844351900426666,0.09844351900426666,0.3269157815913737,0.013571931695442782
IMG_0093,2,IMG_0093_r2_archive.csv,78,100100010110000100101011,145,97,43,0.341971279146413,0.3646090081150106,0.0,0.3725490196078431,0.36549626964796467,0.0023002763109608955,0.3654501263327951,0.36599395659275813,0.019671720606300045,0.019671720606300045,0.3391241219287226,0.0027594050683660385,0.09475327232336578,0.09475327232336578,0.3286093571533751,0.013274169843713558,0.18090556408313418,0.18090556408313418,0.3163708404618622,0.02551268653522644,0.09844351900426666,0.09844351900426666,0.32803477318131996,0.01384875381576868
IMG_0093,2,IMG_0093_r2_archive.csv,84,001110010001101000011000,57,26,24,0.3434765354070294,0.3648610969972419,0.0,0.1398692810457516,0.3654134309413181,0.0021239230211314284,0.36541137594860584,0.36587939542678444,0.019671720606300045,0.019671720606300045,0.3405536057111475,0.0028258985928034993,0.09475327232336578,0.09475327232336578,0.32979337197125463,0.013586132332696383,0.18090556408313418,0.18090556408313418,0.31741252154752353,0.025966982756427504,0.09844351900426666,0.09844351900426666,0.3292531664099752,0.014126337893975794
IMG_0093,2,IMG_0093_r2_archive.csv,85,000011100010111000001011,14,46,11,0.3453355517795147,0.3647791564940726,0.0,0.0928104575163398,0.36562273154669617,0.002537448745778476,0.36551729512282216,0.3661136023352521,0.019671720606300045,0.019671720606300045,0.34232691028819046,0.0028937128442351346,0.09475327232336578,0.09475327232336578,0.33131184396801144,0.013908779164414171,0.18090556408313418,0.18090556408313418,0.3186333727958624,0.02658725033656319,0.09844351900426666,0.09844351900426666,0.3307573756840214,0.014463247448404165
IMG_0093,2,IMG_0093_r2_archive.csv,88,000101001001111011111010,20,158,250,0.3429942922639836,0.364449638485711,0.0,0.5594771241830065,0.36558887126576994,0.002490974109515208,0.36549505350096184,0.36597096725551875,0.019671720606300045,0.019671720606300045,0.3401076232970508,0.002813707266703422,0.09475327232336578,0.09475327232336578,0.32951622249124646,0.013405108072507785,0.18090556408313418,0.18090556408313418,0.317038366363033,0.025882964200721247,0.09844351900426666,0.09844351900426666,0.3288874040504434,0.014033926513310818
