experiment_id,run_index,archive_file,archive_row,bits,level_R,level_G,level_B,old_f1_reconstruction,old_f2_security,old_f3_robustness,old_f4_complexity,B1_central_5pct,B1_central_10pct,B1_central_20pct,B2_random_block_5pct,B2_random_block_10pct,B2_random_block_20pct,B3_dropout_5pct,B3_dropout_10pct,B3_dropout_20pct,B4_crop_5pct,B4_crop_10pct,B4_crop_20pct,B1_central_mean,B1_central_max,B2_random_block_mean,B2_random_block_max,B3_dropout_mean,B3_dropout_max,B4_crop_mean,B4_crop_max
IMG_0005,1,IMG_0005_r1_archive.csv,0,000000000001000000000000,2,16,2,0.5325097814330209,0.3278386216354951,0.0,0.0261437908496732,0.024952342709352055,0.04994354527064807,0.09995185696120275,0.025204931746987822,0.04996297519662006,0.09974244553683806,0.025373324438744998,0.05027817177349887,0.10154295201024173,0.024423416946781434,0.049386554059451256,0.09989140830262325,0.05828258164706762,0.09995185696120275,0.05830345082681532,0.09974244553683806,0.05906481607416186,0.10154295201024173,0.05790045976961864,0.09989140830262325
IMG_0005,1,IMG_0005_r1_archive.csv,1,000010010010000100010001,9,33,17,0.5079352174411946,0.3278656932793489,0.0,0.0771241830065359,0.02498688479996891,0.05000615280989113,0.10005548323305333,0.02522867943428691,0.049900367657377,0.10018501607286655,0.025237314956941124,0.05037100364203168,0.10127309192729754,0.024419099185454325,0.049613236529124374,0.10023035256680117,0.05834950694763779,0.10005548323305333,0.05843802105484349,0.10018501607286655,0.05896047017542345,0.10127309192729754,0.058087562760459954,0.10023035256680117
IMG_0005,1,IMG_0005_r1_archive.csv,2,000000110001000100010000,3,17,16,0.5109955535416626,0.3275916531915527,0.0,0.0470588235294117,0.025058127861866182,0.04998024624192848,0.10006411875570755,0.0251919784630065,0.050029900497190215,0.09974244553683806,0.025334464586801032,0.050465994391228036,0.10121696103004514,0.02446443567938895,0.04942109615006811,0.09990867934793168,0.05836749761983406,0.10006411875570755,0.05832144149901159,0.09974244553683806,0.05900580666935806,0.10121696103004514,0.05793140372579625,0.09990867934793168
IMG_0005,1,IMG_0005_r1_archive.csv,3,000000100001000100000001,2,17,2,0.5323204518319266,0.327849735746786,0.0,0.0274509803921568,0.02498472591930536,0.050001835048564015,0.10008354868167953,0.025086193310492378,0.049900367657377,0.09972301561086608,0.025362530035427232,0.0503235082674335,0.10143069021573695,0.024436370230762755,0.049330423162198864,0.09983959516669796,0.058356703216516294,0.10008354868167953,0.05823652552624515,0.09972301561086608,0.05903890950619922,0.10143069021573695,0.0578687961865532,0.09983959516669796
IMG_0005,1,IMG_0005_r1_archive.csv,4,000010110000100000001001,11,8,9,0.4982063783555661,0.3278694654603322,0.0,0.0366013071895424,0.024982567038641806,0.050055807065152856,0.10035772652595082,0.025211408388978482,0.04997161071927427,0.10018069831153943,0.02514880084973543,0.05049837760118134,0.10126229752397978,0.024438529111426306,0.04959596548381595,0.10015910950490389,0.058465366876581826,0.10035772652595082,0.058454572473264056,0.10018069831153943,0.05896982532496551,0.10126229752397978,0.058064534700048714,0.10015910950490389
IMG_0005,1,IMG_0005_r1_archive.csv,5,000010110001001101010000,11,19,80,0.5095153148981475,0.3278111897831364,0.0,0.1437908496732026,0.024978249277314696,0.05004501266183509,0.10025410025410025,0.025364688916090786,0.04987230220875081,0.10026705353808157,0.02514232420774477,0.050427134539284074,0.10130331625658728,0.024308996271613093,0.049408142866086795,0.10002525890376357,0.058425787397750006,0.10025410025410025,0.05850134822097439,0.10026705353808157,0.058957591667872046,0.10130331625658728,0.05791413268048782,0.10002525890376357
IMG_0005,1,IMG_0005_r1_archive.csv,6,000010110000010111010110,11,5,214,0.5057170733868769,0.32778620591989,0.0,0.3006535947712418,0.025079716668501718,0.05015295669501277,0.10035988540661438,0.02523947383760468,0.04992411534467609,0.1003080722706891,0.025200613985660713,0.0505329196917982,0.10104640945762441,0.024382398214173914,0.049423255030731666,0.10017853943087589,0.058530852923376286,0.10035988540661438,0.05849055381765663,0.1003080722706891,0.058926647711694445,0.10104640945762441,0.05799473089192716,0.10017853943087589
IMG_0005,2,IMG_0005_r2_archive.csv,0,000111000100001100000110,28,67,6,0.5171110190304102,0.3277235786606166,0.0,0.1320261437908496,0.02495450159001561,0.05012705012705013,0.09987413725731484,0.02516175413371675,0.04974061048827404,0.09987629613797838,0.02456158530924886,0.049373600775469935,0.10019365159552075,0.024643622774463896,0.04969311511367586,0.10070962407411006,0.05831856299146019,0.09987413725731484,0.05825955358665639,0.09987629613797838,0.05804294589341319,0.10019365159552075,0.05834878732074994,0.10070962407411006
IMG_0005,2,IMG_0005_r2_archive.csv,1,000000000000011100000001,2,7,2,0.5294444164105366,0.3280216033908189,0.0,0.0143790849673202,0.024978249277314696,0.050107620201078146,0.09970790344622121,0.025213567269642037,0.05003853601984443,0.10024978249277314,0.024667370461762983,0.04983344235680684,0.10072041847742783,0.024775314494940665,0.049772993698227345,0.10093846542444673,0.058264590974871355,0.09970790344622121,0.058500628594086536,0.10024978249277314,0.05840707709866588,0.10072041847742783,0.05849559120587158,0.10093846542444673
IMG_0005,2,IMG_0005_r2_archive.csv,2,101010010000111000000110,169,14,6,0.5170956867445996,0.327614369320038,0.0,0.2470588235294117,0.024904847334753875,0.05016806885965764,0.09983527740537086,0.02513800644641766,0.049656414142395446,0.09995833360319342,0.024626351729155466,0.049393030701441916,0.10032750219666108,0.02475372568830513,0.0498075357888442,0.1007031474321194,0.05830273119992746,0.09983527740537086,0.05825091806400218,0.09995833360319342,0.05811562820908615,0.10032750219666108,0.05842146963642291,0.1007031474321194
IMG_0005,2,IMG_0005_r2_archive.csv,3,000010000010000010010000,8,32,144,0.5123913672519349,0.3277474936305419,0.0,0.2405228758169934,0.024982567038641806,0.04995433967396584,0.09949201537986585,0.0251919784630065,0.04989389101538635,0.09971869784953898,0.024773155614277106,0.04949018033130182,0.10047214720111916,0.02476020233029579,0.049742769368937595,0.10095789535041871,0.0581429740308245,0.09949201537986585,0.05826818910931061,0.09971869784953898,0.05824516104889937,0.10047214720111916,0.05848695568321736,0.10095789535041871
IMG_0005,2,IMG_0005_r2_archive.csv,4,000010010100101001010011,9,74,83,0.5138601003314431,0.327710877568479,0.0,0.2169934640522876,0.024965295993333376,0.04997161071927427,0.09977482874679136,0.02526322152490377,0.04993059198666675,0.09997128688717473,0.02480337994356686,0.049354170849497954,0.10044624063315652,0.024678164865080753,0.0495938066031524,0.10072041847742783,0.058237245153133,0.09977482874679136,0.05838836679958175,0.09997128688717473,0.058201263808740446,0.10044624063315652,0.05833079664855365,0.10072041847742783
IMG_0005,2,IMG_0005_r2_archive.csv,5,000010100000000000011010,10,2,26,0.5165109010031345,0.3279239891785194,0.0,0.049673202614379,0.024969613754660485,0.0499608163159565,0.0997597165821465,0.025051651219875522,0.04950961025727381,0.09986981949598772,0.024552949786594648,0.04943189055338588,0.10034261436130595,0.024613398445174146,0.04953767570590001,0.10069019414813807,0.0582300488842545,0.0997597165821465,0.05814369365771235,0.09986981949598772,0.058109151567095486,0.10034261436130595,0.05828042276640407,0.10069019414813807
IMG_0005,2,IMG_0005_r2_archive.csv,6,000010000100001000000010,8,66,2,0.5249963010223442,0.3277318229934529,0.0,0.0993464052287581,0.025122894281772785,0.05021772311491938,0.09980289419541756,0.02533014682547393,0.0502673773701811,0.10031023115135264,0.024783950017594876,0.04977731145955445,0.10075496056804467,0.02474509016565091,0.049699591755666524,0.10099891408302623,0.05838117053070324,0.09980289419541756,0.05863591844900256,0.10031023115135264,0.05843874068173133,0.10075496056804467,0.058481198668114555,0.10099891408302623
IMG_0005,2,IMG_0005_r2_archive.csv,7,000000010000101000000001,2,10,2,0.5286001416795109,0.327896203473439,0.0,0.0183006535947712,0.025049492339211964,0.05021124647292871,0.09978346426944558,0.025189819582342947,0.050042853781171535,0.10027784794139934,0.024697594791052737,0.04988309661206858,0.10080245594264285,0.024874623005464128,0.04990252653804055,0.1011392413261572,0.05834806769386208,0.09978346426944558,0.05850350710163794,0.10027784794139934,0.05846104911525472,0.10080245594264285,0.05863879695655396,0.1011392413261572
IMG_0005,2,IMG_0005_r2_archive.csv,8,100100000001011000000110,144,22,6,0.5171561015383844,0.3276929333455154,0.0,0.2248366013071895,0.02488757628944545,0.050079554752451946,0.0997683521048007,0.025250268240922445,0.04975356377225536,0.09996696912584763,0.024654417177781662,0.049416778388741006,0.10041601630386676,0.02472350135901538,0.049747087130264704,0.10064485765420345,0.05824516104889937,0.0997683521048007,0.058323600379675135,0.09996696912584763,0.05816240395679648,0.10041601630386676,0.05837181538116117,0.10064485765420345
IMG_0005,2,IMG_0005_r2_archive.csv,9,000101100000000000001000,22,2,8,0.5202631202583773,0.3278546554043164,0.0,0.0418300653594771,0.02488325852811834,0.04987014332808726,0.09968631463958567,0.024911323976744535,0.04925054457764738,0.09989140830262325,0.024516248815314234,0.04947506816665695,0.10016342726623101,0.02461771620650125,0.0495614233931991,0.10047430608178272,0.058146572165263755,0.09968631463958567,0.058017758952338384,0.09989140830262325,0.0580515814160674,0.10016342726623101,0.05821781522716102,0.10047430608178272
IMG_0005,2,IMG_0005_r2_archive.csv,10,000100010000111010011100,17,14,156,0.5127967965743515,0.3276493207777712,0.0,0.2444444444444444,0.024909165096080984,0.04993490974799386,0.09940781903398727,0.025066763384520394,0.04965857302305901,0.09952871635114625,0.024686800387734967,0.04928292778760068,0.1002800068220629,0.024680323745744307,0.04957869443850752,0.10067724086415676,0.0580839646260207,0.09940781903398727,0.05808468425290855,0.09952871635114625,0.058083244999132845,0.1002800068220629,0.05831208634946953,0.10067724086415676
IMG_0005,2,IMG_0005_r2_archive.csv,11,000101110000001100001000,23,3,8,0.5119257940540912,0.3279434636594824,0.0,0.0444444444444444,0.024917800618735195,0.04996729295794716,0.09966256695228658,0.025172548537034517,0.04953119906390934,0.09999071681314672,0.024578856354557286,0.0494772270473205,0.10028648346405357,0.024710548075034054,0.04963266645509636,0.10056282018898842,0.05818255350965631,0.09966256695228658,0.058231488138030196,0.09999071681314672,0.05811418895531045,0.10028648346405357,0.05830201157303961,0.10056282018898842
IMG_0005,2,IMG_0005_r2_archive.csv,12,000001110010000000001001,7,32,9,0.5058445489404108,0.3277655445165704,0.0,0.0627450980392156,0.02496745487399693,0.050090349155769716,0.09964529590697814,0.025131529804427,0.049749246010928255,0.0997877820307727,0.02458533299654795,0.049440526076040096,0.1002800068220629,0.024762361210959344,0.04980105914685354,0.10100323184435334,0.05823436664558159,0.09964529590697814,0.058222852615375985,0.0997877820307727,0.05810195529821698,0.1002800068220629,0.058522217400722075,0.10100323184435334
IMG_0005,2,IMG_0005_r2_archive.csv,13,110110100100111010011100,218,78,156,0.5299160598728342,0.3275988862376894,0.0,0.5908496732026144,0.024833604272856608,0.04983560123747039,0.0995913238903893,0.025224361672959807,0.04994786303197518,0.09992810927390368,0.024915641738071644,0.04940166622409613,0.1002519413734367,0.024693277029725628,0.04976435817557313,0.10074200728406336,0.0580868431335721,0.0995913238903893,0.05836677799294623,0.09992810927390368,0.058189749778534826,0.1002519413734367,0.05839988082978737,0.10074200728406336
IMG_0005,2,IMG_0005_r2_archive.csv,14,000000000000010100000001,2,5,2,0.5305436845796233,0.3279806239711703,0.0,0.0117647058823529,0.025023585771249322,0.05011193796240525,0.0998525484506793,0.02526538040556732,0.05003205937785377,0.10035988540661438,0.024665211581099432,0.04983128347614329,0.10089960557250277,0.024842239795510822,0.04990252653804055,0.10104425057696086,0.05832935739477796,0.0998525484506793,0.05855244173001182,0.10035988540661438,0.058465366876581826,0.10089960557250277,0.05859633897017075,0.10104425057696086
IMG_0005,2,IMG_0005_r2_archive.csv,15,000001100010000110011001,6,33,153,0.5127137770300897,0.3277082816230155,0.0,0.2509803921568627,0.025032221293903537,0.04999104064524625,0.09966688471361368,0.02527833368954864,0.04993706862865742,0.09985470733134284,0.024751566807641574,0.04943404943404943,0.10050884817239958,0.024704071433043397,0.04966073190372256,0.10078950265866155,0.05823004888425449,0.09966688471361368,0.058356703216516294,0.09985470733134284,0.058231488138030196,0.10050884817239958,0.0583847686651425,0.10078950265866155
IMG_0005,2,IMG_0005_r2_archive.csv,16,000000010000010000001011,2,4,11,0.5147391711390461,0.3280733705629679,0.0,0.0222222222222222,0.02493075390271652,0.0501097790817417,0.09988277277996904,0.025008473606604447,0.0496866384716852,0.09995833360319342,0.024486024486024487,0.049706068397657184,0.10056497906965198,0.024717024717024715,0.049779470340218,0.10101186736700755,0.058307768588142427,0.09988277277996904,0.05821781522716102,0.09995833360319342,0.058252357317777885,0.10056497906965198,0.058502787474750094,0.10101186736700755
IMG_0005,2,IMG_0005_r2_archive.csv,17,000000010000010000001000,2,4,8,0.515486770347338,0.3280899096300281,0.0,0.0183006535947712,0.0247969033015762,0.04994786303197518,0.0996474547876417,0.02494154830603429,0.04954631122855421,0.09996481024518408,0.024436370230762755,0.04960891876779727,0.10041385742320322,0.02476667897228645,0.04976435817557313,0.10078302601667087,0.058130740373731025,0.0996474547876417,0.058150889926590864,0.09996481024518408,0.058153048807254415,0.10041385742320322,0.05843802105484349,0.10078302601667087
IMG_0005,2,IMG_0005_r2_archive.csv,18,000101000001000100001001,20,17,9,0.5087906421558827,0.3278405867835289,0.0,0.0601307189542483,0.024926436141389414,0.050001835048564015,0.0996107538163613,0.02518550182101584,0.049600283245143054,0.09969495016223988,0.024600445161192825,0.04938871294011481,0.10011593189163281,0.024768837852950004,0.049682320710358094,0.10068155862548386,0.058179675002104914,0.0996107538163613,0.058160245076132926,0.09969495016223988,0.058035029997646814,0.10011593189163281,0.05837757239626399,0.10068155862548386
IMG_0005,2,IMG_0005_r2_archive.csv,19,000000000000010000001010,2,4,10,0.5151184483737383,0.3280692028931003,0.0,0.0209150326797385,0.024917800618735195,0.050053648184489305,0.09984391292802508,0.02496097823200627,0.04970390951699363,0.10007275427836176,0.02455942642858531,0.04958301219983463,0.10060383892159593,0.02472997800100604,0.049742769368937595,0.10092982990179253,0.05827178724374985,0.09984391292802508,0.058245880675787225,0.10007275427836176,0.058248759183338626,0.10060383892159593,0.05846752575724539,0.10092982990179253
IMG_0005,2,IMG_0005_r2_archive.csv,20,000010000010011001100001,8,38,97,0.5122033499116361,0.3277487203861859,0.0,0.1869281045751634,0.02499767920328668,0.04996297519662006,0.09951144530583783,0.02522867943428691,0.04991332094135832,0.09966904359427724,0.024764520091622895,0.04948802145063827,0.10054986690500708,0.02474724904631447,0.049697432875002966,0.1008931289305121,0.058157366568581524,0.09951144530583783,0.05827034798997416,0.09966904359427724,0.05826746948242275,0.10054986690500708,0.058445936950609845,0.1008931289305121
IMG_0005,2,IMG_0005_r2_archive.csv,21,000100010001010000001001,17,20,9,0.5080239008723739,0.3278513654132687,0.0,0.0601307189542483,0.02496745487399693,0.050107620201078146,0.0996388192649875,0.02509266995248304,0.049613236529124374,0.09966472583295014,0.02454431426394043,0.04952040466059158,0.10023898808945537,0.024721342478351824,0.049682320710358094,0.10079382041998865,0.05823796478002086,0.0996388192649875,0.058123544104852515,0.09966472583295014,0.05810123567132913,0.10023898808945537,0.05839916120289953,0.10079382041998865
IMG_0006,1,IMG_0006_r1_archive.csv,0,000000100000110000000111,2,12,7,0.5110002266509289,0.3312410017660968,0.0,0.0274509803921568,0.024915641738071644,0.04988957325405923,0.1001914927148572,0.025163913014380306,0.04998456400325559,0.09990867934793168,0.025254586002249554,0.05026953625084466,0.09927396843284694,0.02461771620650125,0.04975356377225536,0.10046782943979206,0.05833223590232935,0.1001914927148572,0.05835238545518919,0.09990867934793168,0.05826603022864705,0.09927396843284694,0.05827970313951623,0.10046782943979206
IMG_0006,1,IMG_0006_r1_archive.csv,1,001100000001100000010010,48,24,18,0.4846857064386627,0.3314318971436737,0.0,0.1176470588235294,0.024853034198828592,0.04974061048827404,0.09995185696120275,0.025021426890585768,0.04987877885074146,0.0999173148705859,0.02510130547513725,0.049731974965619825,0.09934737037540776,0.024647940535791002,0.049747087130264704,0.10044624063315652,0.05818183388276846,0.09995185696120275,0.05827250687063771,0.0999173148705859,0.05806021693872162,0.09934737037540776,0.05828042276640408,0.10044624063315652
IMG_0006,1,IMG_0006_r1_archive.csv,2,010000000001010000000000,64,20,2,0.5064980715165583,0.3312393848673597,0.0,0.1124183006535947,0.024865987482809913,0.049706068397657184,0.0998050530760811,0.0249501838286885,0.04979458250486288,0.10001446450044581,0.025017109129258662,0.04991116206069477,0.09873640714762211,0.024643622774463896,0.049688797352348754,0.10039874525855835,0.058125702985516066,0.0998050530760811,0.05825307694466573,0.10001446450044581,0.05788822611252518,0.09873640714762211,0.05824372179512367,0.10039874525855835
IMG_0006,1,IMG_0006_r1_archive.csv,3,000011110000101000010000,15,10,16,0.48998779035537,0.3313935959094803,0.0,0.05359477124183,0.02493938942537073,0.04983991899879751,0.09991947375124945,0.02498040815797825,0.04995433967396584,0.09984823068935218,0.025053810100539073,0.04982912459547974,0.09937975358536107,0.024660893819772323,0.049665049665049664,0.10032102555467041,0.05823292739180589,0.09991947375124945,0.05826099284043209,0.09984823068935218,0.058087562760459954,0.09937975358536107,0.05821565634649747,0.10032102555467041
IMG_0006,1,IMG_0006_r1_archive.csv,4,010100000001001101010000,80,19,80,0.4937524210578787,0.3311790908525078,0.0,0.2339869281045751,0.024932912783380074,0.04991979758334898,0.10020012823751141,0.02495450159001561,0.050107620201078146,0.0998849316606326,0.025053810100539073,0.04980537690818065,0.09932794044943578,0.024708389194370503,0.049755722652918916,0.10038363309391347,0.05835094620141349,0.10020012823751141,0.05831568448390878,0.0998849316606326,0.05806237581938517,0.09932794044943578,0.05828258164706763,0.10038363309391347
IMG_0006,1,IMG_0006_r1_archive.csv,5,000010100000101000000001,10,10,2,0.5123402057809026,0.3312128591877012,0.0,0.0287581699346405,0.024926436141389414,0.049785946982208666,0.0998244830020531,0.024928595022052965,0.04983128347614329,0.1000705953976982,0.024945866067361395,0.04997808736126493,0.09900194946923918,0.024693277029725628,0.049760040414246025,0.10050668929173602,0.058178955375217056,0.0998244830020531,0.05827682463196482,0.1000705953976982,0.05797530096595518,0.09900194946923918,0.05832000224523589,0.10050668929173602
IMG_0006,1,IMG_0006_r1_archive.csv,6,011000110000110000101010,99,12,42,0.4930703248287786,0.3312005048674223,0.0,0.2,0.02495450159001561,0.04996945183861072,0.10020012823751141,0.025040856816557752,0.05016375109833054,0.09994969808053919,0.024999838083950232,0.04976435817557313,0.09936032365938907,0.024710548075034054,0.04977731145955445,0.10038147421324992,0.05837469388871258,0.10020012823751141,0.05838476866514249,0.09994969808053919,0.058041506639637475,0.09936032365938907,0.05828977791594614,0.10038147421324992
IMG_0006,1,IMG_0006_r1_archive.csv,7,000000000000000000000000,2,2,2,0.5493493551594857,0.3316250518222797,0.0,0.0078431372549019,0.02495450159001561,0.04981833019216197,0.09985470733134284,0.025036539055230643,0.04985503116344238,0.09997992240982895,0.025237314956941124,0.05018749878562963,0.0989134353620335,0.024704071433043397,0.049900367657377,0.100424651826521,0.05820917970450681,0.09985470733134284,0.05829049754283399,0.09997992240982895,0.058112749701534745,0.0989134353620335,0.05834303030564714,0.100424651826521
IMG_0006,1,IMG_0006_r1_archive.csv,8,000001100001001000001000,6,18,8,0.4947011771468217,0.3312960540610477,0.0,0.0418300653594771,0.02496745487399693,0.04985287228277883,0.1002476236121096,0.02492427726072586,0.050016947213208894,0.09994322143854854,0.025172548537034517,0.050027741616526664,0.09934305261408066,0.024704071433043397,0.049744928249601146,0.10058440899562394,0.05835598358962845,0.1002476236121096,0.058294815304161106,0.09994322143854854,0.05818111425588061,0.09934305261408066,0.05834446955942283,0.10058440899562394
IMG_0006,1,IMG_0006_r1_archive.csv,9,000000000001001100000000,2,19,2,0.5271409159087155,0.3311984590520458,0.0,0.0300653594771241,0.024915641738071644,0.04984207787946106,0.10004037106840846,0.02499767920328668,0.04987877885074146,0.09991299710925879,0.02526538040556732,0.050334302670751264,0.09884003341947267,0.024647940535791002,0.049699591755666524,0.1004851004851005,0.05826603022864705,0.10004037106840846,0.05826315172109564,0.09991299710925879,0.058146572165263755,0.09884003341947267,0.058277544258852676,0.1004851004851005
IMG_0006,1,IMG_0006_r1_archive.csv,10,000100110001110000001010,19,28,10,0.4883371186662156,0.3315382325732992,0.0,0.0745098039215686,0.02496745487399693,0.04983128347614329,0.09997776352916539,0.025008473606604447,0.0499608163159565,0.10002310002310003,0.025079716668501718,0.04990468541870411,0.09936248254005263,0.02469543591038918,0.04974061048827404,0.10054986690500708,0.05825883395976853,0.09997776352916539,0.05833079664855365,0.10002310002310003,0.05811562820908615,0.09936248254005263,0.0583286377678901,0.10054986690500708
IMG_0006,1,IMG_0006_r1_archive.csv,11,010000100000110001000010,66,12,66,0.4934511429116308,0.3312043406354313,0.0,0.188235294117647,0.024969613754660485,0.04991763870268543,0.10018285719220299,0.025073240026511054,0.050073078110461286,0.09997992240982895,0.025032221293903537,0.049734133846283377,0.09936680030137973,0.024732136881669593,0.04980537690818065,0.10035124988396017,0.058356703216516294,0.10018285719220299,0.05837541351560043,0.09997992240982895,0.05804438514718888,0.09936680030137973,0.0582962545579368,0.10035124988396017
IMG_0006,1,IMG_0006_r1_archive.csv,12,000100000010001000001100,16,34,12,0.486609929473386,0.3313068640677151,0.0,0.0810457516339869,0.024889735170109,0.0497147039203114,0.0999820812904925,0.024976090396651145,0.04984855452145172,0.09974892217882872,0.025036539055230643,0.049701750636330075,0.09910557574108976,0.024583174115884395,0.04964993750040479,0.10031023115135264,0.058195506793637636,0.0999820812904925,0.05819118903231053,0.09974892217882872,0.05794795514421682,0.09910557574108976,0.05818111425588061,0.10031023115135264
IMG_0006,1,IMG_0006_r1_archive.csv,13,000001100001110000001111,6,28,15,0.4911432317527026,0.3312624044752601,0.0,0.0640522875816993,0.024965295993333376,0.04988525549273213,0.10018069831153943,0.02494154830603429,0.05000831169055468,0.09994538031921209,0.025176866298361626,0.050023423855199554,0.09937543582403396,0.024671688223090092,0.049678002949030985,0.10037283869059571,0.05834374993253497,0.10018069831153943,0.05829841343860035,0.09994538031921209,0.05819190865919838,0.09937543582403396,0.058240843287572265,0.10037283869059571
IMG_0006,1,IMG_0006_r1_archive.csv,14,010010100000110000000011,74,12,3,0.4990490950736291,0.3312101899917494,0.0,0.1163398692810457,0.024919959499398753,0.0499327508673303,0.10019365159552075,0.025105623236464356,0.05006012482647997,0.10017638055021233,0.025068922265183948,0.04982480683415263,0.09930203388147313,0.02470623031370695,0.049779470340218,0.1004851004851005,0.05834878732074994,0.10019365159552075,0.05844737620438555,0.10017638055021233,0.058065254326936565,0.09930203388147313,0.05832360037967515,0.1004851004851005
IMG_0006,1,IMG_0006_r1_archive.csv,15,000000100000011000000101,2,6,5,0.5172153562305445,0.3316074870118828,0.0,0.0169934640522875,0.024788267778921985,0.04982264795348907,0.10002741778442713,0.02496097823200627,0.04983776011813395,0.0998935671832868,0.025369006677417892,0.05012705012705013,0.09923726746156653,0.024762361210959344,0.0499327508673303,0.10053907250168932,0.05821277783894605,0.10002741778442713,0.05823076851114234,0.0998935671832868,0.05824444142201152,0.09923726746156653,0.05841139485999299,0.10053907250168932
IMG_0006,1,IMG_0006_r1_archive.csv,16,000010100000000000000101,10,2,5,0.5168904404575803,0.3317874721604714,0.0,0.0222222222222222,0.024926436141389414,0.04982912459547974,0.09993242703523078,0.024926436141389414,0.04993922750932097,0.10000367009712803,0.025038697935894198,0.04987877885074146,0.09936895918204329,0.02475588456896868,0.04997161071927427,0.1005541846663342,0.058229329257366645,0.09993242703523078,0.05828977791594614,0.10000367009712803,0.05809547865622631,0.09936895918204329,0.05842722665152572,0.1005541846663342
IMG_0006,1,IMG_0006_r1_archive.csv,17,001000010000101001111010,33,10,122,0.4980315765190022,0.3311600232562882,0.0,0.2156862745098039,0.024898370692763218,0.04996945183861072,0.10009434308499729,0.025006314725940892,0.05006012482647997,0.10004037106840846,0.025086193310492378,0.049744928249601146,0.09947258545389387,0.02474940792697802,0.04991116206069477,0.10042249294585742,0.05832072187212375,0.10009434308499729,0.05836893687360978,0.10004037106840846,0.05810123567132913,0.09947258545389387,0.0583610209778434,0.10042249294585742
IMG_0006,2,IMG_0006_r2_archive.csv,0,110110000001001100100000,216,19,32,0.4900598292399433,0.3315078289955135,0.0,0.3490196078431372,0.024820650988875287,0.04991979758334898,0.09966904359427724,0.025068922265183948,0.05000399392922757,0.09977482874679136,0.02522220279229625,0.05029976058013441,0.0997920997920998,0.024637146132473236,0.0495614233931991,0.10067724086415676,0.058136497388833835,0.09966904359427724,0.05828258164706762,0.09977482874679136,0.05843802105484349,0.0997920997920998,0.05829193679660969,0.10067724086415676
IMG_0006,2,IMG_0006_r2_archive.csv,1,000111100001011000100010,30,22,34,0.4903081174486492,0.3315966356210989,0.0,0.1124183006535947,0.024833604272856608,0.04981833019216197,0.09966688471361368,0.025068922265183948,0.04988957325405923,0.10003389442641779,0.025310716899501946,0.05020045206961095,0.0998849316606326,0.02459612739986572,0.04959164772248885,0.10070098855145583,0.058106273059544085,0.09966688471361368,0.05833079664855365,0.10003389442641779,0.058465366876581826,0.0998849316606326,0.0582962545579368,0.10070098855145583
IMG_0006,2,IMG_0006_r2_archive.csv,2,001000000001010000010010,32,20,18,0.4852713811309894,0.331778017278705,0.0,0.0915032679738562,0.02493075390271652,0.04991979758334898,0.09972517449152962,0.0250710811458475,0.050103302439751043,0.10001662338110937,0.025220043911632697,0.050364527000041015,0.09994106255788499,0.024583174115884395,0.04949881585395604,0.10066428758017543,0.05819190865919838,0.09972517449152962,0.05839700232223597,0.10001662338110937,0.0585085444898529,0.09994106255788499,0.058248759183338626,0.10066428758017543
IMG_0006,2,IMG_0006_r2_archive.csv,3,000010000001101100000101,8,27,5,0.4951397347046756,0.3318140789098642,0.0,0.0522875816993464,0.024978249277314696,0.04995218079330229,0.10003173554575423,0.024982567038641806,0.0501097790817417,0.10042249294585742,0.025181184059688732,0.05034941483539614,0.10011377301096927,0.024568061951239523,0.04950745137661026,0.10078302601667087,0.05832072187212375,0.10003173554575423,0.058504946355413645,0.10042249294585742,0.058548123968684716,0.10011377301096927,0.05828617978150689,0.10078302601667087
IMG_0006,2,IMG_0006_r2_archive.csv,4,000001100010000100011011,6,33,27,0.4934493988747026,0.3316153316726256,0.0,0.0862745098039215,0.024820650988875287,0.04983776011813395,0.09973812777551096,0.02519629622433361,0.04977731145955445,0.0997359688948474,0.02516823077570741,0.05017670438231186,0.09994106255788499,0.024630669490482576,0.049656414142395446,0.10074200728406336,0.05813217962750674,0.09973812777551096,0.05823652552624515,0.0997359688948474,0.058428665905301415,0.09994106255788499,0.05834303030564713,0.10074200728406336
IMG_0006,2,IMG_0006_r2_archive.csv,5,000010010000000000010001,9,2,17,0.5108403678874418,0.3320769013950144,0.0,0.0366013071895424,0.024872464124800573,0.04981185355017131,0.099558940680436,0.02497393151598759,0.04988525549273213,0.099921632631913,0.025157436372389645,0.050047171542498645,0.09959564165171643,0.02454863202526754,0.049397348462769025,0.1004613527978014,0.058081086118469294,0.099558940680436,0.05826027321354424,0.099921632631913,0.058266749855534906,0.09959564165171643,0.058135777761945985,0.1004613527978014
IMG_0006,2,IMG_0006_r2_archive.csv,6,011100010001011100010110,113,23,22,0.4851699560707958,0.3316142204820658,0.0,0.2065359477124183,0.0248573519601557,0.0499608163159565,0.09980937083740822,0.025122894281772785,0.05011193796240525,0.1000662776363711,0.025241632718268233,0.05021340535359227,0.10004900659106267,0.024667370461762983,0.04962834869376925,0.10070098855145583,0.05820917970450681,0.09980937083740822,0.05843370329351638,0.1000662776363711,0.05850134822097439,0.10004900659106267,0.05833223590232935,0.10070098855145583
IMG_0006,2,IMG_0006_r2_archive.csv,7,111000110001011011000010,227,22,194,0.5044289664238139,0.3314688331421656,0.0,0.5790849673202614,0.024909165096080984,0.04981833019216197,0.0997316511335203,0.024911323976744535,0.049772993698227345,0.1000382121877449,0.02532582906414682,0.05025226520553623,0.09990436158660458,0.024537837621949773,0.04947506816665695,0.10047646496244626,0.058153048807254415,0.0997316511335203,0.058240843287572265,0.1000382121877449,0.058494151952095876,0.09990436158660458,0.05816312358368433,0.10047646496244626
IMG_0006,2,IMG_0006_r2_archive.csv,8,000001100001001101001001,6,19,73,0.499140360695406,0.3314696068516073,0.0,0.1281045751633986,0.024848716437501483,0.04980537690818065,0.09958916500972576,0.025107782117127914,0.049749246010928255,0.09979857643409046,0.025183342940352287,0.05029544281880731,0.09969926792356698,0.024587491877211504,0.04957653555784397,0.10072257735809137,0.058081086118469294,0.09958916500972576,0.058218534854048876,0.09979857643409046,0.058392684560908854,0.09969926792356698,0.05829553493104894,0.10072257735809137
IMG_0006,2,IMG_0006_r2_archive.csv,9,000010100001000000100001,10,16,33,0.4911219985264116,0.3317047797757612,0.0,0.0771241830065359,0.02488325852811834,0.04994354527064807,0.09975323994015582,0.025060286742529733,0.04984207787946106,0.09975108105949228,0.025179025179025177,0.050010470571218234,0.09984823068935218,0.024539996502613327,0.04948802145063827,0.10055202578567064,0.05819334791297407,0.09975323994015582,0.05821781522716102,0.09975108105949228,0.05834590881319853,0.09984823068935218,0.05819334791297407,0.10055202578567064
IMG_0006,2,IMG_0006_r2_archive.csv,10,011000000001000100010100,96,17,20,0.4863326360680002,0.3317399212669129,0.0,0.1738562091503268,0.024958819351342715,0.04997376959993782,0.09973381001418385,0.02509266995248304,0.050029900497190215,0.10010297860765151,0.02519629622433361,0.05031055498345218,0.10007923092035241,0.024634987251809685,0.04952256354125513,0.10068587638681097,0.05822213298848813,0.09973381001418385,0.05840851635244159,0.10010297860765151,0.058528694042712735,0.10007923092035241,0.05828114239329193,0.10068587638681097
IMG_0006,2,IMG_0006_r2_archive.csv,11,000010100001101100000001,10,27,2,0.5096337144542903,0.3317662109479368,0.0,0.0509803921568627,0.024837922034183717,0.049785946982208666,0.0997920997920998,0.02496745487399693,0.05002558273586311,0.10008138980101597,0.025237314956941124,0.050077395871788395,0.10001230561978226,0.024583174115884395,0.04955494675120843,0.10046782943979206,0.0581386562694974,0.0997920997920998,0.058358142470292,0.10008138980101597,0.05844233881617059,0.10001230561978226,0.058201983435628296,0.10046782943979206
IMG_0006,2,IMG_0006_r2_archive.csv,12,000010000000101100000001,8,11,2,0.5129173126801645,0.3316795061148457,0.0,0.0274509803921568,0.024909165096080984,0.04982480683415263,0.09991515598992234,0.024999838083950232,0.05023715304089136,0.1002476236121096,0.02527833368954864,0.05019613430828384,0.09992379151257655,0.02459180963853861,0.049613236529124374,0.1006750819834932,0.058216375973385324,0.09991515598992234,0.058494871578983726,0.1002476236121096,0.058466086503469676,0.09992379151257655,0.0582933760503854,0.1006750819834932
IMG_0006,2,IMG_0006_r2_archive.csv,13,001000000001100100011100,32,25,28,0.487817285601028,0.3316807092625918,0.0,0.1111111111111111,0.02488757628944545,0.0498960498960499,0.0997920997920998,0.025079716668501718,0.0499608163159565,0.10002741778442713,0.0251919784630065,0.05031487274477929,0.09997992240982895,0.024593968519202165,0.04948370368931117,0.10067724086415676,0.05819190865919838,0.0997920997920998,0.05835598358962845,0.10002741778442713,0.058495591205871576,0.09997992240982895,0.058251637690890035,0.10067724086415676
IMG_0006,2,IMG_0006_r2_archive.csv,14,000011000001000100001101,12,17,13,0.4884651783874584,0.3318884294830139,0.0,0.0549019607843137,0.024913482857408093,0.04992195646401254,0.09984175404736152,0.025017109129258662,0.05001910609387245,0.10000582897779159,0.025250268240922445,0.05031271386411573,0.09991299710925879,0.024581015235220844,0.049451320479357866,0.10057145571164262,0.058225731122927386,0.09984175404736152,0.05834734806697423,0.10000582897779159,0.058491993071432324,0.09991299710925879,0.058201263808740446,0.10057145571164262
IMG_0006,2,IMG_0006_r2_archive.csv,15,110001100001011001010001,198,22,81,0.4962011504994613,0.3314940812699287,0.0,0.3934640522875817,0.024896211812099663,0.04993706862865742,0.09971653896887542,0.02500415584527734,0.04992627422533965,0.09998639905181962,0.025340941228791696,0.05023715304089136,0.09980289419541756,0.0245551086672582,0.04954631122855421,0.10061463332491369,0.058183273136544165,0.09971653896887542,0.05830560970747887,0.09998639905181962,0.05846032948836687,0.09980289419541756,0.05823868440690869,0.10061463332491369
IMG_0006,2,IMG_0006_r2_archive.csv,16,100111100001001100100011,158,19,35,0.4923257903844091,0.3315130977992993,0.0,0.2771241830065359,0.0248573519601557,0.04988093773140503,0.09972085673020252,0.025025744651912877,0.04996945183861072,0.09989788494461392,0.025224361672959807,0.05027601289283532,0.09978130538878202,0.024624192848491915,0.04953551682523645,0.10069882967079229,0.058153048807254415,0.09972085673020252,0.05829769381171251,0.09989788494461392,0.05842722665152572,0.09978130538878202,0.05828617978150689,0.10069882967079229
IMG_0006,2,IMG_0006_r2_archive.csv,17,010111100001011000101001,94,22,41,0.4895370668700121,0.3316124533209481,0.0,0.2052287581699346,0.024853034198828592,0.0498679844474237,0.09971222120754832,0.025105623236464356,0.04990252653804055,0.10001662338110937,0.025302081376847734,0.05018749878562963,0.0999173148705859,0.024606921803183485,0.04957869443850752,0.10068587638681097,0.058144413284600203,0.09971222120754832,0.05834159105187142,0.10001662338110937,0.05846896501102109,0.0999173148705859,0.058290497542834,0.10068587638681097
IMG_0006,2,IMG_0006_r2_archive.csv,18,000010010000100100010001,9,9,17,0.4917349597770859,0.331863939701378,0.0,0.0457516339869281,0.02479258554024909,0.049772993698227345,0.09958916500972576,0.024995520322623126,0.04987014332808726,0.09990652046726814,0.025215726150305588,0.050064442587807075,0.0998374362860344,0.02461771620650125,0.04952040466059158,0.1004656705591285,0.0580515814160674,0.09958916500972576,0.05825739470599284,0.09990652046726814,0.05837253500804903,0.0998374362860344,0.058201263808740446,0.1004656705591285
IMG_0006,2,IMG_0006_r2_archive.csv,19,000001110010110101101011,7,45,107,0.5017418711583789,0.3314695974388807,0.0,0.2078431372549019,0.02500415584527734,0.049988881764582695,0.09981368859873532,0.025062445623193284,0.04989173213472279,0.10009218420433375,0.025297763615520625,0.05023283527956425,0.09987197837665128,0.0245551086672582,0.04953983458656356,0.10059088563761462,0.05826890873619845,0.09981368859873532,0.05834878732074994,0.10009218420433375,0.05846752575724538,0.09987197837665128,0.058228609630478795,0.10059088563761462
IMG_0006,2,IMG_0006_r2_archive.csv,20,011100110001111000100011,115,30,35,0.4901215562945235,0.3315793481402626,0.0,0.2352941176470588,0.02482280986953884,0.04982048907282552,0.09972301561086608,0.025058127861866182,0.049975928480601374,0.09994538031921209,0.025207090627651377,0.050347255954732585,0.09998639905181962,0.024710548075034054,0.04961107764846082,0.10077223161335311,0.05812210485107681,0.09972301561086608,0.05832647888722655,0.09994538031921209,0.05851358187806786,0.09998639905181962,0.05836461911228266,0.10077223161335311
IMG_0006,2,IMG_0006_r2_archive.csv,21,011101010000100000111010,117,8,58,0.4961361893569851,0.3315202311448584,0.0,0.2392156862745098,0.024868146363473467,0.04989820877671345,0.09966688471361368,0.025131529804427,0.050090349155769716,0.10006843651703465,0.025302081376847734,0.05017454550164831,0.09977051098546426,0.024643622774463896,0.04960675988713372,0.10084779243657749,0.058144413284600203,0.09966688471361368,0.05843010515907712,0.10006843651703465,0.058415712621320094,0.09977051098546426,0.05836605836605837,0.10084779243657749
IMG_0006,2,IMG_0006_r2_archive.csv,22,000110110001011001001011,27,22,75,0.49314532688289,0.3315244834820905,0.0,0.1620915032679738,0.024868146363473467,0.04983991899879751,0.0996474547876417,0.025073240026511054,0.04993490974799386,0.09994753919987565,0.02528265145087575,0.05027817177349887,0.09981152971807176,0.02460260404185638,0.0495938066031524,0.1007635960906989,0.05811850671663756,0.0996474547876417,0.05831856299146019,0.09994753919987565,0.05845745098081547,0.09981152971807176,0.0583200022452359,0.1007635960906989
IMG_0006,2,IMG_0006_r2_archive.csv,23,000010100001011001010000,10,22,80,0.4964614776426911,0.3314930372167218,0.0,0.1464052287581699,0.024913482857408093,0.04989173213472279,0.09969495016223988,0.025021426890585768,0.04983560123747039,0.09989788494461392,0.025261062644240214,0.05012489124638657,0.0997920997920998,0.02459180963853861,0.0495614233931991,0.10063190437022212,0.05816672171812359,0.09969495016223988,0.05825163769089003,0.09989788494461392,0.05839268456090887,0.0997920997920998,0.05826171246731995,0.10063190437022212
IMG_0015,1,IMG_0015_r1_archive.csv,0,001100000001100100110001,48,25,49,0.4454604055173211,0.3384191238319572,0.0,0.1594771241830065,0.024697594791052737,0.049710386158984286,0.09992379151257655,0.025010632487268,0.04979890026618999,0.09982664188271664,0.024913482857408093,0.04972333944296561,0.10000151121646449,0.02472350135901538,0.04920952584503986,0.09999719345513738,0.05811059082087119,0.09992379151257655,0.058212058212058215,0.09982664188271664,0.058212777838946066,0.10000151121646449,0.05797674021973087,0.09999719345513738
IMG_0015,1,IMG_0015_r1_archive.csv,1,001100000001100100110011,48,25,51,0.4456638398054172,0.3384089333857679,0.0,0.1620915032679738,0.024717024717024715,0.049729816084956274,0.09994753919987565,0.025010632487268,0.04985934892476949,0.0998892494219597,0.024922118380062305,0.04972765720429272,0.09999503457447383,0.024684641507071416,0.04916418935110524,0.09989788494461392,0.05813146000061888,0.09994753919987565,0.05825307694466573,0.0998892494219597,0.05821493671960962,0.09999503457447383,0.05791557193426353,0.09989788494461392
IMG_0015,1,IMG_0015_r1_archive.csv,2,000011100010111000000111,14,46,7,0.4525456232677395,0.3382540281364088,0.0,0.0875816993464052,0.02468895926839852,0.04958732996116173,0.0996474547876417,0.025073240026511054,0.04957221779651686,0.09950928642517427,0.024909165096080984,0.04971254503964784,0.09998639905181962,0.024781791136931325,0.04920089032238565,0.0998655017346606,0.05797458133906732,0.0996474547876417,0.0580515814160674,0.09950928642517427,0.058202703062516147,0.09998639905181962,0.05794939439799252,0.0998655017346606
IMG_0015,1,IMG_0015_r1_archive.csv,3,001010010011101100110101,41,59,53,0.4471468638282984,0.3382623229604563,0.0,0.2,0.02469543591038918,0.049690956233012305,0.09990652046726814,0.024989043680632466,0.049721180562302056,0.09939918351133305,0.02494370718669784,0.049701750636330075,0.09999503457447383,0.024710548075034054,0.04919873144172209,0.09988709054129614,0.05809763753688987,0.09990652046726814,0.05803646925142253,0.09939918351133305,0.05821349746583391,0.09999503457447383,0.0579321233526841,0.09988709054129614
IMG_0015,1,IMG_0015_r1_archive.csv,4,001000100000111000111100,34,14,60,0.4499241156434831,0.3382742808805876,0.0,0.1411764705882353,0.024717024717024715,0.049716862800974954,0.0998849316606326,0.025049492339211964,0.04979026474353577,0.09944020224394057,0.02493938942537073,0.04971254503964784,0.09999719345513738,0.02462203396782836,0.049058404198591116,0.09972301561086608,0.0581062730595441,0.0998849316606326,0.058093319775562764,0.09944020224394057,0.058216375973385324,0.09999719345513738,0.057801151259095185,0.09972301561086608
IMG_0015,1,IMG_0015_r1_archive.csv,5,001100000000110100010001,48,13,17,0.4486780181906786,0.338378418044259,0.0,0.1019607843137254,0.024708389194370503,0.04961107764846082,0.09978130538878202,0.025064604503856842,0.049738451607610486,0.09963666038432394,0.024952342709352055,0.0496866384716852,0.10000367009712803,0.024717024717024715,0.04914907718646037,0.09991515598992234,0.05803359074387112,0.09978130538878202,0.058146572165263755,0.09963666038432394,0.058214217092721766,0.10000367009712803,0.05792708596446914,0.09991515598992234
IMG_0015,1,IMG_0015_r1_archive.csv,6,001000000010101000011000,32,42,24,0.4460910695894365,0.3382983286330825,0.0,0.1281045751633986,0.024814174346884627,0.049762199294909576,0.09996481024518408,0.025019268009922217,0.04981185355017131,0.09944883776659477,0.024982567038641806,0.049734133846283377,0.10001878226177292,0.024647940535791002,0.04916418935110524,0.09977482874679136,0.058180394628992764,0.09996481024518408,0.058093319775562764,0.09944883776659477,0.058245161048899374,0.10001878226177292,0.057862319544562536,0.09977482874679136
IMG_0015,1,IMG_0015_r1_archive.csv,7,000000000000000000000111,2,2,7,0.4855131787201767,0.3387249389289244,0.0,0.0143790849673202,0.024762361210959344,0.04952904018324579,0.099196248728959,0.024999838083950232,0.049408142866086795,0.09956757620309023,0.024684641507071416,0.04985071340211527,0.100042529949072,0.024881099647454788,0.04949449809262894,0.10015047398224969,0.05782921670772138,0.099196248728959,0.05799185238437576,0.09956757620309023,0.058192628286086234,0.100042529949072,0.058175357240777804,0.10015047398224969
IMG_0015,1,IMG_0015_r1_archive.csv,8,000100010000101000001101,17,10,13,0.4514722785990127,0.3384221410040592,0.0,0.0522875816993464,0.024673847103753647,0.04953983458656356,0.09952871635114625,0.025127212043099895,0.04960675988713372,0.09961723045835195,0.024952342709352055,0.04974061048827404,0.10007275427836176,0.02466952934242654,0.04911669397650706,0.09996049248385697,0.05791413268048782,0.09952871635114625,0.05811706746286186,0.09961723045835195,0.058255235825329287,0.10007275427836176,0.05791557193426352,0.09996049248385697
IMG_0015,1,IMG_0015_r1_archive.csv,9,000100010000110100101001,17,13,41,0.4492757826147212,0.3383257269884483,0.0,0.0928104575163398,0.024676005984417198,0.04960460100647017,0.09968199687825856,0.025062445623193284,0.049719021681638505,0.09968199687825856,0.024958819351342715,0.049697432875002966,0.10004468882973556,0.02465225829711811,0.04911453509584351,0.09983095964404376,0.05798753462304864,0.09968199687825856,0.05815448806103011,0.09968199687825856,0.05823364701869375,0.10004468882973556,0.05786591767900179,0.09983095964404376
IMG_0015,1,IMG_0015_r1_archive.csv,10,000000000000110100000100,2,13,4,0.4744123752059592,0.3382844927778555,0.0,0.0248366013071895,0.02475372568830513,0.04952040466059158,0.09944883776659477,0.02509266995248304,0.04949449809262894,0.0998611839733335,0.024762361210959344,0.04988957325405923,0.099921632631913,0.024717024717024715,0.04928508666826424,0.10005548323305333,0.05790765603849716,0.09944883776659477,0.05814945067281516,0.0998611839733335,0.05819118903231053,0.099921632631913,0.05801919820611409,0.10005548323305333
IMG_0015,1,IMG_0015_r1_archive.csv,11,000000000000100000000101,2,8,5,0.4747300523790515,0.3386064321128434,0.0,0.0196078431372549,0.024859510840819252,0.049684479591021645,0.09954166963512759,0.02507755778783816,0.04959596548381595,0.09969926792356698,0.024770996733613555,0.05002558273586311,0.09996481024518408,0.02465225829711811,0.04918793703840433,0.09993890367722144,0.05802855335565616,0.09954166963512759,0.058124263731740365,0.09969926792356698,0.058253796571553586,0.09996481024518408,0.057926366337581296,0.09993890367722144
IMG_0015,1,IMG_0015_r1_archive.csv,12,000010100001010100000110,10,21,6,0.4536276288577165,0.3383987414349014,0.0,0.0483660130718954,0.02472997800100604,0.04953551682523645,0.09977482874679136,0.02513368868509055,0.04981617131149842,0.09964529590697814,0.02500415584527734,0.04984207787946106,0.10011593189163281,0.02470623031370695,0.04926133898096515,0.10018717495353009,0.05801344119101128,0.09977482874679136,0.05819838530118904,0.09964529590697814,0.05832072187212373,0.10011593189163281,0.0580515814160674,0.10018717495353009
IMG_0015,1,IMG_0015_r1_archive.csv,13,000101110100000000000111,23,64,7,0.4505104422331082,0.3381305631448912,0.0,0.122875816993464,0.02470623031370695,0.04965857302305901,0.09978994091143624,0.025086193310492378,0.04965209638106834,0.09961723045835195,0.02493723054470718,0.049736292726946935,0.10002525890376357,0.024762361210959344,0.04921600248703053,0.09985902509266995,0.0580515814160674,0.09978994091143624,0.05811850671663756,0.09961723045835195,0.05823292739180589,0.10002525890376357,0.05794579626355328,0.09985902509266995
IMG_0015,1,IMG_0015_r1_archive.csv,14,000100000010100000000000,16,40,2,0.4606897762167303,0.3383704956102078,0.0,0.0758169934640522,0.024686800387734967,0.04966289078438611,0.09996049248385697,0.025172548537034517,0.04976435817557313,0.09950065090252005,0.024872464124800573,0.049783788101545115,0.09997128688717473,0.024783950017594876,0.049367124133479275,0.10003605330708135,0.05810339455199268,0.09996049248385697,0.0581458525383759,0.09950065090252005,0.05820917970450681,0.09997128688717473,0.05806237581938517,0.10003605330708135
IMG_0015,1,IMG_0015_r1_archive.csv,15,000000100000110100000100,2,13,4,0.4744123752059592,0.3382844927778555,0.0,0.0248366013071895,0.02475372568830513,0.04952040466059158,0.09944883776659477,0.02509266995248304,0.04949449809262894,0.0998611839733335,0.024762361210959344,0.04988957325405923,0.099921632631913,0.024717024717024715,0.04928508666826424,0.10005548323305333,0.05790765603849716,0.09944883776659477,0.05814945067281516,0.0998611839733335,0.05819118903231053,0.099921632631913,0.05801919820611409,0.10005548323305333
IMG_0015,1,IMG_0015_r1_archive.csv,16,000100000010100000010100,16,40,20,0.4480918524588285,0.3383897605760341,0.0,0.0993464052287581,0.024758043449632235,0.049751404891591806,0.09995617472252986,0.02509482883314659,0.04983344235680684,0.09959348277105287,0.02493723054470718,0.049654255261731894,0.09984823068935218,0.024647940535791002,0.04919225479973144,0.09984607180868864,0.058155207687917966,0.09995617472252986,0.058173917987002104,0.09959348277105287,0.058146572165263755,0.09984823068935218,0.057895422381403695,0.09984607180868864
IMG_0015,1,IMG_0015_r1_archive.csv,17,000110100100000100111110,26,65,62,0.4499793745222714,0.3382382852432439,0.0,0.2,0.02474509016565091,0.04971254503964784,0.09994106255788499,0.025055968981202624,0.049684479591021645,0.09941645455664147,0.02493075390271652,0.049654255261731894,0.09996265136452052,0.024650099416454557,0.049058404198591116,0.09966472583295014,0.05813289925439458,0.09994106255788499,0.058052301042955244,0.09941645455664147,0.05818255350965631,0.09996265136452052,0.05779107648266527,0.09966472583295014
IMG_0015,1,IMG_0015_r1_archive.csv,18,000101000010100000000000,20,40,2,0.4601005795857524,0.3383321668743888,0.0,0.0810457516339869,0.024671688223090092,0.04960460100647017,0.09985038957001574,0.025215726150305588,0.049738451607610486,0.09949849202185651,0.024850875318165037,0.049762199294909576,0.09999719345513738,0.024732136881669593,0.04921384360636697,0.09993458591589433,0.05804222626652533,0.09985038957001574,0.058150889926590864,0.09949849202185651,0.058203422689404004,0.09999719345513738,0.0579601888013103,0.09993458591589433
IMG_0015,1,IMG_0015_r1_archive.csv,19,000110000011100000100001,24,56,33,0.4460902653005618,0.3382988452461435,0.0,0.1477124183006536,0.024727819120342484,0.04970390951699363,0.0998374362860344,0.025006314725940892,0.049779470340218,0.0996107538163613,0.024909165096080984,0.049680161829694536,0.099921632631913,0.02464146389380034,0.0490778341245631,0.09971653896887542,0.058089721641123505,0.0998374362860344,0.058132179627506726,0.0996107538163613,0.058170319852562845,0.099921632631913,0.057811945662412954,0.09971653896887542
IMG_0015,1,IMG_0015_r1_archive.csv,20,000111000010000100001101,28,33,13,0.4479003639770706,0.3383930102410343,0.0,0.0967320261437908,0.024710548075034054,0.04962187205177859,0.0998331185247073,0.025055968981202624,0.049706068397657184,0.09952008082849205,0.02497393151598759,0.04976435817557313,0.10011161413030571,0.024634987251809685,0.04914907718646037,0.09993026815456722,0.05805517955050665,0.0998331185247073,0.058094039402450615,0.09952008082849205,0.05828330127395548,0.10011161413030571,0.05790477753094576,0.09993026815456722
IMG_0015,1,IMG_0015_r1_archive.csv,21,001000010100000000100001,33,64,33,0.4465840902034027,0.3382950804999345,0.0,0.1699346405228758,0.024719183597688273,0.04967368518770388,0.0998374362860344,0.02503438017456709,0.049749246010928255,0.09954166963512759,0.024963137112669825,0.049747087130264704,0.10001230561978226,0.024680323745744307,0.04915771270911457,0.09975755770148292,0.058076768357142185,0.0998374362860344,0.05810843194020765,0.09954166963512759,0.058240843287572265,0.10001230561978226,0.05786519805211393,0.09975755770148292
IMG_0015,1,IMG_0015_r1_archive.csv,22,000110110100000100111110,27,65,62,0.4502032885449759,0.3381825144776488,0.0,0.2013071895424836,0.02474509016565091,0.049779470340218,0.09994106255788499,0.025038697935894198,0.049725498323629165,0.09947474433455741,0.024989043680632466,0.049678002949030985,0.09992810927390368,0.024691118149062077,0.04912532949916128,0.0998050530760811,0.058155207687917966,0.09994106255788499,0.0580796468646936,0.09947474433455741,0.05819838530118904,0.09992810927390368,0.057873833574768156,0.0998050530760811
IMG_0015,1,IMG_0015_r1_archive.csv,23,000110000100000100111111,24,65,63,0.4504734026138806,0.3381637705906972,0.0,0.1986928104575163,0.024712706955697612,0.049706068397657184,0.09993674479655788,0.025030062413239986,0.049772993698227345,0.09952008082849205,0.024896211812099663,0.049675844068367433,0.09990652046726814,0.024613398445174146,0.049015226585320044,0.0996474547876417,0.05811850671663756,0.09993674479655788,0.05810771231331979,0.09952008082849205,0.058159525449245075,0.09990652046726814,0.057758693272711964,0.0996474547876417
IMG_0015,1,IMG_0015_r1_archive.csv,24,000110110100000100101010,27,65,42,0.4468950367485438,0.3382649571920667,0.0,0.1751633986928104,0.024727819120342484,0.049751404891591806,0.09996481024518408,0.02499120256129602,0.049736292726946935,0.0996388192649875,0.02498040815797825,0.049701750636330075,0.10004037106840846,0.024678164865080753,0.04918146039641367,0.09986334285399706,0.05814801141903946,0.09996481024518408,0.05812210485107682,0.0996388192649875,0.058240843287572265,0.10004037106840846,0.05790765603849716,0.09986334285399706
IMG_0015,1,IMG_0015_r1_archive.csv,25,000110110000100100101110,27,9,46,0.4511516213239849,0.3383240652532668,0.0,0.1071895424836601,0.024721342478351824,0.049747087130264704,0.09996912800651118,0.024978249277314696,0.049736292726946935,0.09967767911693146,0.024919959499398753,0.0497147039203114,0.0998849316606326,0.02474940792697802,0.04918146039641367,0.09987197837665128,0.0581458525383759,0.09996912800651118,0.058130740373731025,0.09967767911693146,0.05817319836011425,0.0998849316606326,0.05793428223334766,0.09987197837665128
IMG_0015,1,IMG_0015_r1_archive.csv,26,010000010100000000101010,65,64,42,0.4458637182900676,0.3382955260099768,0.0,0.2235294117647059,0.024710548075034054,0.049699591755666524,0.0999173148705859,0.025040856816557752,0.049749246010928255,0.09957621172574443,0.024926436141389414,0.04978162922088156,0.10004037106840846,0.024619875087164806,0.04912748837982483,0.09974028665617451,0.058109151567095486,0.0999173148705859,0.05812210485107681,0.09957621172574443,0.058249478810226483,0.10004037106840846,0.05782921670772138,0.09974028665617451
IMG_0015,1,IMG_0015_r1_archive.csv,27,000010000011100100100000,8,57,32,0.4500489751416246,0.3383100010757445,0.0,0.126797385620915,0.024751566807641574,0.049710386158984286,0.09993242703523078,0.025064604503856842,0.0497751525788909,0.09970790344622121,0.02493507166404363,0.049744928249601146,0.09986766061532416,0.024710548075034054,0.049313152116890434,0.09991299710925879,0.05813146000061888,0.09993242703523078,0.058182553509656315,0.09970790344622121,0.05818255350965631,0.09986766061532416,0.05797889910039442,0.09991299710925879
IMG_0015,2,IMG_0015_r2_archive.csv,0,000110100001101000001001,26,26,9,0.4485990539555847,0.3385818102124713,0.0,0.0797385620915032,0.02493507166404363,0.049742769368937595,0.09962370710034262,0.02479906218223975,0.04983128347614329,0.09932794044943578,0.024807697704893966,0.04927645114561002,0.10004468882973556,0.02447738896337027,0.04951608689926447,0.10064269877353989,0.058100516044441275,0.09962370710034262,0.05798609536927294,0.09932794044943578,0.05804294589341319,0.10004468882973556,0.058212058212058215,0.10064269877353989
IMG_0015,2,IMG_0015_r2_archive.csv,1,000011010001100000100101,13,24,37,0.4476078144816624,0.3386508605096399,0.0,0.0967320261437908,0.02503438017456709,0.04995218079330229,0.0997877820307727,0.024833604272856608,0.04987014332808726,0.09928692171682825,0.024909165096080984,0.04921816136769408,0.10007275427836176,0.024498977770005807,0.04948586256997472,0.10063190437022212,0.058258114332880695,0.0997877820307727,0.05799688977259071,0.09928692171682825,0.05806669358071228,0.10007275427836176,0.058205581570067555,0.10063190437022212
IMG_0015,2,IMG_0015_r2_archive.csv,2,000110000000101100011110,24,11,30,0.4491667887729071,0.3384352667342019,0.0,0.0849673202614379,0.025023585771249322,0.04984207787946106,0.0997316511335203,0.024827127630865947,0.04982912459547974,0.09921783753559454,0.02484655755683793,0.04922679689034829,0.10004900659106267,0.02444716463408052,0.0495657411545262,0.10075711944870824,0.058199104928076895,0.0997316511335203,0.05795802992064675,0.09921783753559454,0.05804078701274964,0.10004900659106267,0.05825667507910499,0.10075711944870824
IMG_0015,2,IMG_0015_r2_archive.csv,3,000110001100000100000011,24,193,3,0.4662467519771145,0.3383209810921765,0.0,0.2875816993464052,0.02482280986953884,0.049624030932442144,0.09987413725731484,0.024848716437501483,0.04983560123747039,0.09917465992232347,0.024902688454090324,0.049079993005226655,0.09992379151257655,0.024483865605360932,0.04958732996116173,0.10074200728406336,0.058106992686431935,0.09987413725731484,0.05795299253243178,0.09917465992232347,0.05796882432396452,0.09992379151257655,0.058271067616862016,0.10074200728406336
IMG_0015,2,IMG_0015_r2_archive.csv,4,000111011011001000110011,29,178,51,0.4560946368222506,0.3382298531686322,0.0,0.3372549019607843,0.02494370718669784,0.049721180562302056,0.09974892217882872,0.024855193079492143,0.04991116206069477,0.09923510858090298,0.024859510840819252,0.04922247912902118,0.10000798785845515,0.024507613292660022,0.04966289078438611,0.1007074651934465,0.05813793664260954,0.09974892217882872,0.05800048790702996,0.09923510858090298,0.05802999260943186,0.10000798785845515,0.05829265642349755,0.1007074651934465
IMG_0015,2,IMG_0015_r2_archive.csv,5,001001000001101000100010,36,26,34,0.4461148765401264,0.3385152907074711,0.0,0.1254901960784313,0.024993361441959572,0.04980969466950775,0.09971653896887542,0.02479042665958554,0.04981617131149842,0.09925885626820205,0.02484655755683793,0.04924622681632027,0.10014831510158613,0.02444716463408052,0.04950313361528315,0.10065133429619412,0.058173198360114246,0.09971653896887542,0.05795515141309534,0.09925885626820205,0.058080366491581444,0.10014831510158613,0.05820054418185259,0.10065133429619412
IMG_0015,2,IMG_0015_r2_archive.csv,6,000000000000010000001110,2,4,14,0.4752447125968453,0.3387541784103094,0.0,0.0261437908496732,0.024911323976744535,0.0498075357888442,0.09985902509266995,0.024717024717024715,0.05002558273586311,0.09934305261408066,0.02474293128498736,0.049079993005226655,0.10033397883865174,0.024460117918061842,0.049699591755666524,0.10063406325088568,0.05819262828608623,0.09985902509266995,0.05802855335565616,0.09934305261408066,0.05805230104295525,0.10033397883865174,0.058264590974871355,0.10063406325088568
IMG_0015,2,IMG_0015_r2_archive.csv,7,000100010001000100010100,17,17,20,0.4487083949115447,0.3384990719584555,0.0,0.0705882352941176,0.02499120256129602,0.04985934892476949,0.09975755770148292,0.024827127630865947,0.04982912459547974,0.09931930492678157,0.024812015466221072,0.049321787639544645,0.10007275427836176,0.024511931053987128,0.04961539540978793,0.10079166153932509,0.058202703062516147,0.09975755770148292,0.05799185238437574,0.09931930492678157,0.05806885246137583,0.10007275427836176,0.05830632933436672,0.10079166153932509
IMG_0015,2,IMG_0015_r2_archive.csv,8,010001100010000000100011,70,32,35,0.4451150946717354,0.3385940167665472,0.0,0.1790849673202614,0.02499120256129602,0.04978810586287222,0.0996150715776884,0.024807697704893966,0.04978810586287222,0.09923510858090298,0.0248573519601557,0.04925054457764738,0.10013320293694125,0.024481706724697377,0.0495938066031524,0.10075064280671757,0.05813146000061888,0.0996150715776884,0.05794363738288972,0.09923510858090298,0.058080366491581444,0.10013320293694125,0.058275385378189125,0.10075064280671757
IMG_0015,2,IMG_0015_r2_archive.csv,9,001011010001100000010011,45,24,19,0.4464368206773536,0.3386965609426717,0.0,0.115032679738562,0.02497393151598759,0.04985287228277883,0.0997683521048007,0.024827127630865947,0.04979458250486288,0.09921783753559454,0.02489405293143611,0.04925270345831093,0.10007923092035241,0.02444068799208986,0.049481544808647616,0.10069019414813807,0.05819838530118904,0.0997683521048007,0.05794651589044112,0.09921783753559454,0.05807532910336649,0.10007923092035241,0.05820414231629185,0.10069019414813807
IMG_0015,2,IMG_0015_r2_archive.csv,10,000000000000100000000000,2,8,2,0.4824282567787402,0.3386046199849723,0.0,0.0156862745098039,0.024922118380062305,0.04992627422533965,0.09996912800651118,0.024717024717024715,0.05020692871160161,0.09963450150366038,0.02469543591038918,0.04908646964721731,0.10047862384310982,0.024578856354557286,0.049729816084956274,0.10071825959676427,0.05827250687063771,0.09996912800651118,0.05818615164409557,0.09963450150366038,0.0580868431335721,0.10047862384310982,0.05834231067875928,0.10071825959676427
IMG_0015,2,IMG_0015_r2_archive.csv,11,000011011011001000110010,13,178,50,0.4578255342101023,0.3382517440798502,0.0,0.3150326797385621,0.024989043680632466,0.04984855452145172,0.09982664188271664,0.0248573519601557,0.04996513407728361,0.09935600589806197,0.024898370692763218,0.04912964726048838,0.0998849316606326,0.024581015235220844,0.049643460858414125,0.10072041847742783,0.05822141336160028,0.09982664188271664,0.05805949731183376,0.09935600589806197,0.05797098320462807,0.0998849316606326,0.05831496485702093,0.10072041847742783
IMG_0015,2,IMG_0015_r2_archive.csv,12,000000000000001100001000,2,3,8,0.4799503020193121,0.3385798011963377,0.0,0.0169934640522875,0.024835763153520166,0.049654255261731894,0.09981152971807176,0.02469543591038918,0.050120573485059466,0.09930851052346379,0.024697594791052737,0.0491382827831426,0.10030159562869843,0.024509772173323573,0.04964993750040479,0.10048078272377338,0.058100516044441275,0.09981152971807176,0.058041506639637475,0.09930851052346379,0.05804582440096459,0.10030159562869843,0.05821349746583391,0.10048078272377338
IMG_0015,2,IMG_0015_r2_archive.csv,13,010010100010000000100001,74,32,33,0.445086182603241,0.3385864717006071,0.0,0.1816993464052287,0.024989043680632466,0.049736292726946935,0.09953087523180981,0.024781791136931325,0.049729816084956274,0.09921136089360388,0.024820650988875287,0.04929803995224556,0.10015910950490389,0.024488183366688038,0.04960675988713372,0.10077007273268955,0.0580854038797964,0.09953087523180981,0.05790765603849716,0.09921136089360388,0.05809260014867492,0.10015910950490389,0.058288338662170446,0.10077007273268955
IMG_0015,2,IMG_0015_r2_archive.csv,14,000000100000100000000000,2,8,2,0.4824282567787402,0.3386046199849723,0.0,0.0156862745098039,0.024922118380062305,0.04992627422533965,0.09996912800651118,0.024717024717024715,0.05020692871160161,0.09963450150366038,0.02469543591038918,0.04908646964721731,0.10047862384310982,0.024578856354557286,0.049729816084956274,0.10071825959676427,0.05827250687063771,0.09996912800651118,0.05818615164409557,0.09963450150366038,0.0580868431335721,0.10047862384310982,0.05834231067875928,0.10071825959676427
IMG_0015,2,IMG_0015_r2_archive.csv,15,010111100000110100101100,94,13,44,0.4499420809170834,0.3384337915418967,0.0,0.1973856209150327,0.025043015697221303,0.04988957325405923,0.09984607180868864,0.024824968750202396,0.04987877885074146,0.0993452114947442,0.024868146363473467,0.049313152116890434,0.10020228711817496,0.024395351498155235,0.04952256354125513,0.10061895108624082,0.05825955358665639,0.09984607180868864,0.05801631969856269,0.0993452114947442,0.05812786186617961,0.10020228711817496,0.058178955375217056,0.10061895108624082
IMG_0015,2,IMG_0015_r2_archive.csv,16,000101100011100000100001,22,56,33,0.4457505929432974,0.3385933884050007,0.0,0.1450980392156863,0.02497393151598759,0.049792423624199326,0.09962802486166973,0.02477963225626777,0.049796741385526436,0.09921567865493099,0.024835763153520166,0.04928076890693713,0.10008570756234307,0.024529202099295558,0.04955494675120843,0.10072041847742783,0.05813146000061888,0.09962802486166973,0.05793068409890839,0.09921567865493099,0.058067413207600116,0.10008570756234307,0.05826818910931061,0.10072041847742783
IMG_0015,2,IMG_0015_r2_archive.csv,17,001010010011111100100111,41,63,39,0.4458079429731598,0.3385439962705533,0.0,0.1869281045751634,0.025012791367931556,0.04983991899879751,0.09978346426944558,0.02484655755683793,0.0498679844474237,0.09923726746156653,0.0248573519601557,0.049306675474899773,0.10016342726623101,0.02447738896337027,0.04952904018324579,0.10063838101221279,0.058212058212058215,0.09978346426944558,0.05798393648860939,0.09923726746156653,0.058109151567095486,0.10016342726623101,0.05821493671960962,0.10063838101221279
IMG_0015,2,IMG_0015_r2_archive.csv,18,010111001110111101011001,92,239,89,0.4676058308513116,0.338192505408222,0.0,0.5490196078431373,0.02496097823200627,0.049760040414246025,0.0998849316606326,0.02487030524413702,0.04996513407728361,0.09947474433455741,0.024827127630865947,0.04920952584503986,0.0998935671832868,0.024557267547921754,0.049721180562302056,0.10073337176140915,0.0582019834356283,0.0998849316606326,0.05810339455199268,0.09947474433455741,0.05797674021973087,0.0998935671832868,0.05833727329054431,0.10073337176140915
IMG_0015,2,IMG_0015_r2_archive.csv,19,001000010100000101010001,33,65,81,0.4520768329143971,0.3384281103455255,0.0,0.2339869281045751,0.025008473606604447,0.049803218027517096,0.09978130538878202,0.02481633322754818,0.04987446108941436,0.09946610881190321,0.024850875318165037,0.049289404429591344,0.10008138980101597,0.0244622767987254,0.04954847010921778,0.10070962407411006,0.05819766567430119,0.09978130538878202,0.05805230104295525,0.09946610881190321,0.05807388984959078,0.10008138980101597,0.05824012366068441,0.10070962407411006
IMG_0015,2,IMG_0015_r2_archive.csv,20,010000111110001100100111,67,227,39,0.4573347740711838,0.3382137998654377,0.0,0.4352941176470588,0.024945866067361395,0.0497147039203114,0.09979425867276334,0.024855193079492143,0.04991979758334898,0.09929123947815537,0.024827127630865947,0.04925270345831093,0.09989788494461392,0.024546473144603988,0.049706068397657184,0.10072689511941847,0.05815160955347872,0.09979425867276334,0.058022076713665494,0.09929123947815537,0.0579925720112636,0.09989788494461392,0.05832647888722655,0.10072689511941847
IMG_0015,2,IMG_0015_r2_archive.csv,21,000000000000001000000000,2,2,2,0.4954992293879207,0.3386248993642423,0.0,0.0078431372549019,0.024881099647454788,0.04976435817557313,0.09975755770148292,0.02479906218223975,0.05006012482647997,0.09948985649920229,0.02474293128498736,0.049092946289207975,0.10051316593372668,0.024717024717024715,0.050021264974536,0.10091471773714764,0.058134338508170284,0.09975755770148292,0.058116347835974004,0.09948985649920229,0.058116347835974004,0.10051316593372668,0.05855100247623612,0.10091471773714764
IMG_0015,2,IMG_0015_r2_archive.csv,22,000010000000110100100010,8,13,34,0.4522722581785415,0.338410408953042,0.0,0.0718954248366013,0.024982567038641806,0.04984207787946106,0.0999173148705859,0.02479258554024909,0.04985934892476949,0.09926317402952918,0.024907006215417433,0.04923975017432961,0.1003404554806424,0.02445364127607118,0.04954199346722711,0.10078302601667087,0.058247319929562925,0.0999173148705859,0.057971702831515926,0.09926317402952918,0.058162403956796484,0.1003404554806424,0.05825955358665639,0.10078302601667087
IMG_0015,2,IMG_0015_r2_archive.csv,23,011110011011111101001111,121,191,79,0.4657121284628318,0.3381965174698393,0.0,0.5111111111111112,0.02490052957342677,0.04965857302305901,0.0997316511335203,0.02478610889825843,0.04988957325405923,0.09937543582403396,0.024861669721482803,0.0492311146516754,0.09983527740537086,0.02456158530924886,0.049641301977750574,0.1007312128807456,0.05809691791000202,0.0997316511335203,0.05801703932545055,0.09937543582403396,0.05797602059284302,0.09983527740537086,0.05831136672258167,0.1007312128807456
IMG_0015,2,IMG_0015_r2_archive.csv,24,000010000000101100001011,8,11,11,0.4543382646425689,0.3383561206243162,0.0,0.0392156862745098,0.025019268009922217,0.04990900318003122,0.09996696912584763,0.024881099647454788,0.04989389101538635,0.09926317402952918,0.02487030524413702,0.04922247912902118,0.10021524040215629,0.024419099185454325,0.04952688130258224,0.10070962407411006,0.05829841343860035,0.09996696912584763,0.05801272156412344,0.09926317402952918,0.058102674925104826,0.10021524040215629,0.058218534854048876,0.10070962407411006
IMG_0015,2,IMG_0015_r2_archive.csv,25,000111001001010000100111,28,148,39,0.4540436493946826,0.3383866796559975,0.0,0.2810457516339869,0.024945866067361395,0.049729816084956274,0.09971006232688476,0.024831445392193056,0.04983991899879751,0.09908182805379066,0.0247969033015762,0.0492311146516754,0.09993890367722144,0.024581015235220844,0.049682320710358094,0.10083915691392326,0.05812858149306747,0.09971006232688476,0.05791773081492707,0.09908182805379066,0.057988973876824355,0.09993890367722144,0.05836749761983406,0.10083915691392326
IMG_0015,2,IMG_0015_r2_archive.csv,26,000001010001000000000000,5,16,2,0.4675359085164084,0.3387518618503334,0.0,0.0300653594771241,0.02494154830603429,0.04990684429936766,0.09978130538878202,0.024764520091622895,0.04999319952590981,0.09938191246602461,0.024829286511529505,0.04923759129366606,0.10044839951382006,0.024693277029725628,0.049680161829694536,0.10081972698795129,0.058209899331394664,0.09978130538878202,0.05804654402785244,0.09938191246602461,0.05817175910633854,0.10044839951382006,0.058397721949123814,0.10081972698795129
IMG_0015,2,IMG_0015_r2_archive.csv,27,000100000000001100000000,16,3,2,0.4721457452317977,0.3386018179808812,0.0,0.0274509803921568,0.024915641738071644,0.04979026474353577,0.09969279128157632,0.024783950017594876,0.05006876034913418,0.09935600589806197,0.024781791136931325,0.04926565674229225,0.09998424017115606,0.024619875087164806,0.04963482533575991,0.10077007273268955,0.05813289925439458,0.09969279128157632,0.05806957208826367,0.09935600589806197,0.05801056268345988,0.09998424017115606,0.05834159105187142,0.10077007273268955
IMG_0015,2,IMG_0015_r2_archive.csv,28,000100000001111000010000,16,30,16,0.4479716070389679,0.3387056618436863,0.0,0.0810457516339869,0.0249501838286885,0.04979026474353577,0.09960643605503419,0.024783950017594876,0.04981617131149842,0.0991358000703795,0.02494154830603429,0.0492591801003016,0.09997776352916539,0.02445364127607118,0.04949881585395604,0.10062326884756792,0.05811562820908615,0.09960643605503419,0.05791197379982427,0.0991358000703795,0.05805949731183376,0.09997776352916539,0.05819190865919838,0.10062326884756792
IMG_0015,2,IMG_0015_r2_archive.csv,29,000101101011000100101100,22,177,44,0.4566660798345952,0.3382618710151288,0.0,0.3176470588235294,0.024965295993333376,0.04979890026618999,0.0997920997920998,0.024872464124800573,0.04996297519662006,0.09934737037540776,0.024848716437501483,0.04913396502181549,0.09990436158660458,0.02454431426394043,0.04962834869376925,0.10070098855145583,0.05818543201720772,0.0997920997920998,0.05806093656560946,0.09934737037540776,0.05796234768197386,0.09990436158660458,0.05829121716972183,0.10070098855145583
IMG_0015,2,IMG_0015_r2_archive.csv,30,000011110000100000000000,15,8,2,0.4643982082923971,0.3386268649893935,0.0,0.0326797385620915,0.025012791367931556,0.05000831169055468,0.09995401584186632,0.02480337994356686,0.05010114355908748,0.09953735187380047,0.024773155614277106,0.04916850711243234,0.10016990390822166,0.024524884337968452,0.0495938066031524,0.1006793997448203,0.05832503963345085,0.09995401584186632,0.058147291792151605,0.09953735187380047,0.058037188878310365,0.10016990390822166,0.05826603022864705,0.1006793997448203
IMG_0015,2,IMG_0015_r2_archive.csv,31,000010001100111000000100,8,206,4,0.468601227228786,0.3383321090484584,0.0,0.2849673202614379,0.02481633322754818,0.049665049665049664,0.099800735314754,0.024842239795510822,0.04993706862865742,0.09951144530583783,0.02496097823200627,0.049092946289207975,0.09996696912584763,0.024503295531332916,0.04964993750040479,0.10075064280671757,0.058094039402450615,0.099800735314754,0.05809691791000202,0.09951144530583783,0.05800696454902062,0.09996696912584763,0.058301291946151766,0.10075064280671757
IMG_0015,2,IMG_0015_r2_archive.csv,32,001100000011011000100001,48,54,33,0.4446080201679593,0.3386003227064718,0.0,0.1764705882352941,0.02496097823200627,0.049749246010928255,0.09957189396441733,0.02479906218223975,0.04976651705623668,0.0992243141775852,0.024848716437501483,0.049332582042862415,0.10016126838556745,0.024539996502613327,0.049641301977750574,0.10082620362994195,0.058094039402450615,0.09957189396441733,0.05792996447202054,0.0992243141775852,0.05811418895531045,0.10016126838556745,0.05833583403676862,0.10082620362994195
IMG_0015,2,IMG_0015_r2_archive.csv,33,000110000010000000100101,24,32,37,0.4459174786516894,0.3386062339651239,0.0,0.1215686274509803,0.024989043680632466,0.04978162922088156,0.0996474547876417,0.02479258554024909,0.049785946982208666,0.09914659447369727,0.024865987482809913,0.04918793703840433,0.10008138980101597,0.024518407695977792,0.04962187205177859,0.10081325034596063,0.05813937589638524,0.0996474547876417,0.05790837566538501,0.09914659447369727,0.05804510477407674,0.10008138980101597,0.05831784336457233,0.10081325034596063
IMG_0015,2,IMG_0015_r2_archive.csv,34,000101100011100000110001,22,56,49,0.4455304463790057,0.3385897031642542,0.0,0.1660130718954248,0.025012791367931556,0.04983991899879751,0.09969926792356698,0.02482280986953884,0.04985719004410593,0.09923294970023942,0.024835763153520166,0.0492915633102549,0.10008138980101597,0.02454431426394043,0.04953119906390934,0.10068155862548386,0.05818399276343202,0.09969926792356698,0.05797098320462807,0.09923294970023942,0.05806957208826368,0.10008138980101597,0.05825235731777787,0.10068155862548386
IMG_0015,2,IMG_0015_r2_archive.csv,35,000101111110000000110000,23,224,48,0.4602804778415165,0.3382280124858282,0.0,0.3856209150326797,0.02493507166404363,0.049762199294909576,0.0998050530760811,0.024807697704893966,0.05001910609387245,0.09940781903398727,0.024835763153520166,0.04920304920304921,0.09998639905181962,0.024581015235220844,0.04970390951699363,0.10079813818131575,0.05816744134501143,0.0998050530760811,0.05807820761091789,0.09940781903398727,0.058008403802796336,0.09998639905181962,0.0583610209778434,0.10079813818131575
IMG_0034,1,IMG_0034_r1_archive.csv,0,000011011000111100111111,13,143,63,0.4162796505876629,0.3522474918952856,0.0,0.2862745098039215,0.02482280986953884,0.04985719004410593,0.09978130538878202,0.024814174346884627,0.04994786303197518,0.09954598739645469,0.025068922265183948,0.04942109615006811,0.1000705953976982,0.02459180963853861,0.04953983458656356,0.10018501607286655,0.058153768434142265,0.09978130538878202,0.058102674925104826,0.09954598739645469,0.058186871270983424,0.1000705953976982,0.05810555343265624,0.10018501607286655
IMG_0034,1,IMG_0034_r1_archive.csv,1,100111001100000100000110,156,193,6,0.4163853426119916,0.3522169911964627,0.0,0.4640522875816993,0.02493938942537073,0.04993706862865742,0.0998892494219597,0.024762361210959344,0.04985719004410593,0.09997344576783829,0.025267539286230874,0.049423255030731666,0.10009434308499729,0.024537837621949773,0.0495657411545262,0.10016126838556745,0.058255235825329287,0.0998892494219597,0.05819766567430119,0.09997344576783829,0.05826171246731995,0.10009434308499729,0.05808828238734781,0.10016126838556745
IMG_0034,1,IMG_0034_r1_archive.csv,2,101010100001111000110111,170,30,55,0.413852848600663,0.3523560946665882,0.0,0.3333333333333333,0.024732136881669593,0.049900367657377,0.09988277277996904,0.02494802494802495,0.049716862800974954,0.09974892217882872,0.02507755778783816,0.04912101173783417,0.10020444599883853,0.02459180963853861,0.04947075040532985,0.10013967957893191,0.058171759106338546,0.09988277277996904,0.05813793664260954,0.09974892217882872,0.05813433850817029,0.10020444599883853,0.05806741320760012,0.10013967957893191
IMG_0034,1,IMG_0034_r1_archive.csv,5,000101010001000000101101,21,16,45,0.419168249847895,0.3526989054313277,0.0,0.1071895424836601,0.02475372568830513,0.04981617131149842,0.09976619322413716,0.02488757628944545,0.049688797352348754,0.09971653896887542,0.02513368868509055,0.049332582042862415,0.09990436158660458,0.02456158530924886,0.04942109615006811,0.10004037106840846,0.0581120300746469,0.09976619322413716,0.05809763753688987,0.09971653896887542,0.058123544104852515,0.09990436158660458,0.05800768417590848,0.10004037106840846
IMG_0034,1,IMG_0034_r1_archive.csv,7,010000001000100000001000,64,136,8,0.4183824342187588,0.3521354318554582,0.0,0.2718954248366013,0.024907006215417433,0.04992195646401254,0.09979425867276334,0.024824968750202396,0.04983344235680684,0.09985470733134284,0.02515527749172609,0.04953983458656356,0.0998849316606326,0.024507613292660022,0.04949665697329249,0.099921632631913,0.058207740450731106,0.09979425867276334,0.0581710394794507,0.09985470733134284,0.058193347912974085,0.0998849316606326,0.05797530096595518,0.099921632631913
IMG_0034,1,IMG_0034_r1_archive.csv,11,000010000010001001011000,8,34,88,0.4201168450790631,0.3523685042820247,0.0,0.1699346405228758,0.024613398445174146,0.049706068397657184,0.09960427717437063,0.02487678188612768,0.049721180562302056,0.0996107538163613,0.025055968981202624,0.04925702121963804,0.09996912800651118,0.02462203396782836,0.04944700271803076,0.09991515598992234,0.05797458133906732,0.09960427717437063,0.05806957208826367,0.0996107538163613,0.058094039402450615,0.09996912800651118,0.05799473089192716,0.09991515598992234
IMG_0034,1,IMG_0034_r1_archive.csv,12,011110011011100100011000,121,185,24,0.411952102334881,0.3523377089763759,0.0,0.4313725490196078,0.024861669721482803,0.04983344235680684,0.09975755770148292,0.024699753671716288,0.04984207787946106,0.09998424017115606,0.025153118611062536,0.049408142866086795,0.09994106255788499,0.024429893588772095,0.04936928301414283,0.09994322143854854,0.058150889926590864,0.09975755770148292,0.058175357240777804,0.09998424017115606,0.05816744134501144,0.09994106255788499,0.05791413268048782,0.09994322143854854
IMG_0034,1,IMG_0034_r1_archive.csv,13,101110010111111000011011,185,126,27,0.4112198777433931,0.3523324525503373,0.0,0.4418300653594771,0.024844398676174377,0.04995218079330229,0.0998525484506793,0.02488757628944545,0.049738451607610486,0.10003605330708135,0.02509266995248304,0.049373600775469935,0.10016774502755811,0.02454863202526754,0.049451320479357866,0.09998424017115606,0.058216375973385324,0.0998525484506793,0.05822069373471243,0.10003605330708135,0.05821133858517036,0.10016774502755811,0.05799473089192716,0.09998424017115606
IMG_0034,1,IMG_0034_r1_archive.csv,17,011101010100001100101011,117,67,43,0.4141363477296817,0.3525995272560155,0.0,0.2967320261437908,0.024712706955697612,0.04982048907282552,0.09972301561086608,0.024837922034183717,0.049729816084956274,0.09978130538878202,0.0250991465944737,0.04925270345831093,0.10001662338110937,0.024572379712566626,0.04946859152466629,0.10009650196566085,0.0580854038797964,0.09972301561086608,0.058116347835974004,0.09978130538878202,0.058122824477964664,0.10001662338110937,0.058045824400964584,0.10009650196566085
IMG_0034,1,IMG_0034_r1_archive.csv,18,111011011110101111001101,237,235,205,0.4089179606531308,0.352162313255649,0.0,0.8849673202614379,0.024801221062903306,0.04980969466950775,0.09972085673020252,0.024824968750202396,0.0496866384716852,0.09959780053237997,0.025019268009922217,0.049313152116890434,0.09992595039324012,0.02466305270043588,0.04961755429045149,0.10028864234471711,0.05811059082087119,0.09972085673020252,0.05803646925142253,0.09959780053237997,0.05808612350668426,0.09992595039324012,0.058189749778534826,0.10028864234471711
IMG_0034,1,IMG_0034_r1_archive.csv,19,110011000010011100110000,204,39,48,0.4134333484560392,0.3523533850342323,0.0,0.3803921568627451,0.0247364546429967,0.04985071340211527,0.09975539882081938,0.024969613754660485,0.04979026474353577,0.09978346426944558,0.02510130547513725,0.04921600248703053,0.10001662338110937,0.024520566576641343,0.04932610540087176,0.09992379151257655,0.05811418895531045,0.09975539882081938,0.05818111425588061,0.09978346426944558,0.058111310447759044,0.10001662338110937,0.05792348783002988,0.09992379151257655
IMG_0034,1,IMG_0034_r1_archive.csv,20,100100010010000101000110,145,33,70,0.4140372170093305,0.3523188816167477,0.0,0.3241830065359477,0.02466305270043588,0.049768675936900236,0.099820165240726,0.02489405293143611,0.049738451607610486,0.0997683521048007,0.025114258759118574,0.04915123606712392,0.10004468882973556,0.024600445161192825,0.04946859152466629,0.10008786644300663,0.0580839646260207,0.099820165240726,0.058133618881282434,0.0997683521048007,0.05810339455199268,0.10004468882973556,0.058052301042955244,0.10008786644300663
IMG_0034,1,IMG_0034_r1_archive.csv,22,000100101000000000100000,18,128,32,0.4163544833178008,0.3522670891687103,0.0,0.2326797385620915,0.02487678188612768,0.04987661997007791,0.0998244830020531,0.02481633322754818,0.04983128347614329,0.09981152971807176,0.025038697935894198,0.049397348462769025,0.10015695062424035,0.024455800156734736,0.04947938592798406,0.10003389442641779,0.058192628286086234,0.0998244830020531,0.058153048807254415,0.09981152971807176,0.05819766567430119,0.10015695062424035,0.05798969350371219,0.10003389442641779
IMG_0034,1,IMG_0034_r1_archive.csv,24,010010100010101000110010,74,42,50,0.4161898072872644,0.3525173645284787,0.0,0.2169934640522876,0.02479042665958554,0.04990684429936766,0.09977266986612782,0.02488757628944545,0.049731974965619825,0.09975539882081938,0.025112099878455016,0.049308834355563325,0.09993458591589433,0.024531360979959112,0.04940598398542324,0.09997128688717473,0.058156646941693674,0.09977266986612782,0.05812498335862822,0.09975539882081938,0.05811850671663756,0.09993458591589433,0.057969543950852354,0.09997128688717473
IMG_0034,1,IMG_0034_r1_archive.csv,26,100000000010101100100100,128,43,36,0.414537281500599,0.3525735942341957,0.0,0.2705882352941176,0.02472997800100604,0.04987014332808726,0.09975108105949228,0.024881099647454788,0.049699591755666524,0.09986981949598772,0.025194137343670053,0.04913396502181549,0.09996049248385697,0.024524884337968452,0.04939087182077836,0.09995617472252986,0.05811706746286186,0.09975108105949228,0.05815017029970301,0.09986981949598772,0.058096198283114166,0.09996049248385697,0.05795731029375889,0.09995617472252986
IMG_0034,1,IMG_0034_r1_archive.csv,28,000100100000000000000100,18,2,4,0.4385940612473182,0.3525648671609789,0.0,0.0313725490196078,0.024932912783380074,0.04992627422533965,0.0997877820307727,0.024904847334753875,0.04982048907282552,0.09994753919987565,0.025079716668501718,0.04966289078438611,0.10020444599883853,0.024520566576641343,0.04949449809262894,0.10012024965295994,0.058215656346497474,0.0997877820307727,0.05822429186915168,0.09994753919987565,0.05831568448390878,0.10020444599883853,0.05804510477407674,0.10012024965295994
IMG_0034,1,IMG_0034_r1_archive.csv,29,101011001000000101001110,172,129,78,0.4104601041413985,0.3521930065887754,0.0,0.4954248366013071,0.024717024717024715,0.04972765720429272,0.0997920997920998,0.024878940766791233,0.04987230220875081,0.09972733337219318,0.025010632487268,0.049332582042862415,0.10029080122538067,0.024632828371146127,0.04960244212580661,0.10025841801542737,0.05807892723780574,0.0997920997920998,0.058159525449245075,0.09972733337219318,0.05821133858517036,0.10029080122538067,0.05816456283746004,0.10025841801542737
IMG_0034,1,IMG_0034_r1_archive.csv,30,001101101000110101001000,54,141,72,0.4138365257696069,0.3523106303468201,0.0,0.3490196078431372,0.024818492108211736,0.04982264795348907,0.09977698762745492,0.024775314494940665,0.04991979758334898,0.0995826883677351,0.025008473606604447,0.049425413911395225,0.09992810927390368,0.024576697473893735,0.04950961025727381,0.10010297860765151,0.05813937589638524,0.09977698762745492,0.05809260014867492,0.0995826883677351,0.05812066559730111,0.09992810927390368,0.05806309544627302,0.10010297860765151
IMG_0034,1,IMG_0034_r1_archive.csv,31,001010100011001100100000,42,51,32,0.4172654293634362,0.352546225868391,0.0,0.1633986928104575,0.024833604272856608,0.04992627422533965,0.09986766061532416,0.02488757628944545,0.04970390951699363,0.09973812777551096,0.02513368868509055,0.049354170849497954,0.09998424017115606,0.024475230082706717,0.049393030701441916,0.10000151121646449,0.05820917970450681,0.09986766061532416,0.058109871193983344,0.09973812777551096,0.058157366568581524,0.09998424017115606,0.05795659066687103,0.10000151121646449
IMG_0034,1,IMG_0034_r1_archive.csv,33,000000010001001000000000,2,18,2,0.4457899914778829,0.3526198649638054,0.0,0.0287581699346405,0.024855193079492143,0.04985719004410593,0.09976187546281005,0.025096987713810144,0.04975788153358247,0.09931066940412735,0.02524595047959534,0.04950313361528315,0.10039226861656768,0.024686800387734967,0.04961755429045149,0.1000986608463244,0.05815808619546938,0.09976187546281005,0.05805517955050665,0.09931066940412735,0.058380450903815384,0.10039226861656768,0.05813433850817029,0.1000986608463244
IMG_0034,1,IMG_0034_r1_archive.csv,34,101000111000001100110000,163,131,48,0.4112569935584089,0.3522519847337925,0.0,0.4470588235294118,0.0247969033015762,0.0498075357888442,0.09985902509266995,0.024868146363473467,0.04986582556676015,0.09987629613797838,0.025038697935894198,0.049332582042862415,0.10015263286291325,0.024522725457304894,0.04946211488267563,0.10010945524964217,0.05815448806103011,0.09985902509266995,0.058203422689404004,0.09987629613797838,0.05817463761388995,0.10015263286291325,0.05803143186320756,0.10010945524964217
IMG_0034,1,IMG_0034_r1_archive.csv,37,000101100010000100000001,22,33,2,0.4342350695326366,0.3524185793163588,0.0,0.0745098039215686,0.02488325852811834,0.04999319952590981,0.10009218420433375,0.025010632487268,0.04974061048827404,0.09956757620309023,0.025146641969071876,0.0494729092859934,0.10014615622092257,0.024619875087164806,0.04966289078438611,0.09993026815456722,0.0583228807527873,0.10009218420433375,0.058106273059544085,0.09956757620309023,0.058255235825329287,0.10014615622092257,0.05807101134203938,0.09993026815456722
IMG_0034,1,IMG_0034_r1_archive.csv,41,000001100000000000000000,6,2,2,0.4502897337456296,0.3528610287235205,0.0,0.0130718954248366,0.024932912783380074,0.04982912459547974,0.09978130538878202,0.02503438017456709,0.049749246010928255,0.09924158522289364,0.025105623236464356,0.049643460858414125,0.10012672629495059,0.024710548075034054,0.04979026474353577,0.10031886667400687,0.05818111425588061,0.09978130538878202,0.058008403802796336,0.09924158522289364,0.05829193679660969,0.10012672629495059,0.05827322649752557,0.10031886667400687
IMG_0034,1,IMG_0034_r1_archive.csv,42,111011010111101101011111,237,123,95,0.4104454322190851,0.3520457187759847,0.0,0.5947712418300654,0.024697594791052737,0.049716862800974954,0.09966040807162302,0.024885417408781897,0.04984855452145172,0.09962370710034262,0.02492427726072586,0.04928508666826424,0.10007923092035241,0.024606921803183485,0.04954631122855421,0.10008786644300663,0.0580249552212169,0.09966040807162302,0.05811922634352542,0.09962370710034262,0.058096198283114166,0.10007923092035241,0.05808036649158144,0.10008786644300663
IMG_0034,1,IMG_0034_r1_archive.csv,43,000000000000000000000000,2,2,2,0.4565308714875919,0.3527450986333975,0.0,0.0078431372549019,0.02488325852811834,0.049747087130264704,0.09965824919095947,0.02508835219115593,0.04975788153358247,0.09933873485275355,0.025224361672959807,0.049680161829694536,0.10040306301988546,0.024727819120342484,0.0497751525788909,0.10034261436130595,0.058096198283114166,0.09965824919095947,0.05806165619249731,0.09933873485275355,0.05843586217417993,0.10040306301988546,0.058281862020179785,0.10034261436130595
IMG_0034,1,IMG_0034_r1_archive.csv,45,000000000010000000001000,2,32,8,0.4327296270156493,0.3524970801663694,0.0,0.0549019607843137,0.02477963225626777,0.04984207787946106,0.09955678179977245,0.02507539890717461,0.04954415234789066,0.09975323994015582,0.025254586002249554,0.04929803995224556,0.10023035256680117,0.024563744189912414,0.04949449809262894,0.10015263286291325,0.05805949731183376,0.09955678179977245,0.058124263731740365,0.09975323994015582,0.058260992840432096,0.10023035256680117,0.058070291715151524,0.10015263286291325
IMG_0034,1,IMG_0034_r1_archive.csv,46,000111110010000100101110,31,33,46,0.4176124673135528,0.3525191708389899,0.0,0.1437908496732026,0.02479042665958554,0.04989173213472279,0.0998655017346606,0.024902688454090324,0.0496866384716852,0.09981800636006244,0.02512505316243634,0.049354170849497954,0.10011593189163281,0.024492501128015147,0.049371441894806384,0.09995617472252986,0.05818255350965631,0.0998655017346606,0.058135777761945985,0.09981800636006244,0.05819838530118904,0.10011593189163281,0.05794003924845046,0.09995617472252986
IMG_0034,1,IMG_0034_r1_archive.csv,58,000100010110101101011001,17,107,89,0.4159826394055501,0.3523494662360135,0.0,0.2784313725490196,0.024708389194370503,0.04966936742637677,0.09967336135560434,0.024781791136931325,0.04981833019216197,0.09952439858981915,0.025032221293903537,0.049438367195376545,0.09997560464850185,0.024570220831903074,0.04945563824068497,0.10002741778442713,0.05801703932545054,0.09967336135560434,0.05804150663963748,0.09952439858981915,0.058148731045927306,0.09997560464850185,0.058017758952338384,0.10002741778442713
IMG_0034,1,IMG_0034_r1_archive.csv,66,001010000010011000011000,40,38,24,0.4177269387859132,0.3525376861441116,0.0,0.1333333333333333,0.024827127630865947,0.04993706862865742,0.0997640343434736,0.024872464124800573,0.049736292726946935,0.0999820812904925,0.02511857652044568,0.049384395178787704,0.10012888517561415,0.02445148239540763,0.04931746987821754,0.09986334285399706,0.058176076867665655,0.0997640343434736,0.058196946047413343,0.0999820812904925,0.05821061895828251,0.10012888517561415,0.057877431709207415,0.09986334285399706
IMG_0034,1,IMG_0034_r1_archive.csv,67,111111001111000110011111,252,241,159,0.4084515747002137,0.3522653552926203,0.0,0.8522875816993465,0.02480553882423041,0.04983128347614329,0.09976619322413716,0.024820650988875287,0.04972333944296561,0.09968847352024922,0.025021426890585768,0.049356329730161505,0.10001230561978226,0.02460908068384704,0.04958948884182529,0.10022171704414695,0.05813433850817029,0.09976619322413716,0.05807748798403004,0.09968847352024922,0.05813002074684318,0.10001230561978226,0.058140095523273094,0.10022171704414695
IMG_0034,1,IMG_0034_r1_archive.csv,68,101000100110100000110110,162,104,54,0.412188783385196,0.3523001771618712,0.0,0.4183006535947712,0.024777473375604216,0.04981833019216197,0.09981152971807176,0.024848716437501483,0.049796741385526436,0.0998374362860344,0.025068922265183948,0.049289404429591344,0.10013752069826835,0.02455079090593109,0.04953983458656356,0.10015479174357679,0.058135777761945985,0.09981152971807176,0.05816096470302077,0.0998374362860344,0.05816528246434788,0.10013752069826835,0.05808180574535715,0.10015479174357679
IMG_0034,1,IMG_0034_r1_archive.csv,69,110011100010100000111111,206,40,63,0.4129359084863617,0.3522560876405313,0.0,0.403921568627451,0.024637146132473236,0.049796741385526436,0.09974892217882872,0.02493507166404363,0.04975788153358247,0.09973812777551096,0.025032221293903537,0.04912964726048838,0.10008570756234307,0.024634987251809685,0.04950529249594671,0.10013752069826835,0.05806093656560946,0.09974892217882872,0.058143693657712346,0.09973812777551096,0.05808252537224499,0.10008570756234307,0.05809260014867492,0.10013752069826835
IMG_0034,1,IMG_0034_r1_archive.csv,70,101011100101000000101101,174,80,45,0.4127733828702902,0.352441762093491,0.0,0.3908496732026144,0.02476667897228645,0.04987230220875081,0.09977266986612782,0.024945866067361395,0.04966936742637677,0.09978346426944558,0.025008473606604447,0.04924838569698383,0.10015263286291325,0.024593968519202165,0.04949449809262894,0.10010513748831505,0.05813721701572169,0.09977266986612782,0.05813289925439458,0.09978346426944558,0.05813649738883384,0.10015263286291325,0.05806453470004872,0.10010513748831505
IMG_0034,1,IMG_0034_r1_archive.csv,76,100100101000011000100001,146,134,33,0.4115786329124837,0.3523648701548285,0.0,0.4091503267973856,0.024807697704893966,0.049768675936900236,0.09971653896887542,0.024781791136931325,0.049796741385526436,0.1000705953976982,0.02512937092376345,0.04938007741746059,0.10023682920879183,0.024531360979959112,0.04945995600201208,0.10004900659106267,0.05809763753688987,0.09971653896887542,0.058216375973385324,0.1000705953976982,0.058248759183338626,0.10023682920879183,0.05801344119101128,0.10004900659106267
IMG_0034,1,IMG_0034_r1_archive.csv,77,000011101000110100110010,14,141,50,0.4159196000901743,0.3523634752420121,0.0,0.2679738562091503,0.024818492108211736,0.04979458250486288,0.09967336135560434,0.02486382860214636,0.049768675936900236,0.0997597165821465,0.025049492339211964,0.049343376446180184,0.10014399734025901,0.0245551086672582,0.04946211488267563,0.10001230561978226,0.05809547865622632,0.09967336135560434,0.05813074037373103,0.0997597165821465,0.058178955375217056,0.10014399734025901,0.05800984305657203,0.10001230561978226
IMG_0034,1,IMG_0034_r1_archive.csv,83,000111000010000001011101,28,32,93,0.4171497387584658,0.3524895502446889,0.0,0.2,0.024684641507071416,0.049734133846283377,0.09974676329816516,0.024928595022052965,0.049783788101545115,0.09964529590697814,0.025001996964613787,0.04924838569698383,0.10002310002310003,0.02456590307057597,0.0494124606274139,0.10012672629495059,0.05805517955050665,0.09974676329816516,0.058119226343525406,0.09964529590697814,0.05809116089489921,0.10002310002310003,0.058035029997646814,0.10012672629495059
IMG_0034,1,IMG_0034_r1_archive.csv,84,111110000111101101101010,248,123,106,0.4096525388478519,0.3520804124147257,0.0,0.6235294117647059,0.02474940792697802,0.049768675936900236,0.09972301561086608,0.0248573519601557,0.04979026474353577,0.09964529590697814,0.024963137112669825,0.049360647491488614,0.10013104405627771,0.02462851060981902,0.04958085331917108,0.1001914927148572,0.058080366491581444,0.09972301561086608,0.058097637536889866,0.09964529590697814,0.05815160955347872,0.10013104405627771,0.058133618881282434,0.1001914927148572
IMG_0034,1,IMG_0034_r1_archive.csv,86,010100000011000000011110,80,48,30,0.4166376437988722,0.3525434052852187,0.0,0.2065359477124183,0.02479906218223975,0.0499284331060032,0.09979425867276334,0.0248573519601557,0.04971254503964784,0.09981152971807176,0.025116417639782125,0.04932826428153531,0.09985902509266995,0.024479547844033826,0.04938007741746059,0.09989572606395036,0.05817391798700209,0.09979425867276334,0.058127142239291774,0.09981152971807176,0.05810123567132913,0.09985902509266995,0.05791845044181493,0.09989572606395036
IMG_0034,1,IMG_0034_r1_archive.csv,87,000011110010011000100111,15,38,39,0.4189502790966641,0.3525302376852448,0.0,0.1202614379084967,0.024829286511529505,0.04987661997007791,0.09974460441750162,0.02487678188612768,0.049779470340218,0.0998288007633802,0.025038697935894198,0.049319628758881094,0.10005980099438043,0.024535678741286218,0.04949018033130182,0.1000101467391187,0.058150170299703006,0.09974460441750162,0.058161684329908626,0.0998288007633802,0.05813937589638524,0.10005980099438043,0.05801200193723558,0.1000101467391187
IMG_0034,1,IMG_0034_r1_archive.csv,89,111010111000101100101001,235,139,41,0.4103297416141146,0.3522248891262826,0.0,0.542483660130719,0.024837922034183717,0.04985287228277883,0.09976619322413716,0.024844398676174377,0.04972333944296561,0.0998655017346606,0.025027903532576428,0.04927429226494647,0.10013752069826835,0.024514089934650683,0.049438367195376545,0.09999935233580093,0.058152329180366565,0.09976619322413716,0.058144413284600203,0.0998655017346606,0.058146572165263755,0.10013752069826835,0.05798393648860939,0.09999935233580093
IMG_0034,1,IMG_0034_r1_archive.csv,94,000001000000000000100000,4,2,32,0.4362066101517858,0.352656145574366,0.0,0.049673202614379,0.02477963225626777,0.04966073190372256,0.09955678179977245,0.02493938942537073,0.04967152630704033,0.09990867934793168,0.02515095973039898,0.049425413911395225,0.10003605330708135,0.024624192848491915,0.0495938066031524,0.10035340876462372,0.05799904865325426,0.09955678179977245,0.05817319836011425,0.09990867934793168,0.05820414231629185,0.10003605330708135,0.05819046940542268,0.10035340876462372
IMG_0034,2,IMG_0034_r2_archive.csv,0,110110111010010001100000,219,164,96,0.4095536959782559,0.352884554107833,0.0,0.6261437908496732,0.024773155614277106,0.04952472242191869,0.09971653896887542,0.02507539890717461,0.04992411534467609,0.09966472583295014,0.024373762691519703,0.04960460100647017,0.09960643605503419,0.024680323745744307,0.04982048907282552,0.10057793235363328,0.058004805668357064,0.09971653896887542,0.05822141336160028,0.09966472583295014,0.05786159991767469,0.09960643605503419,0.05835958172406771,0.10057793235363328
IMG_0034,2,IMG_0034_r2_archive.csv,3,000011000001001000100000,12,18,32,0.4206556254968979,0.3525835596682837,0.0,0.0810457516339869,0.025062445623193284,0.04966073190372256,0.09978562315010912,0.025045174577884858,0.05002558273586311,0.09987197837665128,0.024369444930192594,0.049451320479357866,0.0997359688948474,0.024613398445174146,0.049721180562302056,0.1007959793006522,0.05816960022567499,0.09978562315010912,0.05831424523013309,0.09987197837665128,0.05785224476813262,0.0997359688948474,0.05837685276937613,0.1007959793006522
IMG_0034,2,IMG_0034_r2_archive.csv,4,010000000011010100001111,64,53,15,0.4176394914197412,0.3525443463815431,0.0,0.1725490196078431,0.024881099647454788,0.04954415234789066,0.09960859493569774,0.025021426890585768,0.05010114355908748,0.09981584747939888,0.024278771942323345,0.04943189055338588,0.09983095964404376,0.02465225829711811,0.0497751525788909,0.1007312128807456,0.058011282310347724,0.09960859493569774,0.05831280597635737,0.09981584747939888,0.057847207379917664,0.09983095964404376,0.05838620791891821,0.1007312128807456
IMG_0034,2,IMG_0034_r2_archive.csv,5,011011000001110100110111,108,29,55,0.4152551812839193,0.3527841311772144,0.0,0.2509803921568627,0.02481633322754818,0.049364965252815717,0.09950496866384716,0.025107782117127914,0.050023423855199554,0.0997035856848941,0.024382398214173914,0.04950745137661026,0.0997877820307727,0.02465873493910877,0.04980969466950775,0.1007031474321194,0.05789542238140368,0.09950496866384716,0.058278263885740526,0.0997035856848941,0.05789254387385229,0.0997877820307727,0.05839052568024531,0.1007031474321194
IMG_0034,2,IMG_0034_r2_archive.csv,6,101010001111010101010000,168,245,80,0.4093745427479757,0.3527597756245877,0.0,0.6444444444444445,0.02487030524413702,0.04951176913793736,0.09969063240091278,0.02507539890717461,0.05006012482647997,0.0995913238903893,0.02435433276554772,0.049710386158984286,0.09969495016223988,0.02465225829711811,0.04990900318003122,0.10067076422216609,0.058024235594329045,0.09969063240091278,0.058242282541347966,0.0995913238903893,0.05791988969559062,0.09969495016223988,0.05841067523310514,0.10067076422216609
IMG_0034,2,IMG_0034_r2_archive.csv,7,011100101010100000100110,114,168,38,0.4121807404964493,0.352900318049708,0.0,0.4183006535947712,0.02498472591930536,0.04961539540978793,0.09969710904290344,0.025122894281772785,0.05000399392922757,0.0997877820307727,0.024438529111426306,0.04960244212580661,0.09970142680423054,0.024686800387734967,0.04984423676012461,0.10070962407411006,0.05809907679066558,0.09969710904290344,0.05830489008059101,0.0997877820307727,0.05791413268048782,0.09970142680423054,0.05841355374065654,0.10070962407411006
IMG_0034,2,IMG_0034_r2_archive.csv,8,101111111011111010111111,191,190,191,0.4095913112989938,0.3526472708359914,0.0,0.7477124183006536,0.024751566807641574,0.04949018033130182,0.09971222120754832,0.02508835219115593,0.05000399392922757,0.09963666038432394,0.02439751037881879,0.04972333944296561,0.09957405284508089,0.02460260404185638,0.049783788101545115,0.1004980537690818,0.05798465611549724,0.09971222120754832,0.05824300216823581,0.09963666038432394,0.05789830088895509,0.09957405284508089,0.058294815304161106,0.1004980537690818
IMG_0034,2,IMG_0034_r2_archive.csv,9,101011100111010011100010,174,116,226,0.410848973579196,0.3525107032677293,0.0,0.6745098039215687,0.02475588456896868,0.04956358227386265,0.09981584747939888,0.025032221293903537,0.05001910609387245,0.09965824919095947,0.024304678510285987,0.04959164772248885,0.09975755770148292,0.024619875087164806,0.049783788101545115,0.10059520339894172,0.05804510477407674,0.09981584747939888,0.05823652552624516,0.09965824919095947,0.05788462797808592,0.09975755770148292,0.05833295552921721,0.10059520339894172
IMG_0034,2,IMG_0034_r2_archive.csv,10,101110011100001000100001,185,194,33,0.4101637617889814,0.3528446391165347,0.0,0.5385620915032681,0.024889735170109,0.04958732996116173,0.09966904359427724,0.025066763384520394,0.05000615280989113,0.09975323994015582,0.024419099185454325,0.049719021681638505,0.09956973508375377,0.024686800387734967,0.049731974965619825,0.1005585024276613,0.05804870290851599,0.09966904359427724,0.058275385378189125,0.09975323994015582,0.0579026186502822,0.09956973508375377,0.0583257592603387,0.1005585024276613
IMG_0034,2,IMG_0034_r2_archive.csv,11,010001000100000001001000,68,64,72,0.415684095841476,0.3526836606306999,0.0,0.2666666666666666,0.024917800618735195,0.04953119906390934,0.09972085673020252,0.02508835219115593,0.05003853601984443,0.09984175404736152,0.024341379481566398,0.04951824577992802,0.099921632631913,0.024665211581099432,0.04994354527064807,0.10089097004984855,0.058056618804282346,0.09972085673020252,0.0583228807527873,0.09984175404736152,0.05792708596446914,0.099921632631913,0.05849990896719868,0.10089097004984855
IMG_0034,2,IMG_0034_r2_archive.csv,12,111111101111111111001011,254,255,203,0.4083502089034109,0.3526470359937557,0.0,0.930718954248366,0.024740772404323808,0.04947506816665695,0.09974460441750162,0.025066763384520394,0.050083872513779056,0.09960211829370708,0.02439751037881879,0.049716862800974954,0.0996388192649875,0.02458533299654795,0.04981617131149842,0.10056929683097908,0.05798681499616079,0.09974460441750162,0.05825091806400218,0.09960211829370708,0.05791773081492708,0.0996388192649875,0.058323600379675156,0.10056929683097908
IMG_0034,2,IMG_0034_r2_archive.csv,13,000000100000000000100000,2,2,32,0.4407286354544598,0.3526337744798444,0.0,0.0470588235294117,0.025068922265183948,0.049772993698227345,0.10008354868167953,0.025090511071819484,0.050399069090657875,0.0998050530760811,0.024507613292660022,0.049399507343432576,0.09969279128157632,0.02455942642858531,0.04975788153358247,0.10077223161335311,0.05830848821503027,0.10008354868167953,0.05843154441285283,0.0998050530760811,0.057866637305889645,0.09969279128157632,0.058363179858506954,0.10077223161335311
IMG_0034,2,IMG_0034_r2_archive.csv,14,110010001000101000100001,200,138,33,0.4105586083630473,0.3527793301045329,0.0,0.4849673202614379,0.02494802494802495,0.04966289078438611,0.09987197837665128,0.025060286742529733,0.05002558273586311,0.09986981949598772,0.024386715975501023,0.04967368518770388,0.0996388192649875,0.024680323745744307,0.049721180562302056,0.10062542772823146,0.05816096470302078,0.09987197837665128,0.05831856299146019,0.09986981949598772,0.057899740142730804,0.0996388192649875,0.05834231067875928,0.10062542772823146
IMG_0034,2,IMG_0034_r2_archive.csv,17,000000100010001000000110,2,34,6,0.4340520387833607,0.352368043419436,0.0,0.0549019607843137,0.024963137112669825,0.049729816084956274,0.1000662776363711,0.024982567038641806,0.050379639164685894,0.09980721195674466,0.02438455709483747,0.049408142866086795,0.09974028665617451,0.024587491877211504,0.049738451607610486,0.10057577347296974,0.05825307694466573,0.1000662776363711,0.05838980605335745,0.09980721195674466,0.057844328872366256,0.09974028665617451,0.05830057231926391,0.10057577347296974
IMG_0034,2,IMG_0034_r2_archive.csv,21,110111011111100111011100,221,249,220,0.4087699545677965,0.352662036024679,0.0,0.9019607843137256,0.024751566807641574,0.04951392801860092,0.0997316511335203,0.02509482883314659,0.050073078110461286,0.09960211829370708,0.024406145901473005,0.049772993698227345,0.09967336135560434,0.024619875087164806,0.04988741437339568,0.10062110996690436,0.05799904865325426,0.0997316511335203,0.05825667507910498,0.09960211829370708,0.05795083365176823,0.09967336135560434,0.058376133142488275,0.10062110996690436
IMG_0034,2,IMG_0034_r2_archive.csv,22,001011110001110100110011,47,29,51,0.4169682911883431,0.3528474862596091,0.0,0.1660130718954248,0.024911323976744535,0.04947938592798406,0.09962154821967907,0.02507755778783816,0.050012629451881785,0.0998568662120064,0.024337061720239292,0.04945563824068497,0.09993242703523078,0.024650099416454557,0.04982912459547974,0.10087585788520369,0.05800408604146923,0.09962154821967907,0.05831568448390878,0.0998568662120064,0.057908375665385016,0.09993242703523078,0.05845169396571267,0.10087585788520369
IMG_0034,2,IMG_0034_r2_archive.csv,23,101100010100010000100000,177,68,32,0.4129495644648336,0.3526301275463163,0.0,0.3620915032679738,0.02487678188612768,0.04952472242191869,0.09967983799759501,0.025043015697221303,0.0499608163159565,0.09983959516669796,0.024382398214173914,0.04960891876779727,0.09960427717437063,0.024626351729155466,0.049613236529124374,0.10048725936576404,0.05802711410188046,0.09967983799759501,0.05828114239329193,0.09983959516669796,0.05786519805211394,0.09960427717437063,0.058242282541347966,0.10048725936576404
IMG_0034,2,IMG_0034_r2_archive.csv,25,101111110101011000011010,191,86,26,0.4128482833300175,0.3526057269134089,0.0,0.396078431372549,0.024907006215417433,0.0495657411545262,0.09961291269702484,0.025079716668501718,0.04988525549273213,0.09985902509266995,0.0244018281401459,0.04958732996116173,0.09963234262299683,0.024639305013136787,0.049721180562302056,0.10065133429619412,0.058028553355656154,0.09961291269702484,0.05827466575130127,0.09985902509266995,0.057873833574768156,0.09963234262299683,0.05833727329054431,0.10065133429619412
IMG_0034,2,IMG_0034_r2_archive.csv,29,100111001001000000100010,156,144,34,0.4111499977394834,0.3527248102611917,0.0,0.4366013071895425,0.024926436141389414,0.04960460100647017,0.09984391292802508,0.025086193310492378,0.050027741616526664,0.09969495016223988,0.024406145901473005,0.04963050757443281,0.09965177254896881,0.024671688223090092,0.049708227278320735,0.100647016534867,0.05812498335862822,0.09984391292802508,0.0582696283630863,0.09969495016223988,0.057896142008291546,0.09965177254896881,0.05834231067875928,0.100647016534867
IMG_0034,2,IMG_0034_r2_archive.csv,31,111111000001000011100111,252,16,231,0.4135041766742011,0.3525044013609671,0.0,0.6522875816993464,0.024630669490482576,0.04932610540087176,0.09955678179977245,0.025001996964613787,0.04998240512259204,0.09965393142963237,0.02428308970365045,0.04966936742637677,0.09956757620309023,0.02455942642858531,0.04964993750040479,0.1005347547403622,0.057837852230375596,0.09955678179977245,0.05821277783894607,0.09965393142963237,0.05784001111103915,0.09956757620309023,0.05824803955645077,0.1005347547403622
IMG_0034,2,IMG_0034_r2_archive.csv,32,010000110011000000101001,67,48,41,0.4160416996075459,0.3527258541728226,0.0,0.2039215686274509,0.02496745487399693,0.04957437667718041,0.09967120247494078,0.02507755778783816,0.050064442587807075,0.09988277277996904,0.024321949555594413,0.04940598398542324,0.09982664188271664,0.02462203396782836,0.04978162922088156,0.100767913852026,0.058071011342039375,0.09967120247494078,0.05834159105187142,0.09988277277996904,0.05785152514124476,0.09982664188271664,0.05839052568024531,0.100767913852026
IMG_0034,2,IMG_0034_r2_archive.csv,35,100000110010100000100011,131,40,35,0.4145756418468208,0.3528058035910672,0.0,0.269281045751634,0.02490052957342677,0.04948370368931117,0.09960643605503419,0.025064604503856842,0.050077395871788395,0.099820165240726,0.024406145901473005,0.04951824577992802,0.0996755202362679,0.024665211581099432,0.04979458250486288,0.10066644646083898,0.05799688977259071,0.09960643605503419,0.05832072187212375,0.099820165240726,0.057866637305889645,0.0996755202362679,0.05837541351560044,0.10066644646083898
IMG_0034,2,IMG_0034_r2_archive.csv,37,010011111000110100101011,79,141,43,0.4134583745393391,0.3527387718436409,0.0,0.3437908496732026,0.025017109129258662,0.049667208545713215,0.09987197837665128,0.025159595253053196,0.050029900497190215,0.09987197837665128,0.024425575827444986,0.04950097473461959,0.09996912800651118,0.024708389194370503,0.04989820877671345,0.10089528781117565,0.05818543201720772,0.09987197837665128,0.058353824708964906,0.09987197837665128,0.057965226189525244,0.09996912800651118,0.058500628594086536,0.10089528781117565
IMG_0034,2,IMG_0034_r2_archive.csv,39,111001111101011110111000,231,215,184,0.4093638330066447,0.3526803803051861,0.0,0.8235294117647058,0.024699753671716288,0.04945995600201208,0.09967767911693146,0.025066763384520394,0.05000615280989113,0.09953303411247336,0.024382398214173914,0.04967368518770388,0.0996474547876417,0.02460260404185638,0.049814012430834866,0.1005174836950538,0.05794579626355328,0.09967767911693146,0.058201983435628296,0.09953303411247336,0.0579011793965065,0.0996474547876417,0.05831136672258167,0.1005174836950538
IMG_0034,2,IMG_0034_r2_archive.csv,43,101011001010111000100100,172,174,36,0.4106608631107116,0.352693636602151,0.0,0.4993464052287582,0.024932912783380074,0.049624030932442144,0.09977482874679136,0.025120735401109234,0.049975928480601374,0.09972733337219318,0.02441694030479077,0.049736292726946935,0.09953735187380047,0.02464146389380034,0.049708227278320735,0.10053691362102578,0.058110590820871194,0.09977482874679136,0.05827466575130127,0.09972733337219318,0.057896861635179396,0.09953735187380047,0.05829553493104895,0.10053691362102578
IMG_0034,2,IMG_0034_r2_archive.csv,44,001000000000110000000011,32,12,3,0.4306842526778066,0.3526088756164429,0.0,0.061437908496732,0.024833604272856608,0.04952040466059158,0.09983527740537086,0.02488757628944545,0.05013568564970434,0.09954382851579113,0.024244229851706486,0.04943404943404943,0.09992595039324012,0.02466952934242654,0.049803218027517096,0.10070098855145583,0.05806309544627301,0.09983527740537086,0.058189030151646975,0.09954382851579113,0.05786807655966534,0.09992595039324012,0.058391245307133154,0.10070098855145583
IMG_0034,2,IMG_0034_r2_archive.csv,48,000110000001010000101000,24,20,40,0.4188805684167281,0.3527245701968927,0.0,0.1098039215686274,0.025103464355800804,0.049690956233012305,0.09976619322413716,0.025073240026511054,0.050064442587807075,0.0999820812904925,0.024382398214173914,0.04952040466059158,0.09995401584186632,0.024680323745744307,0.0499608163159565,0.1009449420664374,0.058186871270983424,0.09976619322413716,0.05837325463493689,0.0999820812904925,0.057952272905543945,0.09995401584186632,0.058528694042712735,0.1009449420664374
IMG_0034,2,IMG_0034_r2_archive.csv,52,000000100000010000000000,2,4,2,0.4517399258500272,0.3527309286792698,0.0,0.0104575163398692,0.024928595022052965,0.04978162922088156,0.1002476236121096,0.024928595022052965,0.0503235082674335,0.099800735314754,0.0244342113500992,0.049321787639544645,0.09985470733134284,0.024676005984417198,0.04982912459547974,0.10061031556358659,0.05831928261834804,0.1002476236121096,0.05835094620141349,0.099800735314754,0.0578702354403289,0.09985470733134284,0.05837181538116117,0.10061031556358659
IMG_0034,2,IMG_0034_r2_archive.csv,55,111000001111100000111011,224,248,59,0.4091181439209336,0.3526914578300506,0.0,0.6941176470588235,0.024814174346884627,0.04945347936002142,0.09954166963512759,0.025127212043099895,0.050070919229797735,0.09957189396441733,0.02446443567938895,0.049749246010928255,0.09962586598100617,0.024678164865080753,0.04988957325405923,0.10064917541553056,0.057936441114011215,0.09954166963512759,0.05825667507910498,0.09957189396441733,0.05794651589044112,0.09962586598100617,0.05840563784489019,0.10064917541553056
IMG_0034,2,IMG_0034_r2_archive.csv,56,100011100101111100010010,142,95,18,0.4137063241000979,0.3527883230882334,0.0,0.3333333333333333,0.024971772635324036,0.04964561973907768,0.09982232412138954,0.025122894281772785,0.04996513407728361,0.09994106255788499,0.024371603810856148,0.04954631122855421,0.0996474547876417,0.02465873493910877,0.049725498323629165,0.10065349317685766,0.058146572165263755,0.09982232412138954,0.05834303030564713,0.09994106255788499,0.05785512327568402,0.0996474547876417,0.05834590881319853,0.10065349317685766
IMG_0034,2,IMG_0034_r2_archive.csv,60,000110100001011100101100,26,23,44,0.4181389886756981,0.3526898853348232,0.0,0.1215686274509803,0.025010632487268,0.049643460858414125,0.09962586598100617,0.025025744651912877,0.04998240512259204,0.09983527740537086,0.024328426197585074,0.04945779712134852,0.0999173148705859,0.024630669490482576,0.049826965714816186,0.10078302601667087,0.058093319775562764,0.09962586598100617,0.05828114239329193,0.09983527740537086,0.0579011793965065,0.0999173148705859,0.05841355374065654,0.10078302601667087
IMG_0034,2,IMG_0034_r2_archive.csv,64,110111010110111000010001,221,110,17,0.4122225973827263,0.3526613431803753,0.0,0.4549019607843137,0.024911323976744535,0.04967152630704033,0.09973812777551096,0.02503438017456709,0.050027741616526664,0.09980937083740822,0.024362968288201933,0.04954415234789066,0.09953951075446403,0.02460908068384704,0.049667208545713215,0.10056929683097908,0.058106992686431935,0.09973812777551096,0.058290497542834,0.09980937083740822,0.0578155437968522,0.09953951075446403,0.058281862020179785,0.10056929683097908
IMG_0034,2,IMG_0034_r2_archive.csv,67,111111001111110010101011,252,252,171,0.4084719189756433,0.3527322146084492,0.0,0.8823529411764706,0.024794744420912646,0.04951392801860092,0.09976187546281005,0.025060286742529733,0.05004501266183509,0.09958916500972576,0.02441694030479077,0.049734133846283377,0.09953519299313691,0.02456158530924886,0.049768675936900236,0.10056066130832485,0.05802351596744121,0.09976187546281005,0.058231488138030196,0.09958916500972576,0.05789542238140369,0.09953519299313691,0.05829697418482465,0.10056066130832485
IMG_0034,2,IMG_0034_r2_archive.csv,71,100111000001100100011011,156,25,27,0.4140579337975019,0.3524413378340194,0.0,0.2718954248366013,0.024907006215417433,0.04955710563187198,0.09970142680423054,0.02496745487399693,0.04997808736126493,0.09973812777551096,0.024371603810856148,0.04960244212580661,0.09957189396441733,0.024682482626407858,0.049736292726946935,0.10064917541553056,0.05805517955050665,0.09970142680423054,0.058227890003590944,0.09973812777551096,0.05784864663369336,0.09957189396441733,0.05835598358962846,0.10064917541553056
IMG_0034,2,IMG_0034_r2_archive.csv,72,111001101111000110110101,230,241,181,0.4090085743776093,0.3526815655137014,0.0,0.8522875816993465,0.024758043449632235,0.04950097473461959,0.09972517449152962,0.02503438017456709,0.050051489303825754,0.09953303411247336,0.02441694030479077,0.049697432875002966,0.0996431370263146,0.02459180963853861,0.04981185355017131,0.10054339026301644,0.057994730891927145,0.09972517449152962,0.05820630119695539,0.09953303411247336,0.05791917006870278,0.0996431370263146,0.05831568448390878,0.10054339026301644
IMG_0034,2,IMG_0034_r2_archive.csv,74,001011100010001100010110,46,35,22,0.4171600082574654,0.3526348298775612,0.0,0.134640522875817,0.02495666047067916,0.04960891876779727,0.09972517449152962,0.025079716668501718,0.050090349155769716,0.09987629613797838,0.02431763179426731,0.04946427376333919,0.09985038957001574,0.02462203396782836,0.049734133846283377,0.10076143721003535,0.058096917910002016,0.09972517449152962,0.05834878732074994,0.09987629613797838,0.057877431709207415,0.09985038957001574,0.05837253500804903,0.10076143721003535
IMG_0034,2,IMG_0034_r2_archive.csv,75,000000110000000000010010,3,2,18,0.4384950744523446,0.3526916568272257,0.0,0.0300653594771241,0.025025744651912877,0.049719021681638505,0.09997560464850185,0.02511857652044568,0.05012705012705013,0.0997920997920998,0.024483865605360932,0.04952472242191869,0.09937975358536107,0.024520566576641343,0.049697432875002966,0.10065565205752122,0.05824012366068441,0.09997560464850185,0.05834590881319853,0.0997920997920998,0.05779611387088023,0.09937975358536107,0.05829121716972185,0.10065565205752122
IMG_0034,2,IMG_0034_r2_archive.csv,76,101100001101111000100010,176,222,34,0.4098075295470977,0.352710677096662,0.0,0.5647058823529412,0.024928595022052965,0.04963914309708702,0.0998288007633802,0.025086193310492378,0.05000399392922757,0.09969710904290344,0.0244342113500992,0.049688797352348754,0.09967983799759501,0.024634987251809685,0.049688797352348754,0.10051100705306314,0.058132179627506726,0.0998288007633802,0.058262432094207804,0.09969710904290344,0.05793428223334766,0.09967983799759501,0.058278263885740526,0.10051100705306314
IMG_0034,2,IMG_0034_r2_archive.csv,77,011010100010001000101111,106,34,47,0.4156520851442646,0.3527347232720432,0.0,0.2444444444444444,0.024928595022052965,0.04952040466059158,0.09963666038432394,0.02507755778783816,0.050066601468470626,0.09981584747939888,0.024380239333510363,0.04960891876779727,0.09974892217882872,0.02462203396782836,0.04981185355017131,0.10064269877353989,0.058028553355656154,0.09963666038432394,0.05832000224523589,0.09981584747939888,0.05791269342671212,0.09974892217882872,0.05835886209717985,0.10064269877353989
IMG_0034,2,IMG_0034_r2_archive.csv,79,001101110010000000110110,55,32,54,0.416877855254037,0.3526216819931091,0.0,0.1843137254901961,0.024896211812099663,0.049492339211965386,0.0995826883677351,0.025066763384520394,0.050096825797760376,0.09975755770148292,0.024375921572183254,0.04947506816665695,0.09992379151257655,0.024632828371146127,0.04983560123747039,0.10069667079012873,0.05799041313060005,0.0995826883677351,0.05830704896125457,0.09975755770148292,0.05792492708380559,0.09992379151257655,0.05838836679958175,0.10069667079012873
IMG_0034,2,IMG_0034_r2_archive.csv,80,011100111010010000101110,115,164,46,0.4119308945071861,0.3528809085200694,0.0,0.4248366013071895,0.024917800618735195,0.049613236529124374,0.09978130538878202,0.02511857652044568,0.04999751728723691,0.09982664188271664,0.02446875344071606,0.049624030932442144,0.09974028665617451,0.024680323745744307,0.04984639564078816,0.10066860534150253,0.05810411417888053,0.09978130538878202,0.05831424523013309,0.09982664188271664,0.05794435700977757,0.09974028665617451,0.05839844157601167,0.10066860534150253
IMG_0063,1,IMG_0063_r1_archive.csv,0,000001010000010000001011,5,4,11,0.5282967210869851,0.3036891960274112,0.0,0.0261437908496732,0.024855193079492143,0.05058041506639637,0.10082620362994195,0.024861669721482803,0.050420657897293414,0.09995185696120275,0.025381959961399213,0.050148638933685666,0.10037283869059571,0.024600445161192825,0.04959596548381595,0.09998424017115606,0.058753937258610146,0.10082620362994195,0.05841139485999299,0.09995185696120275,0.05863447919522686,0.10037283869059571,0.05806021693872162,0.09998424017115606
IMG_0063,1,IMG_0063_r1_archive.csv,1,000001100000000000001100,6,2,12,0.5396855531465153,0.3034734143292794,0.0,0.0261437908496732,0.024850875318165037,0.050722901190190905,0.10095573646975517,0.02474724904631447,0.050120573485059466,0.09996049248385697,0.025267539286230874,0.050029900497190215,0.10023251144746473,0.024671688223090092,0.04982264795348907,0.10017638055021233,0.058843170992703704,0.10095573646975517,0.05827610500507696,0.09996049248385697,0.05850998374362861,0.10023251144746473,0.05822357224226383,0.10017638055021233
IMG_0063,1,IMG_0063_r1_archive.csv,2,000000010000010000000010,2,4,2,0.5670201063744165,0.303777418546593,0.0,0.0104575163398692,0.02494154830603429,0.05063654596364877,0.10127740968862464,0.024859510840819252,0.050079554752451946,0.1003404554806424,0.025315034660829055,0.05005796594581641,0.1004937360077547,0.024479547844033826,0.04952904018324579,0.10005980099438043,0.058951834652769236,0.10127740968862464,0.058426507024637864,0.1003404554806424,0.05862224553813339,0.1004937360077547,0.05802279634055335,0.10005980099438043
IMG_0063,1,IMG_0063_r1_archive.csv,3,000001100000000000001110,6,2,14,0.5451302586461961,0.3033120599471692,0.0,0.0287581699346405,0.024840080914847268,0.050722901190190905,0.10088233452719433,0.024807697704893966,0.0501702277403212,0.09996696912584763,0.025302081376847734,0.050094666917096825,0.10034909100329661,0.02464146389380034,0.04985503116344238,0.10020012823751141,0.058815105544077505,0.10088233452719433,0.05831496485702093,0.09996696912584763,0.05858194643241373,0.10034909100329661,0.05823220776491805,0.10020012823751141
IMG_0063,1,IMG_0063_r1_archive.csv,4,000000110000010000001100,3,4,12,0.5388915337708576,0.303518085917786,0.0,0.0248366013071895,0.02493938942537073,0.050725060070854464,0.10097516639572714,0.024837922034183717,0.05029760169947086,0.10005764211371687,0.025446726381305823,0.05017886326297541,0.10032534331599752,0.024686800387734967,0.049731974965619825,0.10023251144746473,0.05887987196398411,0.10097516639572714,0.058397721949123814,0.10005764211371687,0.05865031098675958,0.10032534331599752,0.05821709560027318,0.10023251144746473
IMG_0063,2,IMG_0063_r2_archive.csv,0,000001100001111000000101,6,30,5,0.5446872224692402,0.3034578034782644,0.0,0.05359477124183,0.024835763153520166,0.050386115806676554,0.10043112846851165,0.02488325852811834,0.04995218079330229,0.10008354868167953,0.02493507166404363,0.0495938066031524,0.10088233452719433,0.024751566807641574,0.04981185355017131,0.10041817518453032,0.058551002476236125,0.10043112846851165,0.05830632933436672,0.10008354868167953,0.05847040426479679,0.10088233452719433,0.05832719851411441,0.10041817518453032
IMG_0063,2,IMG_0063_r2_archive.csv,1,000001100000110000100100,6,12,36,0.5551699257501842,0.3032600567362437,0.0,0.0705882352941176,0.024855193079492143,0.050368844761368124,0.1000705953976982,0.024859510840819252,0.04998240512259204,0.09999719345513738,0.025017109129258662,0.04992411534467609,0.10068803526747452,0.0248573519601557,0.04987661997007791,0.10038579197457702,0.05843154441285283,0.1000705953976982,0.05827970313951623,0.09999719345513738,0.05854308658046976,0.10068803526747452,0.05837325463493687,0.10038579197457702
IMG_0063,2,IMG_0063_r2_archive.csv,2,001000000000110100100100,32,13,36,0.5922320481339118,0.3031238503169025,0.0,0.1058823529411764,0.02481633322754818,0.05029976058013441,0.10025841801542737,0.024814174346884627,0.0502306763989007,0.10039226861656768,0.025036539055230643,0.04999751728723691,0.10106152162226928,0.024859510840819252,0.04988525549273213,0.10057145571164262,0.05845817060770333,0.10025841801542737,0.058479039787451004,0.10039226861656768,0.05869852598824562,0.10106152162226928,0.058438740681731334,0.10057145571164262
IMG_0063,2,IMG_0063_r2_archive.csv,3,000101000001110001011111,20,28,95,0.618557811458026,0.3030201341792451,0.0,0.1869281045751634,0.02469543591038918,0.05026521848951755,0.10021308152149273,0.024751566807641574,0.05013352676904079,0.1000382121877449,0.025060286742529733,0.04983991899879751,0.10102913841231598,0.02475588456896868,0.04976651705623668,0.10039010973590412,0.058391245307133154,0.10021308152149273,0.058307768588142427,0.1000382121877449,0.05864311471788108,0.10102913841231598,0.058304170453703154,0.10039010973590412
IMG_0063,2,IMG_0063_r2_archive.csv,4,000000100000110100001000,2,13,8,0.5707395868393615,0.3035205436830543,0.0,0.0300653594771241,0.02494802494802495,0.05034941483539614,0.10022819368613761,0.02490052957342677,0.050075236991124844,0.09993026815456722,0.024913482857408093,0.04978810586287222,0.10063838101221279,0.02474940792697802,0.049678002949030985,0.10054986690500708,0.058508544489852904,0.10022819368613761,0.05830201157303961,0.09993026815456722,0.0584466565774977,0.10063838101221279,0.05832575926033869,0.10054986690500708
IMG_0063,2,IMG_0063_r2_archive.csv,5,000111100001000100001100,30,17,12,0.5780294664766849,0.3031541635792028,0.0,0.0771241830065359,0.024885417408781897,0.05039259244866722,0.10029296010604422,0.024917800618735195,0.04983776011813395,0.10022819368613761,0.02503438017456709,0.049682320710358094,0.1009168766178112,0.024807697704893966,0.049755722652918916,0.1006750819834932,0.058523656654497776,0.10029296010604422,0.05832791814100225,0.10022819368613761,0.058544525834245464,0.1009168766178112,0.05841283411376869,0.1006750819834932
IMG_0063,2,IMG_0063_r2_archive.csv,6,000110100001000000101100,26,16,44,0.5988738825932285,0.3030857408086841,0.0,0.1124183006535947,0.02476667897228645,0.050418499016629856,0.1004894182464276,0.024833604272856608,0.05006876034913418,0.10029296010604422,0.02499767920328668,0.0499284331060032,0.10095357758909161,0.024827127630865947,0.04982048907282552,0.1005023715304089,0.058558198745114635,0.1004894182464276,0.05839844157601167,0.10029296010604422,0.0586265632994605,0.10095357758909161,0.05838332941136679,0.1005023715304089
IMG_0063,2,IMG_0063_r2_archive.csv,7,000001010000011101000111,5,7,71,0.5516528466970964,0.3032867278139891,0.0,0.1084967320261438,0.02479258554024909,0.05034077931274193,0.10026705353808157,0.024762361210959344,0.050103302439751043,0.09992810927390368,0.02484655755683793,0.04958517108049818,0.10066644646083898,0.024829286511529505,0.049751404891591806,0.10047862384310982,0.05846680613035753,0.10026705353808157,0.058264590974871355,0.09992810927390368,0.05836605836605837,0.10066644646083898,0.05835310508207705,0.10047862384310982
IMG_0063,2,IMG_0063_r2_archive.csv,8,000001010000011000010001,5,6,17,0.5323942850526084,0.303573676311697,0.0,0.0366013071895424,0.024878940766791233,0.0504444055845925,0.10041817518453032,0.024878940766791233,0.04991979758334898,0.10013104405627771,0.02495666047067916,0.0495333579445729,0.10036636204860504,0.02475588456896868,0.04962834869376925,0.10040738078121256,0.05858050717863802,0.10041817518453032,0.05830992746880598,0.10013104405627771,0.05828546015461903,0.10036636204860504,0.0582638713479835,0.10040738078121256
IMG_0063,2,IMG_0063_r2_archive.csv,9,000001000000011101100101,4,7,101,0.5717041154564465,0.3032133686349854,0.0,0.1464052287581699,0.024801221062903306,0.05039259244866722,0.10010945524964217,0.02469543591038918,0.050070919229797735,0.09995185696120275,0.024913482857408093,0.04996729295794716,0.10075280168738113,0.024835763153520166,0.04985503116344238,0.10059520339894172,0.05843442292040424,0.10010945524964217,0.05823940403379655,0.09995185696120275,0.058544525834245464,0.10075280168738113,0.058428665905301415,0.10059520339894172
IMG_0063,2,IMG_0063_r2_archive.csv,10,100001110000111101001111,135,15,79,0.6199248654913802,0.3029953071175588,0.0,0.2993464052287581,0.024727819120342484,0.050321349386769944,0.10038579197457702,0.02477963225626777,0.05022851751823715,0.10022171704414695,0.02493507166404363,0.05000615280989113,0.1010377739349702,0.024982567038641806,0.04998456400325559,0.10078302601667087,0.058478320160563146,0.10038579197457702,0.05840995560621729,0.10022171704414695,0.05865966613630166,0.1010377739349702,0.058583385686189426,0.10078302601667087
IMG_0063,2,IMG_0063_r2_archive.csv,11,000001000000011001001010,4,6,74,0.5670915441588835,0.3032445773221813,0.0,0.1098039215686274,0.02477963225626777,0.050465994391228036,0.10017422166954877,0.024762361210959344,0.04995649855462939,0.09997992240982895,0.025038697935894198,0.04987877885074146,0.10062974548955858,0.024872464124800573,0.04984423676012461,0.10044408175249296,0.058473282772348194,0.10017422166954877,0.05823292739180589,0.09997992240982895,0.058515740758731415,0.10062974548955858,0.058386927545806044,0.10044408175249296
IMG_0063,2,IMG_0063_r2_archive.csv,12,000001000000111101100011,4,15,99,0.592136701804371,0.303080277473285,0.0,0.1542483660130719,0.024762361210959344,0.05043361118127473,0.10017853943087589,0.024758043449632235,0.050073078110461286,0.09984607180868864,0.0249501838286885,0.05006228370714352,0.1009211943791383,0.024855193079492143,0.04987661997007791,0.10054123138235288,0.05845817060770333,0.10017853943087589,0.05822573112292739,0.09984607180868864,0.05864455397165677,0.1009211943791383,0.05842434814397431,0.10054123138235288
IMG_0063,2,IMG_0063_r2_archive.csv,13,000010000001110100000011,8,29,3,0.5300030241676696,0.3035567837761426,0.0,0.0522875816993464,0.024840080914847268,0.05044872334591961,0.10040306301988546,0.024855193079492143,0.050029900497190215,0.10020012823751141,0.024969613754660485,0.049375759656133486,0.10110685811620392,0.024721342478351824,0.049814012430834866,0.10058872675695105,0.058563955760217445,0.10040306301988546,0.05836174060473126,0.10020012823751141,0.05848407717566597,0.10110685811620392,0.05837469388871258,0.10058872675695105
IMG_0063,2,IMG_0063_r2_archive.csv,14,000001010000111101000111,5,15,71,0.5723519235808902,0.303114657477823,0.0,0.118954248366013,0.024801221062903306,0.050414181255302754,0.10034909100329661,0.024859510840819252,0.050083872513779056,0.09983959516669796,0.024889735170109,0.04966073190372256,0.10080677370396997,0.024859510840819252,0.049792423624199326,0.10044839951382006,0.058521497773834225,0.10034909100329661,0.05826099284043209,0.09983959516669796,0.058452413592600505,0.10080677370396997,0.05836677799294621,0.10044839951382006
IMG_0063,2,IMG_0063_r2_archive.csv,15,010010010000110100000011,73,13,3,0.5476141228123033,0.3032184218644851,0.0,0.1163398692810457,0.024885417408781897,0.050427134539284074,0.10059088563761462,0.024896211812099663,0.05025226520553623,0.1005174836950538,0.02499767920328668,0.049751404891591806,0.10108526930956838,0.024861669721482803,0.04988525549273213,0.10088233452719433,0.05863447919522686,0.10059088563761462,0.058555320237563234,0.1005174836950538,0.05861145113481562,0.10108526930956838,0.05854308658046975,0.10088233452719433
IMG_0063,2,IMG_0063_r2_archive.csv,16,000011000000000000000101,12,2,5,0.5475990783772479,0.3035778949869453,0.0,0.0248366013071895,0.024982567038641806,0.05044872334591961,0.10062758660889502,0.024926436141389414,0.04990900318003122,0.10035988540661438,0.02492427726072586,0.04963050757443281,0.10090176445316633,0.024807697704893966,0.049783788101545115,0.10037931533258636,0.058686292331152155,0.10062758660889502,0.05839844157601167,0.10035988540661438,0.058485516429441664,0.10090176445316633,0.05832360037967515,0.10037931533258636
IMG_0063,2,IMG_0063_r2_archive.csv,17,000000000001110100000011,2,29,3,0.5545828456688766,0.3034690102039666,0.0,0.0444444444444444,0.024859510840819252,0.05048758319786357,0.10044192287182942,0.024831445392193056,0.05014432117235856,0.10010081972698795,0.024971772635324036,0.04948802145063827,0.10098811967970847,0.024824968750202396,0.049796741385526436,0.10065133429619412,0.05859633897017075,0.10044192287182942,0.05835886209717985,0.10010081972698795,0.058482637921890256,0.10098811967970847,0.05842434814397431,0.10065133429619412
IMG_0063,2,IMG_0063_r2_archive.csv,18,000011000000101100001000,12,11,8,0.5548326577933451,0.3033947116235426,0.0,0.0405228758169934,0.025008473606604447,0.050379639164685894,0.10021739928281985,0.025030062413239986,0.04987877885074146,0.10021739928281985,0.02493723054470718,0.04958517108049818,0.10072257735809137,0.024673847103753647,0.049654255261731894,0.10043544622983876,0.058535170684703396,0.10021739928281985,0.05837541351560044,0.10021739928281985,0.05841499299443224,0.10072257735809137,0.05825451619844143,0.10043544622983876
IMG_0065,1,IMG_0065_r1_archive.csv,0,011011110110010101000110,111,101,70,0.4106110478648718,0.3514913964400397,0.0,0.3686274509803922,0.024758043449632235,0.04996729295794716,0.10022819368613761,0.024527043218632003,0.050483265436536466,0.10039442749723122,0.0252804925702122,0.050386115806676554,0.0998568662120064,0.02477963225626777,0.04995002191263874,0.10054986690500708,0.05831784336457233,0.10022819368613761,0.058468245384133234,0.10039442749723122,0.058507824862965054,0.0998568662120064,0.058426507024637864,0.10054986690500708
IMG_0065,1,IMG_0065_r1_archive.csv,1,001111110010000000011000,63,32,24,0.412344612105308,0.3514690567006557,0.0,0.1555555555555555,0.02479258554024909,0.05000399392922757,0.10019796935684785,0.02455079090593109,0.05050053648184489,0.10029080122538067,0.025267539286230874,0.05025226520553623,0.09970142680423054,0.024818492108211736,0.04995865743529295,0.10048078272377338,0.05833151627544151,0.10019796935684785,0.05844737620438555,0.10029080122538067,0.05840707709866588,0.09970142680423054,0.05841931075575935,0.10048078272377338
IMG_0065,1,IMG_0065_r1_archive.csv,2,000111001110110010001010,28,236,138,0.4133052716695959,0.3512057956445574,0.0,0.5254901960784314,0.024801221062903306,0.05006012482647997,0.10016558614689455,0.024535678741286218,0.0504444055845925,0.10017422166954877,0.025297763615520625,0.050345097074069034,0.0996193893390155,0.02474293128498736,0.04995649855462939,0.10070530631278295,0.05834231067875928,0.10016558614689455,0.05838476866514249,0.10017422166954877,0.058420750009535054,0.0996193893390155,0.058468245384133234,0.10070530631278295
IMG_0065,1,IMG_0065_r1_archive.csv,3,000001000011000100000001,4,49,2,0.4351294047636576,0.3511479956898731,0.0,0.0718954248366013,0.024660893819772323,0.0499608163159565,0.10011377301096927,0.02454431426394043,0.05061495715701324,0.10048294160443694,0.025220043911632697,0.05019613430828384,0.09971653896887542,0.024734295762333144,0.04988957325405923,0.10039010973590412,0.05824516104889937,0.10011377301096927,0.058547404341796866,0.10048294160443694,0.05837757239626398,0.09971653896887542,0.05833799291743216,0.10039010973590412
IMG_0065,1,IMG_0065_r1_archive.csv,4,010000000100001000110100,64,66,52,0.411134606057479,0.3515359384748359,0.0,0.2379084967320261,0.024740772404323808,0.04997161071927427,0.10020012823751141,0.024524884337968452,0.05052644304980754,0.10026921241874513,0.025243791598931784,0.0502673773701811,0.09971222120754832,0.02480337994356686,0.04998456400325559,0.10047862384310982,0.05830417045370317,0.10020012823751141,0.05844017993550704,0.10026921241874513,0.05840779672555374,0.09971222120754832,0.058422189263310755,0.10047862384310982
IMG_0065,1,IMG_0065_r1_archive.csv,5,001000100010010100001000,34,37,8,0.4153501295693191,0.3513828438480486,0.0,0.1032679738562091,0.02468895926839852,0.0498960498960499,0.10012672629495059,0.024527043218632003,0.05045519998791027,0.10034909100329661,0.025306399138174836,0.05016375109833054,0.0995222397091556,0.02479042665958554,0.049986722883919144,0.10054770802434354,0.058237245153133,0.10012672629495059,0.058443778069946294,0.10034909100329661,0.05833079664855365,0.0995222397091556,0.058441619189282736,0.10054770802434354
IMG_0065,1,IMG_0065_r1_archive.csv,6,001111000000111000100111,60,14,39,0.4133244476096075,0.3513141350085142,0.0,0.1477124183006536,0.02480985658555752,0.050012629451881785,0.10013104405627771,0.024503295531332916,0.05052860193047109,0.10039226861656768,0.025261062644240214,0.050399069090657875,0.09963234262299683,0.024835763153520166,0.04988957325405923,0.10042249294585742,0.05831784336457233,0.10013104405627771,0.058474722026123895,0.10039226861656768,0.05843082478596497,0.09963234262299683,0.058382609784478935,0.10042249294585742
IMG_0065,1,IMG_0065_r1_archive.csv,7,000111010010001000111110,29,34,62,0.4127422525249385,0.3512590028309716,0.0,0.1633986928104575,0.02476667897228645,0.049986722883919144,0.10016990390822166,0.024552949786594648,0.05049621872051779,0.10017853943087589,0.025310716899501946,0.0503235082674335,0.09969063240091278,0.024842239795510822,0.05003205937785377,0.10053259585969866,0.05830776858814241,0.10016990390822166,0.058409235979329434,0.10017853943087589,0.058441619189282736,0.09969063240091278,0.058468965011021085,0.10053259585969866
IMG_0065,1,IMG_0065_r1_archive.csv,8,010111000010101000110100,92,42,52,0.4112686090501956,0.35135349956187,0.0,0.2431372549019607,0.02470623031370695,0.04995649855462939,0.10023251144746473,0.024563744189912414,0.05048542431720002,0.10031023115135264,0.025308558018838394,0.05030191946079796,0.09978346426944558,0.02479042665958554,0.04995433967396584,0.10051100705306314,0.05829841343860035,0.10023251144746473,0.05845313321948836,0.10031023115135264,0.058464647249693975,0.09978346426944558,0.05841859112887151,0.10051100705306314
IMG_0065,1,IMG_0065_r1_archive.csv,9,011110000011111000110001,120,62,49,0.4109876582469798,0.3515410893246266,0.0,0.3019607843137254,0.02474940792697802,0.04995002191263874,0.1002195581634834,0.024572379712566626,0.05049190095919068,0.10029080122538067,0.025232997195614018,0.05031271386411573,0.0998331185247073,0.02480553882423041,0.04995433967396584,0.10054123138235288,0.05830632933436672,0.1002195581634834,0.058451693965712655,0.10029080122538067,0.05845960986147902,0.0998331185247073,0.05843370329351638,0.10054123138235288
IMG_0065,1,IMG_0065_r1_archive.csv,10,010000010011100000010001,65,56,17,0.412436749745549,0.3514669271831677,0.0,0.1803921568627451,0.024783950017594876,0.049986722883919144,0.10031454891267975,0.024568061951239523,0.050504854243172005,0.10032966107732463,0.02526322152490377,0.05038179804534945,0.09969063240091278,0.024814174346884627,0.04996513407728361,0.1005585024276613,0.05836174060473126,0.10031454891267975,0.05846752575724539,0.10032966107732463,0.058445217323721994,0.09969063240091278,0.058445936950609845,0.1005585024276613
IMG_0065,1,IMG_0065_r1_archive.csv,11,010000000100000000101011,64,64,43,0.411326568646363,0.3515571782483612,0.0,0.2235294117647059,0.02474509016565091,0.04995433967396584,0.10022819368613761,0.024505454411996468,0.050494059839854236,0.10031670779334331,0.025252427121586003,0.05025010632487268,0.09971438008821186,0.024770996733613555,0.04991116206069477,0.10051316593372668,0.05830920784191812,0.10022819368613761,0.058438740681731334,0.10031670779334331,0.05840563784489019,0.09971438008821186,0.05839844157601167,0.10051316593372668
IMG_0065,1,IMG_0065_r1_archive.csv,12,011011111110110001100110,111,236,102,0.4119481230886981,0.3512951034596914,0.0,0.5869281045751633,0.024814174346884627,0.050066601468470626,0.10024546473144604,0.02454215538327688,0.05048758319786357,0.10035772652595082,0.025267539286230874,0.05036668588070457,0.09978346426944558,0.024701912552379843,0.04988525549273213,0.10060815668292304,0.05837541351560043,0.10024546473144604,0.058462488369030424,0.10035772652595082,0.05847256314546034,0.09978346426944558,0.05839844157601167,0.10060815668292304
IMG_0065,1,IMG_0065_r1_archive.csv,13,000010000000000000000000,8,2,2,0.4463629582731869,0.3516902278705313,0.0,0.0156862745098039,0.024807697704893966,0.050090349155769716,0.1002562591347638,0.02444068799208986,0.05064518148630298,0.10030159562869843,0.0250710811458475,0.05015727445633988,0.09947474433455741,0.024775314494940665,0.049755722652918916,0.10037931533258636,0.05838476866514249,0.1002562591347638,0.058462488369030424,0.10030159562869843,0.0582343666455816,0.09947474433455741,0.05830345082681532,0.10037931533258636
IMG_0065,1,IMG_0065_r1_archive.csv,14,011011001110111100101101,108,239,45,0.4110197705385753,0.351396559440756,0.0,0.5124183006535947,0.024762361210959344,0.05000615280989113,0.10021524040215629,0.024518407695977792,0.05046815327189159,0.10032534331599752,0.025230838314950467,0.050345097074069034,0.09981368859873532,0.024762361210959344,0.0499327508673303,0.10061679220557725,0.05832791814100225,0.10021524040215629,0.05843730142795563,0.10032534331599752,0.058463207995918275,0.09981368859873532,0.05843730142795563,0.10061679220557725
IMG_0065,1,IMG_0065_r1_archive.csv,15,010110010101011000111010,89,86,58,0.4108275116327375,0.3513991163278118,0.0,0.3045751633986928,0.024794744420912646,0.05003637713918088,0.10032102555467041,0.024570220831903074,0.050504854243172005,0.1003965863778948,0.02526969816689443,0.05033646155141482,0.09983095964404376,0.024831445392193056,0.04998456400325559,0.10046351167846496,0.05838404903825465,0.10032102555467041,0.05849055381765663,0.1003965863778948,0.058479039787451004,0.09983095964404376,0.058426507024637864,0.10046351167846496
IMG_0065,1,IMG_0065_r1_archive.csv,17,001001100010000001111001,38,32,121,0.4131948131754101,0.3512398520678618,0.0,0.2496732026143791,0.024814174346884627,0.050079554752451946,0.10027784794139934,0.02454215538327688,0.05050053648184489,0.10029080122538067,0.02529560473485707,0.05033862043207838,0.09966688471361368,0.024781791136931325,0.04988741437339568,0.10050884817239958,0.0583905256802453,0.10027784794139934,0.05844449769683415,0.10029080122538067,0.05843370329351638,0.09966688471361368,0.05839268456090887,0.10050884817239958
IMG_0065,1,IMG_0065_r1_archive.csv,18,010000000011000000011000,64,48,24,0.4119785844715509,0.3515703711683941,0.0,0.1777777777777777,0.024775314494940665,0.050012629451881785,0.10023898808945537,0.024501136650669362,0.05052860193047109,0.10027784794139934,0.025254586002249554,0.05028464841548954,0.09970790344622121,0.024812015466221072,0.050023423855199554,0.10053691362102578,0.05834231067875928,0.10023898808945537,0.05843586217417993,0.10027784794139934,0.058415712621320094,0.09970790344622121,0.05845745098081547,0.10053691362102578
IMG_0065,1,IMG_0065_r1_archive.csv,19,000110010001100000010000,25,24,16,0.4146086683550707,0.3514015528545349,0.0,0.0849673202614379,0.024708389194370503,0.05001478833254534,0.10020228711817496,0.02455079090593109,0.050517807527153326,0.10031454891267975,0.025362530035427232,0.05033646155141482,0.09967983799759501,0.024777473375604216,0.04996513407728361,0.10060383892159593,0.05830848821503026,0.10020228711817496,0.05846104911525472,0.10031454891267975,0.05845960986147902,0.09967983799759501,0.05844881545816125,0.10060383892159593
IMG_0065,1,IMG_0065_r1_archive.csv,20,001011100001101100001101,46,27,13,0.4138676135183589,0.3514357499347806,0.0,0.1124183006535947,0.024712706955697612,0.04990684429936766,0.10006411875570755,0.024524884337968452,0.050409863493975644,0.10020444599883853,0.02527833368954864,0.05034077931274193,0.09965393142963237,0.024773155614277106,0.04992195646401254,0.1004851004851005,0.058227890003590944,0.10006411875570755,0.05837973127692755,0.10020444599883853,0.05842434814397431,0.09965393142963237,0.05839340418779671,0.1004851004851005
IMG_0065,1,IMG_0065_r1_archive.csv,21,000011011110110011110011,13,236,243,0.4157952230325545,0.3511807698859755,0.0,0.6431372549019608,0.02468895926839852,0.04995649855462939,0.10009434308499729,0.024516248815314234,0.05064086372497587,0.10019365159552075,0.025375483319408552,0.050440087823265395,0.09964529590697814,0.024682482626407858,0.04994354527064807,0.10071825959676427,0.05824660030267507,0.10009434308499729,0.058450254711936954,0.10019365159552075,0.05848695568321736,0.09964529590697814,0.058448095831273396,0.10071825959676427
IMG_0065,1,IMG_0065_r1_archive.csv,22,001100110011000000010011,51,48,19,0.4127691327057494,0.3514706202214277,0.0,0.1542483660130719,0.024773155614277106,0.050023423855199554,0.1002195581634834,0.02454215538327688,0.05055234961777018,0.10034261436130595,0.0253128757801655,0.050377480284022336,0.09978994091143624,0.024781791136931325,0.04994138638998452,0.10055202578567064,0.058338712544320014,0.1002195581634834,0.058479039787451004,0.10034261436130595,0.05849343232520802,0.09978994091143624,0.05842506777086217,0.10055202578567064
IMG_0065,1,IMG_0065_r1_archive.csv,23,000001010000100000001010,5,8,10,0.4252818865049244,0.3513638254714126,0.0,0.0300653594771241,0.024829286511529505,0.05010114355908748,0.10010297860765151,0.024527043218632003,0.050334302670751264,0.1002238759248105,0.02532582906414682,0.05031919050610639,0.09954382851579113,0.024678164865080753,0.049731974965619825,0.1003123900320162,0.05834446955942283,0.10010297860765151,0.05836174060473126,0.1002238759248105,0.05839628269534811,0.09954382851579113,0.05824084328757226,0.1003123900320162
IMG_0065,1,IMG_0065_r1_archive.csv,24,000100110010000000110011,19,32,51,0.4135927668443918,0.3512457522058685,0.0,0.1333333333333333,0.024829286511529505,0.04999319952590981,0.10019796935684785,0.0245551086672582,0.050483265436536466,0.10024546473144604,0.025248109360258893,0.05028248953482599,0.09972301561086608,0.02480985658555752,0.04992627422533965,0.1004980537690818,0.05834015179809573,0.10019796935684785,0.05842794627841356,0.10024546473144604,0.05841787150198365,0.09972301561086608,0.05841139485999299,0.1004980537690818
IMG_0065,1,IMG_0065_r1_archive.csv,25,001011010101100001111000,45,88,120,0.4124254981675025,0.3512910900105281,0.0,0.330718954248366,0.02480985658555752,0.0500493304231622,0.10028432458339,0.024527043218632003,0.05051996640781688,0.1002519413734367,0.025308558018838394,0.050396910209994324,0.09975323994015582,0.024710548075034054,0.0499284331060032,0.10052396033704444,0.05838117053070324,0.10028432458339,0.058432983666628524,0.1002519413734367,0.058486236056329514,0.09975323994015582,0.0583876471726939,0.10052396033704444
IMG_0065,1,IMG_0065_r1_archive.csv,26,000110010001001110000011,25,19,131,0.415312810565535,0.3511813199499103,0.0,0.2287581699346405,0.024812015466221072,0.050070919229797735,0.10020444599883853,0.02455942642858531,0.050440087823265395,0.10033829659997884,0.025304240257511285,0.050368844761368124,0.09968847352024922,0.024710548075034054,0.04988093773140503,0.10048725936576404,0.05836246023161912,0.10020444599883853,0.058445936950609845,0.10033829659997884,0.05845385284637621,0.09968847352024922,0.05835958172406771,0.10048725936576404
IMG_0065,1,IMG_0065_r1_archive.csv,27,000011100000101000000001,14,10,2,0.4300997038571012,0.3513143477628111,0.0,0.0339869281045751,0.024650099416454557,0.04993490974799386,0.10007275427836176,0.024492501128015147,0.05074017223549934,0.100405221900549,0.025172548537034517,0.05028464841548954,0.09962802486166973,0.024680323745744307,0.04988525549273213,0.1004699883204556,0.05821925448093673,0.10007275427836176,0.05854596508802116,0.100405221900549,0.05836174060473126,0.09962802486166973,0.05834518918631068,0.1004699883204556
IMG_0065,1,IMG_0065_r1_archive.csv,28,001101100001001110001101,54,19,141,0.4140124193805919,0.3512057571537297,0.0,0.2797385620915033,0.02476020233029579,0.04996513407728361,0.10015047398224969,0.024572379712566626,0.050463835510564485,0.10029511898670777,0.02528912809286641,0.05033862043207838,0.09977051098546426,0.024764520091622895,0.04993922750932097,0.10058872675695105,0.05829193679660969,0.10015047398224969,0.058443778069946294,0.10029511898670777,0.05846608650346968,0.09977051098546426,0.05843082478596497,0.10058872675695105
IMG_0065,1,IMG_0065_r1_archive.csv,29,001001100000101100100111,38,11,39,0.4145740162038709,0.3512921458468835,0.0,0.115032679738562,0.024827127630865947,0.050042853781171535,0.10020876376016563,0.024511931053987128,0.05058257394705993,0.10032750219666108,0.02524595047959534,0.050377480284022336,0.09969495016223988,0.024842239795510822,0.04991979758334898,0.1004613527978014,0.05835958172406771,0.10020876376016563,0.05847400239923604,0.10032750219666108,0.058439460308619184,0.09969495016223988,0.05840779672555374,0.1004613527978014
IMG_0065,1,IMG_0065_r1_archive.csv,30,001011110100000000110010,47,64,50,0.4115795047981446,0.351505567896474,0.0,0.2104575163398692,0.024691118149062077,0.04988525549273213,0.10016126838556745,0.024570220831903074,0.050461676629900934,0.10023898808945537,0.02528696921220286,0.05031703162544284,0.09975755770148292,0.024801221062903306,0.049986722883919144,0.10048725936576404,0.05824588067578721,0.10016126838556745,0.05842362851708646,0.10023898808945537,0.05845385284637621,0.09975755770148292,0.05842506777086217,0.10048725936576404
IMG_0065,1,IMG_0065_r1_archive.csv,31,000001100001001100001101,6,19,13,0.4205697442446787,0.3514183881428447,0.0,0.049673202614379,0.024714865836361163,0.04986582556676015,0.09992595039324012,0.02454215538327688,0.0502673773701811,0.10015910950490389,0.02514880084973543,0.05018318102430252,0.09955678179977245,0.024807697704893966,0.04996297519662006,0.1004937360077547,0.058168880598787144,0.09992595039324012,0.05832288075278729,0.10015910950490389,0.0582962545579368,0.09955678179977245,0.05842146963642291,0.1004937360077547
IMG_0065,1,IMG_0065_r1_archive.csv,32,001001000001101100101000,36,27,40,0.4127893584543974,0.351381691833313,0.0,0.134640522875817,0.02474293128498736,0.04996513407728361,0.10014615622092257,0.024533519860622664,0.05050269536250844,0.10020876376016563,0.025304240257511285,0.050377480284022336,0.09970790344622121,0.024727819120342484,0.04984639564078816,0.10050453041107246,0.05828474052773117,0.10014615622092257,0.05841499299443224,0.10020876376016563,0.058463207995918275,0.09970790344622121,0.05835958172406771,0.10050453041107246
IMG_0065,1,IMG_0065_r1_archive.csv,33,000100110000101100001111,19,11,15,0.4168932128056404,0.3511966059768829,0.0,0.0588235294117647,0.024807697704893966,0.049999676167900464,0.10010513748831505,0.024514089934650683,0.050465994391228036,0.10030375450936198,0.025254586002249554,0.05034941483539614,0.09971869784953898,0.024850875318165037,0.04993922750932097,0.10053691362102578,0.058304170453703154,0.10010513748831505,0.05842794627841356,0.10030375450936198,0.05844089956239489,0.09971869784953898,0.05844233881617059,0.10053691362102578
IMG_0065,1,IMG_0065_r1_archive.csv,34,001011100000101100110111,46,11,55,0.4142859622599621,0.3512169956827731,0.0,0.1464052287581699,0.024829286511529505,0.05001478833254534,0.10018933383419365,0.024557267547921754,0.0505609851404244,0.1002800068220629,0.025254586002249554,0.05033646155141482,0.09975755770148292,0.024861669721482803,0.04992627422533965,0.1004894182464276,0.05834446955942283,0.10018933383419365,0.05846608650346968,0.1002800068220629,0.0584495350850491,0.09975755770148292,0.05842578739775001,0.1004894182464276
IMG_0065,1,IMG_0065_r1_archive.csv,35,000100110010011010000010,19,38,130,0.4144908358018341,0.3512132202923748,0.0,0.2444444444444444,0.024801221062903306,0.04996297519662006,0.10016342726623101,0.024552949786594648,0.05049621872051779,0.10020444599883853,0.025297763615520625,0.05032998490942416,0.09978562315010912,0.02476667897228645,0.04996297519662006,0.1005304369790351,0.05830920784191812,0.10016342726623101,0.05841787150198365,0.10020444599883853,0.058471123891684636,0.09978562315010912,0.0584200303826472,0.1005304369790351
IMG_0065,1,IMG_0065_r1_archive.csv,36,010110000010111000110100,88,46,52,0.4112829761893565,0.3513517748387273,0.0,0.2431372549019607,0.02472350135901538,0.04995433967396584,0.10014615622092257,0.024546473144603988,0.05055019073710663,0.10029296010604422,0.02526538040556732,0.050347255954732585,0.09971653896887542,0.024807697704893966,0.04997376959993782,0.10050453041107246,0.05827466575130127,0.10014615622092257,0.058463207995918275,0.10029296010604422,0.05844305844305844,0.09971653896887542,0.058428665905301415,0.10050453041107246
IMG_0065,1,IMG_0065_r1_archive.csv,37,011011000110001100110110,108,99,54,0.4107729639146384,0.3514865126533709,0.0,0.3411764705882353,0.02474940792697802,0.04997808736126493,0.1003123900320162,0.024574538593230184,0.050465994391228036,0.10040738078121256,0.02526322152490377,0.050388274687340105,0.0998655017346606,0.02478610889825843,0.04990900318003122,0.1004699883204556,0.05834662844008639,0.1003123900320162,0.058482637921890256,0.10040738078121256,0.058505665982301495,0.0998655017346606,0.05838836679958175,0.1004699883204556
IMG_0065,1,IMG_0065_r1_archive.csv,38,010111010001001101010110,93,19,86,0.4120353503337043,0.3513004810234904,0.0,0.2588235294117647,0.024764520091622895,0.04994354527064807,0.10015479174357679,0.024535678741286218,0.05053076081113464,0.10032966107732463,0.025235156076277573,0.05030839610278862,0.0998374362860344,0.02479042665958554,0.04991979758334898,0.10047646496244626,0.05828761903528259,0.10015479174357679,0.058465366876581826,0.10032966107732463,0.05846032948836686,0.0998374362860344,0.058395563068460256,0.10047646496244626
IMG_0065,1,IMG_0065_r1_archive.csv,39,011011011111000100110110,109,241,54,0.4109482988893136,0.351328213613563,0.0,0.5281045751633987,0.024773155614277106,0.04998456400325559,0.10023035256680117,0.024520566576641343,0.050481106555872915,0.10031886667400687,0.025204931746987822,0.05036668588070457,0.09974460441750162,0.024751566807641574,0.04990468541870411,0.10060599780225948,0.05832935739477796,0.10023035256680117,0.05844017993550704,0.10031886667400687,0.058438740681731334,0.09974460441750162,0.05842075000953506,0.10060599780225948
IMG_0065,1,IMG_0065_r1_archive.csv,40,011010100110001100110110,106,99,54,0.4107635579679042,0.3514996249535049,0.0,0.3385620915032679,0.02474724904631447,0.04996945183861072,0.10031886667400687,0.024572379712566626,0.05051133088516266,0.10039442749723122,0.025254586002249554,0.05037316252269523,0.09986766061532416,0.02479258554024909,0.04989820877671345,0.10043544622983876,0.05834518918631069,0.10031886667400687,0.05849271269832016,0.10039442749723122,0.058498469713422985,0.09986766061532416,0.05837541351560044,0.10043544622983876
IMG_0065,2,IMG_0065_r2_archive.csv,0,010011010000110101001111,77,13,79,0.4132465331831499,0.3513662447558442,0.0,0.2209150326797385,0.02493075390271652,0.050094666917096825,0.1005174836950538,0.025008473606604447,0.05023283527956425,0.10027137129940868,0.024868146363473467,0.04990900318003122,0.09987197837665128,0.024982567038641806,0.04991763870268543,0.10029511898670777,0.058514301504955714,0.1005174836950538,0.05850422672852579,0.10027137129940868,0.058216375973385324,0.09987197837665128,0.05839844157601167,0.10029511898670777
IMG_0065,2,IMG_0065_r2_archive.csv,2,000101010011110000000011,21,60,3,0.4217807069729587,0.3514901179195362,0.0,0.1098039215686274,0.025008473606604447,0.05021124647292871,0.10061247444425014,0.025053810100539073,0.05032782602876061,0.1004656705591285,0.024969613754660485,0.04993922750932097,0.09997344576783829,0.025051651219875522,0.04988309661206858,0.10039442749723122,0.05861073150792776,0.10061247444425014,0.05861576889614273,0.1004656705591285,0.05829409567727325,0.09997344576783829,0.058443058443058436,0.10039442749723122
IMG_0065,2,IMG_0065_r2_archive.csv,5,010101100011110000110110,86,60,54,0.411210784913207,0.3515319883800525,0.0,0.261437908496732,0.025001996964613787,0.05015079781434922,0.10061679220557725,0.024965295993333376,0.05015295669501277,0.10037283869059571,0.02498472591930536,0.04995002191263874,0.10004900659106267,0.025032221293903537,0.04987014332808726,0.10027784794139934,0.05858986232818009,0.10061679220557725,0.05849703045964729,0.10037283869059571,0.05832791814100225,0.10004900659106267,0.058393404187796705,0.10027784794139934
IMG_0065,2,IMG_0065_r2_archive.csv,6,111000000100111100101001,224,79,41,0.4117233116489334,0.3513241692832651,0.0,0.4496732026143791,0.024885417408781897,0.05001910609387245,0.1004656705591285,0.024932912783380074,0.05019181654695674,0.10008354868167953,0.024896211812099663,0.04987230220875081,0.10010729636897861,0.02496745487399693,0.0497751525788909,0.10008570756234307,0.058456731353927614,0.1004656705591285,0.058402759337338774,0.10008354868167953,0.05829193679660969,0.10010729636897861,0.05827610500507696,0.10008570756234307
IMG_0065,2,IMG_0065_r2_archive.csv,8,000000001100001110010001,2,195,145,0.4343203748177392,0.3510992647317638,0.0,0.4470588235294118,0.024820650988875287,0.04995433967396584,0.1002519413734367,0.024945866067361395,0.05032566714809706,0.10027353018007223,0.024812015466221072,0.04993490974799386,0.09991299710925879,0.02479042665958554,0.0498075357888442,0.10017206278888521,0.05834231067875928,0.1002519413734367,0.058515021131843564,0.10027353018007223,0.05821997410782457,0.09991299710925879,0.05825667507910498,0.10017206278888521
IMG_0065,2,IMG_0065_r2_archive.csv,10,000011010010111001100111,13,46,103,0.4153221657150771,0.35115477869339,0.0,0.2117647058823529,0.02495666047067916,0.050064442587807075,0.10048294160443694,0.02493075390271652,0.050172386620984756,0.1004332873491752,0.02493938942537073,0.04995218079330229,0.10012672629495059,0.02500415584527734,0.04981617131149842,0.10017422166954877,0.05850134822097439,0.10048294160443694,0.05851214262429216,0.1004332873491752,0.05833943217120787,0.10012672629495059,0.05833151627544151,0.10017422166954877
IMG_0065,2,IMG_0065_r2_archive.csv,11,110110010010111101111110,217,47,126,0.4130458588758236,0.3512951419504573,0.0,0.5098039215686274,0.024891894050772558,0.050012629451881785,0.10038795085524058,0.024865987482809913,0.05012273236572302,0.10012456741428705,0.024889735170109,0.04983776011813395,0.10001230561978226,0.02497393151598759,0.049783788101545115,0.10008138980101597,0.05843082478596497,0.10038795085524058,0.05837109575427333,0.10012456741428705,0.05824660030267507,0.10001230561978226,0.05827970313951623,0.10008138980101597
IMG_0065,2,IMG_0065_r2_archive.csv,12,001001000001110000001100,36,28,12,0.4141336214809034,0.3515634643680966,0.0,0.0993464052287581,0.02499120256129602,0.050131367888377236,0.10063622213154923,0.024982567038641806,0.05013568564970434,0.10039874525855835,0.02497393151598759,0.05003637713918088,0.1000705953976982,0.025053810100539073,0.04985934892476949,0.10023251144746473,0.05858626419374083,0.10063622213154923,0.0585056659823015,0.10039874525855835,0.05836030135095557,0.1000705953976982,0.0583818901575911,0.10023251144746473
IMG_0065,2,IMG_0065_r2_archive.csv,13,010010000010101001101001,72,42,105,0.4120566512895847,0.3513706777397338,0.0,0.2862745098039215,0.025008473606604447,0.05018965766629318,0.10060815668292304,0.024891894050772558,0.050114096843068806,0.1004527172751472,0.024993361441959572,0.04999751728723691,0.10001662338110937,0.025066763384520394,0.04990252653804055,0.10026705353808157,0.05860209598527355,0.10060815668292304,0.05848623605632952,0.1004527172751472,0.05833583403676862,0.10001662338110937,0.058412114486880835,0.10026705353808157
IMG_0065,2,IMG_0065_r2_archive.csv,14,010011010001110101101101,77,29,109,0.4128858646531576,0.3513907705488115,0.0,0.2810457516339869,0.024978249277314696,0.05013352676904079,0.10062758660889502,0.024919959499398753,0.05021124647292871,0.1004376051105023,0.024995520322623126,0.05003637713918088,0.1000662776363711,0.025030062413239986,0.04983776011813395,0.10016774502755811,0.05857978755175017,0.10062758660889502,0.05852293702760992,0.1004376051105023,0.05836605836605837,0.1000662776363711,0.05834518918631068,0.10016774502755811
IMG_0065,2,IMG_0065_r2_archive.csv,16,010010000011100101101001,72,57,105,0.4117459079332118,0.3513352847111672,0.0,0.3058823529411765,0.025012791367931556,0.050148638933685666,0.10054339026301644,0.024898370692763218,0.05010114355908748,0.10047646496244626,0.02499767920328668,0.05001478833254534,0.10006195987504399,0.02503438017456709,0.0498679844474237,0.10021524040215629,0.058568273521544555,0.10054339026301644,0.058491993071432324,0.10047646496244626,0.058358142470292,0.10006195987504399,0.05837253500804903,0.10021524040215629
IMG_0065,2,IMG_0065_r2_archive.csv,17,010010100100010000100010,74,68,34,0.4115953789206708,0.3514278433152073,0.0,0.2300653594771241,0.024976090396651145,0.050079554752451946,0.1005023715304089,0.025038697935894198,0.05020692871160161,0.10044408175249296,0.024971772635324036,0.05003637713918088,0.10012888517561415,0.024952342709352055,0.04976435817557313,0.10013320293694125,0.05851933889317066,0.1005023715304089,0.05856323613332959,0.10044408175249296,0.05837901165003969,0.10012888517561415,0.05828330127395548,0.10013320293694125
IMG_0065,2,IMG_0065_r2_archive.csv,18,000111000010100101111010,28,41,122,0.4138675881197629,0.3513382098890101,0.0,0.2496732026143791,0.0249501838286885,0.05018965766629318,0.1004980537690818,0.02498040815797825,0.050064442587807075,0.10047214720111916,0.024958819351342715,0.04983776011813395,0.09992595039324012,0.02499767920328668,0.04984207787946106,0.10014831510158613,0.05854596508802116,0.1004980537690818,0.058505665982301495,0.10047214720111916,0.058240843287572265,0.09992595039324012,0.05832935739477796,0.10014831510158613
IMG_0065,2,IMG_0065_r2_archive.csv,19,000000000000001100000011,2,3,3,0.4524776787364505,0.3513006239961294,0.0,0.0104575163398692,0.02487678188612768,0.050053648184489305,0.10036420316794148,0.02498688479996891,0.0505609851404244,0.1004937360077547,0.024691118149062077,0.050010470571218234,0.09994538031921209,0.02465873493910877,0.04985719004410593,0.10042033406519388,0.058431544412852816,0.10036420316794148,0.05868053531604933,0.1004937360077547,0.05821565634649747,0.09994538031921209,0.05831208634946953,0.10042033406519388
IMG_0065,2,IMG_0065_r2_archive.csv,20,000000000000010000001010,2,4,10,0.4428514245802348,0.3515601979363503,0.0,0.0209150326797385,0.024829286511529505,0.04994138638998452,0.10035772652595082,0.02498472591930536,0.05050053648184489,0.1003965863778948,0.024751566807641574,0.050040694900507984,0.10016990390822166,0.024762361210959344,0.04982048907282552,0.10028864234471711,0.058376133142488275,0.10035772652595082,0.058627282926348355,0.1003965863778948,0.05832072187212375,0.10016990390822166,0.058290497542834,0.10028864234471711
IMG_0065,2,IMG_0065_r2_archive.csv,22,001010000001000000011111,40,16,31,0.4137144853828228,0.3516620625833224,0.0,0.1137254901960784,0.024971772635324036,0.050142162291695,0.10056713795031552,0.024896211812099663,0.050107620201078146,0.10036636204860504,0.024965295993333376,0.0499608163159565,0.1000382121877449,0.02498688479996891,0.04982264795348907,0.10025410025410025,0.05856035762577819,0.10056713795031552,0.058456731353927614,0.10036636204860504,0.05832144149901159,0.1000382121877449,0.05835454433585274,0.10025410025410025
IMG_0065,2,IMG_0065_r2_archive.csv,23,001101000100000001001101,52,64,77,0.4112967845594046,0.3513919814544421,0.0,0.2522875816993464,0.02499767920328668,0.05018102214363897,0.10057577347296974,0.02495666047067916,0.0501982931889474,0.1003404554806424,0.02495450159001561,0.04991763870268543,0.10000798785845515,0.024969613754660485,0.04984855452145172,0.10027137129940868,0.05858482493996512,0.10057577347296974,0.058498469713422985,0.1003404554806424,0.05829337605038539,0.10000798785845515,0.058363179858506954,0.10027137129940868
IMG_0065,2,IMG_0065_r2_archive.csv,24,000100100010111101111011,18,47,123,0.4143695405733371,0.3513132965992116,0.0,0.2457516339869281,0.024945866067361395,0.05005796594581641,0.100405221900549,0.02488757628944545,0.05019613430828384,0.10033397883865174,0.024902688454090324,0.0498679844474237,0.10001878226177292,0.02500415584527734,0.04988957325405923,0.10016558614689455,0.058469684637908935,0.100405221900549,0.05847256314546034,0.10033397883865174,0.05826315172109565,0.10001878226177292,0.05835310508207705,0.10016558614689455
IMG_0065,2,IMG_0065_r2_archive.csv,25,110100000011100101111111,208,57,127,0.412977274200312,0.3512793259802669,0.0,0.5124183006535947,0.024896211812099663,0.050012629451881785,0.10037499757125926,0.024878940766791233,0.05015511557567632,0.10023898808945537,0.024932912783380074,0.04989389101538635,0.1000705953976982,0.024945866067361395,0.04978162922088156,0.10004037106840846,0.05842794627841357,0.10037499757125926,0.05842434814397431,0.10023898808945537,0.05829913306548821,0.1000705953976982,0.058255955452217144,0.10004037106840846
IMG_0065,2,IMG_0065_r2_archive.csv,26,000000010100000000000000,2,64,2,0.4459695086219033,0.3511454042906761,0.0,0.0888888888888888,0.02495450159001561,0.05026521848951755,0.10072689511941847,0.02514448308840832,0.050494059839854236,0.10043112846851165,0.024840080914847268,0.05010114355908748,0.09997992240982895,0.02478610889825843,0.04992627422533965,0.10023251144746473,0.05864887173298388,0.10072689511941847,0.0586898904655914,0.10043112846851165,0.05830704896125457,0.09997992240982895,0.058314964857020944,0.10023251144746473
IMG_0065,2,IMG_0065_r2_archive.csv,27,001110110011110000111011,59,60,59,0.411289774546897,0.3514371713447464,0.0,0.2326797385620915,0.02494802494802495,0.050077395871788395,0.10051100705306314,0.02494370718669784,0.0502306763989007,0.10033397883865174,0.024932912783380074,0.04991979758334898,0.0999820812904925,0.024999838083950232,0.04987014332808726,0.10026273577675447,0.05851214262429216,0.10051100705306314,0.058502787474750094,0.10033397883865174,0.05827826388574051,0.0999820812904925,0.05837757239626399,0.10026273577675447
IMG_0065,2,IMG_0065_r2_archive.csv,28,000001100100000100000001,6,65,2,0.4313466225311777,0.3513852626904791,0.0,0.0954248366013071,0.024976090396651145,0.05037316252269523,0.1007959793006522,0.02513800644641766,0.05021988199558293,0.10048294160443694,0.02499120256129602,0.050053648184489305,0.10011809077229637,0.02493075390271652,0.04988741437339568,0.10021524040215629,0.0587150774066662,0.1007959793006522,0.05861361001547918,0.10048294160443694,0.0583876471726939,0.10011809077229637,0.05834446955942283,0.10021524040215629
IMG_0065,2,IMG_0065_r2_archive.csv,29,000100100010101001101011,18,42,107,0.4139290781207801,0.35138793104562,0.0,0.2183006535947712,0.024945866067361395,0.050075236991124844,0.10051100705306314,0.024874623005464128,0.05023931192155491,0.10039010973590412,0.02494370718669784,0.04998456400325559,0.1000986608463244,0.025055968981202624,0.04995002191263874,0.10028648346405357,0.058510703370516455,0.10051100705306314,0.058501348220974386,0.10039010973590412,0.05834231067875928,0.1000986608463244,0.05843082478596497,0.10028648346405357
IMG_0065,2,IMG_0065_r2_archive.csv,31,000111010000110000001011,29,12,11,0.4169158768195084,0.3515521006546231,0.0,0.0679738562091503,0.0250710811458475,0.05020908759226516,0.10059304451827816,0.0250710811458475,0.05018965766629318,0.10043544622983876,0.024945866067361395,0.04998456400325559,0.10007923092035241,0.02495450159001561,0.04982048907282552,0.10026705353808157,0.05862440441879694,0.10059304451827816,0.05856539501399314,0.10043544622983876,0.05833655366365647,0.10007923092035241,0.05834734806697423,0.10026705353808157
IMG_0065,2,IMG_0065_r2_archive.csv,33,000010000010010000000011,8,36,3,0.4254933721479658,0.351468576383031,0.0,0.061437908496732,0.02495666047067916,0.05008603139444261,0.10047214720111916,0.02498688479996891,0.050355891477386804,0.10048078272377338,0.02489405293143611,0.050042853781171535,0.09999935233580093,0.025019268009922217,0.04984423676012461,0.10023035256680117,0.058504946355413645,0.10047214720111916,0.058607853000376374,0.10048078272377338,0.05831208634946952,0.09999935233580093,0.05836461911228267,0.10023035256680117
IMG_0065,2,IMG_0065_r2_archive.csv,34,001000000011010000000010,32,52,2,0.4255249764676405,0.3514316670585451,0.0,0.1124183006535947,0.02509266995248304,0.05044656446525605,0.10093846542444673,0.02511857652044568,0.05027601289283532,0.10058009123429684,0.025010632487268,0.04999319952590981,0.09992810927390368,0.02499767920328668,0.04994786303197518,0.1002238759248105,0.05882589994739527,0.10093846542444673,0.05865822688252595,0.10058009123429684,0.058310647095693835,0.09992810927390368,0.05838980605335745,0.1002238759248105
IMG_0065,2,IMG_0065_r2_archive.csv,35,010011010011110101101011,77,61,107,0.4120072679526807,0.3513306434212218,0.0,0.3202614379084967,0.024969613754660485,0.05009898467842393,0.10052827809837156,0.02493723054470718,0.05017886326297541,0.10038147421324992,0.024971772635324036,0.04994138638998452,0.10010081972698795,0.02499767920328668,0.04982480683415263,0.10014399734025901,0.058532292177151994,0.10052827809837156,0.058499189340310835,0.10038147421324992,0.05833799291743217,0.10010081972698795,0.05832216112589944,0.10014399734025901
IMG_0065,2,IMG_0065_r2_archive.csv,36,001010010011000000011101,41,48,29,0.4124453683358059,0.3514484499914154,0.0,0.1542483660130719,0.02492427726072586,0.05004501266183509,0.10044624063315652,0.02496745487399693,0.0502673773701811,0.10037931533258636,0.02493723054470718,0.04996513407728361,0.10004468882973556,0.02498040815797825,0.049749246010928255,0.10016990390822166,0.058471843518572486,0.10044624063315652,0.058538049192254804,0.10037931533258636,0.05831568448390878,0.10004468882973556,0.05829985269237605,0.10016990390822166
IMG_0065,2,IMG_0065_r2_archive.csv,37,011101000101010001001100,116,84,76,0.4108762346061444,0.3514911617939744,0.0,0.3607843137254902,0.02498472591930536,0.05014000341103145,0.10057145571164262,0.024952342709352055,0.05018533990496608,0.10045487615581074,0.02493507166404363,0.04998456400325559,0.10000582897779159,0.025025744651912877,0.04984639564078816,0.10026489465741803,0.05856539501399314,0.10057145571164262,0.058530852923376286,0.10045487615581074,0.05830848821503027,0.10000582897779159,0.05837901165003969,0.10026489465741803
IMG_0065,2,IMG_0065_r2_archive.csv,38,111010000001010110010000,232,21,144,0.4140706837599118,0.3512450763229021,0.0,0.5189542483660131,0.02493938942537073,0.050088190275106165,0.10044624063315652,0.02490052957342677,0.05008603139444261,0.10021092264082919,0.024922118380062305,0.049900367657377,0.10006411875570755,0.024995520322623126,0.049785946982208666,0.10011593189163281,0.05849127344454447,0.10044624063315652,0.05839916120289953,0.10021092264082919,0.05829553493104895,0.10006411875570755,0.0582991330654882,0.10011593189163281
IMG_0065,2,IMG_0065_r2_archive.csv,40,011100000101110001000011,112,92,67,0.4107595703883256,0.3515738239747113,0.0,0.3542483660130718,0.02498688479996891,0.05017886326297541,0.10064485765420345,0.024969613754660485,0.05021772311491938,0.10040953966187612,0.024945866067361395,0.05002558273586311,0.10008354868167953,0.025014950248595107,0.04985287228277883,0.10023035256680117,0.05860353523904926,0.10064485765420345,0.058532292177151994,0.10040953966187612,0.05835166582830135,0.10008354868167953,0.05836605836605837,0.10023035256680117
IMG_0065,2,IMG_0065_r2_archive.csv,41,010111100011100110010001,94,57,145,0.4125885402216935,0.3513256593093819,0.0,0.3869281045751634,0.025027903532576428,0.05019613430828384,0.10055634354699775,0.024919959499398753,0.050081713633115504,0.10050668929173602,0.024969613754660485,0.04993059198666675,0.10004037106840846,0.025030062413239986,0.04985071340211527,0.10016342726623101,0.05859346046261934,0.10055634354699775,0.058502787474750094,0.10050668929173602,0.05831352560324523,0.10004037106840846,0.05834806769386208,0.10016342726623101
IMG_0065,2,IMG_0065_r2_archive.csv,42,001100000100000000100100,48,64,36,0.4117161831096443,0.351392231496147,0.0,0.1934640522875817,0.024928595022052965,0.050083872513779056,0.10048078272377338,0.02499120256129602,0.05021124647292871,0.1003404554806424,0.02490052957342677,0.0499327508673303,0.09999287569381027,0.024963137112669825,0.049744928249601146,0.10010945524964217,0.05849775008653513,0.10048078272377338,0.058514301504955714,0.1003404554806424,0.05827538537818911,0.09999287569381027,0.05827250687063771,0.10010945524964217
IMG_0065,2,IMG_0065_r2_archive.csv,43,000011010000010101001111,13,5,79,0.4202434315489323,0.3513435073547944,0.0,0.126797385620915,0.025047333458548413,0.05022204087624648,0.10067076422216609,0.025051651219875522,0.05019397542762029,0.10036636204860504,0.024907006215417433,0.05006228370714352,0.10010513748831505,0.024919959499398753,0.04988741437339568,0.10036420316794148,0.05864671285232032,0.10067076422216609,0.05853732956536695,0.10036636204860504,0.058358142470292,0.10010513748831505,0.0583905256802453,0.10036420316794148
IMG_0065,2,IMG_0065_r2_archive.csv,44,000011010001000001011011,13,16,91,0.4160041942145878,0.35140259152465,0.0,0.1568627450980392,0.024982567038641806,0.05013352676904079,0.10060168004093238,0.024913482857408093,0.050131367888377236,0.10038147421324992,0.024913482857408093,0.04998240512259204,0.10022819368613761,0.024958819351342715,0.049803218027517096,0.10024978249277314,0.05857259128287166,0.10060168004093238,0.05847544165301175,0.10038147421324992,0.05837469388871258,0.10022819368613761,0.05833727329054431,0.10024978249277314
IMG_0065,2,IMG_0065_r2_archive.csv,45,010000010110100100111100,65,105,60,0.4109245088710211,0.3515143496942418,0.0,0.3006535947712418,0.024976090396651145,0.05014432117235856,0.10059304451827816,0.02495450159001561,0.05021124647292871,0.1004289695878481,0.024913482857408093,0.04999751728723691,0.10010729636897861,0.024971772635324036,0.04981833019216197,0.10016342726623101,0.058571152029095956,0.10059304451827816,0.058531572550264144,0.1004289695878481,0.05833943217120787,0.10010729636897861,0.05831784336457233,0.10016342726623101
IMG_0065,2,IMG_0065_r2_archive.csv,46,000011010110000000011100,13,96,28,0.4142229737417785,0.3513612908446788,0.0,0.1790849673202614,0.024999838083950232,0.050118414604395915,0.10062326884756792,0.024995520322623126,0.05016375109833054,0.10041817518453032,0.024837922034183717,0.04998240512259204,0.10023035256680117,0.024963137112669825,0.04970390951699363,0.1000986608463244,0.058580507178638025,0.10062326884756792,0.05852581553516132,0.10041817518453032,0.058350226574525633,0.10023035256680117,0.058255235825329287,0.1000986608463244
IMG_0065,2,IMG_0065_r2_archive.csv,47,011000011110111101010011,97,239,83,0.4108207725385878,0.3515377716925816,0.0,0.5477124183006535,0.02494154830603429,0.050107620201078146,0.10057793235363328,0.024965295993333376,0.05027817177349887,0.10035772652595082,0.02496097823200627,0.05000615280989113,0.09990652046726814,0.02493723054470718,0.04978810586287222,0.10018069831153943,0.05854236695358191,0.10057793235363328,0.05853373143092769,0.10035772652595082,0.05829121716972185,0.09990652046726814,0.0583020115730396,0.10018069831153943
IMG_0065,2,IMG_0065_r2_archive.csv,49,000001110000001100010010,7,3,18,0.4288454788535634,0.3514230526084614,0.0,0.0366013071895424,0.024965295993333376,0.05023931192155491,0.10071610071610071,0.02496097823200627,0.05022851751823715,0.1007355306420727,0.024898370692763218,0.050107620201078146,0.10016126838556745,0.024801221062903306,0.04985934892476949,0.1005174836950538,0.05864023621032966,0.10071610071610071,0.05864167546410537,0.1007355306420727,0.058389086426469596,0.10016126838556745,0.05839268456090887,0.1005174836950538
IMG_0065,2,IMG_0065_r2_archive.csv,52,000011011101000001100011,13,208,99,0.4146961919170308,0.3512482527675837,0.0,0.4183006535947712,0.024958819351342715,0.050064442587807075,0.10050453041107246,0.024989043680632466,0.05016806885965764,0.10032534331599752,0.024891894050772558,0.04985503116344238,0.10008786644300663,0.024915641738071644,0.049747087130264704,0.10017853943087589,0.058509264116740754,0.10050453041107246,0.058494151952095876,0.10032534331599752,0.058278263885740526,0.10008786644300663,0.05828042276640408,0.10017853943087589
IMG_0065,2,IMG_0065_r2_archive.csv,54,010110100100110001000111,90,76,71,0.4108969259957197,0.351438642520632,0.0,0.3098039215686274,0.02498688479996891,0.0501097790817417,0.10054770802434354,0.02495450159001561,0.05020045206961095,0.10032318443533397,0.024926436141389414,0.050012629451881785,0.10006843651703465,0.025032221293903537,0.04989173213472279,0.10025841801542737,0.058548123968684716,0.10054770802434354,0.05849271269832018,0.10032318443533397,0.05833583403676862,0.10006843651703465,0.05839412381468456,0.10025841801542737
IMG_0067,1,IMG_0067_r1_archive.csv,0,010011110011010100111000,79,53,56,0.3073990397984404,0.3705166625950128,0.0,0.2457516339869281,0.025096987713810144,0.04996945183861072,0.10003605330708135,0.02508187554916527,0.04990900318003122,0.1001914927148572,0.02476020233029579,0.050368844761368124,0.10097948415705425,0.02455079090593109,0.049414619508077455,0.1000382121877449,0.05836749761983407,0.10003605330708135,0.05839412381468456,0.1001914927148572,0.05870284374957272,0.10097948415705425,0.05800120753391782,0.1000382121877449
IMG_0067,1,IMG_0067_r1_archive.csv,2,000110010001110100001000,25,29,8,0.3120526128962136,0.3708907642741943,0.0,0.0810457516339869,0.024911323976744535,0.049779470340218,0.0998935671832868,0.02509266995248304,0.04977731145955445,0.10005980099438043,0.02482280986953884,0.05033862043207838,0.10105288609961507,0.024475230082706717,0.04937791853679704,0.10030159562869843,0.05819478716674978,0.0998935671832868,0.05830992746880598,0.10005980099438043,0.05873810546707744,0.10105288609961507,0.0580515814160674,0.10030159562869843
IMG_0067,1,IMG_0067_r1_archive.csv,4,011000111011110111100100,99,189,228,0.3020133437035635,0.3701452377181664,0.0,0.6745098039215687,0.0249501838286885,0.04976435817557313,0.09997344576783829,0.02508187554916527,0.04974061048827404,0.10025410025410025,0.02464578165512745,0.050435770061938286,0.10059520339894172,0.024527043218632003,0.049403825104759685,0.10010945524964217,0.058229329257366645,0.09997344576783829,0.05835886209717985,0.10025410025410025,0.05855891837200248,0.10059520339894172,0.05801344119101128,0.10010945524964217
IMG_0067,1,IMG_0067_r1_archive.csv,8,000100010001011100010100,17,23,20,0.3120169448011723,0.3709179980007042,0.0,0.0784313725490196,0.024855193079492143,0.04972333944296561,0.10004468882973556,0.025170389656370966,0.049770834817563794,0.10009002532367017,0.02474940792697802,0.05025442408619979,0.10102913841231598,0.024589650757875055,0.0494729092859934,0.10024546473144604,0.058207740450731106,0.10004468882973556,0.05834374993253497,0.10009002532367017,0.05867765680849793,0.10102913841231598,0.058102674925104826,0.10024546473144604
IMG_0067,1,IMG_0067_r1_archive.csv,9,011101101100101000011100,118,202,28,0.302624019080594,0.3703932879481531,0.0,0.4549019607843137,0.02500415584527734,0.049682320710358094,0.10009002532367017,0.025153118611062536,0.049742769368937595,0.10017638055021233,0.02475588456896868,0.050483265436536466,0.10054770802434354,0.024557267547921754,0.049451320479357866,0.10017853943087589,0.05825883395976853,0.10009002532367017,0.05835742284340415,0.10017638055021233,0.05859561934328289,0.10054770802434354,0.05806237581938517,0.10017853943087589
IMG_0067,1,IMG_0067_r1_archive.csv,10,000010010001010101000000,9,21,64,0.3119958131692655,0.3707461477025012,0.0,0.122875816993464,0.02487030524413702,0.049779470340218,0.09970574456555766,0.025109940997791465,0.04963914309708702,0.1000101467391187,0.024678164865080753,0.05015295669501277,0.10107447490625061,0.024552949786594648,0.04944700271803076,0.10031023115135264,0.05811850671663756,0.09970574456555766,0.05825307694466573,0.1000101467391187,0.05863519882211471,0.10107447490625061,0.05810339455199268,0.10031023115135264
IMG_0067,1,IMG_0067_r1_archive.csv,13,101000010110011000010100,161,102,20,0.3037221866438523,0.3706360927771323,0.0,0.3699346405228758,0.025012791367931556,0.04987014332808726,0.10021308152149273,0.025122894281772785,0.04995002191263874,0.10023035256680117,0.02479258554024909,0.05045735886857382,0.10069235302880163,0.024576697473893735,0.04947938592798406,0.10010081972698795,0.05836533873917051,0.10021308152149273,0.05843442292040424,0.10023035256680117,0.05864743247920817,0.10069235302880163,0.058052301042955244,0.10010081972698795
IMG_0067,1,IMG_0067_r1_archive.csv,21,000011100101010101100001,14,85,97,0.3084155254768282,0.3704204461056031,0.0,0.2562091503267973,0.025038697935894198,0.04980105914685354,0.09965824919095947,0.0250991465944737,0.049770834817563794,0.09995833360319342,0.02480337994356686,0.05018102214363897,0.10061679220557725,0.024449323514744076,0.049332582042862415,0.10025841801542737,0.058166002091235736,0.09965824919095947,0.05827610500507697,0.09995833360319342,0.058533731430927695,0.10061679220557725,0.05801344119101129,0.10025841801542737
IMG_0067,1,IMG_0067_r1_archive.csv,22,111111101100100110010011,254,201,147,0.2979253888734426,0.3699957291491407,0.0,0.7869281045751634,0.025014950248595107,0.049768675936900236,0.09986766061532416,0.025047333458548413,0.0497147039203114,0.10009218420433375,0.024673847103753647,0.05040770461331209,0.10011809077229637,0.024498977770005807,0.049352011968834396,0.10003173554575423,0.05821709560027317,0.09986766061532416,0.05828474052773119,0.10009218420433375,0.058399880829787365,0.10011809077229637,0.05796090842819814,0.10003173554575423
IMG_0067,1,IMG_0067_r1_archive.csv,26,000000000000000100010000,2,2,16,0.3204278846029862,0.3705160634110763,0.0,0.0261437908496732,0.02474509016565091,0.04950745137661026,0.0997035856848941,0.025066763384520394,0.04948370368931117,0.09973381001418385,0.02470623031370695,0.0502263586375736,0.1004894182464276,0.024671688223090092,0.04952256354125513,0.1005585024276613,0.05798537574238508,0.0997035856848941,0.05809475902933847,0.09973381001418385,0.05847400239923605,0.1004894182464276,0.05825091806400218,0.1005585024276613
IMG_0067,1,IMG_0067_r1_archive.csv,29,101001111100000100011100,167,193,28,0.3013183534538728,0.3705242074363298,0.0,0.5071895424836602,0.024978249277314696,0.04970390951699363,0.10008354868167953,0.025172548537034517,0.049792423624199326,0.10014399734025901,0.02480553882423041,0.050461676629900934,0.1005218014563809,0.024516248815314234,0.04944268495670365,0.10013104405627771,0.058255235825329287,0.10008354868167953,0.058369656500497615,0.10014399734025901,0.05859633897017075,0.1005218014563809,0.05802999260943187,0.10013104405627771
IMG_0067,1,IMG_0067_r1_archive.csv,31,010100110000100010001011,83,8,139,0.3090628848927418,0.3703716398033143,0.0,0.3006535947712418,0.024969613754660485,0.04982912459547974,0.09985470733134284,0.025079716668501718,0.04972333944296561,0.10010081972698795,0.02479258554024909,0.050396910209994324,0.10077223161335311,0.02461771620650125,0.0494124606274139,0.10026921241874513,0.05821781522716102,0.09985470733134284,0.058301291946151766,0.10010081972698795,0.05865390912119884,0.10077223161335311,0.058099796417553425,0.10026921241874513
IMG_0067,1,IMG_0067_r1_archive.csv,32,000000010011011100111001,2,55,57,0.3145035689480493,0.3703776527935165,0.0,0.1490196078431372,0.02493938942537073,0.04989820877671345,0.09994322143854854,0.02509266995248304,0.04976435817557313,0.10005764211371687,0.0246155573258377,0.05020476983093806,0.10095141870842807,0.02446875344071606,0.04925270345831093,0.09989788494461392,0.058260273213544246,0.09994322143854854,0.05830489008059101,0.10005764211371687,0.058590581955067944,0.10095141870842807,0.057873113947880306,0.09989788494461392
IMG_0067,1,IMG_0067_r1_archive.csv,38,110110101100000110011101,218,193,157,0.2987446629197645,0.3701833027741038,0.0,0.742483660130719,0.024963137112669825,0.049738451607610486,0.09986334285399706,0.025043015697221303,0.049725498323629165,0.10015910950490389,0.024734295762333144,0.050422816777956965,0.10010729636897861,0.024496818889342256,0.049343376446180184,0.10002094114243647,0.058188310524759125,0.09986334285399706,0.05830920784191812,0.10015910950490389,0.05842146963642291,0.10010729636897861,0.05795371215931964,0.10002094114243647
IMG_0067,1,IMG_0067_r1_archive.csv,39,111111101111100110000110,254,249,134,0.2975780461401735,0.3701426973895749,0.0,0.8326797385620915,0.02498040815797825,0.04966073190372256,0.09962370710034262,0.025047333458548413,0.04958732996116173,0.099921632631913,0.024676005984417198,0.050429293419947625,0.10007707203968887,0.024535678741286218,0.04946211488267563,0.10012888517561415,0.05808828238734781,0.09962370710034262,0.05818543201720772,0.099921632631913,0.05839412381468456,0.10007707203968887,0.05804222626652533,0.10012888517561415
IMG_0067,1,IMG_0067_r1_archive.csv,40,000000100000100000000000,2,8,2,0.3202292421833432,0.3705659007323958,0.0,0.0156862745098039,0.024855193079492143,0.049762199294909576,0.09997344576783829,0.025010632487268,0.049643460858414125,0.09993026815456722,0.025043015697221303,0.050116255723732364,0.10064485765420345,0.024708389194370503,0.04944700271803076,0.10048294160443694,0.058196946047413343,0.09997344576783829,0.058194787166749785,0.09993026815456722,0.0586013763583857,0.10064485765420345,0.058212777838946066,0.10048294160443694
IMG_0067,1,IMG_0067_r1_archive.csv,41,111101101100101100101111,246,203,47,0.2989510180464055,0.3702802556222629,0.0,0.6483660130718955,0.025066763384520394,0.04984639564078816,0.10002310002310003,0.025068922265183948,0.049814012430834866,0.10005116547172622,0.02468895926839852,0.050450882226583164,0.10028216570272644,0.02455942642858531,0.049393030701441916,0.10001662338110937,0.05831208634946953,0.10002310002310003,0.05831136672258167,0.10005116547172622,0.05847400239923604,0.10028216570272644,0.05798969350371219,0.10001662338110937
IMG_0067,1,IMG_0067_r1_archive.csv,43,000000010011011001101110,2,54,110,0.3140051215007288,0.3703538673877999,0.0,0.2169934640522876,0.02496097823200627,0.04982048907282552,0.09975755770148292,0.025064604503856842,0.049742769368937595,0.09996265136452052,0.024684641507071416,0.05020045206961095,0.10077439049401667,0.024509772173323573,0.04923759129366606,0.09991515598992234,0.05817967500210491,0.09975755770148292,0.05825667507910498,0.09996265136452052,0.058553161356899676,0.10077439049401667,0.05788750648563732,0.09991515598992234
IMG_0067,1,IMG_0067_r1_archive.csv,44,110110101000010101110111,218,133,119,0.3002517224806998,0.3703232443200375,0.0,0.6143790849673202,0.025012791367931556,0.04981833019216197,0.0998374362860344,0.025047333458548413,0.04979890026618999,0.1000382121877449,0.024762361210959344,0.05040770461331209,0.10035988540661438,0.02444716463408052,0.049319628758881094,0.10002094114243647,0.058222852615375985,0.0998374362860344,0.058294815304161106,0.1000382121877449,0.05850998374362861,0.10035988540661438,0.0579292448451327,0.10002094114243647
IMG_0067,1,IMG_0067_r1_archive.csv,46,010110010010010100001000,89,37,8,0.3091629045639545,0.3707701426254743,0.0,0.1751633986928104,0.024868146363473467,0.04966073190372256,0.09995617472252986,0.025036539055230643,0.049695273994339415,0.09998855793248317,0.02481633322754818,0.0505653029017515,0.10107663378691416,0.02460908068384704,0.04950961025727381,0.10023467032812827,0.058161684329908626,0.09995617472252986,0.05824012366068441,0.09998855793248317,0.05881942330540461,0.10107663378691416,0.058117787089749705,0.10023467032812827
IMG_0067,1,IMG_0067_r1_archive.csv,48,110010111100000110010110,203,193,150,0.2991800456531132,0.370212923290432,0.0,0.7137254901960784,0.024958819351342715,0.049719021681638505,0.0999173148705859,0.025053810100539073,0.0497147039203114,0.10018069831153943,0.02474293128498736,0.05045735886857382,0.10011161413030571,0.024503295531332916,0.049375759656133486,0.10008570756234307,0.05819838530118904,0.0999173148705859,0.05831640411079664,0.10018069831153943,0.05843730142795563,0.10011161413030571,0.0579882542499365,0.10008570756234307
IMG_0067,1,IMG_0067_r1_archive.csv,49,100111000001111100011010,156,31,26,0.3062112490559493,0.3708414430603671,0.0,0.2784313725490196,0.024891894050772558,0.049710386158984286,0.10002957666509069,0.025243791598931784,0.04980105914685354,0.10007275427836176,0.024770996733613555,0.050403386851984984,0.10102913841231598,0.02459612739986572,0.04948586256997472,0.10025841801542737,0.05821061895828251,0.10002957666509069,0.05837253500804903,0.10007275427836176,0.058734507332638165,0.10102913841231598,0.0581134693284226,0.10025841801542737
IMG_0067,1,IMG_0067_r1_archive.csv,53,000000011111000001100001,2,240,97,0.3097704305150758,0.3701004853539854,0.0,0.4431372549019607,0.024868146363473467,0.04954631122855421,0.09945963216991255,0.025001996964613787,0.049438367195376545,0.09976619322413716,0.02461771620650125,0.05022204087624648,0.100424651826521,0.024511931053987128,0.0492634978616287,0.1000986608463244,0.05795802992064675,0.09945963216991255,0.05806885246137583,0.09976619322413716,0.05842146963642291,0.100424651826521,0.05795802992064675,0.1000986608463244
IMG_0067,1,IMG_0067_r1_archive.csv,54,000111110000110000011110,31,12,30,0.3116838591464813,0.3707471804066438,0.0,0.0954248366013071,0.024952342709352055,0.04993490974799386,0.09998639905181962,0.025181184059688732,0.04989820877671345,0.10022171704414695,0.02478610889825843,0.05038179804534945,0.10105504498027862,0.02459612739986572,0.049423255030731666,0.10027568906073579,0.05829121716972185,0.09998639905181962,0.05843370329351638,0.10022171704414695,0.058740983974628826,0.10105504498027862,0.058098357163777724,0.10027568906073579
IMG_0067,1,IMG_0067_r1_archive.csv,55,111111011111011111111111,253,247,255,0.2969756845702474,0.3700117759966252,0.0,0.9869281045751632,0.024999838083950232,0.04984855452145172,0.09984391292802508,0.02507539890717461,0.049744928249601146,0.10020228711817496,0.024654417177781662,0.050507013123835556,0.10033397883865174,0.024524884337968452,0.04945347936002142,0.10008570756234307,0.05823076851114234,0.09984391292802508,0.058340871424983565,0.10020228711817496,0.058498469713422985,0.10033397883865174,0.05802135708677764,0.10008570756234307
IMG_0067,1,IMG_0067_r1_archive.csv,57,001110101101000110010010,58,209,146,0.3039263066940416,0.3701307244251747,0.0,0.5398692810457516,0.024922118380062305,0.049731974965619825,0.09969495016223988,0.025040856816557752,0.04958732996116173,0.10007923092035241,0.024781791136931325,0.050358050358050355,0.1004570350364743,0.024455800156734736,0.049345535326843736,0.10002310002310003,0.058116347835974004,0.09969495016223988,0.058235805899357306,0.10007923092035241,0.058532292177151994,0.1004570350364743,0.05794147850222617,0.10002310002310003
IMG_0067,1,IMG_0067_r1_archive.csv,60,111110101101010100010010,250,213,18,0.2994754990546688,0.3703067062718345,0.0,0.6287581699346405,0.025017109129258662,0.04984207787946106,0.10018285719220299,0.025096987713810144,0.04983560123747039,0.10022603480547405,0.02480985658555752,0.050418499016629856,0.10039010973590412,0.024613398445174146,0.0495981243644795,0.10027353018007223,0.05834734806697423,0.10018285719220299,0.058386207918918194,0.10022603480547405,0.0585394884460305,0.10039010973590412,0.058161684329908626,0.10027353018007223
IMG_0067,1,IMG_0067_r1_archive.csv,61,011010101101001101010010,106,211,82,0.3022266072483279,0.3702064767699796,0.0,0.5215686274509804,0.02494370718669784,0.049654255261731894,0.09974244553683806,0.025032221293903537,0.049656414142395446,0.10000798785845515,0.024751566807641574,0.050386115806676554,0.10057793235363328,0.024552949786594648,0.04943404943404943,0.10032102555467041,0.058113469328422596,0.09974244553683806,0.05823220776491805,0.10000798785845515,0.0585718716559838,0.10057793235363328,0.058102674925104826,0.10032102555467041
IMG_0067,1,IMG_0067_r1_archive.csv,62,011010000110100111100011,104,105,227,0.3035062223817088,0.3701683622305569,0.0,0.5699346405228759,0.024999838083950232,0.04989173213472279,0.09998424017115606,0.02509266995248304,0.04985287228277883,0.10020660487950209,0.024725660239678933,0.0504444055845925,0.10060383892159593,0.024492501128015147,0.049393030701441916,0.10007707203968887,0.05829193679660969,0.09998424017115606,0.05838404903825465,0.10020660487950209,0.05859130158195578,0.10060383892159593,0.05798753462304864,0.10007707203968887
IMG_0067,1,IMG_0067_r1_archive.csv,63,001110101111100110010010,58,249,146,0.3033852996659537,0.3701618855921442,0.0,0.592156862745098,0.024885417408781897,0.049613236529124374,0.09950065090252005,0.025040856816557752,0.0494448438373672,0.09989140830262325,0.024768837852950004,0.050377480284022336,0.10044839951382006,0.024509772173323573,0.049438367195376545,0.10007707203968887,0.05799976828014211,0.09950065090252005,0.058125702985516066,0.09989140830262325,0.05853157255026414,0.10044839951382006,0.058008403802796336,0.10007707203968887
IMG_0067,1,IMG_0067_r1_archive.csv,65,001000010010110101001001,33,45,73,0.3097020659607299,0.3706694521723463,0.0,0.1973856209150327,0.024868146363473467,0.04978810586287222,0.09971222120754832,0.02508835219115593,0.0497751525788909,0.10002741778442713,0.02470623031370695,0.05019181654695674,0.10101186736700755,0.02441694030479077,0.0492634978616287,0.10009650196566085,0.058122824477964664,0.09971222120754832,0.05829697418482466,0.10002741778442713,0.05863663807589042,0.10101186736700755,0.057925646710693446,0.10009650196566085
IMG_0067,1,IMG_0067_r1_archive.csv,71,111101110110111111101111,247,111,239,0.2995059350389256,0.3701174738065509,0.0,0.7803921568627451,0.025062445623193284,0.05003853601984443,0.10014183845959547,0.025107782117127914,0.050001835048564015,0.10036420316794148,0.024660893819772323,0.050390433568003656,0.10039226861656768,0.024511931053987128,0.049410301746750346,0.10001662338110937,0.0584142733675444,0.10014183845959547,0.05849127344454447,0.10036420316794148,0.058481198668114555,0.10039226861656768,0.05797961872728228,0.10001662338110937
IMG_0067,1,IMG_0067_r1_archive.csv,72,001100000011010010010100,48,52,148,0.3082816579432906,0.3703485301301938,0.0,0.3241830065359477,0.02498040815797825,0.04994786303197518,0.09988061389930548,0.025153118611062536,0.04985503116344238,0.10028864234471711,0.024719183597688273,0.05026953625084466,0.10072041847742783,0.024481706724697377,0.049349853088170845,0.09999503457447383,0.0582696283630863,0.09988061389930548,0.058432264039740674,0.10028864234471711,0.05856971277532025,0.10072041847742783,0.05794219812911402,0.09999503457447383
IMG_0067,1,IMG_0067_r1_archive.csv,74,100000100100100000110001,130,72,49,0.3049068618252289,0.3706123384694597,0.0,0.3281045751633987,0.025109940997791465,0.04990252653804055,0.10005764211371687,0.025131529804427,0.04990468541870411,0.10013104405627771,0.024732136881669593,0.050347255954732585,0.10081756810728774,0.024539996502613327,0.049427572792058776,0.10007923092035241,0.058356703216516294,0.10005764211371687,0.05838908642646961,0.10013104405627771,0.05863232031456331,0.10081756810728774,0.05801560007167483,0.10007923092035241
IMG_0067,1,IMG_0067_r1_archive.csv,77,101010000011101001001111,168,58,79,0.3039706103117371,0.3704282810477147,0.0,0.3986928104575163,0.025040856816557752,0.04985934892476949,0.0999173148705859,0.02509266995248304,0.04994570415131162,0.10009434308499729,0.02474293128498736,0.05029544281880731,0.10080245594264285,0.0245551086672582,0.04942109615006811,0.10013104405627771,0.05827250687063771,0.0999173148705859,0.05837757239626398,0.10009434308499729,0.05861361001547918,0.10080245594264285,0.05803574962453467,0.10013104405627771
IMG_0067,1,IMG_0067_r1_archive.csv,79,010111110100101010010001,95,74,145,0.3051810312033015,0.3702809493737677,0.0,0.4104575163398693,0.025055968981202624,0.04977731145955445,0.09982664188271664,0.025047333458548413,0.049747087130264704,0.10016342726623101,0.024732136881669593,0.050476788794545806,0.1007635960906989,0.024574538593230184,0.0494448438373672,0.10013752069826835,0.05821997410782457,0.09982664188271664,0.05831928261834804,0.10016342726623101,0.0586575072556381,0.1007635960906989,0.058052301042955244,0.10013752069826835
IMG_0067,1,IMG_0067_r1_archive.csv,81,010000010111011001011001,65,118,89,0.3059472052514987,0.3703364221123844,0.0,0.3555555555555555,0.02496097823200627,0.0497751525788909,0.09980937083740822,0.025043015697221303,0.0497147039203114,0.10001878226177292,0.02480553882423041,0.05035373259672325,0.10058440899562394,0.024576697473893735,0.04943404943404943,0.10011809077229637,0.058181833882768465,0.09980937083740822,0.058258833959768545,0.10001878226177292,0.058581226805525875,0.10058440899562394,0.05804294589341318,0.10011809077229637
IMG_0067,1,IMG_0067_r1_archive.csv,82,000001100000011010001110,6,6,142,0.3130170907161065,0.3704110004450341,0.0,0.2013071895424836,0.02499120256129602,0.04983344235680684,0.09965177254896881,0.025051651219875522,0.049675844068367433,0.10011593189163281,0.024824968750202396,0.050142162291695,0.10056713795031552,0.024516248815314234,0.04931746987821754,0.10016342726623101,0.058158805822357225,0.09965177254896881,0.05828114239329193,0.10011593189163281,0.058511422997404305,0.10056713795031552,0.05799904865325426,0.10016342726623101
IMG_0067,1,IMG_0067_r1_archive.csv,83,001010110010011000101000,43,38,40,0.3099912713076593,0.3707341831474045,0.0,0.1581699346405229,0.02498040815797825,0.04986582556676015,0.09990436158660458,0.025140165327081212,0.04986582556676015,0.10012456741428705,0.024712706955697612,0.05023283527956425,0.10098164303771781,0.024475230082706717,0.04940166622409613,0.10010945524964217,0.05825019843711432,0.09990436158660458,0.05837685276937613,0.10012456741428705,0.05864239509099323,0.10098164303771781,0.057995450518815,0.10010945524964217
IMG_0067,1,IMG_0067_r1_archive.csv,85,000011100000000000011100,14,2,28,0.3155301717338604,0.3706392772722326,0.0,0.057516339869281,0.02484655755683793,0.04962187205177859,0.09967120247494078,0.02523947383760468,0.04963266645509636,0.0998655017346606,0.0248573519601557,0.05023283527956425,0.10035124988396017,0.02454863202526754,0.04950097473461959,0.10056713795031552,0.05804654402785244,0.09967120247494078,0.05824588067578721,0.0998655017346606,0.05848047904122671,0.10035124988396017,0.058205581570067555,0.10056713795031552
IMG_0067,1,IMG_0067_r1_archive.csv,92,000100100100010001100001,18,68,97,0.3088397412941172,0.37045927161805,0.0,0.2392156862745098,0.025116417639782125,0.04992627422533965,0.09978994091143624,0.025112099878455016,0.04986582556676015,0.1000986608463244,0.02468895926839852,0.050263059608854,0.10081756810728774,0.024509772173323573,0.049373600775469935,0.10020444599883853,0.058277544258852676,0.09978994091143624,0.05835886209717986,0.1000986608463244,0.05858986232818009,0.10081756810728774,0.05802927298254401,0.10020444599883853
IMG_0067,1,IMG_0067_r1_archive.csv,94,111110001011110111101101,248,189,237,0.2978762171915057,0.3700201521618254,0.0,0.8810457516339869,0.025017109129258662,0.049900367657377,0.10005764211371687,0.02508187554916527,0.04987446108941436,0.10031454891267975,0.024637146132473236,0.050416340135966305,0.10031670779334331,0.024490342247351596,0.04942109615006811,0.10007491315902531,0.05832503963345084,0.10005764211371687,0.05842362851708646,0.10031454891267975,0.058456731353927614,0.10031670779334331,0.057995450518815,0.10007491315902531
IMG_0067,1,IMG_0067_r1_archive.csv,98,100100100100101010010101,146,74,149,0.3034675233875398,0.3703646871842007,0.0,0.4823529411764706,0.025079716668501718,0.04982048907282552,0.09994106255788499,0.025049492339211964,0.04986582556676015,0.10028864234471711,0.024762361210959344,0.05033646155141482,0.10057793235363328,0.024481706724697377,0.049323946520208196,0.10009002532367017,0.05828042276640407,0.09994106255788499,0.05840132008356308,0.10028864234471711,0.05855891837200248,0.10057793235363328,0.057965226189525244,0.10009002532367017
IMG_0067,2,IMG_0067_r2_archive.csv,0,100000110010000111001001,131,33,201,0.3054090174675715,0.369792291049938,0.0,0.477124183006536,0.025030062413239986,0.05018749878562963,0.10000151121646449,0.024773155614277106,0.04989173213472279,0.10002310002310003,0.02433058507824863,0.049734133846283377,0.10013752069826835,0.024917800618735195,0.04983128347614329,0.10047214720111916,0.05840635747177803,0.10000151121646449,0.058229329257366645,0.10002310002310003,0.058067413207600116,0.10013752069826835,0.05840707709866588,0.10047214720111916
IMG_0067,2,IMG_0067_r2_archive.csv,3,010101011000111100101111,85,143,47,0.3045013224422294,0.3700333084027536,0.0,0.3594771241830065,0.024885417408781897,0.049699591755666524,0.09973381001418385,0.02477963225626777,0.050088190275106165,0.09989788494461392,0.024412622543463665,0.04989820877671345,0.1002519413734367,0.02496745487399693,0.049988881764582695,0.10063622213154923,0.0581062730595441,0.09973381001418385,0.058255235825329287,0.09989788494461392,0.05818759089787127,0.1002519413734367,0.058530852923376286,0.10063622213154923
IMG_0067,2,IMG_0067_r2_archive.csv,6,001001000010000101010011,36,33,83,0.309975456448524,0.3700622980544718,0.0,0.1986928104575163,0.024902688454090324,0.04979026474353577,0.0996431370263146,0.024812015466221072,0.04990684429936766,0.09973812777551096,0.024315472913603753,0.049667208545713215,0.09988709054129614,0.02488325852811834,0.04986582556676015,0.10047646496244626,0.0581120300746469,0.0996431370263146,0.05815232918036656,0.09973812777551096,0.05795659066687103,0.09988709054129614,0.058408516352441577,0.10047646496244626
IMG_0067,2,IMG_0067_r2_archive.csv,7,111011001101110111110010,236,221,242,0.2975739231014161,0.3697539939582436,0.0,0.9137254901960784,0.02493507166404363,0.050142162291695,0.10036636204860504,0.024881099647454788,0.04989389101538635,0.10008786644300663,0.024445005753416967,0.04995002191263874,0.1007031474321194,0.024896211812099663,0.04991332094135832,0.10061679220557725,0.058481198668114555,0.10036636204860504,0.05828761903528259,0.10008786644300663,0.05836605836605837,0.1007031474321194,0.058475441653011745,0.10061679220557725
IMG_0067,2,IMG_0067_r2_archive.csv,8,001011000011100100001011,44,57,11,0.3098900917672274,0.3703075663586475,0.0,0.1464052287581699,0.025153118611062536,0.0499327508673303,0.09983527740537086,0.024764520091622895,0.05023283527956425,0.09994538031921209,0.024520566576641343,0.04976651705623668,0.10009218420433375,0.024824968750202396,0.049742769368937595,0.10065996981884832,0.05830704896125457,0.09983527740537086,0.05831424523013309,0.09994538031921209,0.058126422612403916,0.10009218420433375,0.058409235979329434,0.10065996981884832
IMG_0067,2,IMG_0067_r2_archive.csv,10,011110101010000100100111,122,161,39,0.302782607914279,0.3700197343389439,0.0,0.4209150326797385,0.024976090396651145,0.04991547982202188,0.09993674479655788,0.02475372568830513,0.050094666917096825,0.0998849316606326,0.02446443567938895,0.0499284331060032,0.10029727786737133,0.02493507166404363,0.04987446108941436,0.10055634354699775,0.05827610500507697,0.09993674479655788,0.05824444142201152,0.0998849316606326,0.0582300488842545,0.10029727786737133,0.058455292100151914,0.10055634354699775
IMG_0067,2,IMG_0067_r2_archive.csv,13,010110000100111000001000,88,78,8,0.3073697382848069,0.3702876946576246,0.0,0.2274509803921568,0.02508403442982882,0.04983344235680684,0.09994753919987565,0.02476667897228645,0.05022419975691003,0.09994322143854854,0.02460476292251993,0.04986582556676015,0.10032102555467041,0.02496745487399693,0.04990900318003122,0.10070962407411006,0.05828833866217043,0.09994753919987565,0.05831136672258167,0.09994322143854854,0.0582638713479835,0.10032102555467041,0.058528694042712735,0.10070962407411006
IMG_0067,2,IMG_0067_r2_archive.csv,15,111000011110111000101101,225,238,45,0.2986960246083445,0.3701002236750896,0.0,0.6640522875816994,0.024872464124800573,0.04990900318003122,0.10000582897779159,0.024853034198828592,0.050092508036433274,0.10001230561978226,0.0245551086672582,0.05004501266183509,0.1003965863778948,0.024922118380062305,0.04995433967396584,0.10077223161335311,0.05826243209420779,0.10000582897779159,0.058319282618348046,0.10001230561978226,0.05833223590232936,0.1003965863778948,0.05854956322246042,0.10077223161335311
IMG_0067,2,IMG_0067_r2_archive.csv,17,000010000001110000011100,8,28,28,0.3123547630609257,0.3702256598590023,0.0,0.0836601307189542,0.025055968981202624,0.04979458250486288,0.09972085673020252,0.0247969033015762,0.0502673773701811,0.09992810927390368,0.02445148239540763,0.04958085331917108,0.09990004382527748,0.024732136881669593,0.04962834869376925,0.10056282018898842,0.05819046940542268,0.09972085673020252,0.05833079664855365,0.09992810927390368,0.05797745984661873,0.09990004382527748,0.058307768588142427,0.10056282018898842
IMG_0067,2,IMG_0067_r2_archive.csv,18,100001010010000111110010,133,33,242,0.3051210989828416,0.3697839396642624,0.0,0.5333333333333333,0.025023585771249322,0.05013568564970434,0.10001446450044581,0.02479258554024909,0.04983560123747039,0.09998639905181962,0.02434353836222995,0.049719021681638505,0.10022819368613761,0.02497393151598759,0.04988741437339568,0.10055202578567064,0.058391245307133154,0.10001446450044581,0.0582048619431797,0.09998639905181962,0.05809691791000202,0.10022819368613761,0.058471123891684636,0.10055202578567064
IMG_0067,2,IMG_0067_r2_archive.csv,19,010011101101111011110000,78,222,240,0.3023712522527859,0.3697235441438922,0.0,0.7058823529411765,0.024926436141389414,0.04997161071927427,0.10026057689609091,0.024891894050772558,0.04992411534467609,0.100042529949072,0.024352173884884167,0.04978810586287222,0.10065349317685766,0.02488757628944545,0.04992195646401254,0.10043112846851165,0.05838620791891821,0.10026057689609091,0.05828617978150689,0.100042529949072,0.058264590974871355,0.10065349317685766,0.05841355374065654,0.10043112846851165
IMG_0067,2,IMG_0067_r2_archive.csv,21,000101100000100100001011,22,9,11,0.3126009855171536,0.3701444166189354,0.0,0.0549019607843137,0.02515527749172609,0.04994570415131162,0.09997992240982895,0.024708389194370503,0.05037100364203168,0.10013104405627771,0.02445148239540763,0.049682320710358094,0.10024978249277314,0.02465873493910877,0.04964993750040479,0.10060383892159593,0.05836030135095555,0.09997992240982895,0.05840347896422663,0.10013104405627771,0.058127861866179624,0.10024978249277314,0.058304170453703154,0.10060383892159593
IMG_0067,2,IMG_0067_r2_archive.csv,22,110101111101101110101111,215,219,175,0.2981882050790845,0.3698934103101149,0.0,0.796078431372549,0.02488757628944545,0.050079554752451946,0.10026705353808157,0.024859510840819252,0.04992195646401254,0.10001662338110937,0.024432052469435646,0.050064442587807075,0.10051100705306314,0.024865987482809913,0.04990252653804055,0.10059736227960528,0.05841139485999299,0.10026705353808157,0.05826603022864705,0.10001662338110937,0.05833583403676862,0.10051100705306314,0.058455292100151914,0.10059736227960528
IMG_0067,2,IMG_0067_r2_archive.csv,23,011111001001011000110111,124,150,55,0.3024774014518434,0.3699409130131717,0.0,0.4300653594771242,0.02482280986953884,0.04981617131149842,0.09978346426944558,0.024762361210959344,0.05008603139444261,0.09996696912584763,0.02447091232137961,0.04990900318003122,0.10025410025410025,0.025038697935894198,0.04997808736126493,0.10070530631278295,0.05814081515016095,0.09978346426944558,0.05827178724374985,0.09996696912584763,0.05821133858517036,0.10025410025410025,0.05857403053664736,0.10070530631278295
IMG_0067,2,IMG_0067_r2_archive.csv,28,110101001111010100111100,212,245,60,0.2986811325648653,0.3700844145563957,0.0,0.6758169934640523,0.024807697704893966,0.04986582556676015,0.09994106255788499,0.024872464124800573,0.050010470571218234,0.0998525484506793,0.024432052469435646,0.04994138638998452,0.10044624063315652,0.024932912783380074,0.04994786303197518,0.10078302601667087,0.0582048619431797,0.09994106255788499,0.058245161048899374,0.0998525484506793,0.05827322649752556,0.10044624063315652,0.05855460061067538,0.10078302601667087
IMG_0067,2,IMG_0067_r2_archive.csv,33,100100010010100000001001,145,40,9,0.3066358204535828,0.370232949217825,0.0,0.2535947712418301,0.025112099878455016,0.050075236991124844,0.10003389442641779,0.024656576058445217,0.05031487274477929,0.10022819368613761,0.024509772173323573,0.04988741437339568,0.10004684771039911,0.024891894050772558,0.04980105914685354,0.10089097004984855,0.05840707709866588,0.10003389442641779,0.05839988082978737,0.10022819368613761,0.05814801141903945,0.10004684771039911,0.05852797441582488,0.10089097004984855
IMG_0067,2,IMG_0067_r2_archive.csv,37,110101011111100111010101,213,249,213,0.2976200046208346,0.3698615370519694,0.0,0.8823529411764706,0.024958819351342715,0.05020045206961095,0.10034261436130595,0.02489405293143611,0.04988309661206858,0.100042529949072,0.024371603810856148,0.050042853781171535,0.10062326884756792,0.024885417408781897,0.04986582556676015,0.1005347547403622,0.058500628594086536,0.10034261436130595,0.05827322649752557,0.100042529949072,0.05834590881319853,0.10062326884756792,0.058428665905301415,0.1005347547403622
IMG_0067,2,IMG_0067_r2_archive.csv,38,100111001000011100101000,156,135,40,0.3021742099446936,0.3699910083945759,0.0,0.4326797385620914,0.02494370718669784,0.04989173213472279,0.09975539882081938,0.024734295762333144,0.050051489303825754,0.09989140830262325,0.02447091232137961,0.04996297519662006,0.1002800068220629,0.025010632487268,0.04996729295794716,0.10077439049401667,0.058196946047413343,0.09975539882081938,0.058225731122927386,0.09989140830262325,0.05823796478002086,0.1002800068220629,0.058584105313077284,0.10077439049401667
IMG_0067,2,IMG_0067_r2_archive.csv,43,111101111110111110010111,247,239,151,0.297402533375326,0.3699652275305312,0.0,0.8326797385620915,0.02488757628944545,0.05003853601984443,0.10026705353808157,0.024861669721482803,0.05000399392922757,0.10006195987504399,0.024449323514744076,0.050042853781171535,0.10054770802434354,0.024896211812099663,0.0499284331060032,0.10068155862548386,0.05839772194912382,0.10026705353808157,0.05830920784191812,0.10006195987504399,0.05834662844008639,0.10054770802434354,0.058502067847862244,0.10068155862548386
IMG_0067,2,IMG_0067_r2_archive.csv,49,101111110111110110001111,191,125,143,0.3005998525704462,0.3699127293628135,0.0,0.6,0.024915641738071644,0.050064442587807075,0.09996265136452052,0.02479258554024909,0.04985287228277883,0.09999935233580093,0.02441694030479077,0.04995433967396584,0.1004009041392219,0.025122894281772785,0.050120573485059466,0.1009168766178112,0.05831424523013309,0.09996265136452052,0.05821493671960962,0.09999935233580093,0.05825739470599284,0.1004009041392219,0.05872011479488115,0.1009168766178112
IMG_0067,2,IMG_0067_r2_archive.csv,52,111110111111011011011111,251,246,223,0.2968906839354941,0.3698891036204421,0.0,0.9411764705882352,0.024971772635324036,0.05023283527956425,0.10042681070718454,0.024874623005464128,0.04994138638998452,0.1000662776363711,0.024412622543463665,0.04999319952590981,0.10060815668292304,0.024840080914847268,0.04982048907282552,0.10047214720111916,0.05854380620735761,0.10042681070718454,0.05829409567727325,0.1000662776363711,0.05833799291743217,0.10060815668292304,0.05837757239626398,0.10047214720111916
IMG_0067,2,IMG_0067_r2_archive.csv,57,000001110010111100101001,7,47,41,0.3115790137420208,0.3702317907285786,0.0,0.1241830065359477,0.02495450159001561,0.04988741437339568,0.09964961366830526,0.024777473375604216,0.05012705012705013,0.09966040807162302,0.02445364127607118,0.049665049665049664,0.09982232412138954,0.02479906218223975,0.04989173213472279,0.10053259585969866,0.058163843210572184,0.09964961366830526,0.05818831052475912,0.09966040807162302,0.05798033835417013,0.09982232412138954,0.05840779672555374,0.10053259585969866
IMG_0067,2,IMG_0067_r2_archive.csv,61,111110010110110100011101,249,109,29,0.3011244690378883,0.3702015941981651,0.0,0.5058823529411764,0.025014950248595107,0.049986722883919144,0.10005764211371687,0.024758043449632235,0.0501097790817417,0.10002525890376357,0.02462203396782836,0.04987230220875081,0.10034261436130595,0.024995520322623126,0.04997808736126493,0.10095573646975517,0.05835310508207705,0.10005764211371687,0.058297693811712493,0.10002525890376357,0.05827898351262837,0.10034261436130595,0.05864311471788108,0.10095573646975517
IMG_0067,2,IMG_0067_r2_archive.csv,63,110101100111110100011111,214,125,31,0.3012892381966103,0.3701541455077412,0.0,0.4836601307189542,0.024995520322623126,0.05001478833254534,0.10002094114243647,0.02474724904631447,0.05015727445633988,0.10004037106840846,0.024570220831903074,0.05003853601984443,0.10032534331599752,0.02494370718669784,0.04990900318003122,0.1009211943791383,0.05834374993253497,0.10002094114243647,0.058314964857020944,0.10004037106840846,0.05831136672258167,0.10032534331599752,0.05859130158195578,0.1009211943791383
IMG_0067,2,IMG_0067_r2_archive.csv,64,110110011000101011101011,217,138,235,0.2993638806912637,0.3698000855002674,0.0,0.7712418300653594,0.02496745487399693,0.05012705012705013,0.10021092264082919,0.02474724904631447,0.04984855452145172,0.09989140830262325,0.02441694030479077,0.04985503116344238,0.10047430608178272,0.024945866067361395,0.04995865743529295,0.10060815668292304,0.058435142547292075,0.10021092264082919,0.05816240395679648,0.09989140830262325,0.058248759183338626,0.10047430608178272,0.058504226728525795,0.10060815668292304
IMG_0067,2,IMG_0067_r2_archive.csv,66,000101000100111100010101,20,79,21,0.3094772714533625,0.3703759673002105,0.0,0.1568627450980392,0.025073240026511054,0.04988525549273213,0.1000382121877449,0.024812015466221072,0.05022419975691003,0.09994969808053919,0.02456590307057597,0.049744928249601146,0.10031886667400687,0.024868146363473467,0.04982912459547974,0.10065133429619412,0.05833223590232937,0.1000382121877449,0.0583286377678901,0.09994969808053919,0.058209899331394664,0.10031886667400687,0.05844953508504911,0.10065133429619412
IMG_0067,2,IMG_0067_r2_archive.csv,67,001010010000110000011110,41,12,30,0.3112612942379351,0.3703638247310472,0.0,0.1084967320261438,0.025096987713810144,0.049900367657377,0.09976187546281005,0.024721342478351824,0.05018102214363897,0.09996265136452052,0.024442846872753415,0.04971254503964784,0.10007707203968887,0.024829286511529505,0.049734133846283377,0.10056929683097908,0.05825307694466573,0.09976187546281005,0.058288338662170446,0.09996265136452052,0.05807748798403004,0.10007707203968887,0.05837757239626399,0.10056929683097908
IMG_0067,2,IMG_0067_r2_archive.csv,68,100110000110110000011110,152,108,30,0.3033865357309611,0.3701800631257989,0.0,0.3790849673202615,0.024978249277314696,0.04991332094135832,0.09988061389930548,0.02473861352366025,0.050131367888377236,0.10006843651703465,0.024520566576641343,0.0499608163159565,0.10033829659997884,0.02508187554916527,0.050001835048564015,0.10093414766311963,0.05825739470599284,0.09988061389930548,0.05831280597635738,0.10006843651703465,0.05827322649752556,0.10033829659997884,0.05867261942028298,0.10093414766311963
IMG_0067,2,IMG_0067_r2_archive.csv,72,101010100011010100001011,170,53,11,0.3050943881260043,0.3702742049883676,0.0,0.3058823529411765,0.025112099878455016,0.05006228370714352,0.09987197837665128,0.02474940792697802,0.0501982931889474,0.09999719345513738,0.024606921803183485,0.049826965714816186,0.10024330585078249,0.02492427726072586,0.04982480683415263,0.10097516639572714,0.05834878732074994,0.09987197837665128,0.05831496485702093,0.09999719345513738,0.05822573112292739,0.10024330585078249,0.058574750163535215,0.10097516639572714
IMG_0067,2,IMG_0067_r2_archive.csv,75,111101011110111111110101,245,239,245,0.2971549986583025,0.3698435527757833,0.0,0.9529411764705882,0.024971772635324036,0.05019181654695674,0.1004376051105023,0.024859510840819252,0.04988525549273213,0.10008786644300663,0.024473071202043162,0.04994786303197518,0.10065565205752122,0.024896211812099663,0.04993490974799386,0.10061247444425014,0.058533731430927695,0.1004376051105023,0.058277544258852676,0.10008786644300663,0.05835886209717985,0.10065565205752122,0.058481198668114555,0.10061247444425014
IMG_0067,2,IMG_0067_r2_archive.csv,76,111011101011000000001101,238,176,13,0.3002509351242226,0.3702595847577071,0.0,0.5581699346405229,0.025045174577884858,0.05003853601984443,0.10011809077229637,0.024699753671716288,0.050118414604395915,0.10011161413030571,0.024686800387734967,0.04996513407728361,0.10033181995798818,0.024710548075034054,0.049682320710358094,0.10077223161335311,0.05840060045667522,0.10011809077229637,0.05830992746880598,0.10011161413030571,0.05832791814100225,0.10033181995798818,0.05838836679958175,0.10077223161335311
IMG_0067,2,IMG_0067_r2_archive.csv,79,011101110011001000100010,119,50,34,0.3061464064402546,0.3700468537767252,0.0,0.265359477124183,0.025036539055230643,0.0499608163159565,0.0998050530760811,0.024691118149062077,0.0501982931889474,0.09987629613797838,0.02445795903739829,0.04981833019216197,0.100042529949072,0.024976090396651145,0.04987661997007791,0.10070530631278295,0.05826746948242275,0.0998050530760811,0.058255235825329287,0.09987629613797838,0.058106273059544085,0.100042529949072,0.05851933889317066,0.10070530631278295
IMG_0067,2,IMG_0067_r2_archive.csv,81,010000010010110000011100,65,44,28,0.3090155249773226,0.3701223521281473,0.0,0.1790849673202614,0.025045174577884858,0.04981833019216197,0.0997316511335203,0.024708389194370503,0.05018318102430252,0.09981584747939888,0.02445795903739829,0.049708227278320735,0.09999287569381027,0.024853034198828592,0.049751404891591806,0.10058009123429684,0.05819838530118904,0.0997316511335203,0.058235805899357306,0.09981584747939888,0.0580530206698431,0.09999287569381027,0.05839484344157242,0.10058009123429684
IMG_0067,2,IMG_0067_r2_archive.csv,82,000101000001001010010100,20,18,148,0.3103636316580296,0.3700122883622417,0.0,0.2431372549019607,0.02488757628944545,0.04983344235680684,0.09979857643409046,0.024872464124800573,0.04990468541870411,0.09983527740537086,0.024248547613033595,0.049734133846283377,0.10014831510158613,0.024868146363473467,0.04985071340211527,0.10051964257571734,0.05817319836011425,0.09979857643409046,0.05820414231629185,0.09983527740537086,0.058043665520301026,0.10014831510158613,0.058412834113768686,0.10051964257571734
IMG_0067,2,IMG_0067_r2_archive.csv,85,000001010000001000001010,5,2,10,0.3180620223140892,0.3704577529853745,0.0,0.0222222222222222,0.02509482883314659,0.04999104064524625,0.10011377301096927,0.02500415584527734,0.0502587418475269,0.10007491315902531,0.024568061951239523,0.04991763870268543,0.10050453041107246,0.02464146389380034,0.04958732996116173,0.100424651826521,0.058399880829787365,0.10011377301096927,0.058445936950609845,0.10007491315902531,0.05833007702166581,0.10050453041107246,0.05821781522716102,0.100424651826521
IMG_0067,2,IMG_0067_r2_archive.csv,86,000010011000110011010100,9,140,212,0.3069293096970445,0.369801531448573,0.0,0.4718954248366013,0.025043015697221303,0.050040694900507984,0.10012024965295994,0.0247969033015762,0.049988881764582695,0.09982664188271664,0.024261500897014916,0.04979458250486288,0.10023467032812827,0.024896211812099663,0.04991547982202188,0.10034261436130595,0.05840132008356308,0.10012024965295994,0.05820414231629184,0.09982664188271664,0.05809691791000202,0.10023467032812827,0.0583847686651425,0.10034261436130595
IMG_0067,2,IMG_0067_r2_archive.csv,89,111111111010101111100011,255,171,227,0.2980148850596953,0.3699074215741769,0.0,0.85359477124183,0.025006314725940892,0.0502026109502745,0.10032534331599752,0.024801221062903306,0.0498679844474237,0.09996481024518408,0.02447091232137961,0.04994570415131162,0.10048725936576404,0.024872464124800573,0.04983560123747039,0.10045055839448362,0.058511422997404305,0.10032534331599752,0.05821133858517036,0.09996481024518408,0.058301291946151766,0.10048725936576404,0.058386207918918194,0.10045055839448362
IMG_0067,2,IMG_0067_r2_archive.csv,90,001000100000110111010011,34,13,211,0.3101421643667437,0.3699311960640332,0.0,0.3372549019607843,0.025014950248595107,0.050096825797760376,0.10017638055021233,0.02480985658555752,0.049988881764582695,0.10001446450044581,0.02424638873237004,0.04960244212580661,0.10030159562869843,0.02487030524413702,0.04984423676012461,0.10042249294585742,0.05842938553218927,0.10017638055021233,0.05827106761686201,0.10001446450044581,0.058050142162291686,0.10030159562869843,0.05837901165003969,0.10042249294585742
IMG_0067,2,IMG_0067_r2_archive.csv,91,011000000111110001010110,96,124,86,0.3041416952546748,0.3699515273039913,0.0,0.4,0.024859510840819252,0.0498679844474237,0.09990004382527748,0.024708389194370503,0.04993490974799386,0.099820165240726,0.02433058507824863,0.04991763870268543,0.10029080122538067,0.025047333458548413,0.050021264974536,0.10058225011496039,0.05820917970450681,0.09990004382527748,0.05815448806103012,0.099820165240726,0.058179675002104914,0.10029080122538067,0.05855028284934827,0.10058225011496039
IMG_0067,2,IMG_0067_r2_archive.csv,92,011111011011101110101011,125,187,171,0.3012432836701719,0.3698999697736558,0.0,0.6313725490196078,0.024917800618735195,0.050075236991124844,0.10014399734025901,0.024781791136931325,0.04988309661206858,0.1000101467391187,0.024375921572183254,0.049988881764582695,0.10040738078121256,0.02496097823200627,0.04991763870268543,0.1005174836950538,0.05837901165003969,0.10014399734025901,0.058225011496039536,0.1000101467391187,0.05825739470599284,0.10040738078121256,0.058465366876581826,0.1005174836950538
IMG_0067,2,IMG_0067_r2_archive.csv,93,010100001001010011111010,80,148,250,0.3034049158482967,0.3696882823119791,0.0,0.6248366013071895,0.024969613754660485,0.0499284331060032,0.10010297860765151,0.024775314494940665,0.04989389101538635,0.09996912800651118,0.024352173884884167,0.04980105914685354,0.10053691362102578,0.02494370718669784,0.04994354527064807,0.10042681070718454,0.05833367515610507,0.10010297860765151,0.05821277783894607,0.09996912800651118,0.0582300488842545,0.10053691362102578,0.05843802105484349,0.10042681070718454
IMG_0067,2,IMG_0067_r2_archive.csv,97,111110001000111001001011,248,142,75,0.2994777595297165,0.3701110567302434,0.0,0.6078431372549019,0.024848716437501483,0.04989389101538635,0.09996265136452052,0.024762361210959344,0.04991116206069477,0.09978994091143624,0.024505454411996468,0.04994786303197518,0.10029511898670777,0.02493938942537073,0.04996945183861072,0.1006793997448203,0.05823508627246945,0.09996265136452052,0.05815448806103011,0.09978994091143624,0.058249478810226483,0.10029511898670777,0.05852941366960059,0.1006793997448203
IMG_0067,2,IMG_0067_r2_archive.csv,98,110111101000101011001110,222,138,206,0.2995380642629184,0.3697392807995619,0.0,0.7398692810457516,0.02499120256129602,0.05017454550164831,0.10024978249277314,0.02472997800100604,0.04993706862865742,0.09999503457447383,0.024406145901473005,0.04987446108941436,0.10045055839448362,0.024993361441959572,0.049988881764582695,0.1006750819834932,0.058471843518572486,0.10024978249277314,0.05822069373471243,0.09999503457447383,0.05824372179512366,0.10045055839448362,0.05855244173001182,0.1006750819834932
IMG_0067,2,IMG_0067_r2_archive.csv,99,110011011000000001101010,205,128,106,0.3004635891026819,0.3699655862592996,0.0,0.5738562091503269,0.024932912783380074,0.05000399392922757,0.10003605330708135,0.02475588456896868,0.04987661997007791,0.0998568662120064,0.02445364127607118,0.04991763870268543,0.10031454891267975,0.02509482883314659,0.050131367888377236,0.10096005423108227,0.05832432000656299,0.10003605330708135,0.05816312358368433,0.0998568662120064,0.05822860963047879,0.10031454891267975,0.05872875031753536,0.10096005423108227
IMG_0076,1,IMG_0076_r1_archive.csv,0,100100000011110001000000,144,60,64,0.449822380986024,0.3380315873468748,0.0,0.3503267973856209,0.025181184059688732,0.04992411534467609,0.10017638055021233,0.02500415584527734,0.050042853781171535,0.0996755202362679,0.024963137112669825,0.04957005891585331,0.0991595477576786,0.024285248584314006,0.049254862338974484,0.10002741778442713,0.05842722665152572,0.10017638055021233,0.05824084328757226,0.0996755202362679,0.05789758126206725,0.0991595477576786,0.057855842902571876,0.10002741778442713
IMG_0076,1,IMG_0076_r1_archive.csv,1,010011000100011001001000,76,70,72,0.4508867006869572,0.3379330536083169,0.0,0.2849673202614379,0.025131529804427,0.04988741437339568,0.10005548323305333,0.024999838083950232,0.049988881764582695,0.09966688471361368,0.024850875318165037,0.04962834869376925,0.09904080932118316,0.024278771942323345,0.0492354324130025,0.0999820812904925,0.058358142470292,0.10005548323305333,0.05821853485404887,0.09966688471361368,0.05784001111103915,0.09904080932118316,0.05783209521527279,0.0999820812904925
IMG_0076,1,IMG_0076_r1_archive.csv,2,011000110100001100110000,99,67,48,0.4504150826232556,0.3379384440854993,0.0,0.2797385620915033,0.025204931746987822,0.04998024624192848,0.10013752069826835,0.025045174577884858,0.050055807065152856,0.09967767911693146,0.024958819351342715,0.04963266645509636,0.09905808036649158,0.024296042987631775,0.04924190905499317,0.10004900659106267,0.05844089956239488,0.10013752069826835,0.05825955358665639,0.09967767911693146,0.05788318872431022,0.09905808036649158,0.057862319544562536,0.10004900659106267
IMG_0076,1,IMG_0076_r1_archive.csv,3,011101000100011001001000,116,70,72,0.4503733357975615,0.3378911855841821,0.0,0.3372549019607843,0.025170389656370966,0.04991116206069477,0.10005980099438043,0.02498688479996891,0.050016947213208894,0.0996388192649875,0.02488757628944545,0.04958517108049818,0.09906023924715512,0.02431763179426731,0.04925702121963804,0.10004468882973556,0.058380450903815384,0.10005980099438043,0.058214217092721766,0.0996388192649875,0.057844328872366256,0.09906023924715512,0.057873113947880306,0.10004468882973556
IMG_0076,1,IMG_0076_r1_archive.csv,4,000101010001100100010000,21,25,16,0.4547863672584215,0.3380190750059887,0.0,0.0810457516339869,0.025103464355800804,0.04991332094135832,0.10009434308499729,0.025001996964613787,0.04995649855462939,0.09987845501864194,0.025008473606604447,0.049744928249601146,0.09901274387255696,0.024298201868295326,0.04929803995224556,0.10004900659106267,0.05837037612738547,0.10009434308499729,0.05827898351262837,0.09987845501864194,0.05792204857625418,0.09901274387255696,0.05788174947053452,0.10004900659106267
IMG_0076,1,IMG_0076_r1_archive.csv,5,000101010001000100011100,21,17,28,0.4546834690796574,0.3378793630005632,0.0,0.0862745098039215,0.02513368868509055,0.04988957325405923,0.10015047398224969,0.025105623236464356,0.04991332094135832,0.0998611839733335,0.02499120256129602,0.049654255261731894,0.099196248728959,0.02433058507824863,0.04920952584503986,0.09995833360319342,0.058391245307133154,0.10015047398224969,0.05829337605038539,0.0998611839733335,0.05794723551732898,0.099196248728959,0.057832814842160636,0.09995833360319342
IMG_0076,1,IMG_0076_r1_archive.csv,6,001011110010100000101000,47,40,40,0.4514840587334632,0.3377691217343876,0.0,0.1660130718954248,0.025181184059688732,0.04993059198666675,0.10010945524964217,0.025001996964613787,0.050016947213208894,0.09966688471361368,0.024928595022052965,0.04970390951699363,0.09902137939521118,0.024339220600902843,0.049306675474899773,0.10013104405627771,0.05840707709866588,0.10010945524964217,0.05822860963047879,0.09966688471361368,0.05788462797808593,0.09902137939521118,0.057925646710693446,0.10013104405627771
IMG_0076,1,IMG_0076_r1_archive.csv,7,101100010010010001000000,177,36,64,0.450825794853649,0.3378458370036092,0.0,0.3620915032679738,0.025200613985660713,0.04992627422533965,0.10020012823751141,0.02498040815797825,0.050055807065152856,0.09970142680423054,0.02494154830603429,0.04961755429045149,0.098954454094641,0.024332743958912183,0.04927429226494647,0.09998424017115606,0.05844233881617059,0.10020012823751141,0.05824588067578721,0.09970142680423054,0.057837852230375596,0.098954454094641,0.05786375879833824,0.09998424017115606
IMG_0076,1,IMG_0076_r1_archive.csv,8,011111110101001100111111,127,83,63,0.4495829314887405,0.3380445320193692,0.0,0.3568627450980392,0.025116417639782125,0.04984639564078816,0.10001446450044581,0.02498472591930536,0.0499608163159565,0.09967983799759501,0.02488757628944545,0.04948586256997472,0.09902569715653828,0.024285248584314006,0.04922895577101185,0.10004468882973556,0.05832575926033869,0.10001446450044581,0.05820846007761896,0.09967983799759501,0.05779971200531948,0.09902569715653828,0.05785296439502047,0.10004468882973556
IMG_0076,1,IMG_0076_r1_archive.csv,9,011011000101010000111011,108,84,59,0.4499151789897621,0.3380156246230723,0.0,0.3281045751633987,0.025120735401109234,0.04990468541870411,0.10008354868167953,0.024976090396651145,0.04998240512259204,0.09965609031029592,0.024881099647454788,0.04958948884182529,0.09901706163388407,0.02428308970365045,0.04924838569698383,0.10006843651703465,0.058369656500497615,0.10008354868167953,0.0582048619431797,0.09965609031029592,0.05782921670772138,0.09901706163388407,0.057866637305889645,0.10006843651703465
IMG_0076,1,IMG_0076_r1_archive.csv,10,010101000011010001000010,84,52,66,0.4500542532354883,0.3380642253821242,0.0,0.2640522875816993,0.025166071895043857,0.04997161071927427,0.10015263286291325,0.025014950248595107,0.05004501266183509,0.099800735314754,0.024915641738071644,0.04955278787054488,0.099094781337772,0.024298201868295326,0.04921600248703053,0.09999719345513738,0.05843010515907713,0.10015263286291325,0.05828689940839473,0.099800735314754,0.057854403648796175,0.099094781337772,0.057837132603487745,0.09999719345513738
IMG_0076,1,IMG_0076_r1_archive.csv,11,001001110101110000101000,39,92,40,0.451352908849702,0.3380031805826417,0.0,0.2235294117647059,0.025109940997791465,0.04990252653804055,0.10013967957893191,0.024995520322623126,0.050027741616526664,0.09978130538878202,0.024909165096080984,0.04957437667718041,0.09908182805379066,0.024205369999762524,0.04909510516987153,0.09989140830262325,0.05838404903825464,0.10013967957893191,0.05826818910931061,0.09978130538878202,0.05785512327568402,0.09908182805379066,0.05773062782408576,0.09989140830262325
IMG_0076,1,IMG_0076_r1_archive.csv,12,001011010010010000011010,45,36,26,0.4521798194072337,0.3377159939718432,0.0,0.1398692810457516,0.025131529804427,0.04995002191263874,0.10016342726623101,0.025038697935894198,0.050051489303825754,0.0997877820307727,0.024963137112669825,0.04963914309708702,0.09893070640734193,0.024311155152276647,0.04925702121963804,0.10008138980101597,0.05841499299443225,0.10016342726623101,0.05829265642349755,0.0997877820307727,0.057844328872366256,0.09893070640734193,0.05788318872431022,0.10008138980101597
IMG_0076,1,IMG_0076_r1_archive.csv,13,011011110100000000100010,111,64,34,0.4506410116012462,0.3379510885429832,0.0,0.273202614379085,0.025153118611062536,0.04991547982202188,0.10012456741428705,0.025040856816557752,0.04999535840657336,0.09972517449152962,0.024885417408781897,0.04957653555784397,0.09906887476980936,0.024319790674930862,0.04922032024835763,0.10000798785845515,0.05839772194912382,0.10012456741428705,0.05825379657155358,0.09972517449152962,0.057843609245478406,0.09906887476980936,0.057849366260581216,0.10000798785845515
IMG_0076,1,IMG_0076_r1_archive.csv,14,000010000001000000011100,8,16,28,0.4583869992262882,0.3381390086107049,0.0,0.0679738562091503,0.025073240026511054,0.049826965714816186,0.10013104405627771,0.02509482883314659,0.04993922750932097,0.09989572606395036,0.024982567038641806,0.04969311511367586,0.09914875335436082,0.02422695880639806,0.049058404198591116,0.09996265136452052,0.05834374993253499,0.10013104405627771,0.05830992746880598,0.09989572606395036,0.05794147850222616,0.09914875335436082,0.0577493381231699,0.09996265136452052
IMG_0076,1,IMG_0076_r1_archive.csv,15,000100010000000100000011,17,2,3,0.4827421193483132,0.3380838231732568,0.0,0.0287581699346405,0.02522867943428691,0.04984855452145172,0.10010297860765151,0.024926436141389414,0.04976435817557313,0.10032102555467041,0.024904847334753875,0.04983776011813395,0.09894365969132324,0.024175145670472773,0.04893750688143212,0.09981584747939888,0.058393404187796705,0.10010297860765151,0.05833727329054431,0.10032102555467041,0.05789542238140369,0.09894365969132324,0.05764283334376793,0.09981584747939888
IMG_0076,1,IMG_0076_r1_archive.csv,16,010110110011110100101100,91,61,44,0.4506587144226873,0.3380168276105542,0.0,0.2562091503267973,0.02512937092376345,0.04995002191263874,0.10013320293694125,0.025055968981202624,0.050073078110461286,0.09975755770148292,0.024958819351342715,0.04965857302305901,0.0989825195432672,0.0242528653743607,0.04917930151575011,0.09997560464850185,0.05840419859111448,0.10013320293694125,0.05829553493104894,0.09975755770148292,0.057866637305889645,0.0989825195432672,0.05780259051287088,0.09997560464850185
IMG_0076,1,IMG_0076_r1_archive.csv,17,001001010001010100011100,37,21,28,0.4531771630104047,0.3377853371430064,0.0,0.1124183006535947,0.025163913014380306,0.04993706862865742,0.10023035256680117,0.025045174577884858,0.04999535840657336,0.099800735314754,0.02489405293143611,0.049734133846283377,0.09907751029246356,0.02426581865834202,0.04911237621517995,0.09991515598992234,0.058443778069946294,0.10023035256680117,0.05828042276640407,0.099800735314754,0.05790189902339435,0.09907751029246356,0.057764450287814774,0.09991515598992234
IMG_0076,1,IMG_0076_r1_archive.csv,18,000100000001110000011000,16,28,24,0.4545858368764728,0.3378515464221157,0.0,0.0888888888888888,0.0250710811458475,0.04985719004410593,0.10010513748831505,0.025030062413239986,0.04986366668609659,0.099820165240726,0.024978249277314696,0.04955710563187198,0.09904296820184672,0.02426797753900558,0.04919873144172209,0.09995401584186632,0.05834446955942283,0.10010513748831505,0.05823796478002086,0.099820165240726,0.05785944103701113,0.09904296820184672,0.057806908274197995,0.09995401584186632
IMG_0076,1,IMG_0076_r1_archive.csv,19,000100100001010000010010,18,20,18,0.4555749259359301,0.3376952707802919,0.0,0.0732026143790849,0.025200613985660713,0.04996729295794716,0.10026057689609091,0.025114258759118574,0.04999751728723691,0.09993674479655788,0.02495666047067916,0.049785946982208666,0.09902137939521118,0.024285248584314006,0.04923975017432961,0.10009218420433375,0.058476161279899595,0.10026057689609091,0.0583495069476378,0.09993674479655788,0.05792132894936634,0.09902137939521118,0.05787239432099245,0.10009218420433375
IMG_0076,1,IMG_0076_r1_archive.csv,20,001001110001010000011000,39,20,24,0.4534468368369779,0.3377140772074067,0.0,0.1084967320261438,0.025140165327081212,0.04993490974799386,0.10020012823751141,0.025116417639782125,0.050012629451881785,0.0998374362860344,0.024932912783380074,0.04963482533575991,0.09912500566706174,0.02426797753900558,0.04920520808371276,0.09993242703523078,0.05842506777086217,0.10020012823751141,0.05832216112589944,0.0998374362860344,0.05789758126206724,0.09912500566706174,0.05780187088598304,0.09993242703523078
IMG_0076,1,IMG_0076_r1_archive.csv,21,000000100000011000010000,2,6,16,0.4790866941425856,0.3381229857280514,0.0,0.0313725490196078,0.02507539890717461,0.04983776011813395,0.09988061389930548,0.02497393151598759,0.04981833019216197,0.09993458591589433,0.024831445392193056,0.04981617131149842,0.09911421126374396,0.02415571574450079,0.04919009591906788,0.10004037106840846,0.05826459097487135,0.09988061389930548,0.058242282541347966,0.09993458591589433,0.05792060932247848,0.09911421126374396,0.05779539424399238,0.10004037106840846
IMG_0076,1,IMG_0076_r1_archive.csv,22,000000110000110000000100,3,12,4,0.4777040961684539,0.3382042626942849,0.0,0.0248366013071895,0.025030062413239986,0.04980105914685354,0.09976187546281005,0.024872464124800573,0.04983128347614329,0.09994322143854854,0.02493938942537073,0.04988957325405923,0.09878606140288383,0.02432410843625797,0.04914044166380615,0.09992379151257655,0.0581976656743012,0.09976187546281005,0.05821565634649747,0.09994322143854854,0.05787167469410459,0.09878606140288383,0.05779611387088022,0.09992379151257655
IMG_0076,1,IMG_0076_r1_archive.csv,23,010111100010001000110101,94,34,53,0.4508948536362867,0.3378033413410571,0.0,0.2366013071895425,0.025153118611062536,0.049900367657377,0.10004684771039911,0.025017109129258662,0.04996513407728361,0.09975755770148292,0.024902688454090324,0.04957869443850752,0.09901922051454762,0.024302519629622436,0.04921816136769408,0.10000582897779159,0.05836677799294621,0.10004684771039911,0.05824660030267507,0.09975755770148292,0.057833534469048486,0.09901922051454762,0.0578421699917027,0.10000582897779159
IMG_0076,1,IMG_0076_r1_archive.csv,24,010101110011010100110100,87,53,52,0.4505939818675754,0.3380292361416137,0.0,0.2509803921568627,0.02511857652044568,0.04985934892476949,0.10005332435238977,0.025017109129258662,0.04998024624192848,0.09964097814565104,0.024926436141389414,0.04958517108049818,0.09896093073663167,0.02427445418099624,0.04922679689034829,0.09996912800651118,0.05834374993253497,0.10005332435238977,0.058212777838946066,0.09964097814565104,0.057824179319506425,0.09896093073663167,0.057823459692618574,0.09996912800651118
IMG_0076,1,IMG_0076_r1_archive.csv,25,011111100001001100110011,126,19,51,0.4516302191874851,0.3376831380145679,0.0,0.2562091503267973,0.025166071895043857,0.049900367657377,0.10011377301096927,0.024999838083950232,0.04991763870268543,0.09975539882081938,0.02493507166404363,0.04962834869376925,0.0991271645477253,0.02431763179426731,0.049254862338974484,0.10004037106840846,0.058393404187796705,0.10011377301096927,0.05822429186915168,0.09975539882081938,0.057896861635179396,0.0991271645477253,0.057870955067216755,0.10004037106840846
IMG_0076,1,IMG_0076_r1_archive.csv,26,000111100001110000100100,30,28,36,0.452618656349644,0.3378916890510385,0.0,0.122875816993464,0.02515095973039898,0.05000615280989113,0.10027784794139934,0.025040856816557752,0.0500493304231622,0.0998849316606326,0.02494154830603429,0.04963698421642347,0.0991595477576786,0.024287407464977557,0.04924406793565672,0.09999719345513738,0.058478320160563146,0.10027784794139934,0.05832503963345085,0.0998849316606326,0.057912693426712125,0.0991595477576786,0.057842889618590555,0.09999719345513738
IMG_0076,1,IMG_0076_r1_archive.csv,27,000000100000100100010000,2,9,16,0.4770702911366279,0.3382024137635824,0.0,0.0352941176470588,0.025090511071819484,0.04983991899879751,0.09979857643409046,0.025023585771249322,0.04984207787946106,0.0998374362860344,0.024885417408781897,0.04986366668609659,0.098973884020613,0.02427229530033268,0.049254862338974484,0.10006411875570755,0.05824300216823582,0.09979857643409046,0.05823436664558159,0.0998374362860344,0.05790765603849716,0.098973884020613,0.05786375879833824,0.10006411875570755
IMG_0076,1,IMG_0076_r1_archive.csv,28,000010100000011000010000,10,6,16,0.4625860221168999,0.3378754710058866,0.0,0.0418300653594771,0.025079716668501718,0.04983560123747039,0.10005548323305333,0.024928595022052965,0.04983128347614329,0.09997344576783829,0.024969613754660485,0.04976435817557313,0.09906239812781868,0.024127650295874593,0.04913396502181549,0.09995185696120275,0.05832360037967515,0.10005548323305333,0.05824444142201152,0.09997344576783829,0.0579321233526841,0.09906239812781868,0.057737824092964275,0.09995185696120275
IMG_0076,1,IMG_0076_r1_archive.csv,29,011011100011101000100011,110,58,35,0.4506069097529607,0.338008974265316,0.0,0.265359477124183,0.0251919784630065,0.04990252653804055,0.10007275427836176,0.025010632487268,0.04998024624192848,0.09985038957001574,0.02499120256129602,0.04959596548381595,0.09910557574108976,0.024326267316921522,0.04928076890693713,0.10013320293694125,0.05838908642646961,0.10007275427836176,0.05828042276640408,0.09985038957001574,0.05789758126206725,0.09910557574108976,0.05791341305359996,0.10013320293694125
IMG_0076,1,IMG_0076_r1_archive.csv,30,011100000100001100110011,112,67,51,0.4502031990688762,0.3378922909340588,0.0,0.3006535947712418,0.025157436372389645,0.049900367657377,0.10011161413030571,0.025045174577884858,0.049999676167900464,0.09977914650811846,0.02498040815797825,0.049613236529124374,0.09914443559303372,0.024319790674930862,0.049254862338974484,0.10010081972698795,0.05838980605335745,0.10011161413030571,0.05827466575130127,0.09977914650811846,0.05791269342671212,0.09914443559303372,0.05789182424696443,0.10010081972698795
IMG_0076,1,IMG_0076_r1_archive.csv,31,010110100001001100111011,90,19,59,0.4518199382337187,0.3377417016806317,0.0,0.2196078431372549,0.025159595253053196,0.04996945183861072,0.10020444599883853,0.02498472591930536,0.04998456400325559,0.09977051098546426,0.02492427726072586,0.049755722652918916,0.09911421126374396,0.024287407464977557,0.04927645114561002,0.10005980099438043,0.05844449769683415,0.10020444599883853,0.05824660030267507,0.09977051098546426,0.05793140372579625,0.09911421126374396,0.057874553201656,0.10005980099438043
IMG_0076,1,IMG_0076_r1_archive.csv,32,011111110001001100111010,127,19,58,0.4514134421702683,0.3377414242328266,0.0,0.2666666666666666,0.025198455104997162,0.049900367657377,0.10012024965295994,0.024999838083950232,0.04991116206069477,0.09973381001418385,0.024926436141389414,0.0495938066031524,0.0991595477576786,0.02430683739094954,0.04926565674229225,0.10008786644300663,0.05840635747177803,0.10012024965295994,0.05821493671960962,0.09973381001418385,0.057893263500740144,0.0991595477576786,0.05788678685874948,0.10008786644300663
IMG_0076,2,IMG_0076_r2_archive.csv,0,000101110001100100110100,23,25,52,0.4532468821565395,0.3382561038056098,0.0,0.130718954248366,0.024976090396651145,0.050107620201078146,0.09989140830262325,0.02513800644641766,0.04970390951699363,0.10042033406519388,0.024673847103753647,0.05028896617681664,0.10043544622983876,0.02456590307057597,0.049690956233012305,0.10022171704414695,0.05832503963345085,0.09989140830262325,0.05842075000953506,0.10042033406519388,0.05846608650346968,0.10043544622983876,0.058159525449245075,0.10022171704414695
IMG_0076,2,IMG_0076_r2_archive.csv,1,100001001010000000100110,132,160,38,0.4509497907995251,0.3380835768372989,0.0,0.4313725490196078,0.025021426890585768,0.050148638933685666,0.09999503457447383,0.02512937092376345,0.04967368518770388,0.10051964257571734,0.024632828371146127,0.05015295669501277,0.10038363309391347,0.024442846872753415,0.04949665697329249,0.09995185696120275,0.05838836679958176,0.09999503457447383,0.05844089956239489,0.10051964257571734,0.05838980605335745,0.10038363309391347,0.05796378693574955,0.09995185696120275
IMG_0076,2,IMG_0076_r2_archive.csv,2,100110100101010000000110,154,84,6,0.4549960242025479,0.3379244126444896,0.0,0.318954248366013,0.025032221293903537,0.050131367888377236,0.09994106255788499,0.025107782117127914,0.04979890026618999,0.10049589488841826,0.02472997800100604,0.05026521848951755,0.10059520339894172,0.024529202099295558,0.04958732996116173,0.10013320293694125,0.05836821724672192,0.09994106255788499,0.05846752575724539,0.10049589488841826,0.058530133296488436,0.10059520339894172,0.058083244999132845,0.10013320293694125
IMG_0076,2,IMG_0076_r2_archive.csv,3,001011001000000000111100,44,128,60,0.4515211152850881,0.338083101711641,0.0,0.3032679738562091,0.024976090396651145,0.05014648005302211,0.09994106255788499,0.02511857652044568,0.04978162922088156,0.1004851004851005,0.024693277029725628,0.05019181654695674,0.10042681070718454,0.02446443567938895,0.04950313361528315,0.09989140830262325,0.05835454433585274,0.09994106255788499,0.058461768742142574,0.1004851004851005,0.05843730142795563,0.10042681070718454,0.05795299253243178,0.09989140830262325
IMG_0076,2,IMG_0076_r2_archive.csv,5,000101000010000000010001,20,32,17,0.4545273523759872,0.3383612309248332,0.0,0.0901960784313725,0.025008473606604447,0.05010114355908748,0.09994969808053919,0.025053810100539073,0.049708227278320735,0.10035988540661438,0.02466305270043588,0.05021988199558293,0.1004656705591285,0.024572379712566626,0.04965857302305901,0.10019796935684785,0.058353105082077035,0.09994969808053919,0.058373974261824724,0.10035988540661438,0.058449535085049104,0.1004656705591285,0.058142974030824496,0.10019796935684785
IMG_0076,2,IMG_0076_r2_archive.csv,6,000100100010001100001010,18,35,10,0.4564344059597862,0.338058499282275,0.0,0.0823529411764705,0.025010632487268,0.050137844530367896,0.09990220270594102,0.025166071895043857,0.04971254503964784,0.10048725936576404,0.024678164865080753,0.05027817177349887,0.10063406325088568,0.024578856354557286,0.049665049665049664,0.1000662776363711,0.058350226574525633,0.09990220270594102,0.058455292100151914,0.10048725936576404,0.05853013329648843,0.10063406325088568,0.05810339455199268,0.1000662776363711
IMG_0076,2,IMG_0076_r2_archive.csv,7,100010010010100000001011,137,40,11,0.4525372961803235,0.3380400485479214,0.0,0.2457516339869281,0.024922118380062305,0.04996513407728361,0.09984823068935218,0.025023585771249322,0.049749246010928255,0.10033397883865174,0.024699753671716288,0.05029760169947086,0.10049157712709114,0.02460908068384704,0.049736292726946935,0.10022819368613761,0.05824516104889937,0.09984823068935218,0.05836893687360978,0.10033397883865174,0.058496310832759434,0.10049157712709114,0.05819118903231053,0.10022819368613761
IMG_0076,2,IMG_0076_r2_archive.csv,8,110011101010101100001011,206,171,11,0.4544595804555489,0.3379681719808061,0.0,0.5071895424836602,0.02496745487399693,0.050012629451881785,0.10001446450044581,0.025064604503856842,0.0497147039203114,0.1004656705591285,0.02461771620650125,0.05018965766629318,0.1004570350364743,0.024395351498155235,0.04945779712134852,0.09993674479655788,0.05833151627544151,0.10001446450044581,0.05841499299443225,0.1004656705591285,0.05842146963642291,0.1004570350364743,0.057929964472020555,0.09993674479655788
IMG_0076,2,IMG_0076_r2_archive.csv,9,001110110011100101000011,59,57,67,0.4507622391001536,0.3382587310255269,0.0,0.2392156862745098,0.02496745487399693,0.050034218258517324,0.09983959516669796,0.02509482883314659,0.049768675936900236,0.10034477324196951,0.024639305013136787,0.05027601289283532,0.100405221900549,0.02459612739986572,0.04964561973907768,0.10013536181760481,0.05828042276640407,0.09983959516669796,0.058402759337338774,0.10034477324196951,0.05844017993550704,0.100405221900549,0.05812570298551608,0.10013536181760481
IMG_0076,2,IMG_0076_r2_archive.csv,10,000100010101100000011010,17,88,26,0.4531453301033656,0.3381269141172027,0.0,0.1712418300653594,0.025012791367931556,0.050137844530367896,0.099921632631913,0.02514232420774477,0.04972333944296561,0.10055202578567064,0.024613398445174146,0.05026521848951755,0.1005585024276613,0.024535678741286218,0.04959164772248885,0.10003173554575423,0.05835742284340415,0.099921632631913,0.05847256314546034,0.10055202578567064,0.058479039787451004,0.1005585024276613,0.0580530206698431,0.10003173554575423
IMG_0076,2,IMG_0076_r2_archive.csv,11,011000110010100000001011,99,40,11,0.4531223867049412,0.3380604515520566,0.0,0.196078431372549,0.024891894050772558,0.04995865743529295,0.0998331185247073,0.025036539055230643,0.04978162922088156,0.10023898808945537,0.024671688223090092,0.05033646155141482,0.10054339026301644,0.024626351729155466,0.049783788101545115,0.1002562591347638,0.05822789000359094,0.0998331185247073,0.05835238545518919,0.10023898808945537,0.058517180012507115,0.10054339026301644,0.05822213298848813,0.1002562591347638
IMG_0076,2,IMG_0076_r2_archive.csv,12,001000110011011100010111,35,55,23,0.4527088890951819,0.3382145589365806,0.0,0.1477124183006536,0.02498472591930536,0.05012273236572302,0.09992379151257655,0.02507755778783816,0.04960460100647017,0.10037715645192281,0.024721342478351824,0.0501982931889474,0.10045055839448362,0.02455942642858531,0.04963698421642347,0.10001878226177292,0.05834374993253497,0.09992379151257655,0.05835310508207705,0.10037715645192281,0.058456731353927614,0.10045055839448362,0.05807173096892724,0.10001878226177292
IMG_0076,2,IMG_0076_r2_archive.csv,13,000100100001000000001001,18,16,9,0.4579217392777956,0.3379814411726653,0.0,0.0562091503267973,0.024993361441959572,0.050161592217666987,0.09994969808053919,0.025090511071819484,0.04983560123747039,0.1004699883204556,0.024812015466221072,0.05031919050610639,0.1007398484033998,0.024511931053987128,0.04960460100647017,0.10005332435238977,0.05836821724672192,0.09994969808053919,0.058465366876581826,0.1004699883204556,0.05862368479190908,0.1007398484033998,0.058056618804282346,0.10005332435238977
IMG_0076,2,IMG_0076_r2_archive.csv,14,100111000100010000010100,156,68,20,0.4510211269896078,0.338123328615177,0.0,0.318954248366013,0.02498040815797825,0.05002558273586311,0.09997344576783829,0.025049492339211964,0.049656414142395446,0.10047430608178272,0.0247364546429967,0.0502349941602278,0.1005347547403622,0.024505454411996468,0.0495981243644795,0.10002957666509069,0.05832647888722655,0.09997344576783829,0.058393404187796705,0.10047430608178272,0.05850206784786224,0.1005347547403622,0.05804438514718888,0.10002957666509069
IMG_0076,2,IMG_0076_r2_archive.csv,15,100011001000011000011001,140,134,25,0.451238081796997,0.3380515330310302,0.0,0.3908496732026144,0.02499120256129602,0.05013352676904079,0.09997776352916539,0.025122894281772785,0.049716862800974954,0.1005585024276613,0.024624192848491915,0.0502026109502745,0.10047646496244626,0.024425575827444986,0.04947938592798406,0.099921632631913,0.05836749761983406,0.09997776352916539,0.05846608650346968,0.1005585024276613,0.05843442292040422,0.10047646496244626,0.05794219812911402,0.099921632631913
IMG_0076,2,IMG_0076_r2_archive.csv,17,000011100010101100001011,14,43,11,0.4560882146295377,0.3381365770189259,0.0,0.0888888888888888,0.024885417408781897,0.05003205937785377,0.09990004382527748,0.02508835219115593,0.049785946982208666,0.10022171704414695,0.02473861352366025,0.05026953625084466,0.10037499757125926,0.02460260404185638,0.04972333944296561,0.1002195581634834,0.05827250687063771,0.09990004382527748,0.05836533873917051,0.10022171704414695,0.05846104911525472,0.10037499757125926,0.058181833882768465,0.1002195581634834
IMG_0076,2,IMG_0076_r2_archive.csv,18,000000010100100100000000,2,73,2,0.4879826540006126,0.3379434511642258,0.0,0.1006535947712418,0.02509482883314659,0.050079554752451946,0.10024114697011893,0.025204931746987822,0.04957437667718041,0.10081325034596063,0.024727819120342484,0.050459517749237376,0.100424651826521,0.024395351498155235,0.04952256354125513,0.10016342726623101,0.058471843518572486,0.10024114697011893,0.058530852923376286,0.10081325034596063,0.05853732956536695,0.100424651826521,0.05802711410188046,0.10016342726623101
IMG_0076,2,IMG_0076_r2_archive.csv,19,010011100111010000000110,78,116,6,0.4559574965219092,0.3379343415882787,0.0,0.261437908496732,0.024989043680632466,0.050090349155769716,0.0998374362860344,0.025114258759118574,0.04986150780543304,0.10042249294585742,0.02472997800100604,0.05024362968288202,0.10058009123429684,0.024496818889342256,0.0495333579445729,0.10005332435238977,0.05830560970747886,0.0998374362860344,0.05846608650346968,0.10042249294585742,0.058517899639394966,0.10058009123429684,0.05802783372876832,0.10005332435238977
IMG_0076,2,IMG_0076_r2_archive.csv,20,101010000100000000000110,168,64,6,0.4552774406466911,0.3379130652843944,0.0,0.3111111111111111,0.025073240026511054,0.050148638933685666,0.10000582897779159,0.025120735401109234,0.04978162922088156,0.10051100705306314,0.024719183597688273,0.0502306763989007,0.10056497906965198,0.024505454411996468,0.04955926451253554,0.10008354868167953,0.058409235979329434,0.10000582897779159,0.05847112389168465,0.10051100705306314,0.058504946355413645,0.10056497906965198,0.05804942253540385,0.10008354868167953
IMG_0076,2,IMG_0076_r2_archive.csv,21,100010100111111000000110,138,126,6,0.4552079839527155,0.337914482988096,0.0,0.3529411764705882,0.025021426890585768,0.05014000341103145,0.09994538031921209,0.025114258759118574,0.04984423676012461,0.10054123138235288,0.02476667897228645,0.05024578856354557,0.1004894182464276,0.024486024486024487,0.04952904018324579,0.10005332435238977,0.05836893687360977,0.09994538031921209,0.05849990896719869,0.10054123138235288,0.058500628594086536,0.1004894182464276,0.05802279634055335,0.10005332435238977
IMG_0076,2,IMG_0076_r2_archive.csv,22,100111100010000001010001,158,32,81,0.452090484078756,0.3380787466734684,0.0,0.3542483660130718,0.024904847334753875,0.049975928480601374,0.09984175404736152,0.025019268009922217,0.049654255261731894,0.10037715645192281,0.02462203396782836,0.0502349941602278,0.10032318443533397,0.024563744189912414,0.04961755429045149,0.1000382121877449,0.05824084328757226,0.09984175404736152,0.058350226574525633,0.10037715645192281,0.05839340418779671,0.10032318443533397,0.05807317022270294,0.1000382121877449
IMG_0076,2,IMG_0076_r2_archive.csv,24,110101000100101001101110,212,74,110,0.4549930948978044,0.3379578134597405,0.0,0.5176470588235295,0.024932912783380074,0.0499284331060032,0.09977266986612782,0.025010632487268,0.049708227278320735,0.10037499757125926,0.024516248815314234,0.05024794744420913,0.1003965863778948,0.024483865605360932,0.04955926451253554,0.10002525890376357,0.05821133858517036,0.09977266986612782,0.05836461911228266,0.10037499757125926,0.05838692754580605,0.1003965863778948,0.05802279634055335,0.10002525890376357
IMG_0076,2,IMG_0076_r2_archive.csv,25,100000000100010101001100,128,69,76,0.450297461724986,0.3381138899263581,0.0,0.3568627450980392,0.02495666047067916,0.050055807065152856,0.0997920997920998,0.02509266995248304,0.049762199294909576,0.10034261436130595,0.024634987251809685,0.050263059608854,0.10035772652595082,0.024527043218632003,0.04958085331917108,0.10009218420433375,0.05826818910931061,0.0997920997920998,0.05839916120289953,0.10034261436130595,0.05841859112887151,0.10035772652595082,0.05806669358071228,0.10009218420433375
IMG_0076,2,IMG_0076_r2_archive.csv,26,000010000001000000000100,8,16,4,0.4660829516171279,0.3381896441280823,0.0,0.0366013071895424,0.025105623236464356,0.05015295669501277,0.10014399734025901,0.025131529804427,0.04972765720429272,0.10058440899562394,0.024606921803183485,0.05033214379008771,0.1004570350364743,0.024492501128015147,0.04958732996116173,0.0998892494219597,0.05846752575724538,0.10014399734025901,0.058481198668114555,0.10058440899562394,0.058465366876581826,0.1004570350364743,0.05798969350371219,0.0998892494219597
IMG_0076,2,IMG_0076_r2_archive.csv,28,100010110011100101000111,139,57,71,0.4499942278868429,0.3381793211346226,0.0,0.3490196078431372,0.02503438017456709,0.050081713633115504,0.09990867934793168,0.025090511071819484,0.04978810586287222,0.10051100705306314,0.024660893819772323,0.05028680729615309,0.10040306301988546,0.024535678741286218,0.04957869443850752,0.10007275427836176,0.05834159105187142,0.09990867934793168,0.058463207995918275,0.10051100705306314,0.058450254711936954,0.10040306301988546,0.05806237581938517,0.10007275427836176
IMG_0076,2,IMG_0076_r2_archive.csv,29,100011110010110000110101,143,44,53,0.4502862355455355,0.3383773598135402,0.0,0.3137254901960784,0.025008473606604447,0.050103302439751043,0.10000798785845515,0.02512937092376345,0.049695273994339415,0.1005585024276613,0.024671688223090092,0.05025226520553623,0.10039874525855835,0.024546473144603988,0.04962834869376925,0.10005332435238977,0.05837325463493689,0.10000798785845515,0.05846104911525472,0.1005585024276613,0.05844089956239489,0.10039874525855835,0.05807604873025433,0.10005332435238977
IMG_0076,2,IMG_0076_r2_archive.csv,30,101011010011100101101110,173,57,110,0.4543643187879947,0.3380207858997319,0.0,0.4444444444444444,0.024969613754660485,0.0499608163159565,0.0998331185247073,0.025017109129258662,0.04981185355017131,0.10036636204860504,0.024522725457304894,0.05019613430828384,0.1004332873491752,0.024509772173323573,0.0495981243644795,0.10010513748831505,0.05825451619844143,0.0998331185247073,0.05839844157601167,0.10036636204860504,0.05838404903825464,0.1004332873491752,0.058071011342039375,0.10010513748831505
IMG_0076,2,IMG_0076_r2_archive.csv,31,011101100100100000001010,118,72,10,0.4533120634201814,0.3380355606931291,0.0,0.261437908496732,0.025008473606604447,0.05004501266183509,0.09983095964404376,0.025107782117127914,0.049744928249601146,0.10055634354699775,0.024682482626407858,0.05027385401217177,0.10048078272377338,0.02458533299654795,0.049641301977750574,0.10004468882973556,0.058294815304161106,0.09983095964404376,0.058469684637908935,0.10055634354699775,0.058479039787451004,0.10048078272377338,0.05809044126801136,0.10004468882973556
IMG_0076,2,IMG_0076_r2_archive.csv,32,000010000001001100001101,8,19,13,0.459307478211638,0.3381662012975017,0.0,0.0522875816993464,0.024993361441959572,0.05014648005302211,0.09997128688717473,0.025066763384520394,0.049695273994339415,0.100405221900549,0.024613398445174146,0.05027601289283532,0.1005347547403622,0.0245551086672582,0.049684479591021645,0.10011593189163281,0.05837037612738547,0.09997128688717473,0.058389086426469596,0.100405221900549,0.058474722026123895,0.1005347547403622,0.05811850671663755,0.10011593189163281
IMG_0076,2,IMG_0076_r2_archive.csv,35,000011010001010000010100,13,20,20,0.456253872739121,0.3382261748419953,0.0,0.0692810457516339,0.024932912783380074,0.05003853601984443,0.09988709054129614,0.025096987713810144,0.0495657411545262,0.10026489465741803,0.024624192848491915,0.05021772311491938,0.10052827809837156,0.024589650757875055,0.04972765720429272,0.10013752069826835,0.05828617978150689,0.09988709054129614,0.05830920784191812,0.10026489465741803,0.058456731353927614,0.10052827809837156,0.05815160955347871,0.10013752069826835
IMG_0076,2,IMG_0076_r2_archive.csv,36,001011100100100001001111,46,72,79,0.4521280401361032,0.3381264261003725,0.0,0.2575163398692811,0.024917800618735195,0.05003637713918088,0.099800735314754,0.02508187554916527,0.049695273994339415,0.10032966107732463,0.024619875087164806,0.05027385401217177,0.10046351167846496,0.024518407695977792,0.04953551682523645,0.09994969808053919,0.05825163769089003,0.099800735314754,0.05836893687360978,0.10032966107732463,0.058452413592600505,0.10046351167846496,0.05800120753391782,0.09994969808053919
IMG_0076,2,IMG_0076_r2_archive.csv,37,100000000010000001001110,128,32,78,0.4514772349773266,0.3381217314002332,0.0,0.3111111111111111,0.024889735170109,0.04998024624192848,0.09972301561086608,0.02503438017456709,0.049734133846283377,0.10026921241874513,0.024673847103753647,0.05020045206961095,0.10039010973590412,0.024578856354557286,0.049641301977750574,0.10015479174357679,0.05819766567430119,0.09972301561086608,0.05834590881319853,0.10026921241874513,0.0584214696364229,0.10039010973590412,0.05812498335862822,0.10015479174357679
IMG_0076,2,IMG_0076_r2_archive.csv,38,011100010111111000100111,113,126,39,0.4504339368477173,0.3380872853194794,0.0,0.3633986928104575,0.024945866067361395,0.05009898467842393,0.09990867934793168,0.025079716668501718,0.049796741385526436,0.10042681070718454,0.024682482626407858,0.0502026109502745,0.10033181995798818,0.0244342113500992,0.04950097473461959,0.09997344576783829,0.05831784336457233,0.09990867934793168,0.05843442292040423,0.10042681070718454,0.058405637844890175,0.10033181995798818,0.057969543950852354,0.09997344576783829
IMG_0076,2,IMG_0076_r2_archive.csv,39,100101110011100101000101,151,57,69,0.4501398295717518,0.3381395663831709,0.0,0.3620915032679738,0.024993361441959572,0.050075236991124844,0.09995833360319342,0.025086193310492378,0.049721180562302056,0.10050021264974536,0.024656576058445217,0.05024578856354557,0.10037067980993215,0.024563744189912414,0.0496261898131057,0.10013104405627771,0.05834231067875928,0.09995833360319342,0.05843586217417993,0.10050021264974536,0.05842434814397431,0.10037067980993215,0.058106992686431935,0.10013104405627771
IMG_0076,2,IMG_0076_r2_archive.csv,40,001111100010100000100110,62,40,38,0.4512493079764474,0.3381434208284701,0.0,0.1830065359477124,0.024965295993333376,0.050105461320414595,0.09990652046726814,0.025096987713810144,0.049721180562302056,0.10030591339002554,0.024600445161192825,0.05027817177349887,0.10050021264974536,0.02459180963853861,0.04969311511367586,0.10014183845959547,0.05832575926033871,0.09990652046726814,0.05837469388871258,0.10030591339002554,0.05845960986147902,0.10050021264974536,0.058142254403936645,0.10014183845959547
IMG_0076,2,IMG_0076_r2_archive.csv,41,110010110111111001010111,203,126,87,0.452896288402977,0.3379963518184595,0.0,0.5437908496732026,0.024889735170109,0.049988881764582695,0.09981800636006244,0.025027903532576428,0.04966073190372256,0.100424651826521,0.024557267547921754,0.05023931192155491,0.10025410025410025,0.02439103373682813,0.04942109615006811,0.09989140830262325,0.05823220776491805,0.09981800636006244,0.05837109575427333,0.100424651826521,0.058350226574525633,0.10025410025410025,0.0579011793965065,0.09989140830262325
IMG_0076,2,IMG_0076_r2_archive.csv,42,101111110011011101011101,191,55,93,0.4533630891996295,0.3380300455232377,0.0,0.4431372549019607,0.02492427726072586,0.04999535840657336,0.09987845501864194,0.025006314725940892,0.049665049665049664,0.10047214720111916,0.024581015235220844,0.05024362968288202,0.10035772652595082,0.024516248815314234,0.04958301219983463,0.10003605330708135,0.05826603022864705,0.09987845501864194,0.05838117053070324,0.10047214720111916,0.05839412381468456,0.10035772652595082,0.05804510477407674,0.10003605330708135
IMG_0076,2,IMG_0076_r2_archive.csv,43,011110110001010101000110,123,21,70,0.4519650065481108,0.3380950288160934,0.0,0.2797385620915033,0.024898370692763218,0.05004501266183509,0.09984823068935218,0.025043015697221303,0.04979026474353577,0.10029296010604422,0.024650099416454557,0.050334302670751264,0.10037283869059571,0.024583174115884395,0.049710386158984286,0.1002238759248105,0.0582638713479835,0.09984823068935218,0.05837541351560043,0.10029296010604422,0.058452413592600505,0.10037283869059571,0.058172478733226396,0.1002238759248105
IMG_0076,2,IMG_0076_r2_archive.csv,44,001111100000111100001010,62,15,10,0.4560487028802953,0.33804549046154,0.0,0.1137254901960784,0.024982567038641806,0.050051489303825754,0.09981368859873532,0.025066763384520394,0.049814012430834866,0.10051964257571734,0.024656576058445217,0.05028464841548954,0.10051316593372668,0.024654417177781662,0.04970390951699363,0.10014831510158613,0.05828258164706762,0.09981368859873532,0.05846680613035754,0.10051964257571734,0.05848479680255381,0.10051316593372668,0.058168880598787144,0.10014831510158613
IMG_0076,2,IMG_0076_r2_archive.csv,46,100110100101101001011100,154,90,92,0.4523587779149443,0.3380377371509285,0.0,0.4392156862745098,0.024913482857408093,0.049975928480601374,0.0998288007633802,0.025047333458548413,0.049678002949030985,0.1004527172751472,0.024524884337968452,0.05022851751823715,0.10035988540661438,0.024503295531332916,0.04949449809262894,0.09994322143854854,0.05823940403379655,0.0998288007633802,0.05839268456090887,0.1004527172751472,0.05837109575427333,0.10035988540661438,0.05798033835417014,0.09994322143854854
IMG_0078,1,IMG_0078_r1_archive.csv,0,001001100101001001001111,38,82,79,0.4472523697290591,0.3384352887207442,0.0,0.2601307189542483,0.02484655755683793,0.0504724710332187,0.10091903549847475,0.024865987482809913,0.05054587297577952,0.10032966107732463,0.025461838545950695,0.05055450849843373,0.1006750819834932,0.024481706724697377,0.049289404429591344,0.09983959516669796,0.05874602136284379,0.10091903549847475,0.05858050717863802,0.10032966107732463,0.058897143009292545,0.1006750819834932,0.0578702354403289,0.09983959516669796
IMG_0078,1,IMG_0078_r1_archive.csv,2,101000111110011101001101,163,231,77,0.4506490679031075,0.3382567391902729,0.0,0.615686274509804,0.02479258554024909,0.050422816777956965,0.10084995131724103,0.024958819351342715,0.050450882226583164,0.10036204428727794,0.02547479182993202,0.0505976861117048,0.10048294160443694,0.024475230082706717,0.04928292778760068,0.09994106255788499,0.0586884512118157,0.10084995131724103,0.058590581955067944,0.10036204428727794,0.05885180651535792,0.10048294160443694,0.0578997401427308,0.09994106255788499
IMG_0078,1,IMG_0078_r1_archive.csv,3,000101000000101000010001,20,10,17,0.4533398374987699,0.3385403497309569,0.0,0.061437908496732,0.024859510840819252,0.050440087823265395,0.10087585788520369,0.02493075390271652,0.05061063939568612,0.10040306301988546,0.02548126847192268,0.05060200387303191,0.10087801676586723,0.024520566576641343,0.049343376446180184,0.09987413725731484,0.05872515218309612,0.10087585788520369,0.05864815210609603,0.10040306301988546,0.05898709637027394,0.10087801676586723,0.057912693426712125,0.09987413725731484
IMG_0078,1,IMG_0078_r1_archive.csv,4,001100100010101101100000,50,43,96,0.4472629609436085,0.3384452787191294,0.0,0.2470588235294117,0.02486382860214636,0.05053723745312531,0.10097948415705425,0.024922118380062305,0.05052860193047109,0.10035340876462372,0.02548990399457689,0.05061495715701324,0.10068803526747452,0.02445795903739829,0.04936928301414283,0.09986981949598772,0.058793516737441966,0.10097948415705425,0.0586013763583857,0.10035340876462372,0.05893096547302155,0.10068803526747452,0.05789902051584295,0.09986981949598772
IMG_0078,1,IMG_0078_r1_archive.csv,5,000100100010101001000100,18,42,68,0.4490651521905496,0.3383507418380997,0.0,0.1673202614379084,0.024777473375604216,0.050470312152555145,0.10080461482330641,0.024840080914847268,0.050442246703928946,0.10024114697011893,0.02542729645533384,0.05057825618573282,0.10060168004093238,0.024483865605360932,0.04928508666826424,0.09975539882081938,0.05868413345048859,0.10080461482330641,0.05850782486296505,0.10024114697011893,0.058869077560666346,0.10060168004093238,0.057841450364814855,0.09975539882081938
IMG_0078,1,IMG_0078_r1_archive.csv,6,001001110101011001011111,39,86,95,0.4472066353237865,0.3383202846842313,0.0,0.2875816993464052,0.024859510840819252,0.05053723745312531,0.10092982990179253,0.024835763153520166,0.05051348976582621,0.10038147421324992,0.025435931977988054,0.05054371409511596,0.10067292310282965,0.02446443567938895,0.04938007741746059,0.09989788494461392,0.0587755260652457,0.10092982990179253,0.058576909044198766,0.10038147421324992,0.05888418972531121,0.10067292310282965,0.05791413268048782,0.09989788494461392
IMG_0078,1,IMG_0078_r1_archive.csv,7,001101100111000001001110,54,112,78,0.4471746669575686,0.338461751948449,0.0,0.318954248366013,0.024831445392193056,0.05051564864648977,0.10100970848634401,0.024898370692763218,0.050494059839854236,0.10031670779334331,0.02542297869400673,0.05056746178241505,0.10075280168738113,0.024479547844033826,0.04931531099755399,0.0997920997920998,0.05878560084167561,0.10100970848634401,0.058569712775320255,0.10031670779334331,0.05891441405460097,0.10075280168738113,0.057862319544562536,0.0997920997920998
IMG_0078,1,IMG_0078_r1_archive.csv,8,010010010001000100100000,73,17,32,0.4494611755662321,0.3384778976189969,0.0,0.1594771241830065,0.024833604272856608,0.05048542431720002,0.10085426907856815,0.024878940766791233,0.05045519998791027,0.10027784794139934,0.02539059548405343,0.05059984499236835,0.10074632504539047,0.024473071202043162,0.049364965252815717,0.0998374362860344,0.05872443255620826,0.10085426907856815,0.05853732956536695,0.10027784794139934,0.05891225517393742,0.10074632504539047,0.05789182424696443,0.0998374362860344
IMG_0078,1,IMG_0078_r1_archive.csv,9,011100011101101001000100,113,218,68,0.4493671922946788,0.3383150622714019,0.0,0.5215686274509804,0.024829286511529505,0.050459517749237376,0.10078302601667087,0.02488325852811834,0.050396910209994324,0.10031454891267975,0.025407866529361858,0.05059120946971414,0.10045919391713784,0.024412622543463665,0.04922895577101185,0.09971006232688476,0.05869061009247925,0.10078302601667087,0.058531572550264144,0.10031454891267975,0.05881942330540461,0.10045919391713784,0.057783880213786755,0.09971006232688476
IMG_0078,1,IMG_0078_r1_archive.csv,10,001010000000100100010001,40,9,17,0.4529317751885635,0.3383681800001936,0.0,0.0862745098039215,0.02479042665958554,0.05037316252269523,0.10067076422216609,0.024878940766791233,0.05061711603767679,0.10035988540661438,0.025371165558081447,0.0505696206630786,0.10097300751506359,0.024552949786594648,0.0494124606274139,0.09993890367722144,0.05861145113481562,0.10067076422216609,0.05861864740369414,0.10035988540661438,0.05897126457874121,0.10097300751506359,0.05796810469707666,0.09993890367722144
IMG_0078,1,IMG_0078_r1_archive.csv,11,001000000010011001010000,32,38,80,0.447837959759399,0.3384813486724834,0.0,0.196078431372549,0.024770996733613555,0.050463835510564485,0.10092982990179253,0.024926436141389414,0.05056314402108795,0.10037931533258636,0.025507175039885317,0.05051564864648977,0.10071394183543717,0.02445148239540763,0.049343376446180184,0.09987845501864194,0.05872155404865686,0.10092982990179253,0.058622965165021246,0.10037931533258636,0.05891225517393742,0.10071394183543717,0.05789110462007659,0.09987845501864194
IMG_0078,1,IMG_0078_r1_archive.csv,12,001011000000001100110101,44,3,53,0.4594157573734803,0.3382606286793312,0.0,0.130718954248366,0.024885417408781897,0.05048542431720002,0.10085642795923169,0.024919959499398753,0.05067324693492918,0.10034693212263306,0.025431614216660944,0.05064949924763009,0.10059952116026882,0.024537837621949773,0.04921600248703053,0.09966904359427724,0.05874242322840453,0.10085642795923169,0.058646712852320336,0.10034693212263306,0.058893544874853286,0.10059952116026882,0.057807627901085845,0.09966904359427724
IMG_0078,1,IMG_0078_r1_archive.csv,13,011001010010101101011001,101,43,89,0.4470554628801457,0.3384756964843873,0.0,0.3045751633986928,0.024831445392193056,0.05046815327189159,0.10099459632169912,0.02493075390271652,0.05058041506639637,0.10037931533258636,0.025459679665287144,0.05063006932165811,0.10064917541553056,0.02446443567938895,0.04933905868485308,0.0998849316606326,0.058764731661927916,0.10099459632169912,0.05863016143389974,0.10037931533258636,0.058912974800825274,0.10064917541553056,0.057896142008291546,0.0998849316606326
IMG_0078,1,IMG_0078_r1_archive.csv,14,000110001111111000011001,24,254,25,0.4525635886741428,0.3382466116612505,0.0,0.396078431372549,0.024853034198828592,0.05047462991388225,0.10083699803325971,0.02488325852811834,0.05049190095919068,0.10043112846851165,0.025351735632109466,0.0506862002189105,0.10050884817239958,0.02445148239540763,0.04926997450361937,0.09972733337219318,0.058721554048656845,0.10083699803325971,0.05860209598527356,0.10043112846851165,0.05884892800780652,0.10050884817239958,0.05781626342374006,0.09972733337219318
IMG_0078,1,IMG_0078_r1_archive.csv,15,000101010000000000000000,21,2,2,0.4808864944022162,0.3382655743630681,0.0,0.0326797385620915,0.024963137112669825,0.05062143379900389,0.10070530631278295,0.024945866067361395,0.050668929173602065,0.1005865678762875,0.025405707648698303,0.05044656446525605,0.1004894182464276,0.0245551086672582,0.04913396502181549,0.09965393142963237,0.05876329240815222,0.10070530631278295,0.05873378770575032,0.1005865678762875,0.058780563453460645,0.1004894182464276,0.057781001706235346,0.09965393142963237
IMG_0078,1,IMG_0078_r1_archive.csv,16,000100100000001100010101,18,3,21,0.4618925691960865,0.3383759453969372,0.0,0.0549019607843137,0.024827127630865947,0.050416340135966305,0.10072257735809137,0.024837922034183717,0.05064086372497587,0.10029080122538067,0.025451044142632925,0.0506862002189105,0.10061463332491369,0.024533519860622664,0.04920304920304921,0.0996150715776884,0.05865534837497454,0.10072257735809137,0.05858986232818009,0.10029080122538067,0.05891729256215237,0.10061463332491369,0.057783880213786755,0.0996150715776884
IMG_0078,1,IMG_0078_r1_archive.csv,17,000101010000000100000101,21,2,5,0.4707591090136983,0.3383460980026615,0.0,0.0366013071895424,0.024861669721482803,0.05067756469625628,0.10093630654378317,0.024891894050772558,0.050707789025546034,0.10059304451827816,0.02548126847192268,0.05063654596364877,0.10054986690500708,0.024516248815314234,0.04915987158977814,0.09969926792356698,0.058825180320507424,0.10093630654378317,0.05873090919819892,0.10059304451827816,0.05888922711352618,0.10054986690500708,0.057791796109553116,0.09969926792356698
IMG_0078,1,IMG_0078_r1_archive.csv,18,000110111111101001000001,27,250,65,0.4517567345412854,0.3382642328654828,0.0,0.4470588235294118,0.024917800618735195,0.05054587297577952,0.10087369900454013,0.024865987482809913,0.050450882226583164,0.10047646496244626,0.02542729645533384,0.050707789025546034,0.10068155862548386,0.02444716463408052,0.04921384360636697,0.0996431370263146,0.05877912419968495,0.10087369900454013,0.05859777822394644,0.10047646496244626,0.05893888136878791,0.10068155862548386,0.057768048422254026,0.0996431370263146
IMG_0078,1,IMG_0078_r1_archive.csv,20,010001110010010000110001,71,36,49,0.447710221753706,0.3384377570930021,0.0,0.2039215686274509,0.024868146363473467,0.05058473282772348,0.10096868975373648,0.024926436141389414,0.050507013123835556,0.10037283869059571,0.02547263294926846,0.05057609730506927,0.10066212869951188,0.024490342247351596,0.049362806372152165,0.09986334285399706,0.058807189648311144,0.10096868975373648,0.05860209598527356,0.10037283869059571,0.058903619651283205,0.10066212869951188,0.05790549715783361,0.09986334285399706
IMG_0078,1,IMG_0078_r1_archive.csv,21,001101010101101101100001,53,91,97,0.4470348984835505,0.3384860816334769,0.0,0.3150326797385621,0.024842239795510822,0.05050053648184489,0.10092982990179253,0.024885417408781897,0.05051133088516266,0.10026921241874513,0.025451044142632925,0.05054587297577952,0.10064917541553056,0.024473071202043162,0.04938871294011481,0.09990004382527748,0.05875753539304942,0.10092982990179253,0.058555320237563234,0.10026921241874513,0.058882030844647666,0.10064917541553056,0.05792060932247848,0.09990004382527748
IMG_0078,1,IMG_0078_r1_archive.csv,22,010010001111110101000101,72,253,69,0.4506365887262523,0.3382801494856802,0.0,0.5150326797385621,0.024891894050772558,0.05052212528848043,0.10088665228852145,0.024878940766791233,0.050453041107246716,0.10035772652595082,0.02537980108073566,0.05065381700895719,0.1004980537690818,0.024395351498155235,0.04923975017432961,0.09969063240091278,0.05876689054259148,0.10088665228852145,0.05856323613332959,0.10035772652595082,0.058843890619591555,0.1004980537690818,0.05777524469113254,0.09969063240091278
IMG_0078,1,IMG_0078_r1_archive.csv,23,000111010000010000000000,29,4,2,0.4737948169422045,0.3382559530265024,0.0,0.0457516339869281,0.02490052957342677,0.05044656446525605,0.10057361459230618,0.024928595022052965,0.05060416275369547,0.10059304451827816,0.02532582906414682,0.050390433568003656,0.1004894182464276,0.02445364127607118,0.04915339494778747,0.09971006232688476,0.05864023621032966,0.10057361459230618,0.058708600764675524,0.10059304451827816,0.05873522695952602,0.1004894182464276,0.057772366183581135,0.09971006232688476
IMG_0078,1,IMG_0078_r1_archive.csv,24,000001010000000001000010,5,2,66,0.4696991409388869,0.3383228897449388,0.0,0.0954248366013071,0.024885417408781897,0.05057609730506927,0.1009211943791383,0.024907006215417433,0.05055666737909728,0.1003080722706891,0.025552511533819947,0.05061495715701324,0.10059088563761462,0.024557267547921754,0.04917714263508656,0.09975539882081938,0.05879423636432982,0.1009211943791383,0.05859058195506794,0.1003080722706891,0.058919451442815934,0.10059088563761462,0.057829936334609235,0.09975539882081938
IMG_0078,1,IMG_0078_r1_archive.csv,25,001001010000010000010100,37,4,20,0.4578180671556691,0.338467310205961,0.0,0.0797385620915032,0.024868146363473467,0.05051133088516266,0.10085426907856815,0.02489405293143611,0.05053076081113464,0.10050021264974536,0.02547910959125912,0.05060632163435902,0.10069667079012873,0.0244622767987254,0.0491706659930959,0.09979425867276334,0.0587445821090681,0.10085426907856815,0.05864167546410537,0.10050021264974536,0.05892736733858229,0.10069667079012873,0.05780906715486154,0.09979425867276334
IMG_0078,1,IMG_0078_r1_archive.csv,27,001001001100000000000110,36,192,6,0.4549853617391264,0.3382633361684643,0.0,0.3058823529411765,0.02484655755683793,0.05037316252269523,0.10065996981884832,0.024783950017594876,0.050424975658620516,0.10041169854253966,0.025405707648698303,0.05059120946971414,0.10060168004093238,0.024425575827444986,0.04918146039641367,0.09969495016223988,0.0586265632994605,0.10065996981884832,0.058540208072918355,0.10041169854253966,0.058866199053114944,0.10060168004093238,0.057767328795366175,0.09969495016223988
IMG_0078,1,IMG_0078_r1_archive.csv,28,010001010000000000000000,69,2,2,0.4794424318256633,0.3382321338114472,0.0,0.0954248366013071,0.025021426890585768,0.0506862002189105,0.10077007273268955,0.02493507166404363,0.05068188245758339,0.10066860534150253,0.025401389887371194,0.050483265436536466,0.1005304369790351,0.024533519860622664,0.04916850711243234,0.09969495016223988,0.05882589994739527,0.10077007273268955,0.05876185315437652,0.10066860534150253,0.05880503076764759,0.1005304369790351,0.057798992378431634,0.09969495016223988
IMG_0078,1,IMG_0078_r1_archive.csv,29,010111010010111000111100,93,46,60,0.4471484471402547,0.3384836597966725,0.0,0.2601307189542483,0.024848716437501483,0.05054155521445241,0.10100970848634401,0.024913482857408093,0.05050917200449911,0.10036636204860504,0.025438090858651605,0.050548031856443076,0.1006750819834932,0.02447091232137961,0.049367124133479275,0.09985038957001574,0.058799993379432626,0.10100970848634401,0.05859633897017075,0.10036636204860504,0.058887068232862626,0.1006750819834932,0.05789614200829154,0.09985038957001574
IMG_0078,1,IMG_0078_r1_archive.csv,31,010111010010110100110001,93,45,49,0.4473714722120978,0.3383836385965281,0.0,0.2444444444444444,0.024833604272856608,0.05053076081113464,0.10100539072501688,0.024902688454090324,0.0505329196917982,0.10036420316794148,0.025451044142632925,0.05052428416914398,0.10066860534150253,0.024503295531332916,0.049408142866086795,0.09992595039324012,0.05878991860300271,0.10100539072501688,0.05859993710461,0.10036420316794148,0.05888131121775981,0.10066860534150253,0.05794579626355328,0.09992595039324012
IMG_0078,1,IMG_0078_r1_archive.csv,32,011100010101001001000100,113,82,68,0.4466375374484764,0.3383752990245541,0.0,0.3437908496732026,0.02477963225626777,0.05046815327189159,0.10089528781117565,0.024868146363473467,0.05052644304980754,0.10033397883865174,0.02546399742661425,0.050489742078527126,0.10059736227960528,0.024498977770005807,0.04932826428153531,0.09981152971807176,0.05871435777977834,0.10089528781117565,0.05857618941731091,0.10033397883865174,0.058850367261582215,0.10059736227960528,0.057879590589870966,0.09981152971807176
IMG_0078,1,IMG_0078_r1_archive.csv,33,011111110101101001000100,127,90,68,0.4471311506963503,0.3383317985366232,0.0,0.3725490196078431,0.024801221062903306,0.05049837760118134,0.10089960557250277,0.024902688454090324,0.05050269536250844,0.1003965863778948,0.02547695071059557,0.05046815327189159,0.10065996981884832,0.024529202099295558,0.049399507343432576,0.09993674479655788,0.05873306807886247,0.10089960557250277,0.058600656731497856,0.1003965863778948,0.0588683579337785,0.10065996981884832,0.05795515141309534,0.09993674479655788
IMG_0078,1,IMG_0078_r1_archive.csv,36,000110010010010101000010,25,37,66,0.4484102493916117,0.338403963628642,0.0,0.1673202614379084,0.024868146363473467,0.05052860193047109,0.10101402624767111,0.024907006215417433,0.05055450849843373,0.10034693212263306,0.025554670414483498,0.05060416275369547,0.1007398484033998,0.024522725457304894,0.049416778388741006,0.09993890367722144,0.058803591513871885,0.10101402624767111,0.05860281561216141,0.10034693212263306,0.058966227190526264,0.1007398484033998,0.05795946917442244,0.09993890367722144
IMG_0078,1,IMG_0078_r1_archive.csv,37,010110010011111000110001,89,62,49,0.4472481958931096,0.3383973787831815,0.0,0.261437908496732,0.02482280986953884,0.050481106555872915,0.10094710094710094,0.02488325852811834,0.05053939633378886,0.1004009041392219,0.02547695071059557,0.05057393842440572,0.100647016534867,0.024527043218632003,0.049425413911395225,0.09988061389930548,0.0587503391241709,0.10094710094710094,0.05860785300037636,0.1004009041392219,0.058899301889956096,0.100647016534867,0.05794435700977757,0.09988061389930548
IMG_0078,1,IMG_0078_r1_archive.csv,38,000011101111110000011001,14,252,25,0.453701623566988,0.3382965031561749,0.0,0.3803921568627451,0.024889735170109,0.05049190095919068,0.1008931289305121,0.024827127630865947,0.050405545732648535,0.10037067980993215,0.025384118842062767,0.05065597588962075,0.10050453041107246,0.024488183366688038,0.0492634978616287,0.09984823068935218,0.058758255019937256,0.1008931289305121,0.058534451057815545,0.10037067980993215,0.058848208380918664,0.10050453041107246,0.057866637305889645,0.09984823068935218
IMG_0078,1,IMG_0078_r1_archive.csv,39,010010100011110001000001,74,60,65,0.4470724291423016,0.3384975798858872,0.0,0.2601307189542483,0.024831445392193056,0.050476788794545806,0.10092551214046541,0.02488325852811834,0.050481106555872915,0.10036204428727794,0.025438090858651605,0.05055666737909728,0.10063838101221279,0.024492501128015147,0.04935848861082506,0.09983095964404376,0.0587445821090681,0.10092551214046541,0.05857546979042306,0.10036204428727794,0.05887771308332055,0.10063838101221279,0.057893983127627995,0.09983095964404376
IMG_0078,1,IMG_0078_r1_archive.csv,40,010001000000010000011001,68,4,25,0.4566605346072625,0.3383520255074781,0.0,0.126797385620915,0.024844398676174377,0.05047894767520936,0.10090176445316633,0.024911323976744535,0.05055450849843373,0.1005304369790351,0.02542081981334318,0.05058905058905059,0.10059952116026882,0.024438529111426306,0.04915987158977814,0.09973812777551096,0.05874170360151668,0.10090176445316633,0.05866542315140446,0.1005304369790351,0.058869797187554196,0.10059952116026882,0.057778842825571795,0.09973812777551096
IMG_0078,1,IMG_0078_r1_archive.csv,41,001000010010011001010011,33,38,83,0.4479655707721117,0.3384633261894132,0.0,0.2013071895424836,0.024850875318165037,0.05052212528848043,0.10100323184435334,0.02493938942537073,0.050504854243172005,0.10032966107732463,0.025461838545950695,0.050504854243172005,0.10065996981884832,0.024449323514744076,0.049332582042862415,0.09987629613797838,0.05879207748366627,0.10100323184435334,0.058591301581955794,0.10032966107732463,0.058875554202657006,0.10065996981884832,0.057886067231861627,0.09987629613797838
IMG_0078,1,IMG_0078_r1_archive.csv,42,001101110010001001010010,55,34,82,0.4474940543027942,0.3383910485747164,0.0,0.2235294117647059,0.024842239795510822,0.05049621872051779,0.10091039997582053,0.024902688454090324,0.050483265436536466,0.10028432458339,0.0254337730973245,0.05053507857246175,0.10060168004093238,0.024501136650669362,0.04933905868485308,0.09984823068935218,0.058749619497283044,0.10091039997582053,0.05855675949133893,0.10028432458339,0.058856843903572875,0.10060168004093238,0.05789614200829154,0.09984823068935218
IMG_0078,1,IMG_0078_r1_archive.csv,44,001110100110001001100000,58,98,96,0.4465970266877898,0.3385092212039566,0.0,0.3294117647058823,0.024853034198828592,0.05054587297577952,0.10097516639572714,0.024911323976744535,0.05048542431720002,0.10031886667400687,0.025435931977988054,0.05051348976582621,0.10066860534150253,0.024483865605360932,0.049397348462769025,0.09988061389930548,0.058791357856778415,0.10097516639572714,0.0585718716559838,0.10031886667400687,0.0588726756951056,0.10066860534150253,0.05792060932247848,0.09988061389930548
IMG_0078,1,IMG_0078_r1_archive.csv,45,001100010011100000100000,49,56,32,0.447994347381427,0.3384968108141135,0.0,0.1790849673202614,0.02484655755683793,0.05051564864648977,0.1009492598277645,0.024891894050772558,0.050465994391228036,0.10033397883865174,0.02542297869400673,0.05061927491834034,0.10065781093818477,0.024449323514744076,0.049308834355563325,0.09978994091143624,0.05877048867703074,0.1009492598277645,0.058563955760217445,0.10033397883865174,0.058900021516843946,0.10065781093818477,0.057849366260581216,0.09978994091143624
IMG_0078,1,IMG_0078_r1_archive.csv,46,001101000010101101000001,52,43,65,0.4475115200706723,0.3384171221209374,0.0,0.2091503267973856,0.024878940766791233,0.05055450849843373,0.10102913841231598,0.024913482857408093,0.05055019073710663,0.10044192287182942,0.025435931977988054,0.050666770292938514,0.1007312128807456,0.02444716463408052,0.049321787639544645,0.09984391292802508,0.058820862559180315,0.10102913841231598,0.05863519882211471,0.10044192287182942,0.058944638383890725,0.1007312128807456,0.057870955067216755,0.09984391292802508
IMG_0078,2,IMG_0078_r2_archive.csv,0,001001000100111100100011,36,79,35,0.4481100379863975,0.338691201420193,0.0,0.196078431372549,0.024572379712566626,0.05000399392922757,0.10023682920879183,0.02490052957342677,0.050429293419947625,0.10033829659997884,0.025202772866324268,0.05029112505748019,0.10022171704414695,0.024578856354557286,0.04984639564078816,0.1004527172751472,0.058271067616862016,0.10023682920879183,0.05855603986445108,0.10033829659997884,0.0585718716559838,0.10022171704414695,0.05829265642349755,0.1004527172751472
IMG_0078,2,IMG_0078_r2_archive.csv,1,010000000100011010011011,64,70,155,0.4525911630832456,0.3383570694510205,0.0,0.3777777777777777,0.024509772173323573,0.04992627422533965,0.10014399734025901,0.024909165096080984,0.050399069090657875,0.1005174836950538,0.025187660701679392,0.05035373259672325,0.10027137129940868,0.02465873493910877,0.04990252653804055,0.10040306301988546,0.05819334791297407,0.10014399734025901,0.05860857262726422,0.1005174836950538,0.0586042548659371,0.10027137129940868,0.05832144149901159,0.10040306301988546
IMG_0078,2,IMG_0078_r2_archive.csv,2,010000000111010011001011,64,116,203,0.4562893510585088,0.3383500943635273,0.0,0.5006535947712418,0.024570220831903074,0.04993922750932097,0.10010945524964217,0.02494802494802495,0.05043361118127473,0.10051532481439024,0.025189819582342947,0.05030407834146152,0.10037067980993215,0.02468895926839852,0.04985934892476949,0.10045487615581074,0.058206301196955405,0.10010945524964217,0.05863232031456331,0.10051532481439024,0.05862152591124554,0.10037067980993215,0.05833439478299291,0.10045487615581074
IMG_0078,2,IMG_0078_r2_archive.csv,4,010001010000111100100000,69,15,32,0.4499437573572252,0.3384271834604477,0.0,0.1516339869281045,0.024568061951239523,0.04997808736126493,0.10021092264082919,0.024928595022052965,0.050399069090657875,0.10041817518453032,0.02526322152490377,0.05022204087624648,0.1002562591347638,0.024557267547921754,0.049785946982208666,0.10033829659997884,0.058252357317777885,0.10021092264082919,0.05858194643241372,0.10041817518453032,0.05858050717863802,0.1002562591347638,0.05822717037670309,0.10033829659997884
IMG_0078,2,IMG_0078_r2_archive.csv,5,001110000110001001000101,56,98,69,0.44691510177222,0.3384434956351772,0.0,0.2915032679738562,0.02460260404185638,0.050021264974536,0.10020012823751141,0.024976090396651145,0.050435770061938286,0.10035124988396017,0.025207090627651377,0.05025658296686334,0.10022603480547405,0.024583174115884395,0.04983991899879751,0.10030375450936198,0.05827466575130127,0.10020012823751141,0.058587703447516536,0.10035124988396017,0.05856323613332959,0.10022603480547405,0.058242282541347966,0.10030375450936198
IMG_0078,2,IMG_0078_r2_archive.csv,6,101000110011101001110110,163,58,118,0.4497701325546834,0.3384023175006325,0.0,0.4431372549019607,0.024583174115884395,0.04997161071927427,0.10026705353808157,0.02498040815797825,0.050422816777956965,0.10034909100329661,0.02528696921220286,0.05033646155141482,0.1002800068220629,0.02454863202526754,0.049747087130264704,0.10016342726623101,0.05827394612441341,0.10026705353808157,0.05858410531307728,0.10034909100329661,0.05863447919522686,0.1002800068220629,0.058153048807254415,0.10016342726623101
IMG_0078,2,IMG_0078_r2_archive.csv,7,000100000011000000011010,16,48,26,0.4503908827081438,0.3386185411183924,0.0,0.1176470588235294,0.024613398445174146,0.050055807065152856,0.10027137129940868,0.02486382860214636,0.0503515737160597,0.10032102555467041,0.025230838314950467,0.05027601289283532,0.10015047398224969,0.02460260404185638,0.04982048907282552,0.10042681070718454,0.05831352560324523,0.10027137129940868,0.05851214262429216,0.10032102555467041,0.05855244173001182,0.10015047398224969,0.05828330127395548,0.10042681070718454
IMG_0078,2,IMG_0078_r2_archive.csv,8,001000000000111100000010,32,15,2,0.4667946506237315,0.3385786230784359,0.0,0.0640522875816993,0.024514089934650683,0.050016947213208894,0.10023898808945537,0.025073240026511054,0.05053939633378886,0.10094278318577384,0.02540354876803475,0.05026521848951755,0.10067292310282965,0.024704071433043397,0.04991763870268543,0.10087585788520369,0.05825667507910498,0.10023898808945537,0.05885180651535791,0.10094278318577384,0.058780563453460645,0.10067292310282965,0.05849918934031084,0.10087585788520369
IMG_0078,2,IMG_0078_r2_archive.csv,9,101110111111011110111110,187,247,190,0.4601543570125747,0.3383084173020938,0.0,0.8156862745098039,0.02456158530924886,0.04988957325405923,0.10010297860765151,0.02495666047067916,0.0502587418475269,0.10059952116026882,0.025166071895043857,0.050418499016629856,0.100424651826521,0.02478610889825843,0.04993059198666675,0.10041817518453032,0.05818471239031986,0.10010297860765151,0.05860497449282496,0.10059952116026882,0.05866974091273156,0.100424651826521,0.05837829202315183,0.10041817518453032
IMG_0078,2,IMG_0078_r2_archive.csv,10,101010110100011111011100,171,71,220,0.4584389866331032,0.3383191754215227,0.0,0.6039215686274509,0.02456158530924886,0.0499327508673303,0.1000986608463244,0.024945866067361395,0.050470312152555145,0.10047214720111916,0.0252804925702122,0.05040770461331209,0.10058872675695105,0.024606921803183485,0.04975356377225536,0.10033829659997884,0.05819766567430119,0.1000986608463244,0.058629441807011906,0.10047214720111916,0.05875897464682511,0.10058872675695105,0.05823292739180589,0.10033829659997884
IMG_0078,2,IMG_0078_r2_archive.csv,11,010000110000011110001100,67,7,140,0.4557450168143395,0.3384032112761355,0.0,0.2797385620915033,0.024520566576641343,0.04999751728723691,0.10019365159552075,0.024907006215417433,0.050364527000041015,0.100526119217708,0.025252427121586003,0.05028464841548954,0.10032102555467041,0.02469543591038918,0.04991332094135832,0.10033613771931528,0.058237245153133,0.10019365159552075,0.05859921747772215,0.100526119217708,0.05861936703058199,0.10032102555467041,0.05831496485702092,0.10033613771931528
IMG_0078,2,IMG_0078_r2_archive.csv,12,010010000001000000010000,72,16,16,0.4510665869572401,0.3384052633527103,0.0,0.1359477124183006,0.024496818889342256,0.04993490974799386,0.10015695062424035,0.02490052957342677,0.05045735886857382,0.10035988540661438,0.025297763615520625,0.05021556423425583,0.1004570350364743,0.024678164865080753,0.04987230220875081,0.1005865678762875,0.058196226420525486,0.10015695062424035,0.05857259128287166,0.10035988540661438,0.05865678762875024,0.1004570350364743,0.05837901165003969,0.1005865678762875
IMG_0078,2,IMG_0078_r2_archive.csv,13,010000001100100010011000,64,200,152,0.4538351609187772,0.3383565354365146,0.0,0.5437908496732026,0.024533519860622664,0.04995649855462939,0.10015479174357679,0.024945866067361395,0.050280330654162424,0.10052396033704444,0.025043015697221303,0.050427134539284074,0.10021524040215629,0.02466305270043588,0.04987446108941436,0.10034261436130595,0.05821493671960962,0.10015479174357679,0.058583385686189426,0.10052396033704444,0.058561796879553894,0.10021524040215629,0.0582933760503854,0.10034261436130595
IMG_0078,2,IMG_0078_r2_archive.csv,14,001110000000001000001000,56,2,8,0.4668295821594876,0.3385648454738312,0.0,0.0862745098039215,0.024572379712566626,0.04993706862865742,0.10012888517561415,0.024848716437501483,0.05046815327189159,0.10064053989287634,0.025159595253053196,0.050114096843068806,0.10018069831153943,0.024835763153520166,0.050096825797760376,0.10037715645192281,0.058212777838946066,0.10012888517561415,0.05865246986742314,0.10064053989287634,0.05848479680255381,0.10018069831153943,0.05843658180106779,0.10037715645192281
IMG_0078,2,IMG_0078_r2_archive.csv,15,001110000011100000101100,56,56,44,0.4477923438809079,0.3384533723043888,0.0,0.2039215686274509,0.024576697473893735,0.04999319952590981,0.10018717495353009,0.024907006215417433,0.050412022374639195,0.10030591339002554,0.025200613985660713,0.05030623722212507,0.10019581047618431,0.02459180963853861,0.04980969466950775,0.10031023115135264,0.05825235731777787,0.10018717495353009,0.058541647326694056,0.10030591339002554,0.0585675538946567,0.10019581047618431,0.058237245153133,0.10031023115135264
IMG_0078,2,IMG_0078_r2_archive.csv,16,010110110001000001100000,91,16,96,0.4487921342154976,0.3384384461298094,0.0,0.265359477124183,0.024572379712566626,0.050012629451881785,0.10019581047618431,0.024874623005464128,0.050463835510564485,0.10028648346405357,0.02528265145087575,0.05020908759226516,0.10026921241874513,0.024613398445174146,0.04983991899879751,0.10044192287182942,0.05826027321354424,0.10019581047618431,0.058541647326694056,0.10028648346405357,0.05858698382062868,0.10026921241874513,0.05829841343860035,0.10044192287182942
IMG_0078,2,IMG_0078_r2_archive.csv,17,101110111111111100011010,187,255,26,0.4530694271129114,0.3383482228298676,0.0,0.611764705882353,0.02459612739986572,0.04994786303197518,0.10014831510158613,0.02496097823200627,0.05031919050610639,0.1004613527978014,0.025183342940352287,0.050418499016629856,0.10023035256680117,0.024678164865080753,0.04984207787946106,0.1003404554806424,0.05823076851114234,0.10014831510158613,0.05858050717863802,0.1004613527978014,0.05861073150792776,0.10023035256680117,0.05828689940839473,0.1003404554806424
IMG_0078,2,IMG_0078_r2_archive.csv,18,000010000000000000001000,8,2,8,0.4711530751031015,0.3388765415741007,0.0,0.0235294117647058,0.02459612739986572,0.04998456400325559,0.10023467032812827,0.02479258554024909,0.050424975658620516,0.10049589488841826,0.02522220279229625,0.0501702277403212,0.1002195581634834,0.02484655755683793,0.050105461320414595,0.1004699883204556,0.058271787243749866,0.10023467032812827,0.058571152029095956,0.10049589488841826,0.05853732956536695,0.1002195581634834,0.05847400239923604,0.1004699883204556
IMG_0078,2,IMG_0078_r2_archive.csv,19,001000000110010001000000,32,100,64,0.447692544330861,0.3386955741607509,0.0,0.2562091503267973,0.024539996502613327,0.04998024624192848,0.10016558614689455,0.024917800618735195,0.050390433568003656,0.10030591339002554,0.025198455104997162,0.05027601289283532,0.1002238759248105,0.02454431426394043,0.04979458250486288,0.10027784794139934,0.05822860963047879,0.10016558614689455,0.0585380491922548,0.10030591339002554,0.058566114640881,0.1002238759248105,0.058205581570067555,0.10027784794139934
IMG_0078,2,IMG_0078_r2_archive.csv,20,001010010001000100110100,41,17,52,0.4495039044709732,0.3384688341504036,0.0,0.1437908496732026,0.02461771620650125,0.05009898467842393,0.10024114697011893,0.024833604272856608,0.05049621872051779,0.10035772652595082,0.025258903763576663,0.05018965766629318,0.10013752069826835,0.0246155573258377,0.04988093773140503,0.1004376051105023,0.05831928261834804,0.10024114697011893,0.05856251650644174,0.10035772652595082,0.058528694042712735,0.10013752069826835,0.05831136672258167,0.1004376051105023
IMG_0078,2,IMG_0078_r2_archive.csv,21,000011010001000100001100,13,17,12,0.4539444341451477,0.3386206039883501,0.0,0.0549019607843137,0.02462203396782836,0.05009898467842393,0.10031023115135264,0.02494154830603429,0.050453041107246716,0.10061247444425014,0.0252804925702122,0.050116255723732364,0.10039226861656768,0.02462203396782836,0.04983128347614329,0.10045487615581074,0.05834374993253497,0.10031023115135264,0.05866902128584372,0.10061247444425014,0.05859633897017075,0.10039226861656768,0.05830273119992746,0.10045487615581074
IMG_0078,2,IMG_0078_r2_archive.csv,22,010101010010010000000100,85,36,4,0.4564256229924718,0.3383804002688892,0.0,0.1633986928104575,0.024643622774463896,0.050053648184489305,0.10037283869059571,0.02493723054470718,0.05062791044099455,0.10058009123429684,0.025217885030969143,0.05028680729615309,0.10062974548955858,0.024686800387734967,0.0498960498960499,0.10059304451827816,0.05835670321651631,0.10037283869059571,0.058715077406666184,0.10058009123429684,0.05871147927222694,0.10062974548955858,0.05839196493402101,0.10059304451827816
IMG_0078,2,IMG_0078_r2_archive.csv,23,010000000100000001001101,64,64,77,0.4471065987201765,0.3384916403411016,0.0,0.2679738562091503,0.02459612739986572,0.050047171542498645,0.10020228711817496,0.02493938942537073,0.050418499016629856,0.10029511898670777,0.025215726150305588,0.05029112505748019,0.10018933383419365,0.024572379712566626,0.04980969466950775,0.10031670779334331,0.05828186202017977,0.10020228711817496,0.058551002476236125,0.10029511898670777,0.05856539501399314,0.10018933383419365,0.05823292739180589,0.10031670779334331
IMG_0078,2,IMG_0078_r2_archive.csv,25,000011000000000100001000,12,2,8,0.4696408342285736,0.3388334442386347,0.0,0.0287581699346405,0.02462203396782836,0.05002558273586311,0.10023682920879183,0.02480985658555752,0.05044872334591961,0.10063622213154923,0.025166071895043857,0.05014432117235856,0.10013967957893191,0.024801221062903306,0.05001910609387245,0.10042033406519388,0.058294815304161106,0.10023682920879183,0.05863160068767546,0.10063622213154923,0.05848335754877811,0.10013967957893191,0.05841355374065654,0.10042033406519388
IMG_0078,2,IMG_0078_r2_archive.csv,26,000010000000100100010010,8,9,18,0.4571524715477975,0.3390093128564892,0.0,0.0457516339869281,0.02464146389380034,0.05010114355908748,0.10026273577675447,0.02490052957342677,0.05047894767520936,0.10023467032812827,0.025308558018838394,0.05021124647292871,0.10039226861656768,0.024732136881669593,0.04996729295794716,0.10057361459230618,0.05833511440988076,0.10026273577675447,0.058538049192254804,0.10023467032812827,0.05863735770277826,0.10039226861656768,0.05842434814397431,0.10057361459230618
IMG_0078,2,IMG_0078_r2_archive.csv,27,000110110100000000010111,27,64,23,0.449251696412278,0.3385756722766713,0.0,0.1490196078431372,0.024563744189912414,0.050027741616526664,0.10011809077229637,0.024898370692763218,0.050390433568003656,0.10030159562869843,0.025198455104997162,0.05026521848951755,0.10027784794139934,0.024613398445174146,0.0498960498960499,0.10044624063315652,0.05823652552624515,0.10011809077229637,0.05853013329648843,0.10030159562869843,0.05858050717863802,0.10027784794139934,0.05831856299146019,0.10044624063315652
IMG_0078,2,IMG_0078_r2_archive.csv,28,011101110010101000110000,119,42,48,0.4477790265503834,0.3384451276499821,0.0,0.273202614379085,0.02456158530924886,0.04995002191263874,0.10012456741428705,0.02488757628944545,0.050418499016629856,0.10013967957893191,0.025226520553623358,0.05024362968288202,0.10014615622092257,0.024527043218632003,0.049749246010928255,0.1002519413734367,0.058212058212058215,0.10012456741428705,0.058481918295002405,0.10013967957893191,0.058538768819142654,0.10014615622092257,0.05817607686766565,0.1002519413734367
IMG_0078,2,IMG_0078_r2_archive.csv,29,000001100010000000000100,6,32,4,0.4628581476218079,0.3385862353489371,0.0,0.0549019607843137,0.024619875087164806,0.05011193796240525,0.10021308152149273,0.024909165096080984,0.05059120946971414,0.10051964257571734,0.025235156076277573,0.05021988199558293,0.10044192287182942,0.024678164865080753,0.04991116206069477,0.10068155862548386,0.05831496485702092,0.10021308152149273,0.05867333904717082,0.10051964257571734,0.05863232031456331,0.10044192287182942,0.05842362851708646,0.10068155862548386
IMG_0078,2,IMG_0078_r2_archive.csv,30,000101000010000101011010,20,33,90,0.449123484299459,0.338564171402934,0.0,0.1869281045751634,0.024511931053987128,0.04995218079330229,0.10016774502755811,0.024885417408781897,0.050414181255302754,0.10034261436130595,0.025317193541492606,0.0502349941602278,0.10017422166954877,0.02461123956451059,0.0498679844474237,0.10034909100329661,0.05821061895828251,0.10016774502755811,0.058547404341796866,0.10034261436130595,0.05857546979042306,0.10017422166954877,0.05827610500507697,0.10034909100329661
IMG_0078,2,IMG_0078_r2_archive.csv,31,001010010010100000010111,41,40,23,0.4488913326654382,0.3385957806226288,0.0,0.1359477124183006,0.024546473144603988,0.05000399392922757,0.10013967957893191,0.02487678188612768,0.0504444055845925,0.10032966107732463,0.025220043911632697,0.050161592217666987,0.10027568906073579,0.024619875087164806,0.04989820877671345,0.10043544622983876,0.05823004888425449,0.10013967957893191,0.05855028284934827,0.10032966107732463,0.05855244173001182,0.10027568906073579,0.05831784336457233,0.10043544622983876
IMG_0078,2,IMG_0078_r2_archive.csv,32,000010010000001000001000,9,2,8,0.4708059524909981,0.3388003977939807,0.0,0.0248366013071895,0.024637146132473236,0.05001910609387245,0.10031670779334331,0.02479258554024909,0.0504444055845925,0.10065349317685766,0.02519629622433361,0.050077395871788395,0.10019365159552075,0.024868146363473467,0.05013352676904079,0.1004894182464276,0.05832432000656299,0.10031670779334331,0.05863016143389974,0.10065349317685766,0.058489114563880916,0.10019365159552075,0.05849703045964729,0.1004894182464276
IMG_0078,2,IMG_0078_r2_archive.csv,33,000011000000010100010100,12,5,20,0.4589026718686411,0.338949528805937,0.0,0.0483660130718954,0.024654417177781662,0.050137844530367896,0.10031886667400687,0.024874623005464128,0.050418499016629856,0.10031454891267975,0.025371165558081447,0.05025226520553623,0.10012888517561415,0.024639305013136787,0.04978810586287222,0.10038795085524058,0.05837037612738547,0.10031886667400687,0.05853589031159125,0.10031454891267975,0.05858410531307728,0.10012888517561415,0.05827178724374985,0.10038795085524058
IMG_0078,2,IMG_0078_r2_archive.csv,34,011010000000110110101010,104,13,170,0.4565606673276261,0.3383738079838306,0.0,0.3751633986928104,0.02454863202526754,0.04996945183861072,0.10012240853362349,0.02494802494802495,0.050459517749237376,0.10044839951382006,0.025217885030969143,0.05032998490942416,0.10035340876462372,0.024717024717024715,0.04999104064524625,0.10050021264974536,0.05821349746583391,0.10012240853362349,0.05861864740369413,0.10044839951382006,0.058633759568339015,0.10035340876462372,0.058402759337338774,0.10050021264974536
IMG_0078,2,IMG_0078_r2_archive.csv,35,001100100001000100001000,50,17,8,0.4532509593450209,0.3386080944501761,0.0,0.0980392156862745,0.024509772173323573,0.050012629451881785,0.10018717495353009,0.024853034198828592,0.05056314402108795,0.10068155862548386,0.025302081376847734,0.05025010632487268,0.10036852092926858,0.024781791136931325,0.050055807065152856,0.10077439049401667,0.05823652552624515,0.10018717495353009,0.058699245615133476,0.10068155862548386,0.05864023621032966,0.10036852092926858,0.05853732956536695,0.10077439049401667
IMG_0078,2,IMG_0078_r2_archive.csv,36,000010000010100000010100,8,40,20,0.4533123562178526,0.3388280769815244,0.0,0.0888888888888888,0.024527043218632003,0.04999751728723691,0.10024978249277314,0.024842239795510822,0.050399069090657875,0.10023898808945537,0.02527185704755798,0.05034077931274193,0.10022603480547405,0.024634987251809685,0.04986366668609659,0.10047862384310982,0.05825811433288069,0.10024978249277314,0.05849343232520802,0.10023898808945537,0.05861289038859132,0.10022603480547405,0.0583257592603387,0.10047862384310982
IMG_0078,2,IMG_0078_r2_archive.csv,37,010100101111010100011010,82,245,26,0.4515513530274926,0.3383791279350966,0.0,0.461437908496732,0.024637146132473236,0.050034218258517324,0.10016126838556745,0.024911323976744535,0.05025658296686334,0.10039010973590412,0.025096987713810144,0.05029760169947086,0.10029727786737133,0.024712706955697612,0.04993706862865742,0.10047646496244626,0.058277544258852676,0.10016126838556745,0.05851933889317066,0.10039010973590412,0.058563955760217445,0.10029727786737133,0.05837541351560044,0.10047646496244626
IMG_0078,2,IMG_0078_r2_archive.csv,38,010000111110011011111110,67,230,254,0.461744410719176,0.338310175421364,0.0,0.7202614379084967,0.02461771620650125,0.0499327508673303,0.10005764211371687,0.024919959499398753,0.050355891477386804,0.10054770802434354,0.02514448308840832,0.05028464841548954,0.10056282018898842,0.02473861352366025,0.04991116206069477,0.10047646496244626,0.058202703062516147,0.10005764211371687,0.058607853000376374,0.10054770802434354,0.05866398389762876,0.10056282018898842,0.05837541351560043,0.10047646496244626
IMG_0078,2,IMG_0078_r2_archive.csv,39,000001100000101100001000,6,11,8,0.4605541055156767,0.3386116559399245,0.0,0.0326797385620915,0.024527043218632003,0.050083872513779056,0.10015479174357679,0.024833604272856608,0.05055019073710663,0.10057793235363328,0.025317193541492606,0.05018749878562963,0.10039442749723122,0.024751566807641574,0.050081713633115504,0.10079166153932509,0.058255235825329287,0.10015479174357679,0.05865390912119883,0.10057793235363328,0.05863303994145116,0.10039442749723122,0.058541647326694056,0.10079166153932509
IMG_0078,2,IMG_0078_r2_archive.csv,40,001010010010010000001101,41,36,13,0.4506185811216586,0.3385222251441279,0.0,0.1176470588235294,0.024673847103753647,0.050107620201078146,0.1002800068220629,0.024853034198828592,0.05059552723104125,0.1004613527978014,0.025250268240922445,0.05021772311491938,0.1003123900320162,0.024630669490482576,0.04993059198666675,0.10056282018898842,0.05835382470896489,0.1002800068220629,0.05863663807589042,0.1004613527978014,0.05859346046261934,0.1003123900320162,0.05837469388871258,0.10056282018898842
IMG_0078,2,IMG_0078_r2_archive.csv,41,001000010011001001000100,33,50,68,0.447947089060392,0.3386693464637845,0.0,0.1973856209150327,0.02455079090593109,0.049986722883919144,0.10015479174357679,0.024965295993333376,0.050459517749237376,0.10031023115135264,0.025159595253053196,0.05025658296686334,0.10020228711817496,0.02454431426394043,0.049747087130264704,0.1002800068220629,0.05823076851114234,0.10015479174357679,0.05857834829797446,0.10031023115135264,0.0585394884460305,0.10020228711817496,0.05819046940542268,0.1002800068220629
IMG_0078,2,IMG_0078_r2_archive.csv,42,001010010010001100000001,41,35,2,0.465092716101566,0.3384517787679337,0.0,0.1019607843137254,0.02458533299654795,0.050092508036433274,0.1003080722706891,0.025008473606604447,0.05057609730506927,0.10084779243657749,0.02542297869400673,0.05028248953482599,0.10057145571164262,0.024734295762333144,0.04998456400325559,0.10090176445316633,0.0583286377678901,0.1003080722706891,0.058810787782750396,0.10084779243657749,0.05875897464682511,0.10057145571164262,0.058540208072918355,0.10090176445316633
IMG_0078,2,IMG_0078_r2_archive.csv,43,001010010000110000101101,41,12,45,0.4505771390791171,0.3385724754270461,0.0,0.1281045751633986,0.024589650757875055,0.04996945183861072,0.1000705953976982,0.02480985658555752,0.05040770461331209,0.1002195581634834,0.025261062644240214,0.0500493304231622,0.10018285719220299,0.02462203396782836,0.04989820877671345,0.10043112846851165,0.058209899331394664,0.1000705953976982,0.058479039787451004,0.1002195581634834,0.058497750086535134,0.10018285719220299,0.05831712373768449,0.10043112846851165
IMG_0078,2,IMG_0078_r2_archive.csv,44,001000010010010100001111,33,37,15,0.4501822332416604,0.3387318546720112,0.0,0.1111111111111111,0.024520566576641343,0.04995218079330229,0.10020660487950209,0.024922118380062305,0.05052428416914398,0.10051532481439024,0.025306399138174836,0.05013568564970434,0.10040738078121256,0.024682482626407858,0.049900367657377,0.10050668929173602,0.058226450749815244,0.10020660487950209,0.05865390912119884,0.10051532481439024,0.05861648852303058,0.10040738078121256,0.058363179858506954,0.10050668929173602
IMG_0078,2,IMG_0078_r2_archive.csv,45,001010000011000000001101,40,48,13,0.4505309559653144,0.3385399482285821,0.0,0.1320261437908496,0.024587491877211504,0.05001910609387245,0.10014831510158613,0.02488325852811834,0.05047462991388225,0.1004570350364743,0.025230838314950467,0.05023715304089136,0.10029943674803488,0.024626351729155466,0.04987230220875081,0.10055634354699775,0.058251637690890035,0.10014831510158613,0.05860497449282496,0.1004570350364743,0.05858914270129223,0.10029943674803488,0.05835166582830134,0.10055634354699775
IMG_0082,1,IMG_0082_r1_archive.csv,0,110111111011010011011100,223,180,220,0.3520245753694427,0.3595161114340443,0.0,0.8143790849673203,0.025021426890585768,0.05028680729615309,0.10017638055021233,0.024634987251809685,0.049744928249601146,0.1003965863778948,0.025019268009922217,0.04983991899879751,0.09991083822859524,0.024326267316921522,0.04917930151575011,0.09960211829370708,0.05849487157898373,0.10017638055021233,0.058258833959768545,0.1003965863778948,0.05825667507910499,0.09991083822859524,0.057702562375459565,0.09960211829370708
IMG_0082,1,IMG_0082_r1_archive.csv,3,000100100101000001000000,18,80,64,0.3590770119985698,0.3596858442602426,0.0,0.2117647058823529,0.024926436141389414,0.050494059839854236,0.10059736227960528,0.02466305270043588,0.04976435817557313,0.10065133429619412,0.02507755778783816,0.050012629451881785,0.0998935671832868,0.024352173884884167,0.0492634978616287,0.09967336135560434,0.05867261942028298,0.10059736227960528,0.05835958172406771,0.10065133429619412,0.058327918141002244,0.0998935671832868,0.05776301103403907,0.09967336135560434
IMG_0082,1,IMG_0082_r1_archive.csv,7,101010100000000110100111,170,2,167,0.3637114684197222,0.3593407122522842,0.0,0.4431372549019607,0.024952342709352055,0.05061279827634967,0.10053691362102578,0.024818492108211736,0.050148638933685666,0.1007959793006522,0.025146641969071876,0.050064442587807075,0.09994106255788499,0.02423343544838872,0.04918146039641367,0.0998655017346606,0.05870068486890917,0.10053691362102578,0.058587703447516536,0.1007959793006522,0.05838404903825464,0.09994106255788499,0.05776013252648767,0.0998655017346606
IMG_0082,1,IMG_0082_r1_archive.csv,8,001100111011010011000110,51,180,198,0.3529994920123088,0.359709289480193,0.0,0.5607843137254902,0.025027903532576428,0.050388274687340105,0.10035340876462372,0.024656576058445217,0.04977731145955445,0.1005541846663342,0.02507539890717461,0.049975928480601374,0.09975323994015582,0.024362968288201933,0.0492915633102549,0.0998611839733335,0.05858986232818009,0.10035340876462372,0.05832935739477796,0.1005541846663342,0.05826818910931061,0.09975323994015582,0.05783857185726345,0.0998611839733335
IMG_0082,1,IMG_0082_r1_archive.csv,10,001011011110100011011000,45,232,216,0.3518944075647284,0.3595451523720139,0.0,0.6444444444444445,0.025049492339211964,0.050405545732648535,0.10035556764528727,0.024712706955697612,0.049749246010928255,0.10044839951382006,0.025017109129258662,0.04994570415131162,0.09968199687825856,0.024380239333510363,0.04924190905499317,0.09974676329816516,0.05860353523904926,0.10035556764528727,0.05830345082681531,0.10044839951382006,0.05821493671960961,0.09968199687825856,0.05778963722888956,0.09974676329816516
IMG_0082,1,IMG_0082_r1_archive.csv,11,010100010000001111100100,81,3,228,0.3602163337536145,0.3594091984783114,0.0,0.4078431372549019,0.024976090396651145,0.05052860193047109,0.10043544622983876,0.02474509016565091,0.04983776011813395,0.10056929683097908,0.02507539890717461,0.0502263586375736,0.0997964175534269,0.024365127168865488,0.0492311146516754,0.09963450150366038,0.058646712852320336,0.10043544622983876,0.05838404903825465,0.10056929683097908,0.05836605836605837,0.0997964175534269,0.05774358110806709,0.09963450150366038
IMG_0082,1,IMG_0082_r1_archive.csv,12,110001101101100111011101,198,217,221,0.3522364504576235,0.3594786787346853,0.0,0.8313725490196079,0.025017109129258662,0.0502673773701811,0.10016558614689455,0.02464146389380034,0.049736292726946935,0.10040306301988546,0.025017109129258662,0.04985719004410593,0.09984823068935218,0.024332743958912183,0.04918793703840433,0.09960643605503419,0.05848335754877811,0.10016558614689455,0.058260273213544246,0.10040306301988546,0.05824084328757226,0.09984823068935218,0.05770903901745023,0.09960643605503419
IMG_0082,1,IMG_0082_r1_archive.csv,15,010000100001100001000100,66,24,68,0.3580462861740012,0.3599976994335458,0.0,0.2065359477124183,0.025010632487268,0.05051564864648977,0.10066644646083898,0.024788267778921985,0.04985071340211527,0.10065565205752122,0.024999838083950232,0.050034218258517324,0.09969495016223988,0.024375921572183254,0.04921600248703053,0.0995826883677351,0.05873090919819892,0.10066644646083898,0.05843154441285283,0.10065565205752122,0.05824300216823581,0.09969495016223988,0.057724870808982955,0.0995826883677351
IMG_0082,1,IMG_0082_r1_archive.csv,17,010001010100000011000100,69,64,196,0.3544337083997962,0.3596396967827712,0.0,0.4300653594771242,0.025038697935894198,0.05048758319786357,0.1004570350364743,0.024727819120342484,0.04982264795348907,0.10063838101221279,0.0250710811458475,0.05013352676904079,0.09977482874679136,0.024315472913603753,0.04917714263508656,0.09964097814565104,0.05866110539007735,0.1004570350364743,0.05839628269534811,0.10063838101221279,0.05832647888722655,0.09977482874679136,0.05771119789811378,0.09964097814565104
IMG_0082,1,IMG_0082_r1_archive.csv,23,001110110110011110111111,59,103,191,0.3552007629326561,0.3594834360481365,0.0,0.461437908496732,0.02500415584527734,0.050435770061938286,0.10034909100329661,0.02460908068384704,0.049770834817563794,0.10048725936576404,0.025062445623193284,0.05006012482647997,0.09964097814565104,0.024337061720239292,0.04920952584503986,0.09967983799759501,0.05859633897017075,0.10034909100329661,0.05828905828905829,0.10048725936576404,0.05825451619844143,0.09964097814565104,0.057742141854291384,0.09967983799759501
IMG_0082,1,IMG_0082_r1_archive.csv,24,010000000001000100100000,64,17,32,0.3593070724815165,0.359808691418271,0.0,0.1477124183006536,0.02494802494802495,0.05052428416914398,0.10065996981884832,0.024768837852950004,0.04982048907282552,0.10056282018898842,0.025064604503856842,0.05011193796240525,0.09960859493569774,0.02442125806611788,0.04931746987821754,0.09958916500972576,0.05871075964533908,0.10065996981884832,0.05838404903825465,0.10056282018898842,0.05826171246731995,0.09960859493569774,0.057775964318020394,0.09958916500972576
IMG_0082,1,IMG_0082_r1_archive.csv,25,000010000001000010010000,8,16,144,0.3595865501661619,0.3595342360109568,0.0,0.2196078431372549,0.025107782117127914,0.05064302260563943,0.1005541846663342,0.024714865836361163,0.04965209638106834,0.10051316593372668,0.02514232420774477,0.04995649855462939,0.0997035856848941,0.024321949555594413,0.04917282487375946,0.09955678179977245,0.05876832979636718,0.1005541846663342,0.05829337605038539,0.10051316593372668,0.05826746948242275,0.0997035856848941,0.05768385207637544,0.09955678179977245
IMG_0082,1,IMG_0082_r1_archive.csv,26,001110110010010110010101,59,37,149,0.3559565066240788,0.3597428970451989,0.0,0.3202614379084967,0.025043015697221303,0.05058473282772348,0.1005218014563809,0.02472350135901538,0.04981833019216197,0.10057361459230618,0.025068922265183948,0.050077395871788395,0.09969710904290344,0.024285248584314006,0.04910158181186218,0.09950928642517427,0.05871651666044189,0.1005218014563809,0.05837181538116117,0.10057361459230618,0.05828114239329193,0.09969710904290344,0.05763203894045016,0.09950928642517427
IMG_0082,1,IMG_0082_r1_archive.csv,33,110101011101110110111011,213,221,187,0.3522498863149296,0.3594633006355572,0.0,0.8117647058823529,0.025053810100539073,0.05029328393814375,0.10019796935684785,0.02468895926839852,0.049762199294909576,0.10035772652595082,0.024965295993333376,0.04981185355017131,0.09985902509266995,0.024332743958912183,0.04919225479973144,0.09964097814565104,0.05851502113184356,0.10019796935684785,0.0582696283630863,0.10035772652595082,0.058212058212058215,0.09985902509266995,0.05772199230143155,0.09964097814565104
IMG_0082,1,IMG_0082_r1_archive.csv,34,001011100100111110100111,46,79,167,0.3554520820404898,0.3595821720476546,0.0,0.3816993464052287,0.025027903532576428,0.050507013123835556,0.10056282018898842,0.024714865836361163,0.04985719004410593,0.10062758660889502,0.025030062413239986,0.050047171542498645,0.0998288007633802,0.024345697242893507,0.04920736696437631,0.0996193893390155,0.058699245615133476,0.10056282018898842,0.058399880829787365,0.10062758660889502,0.05830201157303961,0.0998288007633802,0.0577241511820951,0.0996193893390155
IMG_0082,1,IMG_0082_r1_archive.csv,37,001101000110100000100000,52,104,32,0.3582646717689674,0.3598178158030714,0.0,0.2457516339869281,0.02494802494802495,0.050377480284022336,0.10037715645192281,0.024619875087164806,0.049690956233012305,0.1004289695878481,0.02498040815797825,0.049975928480601374,0.09962586598100617,0.02445364127607118,0.04937791853679704,0.09983527740537086,0.0585675538946567,0.10037715645192281,0.05824660030267507,0.1004289695878481,0.05819406753986193,0.09962586598100617,0.05788894573941303,0.09983527740537086
IMG_0082,1,IMG_0082_r1_archive.csv,40,111010110110000110110111,235,97,183,0.3542494415855128,0.3594251395292354,0.0,0.6732026143790849,0.02500415584527734,0.05029112505748019,0.1002476236121096,0.02459828628052927,0.049731974965619825,0.10045919391713784,0.02503438017456709,0.0499327508673303,0.09994538031921209,0.024300360748958878,0.049146918305796816,0.09953087523180981,0.05851430150495571,0.1002476236121096,0.05826315172109564,0.10045919391713784,0.058304170453703154,0.09994538031921209,0.057659384762188494,0.09953087523180981
IMG_0082,1,IMG_0082_r1_archive.csv,41,000101001000000000101011,20,128,43,0.358137712653553,0.3597824716268749,0.0,0.2496732026143791,0.025038697935894198,0.05048542431720002,0.1005023715304089,0.024697594791052737,0.049742769368937595,0.10049157712709114,0.025058127861866182,0.04993706862865742,0.0997035856848941,0.0244622767987254,0.049360647491488614,0.0998050530760811,0.058675497927834365,0.1005023715304089,0.05831064709569383,0.10049157712709114,0.058232927391805904,0.0997035856848941,0.05787599245543171,0.0998050530760811
IMG_0082,1,IMG_0082_r1_archive.csv,46,001011010101010110011011,45,85,155,0.3560237959711922,0.3596137501555738,0.0,0.3725490196078431,0.025017109129258662,0.050459517749237376,0.10043112846851165,0.024682482626407858,0.04984639564078816,0.10056066130832485,0.025045174577884858,0.050029900497190215,0.09977482874679136,0.024326267316921522,0.04916418935110524,0.09968199687825856,0.058635918449002566,0.10043112846851165,0.058363179858506954,0.10056066130832485,0.05828330127395548,0.09977482874679136,0.0577241511820951,0.09968199687825856
IMG_0082,1,IMG_0082_r1_archive.csv,47,001011101010000110110110,46,161,182,0.3537620425274706,0.3595523803515917,0.0,0.5084967320261438,0.025090511071819484,0.050431452300611176,0.1004851004851005,0.024665211581099432,0.04978810586287222,0.10056066130832485,0.025058127861866182,0.04996945183861072,0.09984607180868864,0.024393192617491684,0.049319628758881094,0.0998050530760811,0.058669021285843725,0.1004851004851005,0.05833799291743217,0.10056066130832485,0.058291217169721854,0.09984607180868864,0.05783929148415129,0.0998050530760811
IMG_0082,1,IMG_0082_r1_archive.csv,51,111010101001101010110100,234,154,180,0.3533144176708298,0.3594460147422325,0.0,0.742483660130719,0.025062445623193284,0.050321349386769944,0.10025841801542737,0.02459612739986572,0.04970390951699363,0.10041385742320322,0.025051651219875522,0.04985934892476949,0.09990004382527748,0.0243133140329402,0.04914475942513325,0.0995913238903893,0.058547404341796866,0.10025841801542737,0.05823796478002086,0.10041385742320322,0.05827034798997416,0.09990004382527748,0.057683132449487584,0.0995913238903893
IMG_0082,1,IMG_0082_r1_archive.csv,53,001010011010111011110010,41,174,242,0.352469482576307,0.3596684765246046,0.0,0.5973856209150327,0.025053810100539073,0.050412022374639195,0.1003404554806424,0.024656576058445217,0.049747087130264704,0.10045919391713784,0.02508403442982882,0.04999319952590981,0.09982232412138954,0.024334902839575737,0.04920520808371276,0.09974676329816516,0.05860209598527355,0.1003404554806424,0.05828761903528259,0.10045919391713784,0.05829985269237606,0.09982232412138954,0.05776229140715122,0.09974676329816516
IMG_0082,1,IMG_0082_r1_archive.csv,54,110011011111111111000111,205,255,199,0.35200065835817,0.359497984828703,0.0,0.861437908496732,0.025049492339211964,0.05032998490942416,0.10029943674803488,0.024691118149062077,0.0498075357888442,0.10046351167846496,0.025017109129258662,0.04987230220875081,0.09983959516669796,0.024334902839575737,0.04921600248703053,0.09962802486166973,0.058559637998890336,0.10029943674803488,0.05832072187212375,0.10046351167846496,0.05824300216823581,0.09983959516669796,0.05772631006275867,0.09962802486166973
IMG_0082,1,IMG_0082_r1_archive.csv,56,000000100000110000000000,2,12,2,0.3809849096623773,0.3596721753974252,0.0,0.0209150326797385,0.024820650988875287,0.050437928942601844,0.1004570350364743,0.02459180963853861,0.04943404943404943,0.10045919391713784,0.02517470741769807,0.050090349155769716,0.09973812777551096,0.0244342113500992,0.04948802145063827,0.09981368859873532,0.05857187165598381,0.1004570350364743,0.058161684329908626,0.10045919391713784,0.05833439478299291,0.09973812777551096,0.05791197379982427,0.09981368859873532
IMG_0082,1,IMG_0082_r1_archive.csv,58,000010110000010010100100,11,4,164,0.3613516679290806,0.359404515763032,0.0,0.2339869281045751,0.024982567038641806,0.05053723745312531,0.10048078272377338,0.024794744420912646,0.04987230220875081,0.10053259585969866,0.02511857652044568,0.050129209007713685,0.09975323994015582,0.02432410843625797,0.04905624531792756,0.0996755202362679,0.05866686240518016,0.10048078272377338,0.058399880829787365,0.10053259585969866,0.05833367515610507,0.09975323994015582,0.057685291330151135,0.0996755202362679
IMG_0082,1,IMG_0082_r1_archive.csv,59,111111101110010111110110,254,229,246,0.3501880790854478,0.3596586551576881,0.0,0.9529411764705882,0.025001996964613787,0.05028464841548954,0.10023682920879183,0.024660893819772323,0.04972333944296561,0.10039442749723122,0.02503438017456709,0.04985071340211527,0.0997877820307727,0.024328426197585074,0.04912317061849772,0.09956109956109956,0.058507824862965054,0.10023682920879183,0.05825955358665639,0.10039442749723122,0.05822429186915168,0.0997877820307727,0.05767089879239412,0.09956109956109956
IMG_0082,1,IMG_0082_r1_archive.csv,60,000100010001100001100100,17,24,100,0.3588088620877591,0.3599068316984118,0.0,0.1843137254901961,0.025001996964613787,0.05052428416914398,0.10061895108624082,0.024824968750202396,0.049772993698227345,0.10057793235363328,0.024978249277314696,0.05000831169055468,0.09973381001418385,0.024339220600902843,0.04919873144172209,0.0996107538163613,0.0587150774066662,0.10061895108624082,0.05839196493402101,0.10057793235363328,0.05824012366068441,0.09973381001418385,0.05771623528632874,0.0996107538163613
IMG_0082,1,IMG_0082_r1_archive.csv,61,000110100001001110101100,26,19,172,0.3564366416836531,0.3595010960947415,0.0,0.2836601307189542,0.025017109129258662,0.05049621872051779,0.10046782943979206,0.0247364546429967,0.04979026474353577,0.10055634354699775,0.025051651219875522,0.05004501266183509,0.09975755770148292,0.024291725226304666,0.04919873144172209,0.09959348277105287,0.0586603857631895,0.10046782943979206,0.0583610209778434,0.10055634354699775,0.05828474052773117,0.09975755770148292,0.05769464647969321,0.09959348277105287
IMG_0082,1,IMG_0082_r1_archive.csv,63,110110111111111011100101,219,254,229,0.3507579897158312,0.3595103584663583,0.0,0.9176470588235294,0.025051651219875522,0.05031919050610639,0.10026273577675447,0.02466952934242654,0.049747087130264704,0.10038147421324992,0.025023585771249322,0.04988525549273213,0.09985470733134284,0.024328426197585074,0.0491426005444697,0.0995826883677351,0.058544525834245464,0.10026273577675447,0.05826603022864705,0.10038147421324992,0.05825451619844143,0.09985470733134284,0.05768457170326329,0.0995826883677351
IMG_0082,1,IMG_0082_r1_archive.csv,64,001110000100010011110111,56,68,247,0.3537603831525292,0.3596986054015853,0.0,0.4849673202614379,0.024995520322623126,0.050420657897293414,0.10044408175249296,0.024680323745744307,0.04984207787946106,0.10059736227960528,0.02509482883314659,0.05012273236572302,0.0997597165821465,0.024298201868295326,0.04909942293119863,0.09954598739645469,0.05862008665746984,0.10044408175249296,0.05837325463493689,0.10059736227960528,0.0583257592603387,0.0997597165821465,0.05764787073198288,0.09954598739645469
IMG_0082,1,IMG_0082_r1_archive.csv,66,101010111100100110101100,171,201,172,0.3537133618850571,0.359435599257943,0.0,0.7111111111111111,0.025036539055230643,0.0503515737160597,0.1002519413734367,0.024626351729155466,0.049747087130264704,0.10049157712709114,0.025019268009922217,0.04981617131149842,0.09981152971807176,0.024328426197585074,0.04925702121963804,0.09968415575892212,0.058546684714909016,0.1002519413734367,0.058288338662170446,0.10049157712709114,0.05821565634649747,0.09981152971807176,0.05775653439204841,0.09968415575892212
IMG_0082,1,IMG_0082_r1_archive.csv,67,100011000000000110110010,140,2,178,0.3641299695529018,0.3593225030072766,0.0,0.4183006535947712,0.024926436141389414,0.05064949924763009,0.10060383892159593,0.02481633322754818,0.050077395871788395,0.10081325034596063,0.025187660701679392,0.050090349155769716,0.09992810927390368,0.02426581865834202,0.0491706659930959,0.09985902509266995,0.05872659143687181,0.10060383892159593,0.0585689931484324,0.10081325034596063,0.05840203971045093,0.09992810927390368,0.057765169914702624,0.09985902509266995
IMG_0082,1,IMG_0082_r1_archive.csv,69,110011101111110011001100,206,252,204,0.3515483347612614,0.3594736415502464,0.0,0.8653594771241829,0.02503438017456709,0.05029976058013441,0.10024546473144604,0.024684641507071416,0.04979890026618999,0.10039010973590412,0.024982567038641806,0.04985503116344238,0.09983095964404376,0.024339220600902843,0.04918793703840433,0.0996193893390155,0.05852653516204918,0.10024546473144604,0.05829121716972183,0.10039010973590412,0.058222852615375985,0.09983095964404376,0.057715515659440886,0.0996193893390155
IMG_0082,1,IMG_0082_r1_archive.csv,75,001011000010110010010101,44,44,149,0.3559865277646002,0.3597561923094017,0.0,0.3098039215686274,0.025043015697221303,0.05053507857246175,0.1005304369790351,0.024708389194370503,0.04979458250486288,0.1005865678762875,0.02509482883314659,0.05006012482647997,0.09969063240091278,0.0243133140329402,0.04916203047044169,0.09959995941304353,0.05870284374957272,0.1005304369790351,0.058363179858506954,0.1005865678762875,0.058281862020179785,0.09969063240091278,0.05769176797214181,0.09959995941304353
IMG_0082,1,IMG_0082_r1_archive.csv,77,000110100001110100011100,26,29,28,0.35974659518602,0.3596708923358866,0.0,0.1084967320261438,0.024952342709352055,0.05048542431720002,0.1005865678762875,0.024699753671716288,0.04977731145955445,0.10068587638681097,0.02498688479996891,0.04991332094135832,0.0997640343434736,0.024362968288201933,0.04926997450361937,0.0996107538163613,0.05867477830094653,0.1005865678762875,0.0583876471726939,0.10068587638681097,0.05822141336160028,0.0997640343434736,0.05774789886939421,0.0996107538163613
IMG_0082,1,IMG_0082_r1_archive.csv,78,000001110000111000001101,7,14,13,0.3633878818399509,0.3595100226782156,0.0,0.0444444444444444,0.024993361441959572,0.05057609730506927,0.10044192287182942,0.024626351729155466,0.04951824577992802,0.10066860534150253,0.025066763384520394,0.04995649855462939,0.09958484724839865,0.024388874856164575,0.04920089032238565,0.09951576306716493,0.05867046053961942,0.10044192287182942,0.05827106761686201,0.10066860534150253,0.058202703062516147,0.09958484724839865,0.05770184274857173,0.09951576306716493
IMG_0082,1,IMG_0082_r1_archive.csv,81,000001100000110100000000,6,13,2,0.373437225809031,0.3594472332628458,0.0,0.0274509803921568,0.025053810100539073,0.0507185834288638,0.10067292310282965,0.0247364546429967,0.04954199346722711,0.10082620362994195,0.025079716668501718,0.04995865743529295,0.0997877820307727,0.02435433276554772,0.049416778388741006,0.09975108105949228,0.058815105544077505,0.10067292310282965,0.05836821724672192,0.10082620362994195,0.058275385378189125,0.0997877820307727,0.057840730737927004,0.09975108105949228
IMG_0082,1,IMG_0082_r1_archive.csv,82,001000110101010010111000,35,84,184,0.3553263843886789,0.3595351846732482,0.0,0.396078431372549,0.025010632487268,0.050437928942601844,0.10037931533258636,0.02460260404185638,0.04984423676012461,0.10061895108624082,0.02509482883314659,0.05000615280989113,0.09978994091143624,0.024311155152276647,0.04919009591906788,0.09965824919095947,0.05860929225415207,0.10037931533258636,0.0583552639627406,0.10061895108624082,0.05829697418482466,0.09978994091143624,0.057719833420768,0.09965824919095947
IMG_0082,1,IMG_0082_r1_archive.csv,84,000101100000111100010010,22,15,18,0.361033575912253,0.3596707492680013,0.0,0.0718954248366013,0.024896211812099663,0.050453041107246716,0.10054986690500708,0.02475372568830513,0.04975356377225536,0.1005585024276613,0.025023585771249322,0.04993922750932097,0.09960643605503419,0.024347856123557058,0.04918146039641367,0.09954814627711824,0.05863303994145116,0.10054986690500708,0.0583552639627406,0.1005585024276613,0.058189749778534826,0.09960643605503419,0.05769248759902965,0.09954814627711824
IMG_0082,1,IMG_0082_r1_archive.csv,87,001010001100101010110101,40,202,181,0.353175199499726,0.3595142672255891,0.0,0.5529411764705883,0.02503438017456709,0.0503515737160597,0.10032102555467041,0.024656576058445217,0.04979026474353577,0.10047430608178272,0.024989043680632466,0.04995865743529295,0.09965177254896881,0.02441694030479077,0.049295881071582004,0.09979425867276334,0.0585689931484324,0.10032102555467041,0.05830704896125457,0.10047430608178272,0.058199824554964745,0.09965177254896881,0.05783569334971204,0.09979425867276334
IMG_0082,1,IMG_0082_r1_archive.csv,89,001000011100001010101100,33,194,172,0.3532428867581774,0.3595850392462185,0.0,0.5215686274509804,0.025045174577884858,0.050375321403358785,0.10028864234471711,0.024647940535791002,0.049749246010928255,0.1004937360077547,0.02495450159001561,0.04997808736126493,0.09968199687825856,0.02439103373682813,0.04932826428153531,0.09987197837665128,0.05856971277532025,0.10028864234471711,0.05829697418482466,0.1004937360077547,0.0582048619431797,0.09968199687825856,0.05786375879833824,0.09987197837665128
IMG_0082,1,IMG_0082_r1_archive.csv,91,001000000100000110110100,32,65,180,0.3556490312203966,0.3596290054516055,0.0,0.3620915032679738,0.025040856816557752,0.05048758319786357,0.10051532481439024,0.024697594791052737,0.04981185355017131,0.10065565205752122,0.02510130547513725,0.050075236991124844,0.09978994091143624,0.02431763179426731,0.04919441368039499,0.09960859493569774,0.05868125494293719,0.10051532481439024,0.05838836679958176,0.10065565205752122,0.05832216112589944,0.09978994091143624,0.05770688013678668,0.09960859493569774
IMG_0082,2,IMG_0082_r2_archive.csv,0,000001100010001000010100,6,34,20,0.3623343226775407,0.359539640017436,0.0,0.0784313725490196,0.024788267778921985,0.05027601289283532,0.10047862384310982,0.024680323745744307,0.05028464841548954,0.10007707203968887,0.024993361441959572,0.05049190095919068,0.10012240853362349,0.024496818889342256,0.04950097473461959,0.10042681070718454,0.05851430150495571,0.10047862384310982,0.058347348066974246,0.10007707203968887,0.05853589031159125,0.10012240853362349,0.05814153477704879,0.10042681070718454
IMG_0082,2,IMG_0082_r2_archive.csv,1,010000001010101111010110,64,171,214,0.3521960751561157,0.3597128246878816,0.0,0.5869281045751633,0.024673847103753647,0.05019397542762029,0.10037067980993215,0.024535678741286218,0.05029760169947086,0.09996912800651118,0.025027903532576428,0.05029544281880731,0.10023898808945537,0.024574538593230184,0.04951824577992802,0.10032102555467041,0.05841283411376869,0.10037067980993215,0.05826746948242275,0.09996912800651118,0.058520778146946374,0.10023898808945537,0.05813793664260954,0.10032102555467041
IMG_0082,2,IMG_0082_r2_archive.csv,2,001111001011011010101011,60,182,171,0.3531465498833909,0.3594392557487185,0.0,0.5398692810457516,0.02468895926839852,0.05025658296686334,0.10039874525855835,0.024581015235220844,0.05030623722212507,0.09998855793248317,0.02499767920328668,0.05020476983093806,0.10020228711817496,0.024574538593230184,0.04952256354125513,0.10030159562869843,0.058448095831273396,0.10039874525855835,0.05829193679660969,0.09998855793248317,0.058468245384133234,0.10020228711817496,0.05813289925439458,0.10030159562869843
IMG_0082,2,IMG_0082_r2_archive.csv,3,001110110111100111010001,59,121,209,0.3536200897741929,0.3595169389115895,0.0,0.5084967320261438,0.02465873493910877,0.050159433337003435,0.10028432458339,0.024507613292660022,0.05022204087624648,0.0998935671832868,0.02495666047067916,0.050379639164685894,0.10026489465741803,0.024535678741286218,0.04957221779651686,0.10034261436130595,0.05836749761983406,0.10028432458339,0.058207740450731106,0.0998935671832868,0.058533731430927695,0.10026489465741803,0.05815017029970301,0.10034261436130595
IMG_0082,2,IMG_0082_r2_archive.csv,11,111110111110100011000001,251,232,193,0.3510400411248754,0.359479135188904,0.0,0.8836601307189543,0.024719183597688273,0.05020908759226516,0.10038363309391347,0.024632828371146127,0.05020692871160161,0.0999820812904925,0.02503438017456709,0.050427134539284074,0.10015695062424035,0.02475372568830513,0.049785946982208666,0.10045487615581074,0.05843730142795563,0.10038363309391347,0.05827394612441341,0.0999820812904925,0.0585394884460305,0.10015695062424035,0.05833151627544151,0.10045487615581074
IMG_0082,2,IMG_0082_r2_archive.csv,12,000111101001110010100110,30,156,166,0.3541505225201287,0.359457592452875,0.0,0.4601307189542483,0.024710548075034054,0.05026090072819045,0.10046782943979206,0.024643622774463896,0.05031703162544284,0.09997344576783829,0.025008473606604447,0.05028680729615309,0.10018933383419365,0.02460260404185638,0.04964993750040479,0.10036420316794148,0.05847975941433886,0.10046782943979206,0.05831136672258167,0.09997344576783829,0.05849487157898373,0.10018933383419365,0.058205581570067555,0.10036420316794148
IMG_0082,2,IMG_0082_r2_archive.csv,13,111111101110100111110000,254,233,240,0.3497626695341449,0.3594999591214993,0.0,0.950326797385621,0.024712706955697612,0.05019397542762029,0.10037931533258636,0.024613398445174146,0.0502587418475269,0.09990867934793168,0.02507539890717461,0.050388274687340105,0.10016342726623101,0.024773155614277106,0.04983128347614329,0.10043976399116586,0.058428665905301415,0.10037931533258636,0.058260273213544246,0.09990867934793168,0.05854236695358191,0.10016342726623101,0.05834806769386208,0.10043976399116586
IMG_0082,2,IMG_0082_r2_archive.csv,15,010100011111101011111111,81,250,255,0.3509306493717234,0.3595770085625733,0.0,0.7660130718954249,0.02472350135901538,0.0502263586375736,0.10032534331599752,0.024503295531332916,0.05027817177349887,0.09999935233580093,0.025038697935894198,0.050416340135966305,0.10023898808945537,0.02455079090593109,0.04946427376333919,0.10020012823751141,0.05842506777086217,0.10032534331599752,0.05826027321354424,0.09999935233580093,0.058564675387105296,0.10023898808945537,0.058071730968927225,0.10020012823751141
IMG_0082,2,IMG_0082_r2_archive.csv,16,001110000001000000100011,56,16,35,0.359209330217749,0.3595528752572961,0.0,0.1398692810457516,0.02479042665958554,0.05032998490942416,0.10051532481439024,0.024699753671716288,0.05034941483539614,0.10008786644300663,0.025001996964613787,0.050481106555872915,0.10030375450936198,0.024378080452846805,0.04932826428153531,0.1002562591347638,0.058545245461133315,0.10051532481439024,0.05837901165003969,0.10008786644300663,0.05859561934328289,0.10030375450936198,0.05798753462304864,0.1002562591347638
IMG_0082,2,IMG_0082_r2_archive.csv,21,111111001111010011111111,252,244,255,0.3500662928174273,0.3594300918800391,0.0,0.9816993464052288,0.024740772404323808,0.05021340535359227,0.10035988540661438,0.02461771620650125,0.05022419975691003,0.09991083822859524,0.025030062413239986,0.050450882226583164,0.1001914927148572,0.02475372568830513,0.04978810586287222,0.10039442749723122,0.05843802105484349,0.10035988540661438,0.05825091806400218,0.09991083822859524,0.058557479118226785,0.1001914927148572,0.05831208634946952,0.10039442749723122
IMG_0082,2,IMG_0082_r2_archive.csv,26,010010101100010011010111,74,196,215,0.3519041944904033,0.359651469554989,0.0,0.6339869281045751,0.024708389194370503,0.05024362968288202,0.10032534331599752,0.024522725457304894,0.05024578856354557,0.09993242703523078,0.025036539055230643,0.050321349386769944,0.10022171704414695,0.02455942642858531,0.04947075040532985,0.10028216570272644,0.05842578739775001,0.10032534331599752,0.05823364701869375,0.09993242703523078,0.05852653516204918,0.10022171704414695,0.058104114178880534,0.10028216570272644
IMG_0082,2,IMG_0082_r2_archive.csv,36,100110110011011011000100,155,54,196,0.355361688437177,0.3594044799151234,0.0,0.5294117647058824,0.024740772404323808,0.050083872513779056,0.10005548323305333,0.024570220831903074,0.05012489124638657,0.09981152971807176,0.024978249277314696,0.05047894767520936,0.10007491315902531,0.024643622774463896,0.04967368518770388,0.10027568906073579,0.0582933760503854,0.10005548323305333,0.05816888059878714,0.09981152971807176,0.05851070337051645,0.10007491315902531,0.05819766567430119,0.10027568906073579
IMG_0082,2,IMG_0082_r2_archive.csv,37,000010000000100000000010,8,8,2,0.3731362185811409,0.3594652587364739,0.0,0.0235294117647058,0.025027903532576428,0.05053076081113464,0.10084563355591393,0.024807697704893966,0.050481106555872915,0.10005332435238977,0.02514880084973543,0.05053939633378886,0.0997359688948474,0.024395351498155235,0.049451320479357866,0.1001914927148572,0.058801432633208334,0.10084563355591393,0.05844737620438555,0.10005332435238977,0.058474722026123895,0.0997359688948474,0.05801272156412343,0.1001914927148572
IMG_0082,2,IMG_0082_r2_archive.csv,38,001111001000000000010001,60,128,17,0.3579563158806225,0.3593906430406878,0.0,0.2679738562091503,0.024734295762333144,0.05029328393814375,0.10059736227960528,0.02461123956451059,0.05037316252269523,0.10002957666509069,0.025053810100539073,0.050405545732648535,0.10029296010604422,0.024514089934650683,0.04953119906390934,0.10039442749723122,0.058541647326694056,0.10059736227960528,0.05833799291743217,0.10002957666509069,0.05858410531307728,0.10029296010604422,0.058146572165263755,0.10039442749723122
IMG_0082,2,IMG_0082_r2_archive.csv,40,111111101111000111101111,254,241,239,0.3494290759075332,0.3594621572264163,0.0,0.9594771241830063,0.024701912552379843,0.05017886326297541,0.10037499757125926,0.02459612739986572,0.0502673773701811,0.09990652046726814,0.025055968981202624,0.050412022374639195,0.10015047398224969,0.024770996733613555,0.04984207787946106,0.10043112846851165,0.05841859112887151,0.10037499757125926,0.05825667507910499,0.09990652046726814,0.0585394884460305,0.10015047398224969,0.05834806769386209,0.10043112846851165
IMG_0082,2,IMG_0082_r2_archive.csv,41,111101101111100111001110,246,249,206,0.3502668147331774,0.3594423080479039,0.0,0.9163398692810456,0.02474293128498736,0.0502263586375736,0.10041601630386676,0.024574538593230184,0.05021340535359227,0.0999820812904925,0.025045174577884858,0.050440087823265395,0.10014831510158613,0.024751566807641574,0.04982264795348907,0.1004376051105023,0.058461768742142574,0.10041601630386676,0.05825667507910498,0.0999820812904925,0.058544525834245464,0.10014831510158613,0.05833727329054431,0.1004376051105023
IMG_0082,2,IMG_0082_r2_archive.csv,43,000011000000001101101000,12,3,104,0.3642149024580655,0.3591860611106652,0.0,0.1555555555555555,0.02480553882423041,0.05027817177349887,0.10059304451827816,0.024686800387734967,0.05015727445633988,0.10034693212263306,0.024999838083950232,0.0504724710332187,0.10030375450936198,0.024494660008678698,0.0494124606274139,0.10041169854253966,0.05855891837200248,0.10059304451827816,0.05839700232223597,0.10034693212263306,0.05859202120884364,0.10030375450936198,0.05810627305954408,0.10041169854253966
IMG_0082,2,IMG_0082_r2_archive.csv,46,001111101101011111111101,62,215,253,0.3512174418520288,0.3595555446890595,0.0,0.6928104575163399,0.024712706955697612,0.0502263586375736,0.10032534331599752,0.024535678741286218,0.05028464841548954,0.09993458591589433,0.025058127861866182,0.05030623722212507,0.10024978249277314,0.024572379712566626,0.04950745137661026,0.1002519413734367,0.05842146963642291,0.10032534331599752,0.05825163769089003,0.09993458591589433,0.0585380491922548,0.10024978249277314,0.058110590820871194,0.1002519413734367
IMG_0082,2,IMG_0082_r2_archive.csv,48,001101010010101100101000,53,43,40,0.3583571649895529,0.3595728315466384,0.0,0.1777777777777777,0.024788267778921985,0.05030839610278862,0.10047214720111916,0.024589650757875055,0.050358050358050355,0.10016126838556745,0.025036539055230643,0.05057393842440572,0.1004656705591285,0.024466594560052502,0.04946643264400274,0.10035556764528727,0.05852293702760992,0.10047214720111916,0.058369656500497615,0.10016126838556745,0.05869204934625496,0.1004656705591285,0.058096198283114166,0.10035556764528727
IMG_0082,2,IMG_0082_r2_archive.csv,51,111111010000001001101011,253,2,107,0.3632709551699731,0.3591438496235967,0.0,0.473202614379085,0.02478610889825843,0.0502306763989007,0.10060168004093238,0.024855193079492143,0.05032566714809706,0.10003389442641779,0.024971772635324036,0.05053076081113464,0.10038795085524058,0.024546473144603988,0.04952256354125513,0.100405221900549,0.0585394884460305,0.10060168004093238,0.05840491821800233,0.10003389442641779,0.05863016143389974,0.10038795085524058,0.05815808619546938,0.100405221900549
IMG_0082,2,IMG_0082_r2_archive.csv,53,101101101000111011101001,182,142,233,0.3543429168851454,0.3593524165554485,0.0,0.7281045751633987,0.024701912552379843,0.050129209007713685,0.10030375450936198,0.024578856354557286,0.05019613430828384,0.09993242703523078,0.02497393151598759,0.050403386851984984,0.1000986608463244,0.02472997800100604,0.04978810586287222,0.10029080122538067,0.05837829202315183,0.10030375450936198,0.058235805899357306,0.09993242703523078,0.058491993071432324,0.1000986608463244,0.05826962836308631,0.10029080122538067
IMG_0082,2,IMG_0082_r2_archive.csv,54,001101110100000011001011,55,64,203,0.3539002193561367,0.3594660383023152,0.0,0.4209150326797385,0.02470623031370695,0.050148638933685666,0.10017638055021233,0.0245551086672582,0.05021988199558293,0.0998849316606326,0.02500415584527734,0.050429293419947625,0.10016774502755811,0.024488183366688038,0.04946643264400274,0.10029511898670777,0.05834374993253497,0.10017638055021233,0.05821997410782457,0.0998849316606326,0.058533731430927695,0.10016774502755811,0.058083244999132845,0.10029511898670777
IMG_0082,2,IMG_0082_r2_archive.csv,55,000111000001101000000000,28,26,2,0.3694895982220411,0.3593563913584749,0.0,0.0732026143790849,0.02495666047067916,0.050414181255302754,0.10075711944870824,0.024775314494940665,0.050427134539284074,0.10006843651703465,0.02513584756575411,0.05048542431720002,0.09991947375124945,0.02440830478213656,0.04947075040532985,0.10031670779334331,0.05870932039156338,0.10075711944870824,0.05842362851708646,0.10006843651703465,0.05851358187806786,0.09991947375124945,0.05806525432693657,0.10031670779334331
IMG_0082,2,IMG_0082_r2_archive.csv,56,111110100000001011010010,250,2,210,0.3617732930895733,0.3591090457090094,0.0,0.6039215686274509,0.024773155614277106,0.05018749878562963,0.10048294160443694,0.024855193079492143,0.05022204087624648,0.10002525890376357,0.024926436141389414,0.05050269536250844,0.1001914927148572,0.02455079090593109,0.0495614233931991,0.10024978249277314,0.058481198668114555,0.10048294160443694,0.05836749761983406,0.10002525890376357,0.05854020807291835,0.1001914927148572,0.05812066559730111,0.10024978249277314
IMG_0082,2,IMG_0082_r2_archive.csv,57,010000010000000100001100,65,2,12,0.3676865349566359,0.359321836653192,0.0,0.1032679738562091,0.024842239795510822,0.05037100364203168,0.10065349317685766,0.024801221062903306,0.050412022374639195,0.10011377301096927,0.024982567038641806,0.050504854243172005,0.10035124988396017,0.024326267316921522,0.04914475942513325,0.10005332435238977,0.05862224553813339,0.10065349317685766,0.05844233881617059,0.10011377301096927,0.05861289038859133,0.10035124988396017,0.05784145036481484,0.10005332435238977
IMG_0082,2,IMG_0082_r2_archive.csv,59,000011010001101101011000,13,27,88,0.3592907919814537,0.3594626465680711,0.0,0.1673202614379084,0.0248573519601557,0.05039475132933077,0.10062326884756792,0.02461123956451059,0.0503235082674335,0.10011593189163281,0.025068922265183948,0.05053723745312531,0.10034477324196951,0.024572379712566626,0.04960460100647017,0.1005023715304089,0.0586251240456848,0.10062326884756792,0.058350226574525633,0.10011593189163281,0.05865031098675958,0.10034477324196951,0.05822645074981523,0.1005023715304089
IMG_0082,2,IMG_0082_r2_archive.csv,60,110101000000111000011100,212,14,28,0.3595941020153849,0.3593145856627593,0.0,0.3320261437908497,0.024902688454090324,0.05032782602876061,0.10054123138235288,0.02479258554024909,0.05034077931274193,0.10008138980101597,0.02495666047067916,0.05071210678687314,0.10014615622092257,0.02458533299654795,0.04966289078438611,0.10038363309391347,0.058590581955067944,0.10054123138235288,0.05840491821800233,0.10008138980101597,0.05860497449282496,0.10014615622092257,0.05821061895828252,0.10038363309391347
IMG_0082,2,IMG_0082_r2_archive.csv,63,111100111111011110010111,243,247,151,0.3514794199040014,0.3594498769247627,0.0,0.837908496732026,0.024725660239678933,0.05024147080221847,0.10038795085524058,0.024660893819772323,0.05018102214363897,0.10004037106840846,0.025043015697221303,0.050440087823265395,0.10010945524964217,0.024768837852950004,0.04980969466950775,0.1005585024276613,0.058451693965712655,0.10038795085524058,0.05829409567727325,0.10004037106840846,0.058530852923376286,0.10010945524964217,0.05837901165003969,0.1005585024276613
IMG_0082,2,IMG_0082_r2_archive.csv,66,111110001100110011010111,248,204,215,0.3506830215265145,0.3594837700586228,0.0,0.8718954248366013,0.024710548075034054,0.05019613430828384,0.1003080722706891,0.024581015235220844,0.05017454550164831,0.0999173148705859,0.025017109129258662,0.050368844761368124,0.10014615622092257,0.024773155614277106,0.04981617131149842,0.10045919391713784,0.05840491821800233,0.1003080722706891,0.05822429186915168,0.0999173148705859,0.05851070337051645,0.10014615622092257,0.05834950694763779,0.10045919391713784
IMG_0082,2,IMG_0082_r2_archive.csv,69,101011110000011001101001,175,6,105,0.3608743182488722,0.359227699174782,0.0,0.3738562091503268,0.024829286511529505,0.05025010632487268,0.1004332873491752,0.024624192848491915,0.0502587418475269,0.09999503457447383,0.02493938942537073,0.05055666737909728,0.10020012823751141,0.024647940535791002,0.04961755429045149,0.1004376051105023,0.058504226728525795,0.1004332873491752,0.05829265642349755,0.09999503457447383,0.05856539501399314,0.10020012823751141,0.0582343666455816,0.1004376051105023
IMG_0082,2,IMG_0082_r2_archive.csv,70,001101000000001101110001,52,3,113,0.3624017813486278,0.3592682793163917,0.0,0.2196078431372549,0.02480985658555752,0.050321349386769944,0.1005865678762875,0.024626351729155466,0.05018318102430252,0.10039226861656768,0.02498040815797825,0.05047894767520936,0.10032750219666108,0.024419099185454325,0.049295881071582004,0.1003123900320162,0.05857259128287166,0.1005865678762875,0.05840060045667522,0.10039226861656768,0.05859561934328289,0.10032750219666108,0.05800912342968417,0.1003123900320162
IMG_0082,2,IMG_0082_r2_archive.csv,71,101101110000000000011001,183,2,25,0.3668814925902962,0.3591559893621563,0.0,0.2745098039215686,0.024885417408781897,0.05031487274477929,0.10064053989287634,0.024885417408781897,0.05034077931274193,0.10012672629495059,0.02498688479996891,0.05061711603767679,0.10029296010604422,0.024522725457304894,0.04954415234789066,0.1003123900320162,0.05861361001547918,0.10064053989287634,0.05845097433882481,0.10012672629495059,0.05863232031456331,0.10029296010604422,0.058126422612403916,0.1003123900320162
IMG_0082,2,IMG_0082_r2_archive.csv,73,100010000000100100011011,136,9,27,0.3619476205866056,0.3593655084049825,0.0,0.2248366013071895,0.02494154830603429,0.05032998490942416,0.1004894182464276,0.024656576058445217,0.05036668588070457,0.10008354868167953,0.025047333458548413,0.0505609851404244,0.10017422166954877,0.024552949786594648,0.04947075040532985,0.10022819368613761,0.058586983820628685,0.1004894182464276,0.05836893687360978,0.10008354868167953,0.058594180089507196,0.10017422166954877,0.0580839646260207,0.10022819368613761
IMG_0082,2,IMG_0082_r2_archive.csv,74,101100100001110100010001,178,29,17,0.3599513755997064,0.3593487865629396,0.0,0.2928104575163399,0.024829286511529505,0.05021124647292871,0.10040953966187612,0.02468895926839852,0.0502673773701811,0.09998639905181962,0.025058127861866182,0.050558826259760846,0.10009218420433375,0.024624192848491915,0.04966289078438611,0.10039010973590412,0.05848335754877811,0.10040953966187612,0.05831424523013309,0.09998639905181962,0.058569712775320255,0.10009218420433375,0.058225731122927386,0.10039010973590412
IMG_0082,2,IMG_0082_r2_archive.csv,79,001101100111000011011000,54,112,216,0.3536849408560863,0.3597091329385994,0.0,0.4993464052287582,0.024619875087164806,0.05014648005302211,0.10032966107732463,0.024490342247351596,0.05026521848951755,0.09993242703523078,0.024993361441959572,0.05036020923871391,0.10018285719220299,0.024539996502613327,0.04953119906390934,0.10026921241874513,0.05836533873917051,0.10032966107732463,0.058229329257366645,0.09993242703523078,0.05851214262429216,0.10018285719220299,0.058113469328422596,0.10026921241874513
IMG_0082,2,IMG_0082_r2_archive.csv,82,111011100000011011111101,238,6,253,0.3557771756036262,0.3593064782576529,0.0,0.649673202614379,0.02472350135901538,0.05015727445633988,0.10036636204860504,0.02466305270043588,0.05025658296686334,0.09990652046726814,0.02494154830603429,0.05050269536250844,0.10015695062424035,0.024656576058445217,0.049706068397657184,0.10038147421324992,0.058415712621320094,0.10036636204860504,0.058275385378189125,0.09990652046726814,0.058533731430927695,0.10015695062424035,0.05824803955645077,0.10038147421324992
IMG_0082,2,IMG_0082_r2_archive.csv,83,001101000010101011001011,52,42,203,0.3541737453031096,0.3595747659892527,0.0,0.388235294117647,0.024727819120342484,0.05016590997899409,0.1002238759248105,0.024574538593230184,0.05027169513150822,0.09996696912584763,0.02496745487399693,0.050476788794545806,0.10026057689609091,0.024537837621949773,0.04951824577992802,0.10035556764528727,0.05837253500804903,0.1002238759248105,0.058271067616862016,0.09996696912584763,0.058568273521544555,0.10026057689609091,0.058137217015721686,0.10035556764528727
IMG_0082,2,IMG_0082_r2_archive.csv,84,001111010000111010011011,61,14,155,0.3565084604470606,0.3593202724470659,0.0,0.3006535947712418,0.0247364546429967,0.05015511557567632,0.1001914927148572,0.02474724904631447,0.05024578856354557,0.09990436158660458,0.024865987482809913,0.050463835510564485,0.1001914927148572,0.02445364127607118,0.049427572792058776,0.1002519413734367,0.0583610209778434,0.1001914927148572,0.05829913306548821,0.09990436158660458,0.058507105236077196,0.1001914927148572,0.05804438514718888,0.1002519413734367
IMG_0082,2,IMG_0082_r2_archive.csv,90,010001101110001111010101,70,227,213,0.3515481654372879,0.3595480890745196,0.0,0.6666666666666666,0.024751566807641574,0.05023283527956425,0.10032534331599752,0.024552949786594648,0.050263059608854,0.09991083822859524,0.025017109129258662,0.05039475132933077,0.10021739928281985,0.024572379712566626,0.04949665697329249,0.10034477324196951,0.05843658180106778,0.10032534331599752,0.058242282541347966,0.09991083822859524,0.05854308658046977,0.10021739928281985,0.05813793664260954,0.10034477324196951
IMG_0082,2,IMG_0082_r2_archive.csv,91,010100000001111010011110,80,30,158,0.3560825852548303,0.3594650801550469,0.0,0.3503267973856209,0.024717024717024715,0.05022851751823715,0.10027568906073579,0.024634987251809685,0.0502263586375736,0.10003605330708135,0.024922118380062305,0.05045735886857382,0.10016126838556745,0.024494660008678698,0.04941893726940456,0.1002519413734367,0.05840707709866588,0.10027568906073579,0.05829913306548821,0.10003605330708135,0.05851358187806786,0.10016126838556745,0.05805517955050665,0.1002519413734367
IMG_0082,2,IMG_0082_r2_archive.csv,92,000101111111111010101010,23,254,170,0.3526842023072445,0.3594608145530704,0.0,0.5843137254901961,0.024686800387734967,0.05028896617681664,0.10039226861656768,0.02459612739986572,0.05030191946079796,0.09996912800651118,0.025036539055230643,0.05026090072819045,0.10017853943087589,0.024630669490482576,0.049613236529124374,0.10042249294585742,0.058456011727039764,0.10039226861656768,0.05828905828905828,0.09996912800651118,0.058491993071432324,0.10017853943087589,0.05822213298848813,0.10042249294585742
IMG_0082,2,IMG_0082_r2_archive.csv,93,001001010000010000011001,37,4,25,0.3627814649608568,0.35934819844111,0.0,0.0862745098039215,0.024794744420912646,0.05025442408619979,0.10059736227960528,0.024717024717024715,0.05031919050610639,0.10003173554575423,0.025027903532576428,0.05057609730506927,0.10042033406519388,0.024365127168865488,0.049295881071582004,0.10019581047618431,0.058548843595572574,0.10059736227960528,0.05835598358962845,0.10003173554575423,0.05867477830094653,0.10042033406519388,0.05795227290554394,0.10019581047618431
IMG_0082,2,IMG_0082_r2_archive.csv,94,000001110000000001001000,7,2,72,0.3680616129567826,0.3592662566246445,0.0,0.1058823529411764,0.024885417408781897,0.05040770461331209,0.10071394183543717,0.024777473375604216,0.050358050358050355,0.10018501607286655,0.02507539890717461,0.0504724710332187,0.10037067980993215,0.024522725457304894,0.04953983458656356,0.10056497906965198,0.05866902128584372,0.10071394183543717,0.05844017993550704,0.10018501607286655,0.05863951658344182,0.10037067980993215,0.05820917970450681,0.10056497906965198
IMG_0090,1,IMG_0090_r1_archive.csv,0,011111000001111001100110,124,30,102,0.3684678912895235,0.3495697899944802,0.0,0.3346405228758169,0.02495450159001561,0.04995865743529295,0.09975108105949228,0.024917800618735195,0.049742769368937595,0.09947042657323031,0.024680323745744307,0.049356329730161505,0.09945531440858545,0.02472997800100604,0.049749246010928255,0.10042033406519388,0.058221413361600284,0.09975108105949228,0.058043665520301026,0.09947042657323031,0.057830655961497085,0.09945531440858545,0.05829985269237606,0.10042033406519388
IMG_0090,1,IMG_0090_r1_archive.csv,2,111110111101011000111110,251,214,62,0.3635525348623474,0.3497663921582563,0.0,0.6888888888888889,0.02493507166404363,0.04998024624192848,0.09966688471361368,0.02493507166404363,0.04963698421642347,0.0991638655190057,0.02474509016565091,0.04950097473461959,0.09951576306716493,0.024660893819772323,0.04980969466950775,0.10063622213154923,0.05819406753986193,0.09966688471361368,0.05791197379982427,0.0991638655190057,0.05792060932247848,0.09951576306716493,0.05836893687360976,0.10063622213154923
IMG_0090,1,IMG_0090_r1_archive.csv,4,111101100011100110001001,246,57,137,0.3662818764591986,0.3495687118320791,0.0,0.5751633986928104,0.02500415584527734,0.05000399392922757,0.0996431370263146,0.024965295993333376,0.04966936742637677,0.09937543582403396,0.024656576058445217,0.04944916159869431,0.09960859493569774,0.02470623031370695,0.04963266645509636,0.10034909100329661,0.05821709560027317,0.0996431370263146,0.05800336641458137,0.09937543582403396,0.05790477753094575,0.09960859493569774,0.058229329257366645,0.10034909100329661
IMG_0090,1,IMG_0090_r1_archive.csv,7,100001000001101000100000,132,26,32,0.3685944355612024,0.3496785862416673,0.0,0.2483660130718954,0.02495450159001561,0.04997808736126493,0.0997316511335203,0.024898370692763218,0.049734133846283377,0.09947258545389387,0.024768837852950004,0.049360647491488614,0.09961723045835195,0.02465873493910877,0.049721180562302056,0.10041385742320322,0.058221413361600284,0.0997316511335203,0.05803502999764682,0.09947258545389387,0.05791557193426352,0.09961723045835195,0.05826459097487135,0.10041385742320322
IMG_0090,1,IMG_0090_r1_archive.csv,9,111100011000000100011001,241,129,25,0.3660084182418152,0.3496245193298993,0.0,0.5163398692810457,0.024861669721482803,0.04990468541870411,0.09957189396441733,0.024976090396651145,0.04955710563187198,0.09923294970023942,0.024781791136931325,0.0494729092859934,0.09945531440858545,0.024671688223090092,0.049785946982208666,0.10074632504539047,0.058112749701534745,0.09957189396441733,0.05792204857625418,0.09923294970023942,0.057903338277170056,0.09945531440858545,0.05840132008356308,0.10074632504539047
IMG_0090,1,IMG_0090_r1_archive.csv,10,000000010000001000000000,2,2,2,0.3921122486337159,0.3493720421654753,0.0,0.0078431372549019,0.02498688479996891,0.050027741616526664,0.09987413725731484,0.025200613985660713,0.04967368518770388,0.09997992240982895,0.024673847103753647,0.04988957325405923,0.09954814627711824,0.024840080914847268,0.049772993698227345,0.10043112846851165,0.0582962545579368,0.09987413725731484,0.05828474052773117,0.09997992240982895,0.058037188878310365,0.09954814627711824,0.05834806769386209,0.10043112846851165
IMG_0090,1,IMG_0090_r1_archive.csv,11,000100000010111100101010,16,47,42,0.3703416642463091,0.3497987584267372,0.0,0.1372549019607843,0.02487678188612768,0.049975928480601374,0.09980289419541756,0.024958819351342715,0.04976435817557313,0.09943156672128635,0.0247364546429967,0.04933905868485308,0.09928692171682825,0.024777473375604216,0.04964561973907768,0.10029943674803488,0.058218534854048876,0.09980289419541756,0.0580515814160674,0.09943156672128635,0.05778747834822601,0.09928692171682825,0.05824084328757226,0.10029943674803488
IMG_0090,1,IMG_0090_r1_archive.csv,13,101010000001111100101000,168,31,40,0.3679221685887706,0.3497988285889795,0.0,0.3124183006535947,0.02495450159001561,0.04998456400325559,0.09973812777551096,0.025014950248595107,0.049768675936900236,0.0995222397091556,0.02474724904631447,0.04945347936002142,0.09969063240091278,0.024650099416454557,0.04975356377225536,0.10049589488841826,0.05822573112292739,0.09973812777551096,0.05810195529821698,0.0995222397091556,0.05796378693574955,0.09969063240091278,0.05829985269237606,0.10049589488841826
IMG_0090,1,IMG_0090_r1_archive.csv,14,000100100100000000000000,18,64,2,0.3758130467380324,0.3495062451540169,0.0,0.1098039215686274,0.024878940766791233,0.050079554752451946,0.09983095964404376,0.025060286742529733,0.049988881764582695,0.0998374362860344,0.024673847103753647,0.0492634978616287,0.09947258545389387,0.024740772404323808,0.04950745137661026,0.10010081972698795,0.05826315172109564,0.09983095964404376,0.05829553493104894,0.0998374362860344,0.057803310139758736,0.09947258545389387,0.058116347835974004,0.10010081972698795
IMG_0090,1,IMG_0090_r1_archive.csv,16,101100110100101100100100,179,75,36,0.3673499466861473,0.3497967242913833,0.0,0.3790849673202615,0.02494802494802495,0.04996513407728361,0.09969279128157632,0.02494370718669784,0.04966936742637677,0.09929339835881892,0.024734295762333144,0.04952256354125513,0.09964961366830526,0.024686800387734967,0.049803218027517096,0.10069019414813807,0.058201983435628296,0.09969279128157632,0.05796882432396452,0.09929339835881892,0.05796882432396452,0.09964961366830526,0.058393404187796705,0.10069019414813807
IMG_0090,1,IMG_0090_r1_archive.csv,21,101111111101111000101100,191,222,44,0.3644407406983267,0.3498614430457874,0.0,0.5973856209150327,0.024902688454090324,0.04991547982202188,0.09966688471361368,0.024919959499398753,0.04966073190372256,0.09927828619417405,0.024829286511529505,0.04949665697329249,0.09968415575892212,0.024686800387734967,0.04991332094135832,0.10081540922662419,0.058161684329908626,0.09966688471361368,0.05795299253243178,0.09927828619417405,0.05800336641458137,0.09968415575892212,0.058471843518572486,0.10081540922662419
IMG_0090,1,IMG_0090_r1_archive.csv,22,111110111101010100100110,251,213,38,0.3641352040541425,0.3498072741309688,0.0,0.6562091503267974,0.02493938942537073,0.04996945183861072,0.0996755202362679,0.02495666047067916,0.049656414142395446,0.0990990990990991,0.02472997800100604,0.04946211488267563,0.09959995941304353,0.024643622774463896,0.04980969466950775,0.100647016534867,0.058194787166749785,0.0996755202362679,0.0579040579040579,0.0990990990990991,0.0579306840989084,0.09959995941304353,0.05836677799294621,0.100647016534867
IMG_0090,1,IMG_0090_r1_archive.csv,28,101101000010011110101101,180,39,173,0.3666839785655338,0.3496269691938465,0.0,0.5124183006535947,0.025027903532576428,0.04999535840657336,0.09956541732242667,0.024965295993333376,0.04975788153358247,0.09947258545389387,0.024751566807641574,0.049423255030731666,0.09972085673020252,0.02474509016565091,0.049682320710358094,0.1003123900320162,0.058196226420525486,0.09956541732242667,0.05806525432693657,0.09947258545389387,0.057965226189525244,0.09972085673020252,0.05824660030267507,0.1003123900320162
IMG_0090,1,IMG_0090_r1_archive.csv,31,000000100100000000000000,2,64,2,0.3846938182356264,0.3493249868100777,0.0,0.0888888888888888,0.024919959499398753,0.050053648184489305,0.09984823068935218,0.02515095973039898,0.04991116206069477,0.09981584747939888,0.024710548075034054,0.04953767570590001,0.0995503051577818,0.024768837852950004,0.0495981243644795,0.10029943674803488,0.05827394612441341,0.09984823068935218,0.05829265642349755,0.09981584747939888,0.05793284297957196,0.0995503051577818,0.05822213298848813,0.10029943674803488
IMG_0090,1,IMG_0090_r1_archive.csv,33,100111011011011000111100,157,182,60,0.3653009149504746,0.3499806915602669,0.0,0.5215686274509804,0.024878940766791233,0.04990900318003122,0.09963450150366038,0.024889735170109,0.049697432875002966,0.09931066940412735,0.024818492108211736,0.0494448438373672,0.09959995941304353,0.024650099416454557,0.04984855452145172,0.10075280168738113,0.058140815150160945,0.09963450150366038,0.0579659458164131,0.09931066940412735,0.05795443178620749,0.09959995941304353,0.0584171518750958,0.10075280168738113
IMG_0090,1,IMG_0090_r1_archive.csv,34,000011000100000000011100,12,64,28,0.3712040735749087,0.3495264527073436,0.0,0.1359477124183006,0.024889735170109,0.04994138638998452,0.09972085673020252,0.02500415584527734,0.04980537690818065,0.09945747328924899,0.024768837852950004,0.04926565674229225,0.09946610881190321,0.024673847103753647,0.04956790003518975,0.1002800068220629,0.05818399276343202,0.09972085673020252,0.05808900201423566,0.09945747328924899,0.057833534469048486,0.09946610881190321,0.05817391798700209,0.1002800068220629
IMG_0090,1,IMG_0090_r1_archive.csv,37,100011111100100101000001,143,201,65,0.365263502818505,0.349741287334023,0.0,0.534640522875817,0.024878940766791233,0.04988309661206858,0.0996193893390155,0.024855193079492143,0.049643460858414125,0.09931714604611802,0.02478610889825843,0.04946643264400274,0.09952871635114625,0.02469543591038918,0.04990684429936766,0.1007074651934465,0.058127142239291774,0.0996193893390155,0.057938599994674767,0.09931714604611802,0.05792708596446914,0.09952871635114625,0.05843658180106778,0.1007074651934465
IMG_0090,1,IMG_0090_r1_archive.csv,43,100100000001111101100000,144,31,96,0.3679520881349078,0.3496593753048531,0.0,0.3542483660130718,0.02498040815797825,0.04995002191263874,0.09968415575892212,0.025006314725940892,0.049706068397657184,0.09942077231796857,0.024691118149062077,0.049425413911395225,0.09952439858981915,0.02469543591038918,0.04971254503964784,0.10040953966187612,0.0582048619431797,0.09968415575892212,0.05804438514718888,0.09942077231796857,0.057880310216758823,0.09952439858981915,0.05827250687063771,0.10040953966187612
IMG_0090,1,IMG_0090_r1_archive.csv,44,011110100001111100010001,122,31,17,0.36931389312508,0.3495803619590686,0.0,0.2222222222222222,0.02492427726072586,0.04999319952590981,0.09981368859873532,0.024963137112669825,0.04987230220875081,0.09948553873787519,0.02474509016565091,0.04937791853679704,0.09944883776659477,0.024693277029725628,0.04966073190372256,0.10032102555467041,0.05824372179512366,0.09981368859873532,0.058106992686431935,0.09948553873787519,0.05785728215634758,0.09944883776659477,0.058225011496039536,0.10032102555467041
IMG_0090,1,IMG_0090_r1_archive.csv,45,101010100100001000011000,170,66,24,0.3681066385918222,0.3496728152932264,0.0,0.3398692810457516,0.024963137112669825,0.04994786303197518,0.09972733337219318,0.024898370692763218,0.04972333944296561,0.09943156672128635,0.024734295762333144,0.04945563824068497,0.09955678179977245,0.024684641507071416,0.049751404891591806,0.10056497906965198,0.058212777838946066,0.09972733337219318,0.058017758952338384,0.09943156672128635,0.05791557193426352,0.09955678179977245,0.05833367515610507,0.10056497906965198
IMG_0090,1,IMG_0090_r1_archive.csv,46,100001010001111010000000,133,30,128,0.3681435850828644,0.3495496377585756,0.0,0.3803921568627451,0.024989043680632466,0.04994786303197518,0.09965609031029592,0.024889735170109,0.049695273994339415,0.09957837060640799,0.024673847103753647,0.049319628758881094,0.09944020224394057,0.02474940792697802,0.049734133846283377,0.1004009041392219,0.05819766567430119,0.09965609031029592,0.058054459923618795,0.09957837060640799,0.057811226035525104,0.09944020224394057,0.058294815304161106,0.1004009041392219
IMG_0090,1,IMG_0090_r1_archive.csv,49,000110110011100000100000,27,56,32,0.3698452063556786,0.3497221822052666,0.0,0.1503267973856209,0.024913482857408093,0.04993059198666675,0.09971653896887542,0.02494154830603429,0.049760040414246025,0.09944452000526767,0.0247364546429967,0.049323946520208196,0.09948985649920229,0.024678164865080753,0.04960460100647017,0.10021092264082919,0.058186871270983424,0.09971653896887542,0.05804870290851599,0.09944452000526767,0.05785008588746906,0.09948985649920229,0.05816456283746004,0.10021092264082919
IMG_0090,1,IMG_0090_r1_archive.csv,54,001101101101101000101110,54,218,46,0.36671891010129,0.349778932874938,0.0,0.4156862745098039,0.024783950017594876,0.04982912459547974,0.09954166963512759,0.024874623005464128,0.049710386158984286,0.09919840760962256,0.024837922034183717,0.0492915633102549,0.09930851052346379,0.024680323745744307,0.04976435817557313,0.10052827809837156,0.0580515814160674,0.09954166963512759,0.05792780559135699,0.09919840760962256,0.0578126652893008,0.09930851052346379,0.05832432000656299,0.10052827809837156
IMG_0090,1,IMG_0090_r1_archive.csv,56,010110101011010101000010,90,181,66,0.3664304159150497,0.3498059716798322,0.0,0.4405228758169934,0.02479906218223975,0.0498075357888442,0.09957405284508089,0.024874623005464128,0.04969311511367586,0.09926101514886562,0.024758043449632235,0.049345535326843736,0.09929771612014603,0.02465225829711811,0.04978162922088156,0.1005541846663342,0.05806021693872162,0.09957405284508089,0.057942917756001876,0.09926101514886562,0.05780043163220733,0.09929771612014603,0.05832935739477796,0.1005541846663342
IMG_0090,1,IMG_0090_r1_archive.csv,58,011111001100101100010100,124,203,20,0.366207805686942,0.3497929372856578,0.0,0.45359477124183,0.02481633322754818,0.04988093773140503,0.0996431370263146,0.024850875318165037,0.049742769368937595,0.09941429567597791,0.02477963225626777,0.04931746987821754,0.09950712754451072,0.024708389194370503,0.04993490974799386,0.1007312128807456,0.058113469328422596,0.0996431370263146,0.05800264678769351,0.09941429567597791,0.05786807655966534,0.09950712754451072,0.05845817060770333,0.1007312128807456
IMG_0090,1,IMG_0090_r1_archive.csv,60,010101000010110000110100,84,44,52,0.3689381970924296,0.3497531581499864,0.0,0.2352941176470588,0.024872464124800573,0.04989389101538635,0.09966472583295014,0.024963137112669825,0.04972333944296561,0.09953087523180981,0.024712706955697612,0.049356329730161505,0.09941645455664147,0.024671688223090092,0.04960460100647017,0.10033829659997884,0.05814369365771235,0.09966472583295014,0.05807245059581508,0.09953087523180981,0.057828497080833534,0.09941645455664147,0.0582048619431797,0.10033829659997884
IMG_0090,1,IMG_0090_r1_archive.csv,64,111101011110010011010000,245,228,208,0.3640955822443172,0.3497023500184181,0.0,0.8901960784313725,0.02495666047067916,0.0499327508673303,0.09940781903398727,0.02498472591930536,0.04972765720429272,0.09923726746156653,0.02482280986953884,0.04946211488267563,0.09971869784953898,0.024725660239678933,0.049796741385526436,0.10051964257571734,0.05809907679066558,0.09940781903398727,0.05798321686172153,0.09923726746156653,0.05800120753391782,0.09971869784953898,0.058347348066974246,0.10051964257571734
IMG_0090,1,IMG_0090_r1_archive.csv,65,100001100010000100111001,134,33,57,0.368332508306422,0.3496710997194867,0.0,0.2928104575163399,0.024963137112669825,0.04998024624192848,0.09982232412138954,0.02496745487399693,0.04979890026618999,0.09949633314119295,0.02473861352366025,0.049349853088170845,0.09959348277105287,0.024660893819772323,0.049701750636330075,0.10045487615581074,0.058255235825329287,0.09982232412138954,0.058087562760459954,0.09949633314119295,0.05789398312762798,0.09959348277105287,0.05827250687063771,0.10045487615581074
IMG_0090,1,IMG_0090_r1_archive.csv,66,111100011111011111110110,241,247,246,0.3624014450911367,0.3498392043785216,0.0,0.9594771241830063,0.02493075390271652,0.04992195646401254,0.09948122097654807,0.024922118380062305,0.04974061048827404,0.09939054798867883,0.024820650988875287,0.049416778388741006,0.09971006232688476,0.024717024717024715,0.049783788101545115,0.1005218014563809,0.058111310447759044,0.09948122097654807,0.058017758952338384,0.09939054798867883,0.05798249723483368,0.09971006232688476,0.05834087142498357,0.1005218014563809
IMG_0090,1,IMG_0090_r1_archive.csv,69,000100010000011000011001,17,6,25,0.3730642244180171,0.3495732964761391,0.0,0.0627450980392156,0.024848716437501483,0.04982048907282552,0.09959348277105287,0.024868146363473467,0.049779470340218,0.09948985649920229,0.024680323745744307,0.049393030701441916,0.09922215529692165,0.024665211581099432,0.04960244212580661,0.10026489465741803,0.058087562760459954,0.09959348277105287,0.058045824400964584,0.09948985649920229,0.057765169914702624,0.09922215529692165,0.05817751612144136,0.10026489465741803
IMG_0090,1,IMG_0090_r1_archive.csv,70,000000010001011000000000,2,22,2,0.3852810083775169,0.3495230277369153,0.0,0.0339869281045751,0.02493075390271652,0.05008603139444261,0.09987413725731484,0.025120735401109234,0.04990900318003122,0.09980289419541756,0.024717024717024715,0.04955062898988133,0.09959995941304353,0.02478610889825843,0.04960460100647017,0.10037499757125926,0.05829697418482466,0.09987413725731484,0.058277544258852676,0.09980289419541756,0.057955871039983196,0.09959995941304353,0.058255235825329287,0.10037499757125926
IMG_0090,1,IMG_0090_r1_archive.csv,73,010110010010001000010100,89,34,20,0.3695164130637187,0.3496445601507766,0.0,0.1869281045751634,0.024865987482809913,0.04991116206069477,0.09974460441750162,0.024965295993333376,0.04982912459547974,0.09957405284508089,0.024710548075034054,0.04920736696437631,0.09937543582403396,0.02466305270043588,0.04963266645509636,0.10030591339002554,0.058173917987002104,0.09974460441750162,0.058122824477964664,0.09957405284508089,0.057764450287814774,0.09937543582403396,0.05820054418185259,0.10030591339002554
IMG_0090,1,IMG_0090_r1_archive.csv,74,001010010010001010100010,41,34,162,0.3687067058219059,0.3495768592258569,0.0,0.3098039215686274,0.02488325852811834,0.04983128347614329,0.09952439858981915,0.02495666047067916,0.049826965714816186,0.09948122097654807,0.02472997800100604,0.04928292778760068,0.09950712754451072,0.024701912552379843,0.04949449809262894,0.10008138980101597,0.0580796468646936,0.09952439858981915,0.05808828238734781,0.09948122097654807,0.05784001111103915,0.09950712754451072,0.05809260014867492,0.10008138980101597
IMG_0090,1,IMG_0090_r1_archive.csv,76,001111011111111000111110,61,254,62,0.3657914041710353,0.3499321485905442,0.0,0.4928104575163399,0.02481633322754818,0.04991116206069477,0.09968847352024922,0.02488325852811834,0.04987877885074146,0.09947474433455741,0.024824968750202396,0.04935848861082506,0.09939702463066949,0.024682482626407858,0.04976651705623668,0.10047646496244626,0.05813865626949739,0.09968847352024922,0.05807892723780574,0.09947474433455741,0.057860160663898985,0.09939702463066949,0.05830848821503026,0.10047646496244626
IMG_0090,1,IMG_0090_r1_archive.csv,77,100101011011010100111100,149,181,60,0.3655291128697115,0.3498658052957668,0.0,0.5098039215686274,0.024878940766791233,0.04990684429936766,0.09962370710034262,0.024874623005464128,0.049680161829694536,0.09933009933009933,0.024807697704893966,0.049436208314712994,0.09955246403844535,0.024650099416454557,0.04985071340211527,0.10071610071610071,0.058136497388833835,0.09962370710034262,0.057961628055086,0.09933009933009933,0.057932123352684106,0.09955246403844535,0.058405637844890175,0.10071610071610071
IMG_0090,1,IMG_0090_r1_archive.csv,78,110101101100010001000001,214,196,65,0.3647787536806497,0.349760762815688,0.0,0.6209150326797386,0.024853034198828592,0.04990684429936766,0.09957189396441733,0.02493075390271652,0.0495981243644795,0.09914659447369727,0.02480553882423041,0.04955710563187198,0.09957189396441733,0.024654417177781662,0.04988525549273213,0.10084131579458683,0.058110590820871194,0.09957189396441733,0.05789182424696443,0.09914659447369727,0.05797817947350658,0.09957189396441733,0.05846032948836687,0.10084131579458683
IMG_0090,1,IMG_0090_r1_archive.csv,85,001011010011011000111000,45,54,56,0.3692609963157237,0.3496749564628467,0.0,0.2026143790849673,0.024932912783380074,0.04997808736126493,0.0998050530760811,0.02500415584527734,0.04984423676012461,0.09952871635114625,0.024719183597688273,0.049313152116890434,0.09940781903398727,0.02465873493910877,0.04959596548381595,0.10021524040215629,0.05823868440690871,0.0998050530760811,0.058125702985516066,0.09952871635114625,0.057813384916188655,0.09940781903398727,0.058156646941693674,0.10021524040215629
IMG_0090,1,IMG_0090_r1_archive.csv,88,100010000100000100000001,136,65,2,0.3735222711652338,0.34949662325956,0.0,0.265359477124183,0.024874623005464128,0.050029900497190215,0.09979857643409046,0.025025744651912877,0.04992195646401254,0.09970574456555766,0.024708389194370503,0.049289404429591344,0.0996107538163613,0.024734295762333144,0.049710386158984286,0.10033829659997884,0.0582343666455816,0.09979857643409046,0.05821781522716102,0.09970574456555766,0.05786951581344105,0.0996107538163613,0.05826099284043209,0.10033829659997884
IMG_0090,1,IMG_0090_r1_archive.csv,89,111100001111000101110010,240,241,114,0.3633808657517008,0.3497137274122341,0.0,0.7777777777777778,0.02497393151598759,0.04994354527064807,0.0995503051577818,0.024902688454090324,0.049667208545713215,0.09923726746156653,0.02474509016565091,0.04954631122855421,0.09950928642517427,0.024660893819772323,0.04980105914685354,0.10064917541553056,0.058155927314805816,0.0995503051577818,0.05793572148712336,0.09923726746156653,0.0579335626064598,0.09950928642517427,0.05837037612738547,0.10064917541553056
IMG_0090,1,IMG_0090_r1_archive.csv,90,000111000000111000011110,28,14,30,0.3705868199615033,0.3497362833445533,0.0,0.0941176470588235,0.024885417408781897,0.04996729295794716,0.09975539882081938,0.024885417408781897,0.049747087130264704,0.09953087523180981,0.024734295762333144,0.0492354324130025,0.09936464142071619,0.024708389194370503,0.0495938066031524,0.10026489465741803,0.058202703062516147,0.09975539882081938,0.0580544599236188,0.09953087523180981,0.057778123198683945,0.09936464142071619,0.058189030151646975,0.10026489465741803
IMG_0090,1,IMG_0090_r1_archive.csv,91,111010000001110000101111,232,28,47,0.3670810686822501,0.3497224752380654,0.0,0.4013071895424836,0.024989043680632466,0.050001835048564015,0.09967983799759501,0.02498472591930536,0.049699591755666524,0.09940781903398727,0.024732136881669593,0.04942109615006811,0.09957189396441733,0.02461123956451059,0.04966936742637677,0.10049157712709114,0.05822357224226383,0.09967983799759501,0.05803071223631972,0.09940781903398727,0.057908375665385016,0.09957189396441733,0.05825739470599284,0.10049157712709114
IMG_0090,1,IMG_0090_r1_archive.csv,93,011100110001111001101000,115,30,104,0.368606271306958,0.3496175588248289,0.0,0.3254901960784314,0.024926436141389414,0.04991116206069477,0.09969063240091278,0.02494802494802495,0.049744928249601146,0.09945963216991255,0.02465873493910877,0.049375759656133486,0.09943156672128635,0.02472350135901538,0.049729816084956274,0.10041601630386676,0.058176076867665655,0.09969063240091278,0.05805086178917954,0.09945963216991255,0.05782202043884286,0.09943156672128635,0.05828977791594614,0.10041601630386676
IMG_0090,1,IMG_0090_r1_archive.csv,94,111111100001111111000110,254,31,198,0.3659607958742367,0.3494203604152555,0.0,0.6313725490196078,0.025019268009922217,0.04994786303197518,0.09949849202185651,0.025055968981202624,0.049721180562302056,0.09929987500080958,0.02472997800100604,0.049321787639544645,0.09967120247494078,0.02465873493910877,0.04955926451253554,0.10012888517561415,0.058155207687917966,0.09949849202185651,0.05802567484810475,0.09929987500080958,0.05790765603849716,0.09967120247494078,0.05811562820908615,0.10012888517561415
IMG_0090,2,IMG_0090_r2_archive.csv,0,111100011001010111101110,241,149,238,0.3647899459953055,0.3499296096609293,0.0,0.8209150326797386,0.024831445392193056,0.04960675988713372,0.0994617910505761,0.0249501838286885,0.050090349155769716,0.09939918351133305,0.024511931053987128,0.04980537690818065,0.09929123947815537,0.024537837621949773,0.049416778388741006,0.10062326884756792,0.05796666544330096,0.0994617910505761,0.058146572165263755,0.09939918351133305,0.05786951581344105,0.09929123947815537,0.058192628286086234,0.10062326884756792
IMG_0090,2,IMG_0090_r2_archive.csv,3,110000011111100000111100,193,248,60,0.3633412439418756,0.3504822468093505,0.0,0.6549019607843137,0.02493723054470718,0.04985287228277883,0.09969926792356698,0.025040856816557752,0.05016375109833054,0.09953303411247336,0.02445795903739829,0.05005796594581641,0.09927396843284694,0.024539996502613327,0.04950745137661026,0.10046351167846496,0.05816312358368433,0.09969926792356698,0.05824588067578721,0.09953303411247336,0.057929964472020555,0.09927396843284694,0.058170319852562845,0.10046351167846496
IMG_0090,2,IMG_0090_r2_archive.csv,5,000111100011000101000100,30,49,68,0.3689687262048718,0.3501171649469854,0.0,0.192156862745098,0.02495666047067916,0.04990468541870411,0.09990220270594102,0.02488757628944545,0.05017886326297541,0.09948553873787519,0.024475230082706717,0.04999535840657336,0.09947258545389387,0.02460908068384704,0.04955926451253554,0.10039226861656768,0.05825451619844143,0.09990220270594102,0.05818399276343202,0.09948553873787519,0.05798105798105798,0.09947258545389387,0.05818687127098341,0.10039226861656768
IMG_0090,2,IMG_0090_r2_archive.csv,8,111100111011011010111010,243,182,186,0.3636399822285193,0.3500539471264798,0.0,0.7986928104575163,0.024855193079492143,0.04962187205177859,0.09953303411247336,0.024982567038641806,0.050070919229797735,0.09949849202185651,0.024475230082706717,0.04985287228277883,0.09931282828479089,0.024527043218632003,0.049436208314712994,0.10062542772823146,0.05800336641458137,0.09953303411247336,0.05818399276343202,0.09949849202185651,0.0578803102167588,0.09931282828479089,0.058196226420525486,0.10062542772823146
IMG_0090,2,IMG_0090_r2_archive.csv,12,111111111110001111110010,255,227,242,0.3633652794799298,0.3501086346480493,0.0,0.94640522875817,0.024865987482809913,0.04958301219983463,0.09948122097654807,0.024993361441959572,0.050066601468470626,0.09948553873787519,0.024475230082706717,0.04982912459547974,0.09934089373341709,0.024572379712566626,0.0494772270473205,0.10066428758017543,0.05797674021973087,0.09948122097654807,0.058181833882768465,0.09948553873787519,0.05788174947053452,0.09934089373341709,0.05823796478002086,0.10066428758017543
IMG_0090,2,IMG_0090_r2_archive.csv,16,001000110000010111100010,35,5,226,0.3720458253787275,0.3497962810601397,0.0,0.3477124183006536,0.02489405293143611,0.04966289078438611,0.09973381001418385,0.02488757628944545,0.050280330654162424,0.09948337985721165,0.02459180963853861,0.04993922750932097,0.0996388192649875,0.024533519860622664,0.049425413911395225,0.10064269877353989,0.05809691791000202,0.09973381001418385,0.05821709560027317,0.09948337985721165,0.05805661880428236,0.0996388192649875,0.05820054418185259,0.10064269877353989
IMG_0090,2,IMG_0090_r2_archive.csv,20,111110111010010101110101,251,165,117,0.3646577632353053,0.3500212916425,0.0,0.6967320261437908,0.02492427726072586,0.049725498323629165,0.09956109956109956,0.025023585771249322,0.0501097790817417,0.09950280978318361,0.02446443567938895,0.04980105914685354,0.09936464142071619,0.024570220831903074,0.049423255030731666,0.10054770802434354,0.058070291715151524,0.09956109956109956,0.058212058212058215,0.09950280978318361,0.05787671208231956,0.09936464142071619,0.058180394628992764,0.10054770802434354
IMG_0090,2,IMG_0090_r2_archive.csv,21,010110001110101000010101,88,234,21,0.3658671173858359,0.3502562119999357,0.0,0.4483660130718954,0.025021426890585768,0.04988525549273213,0.09977266986612782,0.025060286742529733,0.05020692871160161,0.09957405284508089,0.024425575827444986,0.05000615280989113,0.09934305261408066,0.02459612739986572,0.04955062898988133,0.10044192287182942,0.05822645074981523,0.09977266986612782,0.05828042276640408,0.09957405284508089,0.05792492708380559,0.09934305261408066,0.058196226420525486,0.10044192287182942
IMG_0090,2,IMG_0090_r2_archive.csv,24,000010100000010000100110,10,4,38,0.3754856588350536,0.3498365031736398,0.0,0.0679738562091503,0.024969613754660485,0.04991547982202188,0.10016558614689455,0.02494802494802495,0.05023931192155491,0.09972733337219318,0.024535678741286218,0.04992411534467609,0.09972949225285674,0.024606921803183485,0.04950745137661026,0.10039226861656768,0.058350226574525633,0.10016558614689455,0.05830489008059101,0.09972733337219318,0.05806309544627302,0.09972949225285674,0.058168880598787144,0.10039226861656768
IMG_0090,2,IMG_0090_r2_archive.csv,26,111101110010110001110101,247,44,117,0.3665957523090832,0.349986163184206,0.0,0.5333333333333333,0.024909165096080984,0.049755722652918916,0.09970790344622121,0.024881099647454788,0.050137844530367896,0.09944883776659477,0.02459828628052927,0.04986150780543304,0.09951360418650139,0.024682482626407858,0.04953767570590001,0.10055202578567064,0.05812426373174037,0.09970790344622121,0.058155927314805816,0.09944883776659477,0.057991132757487907,0.09951360418650139,0.05825739470599284,0.10055202578567064
IMG_0090,2,IMG_0090_r2_archive.csv,30,100100101100100000110000,146,200,48,0.3650992754964987,0.3504729926305623,0.0,0.5150326797385621,0.02499120256129602,0.04980537690818065,0.09959348277105287,0.025053810100539073,0.050118414604395915,0.09941645455664147,0.02441694030479077,0.05003637713918088,0.09927180955218338,0.024529202099295558,0.04946859152466629,0.1004527172751472,0.05813002074684318,0.09959348277105287,0.058196226420525486,0.09941645455664147,0.057908375665385016,0.09927180955218338,0.05815017029970301,0.1004527172751472
IMG_0090,2,IMG_0090_r2_archive.csv,32,000001000000000100000000,4,2,2,0.3874930313701886,0.3500413350612819,0.0,0.0104575163398692,0.024872464124800573,0.04985934892476949,0.09991299710925879,0.024814174346884627,0.0502026109502745,0.09953951075446403,0.024393192617491684,0.049675844068367433,0.09964529590697814,0.024699753671716288,0.049451320479357866,0.1002800068220629,0.05821493671960962,0.09991299710925879,0.05818543201720772,0.09953951075446403,0.05790477753094575,0.09964529590697814,0.058143693657712346,0.1002800068220629
IMG_0090,2,IMG_0090_r2_archive.csv,34,111000111111011000100000,227,246,32,0.3636974677175606,0.350354351803126,0.0,0.6601307189542484,0.024891894050772558,0.04980105914685354,0.09963666038432394,0.025008473606604447,0.05015079781434922,0.09947042657323031,0.024425575827444986,0.04994354527064807,0.09930203388147313,0.02454215538327688,0.04952472242191869,0.1004851004851005,0.058109871193983344,0.09963666038432394,0.058209899331394664,0.09947042657323031,0.057890384993188736,0.09930203388147313,0.05818399276343202,0.1004851004851005
IMG_0090,2,IMG_0090_r2_archive.csv,35,001010111101110101000000,43,221,64,0.3662669336185273,0.3501163401558371,0.0,0.4287581699346405,0.024999838083950232,0.04983344235680684,0.09981800636006244,0.02509266995248304,0.05019613430828384,0.09960643605503419,0.02445795903739829,0.0499608163159565,0.09939918351133305,0.024535678741286218,0.049481544808647616,0.10041601630386676,0.05821709560027317,0.09981800636006244,0.05829841343860035,0.09960643605503419,0.05793931962156262,0.09939918351133305,0.058144413284600203,0.10041601630386676
IMG_0090,2,IMG_0090_r2_archive.csv,40,100011010100000000101000,141,64,40,0.3675772641207215,0.350265927175401,0.0,0.3202614379084967,0.024978249277314696,0.04985719004410593,0.09973381001418385,0.024868146363473467,0.05018749878562963,0.0994294078406228,0.024531360979959112,0.04998456400325559,0.09942509007929567,0.02458533299654795,0.049481544808647616,0.10041385742320322,0.058189749778534826,0.09973381001418385,0.058161684329908626,0.0994294078406228,0.05798033835417012,0.09942509007929567,0.05816024507613293,0.10041385742320322
IMG_0090,2,IMG_0090_r2_archive.csv,43,111000111001010100101011,227,149,43,0.3651308205527826,0.350158198963258,0.0,0.5477124183006535,0.024896211812099663,0.04985071340211527,0.09968199687825856,0.02496745487399693,0.0501982931889474,0.09947042657323031,0.024438529111426306,0.0499284331060032,0.09931498716545445,0.024507613292660022,0.04942973167272233,0.1004376051105023,0.058142974030824496,0.09968199687825856,0.058212058212058215,0.09947042657323031,0.05789398312762798,0.09931498716545445,0.05812498335862822,0.1004376051105023
IMG_0090,2,IMG_0090_r2_archive.csv,44,111011011111011000101001,237,246,41,0.3637223244768869,0.350298850916219,0.0,0.6849673202614379,0.024911323976744535,0.04975788153358247,0.09952871635114625,0.02500415584527734,0.050105461320414595,0.0995222397091556,0.024445005753416967,0.04996729295794716,0.0992243141775852,0.02461771620650125,0.04957437667718041,0.1005865678762875,0.05806597395382442,0.09952871635114625,0.05821061895828251,0.0995222397091556,0.05787887096298311,0.0992243141775852,0.05825955358665639,0.1005865678762875
IMG_0090,2,IMG_0090_r2_archive.csv,48,001110000000111000101001,56,14,41,0.3697932238957797,0.3502325513377718,0.0,0.1450980392156863,0.025043015697221303,0.04992627422533965,0.09989572606395036,0.024831445392193056,0.0501982931889474,0.09950065090252005,0.024578856354557286,0.04998024624192848,0.09953519299313691,0.024630669490482576,0.04957653555784397,0.10044408175249296,0.058288338662170446,0.09989572606395036,0.058176796494553505,0.09950065090252005,0.05803143186320756,0.09953519299313691,0.05821709560027317,0.10044408175249296
IMG_0090,2,IMG_0090_r2_archive.csv,51,100011011110110100111111,141,237,63,0.3642387287316089,0.350461947651328,0.0,0.5764705882352941,0.02494370718669784,0.04976651705623668,0.09959564165171643,0.025047333458548413,0.05015079781434922,0.09945963216991255,0.024347856123557058,0.050012629451881785,0.09924158522289364,0.024509772173323573,0.049386554059451256,0.10034909100329661,0.05810195529821699,0.09959564165171643,0.058219254480936726,0.09945963216991255,0.057867356932777496,0.09924158522289364,0.05808180574535715,0.10034909100329661
IMG_0090,2,IMG_0090_r2_archive.csv,52,110000001010101101000001,192,171,65,0.3648383049221691,0.3502847514032491,0.0,0.5594771241830065,0.02492427726072586,0.049803218027517096,0.09955246403844535,0.025001996964613787,0.05014432117235856,0.09945099664725833,0.02444068799208986,0.0499284331060032,0.09929123947815537,0.024481706724697377,0.049408142866086795,0.10044192287182942,0.05809331977556278,0.09955246403844535,0.058199104928076895,0.09945099664725833,0.05788678685874948,0.09929123947815537,0.0581105908208712,0.10044192287182942
IMG_0090,2,IMG_0090_r2_archive.csv,53,111100011111011110111011,241,247,187,0.3622242814175464,0.3502753107225549,0.0,0.8823529411764706,0.024868146363473467,0.04964777861974124,0.09957621172574443,0.02500415584527734,0.050083872513779056,0.09945747328924899,0.024455800156734736,0.04987230220875081,0.09931714604611802,0.024537837621949773,0.04946211488267563,0.10065996981884832,0.05803071223631972,0.09957621172574443,0.058181833882768465,0.09945747328924899,0.05788174947053452,0.09931714604611802,0.05821997410782457,0.10065996981884832
IMG_0090,2,IMG_0090_r2_archive.csv,54,000100100011001000111000,18,50,56,0.3697541354564713,0.3499743882244108,0.0,0.1620915032679738,0.02493938942537073,0.04988093773140503,0.099820165240726,0.02487030524413702,0.05016375109833054,0.0994617910505761,0.024527043218632003,0.049986722883919144,0.09956757620309023,0.02456158530924886,0.04958085331917108,0.10040738078121256,0.05821349746583391,0.099820165240726,0.058165282464347885,0.0994617910505761,0.05802711410188046,0.09956757620309023,0.058183273136544165,0.10040738078121256
IMG_0090,2,IMG_0090_r2_archive.csv,56,001010011000111101001011,41,143,75,0.3671355063397664,0.3500773093286377,0.0,0.3385620915032679,0.02496745487399693,0.04985071340211527,0.09969063240091278,0.025040856816557752,0.05018965766629318,0.09957621172574443,0.024490342247351596,0.04993490974799386,0.099196248728959,0.024581015235220844,0.04950529249594671,0.1004699883204556,0.058169600225674994,0.09969063240091278,0.05826890873619845,0.09957621172574443,0.057873833574768156,0.099196248728959,0.05818543201720772,0.1004699883204556
IMG_0090,2,IMG_0090_r2_archive.csv,57,000011000100000001110001,12,64,113,0.3700679943739586,0.3499174422787818,0.0,0.2470588235294117,0.024963137112669825,0.04976651705623668,0.09969279128157632,0.024896211812099663,0.05015511557567632,0.09924158522289364,0.024630669490482576,0.049900367657377,0.09958916500972576,0.024654417177781662,0.04965209638106834,0.10062758660889502,0.058140815150160945,0.09969279128157632,0.05809763753688987,0.09924158522289364,0.05804006738586178,0.09958916500972576,0.05831136672258167,0.10062758660889502
IMG_0090,2,IMG_0090_r2_archive.csv,59,001111001001010011000000,60,148,192,0.3669538047836833,0.3500006015886015,0.0,0.5228758169934641,0.024995520322623126,0.04976651705623668,0.09971869784953898,0.02499120256129602,0.05014000341103145,0.09941429567597791,0.024511931053987128,0.04984639564078816,0.09927396843284694,0.024494660008678698,0.04941893726940456,0.10051100705306314,0.05816024507613293,0.09971869784953898,0.058181833882768465,0.09941429567597791,0.057877431709207415,0.09927396843284694,0.05814153477704879,0.10051100705306314
IMG_0090,2,IMG_0090_r2_archive.csv,62,001100011100100000110100,49,200,52,0.3662425171015325,0.3501945590220587,0.0,0.3934640522875817,0.02500415584527734,0.04988525549273213,0.0997877820307727,0.025025744651912877,0.05019397542762029,0.0995265574704827,0.024425575827444986,0.04996297519662006,0.09936895918204329,0.024574538593230184,0.04954199346722711,0.10044839951382006,0.05822573112292739,0.0997877820307727,0.058248759183338626,0.0995265574704827,0.057919170068702786,0.09936895918204329,0.05818831052475912,0.10044839951382006
IMG_0090,2,IMG_0090_r2_archive.csv,63,001011101100100000111110,46,200,62,0.3659087964819405,0.3501761045722824,0.0,0.4026143790849673,0.02498688479996891,0.04983991899879751,0.09975755770148292,0.0250710811458475,0.05022851751823715,0.09963666038432394,0.02444716463408052,0.04999104064524625,0.09934305261408066,0.024557267547921754,0.04952472242191869,0.10050884817239958,0.05819478716674978,0.09975755770148292,0.05831208634946953,0.09963666038432394,0.05792708596446914,0.09934305261408066,0.058196946047413343,0.10050884817239958
IMG_0090,2,IMG_0090_r2_archive.csv,65,000010100010111000111000,10,46,56,0.3709374645122578,0.3498010430739606,0.0,0.1464052287581699,0.025043015697221303,0.04998024624192848,0.10005332435238977,0.024902688454090324,0.05028896617681664,0.09958052948707154,0.024552949786594648,0.0501097790817417,0.09958052948707154,0.02461123956451059,0.04959164772248885,0.10039874525855835,0.05835886209717985,0.10005332435238977,0.05825739470599284,0.09958052948707154,0.058081086118469294,0.09958052948707154,0.0582005441818526,0.10039874525855835
IMG_0090,2,IMG_0090_r2_archive.csv,66,000100000101000101001011,16,81,75,0.3686562388115709,0.3502600522528803,0.0,0.2248366013071895,0.02494802494802495,0.04988093773140503,0.0998655017346606,0.02497393151598759,0.05012273236572302,0.09964961366830526,0.024529202099295558,0.04987446108941436,0.09937759470469751,0.024574538593230184,0.0495657411545262,0.10047646496244626,0.058231488138030196,0.0998655017346606,0.058248759183338626,0.09964961366830526,0.05792708596446914,0.09937759470469751,0.058205581570067555,0.10047646496244626
IMG_0090,2,IMG_0090_r2_archive.csv,68,111011111111011110110111,239,247,183,0.3616695083504039,0.3503423568362507,0.0,0.8745098039215686,0.02488325852811834,0.049656414142395446,0.09957189396441733,0.024993361441959572,0.050077395871788395,0.09943156672128635,0.024436370230762755,0.04990684429936766,0.09929123947815537,0.02454431426394043,0.049451320479357866,0.10064917541553056,0.058037188878310365,0.09957189396441733,0.05816744134501143,0.09943156672128635,0.05787815133609526,0.09929123947815537,0.05821493671960962,0.10064917541553056
IMG_0090,2,IMG_0090_r2_archive.csv,70,111010101111001110110111,234,243,183,0.3625937632603652,0.3503871229367172,0.0,0.8627450980392157,0.02488757628944545,0.04963266645509636,0.09948985649920229,0.025012791367931556,0.050027741616526664,0.09943156672128635,0.024449323514744076,0.04993922750932097,0.09925453850687495,0.02454863202526754,0.04944700271803076,0.10066644646083898,0.05800336641458137,0.09948985649920229,0.058157366568581524,0.09943156672128635,0.05788102984364666,0.09925453850687495,0.05822069373471243,0.10066644646083898
IMG_0090,2,IMG_0090_r2_archive.csv,71,010011110011111111011011,79,63,219,0.3681552007074541,0.350003823571425,0.0,0.4718954248366013,0.02500415584527734,0.04979458250486288,0.09978994091143624,0.024896211812099663,0.050142162291695,0.09946826769256675,0.024578856354557286,0.04988309661206858,0.09944452000526767,0.024578856354557286,0.04946643264400274,0.10051100705306314,0.058196226420525486,0.09978994091143624,0.05816888059878714,0.09946826769256675,0.05796882432396452,0.09944452000526767,0.05818543201720772,0.10051100705306314
IMG_0090,2,IMG_0090_r2_archive.csv,72,010001110010000100001101,71,33,13,0.3699899783531169,0.3501793932927833,0.0,0.1529411764705882,0.025036539055230643,0.050021264974536,0.09999071681314672,0.024958819351342715,0.05029328393814375,0.09953087523180981,0.024488183366688038,0.05000399392922757,0.0995546229191089,0.02459180963853861,0.04952256354125513,0.10040306301988546,0.05834950694763779,0.09999071681314672,0.05826099284043209,0.09953087523180981,0.05801560007167483,0.0995546229191089,0.058172478733226396,0.10040306301988546
IMG_0090,2,IMG_0090_r2_archive.csv,74,001001011100101000100101,37,202,37,0.3664630023137714,0.3503086025674842,0.0,0.3607843137254902,0.02496097823200627,0.049785946982208666,0.09968199687825856,0.025025744651912877,0.05018318102430252,0.09949633314119295,0.024432052469435646,0.04993922750932097,0.09936680030137973,0.024568061951239523,0.04953119906390934,0.1005174836950538,0.0581429740308245,0.09968199687825856,0.05823508627246945,0.09949633314119295,0.05791269342671212,0.09936680030137973,0.058205581570067555,0.1005174836950538
IMG_0090,2,IMG_0090_r2_archive.csv,78,101110001101111100110101,184,223,53,0.3640915438675466,0.350531279476051,0.0,0.6013071895424837,0.024945866067361395,0.049803218027517096,0.09962802486166973,0.025051651219875522,0.05012489124638657,0.09955678179977245,0.024419099185454325,0.050016947213208894,0.09933009933009933,0.02454215538327688,0.049451320479357866,0.10041817518453032,0.05812570298551608,0.09962802486166973,0.05824444142201152,0.09955678179977245,0.05792204857625418,0.09933009933009933,0.058137217015721686,0.10041817518453032
IMG_0090,2,IMG_0090_r2_archive.csv,79,111001011100110000100101,229,204,37,0.3643898419118589,0.3503782633821306,0.0,0.6143790849673202,0.0248573519601557,0.049785946982208666,0.09961291269702484,0.025001996964613787,0.05020476983093806,0.09952008082849205,0.024449323514744076,0.0499608163159565,0.09936895918204329,0.02455079090593109,0.0494729092859934,0.1004980537690818,0.0580854038797964,0.09961291269702484,0.058242282541347966,0.09952008082849205,0.05792636633758128,0.09936895918204329,0.05817391798700209,0.1004980537690818
IMG_0090,2,IMG_0090_r2_archive.csv,83,101001011110101100011001,165,235,25,0.3645017227274231,0.3506325598546993,0.0,0.5555555555555555,0.024904847334753875,0.04976651705623668,0.09962370710034262,0.025064604503856842,0.05020908759226516,0.0995503051577818,0.024388874856164575,0.04993059198666675,0.09931498716545445,0.024527043218632003,0.049410301746750346,0.10039226861656768,0.058098357163777724,0.09962370710034262,0.05827466575130127,0.0995503051577818,0.05787815133609526,0.09931498716545445,0.058109871193983344,0.10039226861656768
IMG_0090,2,IMG_0090_r2_archive.csv,85,001001111010001100011011,39,163,27,0.3675860943659454,0.3501725782309743,0.0,0.2993464052287581,0.025053810100539073,0.04993922750932097,0.09978346426944558,0.025006314725940892,0.05025658296686334,0.09966040807162302,0.02445148239540763,0.04989389101538635,0.09935816477872553,0.024568061951239523,0.04953983458656356,0.1004851004851005,0.05825883395976853,0.09978346426944558,0.05830776858814241,0.09966040807162302,0.0579011793965065,0.09935816477872553,0.0581976656743012,0.1004851004851005
IMG_0090,2,IMG_0090_r2_archive.csv,88,000100100001000000001001,18,16,9,0.3722443662039863,0.3501146493657551,0.0,0.0562091503267973,0.024904847334753875,0.04983776011813395,0.0997877820307727,0.024902688454090324,0.05022419975691003,0.09939270686934237,0.024587491877211504,0.04998240512259204,0.09961723045835195,0.024593968519202165,0.04955926451253554,0.10032966107732463,0.058176796494553505,0.0997877820307727,0.058173198360114246,0.09939270686934237,0.05806237581938517,0.09961723045835195,0.05816096470302078,0.10032966107732463
IMG_0090,2,IMG_0090_r2_archive.csv,90,010010110000111000010010,75,14,18,0.370292204713617,0.3503113021480466,0.0,0.1398692810457516,0.02509266995248304,0.05001478833254534,0.09999935233580093,0.024807697704893966,0.05029976058013441,0.09954814627711824,0.02460476292251993,0.050040694900507984,0.09962154821967907,0.02460260404185638,0.04950313361528315,0.1003123900320162,0.05836893687360977,0.09999935233580093,0.058218534854048876,0.09954814627711824,0.05808900201423567,0.09962154821967907,0.05813937589638524,0.1003123900320162
IMG_0090,2,IMG_0090_r2_archive.csv,93,001100101100001100101110,50,195,46,0.366789179550339,0.3502117925633299,0.0,0.3803921568627451,0.024999838083950232,0.04991547982202188,0.09986981949598772,0.025049492339211964,0.05022204087624648,0.09956325844176311,0.02441478142412722,0.04998024624192848,0.09939054798867883,0.024552949786594648,0.04949449809262894,0.10035988540661438,0.05826171246731995,0.09986981949598772,0.05827826388574051,0.09956325844176311,0.05792852521824484,0.09939054798867883,0.058135777761945985,0.10035988540661438
IMG_0090,2,IMG_0090_r2_archive.csv,96,010001100011101001000100,70,58,68,0.3684228934435361,0.350060868288196,0.0,0.2562091503267973,0.024993361441959572,0.04990252653804055,0.09993026815456722,0.02490052957342677,0.0502673773701811,0.09948553873787519,0.024514089934650683,0.05001910609387245,0.09954598739645469,0.02460260404185638,0.04952688130258224,0.100424651826521,0.058275385378189125,0.09993026815456722,0.05821781522716102,0.09948553873787519,0.05802639447499261,0.09954598739645469,0.058184712390319866,0.100424651826521
IMG_0090,2,IMG_0090_r2_archive.csv,97,010000110010000111110110,67,33,246,0.3681796002920516,0.349943595126077,0.0,0.4522875816993464,0.025008473606604447,0.04979458250486288,0.09976619322413716,0.024874623005464128,0.05014648005302211,0.09938838910801527,0.02460476292251993,0.04984423676012461,0.09942724895995925,0.024634987251809685,0.04953983458656356,0.10062758660889502,0.058189749778534826,0.09976619322413716,0.058136497388833835,0.09938838910801527,0.0579587495475346,0.09942724895995925,0.05826746948242276,0.10062758660889502
IMG_0090,2,IMG_0090_r2_archive.csv,99,010000110111010111000000,67,117,192,0.3672324104498645,0.3499924403691716,0.0,0.4915032679738562,0.025017109129258662,0.04976435817557313,0.09978130538878202,0.02496097823200627,0.050129209007713685,0.09947690321522097,0.024574538593230184,0.04983560123747039,0.09925453850687495,0.024522725457304894,0.04951176913793736,0.10064053989287634,0.05818759089787127,0.09978130538878202,0.058189030151646975,0.09947690321522097,0.05788822611252518,0.09925453850687495,0.058225011496039536,0.10064053989287634
IMG_0093,1,IMG_0093_r1_archive.csv,0,111001101001110100101001,230,157,41,0.3390278443173268,0.3655568030497828,0.0,0.5594771241830065,0.025232997195614018,0.05018965766629318,0.10019796935684785,0.02503438017456709,0.049403825104759685,0.09948769761853875,0.02474724904631447,0.04951608689926447,0.10004468882973556,0.024922118380062305,0.04979458250486288,0.10037499757125926,0.05854020807291835,0.10019796935684785,0.05797530096595518,0.09948769761853875,0.058102674925104826,0.10004468882973556,0.05836389948539481,0.10037499757125926
IMG_0093,1,IMG_0093_r1_archive.csv,2,110010010010011011110000,201,38,240,0.340882170415743,0.3653497242987463,0.0,0.6261437908496732,0.025109940997791465,0.05015727445633988,0.10018717495353009,0.02509482883314659,0.04958085331917108,0.0995265574704827,0.024660893819772323,0.04962187205177859,0.09995185696120275,0.02494154830603429,0.04985287228277883,0.10042033406519388,0.05848479680255381,0.10018717495353009,0.058067413207600116,0.0995265574704827,0.058078207610917885,0.09995185696120275,0.05840491821800233,0.10042033406519388
IMG_0093,1,IMG_0093_r1_archive.csv,3,111110010111110000101001,249,124,41,0.3398439350729447,0.3654193177602698,0.0,0.5411764705882353,0.025194137343670053,0.050129209007713685,0.10007275427836176,0.025032221293903537,0.04944700271803076,0.09929123947815537,0.024773155614277106,0.04944700271803076,0.09998639905181962,0.02494154830603429,0.049755722652918916,0.10025841801542737,0.05846536687658183,0.10007275427836176,0.057923487830029895,0.09929123947815537,0.05806885246137583,0.09998639905181962,0.05831856299146019,0.10025841801542737
IMG_0093,1,IMG_0093_r1_archive.csv,5,101110100011001100101111,186,51,47,0.3406824104578742,0.3653873592878278,0.0,0.3712418300653595,0.025204931746987822,0.05025010632487268,0.10020012823751141,0.025038697935894198,0.04957005891585331,0.09958916500972576,0.02476020233029579,0.04958732996116173,0.1000101467391187,0.02498472591930536,0.04971254503964784,0.10026273577675447,0.058551722103123975,0.10020012823751141,0.05806597395382442,0.09958916500972576,0.058119226343525406,0.1000101467391187,0.05832000224523589,0.10026273577675447
IMG_0093,1,IMG_0093_r1_archive.csv,6,101100100000101000010000,178,10,16,0.3436851933397115,0.3653855026312764,0.0,0.2666666666666666,0.025159595253053196,0.05023715304089136,0.10020876376016563,0.025090511071819484,0.04961755429045149,0.0996474547876417,0.02472997800100604,0.04947938592798406,0.09994969808053919,0.024907006215417433,0.04967368518770388,0.10035556764528727,0.058535170684703396,0.10020876376016563,0.05811850671663756,0.0996474547876417,0.0580530206698431,0.09994969808053919,0.05831208634946953,0.10035556764528727
IMG_0093,1,IMG_0093_r1_archive.csv,7,101101101111001100011100,182,243,28,0.3392834473216928,0.3654405945966468,0.0,0.592156862745098,0.025248109360258893,0.05022419975691003,0.10039874525855835,0.025086193310492378,0.04958301219983463,0.09969926792356698,0.024818492108211736,0.04958085331917108,0.10015910950490389,0.025006314725940892,0.04988093773140503,0.10052827809837156,0.058623684791909096,0.10039874525855835,0.058122824477964664,0.09969926792356698,0.058186151644095574,0.10015910950490389,0.05847184351857249,0.10052827809837156
IMG_0093,1,IMG_0093_r1_archive.csv,8,000110110010010001001110,27,36,78,0.343130208617602,0.3655717467638772,0.0,0.1843137254901961,0.02526322152490377,0.050379639164685894,0.10029727786737133,0.02508187554916527,0.049654255261731894,0.09950928642517427,0.02477963225626777,0.04952688130258224,0.10015910950490389,0.024993361441959572,0.049762199294909576,0.10039442749723122,0.058646712852320336,0.10029727786737133,0.05808180574535715,0.09950928642517427,0.058155207687917966,0.10015910950490389,0.05838332941136679,0.10039442749723122
IMG_0093,1,IMG_0093_r1_archive.csv,9,111110010011001100111111,249,51,63,0.3397077393347699,0.3654557077436981,0.0,0.4745098039215686,0.02515527749172609,0.05018102214363897,0.10016342726623101,0.025055968981202624,0.04951608689926447,0.0994294078406228,0.02474940792697802,0.04948370368931117,0.10002310002310003,0.024932912783380074,0.04964993750040479,0.10014615622092257,0.05849990896719869,0.10016342726623101,0.05800048790702996,0.0994294078406228,0.0580854038797964,0.10002310002310003,0.05824300216823581,0.10014615622092257
IMG_0093,1,IMG_0093_r1_archive.csv,14,110010000010000111101000,200,33,232,0.3413878310643394,0.3652249636396966,0.0,0.6078431372549019,0.02514448308840832,0.05020908759226516,0.1002519413734367,0.025105623236464356,0.04965209638106834,0.09954166963512759,0.02465873493910877,0.04966289078438611,0.09995185696120275,0.024904847334753875,0.04979458250486288,0.10035340876462372,0.058535170684703396,0.1002519413734367,0.058099796417553425,0.09954166963512759,0.058091160894899206,0.09995185696120275,0.05835094620141349,0.10035340876462372
IMG_0093,1,IMG_0093_r1_archive.csv,15,100011011110111100111011,141,239,59,0.3395503696336948,0.365369888845422,0.0,0.5738562091503269,0.025321511302819715,0.05031271386411573,0.100405221900549,0.025051651219875522,0.049613236529124374,0.09978562315010912,0.024829286511529505,0.04949881585395604,0.10027137129940868,0.024976090396651145,0.04983128347614329,0.10054123138235288,0.05867981568916148,0.100405221900549,0.058150170299703006,0.09978562315010912,0.05819982455496473,0.10027137129940868,0.058449535085049104,0.10054123138235288
IMG_0093,1,IMG_0093_r1_archive.csv,17,010001000001101010110101,68,26,181,0.343856972510941,0.3653634692174114,0.0,0.3594771241830065,0.025250268240922445,0.05033862043207838,0.10031886667400687,0.0250710811458475,0.04966073190372256,0.09969279128157632,0.02476020233029579,0.04963914309708702,0.10004900659106267,0.02494802494802495,0.04981185355017131,0.1004656705591285,0.058635918449002566,0.10031886667400687,0.05814153477704879,0.09969279128157632,0.05814945067281516,0.10004900659106267,0.05840851635244159,0.1004656705591285
IMG_0093,1,IMG_0093_r1_archive.csv,18,010001110100010001000010,71,68,66,0.3422524331383972,0.3653640340130213,0.0,0.2679738562091503,0.02531935242215616,0.050435770061938286,0.1003123900320162,0.0250991465944737,0.04960460100647017,0.09956325844176311,0.02480553882423041,0.04955494675120843,0.10005116547172622,0.024963137112669825,0.049721180562302056,0.10040738078121256,0.05868917083870354,0.1003123900320162,0.05808900201423566,0.09956325844176311,0.058137217015721686,0.10005116547172622,0.05836389948539481,0.10040738078121256
IMG_0093,1,IMG_0093_r1_archive.csv,21,101111010001011110110001,189,23,177,0.3425988445898114,0.365301597964093,0.0,0.5084967320261438,0.025140165327081212,0.05017670438231186,0.10024978249277314,0.02507539890717461,0.049675844068367433,0.0996474547876417,0.024710548075034054,0.049665049665049664,0.10008138980101597,0.024889735170109,0.0497147039203114,0.10027568906073579,0.058522217400722075,0.10024978249277314,0.05813289925439458,0.0996474547876417,0.05815232918036656,0.10008138980101597,0.0582933760503854,0.10027568906073579
IMG_0093,1,IMG_0093_r1_archive.csv,23,010001100011000001000100,70,48,68,0.3423768269956113,0.3654908798213553,0.0,0.2431372549019607,0.025310716899501946,0.050422816777956965,0.10033181995798818,0.025116417639782125,0.04957869443850752,0.09959780053237997,0.02479042665958554,0.04955278787054488,0.10015479174357679,0.024978249277314696,0.049747087130264704,0.10043544622983876,0.0586884512118157,0.10033181995798818,0.05809763753688987,0.09959780053237997,0.058166002091235736,0.10015479174357679,0.05838692754580605,0.10043544622983876
IMG_0093,1,IMG_0093_r1_archive.csv,24,110000000000011011100000,192,6,224,0.3441862145114309,0.3651674618468717,0.0,0.5516339869281045,0.025202772866324268,0.0501982931889474,0.1002238759248105,0.02509482883314659,0.04976435817557313,0.09954814627711824,0.024708389194370503,0.04964561973907768,0.09996049248385697,0.024926436141389414,0.04980969466950775,0.10032966107732463,0.058541647326694056,0.1002238759248105,0.058135777761945985,0.09954814627711824,0.058104833805768384,0.09996049248385697,0.0583552639627406,0.10032966107732463
IMG_0093,1,IMG_0093_r1_archive.csv,25,001100100001111101001101,50,31,77,0.3427211388297527,0.3654466992026317,0.0,0.2065359477124183,0.0252848103315393,0.05039475132933077,0.10027784794139934,0.02508835219115593,0.049600283245143054,0.09949201537986585,0.02480985658555752,0.04955062898988133,0.10024114697011893,0.025001996964613787,0.049772993698227345,0.1004332873491752,0.05865246986742314,0.10027784794139934,0.05806021693872162,0.09949201537986585,0.05820054418185259,0.10024114697011893,0.058402759337338774,0.1004332873491752
IMG_0093,1,IMG_0093_r1_archive.csv,27,000100000000010000000000,16,4,2,0.3581713672541428,0.365497966374126,0.0,0.0287581699346405,0.025146641969071876,0.05019613430828384,0.09999071681314672,0.025055968981202624,0.04958085331917108,0.0993732769433704,0.02487030524413702,0.04938871294011481,0.09969279128157632,0.024898370692763218,0.049772993698227345,0.1004656705591285,0.05844449769683415,0.09999071681314672,0.05800336641458137,0.0993732769433704,0.05798393648860938,0.09969279128157632,0.05837901165003969,0.1004656705591285
IMG_0093,1,IMG_0093_r1_archive.csv,29,111101001100110001000010,244,204,66,0.3383336329579147,0.3654027280630172,0.0,0.6718954248366014,0.025230838314950467,0.05018318102430252,0.10020876376016563,0.025062445623193284,0.04939087182077836,0.09942509007929567,0.024783950017594876,0.04946211488267563,0.10007275427836176,0.024982567038641806,0.04985934892476949,0.10045919391713784,0.058540927699806206,0.10020876376016563,0.05795946917442244,0.09942509007929567,0.058106273059544085,0.10007275427836176,0.05843370329351638,0.10045919391713784
IMG_0093,1,IMG_0093_r1_archive.csv,30,101000000000100010110101,160,8,181,0.3441551012312797,0.365309368560677,0.0,0.4562091503267974,0.025200613985660713,0.05028896617681664,0.1003080722706891,0.0250991465944737,0.0496261898131057,0.09974676329816516,0.024676005984417198,0.04951608689926447,0.09993674479655788,0.02493723054470718,0.04983776011813395,0.1004527172751472,0.05859921747772215,0.1003080722706891,0.058157366568581524,0.09974676329816516,0.05804294589341319,0.09993674479655788,0.058409235979329434,0.1004527172751472
IMG_0093,1,IMG_0093_r1_archive.csv,31,110100100000011011101001,210,6,233,0.3438776892991124,0.3652356319650667,0.0,0.5869281045751633,0.025172548537034517,0.05017886326297541,0.10019796935684785,0.025107782117127914,0.049734133846283377,0.09949417426052941,0.024727819120342484,0.04963266645509636,0.09997128688717473,0.024913482857408093,0.04978810586287222,0.10030591339002554,0.05851646038561926,0.10019796935684785,0.0581120300746469,0.09949417426052941,0.05811059082087119,0.09997128688717473,0.05833583403676862,0.10030591339002554
IMG_0093,1,IMG_0093_r1_archive.csv,33,000000000000100100000001,2,9,2,0.3651222264315,0.3656705402466857,0.0,0.0169934640522875,0.025023585771249322,0.05009898467842393,0.09997128688717473,0.024850875318165037,0.04963050757443281,0.0998611839733335,0.02476020233029579,0.04959596548381595,0.09970574456555766,0.024827127630865947,0.04963698421642347,0.10023898808945537,0.058364619112282655,0.09997128688717473,0.05811418895531045,0.0998611839733335,0.0580206374598898,0.09970574456555766,0.0582343666455816,0.10023898808945537
IMG_0093,1,IMG_0093_r1_archive.csv,34,100101000100100111101101,148,73,237,0.3416773919916133,0.365340733897439,0.0,0.5986928104575163,0.025187660701679392,0.05018965766629318,0.10021092264082919,0.025064604503856842,0.0497751525788909,0.09958052948707154,0.02469543591038918,0.04955926451253554,0.10005116547172622,0.024932912783380074,0.04983560123747039,0.10044408175249296,0.05852941366960059,0.10021092264082919,0.058140095523273094,0.09958052948707154,0.05810195529821698,0.10005116547172622,0.058404198591114474,0.10044408175249296
IMG_0093,1,IMG_0093_r1_archive.csv,35,100010000010000000110101,136,32,53,0.3419732687031031,0.3655744680813833,0.0,0.2888888888888889,0.02528265145087575,0.05035373259672325,0.10035556764528727,0.02508403442982882,0.049667208545713215,0.09961723045835195,0.02479906218223975,0.04942973167272233,0.10014183845959547,0.02495450159001561,0.049708227278320735,0.1002519413734367,0.05866398389762876,0.10035556764528727,0.058122824477964664,0.09961723045835195,0.058123544104852515,0.10014183845959547,0.05830489008059101,0.1002519413734367
IMG_0093,1,IMG_0093_r1_archive.csv,36,101011011101101110110101,173,219,181,0.3403394616817204,0.365303451537126,0.0,0.7490196078431373,0.025232997195614018,0.05017454550164831,0.10031454891267975,0.025062445623193284,0.04960675988713372,0.09979857643409046,0.02475588456896868,0.049600283245143054,0.10006843651703465,0.024952342709352055,0.04996513407728361,0.10052827809837156,0.05857403053664736,0.10031454891267975,0.05815592731480582,0.09979857643409046,0.05814153477704879,0.10006843651703465,0.05848191829500241,0.10052827809837156
IMG_0093,1,IMG_0093_r1_archive.csv,37,000101011111000001000010,21,240,66,0.3411731282657993,0.3653615468012508,0.0,0.4274509803921568,0.0252848103315393,0.05027169513150822,0.10019796935684785,0.025068922265183948,0.04953983458656356,0.09954382851579113,0.024865987482809913,0.04957653555784397,0.10015479174357679,0.025045174577884858,0.04988957325405923,0.10066212869951188,0.05858482493996512,0.10019796935684785,0.05805086178917954,0.09954382851579113,0.058199104928076895,0.10015479174357679,0.058532292177151994,0.10066212869951188
IMG_0093,1,IMG_0093_r1_archive.csv,38,111111111110100111111011,255,233,251,0.3380701648549744,0.3653608746186662,0.0,0.9660130718954248,0.025140165327081212,0.050070919229797735,0.10011809077229637,0.025053810100539073,0.04950313361528315,0.09946394993123965,0.02478610889825843,0.04954847010921778,0.10002525890376357,0.024919959499398753,0.04993490974799386,0.10057145571164262,0.058443058443058436,0.10011809077229637,0.05800696454902062,0.09946394993123965,0.058119945970413256,0.10002525890376357,0.058475441653011745,0.10057145571164262
IMG_0093,1,IMG_0093_r1_archive.csv,40,101101111110110110110011,183,237,179,0.3398561010004488,0.3652717249211677,0.0,0.7830065359477124,0.025217885030969143,0.050172386620984756,0.1003123900320162,0.025079716668501718,0.04960460100647017,0.09975755770148292,0.024775314494940665,0.049678002949030985,0.10007923092035241,0.024965295993333376,0.04995865743529295,0.10059520339894172,0.0585675538946567,0.1003123900320162,0.058147291792151605,0.09975755770148292,0.05817751612144136,0.10007923092035241,0.05850638560918935,0.10059520339894172
IMG_0093,1,IMG_0093_r1_archive.csv,46,000100010011100111100111,17,57,231,0.3441233275876313,0.3653344973710622,0.0,0.3986928104575163,0.025267539286230874,0.05029328393814375,0.10023898808945537,0.025103464355800804,0.04967368518770388,0.09954382851579113,0.02474724904631447,0.04962187205177859,0.10010729636897861,0.02487678188612768,0.049785946982208666,0.10041817518453032,0.05859993710461,0.10023898808945537,0.058106992686431935,0.09954382851579113,0.05815880582235722,0.10010729636897861,0.05836030135095555,0.10041817518453032
IMG_0093,1,IMG_0093_r1_archive.csv,47,101111110001111111110110,191,31,246,0.3412560631480745,0.3652831106333669,0.0,0.611764705882353,0.02516175413371675,0.05021124647292871,0.10024978249277314,0.025120735401109234,0.049613236529124374,0.09954166963512759,0.02474293128498736,0.04960675988713372,0.10002957666509069,0.02494370718669784,0.04985287228277883,0.10038363309391347,0.0585409276998062,0.10024978249277314,0.05809188052178706,0.09954166963512759,0.058126422612403916,0.10002957666509069,0.05839340418779671,0.10038363309391347
IMG_0093,1,IMG_0093_r1_archive.csv,49,100011000100010100010111,140,69,23,0.3418939996848565,0.3654356305439807,0.0,0.3032679738562091,0.02526322152490377,0.05033214379008771,0.10031023115135264,0.025040856816557752,0.0497147039203114,0.09972517449152962,0.024721342478351824,0.0494729092859934,0.10016774502755811,0.024909165096080984,0.049695273994339415,0.10024546473144604,0.05863519882211471,0.10031023115135264,0.058160245076132926,0.09972517449152962,0.05812066559730111,0.10016774502755811,0.05828330127395548,0.10024546473144604
IMG_0093,1,IMG_0093_r1_archive.csv,53,001100000000101000000110,48,10,6,0.3474995714256674,0.3654383566404156,0.0,0.0836601307189542,0.025187660701679392,0.05027601289283532,0.10021739928281985,0.025030062413239986,0.04982480683415263,0.09973381001418385,0.02465225829711811,0.04949665697329249,0.09994322143854854,0.025010632487268,0.04980537690818065,0.10058009123429684,0.05856035762577819,0.10021739928281985,0.058196226420525486,0.09973381001418385,0.058030712236319705,0.09994322143854854,0.058465366876581826,0.10058009123429684
IMG_0093,1,IMG_0093_r1_archive.csv,54,000100000001111100101101,16,31,45,0.343831099807773,0.365398423771438,0.0,0.1202614379084967,0.02527617480888509,0.050358050358050355,0.10033829659997884,0.025187660701679392,0.04960460100647017,0.09951144530583783,0.02481633322754818,0.049481544808647616,0.10015263286291325,0.02495666047067916,0.049716862800974954,0.10039874525855835,0.05865750725563809,0.10033829659997884,0.05810123567132913,0.09951144530583783,0.05815017029970301,0.10015263286291325,0.05835742284340415,0.10039874525855835
IMG_0093,1,IMG_0093_r1_archive.csv,57,000100000011000000111000,16,48,56,0.3434788974764613,0.3655091816005127,0.0,0.1568627450980392,0.02526969816689443,0.05032566714809706,0.1002195581634834,0.025153118611062536,0.04958948884182529,0.09953087523180981,0.02478610889825843,0.04960244212580661,0.10000582897779159,0.02493723054470718,0.049706068397657184,0.10040306301988546,0.05860497449282496,0.1002195581634834,0.05809116089489921,0.09953087523180981,0.05813146000061888,0.10000582897779159,0.05834878732074994,0.10040306301988546
IMG_0093,1,IMG_0093_r1_archive.csv,59,101101010001010100100101,181,21,37,0.3412887003439882,0.3654678513807621,0.0,0.3124183006535947,0.02527833368954864,0.050362368119377464,0.10035340876462372,0.02515095973039898,0.04952688130258224,0.09950712754451072,0.024714865836361163,0.04952904018324579,0.1000382121877449,0.02493938942537073,0.04964561973907768,0.1002476236121096,0.0586647035245166,0.10035340876462372,0.05806165619249731,0.09950712754451072,0.058094039402450615,0.1000382121877449,0.05827754425885267,0.1002476236121096
IMG_0093,1,IMG_0093_r1_archive.csv,60,111011101011110100111011,238,189,59,0.338456113454227,0.3655209867416245,0.0,0.6352941176470588,0.025183342940352287,0.050172386620984756,0.10023682920879183,0.025060286742529733,0.04950097473461959,0.09956541732242667,0.02479906218223975,0.049481544808647616,0.10012024965295994,0.024945866067361395,0.049792423624199326,0.100405221900549,0.058530852923376286,0.10023682920879183,0.05804222626652533,0.09956541732242667,0.058133618881282434,0.10012024965295994,0.05838117053070324,0.100405221900549
IMG_0093,1,IMG_0093_r1_archive.csv,62,111110100011111101010111,250,63,87,0.3396509988712125,0.3654507048280733,0.0,0.5228758169934641,0.02518550182101584,0.05024147080221847,0.1002519413734367,0.025055968981202624,0.04959164772248885,0.09943372560194991,0.024734295762333144,0.04942973167272233,0.10004037106840846,0.024909165096080984,0.049656414142395446,0.10013536181760481,0.058559637998890336,0.1002519413734367,0.05802711410188046,0.09943372560194991,0.05806813283448797,0.10004037106840846,0.05823364701869375,0.10013536181760481
IMG_0093,1,IMG_0093_r1_archive.csv,63,101001111111111111101111,167,255,239,0.3392441726260135,0.3653648782428334,0.0,0.8640522875816994,0.02522867943428691,0.050172386620984756,0.10028864234471711,0.025073240026511054,0.04960460100647017,0.09977482874679136,0.024831445392193056,0.049656414142395446,0.10008138980101597,0.024993361441959572,0.049999676167900464,0.10067076422216609,0.05856323613332959,0.10028864234471711,0.058150889926590864,0.09977482874679136,0.058189749778534826,0.10008138980101597,0.05855460061067538,0.10067076422216609
IMG_0093,1,IMG_0093_r1_archive.csv,69,010001100011101000110000,70,58,48,0.3425480897287211,0.3654944298034636,0.0,0.2300653594771241,0.02533662346746459,0.050418499016629856,0.10026057689609091,0.025109940997791465,0.04961107764846082,0.09953951075446403,0.024814174346884627,0.04943404943404943,0.10020012823751141,0.024993361441959572,0.049768675936900236,0.10047430608178272,0.05867189979339512,0.10026057689609091,0.058086843133572104,0.09953951075446403,0.058149450672815156,0.10020012823751141,0.05841211448688085,0.10047430608178272
IMG_0093,1,IMG_0093_r1_archive.csv,74,111010111111011000111000,235,246,56,0.3379753603621491,0.3654492122958903,0.0,0.7019607843137254,0.025172548537034517,0.050129209007713685,0.10016990390822166,0.0250710811458475,0.04952904018324579,0.0995222397091556,0.024842239795510822,0.04955494675120843,0.10015047398224969,0.024969613754660485,0.04983991899879751,0.10045919391713784,0.05849055381765662,0.10016990390822166,0.058040787012749624,0.0995222397091556,0.058182553509656315,0.10015047398224969,0.05842290889019861,0.10045919391713784
IMG_0093,1,IMG_0093_r1_archive.csv,75,111100000011000100110100,240,49,52,0.3398470760326552,0.3654805302229163,0.0,0.4457516339869281,0.025181184059688732,0.05019613430828384,0.10010081972698795,0.025079716668501718,0.04944700271803076,0.09934305261408066,0.02473861352366025,0.04949881585395604,0.10005764211371687,0.024904847334753875,0.04964993750040479,0.10014615622092257,0.058492712698320175,0.10010081972698795,0.057956590666871054,0.09934305261408066,0.058098357163777724,0.10005764211371687,0.05823364701869375,0.10014615622092257
IMG_0093,1,IMG_0093_r1_archive.csv,79,111001101000110100101001,230,141,41,0.3392913547512605,0.365540379516482,0.0,0.5385620915032681,0.025226520553623358,0.050172386620984756,0.10020444599883853,0.025040856816557752,0.04940598398542324,0.09939054798867883,0.024751566807641574,0.04949665697329249,0.09999503457447383,0.02493723054470718,0.049747087130264704,0.10033397883865174,0.05853445105781555,0.10020444599883853,0.05794579626355328,0.09939054798867883,0.058081086118469294,0.09999503457447383,0.05833943217120787,0.10033397883865174
IMG_0093,1,IMG_0093_r1_archive.csv,82,111001111110001111101011,231,227,235,0.3389472376396887,0.3653504531360641,0.0,0.9058823529411764,0.025176866298361626,0.050116255723732364,0.10017853943087589,0.02507755778783816,0.04952688130258224,0.09954814627711824,0.0247969033015762,0.0495981243644795,0.10005764211371687,0.02493075390271652,0.04994786303197518,0.10050668929173602,0.05849055381765663,0.10017853943087589,0.05805086178917954,0.09954814627711824,0.058150889926590864,0.10005764211371687,0.058461768742142574,0.10050668929173602
IMG_0093,1,IMG_0093_r1_archive.csv,84,111110111111110000111011,251,252,59,0.3376463469490235,0.3653807171419476,0.0,0.734640522875817,0.025215726150305588,0.05017454550164831,0.10026489465741803,0.025073240026511054,0.04952904018324579,0.09949633314119295,0.024837922034183717,0.04953119906390934,0.10012240853362349,0.02494802494802495,0.049772993698227345,0.1004699883204556,0.058551722103123975,0.10026489465741803,0.05803287111698326,0.09949633314119295,0.058163843210572184,0.10012240853362349,0.05839700232223597,0.1004699883204556
IMG_0093,2,IMG_0093_r2_archive.csv,0,110101001100000100101101,212,193,45,0.3389369258096958,0.3645841468329561,0.0,0.5882352941176471,0.02492427726072586,0.04995865743529295,0.10017422166954877,0.02495450159001561,0.04981617131149842,0.10004037106840846,0.024807697704893966,0.05011193796240525,0.1005865678762875,0.02479258554024909,0.04982912459547974,0.10071178295477361,0.05835238545518919,0.10017422166954877,0.05827034798997416,0.10004037106840846,0.05850206784786224,0.1005865678762875,0.05844449769683415,0.10071178295477361
IMG_0093,2,IMG_0093_r2_archive.csv,1,001010000011001000100100,40,50,36,0.3430353533275845,0.3646368419831178,0.0,0.1647058823529411,0.02490052957342677,0.04983776011813395,0.10011161413030571,0.02498688479996891,0.049785946982208666,0.10002310002310003,0.024637146132473236,0.050159433337003435,0.10079382041998865,0.024676005984417198,0.049755722652918916,0.10056282018898842,0.05828330127395548,0.10011161413030571,0.058265310601759206,0.10002310002310003,0.058530133296488436,0.10079382041998865,0.05833151627544151,0.10056282018898842
IMG_0093,2,IMG_0093_r2_archive.csv,2,011010011001010001000010,105,148,66,0.3418503056334659,0.3645890803742753,0.0,0.4169934640522875,0.024874623005464128,0.04991332094135832,0.10021524040215629,0.024969613754660485,0.04983560123747039,0.099921632631913,0.024762361210959344,0.0502263586375736,0.10066428758017543,0.024721342478351824,0.049783788101545115,0.10061895108624082,0.05833439478299291,0.10021524040215629,0.058242282541347966,0.099921632631913,0.058551002476236125,0.10066428758017543,0.05837469388871258,0.10061895108624082
IMG_0093,2,IMG_0093_r2_archive.csv,4,110100100110000100101001,210,97,41,0.340804772427405,0.3645125022735385,0.0,0.4549019607843137,0.024859510840819252,0.049785946982208666,0.10013967957893191,0.02492427726072586,0.049770834817563794,0.09997560464850185,0.024768837852950004,0.050070919229797735,0.10072473623875493,0.02474293128498736,0.04980105914685354,0.10059304451827816,0.05826171246731995,0.10013967957893191,0.05822357224226384,0.09997560464850185,0.05852149777383422,0.10072473623875493,0.05837901165003969,0.10059304451827816
IMG_0093,2,IMG_0093_r2_archive.csv,5,101000010011111001000000,161,62,64,0.3412171186341437,0.3647041422310198,0.0,0.3751633986928104,0.024885417408781897,0.04990468541870411,0.10024114697011893,0.024989043680632466,0.049762199294909576,0.10009434308499729,0.024701912552379843,0.050081713633115504,0.10071394183543717,0.024719183597688273,0.049725498323629165,0.10050884817239958,0.05834374993253497,0.10024114697011893,0.058281862020179785,0.10009434308499729,0.05849918934031084,0.10071394183543717,0.05831784336457233,0.10050884817239958
IMG_0093,2,IMG_0093_r2_archive.csv,10,011111000011011001001110,124,54,78,0.3419630330688981,0.3646230387504827,0.0,0.3346405228758169,0.024844398676174377,0.04979458250486288,0.100042529949072,0.02493938942537073,0.049762199294909576,0.09995833360319342,0.02466952934242654,0.050107620201078146,0.10062110996690436,0.024699753671716288,0.04965209638106834,0.10045919391713784,0.05822717037670309,0.100042529949072,0.05821997410782457,0.09995833360319342,0.05846608650346968,0.10062110996690436,0.05827034798997416,0.10045919391713784
IMG_0093,2,IMG_0093_r2_archive.csv,11,000001010000101000000010,5,10,2,0.3585760092200821,0.3649493993702064,0.0,0.0222222222222222,0.024919959499398753,0.04993059198666675,0.10006411875570755,0.025025744651912877,0.049729816084956274,0.10032102555467041,0.024676005984417198,0.04990468541870411,0.10037283869059571,0.02473861352366025,0.049760040414246025,0.1005585024276613,0.05830489008059101,0.10006411875570755,0.05835886209717985,0.10032102555467041,0.05831784336457233,0.10037283869059571,0.05835238545518919,0.1005585024276613
IMG_0093,2,IMG_0093_r2_archive.csv,12,000101001101111111111001,20,223,249,0.3421236622564652,0.3644571663396254,0.0,0.6431372549019608,0.02492427726072586,0.050053648184489305,0.10023467032812827,0.02498040815797825,0.04983344235680684,0.0998849316606326,0.024578856354557286,0.05020692871160161,0.100424651826521,0.024758043449632235,0.04981185355017131,0.10075927832937179,0.05840419859111448,0.10023467032812827,0.05823292739180589,0.0998849316606326,0.05840347896422663,0.100424651826521,0.05844305844305844,0.10075927832937179
IMG_0093,2,IMG_0093_r2_archive.csv,13,000101000100000100000001,20,65,2,0.3537611973684368,0.3647402255973473,0.0,0.1137254901960784,0.024963137112669825,0.04990252653804055,0.1000662776363711,0.02508403442982882,0.04976435817557313,0.10006411875570755,0.024693277029725628,0.050053648184489305,0.10047214720111916,0.024647940535791002,0.049656414142395446,0.1004980537690818,0.05831064709569383,0.1000662776363711,0.05830417045370317,0.10006411875570755,0.058406357471778025,0.10047214720111916,0.05826746948242275,0.1004980537690818
IMG_0093,2,IMG_0093_r2_archive.csv,14,101011010010001100011100,173,35,28,0.3415900038888321,0.364705747741529,0.0,0.3084967320261438,0.02481633322754818,0.049803218027517096,0.10011809077229637,0.02492427726072586,0.049688797352348754,0.10010945524964217,0.02474724904631447,0.05018318102430252,0.10057361459230618,0.024727819120342484,0.04979026474353577,0.10053691362102578,0.05824588067578721,0.10011809077229637,0.058240843287572265,0.10010945524964217,0.05850134822097439,0.10057361459230618,0.05835166582830135,0.10053691362102578
IMG_0093,2,IMG_0093_r2_archive.csv,15,001110110011011000100110,59,54,38,0.3428882700579064,0.3646810154621029,0.0,0.1973856209150327,0.024945866067361395,0.0498960498960499,0.10010081972698795,0.024993361441959572,0.04976651705623668,0.09997560464850185,0.024684641507071416,0.050161592217666987,0.10078734377799799,0.024693277029725628,0.049721180562302056,0.10058009123429684,0.05831424523013309,0.10010081972698795,0.05824516104889937,0.09997560464850185,0.058544525834245464,0.10078734377799799,0.05833151627544151,0.10058009123429684
IMG_0093,2,IMG_0093_r2_archive.csv,18,111111001110011111111011,252,231,251,0.338131510930614,0.3645547036311379,0.0,0.9594771241830063,0.024909165096080984,0.05008603139444261,0.10029296010604422,0.024932912783380074,0.04982480683415263,0.1000101467391187,0.024682482626407858,0.0502306763989007,0.10032318443533397,0.024835763153520166,0.04989389101538635,0.10077654937468021,0.05842938553218927,0.10029296010604422,0.058255955452217144,0.1000101467391187,0.05841211448688085,0.10032318443533397,0.05850206784786224,0.10077654937468021
IMG_0093,2,IMG_0093_r2_archive.csv,21,001010010011111000111000,41,62,56,0.3428142670152393,0.3646869394422269,0.0,0.2078431372549019,0.02498040815797825,0.04988957325405923,0.10015910950490389,0.024999838083950232,0.0498075357888442,0.10005980099438043,0.024719183597688273,0.05012489124638657,0.10081972698795129,0.024656576058445217,0.049656414142395446,0.10048294160443694,0.05834303030564713,0.10015910950490389,0.05828905828905828,0.10005980099438043,0.05855460061067538,0.10081972698795129,0.05826531060175919,0.10048294160443694
IMG_0093,2,IMG_0093_r2_archive.csv,22,101100000011101001001000,176,58,72,0.3410109158990789,0.3646652955412994,0.0,0.4,0.024812015466221072,0.04978810586287222,0.10021092264082919,0.02493507166404363,0.049736292726946935,0.10008354868167953,0.024686800387734967,0.050120573485059466,0.1007355306420727,0.02472997800100604,0.049731974965619825,0.1004656705591285,0.05827034798997416,0.10021092264082919,0.058251637690890035,0.10008354868167953,0.058514301504955714,0.1007355306420727,0.05830920784191812,0.1004656705591285
IMG_0093,2,IMG_0093_r2_archive.csv,23,000001110101010111101110,7,85,238,0.3460384155939783,0.3644823565585404,0.0,0.4313725490196078,0.024911323976744535,0.04994786303197518,0.10026273577675447,0.025023585771249322,0.04982264795348907,0.09993458591589433,0.024572379712566626,0.05017670438231186,0.10045487615581074,0.024704071433043397,0.0497147039203114,0.10059952116026882,0.058373974261824724,0.10026273577675447,0.05826027321354424,0.09993458591589433,0.05840132008356308,0.10045487615581074,0.05833943217120787,0.10059952116026882
IMG_0093,2,IMG_0093_r2_archive.csv,24,110101001000100000100101,212,136,37,0.340080607657061,0.3645282475382245,0.0,0.5032679738562091,0.024840080914847268,0.04989389101538635,0.10021739928281985,0.024898370692763218,0.04980969466950775,0.10001878226177292,0.024868146363473467,0.050103302439751043,0.10058009123429684,0.024777473375604216,0.04981617131149842,0.10063190437022212,0.058317123737684495,0.10021739928281985,0.058242282541347966,0.10001878226177292,0.058517180012507115,0.10058009123429684,0.05840851635244159,0.10063190437022212
IMG_0093,2,IMG_0093_r2_archive.csv,32,110100011110101111000110,209,235,198,0.3394123028656116,0.3644756716755746,0.0,0.8392156862745098,0.024907006215417433,0.050040694900507984,0.10020444599883853,0.02488757628944545,0.04976651705623668,0.09996049248385697,0.024656576058445217,0.05018749878562963,0.10035556764528727,0.024840080914847268,0.04987230220875081,0.10074848392605401,0.05838404903825465,0.10020444599883853,0.0582048619431797,0.09996049248385697,0.05839988082978737,0.10035556764528727,0.05848695568321736,0.10074848392605401
IMG_0093,2,IMG_0093_r2_archive.csv,34,001010010011110000010010,41,60,18,0.3436979857659179,0.3646069272878109,0.0,0.1555555555555555,0.02489405293143611,0.049814012430834866,0.09997992240982895,0.02490052957342677,0.049762199294909576,0.10001878226177292,0.024708389194370503,0.050131367888377236,0.10069882967079229,0.024676005984417198,0.049755722652918916,0.10057145571164262,0.058229329257366645,0.09997992240982895,0.05822717037670309,0.10001878226177292,0.05851286225118,0.10069882967079229,0.05833439478299291,0.10057145571164262
IMG_0093,2,IMG_0093_r2_archive.csv,40,101111101101000101000011,190,209,67,0.3389358844672581,0.3646178121195485,0.0,0.6091503267973857,0.024909165096080984,0.04994570415131162,0.10020444599883853,0.02493938942537073,0.04982048907282552,0.10000367009712803,0.024777473375604216,0.05015079781434922,0.10066428758017543,0.02477963225626777,0.04988741437339568,0.10078086713600731,0.05835310508207705,0.10020444599883853,0.05825451619844143,0.10000367009712803,0.058530852923376286,0.10066428758017543,0.058482637921890256,0.10078086713600731
IMG_0093,2,IMG_0093_r2_archive.csv,41,000010100001001100000101,10,19,5,0.3491787403395807,0.3650686737545701,0.0,0.0444444444444444,0.024812015466221072,0.049699591755666524,0.09983527740537086,0.024917800618735195,0.04954631122855421,0.09999287569381027,0.024630669490482576,0.050042853781171535,0.10082404474927839,0.024768837852950004,0.049708227278320735,0.1004937360077547,0.05811562820908615,0.09983527740537086,0.05815232918036656,0.09999287569381027,0.058499189340310835,0.10082404474927839,0.05832360037967515,0.1004937360077547
IMG_0093,2,IMG_0093_r2_archive.csv,42,001110100111000000101000,58,112,40,0.3430006757777888,0.3646596842185101,0.0,0.2745098039215686,0.024904847334753875,0.04990684429936766,0.10023898808945537,0.025023585771249322,0.04987877885074146,0.09991515598992234,0.024773155614277106,0.05019613430828384,0.10064269877353989,0.024630669490482576,0.049716862800974954,0.10052396033704444,0.058350226574525633,0.10023898808945537,0.05827250687063771,0.09991515598992234,0.05853732956536695,0.10064269877353989,0.058290497542834,0.10052396033704444
IMG_0093,2,IMG_0093_r2_archive.csv,43,000111111011011101001100,31,183,76,0.3421060779618056,0.3645558903056274,0.0,0.3790849673202615,0.02493938942537073,0.04990900318003122,0.10006843651703465,0.02498688479996891,0.04984855452145172,0.09986766061532416,0.024751566807641574,0.05023715304089136,0.10075496056804467,0.024686800387734967,0.049695273994339415,0.10060168004093238,0.05830560970747887,0.10006843651703465,0.0582343666455816,0.09986766061532416,0.058581226805525875,0.10075496056804467,0.05832791814100225,0.10060168004093238
IMG_0093,2,IMG_0093_r2_archive.csv,44,110011011101111100110111,205,223,55,0.3387389352873513,0.3645925612418232,0.0,0.6313725490196078,0.024919959499398753,0.04995649855462939,0.10019796935684785,0.024928595022052965,0.04982912459547974,0.10002310002310003,0.024829286511529505,0.050073078110461286,0.10064053989287634,0.02479258554024909,0.049826965714816186,0.10069019414813807,0.058358142470292,0.10019796935684785,0.058260273213544246,0.10002310002310003,0.058514301504955714,0.10064053989287634,0.05843658180106778,0.10069019414813807
IMG_0093,2,IMG_0093_r2_archive.csv,47,000011010001001000000101,13,18,5,0.3487170869917261,0.3648863403820272,0.0,0.0470588235294117,0.02486382860214636,0.049682320710358094,0.0997640343434736,0.024932912783380074,0.049451320479357866,0.09969495016223988,0.02466952934242654,0.050096825797760376,0.1008607457205588,0.024721342478351824,0.04969311511367586,0.10051964257571734,0.05810339455199268,0.0997640343434736,0.0580263944749926,0.09969495016223988,0.05854236695358191,0.1008607457205588,0.05831136672258167,0.10051964257571734
IMG_0093,2,IMG_0093_r2_archive.csv,49,110011010001010100011001,205,21,25,0.3414131449983943,0.3647365549123062,0.0,0.3281045751633987,0.024827127630865947,0.049768675936900236,0.09999719345513738,0.024859510840819252,0.049667208545713215,0.0999820812904925,0.024708389194370503,0.050047171542498645,0.10061247444425014,0.024712706955697612,0.049725498323629165,0.10041385742320322,0.05819766567430119,0.09999719345513738,0.05816960022567499,0.0999820812904925,0.058456011727039764,0.10061247444425014,0.058284020900843336,0.10041385742320322
IMG_0093,2,IMG_0093_r2_archive.csv,50,000010100100001000101001,10,66,41,0.3446881246340117,0.3647100753335242,0.0,0.1529411764705882,0.02492427726072586,0.04980105914685354,0.10010945524964217,0.024993361441959572,0.04979890026618999,0.10012672629495059,0.024717024717024715,0.05003205937785377,0.10083052139126905,0.02465873493910877,0.04960460100647017,0.10043112846851165,0.05827826388574051,0.10010945524964217,0.05830632933436672,0.10012672629495059,0.05852653516204918,0.10083052139126905,0.058231488138030196,0.10043112846851165
IMG_0093,2,IMG_0093_r2_archive.csv,53,100011000110000010111000,140,96,184,0.3429172583221888,0.364503775683696,0.0,0.5490196078431373,0.024837922034183717,0.04986150780543304,0.10015479174357679,0.024902688454090324,0.04970390951699363,0.09993026815456722,0.024563744189912414,0.05019613430828384,0.10036636204860504,0.024781791136931325,0.049792423624199326,0.10065349317685766,0.05828474052773117,0.10015479174357679,0.058178955375217056,0.09993026815456722,0.05837541351560043,0.10036636204860504,0.058409235979329434,0.10065349317685766
IMG_0093,2,IMG_0093_r2_archive.csv,56,101000010010001100011000,161,35,24,0.341888818371264,0.3647176150819007,0.0,0.2875816993464052,0.024861669721482803,0.04987014332808726,0.1002238759248105,0.02495666047067916,0.049749246010928255,0.10006411875570755,0.024693277029725628,0.0501982931889474,0.10062542772823146,0.02470623031370695,0.049749246010928255,0.10047862384310982,0.05831856299146019,0.1002238759248105,0.05825667507910498,0.10006411875570755,0.0585056659823015,0.10062542772823146,0.05831136672258167,0.10047862384310982
IMG_0093,2,IMG_0093_r2_archive.csv,57,001110001000001101001100,56,131,76,0.3424511940848216,0.36459674717595,0.0,0.3437908496732026,0.024861669721482803,0.049814012430834866,0.100042529949072,0.02490052957342677,0.04984639564078816,0.0998244830020531,0.024762361210959344,0.050280330654162424,0.1007398484033998,0.024667370461762983,0.049719021681638505,0.10064485765420345,0.05823940403379655,0.100042529949072,0.05819046940542268,0.0998244830020531,0.058594180089507196,0.1007398484033998,0.05834374993253497,0.10064485765420345
IMG_0093,2,IMG_0093_r2_archive.csv,58,110011000001111000101011,204,30,43,0.3409096432304616,0.3647118672991598,0.0,0.3620915032679738,0.02488757628944545,0.04990468541870411,0.10017638055021233,0.024945866067361395,0.0497147039203114,0.10010729636897861,0.02466305270043588,0.050055807065152856,0.10065133429619412,0.024699753671716288,0.049682320710358094,0.10042249294585742,0.0583228807527873,0.10017638055021233,0.058255955452217144,0.10010729636897861,0.058456731353927614,0.10065133429619412,0.05826818910931061,0.10042249294585742
IMG_0093,2,IMG_0093_r2_archive.csv,60,101111001010011011111000,188,166,248,0.3402248547501811,0.3644794824826752,0.0,0.7869281045751634,0.024820650988875287,0.04996297519662006,0.1002238759248105,0.02488757628944545,0.049749246010928255,0.09993242703523078,0.024606921803183485,0.05025658296686334,0.1002476236121096,0.024758043449632235,0.04985934892476949,0.10070530631278295,0.05833583403676862,0.1002238759248105,0.058189749778534826,0.09993242703523078,0.05837037612738547,0.1002476236121096,0.05844089956239489,0.10070530631278295
IMG_0093,2,IMG_0093_r2_archive.csv,63,010101010010001000111101,85,34,61,0.342635062987767,0.3646938125697055,0.0,0.2352941176470588,0.02495666047067916,0.04993706862865742,0.10021739928281985,0.024993361441959572,0.04985719004410593,0.10002957666509069,0.024732136881669593,0.050096825797760376,0.1009211943791383,0.0247364546429967,0.04972765720429272,0.10060815668292304,0.05837037612738547,0.10021739928281985,0.0582933760503854,0.10002957666509069,0.058583385686189426,0.1009211943791383,0.05835742284340415,0.10060815668292304
IMG_0093,2,IMG_0093_r2_archive.csv,65,111110001101100100111011,248,217,59,0.3382393787680036,0.3646015876485672,0.0,0.6849673202614379,0.02494802494802495,0.04994786303197518,0.10015695062424035,0.02498472591930536,0.049814012430834866,0.10005548323305333,0.02480553882423041,0.050092508036433274,0.10069019414813807,0.02480985658555752,0.04982480683415263,0.1007031474321194,0.05835094620141349,0.10015695062424035,0.05828474052773119,0.10005548323305333,0.05852941366960059,0.10069019414813807,0.058445936950609845,0.1007031474321194
IMG_0093,2,IMG_0093_r2_archive.csv,67,100100001000011000100100,144,134,36,0.3414334130780357,0.3646434407327162,0.0,0.4104575163398693,0.024865987482809913,0.04988309661206858,0.10021524040215629,0.02495666047067916,0.049826965714816186,0.10005548323305333,0.024770996733613555,0.05018318102430252,0.10059520339894172,0.024758043449632235,0.04986582556676015,0.10067076422216609,0.05832144149901159,0.10021524040215629,0.05827970313951623,0.10005548323305333,0.05851646038561927,0.10059520339894172,0.05843154441285283,0.10067076422216609
IMG_0093,2,IMG_0093_r2_archive.csv,68,110000111101100100010111,195,217,23,0.3393304008595755,0.3645890721854983,0.0,0.5686274509803921,0.024909165096080984,0.04993706862865742,0.10013536181760481,0.024917800618735195,0.04979890026618999,0.10006843651703465,0.02480553882423041,0.05012273236572302,0.1005174836950538,0.02476667897228645,0.04984639564078816,0.10072689511941847,0.05832719851411441,0.10013536181760481,0.05826171246731995,0.10006843651703465,0.05848191829500241,0.1005174836950538,0.058446656577497695,0.10072689511941847
IMG_0093,2,IMG_0093_r2_archive.csv,73,101010001011101100111010,168,187,58,0.3399227892474559,0.3646498711720438,0.0,0.5398692810457516,0.02487678188612768,0.04992627422533965,0.10021739928281985,0.024932912783380074,0.049814012430834866,0.09996696912584763,0.024777473375604216,0.0501702277403212,0.10057577347296974,0.02480337994356686,0.049900367657377,0.10072041847742783,0.05834015179809573,0.10021739928281985,0.05823796478002086,0.09996696912584763,0.058507824862965054,0.10057577347296974,0.058474722026123895,0.10072041847742783
IMG_0093,2,IMG_0093_r2_archive.csv,76,110110001010100000101010,216,168,42,0.3395767757073797,0.3645147263851019,0.0,0.5568627450980392,0.024885417408781897,0.04990900318003122,0.10012888517561415,0.024896211812099663,0.04978162922088156,0.10001878226177292,0.024807697704893966,0.050103302439751043,0.10063622213154923,0.0247969033015762,0.04985287228277883,0.10067724086415676,0.058307768588142427,0.10012888517561415,0.058232207764918054,0.10001878226177292,0.058515740758731415,0.10063622213154923,0.05844233881617059,0.10067724086415676
IMG_0093,2,IMG_0093_r2_archive.csv,77,101101010111100100111010,181,121,58,0.340619701324247,0.3646135233520662,0.0,0.4705882352941176,0.024814174346884627,0.04980105914685354,0.10017422166954877,0.024917800618735195,0.049770834817563794,0.09994753919987565,0.024807697704893966,0.05020045206961095,0.10066212869951188,0.024727819120342484,0.04980537690818065,0.10062326884756792,0.05826315172109564,0.10017422166954877,0.058212058212058215,0.09994753919987565,0.05855675949133893,0.10066212869951188,0.05838548829203035,0.10062326884756792
IMG_0093,2,IMG_0093_r2_archive.csv,78,100100010110000100101011,145,97,43,0.341971279146413,0.3646090081150106,0.0,0.3725490196078431,0.024902688454090324,0.04985503116344238,0.1002800068220629,0.024978249277314696,0.04983344235680684,0.100042529949072,0.024693277029725628,0.050137844530367896,0.10063838101221279,0.024710548075034054,0.04977731145955445,0.10057793235363328,0.05834590881319853,0.1002800068220629,0.05828474052773117,0.100042529949072,0.05848983419076877,0.10063838101221279,0.0583552639627406,0.10057793235363328
IMG_0093,2,IMG_0093_r2_archive.csv,84,001110010001101000011000,57,26,24,0.3434765354070294,0.3648610969972419,0.0,0.1398692810457516,0.024909165096080984,0.04986150780543304,0.10010513748831505,0.0249501838286885,0.049770834817563794,0.09998855793248317,0.024678164865080753,0.05014432117235856,0.10082404474927839,0.02459612739986572,0.04965857302305901,0.10049157712709114,0.05829193679660969,0.10010513748831505,0.05823652552624516,0.09998855793248317,0.058548843595572574,0.10082404474927839,0.058248759183338626,0.10049157712709114
IMG_0093,2,IMG_0093_r2_archive.csv,85,000011100010111000001011,14,46,11,0.3453355517795147,0.3647791564940726,0.0,0.0928104575163398,0.024965295993333376,0.04987661997007791,0.10012024965295994,0.025058127861866182,0.049772993698227345,0.10001446450044581,0.024727819120342484,0.05022851751823715,0.10079382041998865,0.024671688223090092,0.049736292726946935,0.10055202578567064,0.05832072187212375,0.10012024965295994,0.058281862020179785,0.10001446450044581,0.058583385686189426,0.10079382041998865,0.05832000224523589,0.10055202578567064
IMG_0093,2,IMG_0093_r2_archive.csv,88,000101001001111011111010,20,158,250,0.3429942922639836,0.364449638485711,0.0,0.5594771241830065,0.024896211812099663,0.050001835048564015,0.10018933383419365,0.024963137112669825,0.049783788101545115,0.09980289419541756,0.024587491877211504,0.05022204087624648,0.10037283869059571,0.024701912552379843,0.04976435817557313,0.10068155862548386,0.05836246023161911,0.10018933383419365,0.058183273136544165,0.09980289419541756,0.05839412381468456,0.10037283869059571,0.05838260978447895,0.10068155862548386
