run_key,experiment_id,filename,run_index,algorithm,population_size,evaluation_budget,master_seed,best_score,level_R,level_G,level_B,evaluations,budget_compliant,runtime_s,iterations_completed,convergence_points,final_convergence_value,diversity_mean,diversity_final,injection_count,bda_proposals,ehho_proposals,bda_fraction
IMG_0005|r1|n10|b300|HHO-VC,IMG_0005,105025.jpg,1,HHO-VC,10,300,987927628,4.616553503459254,3,97,3,300,True,17.91927889996441,15,15,4.616553503459254,nan,nan,0,0,0,nan
IMG_0005|r1|n10|b300|EHHO-VC,IMG_0005,105025.jpg,1,EHHO-VC,10,300,987927628,4.616455983866084,3,51,3,300,True,15.644044099957682,18,18,4.616455983866084,0.13600185765946338,0.11339318465149961,0,0,0,nan
IMG_0005|r1|n10|b300|BEHHO-VC-Calibrated,IMG_0005,105025.jpg,1,BEHHO-VC-Calibrated,10,300,987927628,4.616025164521226,2,2,128,300,True,15.868149199988693,30,30,4.616025164521226,0.702611111111111,0.3566666666666667,10,0,0,nan
IMG_0005|r1|n10|b300|BDA-EHHO-VC-Calibrated,IMG_0005,105025.jpg,1,BDA-EHHO-VC-Calibrated,10,300,987927628,4.616414775537172,2,170,180,300,True,17.99288820003858,15,15,4.616414775537172,nan,nan,0,73,77,0.4866666666666667
IMG_0005|r1|n10|b600|HHO-VC,IMG_0005,105025.jpg,1,HHO-VC,10,600,987927628,4.6165172248149755,3,66,3,600,True,86.25007169996388,30,30,4.6165172248149755,nan,nan,0,0,0,nan
IMG_0005|r1|n10|b600|EHHO-VC,IMG_0005,105025.jpg,1,EHHO-VC,10,600,987927628,4.6163170194634455,3,60,3,600,True,92.54429869999876,37,37,4.6163170194634455,0.12194380397441959,0.09463512962309244,0,0,0,nan
IMG_0005|r1|n10|b600|BEHHO-VC-Calibrated,IMG_0005,105025.jpg,1,BEHHO-VC-Calibrated,10,600,987927628,4.614739288874254,2,2,6,600,True,99.67281540000113,60,60,4.614739288874254,0.7339166666666667,0.7916666666666666,21,0,0,nan
IMG_0005|r1|n10|b600|BDA-EHHO-VC-Calibrated,IMG_0005,105025.jpg,1,BDA-EHHO-VC-Calibrated,10,600,987927628,4.616878310324687,2,46,57,600,True,89.22910970001249,30,30,4.616878310324687,nan,nan,0,135,165,0.45
IMG_0005|r1|n20|b300|HHO-VC,IMG_0005,105025.jpg,1,HHO-VC,20,300,987927628,4.614739288874254,2,2,6,300,True,34.55072370002745,8,8,4.614739288874254,nan,nan,0,0,0,nan
IMG_0005|r1|n20|b300|EHHO-VC,IMG_0005,105025.jpg,1,EHHO-VC,20,300,987927628,4.614739288874254,2,2,6,300,True,35.32783700001892,9,9,4.614739288874254,0.12757360985136762,0.1567970101772635,4,0,0,nan
IMG_0005|r1|n20|b300|BEHHO-VC-Calibrated,IMG_0005,105025.jpg,1,BEHHO-VC-Calibrated,20,300,987927628,4.614739288874254,2,2,6,300,True,32.50797869998496,15,15,4.614739288874254,0.7181388888888889,0.6108333333333333,4,0,0,nan
IMG_0005|r1|n20|b300|BDA-EHHO-VC-Calibrated,IMG_0005,105025.jpg,1,BDA-EHHO-VC-Calibrated,20,300,987927628,4.615691256373359,2,2,212,300,True,36.051687900035176,8,8,4.615691256373359,nan,nan,0,72,68,0.5142857142857142
IMG_0005|r1|n20|b600|HHO-VC,IMG_0005,105025.jpg,1,HHO-VC,20,600,987927628,4.614739288874254,2,2,6,600,True,75.98325519997161,15,15,4.614739288874254,nan,nan,0,0,0,nan
IMG_0005|r1|n20|b600|EHHO-VC,IMG_0005,105025.jpg,1,EHHO-VC,20,600,987927628,4.614739288874254,2,2,6,600,True,77.74008279998088,18,18,4.614739288874254,0.08819174446589667,0.03495849056182967,7,0,0,nan
IMG_0005|r1|n20|b600|BEHHO-VC-Calibrated,IMG_0005,105025.jpg,1,BEHHO-VC-Calibrated,20,600,987927628,4.615492074177689,2,66,6,600,True,76.48211619997164,30,30,4.615492074177689,0.7958611111111111,0.79625,4,0,0,nan
IMG_0005|r1|n20|b600|BDA-EHHO-VC-Calibrated,IMG_0005,105025.jpg,1,BDA-EHHO-VC-Calibrated,20,600,987927628,4.6159342851337355,2,2,178,600,True,68.178448199993,15,15,4.61606522810191,nan,nan,0,152,148,0.5066666666666667
IMG_0005|r1|n30|b300|HHO-VC,IMG_0005,105025.jpg,1,HHO-VC,30,300,987927628,4.615607962009524,2,2,3,300,True,30.540408300003037,5,5,4.615607962009524,nan,nan,0,0,0,nan
IMG_0005|r1|n30|b300|EHHO-VC,IMG_0005,105025.jpg,1,EHHO-VC,30,300,987927628,4.615693671146233,2,2,47,300,True,38.6545965000405,6,6,4.615693671146233,0.20393569523976932,0.0863110882516111,0,0,0,nan
IMG_0005|r1|n30|b300|BEHHO-VC-Calibrated,IMG_0005,105025.jpg,1,BEHHO-VC-Calibrated,30,300,987927628,4.616025164521226,2,2,128,300,True,44.73818260000553,10,10,4.616025164521226,0.7829444444444444,0.832962962962963,2,0,0,nan
IMG_0005|r1|n30|b300|BDA-EHHO-VC-Calibrated,IMG_0005,105025.jpg,1,BDA-EHHO-VC-Calibrated,30,300,987927628,4.61657929573429,2,152,193,300,True,50.06702289998066,5,5,4.61657929573429,nan,nan,0,70,80,0.4666666666666667
IMG_0005|r1|n30|b600|HHO-VC,IMG_0005,105025.jpg,1,HHO-VC,30,600,987927628,4.615607962009524,2,2,3,600,True,83.85221079998882,10,10,4.615607962009524,nan,nan,0,0,0,nan
IMG_0005|r1|n30|b600|EHHO-VC,IMG_0005,105025.jpg,1,EHHO-VC,30,600,987927628,4.614739288874254,2,2,6,600,True,78.99982309999177,12,12,4.614739288874254,0.12117446420978088,0.05244108140007364,3,0,0,nan
IMG_0005|r1|n30|b600|BEHHO-VC-Calibrated,IMG_0005,105025.jpg,1,BEHHO-VC-Calibrated,30,600,987927628,4.615933469325737,2,2,136,600,True,84.3284197000321,20,20,4.615933469325737,0.7276851851851851,0.6888888888888888,7,0,0,nan
IMG_0005|r1|n30|b600|BDA-EHHO-VC-Calibrated,IMG_0005,105025.jpg,1,BDA-EHHO-VC-Calibrated,30,600,987927628,4.616075727035482,2,2,200,600,True,72.5966304000467,10,10,4.616075727035482,nan,nan,0,160,140,0.5333333333333333
IMG_0005|r2|n10|b300|HHO-VC,IMG_0005,105025.jpg,2,HHO-VC,10,300,529390759,4.61432554498359,68,145,134,300,True,35.18688039999688,15,15,4.61432554498359,nan,nan,0,0,0,nan
IMG_0005|r2|n10|b300|EHHO-VC,IMG_0005,105025.jpg,2,EHHO-VC,10,300,529390759,4.614191130452092,48,107,98,300,True,33.460393899993505,19,19,4.614191130452092,0.2916604401351182,0.2781400888204483,0,0,0,nan
IMG_0005|r2|n10|b300|BEHHO-VC-Calibrated,IMG_0005,105025.jpg,2,BEHHO-VC-Calibrated,10,300,529390759,4.6123117781630585,24,69,10,300,True,39.679836399969645,30,30,4.6123117781630585,0.7740555555555556,0.795,3,0,0,nan
IMG_0005|r2|n10|b300|BDA-EHHO-VC-Calibrated,IMG_0005,105025.jpg,2,BDA-EHHO-VC-Calibrated,10,300,529390759,4.61316312086736,78,191,10,300,True,25.55429549998371,15,15,4.61316312086736,nan,nan,0,92,58,0.6133333333333333
IMG_0005|r2|n10|b600|HHO-VC,IMG_0005,105025.jpg,2,HHO-VC,10,600,529390759,4.614470426952825,2,3,3,600,True,94.40336880000541,34,34,4.614470426952825,nan,nan,0,0,0,nan
IMG_0005|r2|n10|b600|EHHO-VC,IMG_0005,105025.jpg,2,EHHO-VC,10,600,529390759,4.614470426952825,2,3,3,600,True,97.14962420001393,40,40,4.614470426952825,0.15865762073827622,0.006770925829289179,14,0,0,nan
IMG_0005|r2|n10|b600|BEHHO-VC-Calibrated,IMG_0005,105025.jpg,2,BEHHO-VC-Calibrated,10,600,529390759,4.613295016137408,82,2,10,600,True,103.83340359997237,60,60,4.613295016137408,0.7303055555555555,0.81,22,0,0,nan
IMG_0005|r2|n10|b600|BDA-EHHO-VC-Calibrated,IMG_0005,105025.jpg,2,BDA-EHHO-VC-Calibrated,10,600,529390759,4.613342082191375,14,225,3,600,True,103.87886489997618,30,30,4.613342082191375,nan,nan,0,158,142,0.5266666666666666
IMG_0005|r2|n20|b300|HHO-VC,IMG_0005,105025.jpg,2,HHO-VC,20,300,529390759,4.61317244013819,24,2,3,300,True,49.65721009997651,8,8,4.61317244013819,nan,nan,0,0,0,nan
IMG_0005|r2|n20|b300|EHHO-VC,IMG_0005,105025.jpg,2,EHHO-VC,20,300,529390759,4.612744562001453,36,2,10,300,True,52.18727699998999,10,10,4.612744562001453,0.27912001989023755,0.07129428819985609,0,0,0,nan
IMG_0005|r2|n20|b300|BEHHO-VC-Calibrated,IMG_0005,105025.jpg,2,BEHHO-VC-Calibrated,20,300,529390759,4.612660821968706,25,3,3,300,True,61.42962879996048,15,15,4.612660821968706,0.9193055555555556,0.9275000000000001,0,0,0,nan
IMG_0005|r2|n20|b300|BDA-EHHO-VC-Calibrated,IMG_0005,105025.jpg,2,BDA-EHHO-VC-Calibrated,20,300,529390759,4.613451186786675,34,3,243,300,True,62.114132099959534,8,8,4.613451186786675,nan,nan,0,68,72,0.4857142857142857
IMG_0005|r2|n20|b600|HHO-VC,IMG_0005,105025.jpg,2,HHO-VC,20,600,529390759,4.6108066306223465,29,3,10,600,True,99.35089619999053,17,17,4.6108066306223465,nan,nan,0,0,0,nan
IMG_0005|r2|n20|b600|EHHO-VC,IMG_0005,105025.jpg,2,EHHO-VC,20,600,529390759,4.6112700047508515,34,3,10,600,True,121.2206025000196,19,19,4.6112700047508515,0.17715092877960678,0.06416619044094216,0,0,0,nan
IMG_0005|r2|n20|b600|BEHHO-VC-Calibrated,IMG_0005,105025.jpg,2,BEHHO-VC-Calibrated,20,600,529390759,4.612207419328775,48,3,3,600,True,126.63915959995938,30,30,4.612207419328775,0.8827638888888888,0.83625,1,0,0,nan
IMG_0005|r2|n20|b600|BDA-EHHO-VC-Calibrated,IMG_0005,105025.jpg,2,BDA-EHHO-VC-Calibrated,20,600,529390759,4.613359532107191,44,3,180,600,True,114.51205790002132,15,15,4.613359532107191,nan,nan,0,143,157,0.4766666666666667
IMG_0005|r2|n30|b300|HHO-VC,IMG_0005,105025.jpg,2,HHO-VC,30,300,529390759,4.613075118630426,29,145,212,300,True,56.41532849997748,6,6,4.613075118630426,nan,nan,0,0,0,nan
IMG_0005|r2|n30|b300|EHHO-VC,IMG_0005,105025.jpg,2,EHHO-VC,30,300,529390759,4.613526755171257,29,151,223,300,True,41.86715319997165,7,7,4.613526755171257,0.4371996369045143,0.3679704033310945,0,0,0,nan
IMG_0005|r2|n30|b300|BEHHO-VC-Calibrated,IMG_0005,105025.jpg,2,BEHHO-VC-Calibrated,30,300,529390759,4.613364424011851,72,210,10,300,True,56.67573420004919,10,10,4.613364424011851,0.9256851851851853,0.9251851851851852,0,0,0,nan
IMG_0005|r2|n30|b300|BDA-EHHO-VC-Calibrated,IMG_0005,105025.jpg,2,BDA-EHHO-VC-Calibrated,30,300,529390759,4.613319169656162,29,184,152,300,True,62.47945859999163,5,5,4.613610769351458,nan,nan,0,68,82,0.4533333333333333
IMG_0005|r2|n30|b600|HHO-VC,IMG_0005,105025.jpg,2,HHO-VC,30,600,529390759,4.613215190363703,29,145,213,600,True,124.751905800018,11,11,4.613215190363703,nan,nan,0,0,0,nan
IMG_0005|r2|n30|b600|EHHO-VC,IMG_0005,105025.jpg,2,EHHO-VC,30,600,529390759,4.613215190363703,29,145,213,600,True,127.42973090003943,13,13,4.613215190363703,0.4306745629403268,0.4272854435055534,0,0,0,nan
IMG_0005|r2|n30|b600|BEHHO-VC-Calibrated,IMG_0005,105025.jpg,2,BEHHO-VC-Calibrated,30,600,529390759,4.612877669664088,115,3,11,600,True,102.3475247999886,20,20,4.612877669664088,0.9184351851851853,0.9425925925925925,0,0,0,nan
IMG_0005|r2|n30|b600|BDA-EHHO-VC-Calibrated,IMG_0005,105025.jpg,2,BDA-EHHO-VC-Calibrated,30,600,529390759,4.612919941318147,29,119,19,600,True,106.11251889995765,10,10,4.612919941318147,nan,nan,0,152,148,0.5066666666666667
IMG_0005|r3|n10|b300|HHO-VC,IMG_0005,105025.jpg,3,HHO-VC,10,300,572555939,4.6088395327524445,38,167,178,300,True,59.825512500014156,18,18,4.6088395327524445,nan,nan,0,0,0,nan
IMG_0005|r3|n10|b300|EHHO-VC,IMG_0005,105025.jpg,3,EHHO-VC,10,300,572555939,4.608769143612885,29,136,142,300,True,54.23061130003771,21,21,4.608769143612885,0.3518933914433509,0.4378369943497479,0,0,0,nan
IMG_0005|r3|n10|b300|BEHHO-VC-Calibrated,IMG_0005,105025.jpg,3,BEHHO-VC-Calibrated,10,300,572555939,4.60918439069271,30,212,94,300,True,56.82014239998534,30,30,4.60918439069271,0.8336666666666666,0.8649999999999999,2,0,0,nan
IMG_0005|r3|n10|b300|BDA-EHHO-VC-Calibrated,IMG_0005,105025.jpg,3,BDA-EHHO-VC-Calibrated,10,300,572555939,4.608258041610863,29,145,4,300,True,63.86446330003673,15,15,4.608258041610863,nan,nan,0,74,76,0.49333333333333335
IMG_0005|r3|n10|b600|HHO-VC,IMG_0005,105025.jpg,3,HHO-VC,10,600,572555939,4.608674070848586,38,164,175,600,True,116.72988679999253,35,35,4.608674070848586,nan,nan,0,0,0,nan
IMG_0005|r3|n10|b600|EHHO-VC,IMG_0005,105025.jpg,3,EHHO-VC,10,600,572555939,4.6087149189569026,33,136,141,600,True,81.78979539999273,40,40,4.6087149189569026,0.3356038340967467,0.4412408169225458,0,0,0,nan
IMG_0005|r3|n10|b600|BEHHO-VC-Calibrated,IMG_0005,105025.jpg,3,BEHHO-VC-Calibrated,10,600,572555939,4.607965541750695,38,216,8,600,True,78.52064649999375,60,60,4.607965541750695,0.8362777777777778,0.8566666666666666,6,0,0,nan
IMG_0005|r3|n10|b600|BDA-EHHO-VC-Calibrated,IMG_0005,105025.jpg,3,BDA-EHHO-VC-Calibrated,10,600,572555939,4.608258041610863,29,145,4,600,True,69.99381640000502,30,30,4.608258041610863,nan,nan,0,165,135,0.55
IMG_0005|r3|n20|b300|HHO-VC,IMG_0005,105025.jpg,3,HHO-VC,20,300,572555939,4.608488864826616,38,248,52,300,True,52.426211899961345,9,9,4.608488864826616,nan,nan,0,0,0,nan
IMG_0005|r3|n20|b300|EHHO-VC,IMG_0005,105025.jpg,3,EHHO-VC,20,300,572555939,4.608499477479231,38,249,52,300,True,61.549828300019726,11,11,4.608499477479231,0.3634682487259777,0.2675177629764197,0,0,0,nan
IMG_0005|r3|n20|b300|BEHHO-VC-Calibrated,IMG_0005,105025.jpg,3,BEHHO-VC-Calibrated,20,300,572555939,4.608700620813072,82,145,24,300,True,64.85849200002849,15,15,4.608700620813072,0.8895277777777778,0.9279166666666666,0,0,0,nan
IMG_0005|r3|n20|b300|BDA-EHHO-VC-Calibrated,IMG_0005,105025.jpg,3,BDA-EHHO-VC-Calibrated,20,300,572555939,4.608425192829574,76,148,24,300,True,49.53293300000951,8,8,4.608425192829574,nan,nan,0,68,72,0.4857142857142857
IMG_0005|r3|n20|b600|HHO-VC,IMG_0005,105025.jpg,3,HHO-VC,20,600,572555939,4.6084764117399075,38,253,52,600,True,116.90021410002373,18,18,4.6084764117399075,nan,nan,0,0,0,nan
IMG_0005|r3|n20|b600|EHHO-VC,IMG_0005,105025.jpg,3,EHHO-VC,20,600,572555939,4.608304426082878,38,228,52,600,True,107.05605640000431,20,20,4.608304426082878,0.36947372628520075,0.3656637032987736,0,0,0,nan
IMG_0005|r3|n20|b600|BEHHO-VC-Calibrated,IMG_0005,105025.jpg,3,BEHHO-VC-Calibrated,20,600,572555939,4.608586629056549,38,235,81,600,True,113.67263919999823,30,30,4.608586629056549,0.8874583333333331,0.9266666666666667,0,0,0,nan
IMG_0005|r3|n20|b600|BDA-EHHO-VC-Calibrated,IMG_0005,105025.jpg,3,BDA-EHHO-VC-Calibrated,20,600,572555939,4.608342652491342,33,155,11,600,True,130.27940110000782,15,15,4.608342652491342,nan,nan,0,157,143,0.5233333333333333
IMG_0005|r3|n30|b300|HHO-VC,IMG_0005,105025.jpg,3,HHO-VC,30,300,572555939,4.608247882688459,29,145,8,300,True,63.32086189999245,6,6,4.608247882688459,nan,nan,0,0,0,nan
IMG_0005|r3|n30|b300|EHHO-VC,IMG_0005,105025.jpg,3,EHHO-VC,30,300,572555939,4.60804913863558,38,190,11,300,True,49.0434786999831,7,7,4.60804913863558,0.32278340205617706,0.23241633561175765,0,0,0,nan
IMG_0005|r3|n30|b300|BEHHO-VC-Calibrated,IMG_0005,105025.jpg,3,BEHHO-VC-Calibrated,30,300,572555939,4.608926095632752,33,156,71,300,True,57.33300430001691,10,10,4.608926095632752,0.914425925925926,0.9246296296296297,0,0,0,nan
IMG_0005|r3|n30|b300|BDA-EHHO-VC-Calibrated,IMG_0005,105025.jpg,3,BDA-EHHO-VC-Calibrated,30,300,572555939,4.608369313619389,30,122,26,300,True,59.92039669997757,5,5,4.608369313619389,nan,nan,0,73,77,0.4866666666666667
IMG_0005|r3|n30|b600|HHO-VC,IMG_0005,105025.jpg,3,HHO-VC,30,600,572555939,4.608247882688459,29,145,8,600,True,118.94207279995317,12,12,4.608247882688459,nan,nan,0,0,0,nan
IMG_0005|r3|n30|b600|EHHO-VC,IMG_0005,105025.jpg,3,EHHO-VC,30,600,572555939,4.608247882688459,29,145,8,600,True,109.30606190004619,14,14,4.608247882688459,0.28672884708782115,0.2464511216807945,0,0,0,nan
IMG_0005|r3|n30|b600|BEHHO-VC-Calibrated,IMG_0005,105025.jpg,3,BEHHO-VC-Calibrated,30,600,572555939,4.608628753423113,34,8,4,600,True,122.46308250003494,20,20,4.608628753423113,0.8111481481481482,0.7129629629629631,4,0,0,nan
IMG_0005|r3|n30|b600|BDA-EHHO-VC-Calibrated,IMG_0005,105025.jpg,3,BDA-EHHO-VC-Calibrated,30,600,572555939,4.60853658889021,31,221,18,600,True,115.36222700000508,10,10,4.6089216304933105,nan,nan,0,138,162,0.46
IMG_0006|r1|n10|b300|HHO-VC,IMG_0006,106024.jpg,1,HHO-VC,10,300,1410984088,4.709067854349006,2,33,2,300,True,48.962727599951904,16,16,4.709067854349006,nan,nan,0,0,0,nan
IMG_0006|r1|n10|b300|EHHO-VC,IMG_0006,106024.jpg,1,EHHO-VC,10,300,1410984088,4.709130648686643,2,24,2,300,True,54.57163229997968,19,19,4.709130648686643,0.08696261742586617,0.04055349058565696,0,0,0,nan
IMG_0006|r1|n10|b300|BEHHO-VC-Calibrated,IMG_0006,106024.jpg,1,BEHHO-VC-Calibrated,10,300,1410984088,4.706773045347473,2,8,9,300,True,56.05928159999894,30,30,4.706773045347473,0.5636666666666666,0.4133333333333334,21,0,0,nan
IMG_0006|r1|n10|b300|BDA-EHHO-VC-Calibrated,IMG_0006,106024.jpg,1,BDA-EHHO-VC-Calibrated,10,300,1410984088,4.708740622754331,2,128,69,300,True,37.35836349998135,15,15,4.708740622754331,nan,nan,0,78,72,0.52
IMG_0006|r1|n10|b600|HHO-VC,IMG_0006,106024.jpg,1,HHO-VC,10,600,1410984088,4.70899951569352,3,88,3,600,True,92.26251119998051,32,32,4.70899951569352,nan,nan,0,0,0,nan
IMG_0006|r1|n10|b600|EHHO-VC,IMG_0006,106024.jpg,1,EHHO-VC,10,600,1410984088,4.707629031263732,2,29,3,600,True,82.54375909996452,38,38,4.707629031263732,0.06799051213855596,0.039700616112638795,0,0,0,nan
IMG_0006|r1|n10|b600|BEHHO-VC-Calibrated,IMG_0006,106024.jpg,1,BEHHO-VC-Calibrated,10,600,1410984088,4.706773045347473,2,8,9,600,True,47.74796400003834,60,60,4.706773045347473,0.48944444444444457,0.4283333333333334,49,0,0,nan
IMG_0006|r1|n10|b600|BDA-EHHO-VC-Calibrated,IMG_0006,106024.jpg,1,BDA-EHHO-VC-Calibrated,10,600,1410984088,4.706756704042021,2,96,9,600,True,58.02528020000318,30,30,4.706756704042021,nan,nan,0,155,145,0.5166666666666667
IMG_0006|r1|n20|b300|HHO-VC,IMG_0006,106024.jpg,1,HHO-VC,20,300,1410984088,4.709116127899911,2,88,2,300,True,38.257010100001935,8,8,4.709116127899911,nan,nan,0,0,0,nan
IMG_0006|r1|n20|b300|EHHO-VC,IMG_0006,106024.jpg,1,EHHO-VC,20,300,1410984088,4.709067854349006,2,33,2,300,True,32.463778399978764,10,10,4.709067854349006,0.17943486625320043,0.06441518430194024,0,0,0,nan
IMG_0006|r1|n20|b300|BEHHO-VC-Calibrated,IMG_0006,106024.jpg,1,BEHHO-VC-Calibrated,20,300,1410984088,4.70792833657498,2,8,8,300,True,36.35801959998207,15,15,4.70792833657498,0.8514722222222223,0.96125,0,0,0,nan
IMG_0006|r1|n20|b300|BDA-EHHO-VC-Calibrated,IMG_0006,106024.jpg,1,BDA-EHHO-VC-Calibrated,20,300,1410984088,4.7084647506582415,2,99,136,300,True,6.485159000032581,8,8,4.7084647506582415,nan,nan,0,62,78,0.44285714285714284
IMG_0006|r1|n20|b600|HHO-VC,IMG_0006,106024.jpg,1,HHO-VC,20,600,1410984088,4.709067854349006,2,33,2,600,True,1.7792047000257298,17,17,4.709067854349006,nan,nan,0,0,0,nan
IMG_0006|r1|n20|b600|EHHO-VC,IMG_0006,106024.jpg,1,EHHO-VC,20,600,1410984088,4.709067854349006,2,33,2,600,True,0.371392700006254,19,19,4.709067854349006,0.13214899704089117,0.04587307899877556,0,0,0,nan
IMG_0006|r1|n20|b600|BEHHO-VC-Calibrated,IMG_0006,106024.jpg,1,BEHHO-VC-Calibrated,20,600,1410984088,4.7074847772372825,2,108,9,600,True,4.395878000010271,30,30,4.7074847772372825,0.8330972222222222,0.9154166666666668,1,0,0,nan
IMG_0006|r1|n20|b600|BDA-EHHO-VC-Calibrated,IMG_0006,106024.jpg,1,BDA-EHHO-VC-Calibrated,20,600,1410984088,4.7064979215022005,2,33,9,600,True,1.0968402000144124,15,15,4.7064979215022005,nan,nan,0,146,154,0.4866666666666667
IMG_0006|r1|n30|b300|HHO-VC,IMG_0006,106024.jpg,1,HHO-VC,30,300,1410984088,4.709116127899911,2,88,2,300,True,0.09864769998239353,6,6,4.709116127899911,nan,nan,0,0,0,nan
IMG_0006|r1|n30|b300|EHHO-VC,IMG_0006,106024.jpg,1,EHHO-VC,30,300,1410984088,4.708314134574057,2,26,3,300,True,0.06270279997261241,7,7,4.708314134574057,0.2223036306323953,0.057261040310183746,0,0,0,nan
IMG_0006|r1|n30|b300|BEHHO-VC-Calibrated,IMG_0006,106024.jpg,1,BEHHO-VC-Calibrated,30,300,1410984088,4.707781273763558,2,97,128,300,True,0.24857459997292608,10,10,4.707781273763558,0.798388888888889,0.7505555555555555,1,0,0,nan
IMG_0006|r1|n30|b300|BDA-EHHO-VC-Calibrated,IMG_0006,106024.jpg,1,BDA-EHHO-VC-Calibrated,30,300,1410984088,4.707788947363082,2,84,18,300,True,0.21625230001518503,5,5,4.708478925183917,nan,nan,0,78,72,0.52
IMG_0006|r1|n30|b600|HHO-VC,IMG_0006,106024.jpg,1,HHO-VC,30,600,1410984088,4.7093121899459325,2,12,2,600,True,0.017361900012474507,11,11,4.7093121899459325,nan,nan,0,0,0,nan
IMG_0006|r1|n30|b600|EHHO-VC,IMG_0006,106024.jpg,1,EHHO-VC,30,600,1410984088,4.70730361238792,2,41,3,600,True,0.017387399973813444,13,13,4.70730361238792,0.1521810125910447,0.07028318621532342,0,0,0,nan
IMG_0006|r1|n30|b600|BEHHO-VC-Calibrated,IMG_0006,106024.jpg,1,BEHHO-VC-Calibrated,30,600,1410984088,4.7078506454892555,2,8,128,600,True,0.17813859996385872,20,20,4.7078506454892555,0.6825,0.5520370370370371,13,0,0,nan
IMG_0006|r1|n30|b600|BDA-EHHO-VC-Calibrated,IMG_0006,106024.jpg,1,BDA-EHHO-VC-Calibrated,30,600,1410984088,4.707118621117083,2,12,20,600,True,0.12017070001456887,10,10,4.707118621117083,nan,nan,0,149,151,0.49666666666666665
IMG_0006|r2|n10|b300|HHO-VC,IMG_0006,106024.jpg,2,HHO-VC,10,300,902949870,4.702814021744888,18,42,3,300,True,3.3496928999666125,15,15,4.702814021744888,nan,nan,0,0,0,nan
IMG_0006|r2|n10|b300|EHHO-VC,IMG_0006,106024.jpg,2,EHHO-VC,10,300,902949870,4.702814021744888,18,42,3,300,True,1.1302464000182226,19,19,4.702814021744888,0.14663752597102925,0.11950830046986913,0,0,0,nan
IMG_0006|r2|n10|b300|BEHHO-VC-Calibrated,IMG_0006,106024.jpg,2,BEHHO-VC-Calibrated,10,300,902949870,4.703334170674085,120,62,243,300,True,13.784114099980798,30,30,4.703334170674085,0.837388888888889,0.895,0,0,0,nan
IMG_0006|r2|n10|b300|BDA-EHHO-VC-Calibrated,IMG_0006,106024.jpg,2,BDA-EHHO-VC-Calibrated,10,300,902949870,4.703395871495059,129,37,243,300,True,2.338912600011099,15,15,4.703395871495059,nan,nan,0,83,67,0.5533333333333333
IMG_0006|r2|n10|b600|HHO-VC,IMG_0006,106024.jpg,2,HHO-VC,10,600,902949870,4.703126588035402,14,78,3,600,True,0.29982399998698384,33,33,4.703126588035402,nan,nan,0,0,0,nan
IMG_0006|r2|n10|b600|EHHO-VC,IMG_0006,106024.jpg,2,EHHO-VC,10,600,902949870,4.702814021744888,18,42,3,600,True,0.035900100017897785,38,38,4.702814021744888,0.1112890013973605,0.05455615480657892,0,0,0,nan
IMG_0006|r2|n10|b600|BEHHO-VC-Calibrated,IMG_0006,106024.jpg,2,BEHHO-VC-Calibrated,10,600,902949870,4.7032629487328945,126,251,254,600,True,1.5298788999789394,60,60,4.7032629487328945,0.8236666666666665,0.8316666666666667,3,0,0,nan
IMG_0006|r2|n10|b600|BDA-EHHO-VC-Calibrated,IMG_0006,106024.jpg,2,BDA-EHHO-VC-Calibrated,10,600,902949870,4.703286839205925,42,53,232,600,True,0.7136651999899186,30,30,4.703286839205925,nan,nan,0,148,152,0.49333333333333335
IMG_0006|r2|n20|b300|HHO-VC,IMG_0006,106024.jpg,2,HHO-VC,20,300,902949870,4.703019157361999,18,67,218,300,True,0.06144389999099076,8,8,4.703019157361999,nan,nan,0,0,0,nan
IMG_0006|r2|n20|b300|EHHO-VC,IMG_0006,106024.jpg,2,EHHO-VC,20,300,902949870,4.703019157361999,18,67,218,300,True,0.04792099999031052,10,10,4.703019157361999,0.40371714240388484,0.3743667651290449,0,0,0,nan
IMG_0006|r2|n20|b300|BEHHO-VC-Calibrated,IMG_0006,106024.jpg,2,BEHHO-VC-Calibrated,20,300,902949870,4.703242965314709,55,56,249,300,True,0.25042739999480546,15,15,4.703242965314709,0.8856944444444445,0.9179166666666667,0,0,0,nan
IMG_0006|r2|n20|b300|BDA-EHHO-VC-Calibrated,IMG_0006,106024.jpg,2,BDA-EHHO-VC-Calibrated,20,300,902949870,4.7030033613205715,55,54,241,300,True,0.14028599997982383,8,8,4.7030033613205715,nan,nan,0,71,69,0.5071428571428571
IMG_0006|r2|n20|b600|HHO-VC,IMG_0006,106024.jpg,2,HHO-VC,20,600,902949870,4.7030241741631285,18,67,231,600,True,0.03362200001720339,16,16,4.7030241741631285,nan,nan,0,0,0,nan
IMG_0006|r2|n20|b600|EHHO-VC,IMG_0006,106024.jpg,2,EHHO-VC,20,600,902949870,4.7030241741631285,18,67,231,600,True,0.016628800018224865,19,19,4.7030241741631285,0.38944338100643866,0.38113970708478584,0,0,0,nan
IMG_0006|r2|n20|b600|BEHHO-VC-Calibrated,IMG_0006,106024.jpg,2,BEHHO-VC-Calibrated,20,600,902949870,4.703309692133894,126,223,252,600,True,0.10909430001629516,30,30,4.703309692133894,0.870375,0.7095833333333333,0,0,0,nan
IMG_0006|r2|n20|b600|BDA-EHHO-VC-Calibrated,IMG_0006,106024.jpg,2,BDA-EHHO-VC-Calibrated,20,600,902949870,4.702765496571788,129,64,11,600,True,0.05071500001940876,15,15,4.702765496571788,nan,nan,0,145,155,0.48333333333333334
IMG_0006|r2|n30|b300|HHO-VC,IMG_0006,106024.jpg,2,HHO-VC,30,300,902949870,4.7030241741631285,18,67,231,300,True,0.008778000017628074,6,6,4.7030241741631285,nan,nan,0,0,0,nan
IMG_0006|r2|n30|b300|EHHO-VC,IMG_0006,106024.jpg,2,EHHO-VC,30,300,902949870,4.7030241741631285,18,67,231,300,True,0.008586400013882667,7,7,4.7030241741631285,0.39341683003143635,0.3917121962365545,0,0,0,nan
IMG_0006|r2|n30|b300|BEHHO-VC-Calibrated,IMG_0006,106024.jpg,2,BEHHO-VC-Calibrated,30,300,902949870,4.703221779615585,42,97,246,300,True,0.01781920000212267,10,10,4.703221779615585,0.9008148148148148,0.9387037037037036,0,0,0,nan
IMG_0006|r2|n30|b300|BDA-EHHO-VC-Calibrated,IMG_0006,106024.jpg,2,BDA-EHHO-VC-Calibrated,30,300,902949870,4.702751182336656,28,66,3,300,True,0.01594369998201728,5,5,4.702751182336656,nan,nan,0,69,81,0.46
IMG_0006|r2|n30|b600|HHO-VC,IMG_0006,106024.jpg,2,HHO-VC,30,600,902949870,4.7030241741631285,18,67,231,600,True,0.016281699994578958,11,11,4.7030241741631285,nan,nan,0,0,0,nan
IMG_0006|r2|n30|b600|EHHO-VC,IMG_0006,106024.jpg,2,EHHO-VC,30,600,902949870,4.7030241741631285,18,67,231,600,True,0.016226200037635863,13,13,4.7030241741631285,0.3931882524559447,0.4351464210426946,0,0,0,nan
IMG_0006|r2|n30|b600|BEHHO-VC-Calibrated,IMG_0006,106024.jpg,2,BEHHO-VC-Calibrated,30,600,902949870,4.7032043751401815,127,95,254,600,True,0.04769089998444542,20,20,4.7032043751401815,0.8478333333333333,0.8387037037037038,1,0,0,nan
IMG_0006|r2|n30|b600|BDA-EHHO-VC-Calibrated,IMG_0006,106024.jpg,2,BDA-EHHO-VC-Calibrated,30,600,902949870,4.702926632103572,126,96,7,600,True,0.03203259996371344,10,10,4.703184947238481,nan,nan,0,145,155,0.48333333333333334
IMG_0006|r3|n10|b300|HHO-VC,IMG_0006,106024.jpg,3,HHO-VC,10,300,955780261,4.704115358099803,73,39,17,300,True,3.3454696999979205,16,16,4.704115358099803,nan,nan,0,0,0,nan
IMG_0006|r3|n10|b300|EHHO-VC,IMG_0006,106024.jpg,3,EHHO-VC,10,300,955780261,4.704115358099803,73,39,17,300,True,0.8679908999474719,19,19,4.704115358099803,0.2050692842182116,0.1459485809913074,0,0,0,nan
IMG_0006|r3|n10|b300|BEHHO-VC-Calibrated,IMG_0006,106024.jpg,3,BEHHO-VC-Calibrated,10,300,955780261,4.703411666321101,227,16,11,300,True,4.25991789996624,30,30,4.703411666321101,0.7925000000000002,0.7616666666666667,3,0,0,nan
IMG_0006|r3|n10|b300|BDA-EHHO-VC-Calibrated,IMG_0006,106024.jpg,3,BDA-EHHO-VC-Calibrated,10,300,955780261,4.7029143159764395,176,13,16,300,True,2.1187499000225216,15,15,4.7029143159764395,nan,nan,0,77,73,0.5133333333333333
IMG_0006|r3|n10|b600|HHO-VC,IMG_0006,106024.jpg,3,HHO-VC,10,600,955780261,4.7040349655066445,66,29,11,600,True,0.5565069000003859,34,34,4.7040349655066445,nan,nan,0,0,0,nan
IMG_0006|r3|n10|b600|EHHO-VC,IMG_0006,106024.jpg,3,EHHO-VC,10,600,955780261,4.702934908094981,130,47,22,600,True,0.2629585999529809,40,40,4.702934908094981,0.2546389067458044,0.1641323164707539,0,0,0,nan
IMG_0006|r3|n10|b600|BEHHO-VC-Calibrated,IMG_0006,106024.jpg,3,BEHHO-VC-Calibrated,10,600,955780261,4.703614334297121,232,25,32,600,True,1.6525070000207052,60,60,4.703614334297121,0.8415555555555556,0.7933333333333333,0,0,0,nan
IMG_0006|r3|n10|b600|BDA-EHHO-VC-Calibrated,IMG_0006,106024.jpg,3,BDA-EHHO-VC-Calibrated,10,600,955780261,4.703319347292893,255,8,22,600,True,0.44823550002183765,30,30,4.703319347292893,nan,nan,0,173,127,0.5766666666666667
IMG_0006|r3|n20|b300|HHO-VC,IMG_0006,106024.jpg,3,HHO-VC,20,300,955780261,4.70435562377443,35,11,22,300,True,0.08325429999968037,9,9,4.70435562377443,nan,nan,0,0,0,nan
IMG_0006|r3|n20|b300|EHHO-VC,IMG_0006,106024.jpg,3,EHHO-VC,20,300,955780261,4.70435562377443,35,11,22,300,True,0.008219499955885112,11,11,4.70435562377443,0.16111148522963378,0.05719276686720125,0,0,0,nan
IMG_0006|r3|n20|b300|BEHHO-VC-Calibrated,IMG_0006,106024.jpg,3,BEHHO-VC-Calibrated,20,300,955780261,4.703587204302645,208,124,11,300,True,0.13065040000947192,15,15,4.703587204302645,0.8668611111111112,0.8954166666666667,0,0,0,nan
IMG_0006|r3|n20|b300|BDA-EHHO-VC-Calibrated,IMG_0006,106024.jpg,3,BDA-EHHO-VC-Calibrated,20,300,955780261,4.704433876904919,239,232,11,300,True,0.1672336999909021,8,8,4.704433876904919,nan,nan,0,73,67,0.5214285714285715
IMG_0006|r3|n20|b600|HHO-VC,IMG_0006,106024.jpg,3,HHO-VC,20,600,955780261,4.7041508876027525,27,8,17,600,True,0.05227089999243617,18,18,4.7041508876027525,nan,nan,0,0,0,nan
IMG_0006|r3|n20|b600|EHHO-VC,IMG_0006,106024.jpg,3,EHHO-VC,20,600,955780261,4.7041508876027525,27,8,17,600,True,0.02443759999005124,20,20,4.7041508876027525,0.10338288742329724,0.063553499957723,0,0,0,nan
IMG_0006|r3|n20|b600|BEHHO-VC-Calibrated,IMG_0006,106024.jpg,3,BEHHO-VC-Calibrated,20,600,955780261,4.7035562642604125,200,88,11,600,True,0.17913370003225282,30,30,4.7035562642604125,0.8745972222222222,0.8716666666666666,0,0,0,nan
IMG_0006|r3|n20|b600|BDA-EHHO-VC-Calibrated,IMG_0006,106024.jpg,3,BDA-EHHO-VC-Calibrated,20,600,955780261,4.7032617762521225,125,47,17,600,True,0.05276429996592924,15,15,4.7032617762521225,nan,nan,0,150,150,0.5
IMG_0006|r3|n30|b300|HHO-VC,IMG_0006,106024.jpg,3,HHO-VC,30,300,955780261,4.703961345747576,105,28,22,300,True,0.007682499999646097,6,6,4.703961345747576,nan,nan,0,0,0,nan
IMG_0006|r3|n30|b300|EHHO-VC,IMG_0006,106024.jpg,3,EHHO-VC,30,300,955780261,4.7035995215766055,213,38,32,300,True,0.008755099959671497,7,7,4.7035995215766055,0.3586743055185967,0.28643312521031,0,0,0,nan
IMG_0006|r3|n30|b300|BEHHO-VC-Calibrated,IMG_0006,106024.jpg,3,BEHHO-VC-Calibrated,30,300,955780261,4.703366240202944,183,13,14,300,True,0.07022619998315349,10,10,4.703366240202944,0.9082407407407407,0.8955555555555555,0,0,0,nan
IMG_0006|r3|n30|b300|BDA-EHHO-VC-Calibrated,IMG_0006,106024.jpg,3,BDA-EHHO-VC-Calibrated,30,300,955780261,4.7034189993852396,248,33,22,300,True,0.017812500009313226,5,5,4.704035551311539,nan,nan,0,67,83,0.44666666666666666
IMG_0006|r3|n30|b600|HHO-VC,IMG_0006,106024.jpg,3,HHO-VC,30,600,955780261,4.702372174844311,197,47,11,600,True,0.01561609999043867,12,12,4.702372174844311,nan,nan,0,0,0,nan
IMG_0006|r3|n30|b600|EHHO-VC,IMG_0006,106024.jpg,3,EHHO-VC,30,600,955780261,4.702314657401126,198,47,11,600,True,0.017209500016178936,14,14,4.702314657401126,0.34234258874448936,0.3550542548229136,0,0,0,nan
IMG_0006|r3|n30|b600|BEHHO-VC-Calibrated,IMG_0006,106024.jpg,3,BEHHO-VC-Calibrated,30,600,955780261,4.703366240202944,183,13,14,600,True,0.0355926999473013,20,20,4.703366240202944,0.8883888888888889,0.8764814814814814,0,0,0,nan
IMG_0006|r3|n30|b600|BDA-EHHO-VC-Calibrated,IMG_0006,106024.jpg,3,BDA-EHHO-VC-Calibrated,30,600,955780261,4.702732061961393,7,44,32,600,True,0.033563700038939714,10,10,4.702732061961393,nan,nan,0,147,153,0.49
IMG_0008|r1|n10|b300|HHO-VC,IMG_0008,108070.jpg,1,HHO-VC,10,300,493524275,4.764991589352365,195,219,195,300,True,5.916882700053975,17,17,4.764991589352365,nan,nan,0,0,0,nan
IMG_0008|r1|n10|b300|EHHO-VC,IMG_0008,108070.jpg,1,EHHO-VC,10,300,493524275,4.764808582767314,244,227,244,300,True,2.498530200042296,20,20,4.764808582767314,0.5062657096261483,0.7235799681002123,0,0,0,nan
IMG_0008|r1|n10|b300|BEHHO-VC-Calibrated,IMG_0008,108070.jpg,1,BEHHO-VC-Calibrated,10,300,493524275,4.764971871653246,255,15,223,300,True,3.4731070999987423,30,30,4.764971871653246,0.7827777777777777,0.7199999999999999,4,0,0,nan
IMG_0008|r1|n10|b300|BDA-EHHO-VC-Calibrated,IMG_0008,108070.jpg,1,BDA-EHHO-VC-Calibrated,10,300,493524275,4.765559633433111,202,114,196,300,True,1.4862989999819547,15,15,4.765559633433111,nan,nan,0,89,61,0.5933333333333334
IMG_0008|r1|n10|b600|HHO-VC,IMG_0008,108070.jpg,1,HHO-VC,10,600,493524275,4.764892948769405,195,220,196,600,True,1.2817456000484526,33,33,4.764892948769405,nan,nan,0,0,0,nan
IMG_0008|r1|n10|b600|EHHO-VC,IMG_0008,108070.jpg,1,EHHO-VC,10,600,493524275,4.764892948769405,195,220,196,600,True,0.7185749000054784,38,38,4.764892948769405,0.5249307501495294,0.5243325620009448,0,0,0,nan
IMG_0008|r1|n10|b600|BEHHO-VC-Calibrated,IMG_0008,108070.jpg,1,BEHHO-VC-Calibrated,10,600,493524275,4.764984430279964,255,231,189,600,True,0.5547911000321619,60,60,4.764984430279964,0.8016944444444445,0.8533333333333332,8,0,0,nan
IMG_0008|r1|n10|b600|BDA-EHHO-VC-Calibrated,IMG_0008,108070.jpg,1,BDA-EHHO-VC-Calibrated,10,600,493524275,4.764687131062618,252,224,195,600,True,0.13923970004543662,30,30,4.764687131062618,nan,nan,0,160,140,0.5333333333333333
IMG_0008|r1|n20|b300|HHO-VC,IMG_0008,108070.jpg,1,HHO-VC,20,300,493524275,4.7645677822466235,2,3,85,300,True,0.04104179999558255,9,9,4.7645677822466235,nan,nan,0,0,0,nan
IMG_0008|r1|n20|b300|EHHO-VC,IMG_0008,108070.jpg,1,EHHO-VC,20,300,493524275,4.765191267792535,222,227,219,300,True,0.03996429999824613,10,10,4.765191267792535,0.5250618656761443,0.5219444195855424,0,0,0,nan
IMG_0008|r1|n20|b300|BEHHO-VC-Calibrated,IMG_0008,108070.jpg,1,BEHHO-VC-Calibrated,20,300,493524275,4.765110080854968,255,251,198,300,True,0.10996779997367412,15,15,4.765110080854968,0.8106388888888889,0.7841666666666667,2,0,0,nan
IMG_0008|r1|n20|b300|BDA-EHHO-VC-Calibrated,IMG_0008,108070.jpg,1,BDA-EHHO-VC-Calibrated,20,300,493524275,4.765404599677002,232,134,189,300,True,0.058660299982875586,8,8,4.765404599677002,nan,nan,0,70,70,0.5
IMG_0008|r1|n20|b600|HHO-VC,IMG_0008,108070.jpg,1,HHO-VC,20,600,493524275,4.763922638588753,2,3,226,600,True,0.03173849999438971,16,16,4.763922638588753,nan,nan,0,0,0,nan
IMG_0008|r1|n20|b600|EHHO-VC,IMG_0008,108070.jpg,1,EHHO-VC,20,600,493524275,4.765062803988322,198,201,196,600,True,0.0550103000132367,19,19,4.765062803988322,0.5293634173351067,0.44143089313265255,0,0,0,nan
IMG_0008|r1|n20|b600|BEHHO-VC-Calibrated,IMG_0008,108070.jpg,1,BEHHO-VC-Calibrated,20,600,493524275,4.764937389881683,254,136,198,600,True,0.06783089996315539,30,30,4.764937389881683,0.8328888888888888,0.9304166666666666,2,0,0,nan
IMG_0008|r1|n20|b600|BDA-EHHO-VC-Calibrated,IMG_0008,108070.jpg,1,BDA-EHHO-VC-Calibrated,20,600,493524275,4.764945258498735,215,225,189,600,True,0.06811059999745339,15,15,4.764945258498735,nan,nan,0,143,157,0.4766666666666667
IMG_0008|r1|n30|b300|HHO-VC,IMG_0008,108070.jpg,1,HHO-VC,30,300,493524275,4.765087462005094,255,221,247,300,True,0.013656999974045902,6,6,4.765087462005094,nan,nan,0,0,0,nan
IMG_0008|r1|n30|b300|EHHO-VC,IMG_0008,108070.jpg,1,EHHO-VC,30,300,493524275,4.765014989194726,255,226,248,300,True,0.01370339997811243,7,7,4.765014989194726,0.527526441254768,0.6450339725577957,0,0,0,nan
IMG_0008|r1|n30|b300|BEHHO-VC-Calibrated,IMG_0008,108070.jpg,1,BEHHO-VC-Calibrated,30,300,493524275,4.765030677729112,247,224,191,300,True,0.03823090001242235,10,10,4.765030677729112,0.8848148148148146,0.8237037037037037,0,0,0,nan
IMG_0008|r1|n30|b300|BDA-EHHO-VC-Calibrated,IMG_0008,108070.jpg,1,BDA-EHHO-VC-Calibrated,30,300,493524275,4.765433542887877,157,208,244,300,True,0.034774900006596,5,5,4.765433542887877,nan,nan,0,72,78,0.48
IMG_0008|r1|n30|b600|HHO-VC,IMG_0008,108070.jpg,1,HHO-VC,30,600,493524275,4.764762686382219,255,222,244,600,True,0.03276279999408871,11,11,4.764762686382219,nan,nan,0,0,0,nan
IMG_0008|r1|n30|b600|EHHO-VC,IMG_0008,108070.jpg,1,EHHO-VC,30,600,493524275,4.76475554270034,254,222,244,600,True,0.03984800004400313,13,13,4.76475554270034,0.5561438287900046,0.544741473678035,0,0,0,nan
IMG_0008|r1|n30|b600|BEHHO-VC-Calibrated,IMG_0008,108070.jpg,1,BEHHO-VC-Calibrated,30,600,493524275,4.765030677729112,247,224,191,600,True,0.07394730002852157,20,20,4.765030677729112,0.8835833333333334,0.8851851851851852,0,0,0,nan
IMG_0008|r1|n30|b600|BDA-EHHO-VC-Calibrated,IMG_0008,108070.jpg,1,BDA-EHHO-VC-Calibrated,30,600,493524275,4.764868196274037,250,235,196,600,True,0.05727190000470728,10,10,4.764989257829634,nan,nan,0,153,147,0.51
IMG_0008|r2|n10|b300|HHO-VC,IMG_0008,108070.jpg,2,HHO-VC,10,300,2139597570,4.768069319734736,2,2,2,300,True,1.6823045000201091,16,16,4.768069319734736,nan,nan,0,0,0,nan
IMG_0008|r2|n10|b300|EHHO-VC,IMG_0008,108070.jpg,2,EHHO-VC,10,300,2139597570,4.768069319734736,2,2,2,300,True,1.0136794000281952,18,18,4.768069319734736,0.09279309128233838,0.1513127853884417,10,0,0,nan
IMG_0008|r2|n10|b300|BEHHO-VC-Calibrated,IMG_0008,108070.jpg,2,BEHHO-VC-Calibrated,10,300,2139597570,4.766551086291266,68,4,2,300,True,6.5181881000171416,30,30,4.766551086291266,0.7025,0.54,11,0,0,nan
IMG_0008|r2|n10|b300|BDA-EHHO-VC-Calibrated,IMG_0008,108070.jpg,2,BDA-EHHO-VC-Calibrated,10,300,2139597570,4.767857179243884,27,96,2,300,True,3.6475771999685094,15,15,4.767857179243884,nan,nan,0,66,84,0.44
IMG_0008|r2|n10|b600|HHO-VC,IMG_0008,108070.jpg,2,HHO-VC,10,600,2139597570,4.768069319734736,2,2,2,600,True,0.048044499999377877,33,33,4.768069319734736,nan,nan,0,0,0,nan
IMG_0008|r2|n10|b600|EHHO-VC,IMG_0008,108070.jpg,2,EHHO-VC,10,600,2139597570,4.767373831749866,2,4,2,600,True,0.5352477999986149,39,39,4.767373831749866,0.08702573732999767,0.03783278650398185,14,0,0,nan
IMG_0008|r2|n10|b600|BEHHO-VC-Calibrated,IMG_0008,108070.jpg,2,BEHHO-VC-Calibrated,10,600,2139597570,4.766551086291266,68,4,2,600,True,2.883288199955132,60,60,4.766551086291266,0.73925,0.745,22,0,0,nan
IMG_0008|r2|n10|b600|BDA-EHHO-VC-Calibrated,IMG_0008,108070.jpg,2,BDA-EHHO-VC-Calibrated,10,600,2139597570,4.7678781647695265,19,46,2,600,True,1.7852917999844067,30,30,4.7678781647695265,nan,nan,0,144,156,0.48
IMG_0008|r2|n20|b300|HHO-VC,IMG_0008,108070.jpg,2,HHO-VC,20,300,2139597570,4.766635180743338,246,4,2,300,True,0.3298553999629803,8,8,4.766635180743338,nan,nan,0,0,0,nan
IMG_0008|r2|n20|b300|EHHO-VC,IMG_0008,108070.jpg,2,EHHO-VC,20,300,2139597570,4.766556359942654,247,4,2,300,True,0.1567570999613963,10,10,4.766556359942654,0.37338425708953027,0.3470581506527036,0,0,0,nan
IMG_0008|r2|n20|b300|BEHHO-VC-Calibrated,IMG_0008,108070.jpg,2,BEHHO-VC-Calibrated,20,300,2139597570,4.7666524677007525,66,18,2,300,True,0.28905800002394244,15,15,4.7666524677007525,0.7952222222222222,0.7179166666666666,1,0,0,nan
IMG_0008|r2|n20|b300|BDA-EHHO-VC-Calibrated,IMG_0008,108070.jpg,2,BDA-EHHO-VC-Calibrated,20,300,2139597570,4.7688082242121945,84,104,2,300,True,0.3223036000272259,8,8,4.7688082242121945,nan,nan,0,71,69,0.5071428571428571
IMG_0008|r2|n20|b600|HHO-VC,IMG_0008,108070.jpg,2,HHO-VC,20,600,2139597570,4.766172924930562,67,4,2,600,True,0.07228770002257079,16,16,4.766172924930562,nan,nan,0,0,0,nan
IMG_0008|r2|n20|b600|EHHO-VC,IMG_0008,108070.jpg,2,EHHO-VC,20,600,2139597570,4.76666779031313,59,8,2,600,True,0.023735700000543147,19,19,4.76666779031313,0.17671839512312937,0.09574632720163279,0,0,0,nan
IMG_0008|r2|n20|b600|BEHHO-VC-Calibrated,IMG_0008,108070.jpg,2,BEHHO-VC-Calibrated,20,600,2139597570,4.766813204824886,66,70,2,600,True,0.19964110001455992,30,30,4.766813204824886,0.8221944444444443,0.8591666666666667,5,0,0,nan
IMG_0008|r2|n20|b600|BDA-EHHO-VC-Calibrated,IMG_0008,108070.jpg,2,BDA-EHHO-VC-Calibrated,20,600,2139597570,4.768156383360758,66,171,2,600,True,0.12343999999575317,15,15,4.768156383360758,nan,nan,0,158,142,0.5266666666666666
IMG_0008|r2|n30|b300|HHO-VC,IMG_0008,108070.jpg,2,HHO-VC,30,300,2139597570,4.768069319734736,2,2,2,300,True,0.010219300049357116,6,6,4.768069319734736,nan,nan,0,0,0,nan
IMG_0008|r2|n30|b300|EHHO-VC,IMG_0008,108070.jpg,2,EHHO-VC,30,300,2139597570,4.767503163348578,31,2,2,300,True,0.03747609996935353,7,7,4.767503163348578,0.18799038809458715,0.05235919571910366,0,0,0,nan
IMG_0008|r2|n30|b300|BEHHO-VC-Calibrated,IMG_0008,108070.jpg,2,BEHHO-VC-Calibrated,30,300,2139597570,4.767232324392759,69,4,2,300,True,0.12475400004768744,10,10,4.767232324392759,0.7475185185185186,0.7050000000000001,4,0,0,nan
IMG_0008|r2|n30|b300|BDA-EHHO-VC-Calibrated,IMG_0008,108070.jpg,2,BDA-EHHO-VC-Calibrated,30,300,2139597570,4.767373831749866,2,4,2,300,True,0.02486010000575334,5,5,4.767373831749866,nan,nan,0,72,78,0.48
IMG_0008|r2|n30|b600|HHO-VC,IMG_0008,108070.jpg,2,HHO-VC,30,600,2139597570,4.7663574725315145,59,4,2,600,True,0.021807999990414828,11,11,4.7663574725315145,nan,nan,0,0,0,nan
IMG_0008|r2|n30|b600|EHHO-VC,IMG_0008,108070.jpg,2,EHHO-VC,30,600,2139597570,4.766172924930562,67,4,2,600,True,0.022735900012776256,13,13,4.766172924930562,0.22259744068484602,0.11396912471662396,0,0,0,nan
IMG_0008|r2|n30|b600|BEHHO-VC-Calibrated,IMG_0008,108070.jpg,2,BEHHO-VC-Calibrated,30,600,2139597570,4.767246574276137,68,2,2,600,True,0.08109960000729188,20,20,4.767246574276137,0.6513240740740741,0.6025925925925927,12,0,0,nan
IMG_0008|r2|n30|b600|BDA-EHHO-VC-Calibrated,IMG_0008,108070.jpg,2,BDA-EHHO-VC-Calibrated,30,600,2139597570,4.767927901807672,2,64,2,600,True,0.10074790002545342,10,10,4.767927901807672,nan,nan,0,144,156,0.48
IMG_0008|r3|n10|b300|HHO-VC,IMG_0008,108070.jpg,3,HHO-VC,10,300,344102308,4.7593685609015415,119,128,88,300,True,6.916682799987029,17,17,4.7593685609015415,nan,nan,0,0,0,nan
IMG_0008|r3|n10|b300|EHHO-VC,IMG_0008,108070.jpg,3,EHHO-VC,10,300,344102308,4.759725221356608,116,126,88,300,True,3.6969554999959655,19,19,4.759725221356608,0.42334376760173814,0.27064696354727313,0,0,0,nan
IMG_0008|r3|n10|b300|BEHHO-VC-Calibrated,IMG_0008,108070.jpg,3,BEHHO-VC-Calibrated,10,300,344102308,4.759823333873514,90,125,85,300,True,3.8061779999989085,30,30,4.759823333873514,0.8006666666666665,0.77,1,0,0,nan
IMG_0008|r3|n10|b300|BDA-EHHO-VC-Calibrated,IMG_0008,108070.jpg,3,BDA-EHHO-VC-Calibrated,10,300,344102308,4.760160354001413,114,210,126,300,True,1.7843175999587402,15,15,4.760160354001413,nan,nan,0,76,74,0.5066666666666667
IMG_0008|r3|n10|b600|HHO-VC,IMG_0008,108070.jpg,3,HHO-VC,10,600,344102308,4.759886205517666,226,137,94,600,True,1.0867327000014484,35,35,4.759886205517666,nan,nan,0,0,0,nan
IMG_0008|r3|n10|b600|EHHO-VC,IMG_0008,108070.jpg,3,EHHO-VC,10,600,344102308,4.759988060089645,228,144,97,600,True,0.627446600003168,40,40,4.759988060089645,0.41951488490146344,0.2960921684468484,0,0,0,nan
IMG_0008|r3|n10|b600|BEHHO-VC-Calibrated,IMG_0008,108070.jpg,3,BEHHO-VC-Calibrated,10,600,344102308,4.759823333873514,90,125,85,600,True,0.7602730999933556,60,60,4.759823333873514,0.8247222222222221,0.8883333333333333,2,0,0,nan
IMG_0008|r3|n10|b600|BDA-EHHO-VC-Calibrated,IMG_0008,108070.jpg,3,BDA-EHHO-VC-Calibrated,10,600,344102308,4.759556499105791,247,129,107,600,True,0.26234040001872927,30,30,4.759556499105791,nan,nan,0,155,145,0.5166666666666667
IMG_0008|r3|n20|b300|HHO-VC,IMG_0008,108070.jpg,3,HHO-VC,20,300,344102308,4.760075250841541,192,127,95,300,True,0.09036710002692416,9,9,4.760075250841541,nan,nan,0,0,0,nan
IMG_0008|r3|n20|b300|EHHO-VC,IMG_0008,108070.jpg,3,EHHO-VC,20,300,344102308,4.760076814803008,192,128,95,300,True,0.011236800055485219,10,10,4.760076814803008,0.42054869209813645,0.4503859267161098,0,0,0,nan
IMG_0008|r3|n20|b300|BEHHO-VC-Calibrated,IMG_0008,108070.jpg,3,BEHHO-VC-Calibrated,20,300,344102308,4.760283567734732,122,119,103,300,True,0.09868830000050366,15,15,4.760283567734732,0.8599444444444444,0.8849999999999999,0,0,0,nan
IMG_0008|r3|n20|b300|BDA-EHHO-VC-Calibrated,IMG_0008,108070.jpg,3,BDA-EHHO-VC-Calibrated,20,300,344102308,4.759096636882326,119,129,106,300,True,0.03734719997737557,8,8,4.759096636882326,nan,nan,0,69,71,0.4928571428571429
IMG_0008|r3|n20|b600|HHO-VC,IMG_0008,108070.jpg,3,HHO-VC,20,600,344102308,4.759770462865813,226,143,105,600,True,0.025706499989610165,18,18,4.759770462865813,nan,nan,0,0,0,nan
IMG_0008|r3|n20|b600|EHHO-VC,IMG_0008,108070.jpg,3,EHHO-VC,20,600,344102308,4.760055184567226,181,128,102,600,True,0.022055699955672026,21,21,4.760055184567226,0.41344407976564584,0.3708380196374964,0,0,0,nan
IMG_0008|r3|n20|b600|BEHHO-VC-Calibrated,IMG_0008,108070.jpg,3,BEHHO-VC-Calibrated,20,600,344102308,4.759292431146057,91,127,109,600,True,0.05814390000887215,30,30,4.759292431146057,0.8195694444444446,0.6479166666666667,4,0,0,nan
IMG_0008|r3|n20|b600|BDA-EHHO-VC-Calibrated,IMG_0008,108070.jpg,3,BDA-EHHO-VC-Calibrated,20,600,344102308,4.759773925777303,129,136,96,600,True,0.07060099998489022,15,15,4.759773925777303,nan,nan,0,152,148,0.5066666666666667
IMG_0008|r3|n30|b300|HHO-VC,IMG_0008,108070.jpg,3,HHO-VC,30,300,344102308,4.759785577450516,108,117,110,300,True,0.010936599981505424,6,6,4.759785577450516,nan,nan,0,0,0,nan
IMG_0008|r3|n30|b300|EHHO-VC,IMG_0008,108070.jpg,3,EHHO-VC,30,300,344102308,4.75976312935354,108,116,109,300,True,0.012251799984369427,7,7,4.75976312935354,0.40654910436539726,0.35913954266586334,0,0,0,nan
IMG_0008|r3|n30|b300|BEHHO-VC-Calibrated,IMG_0008,108070.jpg,3,BEHHO-VC-Calibrated,30,300,344102308,4.759471444724243,114,128,99,300,True,0.028829700022470206,10,10,4.759471444724243,0.9120925925925926,0.9294444444444444,0,0,0,nan
IMG_0008|r3|n30|b300|BDA-EHHO-VC-Calibrated,IMG_0008,108070.jpg,3,BDA-EHHO-VC-Calibrated,30,300,344102308,4.759878123076113,232,136,98,300,True,0.02281799999764189,5,5,4.759878123076113,nan,nan,0,75,75,0.5
IMG_0008|r3|n30|b600|HHO-VC,IMG_0008,108070.jpg,3,HHO-VC,30,600,344102308,4.7597230143821685,119,135,127,600,True,0.025433599948883057,12,12,4.7597230143821685,nan,nan,0,0,0,nan
IMG_0008|r3|n30|b600|EHHO-VC,IMG_0008,108070.jpg,3,EHHO-VC,30,600,344102308,4.759550699329403,109,115,109,600,True,0.035323799995239824,14,14,4.759550699329403,0.3881626641652529,0.2950138575375766,0,0,0,nan
IMG_0008|r3|n30|b600|BEHHO-VC-Calibrated,IMG_0008,108070.jpg,3,BEHHO-VC-Calibrated,30,600,344102308,4.759471444724243,114,128,99,600,True,0.04614040005253628,20,20,4.759471444724243,0.9244814814814815,0.9407407407407408,0,0,0,nan
IMG_0008|r3|n30|b600|BDA-EHHO-VC-Calibrated,IMG_0008,108070.jpg,3,BDA-EHHO-VC-Calibrated,30,600,344102308,4.759443247823998,120,127,89,600,True,0.0534031999995932,10,10,4.759443247823998,nan,nan,0,152,148,0.5066666666666667
IMG_0015|r1|n10|b300|HHO-VC,IMG_0015,130026.jpg,1,HHO-VC,10,300,1025604623,4.88603011808778,193,140,203,300,True,7.35918029997265,18,18,4.88603011808778,nan,nan,0,0,0,nan
IMG_0015|r1|n10|b300|EHHO-VC,IMG_0015,130026.jpg,1,EHHO-VC,10,300,1025604623,4.88603011808778,193,140,203,300,True,2.5659895000280812,20,20,4.88603011808778,0.5061717920726173,0.5852314769209237,0,0,0,nan
IMG_0015|r1|n10|b300|BEHHO-VC-Calibrated,IMG_0015,130026.jpg,1,BEHHO-VC-Calibrated,10,300,1025604623,4.885139324267042,63,255,255,300,True,3.915962400031276,30,30,4.885139324267042,0.7048333333333333,0.5516666666666666,9,0,0,nan
IMG_0015|r1|n10|b300|BDA-EHHO-VC-Calibrated,IMG_0015,130026.jpg,1,BDA-EHHO-VC-Calibrated,10,300,1025604623,4.885837476196882,120,246,255,300,True,1.8386034999857657,15,15,4.885837476196882,nan,nan,0,74,76,0.49333333333333335
IMG_0015|r1|n10|b600|HHO-VC,IMG_0015,130026.jpg,1,HHO-VC,10,600,1025604623,4.88592447301517,174,161,174,600,True,2.000944800034631,34,34,4.88592447301517,nan,nan,0,0,0,nan
IMG_0015|r1|n10|b600|EHHO-VC,IMG_0015,130026.jpg,1,EHHO-VC,10,600,1025604623,4.886010853120841,189,138,199,600,True,0.8889703000313602,38,38,4.886010853120841,0.4612434270103455,0.4138671960339198,0,0,0,nan
IMG_0015|r1|n10|b600|BEHHO-VC-Calibrated,IMG_0015,130026.jpg,1,BEHHO-VC-Calibrated,10,600,1025604623,4.885139324267042,63,255,255,600,True,0.2221113999839872,60,60,4.885139324267042,0.6791111111111109,0.7000000000000001,27,0,0,nan
IMG_0015|r1|n10|b600|BDA-EHHO-VC-Calibrated,IMG_0015,130026.jpg,1,BDA-EHHO-VC-Calibrated,10,600,1025604623,4.8851751823413,20,214,244,600,True,0.25161279999883845,30,30,4.885209545620685,nan,nan,0,157,143,0.5233333333333333
IMG_0015|r1|n20|b300|HHO-VC,IMG_0015,130026.jpg,1,HHO-VC,20,300,1025604623,4.886137022347136,190,139,200,300,True,0.03736469999421388,8,8,4.886137022347136,nan,nan,0,0,0,nan
IMG_0015|r1|n20|b300|EHHO-VC,IMG_0015,130026.jpg,1,EHHO-VC,20,300,1025604623,4.886138478623411,194,140,204,300,True,0.040735799993854016,10,10,4.886138478623411,0.4972824327919481,0.5214304877993816,0,0,0,nan
IMG_0015|r1|n20|b300|BEHHO-VC-Calibrated,IMG_0015,130026.jpg,1,BEHHO-VC-Calibrated,20,300,1025604623,4.885236647419512,63,254,253,300,True,0.05644499999471009,15,15,4.885236647419512,0.7840555555555554,0.7091666666666666,5,0,0,nan
IMG_0015|r1|n20|b300|BDA-EHHO-VC-Calibrated,IMG_0015,130026.jpg,1,BDA-EHHO-VC-Calibrated,20,300,1025604623,4.885700996081161,59,252,246,300,True,0.03410660004010424,8,8,4.885700996081161,nan,nan,0,75,65,0.5357142857142857
IMG_0015|r1|n20|b600|HHO-VC,IMG_0015,130026.jpg,1,HHO-VC,20,600,1025604623,4.886170820477595,192,140,201,600,True,0.027794499997980893,17,17,4.886170820477595,nan,nan,0,0,0,nan
IMG_0015|r1|n20|b600|EHHO-VC,IMG_0015,130026.jpg,1,EHHO-VC,20,600,1025604623,4.885966093422537,190,140,200,600,True,0.024398900044616312,19,19,4.885966093422537,0.5264145480667478,0.5108464544273368,0,0,0,nan
IMG_0015|r1|n20|b600|BEHHO-VC-Calibrated,IMG_0015,130026.jpg,1,BEHHO-VC-Calibrated,20,600,1025604623,4.885298886972266,11,166,253,600,True,0.04986339999595657,30,30,4.885298886972266,0.8655833333333334,0.8079166666666667,2,0,0,nan
IMG_0015|r1|n20|b600|BDA-EHHO-VC-Calibrated,IMG_0015,130026.jpg,1,BDA-EHHO-VC-Calibrated,20,600,1025604623,4.88538137367465,78,140,249,600,True,0.04496090003522113,15,15,4.88538137367465,nan,nan,0,151,149,0.5033333333333333
IMG_0015|r1|n30|b300|HHO-VC,IMG_0015,130026.jpg,1,HHO-VC,30,300,1025604623,4.8850803968228105,75,255,255,300,True,0.010912699974142015,6,6,4.8850803968228105,nan,nan,0,0,0,nan
IMG_0015|r1|n30|b300|EHHO-VC,IMG_0015,130026.jpg,1,EHHO-VC,30,300,1025604623,4.8850803968228105,75,255,255,300,True,0.01577739999629557,7,7,4.8850803968228105,0.5175618564499803,0.4979929926287282,0,0,0,nan
IMG_0015|r1|n30|b300|BEHHO-VC-Calibrated,IMG_0015,130026.jpg,1,BEHHO-VC-Calibrated,30,300,1025604623,4.885559632434517,87,78,255,300,True,0.027558900008443743,10,10,4.885559632434517,0.9188148148148148,0.8722222222222221,0,0,0,nan
IMG_0015|r1|n30|b300|BDA-EHHO-VC-Calibrated,IMG_0015,130026.jpg,1,BDA-EHHO-VC-Calibrated,30,300,1025604623,4.885358935052898,64,12,235,300,True,0.023758399998769164,5,5,4.885358935052898,nan,nan,0,71,79,0.47333333333333333
IMG_0015|r1|n30|b600|HHO-VC,IMG_0015,130026.jpg,1,HHO-VC,30,600,1025604623,4.885136068438949,84,255,255,600,True,0.023102000006474555,11,11,4.885136068438949,nan,nan,0,0,0,nan
IMG_0015|r1|n30|b600|EHHO-VC,IMG_0015,130026.jpg,1,EHHO-VC,30,600,1025604623,4.885136068438949,84,255,255,600,True,0.02353219996439293,13,13,4.885136068438949,0.5148166938127241,0.40000694983603413,0,0,0,nan
IMG_0015|r1|n30|b600|BEHHO-VC-Calibrated,IMG_0015,130026.jpg,1,BEHHO-VC-Calibrated,30,600,1025604623,4.885122953911695,43,141,255,600,True,0.053616899996995926,20,20,4.885122953911695,0.9177777777777776,0.9024074074074074,0,0,0,nan
IMG_0015|r1|n30|b600|BDA-EHHO-VC-Calibrated,IMG_0015,130026.jpg,1,BDA-EHHO-VC-Calibrated,30,600,1025604623,4.885249620395151,43,158,250,600,True,0.0465288000414148,10,10,4.885249620395151,nan,nan,0,159,141,0.53
IMG_0015|r2|n10|b300|HHO-VC,IMG_0015,130026.jpg,2,HHO-VC,10,300,1455235506,4.885783278457054,164,45,228,300,True,6.075347999983933,17,17,4.885783278457054,nan,nan,0,0,0,nan
IMG_0015|r2|n10|b300|EHHO-VC,IMG_0015,130026.jpg,2,EHHO-VC,10,300,1455235506,4.88483270457794,85,11,105,300,True,3.2546557000023313,19,19,4.88483270457794,0.32350448465970616,0.1864734817081017,0,0,0,nan
IMG_0015|r2|n10|b300|BEHHO-VC-Calibrated,IMG_0015,130026.jpg,2,BEHHO-VC-Calibrated,10,300,1455235506,4.885224270314608,16,43,219,300,True,5.2818026000168175,30,30,4.885224270314608,0.8524999999999999,0.8566666666666668,0,0,0,nan
IMG_0015|r2|n10|b300|BDA-EHHO-VC-Calibrated,IMG_0015,130026.jpg,2,BDA-EHHO-VC-Calibrated,10,300,1455235506,4.8848895780266055,193,65,105,300,True,1.7123143000062555,15,15,4.8848895780266055,nan,nan,0,78,72,0.52
IMG_0015|r2|n10|b600|HHO-VC,IMG_0015,130026.jpg,2,HHO-VC,10,600,1455235506,4.885150543026781,25,6,34,600,True,0.33577190001960844,33,33,4.885150543026781,nan,nan,0,0,0,nan
IMG_0015|r2|n10|b600|EHHO-VC,IMG_0015,130026.jpg,2,EHHO-VC,10,600,1455235506,4.884937009585054,197,55,226,600,True,0.7031017999979667,39,39,4.884937009585054,0.46655025657510263,0.42610897342608284,0,0,0,nan
IMG_0015|r2|n10|b600|BEHHO-VC-Calibrated,IMG_0015,130026.jpg,2,BEHHO-VC-Calibrated,10,600,1455235506,4.885453858741079,42,31,102,600,True,1.3004338999744505,60,60,4.885453858741079,0.8541944444444443,0.7433333333333332,0,0,0,nan
IMG_0015|r2|n10|b600|BDA-EHHO-VC-Calibrated,IMG_0015,130026.jpg,2,BDA-EHHO-VC-Calibrated,10,600,1455235506,4.884135816330211,193,6,107,600,True,0.13879890000680462,30,30,4.884135816330211,nan,nan,0,156,144,0.52
IMG_0015|r2|n20|b300|HHO-VC,IMG_0015,130026.jpg,2,HHO-VC,20,300,1455235506,4.8855804357132975,166,50,228,300,True,0.011336600000504404,8,8,4.8855804357132975,nan,nan,0,0,0,nan
IMG_0015|r2|n20|b300|EHHO-VC,IMG_0015,130026.jpg,2,EHHO-VC,20,300,1455235506,4.885314046258092,57,8,85,300,True,0.0386457999702543,10,10,4.885314046258092,0.25896619059851356,0.23678282820522858,0,0,0,nan
IMG_0015|r2|n20|b300|BEHHO-VC-Calibrated,IMG_0015,130026.jpg,2,BEHHO-VC-Calibrated,20,300,1455235506,4.885260994741109,2,8,84,300,True,0.11589320003986359,15,15,4.885260994741109,0.8851666666666665,0.8945833333333333,0,0,0,nan
IMG_0015|r2|n20|b300|BDA-EHHO-VC-Calibrated,IMG_0015,130026.jpg,2,BDA-EHHO-VC-Calibrated,20,300,1455235506,4.885653625381015,5,61,153,300,True,0.07278549997135997,8,8,4.885653625381015,nan,nan,0,75,65,0.5357142857142857
IMG_0015|r2|n20|b600|HHO-VC,IMG_0015,130026.jpg,2,HHO-VC,20,600,1455235506,4.884854164509947,77,11,104,600,True,0.021463499986566603,16,16,4.884854164509947,nan,nan,0,0,0,nan
IMG_0015|r2|n20|b600|EHHO-VC,IMG_0015,130026.jpg,2,EHHO-VC,20,600,1455235506,4.884854164509947,77,11,104,600,True,0.04883659997722134,20,20,4.884854164509947,0.257021875706509,0.21216920048572313,0,0,0,nan
IMG_0015|r2|n20|b600|BEHHO-VC-Calibrated,IMG_0015,130026.jpg,2,BEHHO-VC-Calibrated,20,600,1455235506,4.8850367010069595,2,11,120,600,True,0.10040619998471811,30,30,4.8850367010069595,0.8685416666666665,0.8645833333333334,0,0,0,nan
IMG_0015|r2|n20|b600|BDA-EHHO-VC-Calibrated,IMG_0015,130026.jpg,2,BDA-EHHO-VC-Calibrated,20,600,1455235506,4.884879318934253,203,18,104,600,True,0.09095979999983683,15,15,4.884879318934253,nan,nan,0,147,153,0.49
IMG_0015|r2|n30|b300|HHO-VC,IMG_0015,130026.jpg,2,HHO-VC,30,300,1455235506,4.884622153246315,55,6,79,300,True,0.014760799997020513,5,5,4.884622153246315,nan,nan,0,0,0,nan
IMG_0015|r2|n30|b300|EHHO-VC,IMG_0015,130026.jpg,2,EHHO-VC,30,300,1455235506,4.885366936274585,2,6,21,300,True,0.015915700001642108,6,6,4.885366936274585,0.46816421082604326,0.4973503696771928,0,0,0,nan
IMG_0015|r2|n30|b300|BEHHO-VC-Calibrated,IMG_0015,130026.jpg,2,BEHHO-VC-Calibrated,30,300,1455235506,4.885222827343071,2,12,101,300,True,0.03067939996253699,10,10,4.885222827343071,0.921,0.9274074074074073,0,0,0,nan
IMG_0015|r2|n30|b300|BDA-EHHO-VC-Calibrated,IMG_0015,130026.jpg,2,BDA-EHHO-VC-Calibrated,30,300,1455235506,4.8848972207928805,216,33,105,300,True,0.022144799993839115,5,5,4.8848972207928805,nan,nan,0,68,82,0.4533333333333333
IMG_0015|r2|n30|b600|HHO-VC,IMG_0015,130026.jpg,2,HHO-VC,30,600,1455235506,4.885038770893693,58,55,108,600,True,0.02205199998570606,11,11,4.885038770893693,nan,nan,0,0,0,nan
IMG_0015|r2|n30|b600|EHHO-VC,IMG_0015,130026.jpg,2,EHHO-VC,30,600,1455235506,4.884429381306024,34,6,77,600,True,0.02152039995416999,13,13,4.884429381306024,0.253946602585727,0.12875844401650074,0,0,0,nan
IMG_0015|r2|n30|b600|BEHHO-VC-Calibrated,IMG_0015,130026.jpg,2,BEHHO-VC-Calibrated,30,600,1455235506,4.884486041975895,2,6,64,600,True,0.04606650001369417,20,20,4.884486041975895,0.7262037037037038,0.6066666666666668,8,0,0,nan
IMG_0015|r2|n30|b600|BDA-EHHO-VC-Calibrated,IMG_0015,130026.jpg,2,BDA-EHHO-VC-Calibrated,30,600,1455235506,4.885271148208997,5,65,242,600,True,0.04437840002356097,10,10,4.885463836430066,nan,nan,0,130,170,0.43333333333333335
IMG_0015|r3|n10|b300|HHO-VC,IMG_0015,130026.jpg,3,HHO-VC,10,300,2042515570,4.887393243953142,178,243,136,300,True,5.930605999950785,15,15,4.887393243953142,nan,nan,0,0,0,nan
IMG_0015|r3|n10|b300|EHHO-VC,IMG_0015,130026.jpg,3,EHHO-VC,10,300,2042515570,4.887414747752852,177,240,140,300,True,3.373021500010509,18,18,4.887414747752852,0.5333637965205373,0.5938603209126826,0,0,0,nan
IMG_0015|r3|n10|b300|BEHHO-VC-Calibrated,IMG_0015,130026.jpg,3,BEHHO-VC-Calibrated,10,300,2042515570,4.88620369512737,228,217,131,300,True,5.600725499971304,30,30,4.88620369512737,0.8176666666666667,0.91,4,0,0,nan
IMG_0015|r3|n10|b300|BDA-EHHO-VC-Calibrated,IMG_0015,130026.jpg,3,BDA-EHHO-VC-Calibrated,10,300,2042515570,4.886409736510481,207,242,139,300,True,1.612444200029131,15,15,4.886409736510481,nan,nan,0,68,82,0.4533333333333333
IMG_0015|r3|n10|b600|HHO-VC,IMG_0015,130026.jpg,3,HHO-VC,10,600,2042515570,4.887340141712351,175,240,133,600,True,1.1547340999823064,32,32,4.887340141712351,nan,nan,0,0,0,nan
IMG_0015|r3|n10|b600|EHHO-VC,IMG_0015,130026.jpg,3,EHHO-VC,10,600,2042515570,4.887234893054271,157,213,125,600,True,0.5764618000248447,37,37,4.887234893054271,0.4774051144838749,0.5432870944224593,0,0,0,nan
IMG_0015|r3|n10|b600|BEHHO-VC-Calibrated,IMG_0015,130026.jpg,3,BEHHO-VC-Calibrated,10,600,2042515570,4.886089286787593,204,197,9,600,True,0.6786466999910772,60,60,4.886089286787593,0.8853611111111113,0.8016666666666667,0,0,0,nan
IMG_0015|r3|n10|b600|BDA-EHHO-VC-Calibrated,IMG_0015,130026.jpg,3,BDA-EHHO-VC-Calibrated,10,600,2042515570,4.886047324512238,221,202,137,600,True,0.09048169996822253,30,30,4.886047324512238,nan,nan,0,147,153,0.49
IMG_0015|r3|n20|b300|HHO-VC,IMG_0015,130026.jpg,3,HHO-VC,20,300,2042515570,4.887263895203033,127,179,134,300,True,0.05871299997670576,8,8,4.887263895203033,nan,nan,0,0,0,nan
IMG_0015|r3|n20|b300|EHHO-VC,IMG_0015,130026.jpg,3,EHHO-VC,20,300,2042515570,4.887249122627527,126,183,133,300,True,0.011824999994132668,9,9,4.887249122627527,0.4520148902564915,0.606457263782363,0,0,0,nan
IMG_0015|r3|n20|b300|BEHHO-VC-Calibrated,IMG_0015,130026.jpg,3,BEHHO-VC-Calibrated,20,300,2042515570,4.885940137423641,223,170,133,300,True,0.05091119999997318,15,15,4.885940137423641,0.8575,0.9274999999999999,2,0,0,nan
IMG_0015|r3|n20|b300|BDA-EHHO-VC-Calibrated,IMG_0015,130026.jpg,3,BDA-EHHO-VC-Calibrated,20,300,2042515570,4.8863063640178055,210,3,78,300,True,0.02245370001764968,8,8,4.8863063640178055,nan,nan,0,72,68,0.5142857142857142
IMG_0015|r3|n20|b600|HHO-VC,IMG_0015,130026.jpg,3,HHO-VC,20,600,2042515570,4.887175743307178,126,180,132,600,True,0.022534299991093576,16,16,4.887175743307178,nan,nan,0,0,0,nan
IMG_0015|r3|n20|b600|EHHO-VC,IMG_0015,130026.jpg,3,EHHO-VC,20,600,2042515570,4.887278629120844,118,171,125,600,True,0.02296449994901195,19,19,4.887278629120844,0.4279940086384098,0.4485821240405685,0,0,0,nan
IMG_0015|r3|n20|b600|BEHHO-VC-Calibrated,IMG_0015,130026.jpg,3,BEHHO-VC-Calibrated,20,600,2042515570,4.886580320851281,251,206,125,600,True,0.046751299989409745,30,30,4.886580320851281,0.7751527777777778,0.6829166666666667,7,0,0,nan
IMG_0015|r3|n20|b600|BDA-EHHO-VC-Calibrated,IMG_0015,130026.jpg,3,BDA-EHHO-VC-Calibrated,20,600,2042515570,4.886167683285592,226,169,71,600,True,0.04863550001755357,15,15,4.886167683285592,nan,nan,0,145,155,0.48333333333333334
IMG_0015|r3|n30|b300|HHO-VC,IMG_0015,130026.jpg,3,HHO-VC,30,300,2042515570,4.887251244662629,116,169,134,300,True,0.011089999985415488,5,5,4.887251244662629,nan,nan,0,0,0,nan
IMG_0015|r3|n30|b300|EHHO-VC,IMG_0015,130026.jpg,3,EHHO-VC,30,300,2042515570,4.8872999520359315,116,170,134,300,True,0.013448699959553778,6,6,4.8872999520359315,0.4449482177045156,0.47336510970851947,0,0,0,nan
IMG_0015|r3|n30|b300|BEHHO-VC-Calibrated,IMG_0015,130026.jpg,3,BEHHO-VC-Calibrated,30,300,2042515570,4.886011419852795,206,197,9,300,True,0.028234700032044202,10,10,4.886011419852795,0.9340555555555557,0.9518518518518517,0,0,0,nan
IMG_0015|r3|n30|b300|BDA-EHHO-VC-Calibrated,IMG_0015,130026.jpg,3,BDA-EHHO-VC-Calibrated,30,300,2042515570,4.886024913656947,235,172,141,300,True,0.021811500017065555,5,5,4.886024913656947,nan,nan,0,81,69,0.54
IMG_0015|r3|n30|b600|HHO-VC,IMG_0015,130026.jpg,3,HHO-VC,30,600,2042515570,4.887122740751095,118,173,136,600,True,0.02828970004338771,11,11,4.887122740751095,nan,nan,0,0,0,nan
IMG_0015|r3|n30|b600|EHHO-VC,IMG_0015,130026.jpg,3,EHHO-VC,30,600,2042515570,4.887188758308742,118,174,137,600,True,0.03899100003764033,13,13,4.887188758308742,0.444768272358382,0.4786322110800217,0,0,0,nan
IMG_0015|r3|n30|b600|BEHHO-VC-Calibrated,IMG_0015,130026.jpg,3,BEHHO-VC-Calibrated,30,600,2042515570,4.886389507918942,254,183,127,600,True,0.07166590000269935,20,20,4.886389507918942,0.9310092592592591,0.9533333333333333,0,0,0,nan
IMG_0015|r3|n30|b600|BDA-EHHO-VC-Calibrated,IMG_0015,130026.jpg,3,BDA-EHHO-VC-Calibrated,30,600,2042515570,4.886316164541507,203,183,79,600,True,0.0465633999556303,10,10,4.886316164541507,nan,nan,0,148,152,0.49333333333333335
IMG_0016|r1|n10|b300|HHO-VC,IMG_0016,134035.jpg,1,HHO-VC,10,300,1290093470,5.0812869428845415,255,255,255,300,True,6.69132990000071,16,16,5.0812869428845415,nan,nan,0,0,0,nan
IMG_0016|r1|n10|b300|EHHO-VC,IMG_0016,134035.jpg,1,EHHO-VC,10,300,1290093470,5.0812869428845415,255,255,255,300,True,3.0301969000138342,19,19,5.0812869428845415,0.5742418427071666,0.6643646766949647,0,0,0,nan
IMG_0016|r1|n10|b300|BEHHO-VC-Calibrated,IMG_0016,134035.jpg,1,BEHHO-VC-Calibrated,10,300,1290093470,5.079699061349092,152,2,8,300,True,4.169253400003072,30,30,5.079699061349092,0.7878888888888887,0.8249999999999998,8,0,0,nan
IMG_0016|r1|n10|b300|BDA-EHHO-VC-Calibrated,IMG_0016,134035.jpg,1,BDA-EHHO-VC-Calibrated,10,300,1290093470,5.079331633195224,198,2,2,300,True,1.7387032000115141,15,15,5.079331633195224,nan,nan,0,73,77,0.4866666666666667
IMG_0016|r1|n10|b600|HHO-VC,IMG_0016,134035.jpg,1,HHO-VC,10,600,1290093470,5.0812869428845415,255,255,255,600,True,1.755892599991057,33,33,5.0812869428845415,nan,nan,0,0,0,nan
IMG_0016|r1|n10|b600|EHHO-VC,IMG_0016,134035.jpg,1,EHHO-VC,10,600,1290093470,5.0812869428845415,255,255,255,600,True,0.8793945999932475,38,38,5.0812869428845415,0.5810317573600904,0.6541776880580523,0,0,0,nan
IMG_0016|r1|n10|b600|BEHHO-VC-Calibrated,IMG_0016,134035.jpg,1,BEHHO-VC-Calibrated,10,600,1290093470,5.079055091530073,160,6,2,600,True,0.7534847999922931,60,60,5.079055091530073,0.8058888888888888,0.7683333333333332,8,0,0,nan
IMG_0016|r1|n10|b600|BDA-EHHO-VC-Calibrated,IMG_0016,134035.jpg,1,BDA-EHHO-VC-Calibrated,10,600,1290093470,5.079008192142797,151,6,2,600,True,0.1493324000039138,30,30,5.079008192142797,nan,nan,0,143,157,0.4766666666666667
IMG_0016|r1|n20|b300|HHO-VC,IMG_0016,134035.jpg,1,HHO-VC,20,300,1290093470,5.079818945772211,182,3,180,300,True,0.03872329997830093,8,8,5.079818945772211,nan,nan,0,0,0,nan
IMG_0016|r1|n20|b300|EHHO-VC,IMG_0016,134035.jpg,1,EHHO-VC,20,300,1290093470,5.080150604280403,106,57,180,300,True,0.06061389995738864,9,9,5.080150604280403,0.3850114674601446,0.3208830499068839,0,0,0,nan
IMG_0016|r1|n20|b300|BEHHO-VC-Calibrated,IMG_0016,134035.jpg,1,BEHHO-VC-Calibrated,20,300,1290093470,5.079757182497729,96,2,2,300,True,0.08207030000630766,15,15,5.079757182497729,0.8605277777777777,0.7899999999999999,0,0,0,nan
IMG_0016|r1|n20|b300|BDA-EHHO-VC-Calibrated,IMG_0016,134035.jpg,1,BDA-EHHO-VC-Calibrated,20,300,1290093470,5.078896633135402,230,6,161,300,True,0.022682400012854487,8,8,5.078896633135402,nan,nan,0,73,67,0.5214285714285715
IMG_0016|r1|n20|b600|HHO-VC,IMG_0016,134035.jpg,1,HHO-VC,20,600,1290093470,5.0798061065231055,16,6,30,600,True,0.03182490001199767,16,16,5.0798061065231055,nan,nan,0,0,0,nan
IMG_0016|r1|n20|b600|EHHO-VC,IMG_0016,134035.jpg,1,EHHO-VC,20,600,1290093470,5.0800070320392505,4,2,2,600,True,0.024476800055708736,19,19,5.0800070320392505,0.32893082173722044,0.00600859835611487,1,0,0,nan
IMG_0016|r1|n20|b600|BEHHO-VC-Calibrated,IMG_0016,134035.jpg,1,BEHHO-VC-Calibrated,20,600,1290093470,5.079551493545707,140,2,2,600,True,0.1029530999949202,30,30,5.079551493545707,0.8295833333333335,0.8775,6,0,0,nan
IMG_0016|r1|n20|b600|BDA-EHHO-VC-Calibrated,IMG_0016,134035.jpg,1,BDA-EHHO-VC-Calibrated,20,600,1290093470,5.078888046503227,132,6,145,600,True,0.06393219996243715,15,15,5.078888046503227,nan,nan,0,149,151,0.49666666666666665
IMG_0016|r1|n30|b300|HHO-VC,IMG_0016,134035.jpg,1,HHO-VC,30,300,1290093470,5.0800070320392505,4,2,2,300,True,0.010787200008053333,5,5,5.0800070320392505,nan,nan,0,0,0,nan
IMG_0016|r1|n30|b300|EHHO-VC,IMG_0016,134035.jpg,1,EHHO-VC,30,300,1290093470,5.0800070320392505,4,2,2,300,True,0.01461449998896569,6,6,5.0800070320392505,0.21611315017526797,0.005791422858840091,2,0,0,nan
IMG_0016|r1|n30|b300|BEHHO-VC-Calibrated,IMG_0016,134035.jpg,1,BEHHO-VC-Calibrated,30,300,1290093470,5.079012704448889,132,6,24,300,True,0.022033199958968908,10,10,5.079012704448889,0.8871851851851853,0.9472222222222223,0,0,0,nan
IMG_0016|r1|n30|b300|BDA-EHHO-VC-Calibrated,IMG_0016,134035.jpg,1,BDA-EHHO-VC-Calibrated,30,300,1290093470,5.079887813083356,113,2,160,300,True,0.02472970000235364,5,5,5.079887813083356,nan,nan,0,73,77,0.4866666666666667
IMG_0016|r1|n30|b600|HHO-VC,IMG_0016,134035.jpg,1,HHO-VC,30,600,1290093470,5.079381311771004,106,2,163,600,True,0.021004099980928004,11,11,5.079381311771004,nan,nan,0,0,0,nan
IMG_0016|r1|n30|b600|EHHO-VC,IMG_0016,134035.jpg,1,EHHO-VC,30,600,1290093470,5.07833760811382,200,6,244,600,True,0.027325600036419928,13,13,5.07833760811382,0.45904999551054987,0.4853928986823811,0,0,0,nan
IMG_0016|r1|n30|b600|BEHHO-VC-Calibrated,IMG_0016,134035.jpg,1,BEHHO-VC-Calibrated,30,600,1290093470,5.078598549192843,178,6,2,600,True,0.06991790002211928,20,20,5.078598549192843,0.8729166666666668,0.9462962962962962,0,0,0,nan
IMG_0016|r1|n30|b600|BDA-EHHO-VC-Calibrated,IMG_0016,134035.jpg,1,BDA-EHHO-VC-Calibrated,30,600,1290093470,5.078896238906011,104,6,33,600,True,0.05597019998822361,10,10,5.078896238906011,nan,nan,0,153,147,0.51
IMG_0016|r2|n10|b300|HHO-VC,IMG_0016,134035.jpg,2,HHO-VC,10,300,627584253,5.0828230964770755,93,93,2,300,True,5.590704900037963,18,18,5.0828230964770755,nan,nan,0,0,0,nan
IMG_0016|r2|n10|b300|EHHO-VC,IMG_0016,134035.jpg,2,EHHO-VC,10,300,627584253,5.082621063270677,103,173,2,300,True,2.5295125999837182,21,21,5.082621063270677,0.3297252356478448,0.3755859279106579,0,0,0,nan
IMG_0016|r2|n10|b300|BEHHO-VC-Calibrated,IMG_0016,134035.jpg,2,BEHHO-VC-Calibrated,10,300,627584253,5.08296854334339,96,2,2,300,True,3.868826900026761,30,30,5.08296854334339,0.5762777777777779,0.48500000000000004,19,0,0,nan
IMG_0016|r2|n10|b300|BDA-EHHO-VC-Calibrated,IMG_0016,134035.jpg,2,BDA-EHHO-VC-Calibrated,10,300,627584253,5.082949634303782,237,64,2,300,True,2.8716630000271834,15,15,5.082949634303782,nan,nan,0,69,81,0.46
IMG_0016|r2|n10|b600|HHO-VC,IMG_0016,134035.jpg,2,HHO-VC,10,600,627584253,5.083529348220772,4,2,2,600,True,0.21573469997383654,34,34,5.083529348220772,nan,nan,0,0,0,nan
IMG_0016|r2|n10|b600|EHHO-VC,IMG_0016,134035.jpg,2,EHHO-VC,10,600,627584253,5.083529348220772,4,2,2,600,True,0.2211881999974139,40,40,5.083529348220772,0.08875657935846737,0.0408670508808854,13,0,0,nan
IMG_0016|r2|n10|b600|BEHHO-VC-Calibrated,IMG_0016,134035.jpg,2,BEHHO-VC-Calibrated,10,600,627584253,5.082922201695252,137,2,2,600,True,2.090003799996339,60,60,5.082922201695252,0.6602499999999999,0.6566666666666666,31,0,0,nan
IMG_0016|r2|n10|b600|BDA-EHHO-VC-Calibrated,IMG_0016,134035.jpg,2,BDA-EHHO-VC-Calibrated,10,600,627584253,5.082945785894689,38,7,2,600,True,0.7818907999899238,30,30,5.082945785894689,nan,nan,0,143,157,0.4766666666666667
IMG_0016|r2|n20|b300|HHO-VC,IMG_0016,134035.jpg,2,HHO-VC,20,300,627584253,5.083440029409187,8,42,2,300,True,0.06176630000118166,9,9,5.083440029409187,nan,nan,0,0,0,nan
IMG_0016|r2|n20|b300|EHHO-VC,IMG_0016,134035.jpg,2,EHHO-VC,20,300,627584253,5.08346469698012,8,33,2,300,True,0.03697319998173043,10,10,5.08346469698012,0.1797685308456848,0.0669092248120334,0,0,0,nan
IMG_0016|r2|n20|b300|BEHHO-VC-Calibrated,IMG_0016,134035.jpg,2,BEHHO-VC-Calibrated,20,300,627584253,5.0828539456239055,144,2,2,300,True,0.3639774999464862,15,15,5.0828539456239055,0.69375,0.6975000000000001,6,0,0,nan
IMG_0016|r2|n20|b300|BDA-EHHO-VC-Calibrated,IMG_0016,134035.jpg,2,BDA-EHHO-VC-Calibrated,20,300,627584253,5.083119516312326,24,2,2,300,True,0.3658110999967903,8,8,5.083119516312326,nan,nan,0,75,65,0.5357142857142857
IMG_0016|r2|n20|b600|HHO-VC,IMG_0016,134035.jpg,2,HHO-VC,20,600,627584253,5.08284927831838,23,49,2,600,True,0.021343600004911423,17,17,5.08284927831838,nan,nan,0,0,0,nan
IMG_0016|r2|n20|b600|EHHO-VC,IMG_0016,134035.jpg,2,EHHO-VC,20,600,627584253,5.083025791425397,23,47,2,600,True,0.024205299967434257,20,20,5.083025791425397,0.15125037268044145,0.12148711434786104,0,0,0,nan
IMG_0016|r2|n20|b600|BEHHO-VC-Calibrated,IMG_0016,134035.jpg,2,BEHHO-VC-Calibrated,20,600,627584253,5.082783467729041,144,4,2,600,True,0.09715380001580343,30,30,5.082783467729041,0.6350416666666666,0.7720833333333333,20,0,0,nan
IMG_0016|r2|n20|b600|BDA-EHHO-VC-Calibrated,IMG_0016,134035.jpg,2,BDA-EHHO-VC-Calibrated,20,600,627584253,5.082611815181321,226,197,2,600,True,0.28888939996249974,15,15,5.082611815181321,nan,nan,0,148,152,0.49333333333333335
IMG_0016|r2|n30|b300|HHO-VC,IMG_0016,134035.jpg,2,HHO-VC,30,300,627584253,5.083128015736556,28,33,2,300,True,0.04431940003996715,6,6,5.083128015736556,nan,nan,0,0,0,nan
IMG_0016|r2|n30|b300|EHHO-VC,IMG_0016,134035.jpg,2,EHHO-VC,30,300,627584253,5.084535960892213,2,2,2,300,True,0.011748099990654737,7,7,5.084535960892213,0.20602525951690595,0.033799877697849666,2,0,0,nan
IMG_0016|r2|n30|b300|BEHHO-VC-Calibrated,IMG_0016,134035.jpg,2,BEHHO-VC-Calibrated,30,300,627584253,5.083291095482989,8,2,2,300,True,0.0498294000281021,10,10,5.083291095482989,0.6358703703703704,0.5096296296296297,7,0,0,nan
IMG_0016|r2|n30|b300|BDA-EHHO-VC-Calibrated,IMG_0016,134035.jpg,2,BDA-EHHO-VC-Calibrated,30,300,627584253,5.0831342217343485,247,138,2,300,True,0.07022239995421842,5,5,5.0831342217343485,nan,nan,0,71,79,0.47333333333333333
IMG_0016|r2|n30|b600|HHO-VC,IMG_0016,134035.jpg,2,HHO-VC,30,600,627584253,5.083231910608024,29,33,2,600,True,0.02281379996566102,11,11,5.083231910608024,nan,nan,0,0,0,nan
IMG_0016|r2|n30|b600|EHHO-VC,IMG_0016,134035.jpg,2,EHHO-VC,30,600,627584253,5.083214783342465,8,7,2,600,True,0.024176100036129355,13,13,5.083214783342465,0.13783635061816313,0.03699758070590649,4,0,0,nan
IMG_0016|r2|n30|b600|BEHHO-VC-Calibrated,IMG_0016,134035.jpg,2,BEHHO-VC-Calibrated,30,600,627584253,5.082472559472204,224,2,2,600,True,0.07489940000232309,20,20,5.082472559472204,0.7471018518518519,0.5522222222222223,6,0,0,nan
IMG_0016|r2|n30|b600|BDA-EHHO-VC-Calibrated,IMG_0016,134035.jpg,2,BDA-EHHO-VC-Calibrated,30,600,627584253,5.083291095482989,8,2,2,600,True,0.04774280003039166,10,10,5.083291095482989,nan,nan,0,142,158,0.47333333333333333
IMG_0016|r3|n10|b300|HHO-VC,IMG_0016,134035.jpg,3,HHO-VC,10,300,1016625838,5.07870381079787,41,240,76,300,True,5.607409099990036,17,17,5.07870381079787,nan,nan,0,0,0,nan
IMG_0016|r3|n10|b300|EHHO-VC,IMG_0016,134035.jpg,3,EHHO-VC,10,300,1016625838,5.07870381079787,41,240,76,300,True,2.1961270999745466,20,20,5.07870381079787,0.36530714550795385,0.24164287843941223,0,0,0,nan
IMG_0016|r3|n10|b300|BEHHO-VC-Calibrated,IMG_0016,134035.jpg,3,BEHHO-VC-Calibrated,10,300,1016625838,5.076935281681121,218,238,27,300,True,6.511154300009366,30,30,5.076935281681121,0.8417777777777778,0.8866666666666666,0,0,0,nan
IMG_0016|r3|n10|b300|BDA-EHHO-VC-Calibrated,IMG_0016,134035.jpg,3,BDA-EHHO-VC-Calibrated,10,300,1016625838,5.077249715801038,235,203,8,300,True,1.8492595999850892,15,15,5.077249715801038,nan,nan,0,71,79,0.47333333333333333
IMG_0016|r3|n10|b600|HHO-VC,IMG_0016,134035.jpg,3,HHO-VC,10,600,1016625838,5.078626214280137,41,239,76,600,True,0.6057053999975324,35,35,5.078626214280137,nan,nan,0,0,0,nan
IMG_0016|r3|n10|b600|EHHO-VC,IMG_0016,134035.jpg,3,EHHO-VC,10,600,1016625838,5.078539095776655,41,235,76,600,True,0.24519809999037534,39,39,5.078539095776655,0.3713740302458495,0.22029892686796576,0,0,0,nan
IMG_0016|r3|n10|b600|BEHHO-VC-Calibrated,IMG_0016,134035.jpg,3,BEHHO-VC-Calibrated,10,600,1016625838,5.077359436103577,233,198,37,600,True,0.9348969999700785,60,60,5.077359436103577,0.7951111111111112,0.7733333333333333,7,0,0,nan
IMG_0016|r3|n10|b600|BDA-EHHO-VC-Calibrated,IMG_0016,134035.jpg,3,BDA-EHHO-VC-Calibrated,10,600,1016625838,5.07743803198778,222,223,28,600,True,0.774064700002782,30,30,5.07743803198778,nan,nan,0,155,145,0.5166666666666667
IMG_0016|r3|n20|b300|HHO-VC,IMG_0016,134035.jpg,3,HHO-VC,20,300,1016625838,5.077855063027374,217,163,136,300,True,0.2120050000376068,9,9,5.077855063027374,nan,nan,0,0,0,nan
IMG_0016|r3|n20|b300|EHHO-VC,IMG_0016,134035.jpg,3,EHHO-VC,20,300,1016625838,5.077683552382733,237,175,136,300,True,0.14424059999873862,10,10,5.077683552382733,0.5049247971110236,0.580708012225003,0,0,0,nan
IMG_0016|r3|n20|b300|BEHHO-VC-Calibrated,IMG_0016,134035.jpg,3,BEHHO-VC-Calibrated,20,300,1016625838,5.0775669060684425,215,239,19,300,True,0.3584721999941394,15,15,5.0775669060684425,0.8915833333333334,0.8979166666666667,0,0,0,nan
IMG_0016|r3|n20|b300|BDA-EHHO-VC-Calibrated,IMG_0016,134035.jpg,3,BDA-EHHO-VC-Calibrated,20,300,1016625838,5.077221902839576,237,252,53,300,True,0.07376290002139285,8,8,5.077221902839576,nan,nan,0,72,68,0.5142857142857142
IMG_0016|r3|n20|b600|HHO-VC,IMG_0016,134035.jpg,3,HHO-VC,20,600,1016625838,5.077801229129525,255,191,159,600,True,0.07060189999174327,18,18,5.077801229129525,nan,nan,0,0,0,nan
IMG_0016|r3|n20|b600|EHHO-VC,IMG_0016,134035.jpg,3,EHHO-VC,20,600,1016625838,5.07791112805564,214,165,136,600,True,0.02697690000059083,20,20,5.07791112805564,0.5103372312040594,0.4267884957000664,0,0,0,nan
IMG_0016|r3|n20|b600|BEHHO-VC-Calibrated,IMG_0016,134035.jpg,3,BEHHO-VC-Calibrated,20,600,1016625838,5.077136314554001,229,239,61,600,True,0.04843520000576973,30,30,5.077136314554001,0.895611111111111,0.9220833333333335,0,0,0,nan
IMG_0016|r3|n20|b600|BDA-EHHO-VC-Calibrated,IMG_0016,134035.jpg,3,BDA-EHHO-VC-Calibrated,20,600,1016625838,5.076474676254127,236,239,39,600,True,0.04589820001274347,15,15,5.076976093155782,nan,nan,0,153,147,0.51
IMG_0016|r3|n30|b300|HHO-VC,IMG_0016,134035.jpg,3,HHO-VC,30,300,1016625838,5.078244774913141,238,152,160,300,True,0.010573600011412054,6,6,5.078244774913141,nan,nan,0,0,0,nan
IMG_0016|r3|n30|b300|EHHO-VC,IMG_0016,134035.jpg,3,EHHO-VC,30,300,1016625838,5.077769959146515,255,217,158,300,True,0.016410000040195882,7,7,5.077769959146515,0.44681294809332,0.39997302482124575,0,0,0,nan
IMG_0016|r3|n30|b300|BEHHO-VC-Calibrated,IMG_0016,134035.jpg,3,BEHHO-VC-Calibrated,30,300,1016625838,5.077602423949522,234,36,62,300,True,0.03188389999559149,10,10,5.077602423949522,0.9234074074074075,0.9072222222222223,0,0,0,nan
IMG_0016|r3|n30|b300|BDA-EHHO-VC-Calibrated,IMG_0016,134035.jpg,3,BDA-EHHO-VC-Calibrated,30,300,1016625838,5.077204876377006,246,219,39,300,True,0.024731599958613515,5,5,5.077204876377006,nan,nan,0,71,79,0.47333333333333333
IMG_0016|r3|n30|b600|HHO-VC,IMG_0016,134035.jpg,3,HHO-VC,30,600,1016625838,5.077731361234345,235,164,165,600,True,0.021316899976227432,12,12,5.077731361234345,nan,nan,0,0,0,nan
IMG_0016|r3|n30|b600|EHHO-VC,IMG_0016,134035.jpg,3,EHHO-VC,30,600,1016625838,5.077800322310444,237,165,166,600,True,0.03013289999216795,13,13,5.077800322310444,0.5166132691743713,0.5446917961628819,0,0,0,nan
IMG_0016|r3|n30|b600|BEHHO-VC-Calibrated,IMG_0016,134035.jpg,3,BEHHO-VC-Calibrated,30,600,1016625838,5.077206303532708,234,182,42,600,True,0.04675949999364093,20,20,5.077206303532708,0.9226759259259261,0.9290740740740739,0,0,0,nan
IMG_0016|r3|n30|b600|BDA-EHHO-VC-Calibrated,IMG_0016,134035.jpg,3,BDA-EHHO-VC-Calibrated,30,600,1016625838,5.0775225178006425,220,199,42,600,True,0.048933800018858165,10,10,5.077599867015955,nan,nan,0,152,148,0.5066666666666667
IMG_0021|r1|n10|b300|HHO-VC,IMG_0021,148026.jpg,1,HHO-VC,10,300,1264570795,4.56554527771546,3,38,14,300,True,3.0648486000136472,17,17,4.56554527771546,nan,nan,0,0,0,nan
IMG_0021|r1|n10|b300|EHHO-VC,IMG_0021,148026.jpg,1,EHHO-VC,10,300,1264570795,4.565191610269396,3,41,14,300,True,0.49776290002046153,19,19,4.565191610269396,0.11893308172624256,0.11692258362618786,0,0,0,nan
IMG_0021|r1|n10|b300|BEHHO-VC-Calibrated,IMG_0021,148026.jpg,1,BEHHO-VC-Calibrated,10,300,1264570795,4.566468719376651,2,2,4,300,True,8.141296600049827,30,30,4.566468719376651,0.8193888888888888,0.7983333333333333,1,0,0,nan
IMG_0021|r1|n10|b300|BDA-EHHO-VC-Calibrated,IMG_0021,148026.jpg,1,BDA-EHHO-VC-Calibrated,10,300,1264570795,4.567487962438743,47,65,48,300,True,3.2752236999804154,15,15,4.567487962438743,nan,nan,0,92,58,0.6133333333333333
IMG_0021|r1|n10|b600|HHO-VC,IMG_0021,148026.jpg,1,HHO-VC,10,600,1264570795,4.565393820471947,3,38,13,600,True,0.19568249996518716,36,36,4.565393820471947,nan,nan,0,0,0,nan
IMG_0021|r1|n10|b600|EHHO-VC,IMG_0021,148026.jpg,1,EHHO-VC,10,600,1264570795,4.564850772299471,3,30,5,600,True,0.05091109999921173,41,41,4.564850772299471,0.07851074688027963,0.057162349833638784,0,0,0,nan
IMG_0021|r1|n10|b600|BEHHO-VC-Calibrated,IMG_0021,148026.jpg,1,BEHHO-VC-Calibrated,10,600,1264570795,4.565578789018814,2,96,4,600,True,2.6338887000456452,60,60,4.565578789018814,0.795277777777778,0.835,13,0,0,nan
IMG_0021|r1|n10|b600|BDA-EHHO-VC-Calibrated,IMG_0021,148026.jpg,1,BDA-EHHO-VC-Calibrated,10,600,1264570795,4.565329807034356,3,64,37,600,True,0.7141076999832876,30,30,4.565329807034356,nan,nan,0,159,141,0.53
IMG_0021|r1|n20|b300|HHO-VC,IMG_0021,148026.jpg,1,HHO-VC,20,300,1264570795,4.5665534526133165,3,80,3,300,True,0.049265499983448535,9,9,4.5665534526133165,nan,nan,0,0,0,nan
IMG_0021|r1|n20|b300|EHHO-VC,IMG_0021,148026.jpg,1,EHHO-VC,20,300,1264570795,4.564250497042362,3,65,4,300,True,0.03985820000525564,10,10,4.564250497042362,0.20830664942432658,0.13120422023115944,0,0,0,nan
IMG_0021|r1|n20|b300|BEHHO-VC-Calibrated,IMG_0021,148026.jpg,1,BEHHO-VC-Calibrated,20,300,1264570795,4.5655972887704825,2,92,4,300,True,0.37987649999558926,15,15,4.5655972887704825,0.8708055555555555,0.8420833333333334,1,0,0,nan
IMG_0021|r1|n20|b300|BDA-EHHO-VC-Calibrated,IMG_0021,148026.jpg,1,BDA-EHHO-VC-Calibrated,20,300,1264570795,4.566890990143967,2,98,2,300,True,0.10156630002893507,8,8,4.566890990143967,nan,nan,0,62,78,0.44285714285714284
IMG_0021|r1|n20|b600|HHO-VC,IMG_0021,148026.jpg,1,HHO-VC,20,600,1264570795,4.564907705654606,3,41,7,600,True,0.027278400026261806,18,18,4.564907705654606,nan,nan,0,0,0,nan
IMG_0021|r1|n20|b600|EHHO-VC,IMG_0021,148026.jpg,1,EHHO-VC,20,600,1264570795,4.564267251736983,3,30,4,600,True,0.02479329996276647,21,21,4.564267251736983,0.0935846959928733,0.052776903054986946,0,0,0,nan
IMG_0021|r1|n20|b600|BEHHO-VC-Calibrated,IMG_0021,148026.jpg,1,BEHHO-VC-Calibrated,20,600,1264570795,4.565267297694267,2,72,4,600,True,0.17936559999361634,30,30,4.565267297694267,0.7873888888888889,0.8916666666666666,5,0,0,nan
IMG_0021|r1|n20|b600|BDA-EHHO-VC-Calibrated,IMG_0021,148026.jpg,1,BDA-EHHO-VC-Calibrated,20,600,1264570795,4.565531662540875,2,128,4,600,True,0.10949410003377125,15,15,4.565531662540875,nan,nan,0,144,156,0.48
IMG_0021|r1|n30|b300|HHO-VC,IMG_0021,148026.jpg,1,HHO-VC,30,300,1264570795,4.566496496702427,3,32,3,300,True,0.012132600008044392,6,6,4.566496496702427,nan,nan,0,0,0,nan
IMG_0021|r1|n30|b300|EHHO-VC,IMG_0021,148026.jpg,1,EHHO-VC,30,300,1264570795,4.5651325985000195,3,4,4,300,True,0.011824999994132668,7,7,4.5651325985000195,0.20143395336003153,0.008657964131496932,0,0,0,nan
IMG_0021|r1|n30|b300|BEHHO-VC-Calibrated,IMG_0021,148026.jpg,1,BEHHO-VC-Calibrated,30,300,1264570795,4.565835655873604,3,40,14,300,True,0.10066950001055375,10,10,4.565835655873604,0.8954074074074073,0.8862962962962962,0,0,0,nan
IMG_0021|r1|n30|b300|BDA-EHHO-VC-Calibrated,IMG_0021,148026.jpg,1,BDA-EHHO-VC-Calibrated,30,300,1264570795,4.566328089565932,2,73,58,300,True,0.024203800014220178,5,5,4.566328089565932,nan,nan,0,70,80,0.4666666666666667
IMG_0021|r1|n30|b600|HHO-VC,IMG_0021,148026.jpg,1,HHO-VC,30,600,1264570795,4.566143501174835,3,41,3,600,True,0.029096499958541244,12,12,4.566143501174835,nan,nan,0,0,0,nan
IMG_0021|r1|n30|b600|EHHO-VC,IMG_0021,148026.jpg,1,EHHO-VC,30,600,1264570795,4.566251446611243,3,30,3,600,True,0.022900600044522434,14,14,4.566251446611243,0.1090125116818,0.05535682288302112,0,0,0,nan
IMG_0021|r1|n30|b600|BEHHO-VC-Calibrated,IMG_0021,148026.jpg,1,BEHHO-VC-Calibrated,30,600,1264570795,4.565108024237559,2,98,4,600,True,0.07116089999908581,20,20,4.565108024237559,0.8398611111111112,0.8144444444444444,1,0,0,nan
IMG_0021|r1|n30|b600|BDA-EHHO-VC-Calibrated,IMG_0021,148026.jpg,1,BDA-EHHO-VC-Calibrated,30,600,1264570795,4.56655006058891,2,97,27,600,True,0.06805589998839423,10,10,4.56655006058891,nan,nan,0,149,151,0.49666666666666665
IMG_0021|r2|n10|b300|HHO-VC,IMG_0021,148026.jpg,2,HHO-VC,10,300,1178661521,4.563860460116104,66,44,103,300,True,4.798399599967524,17,17,4.563860460116104,nan,nan,0,0,0,nan
IMG_0021|r2|n10|b300|EHHO-VC,IMG_0021,148026.jpg,2,EHHO-VC,10,300,1178661521,4.563537276488461,39,26,62,300,True,1.0837819000007585,20,20,4.563537276488461,0.17477294512262823,0.09485112788768872,0,0,0,nan
IMG_0021|r2|n10|b300|BEHHO-VC-Calibrated,IMG_0021,148026.jpg,2,BEHHO-VC-Calibrated,10,300,1178661521,4.563120016113168,53,117,62,300,True,7.131760300020687,30,30,4.563120016113168,0.8546666666666667,0.7999999999999999,0,0,0,nan
IMG_0021|r2|n10|b300|BDA-EHHO-VC-Calibrated,IMG_0021,148026.jpg,2,BDA-EHHO-VC-Calibrated,10,300,1178661521,4.563296732416693,42,116,62,300,True,2.2189858999918215,15,15,4.563296732416693,nan,nan,0,61,89,0.4066666666666667
IMG_0021|r2|n10|b600|HHO-VC,IMG_0021,148026.jpg,2,HHO-VC,10,600,1178661521,4.563523980210504,72,47,117,600,True,0.6445581000298262,33,33,4.563523980210504,nan,nan,0,0,0,nan
IMG_0021|r2|n10|b600|EHHO-VC,IMG_0021,148026.jpg,2,EHHO-VC,10,600,1178661521,4.563523980210504,72,47,117,600,True,0.0972745000035502,39,39,4.563523980210504,0.18486050793250508,0.24011803429224163,0,0,0,nan
IMG_0021|r2|n10|b600|BEHHO-VC-Calibrated,IMG_0021,148026.jpg,2,BEHHO-VC-Calibrated,10,600,1178661521,4.562492810694996,73,96,72,600,True,1.5409280000021681,60,60,4.562492810694996,0.8394999999999998,0.8383333333333333,3,0,0,nan
IMG_0021|r2|n10|b600|BDA-EHHO-VC-Calibrated,IMG_0021,148026.jpg,2,BDA-EHHO-VC-Calibrated,10,600,1178661521,4.5635922794886,55,35,110,600,True,0.7729393999907188,30,30,4.5635922794886,nan,nan,0,145,155,0.48333333333333334
IMG_0021|r2|n20|b300|HHO-VC,IMG_0021,148026.jpg,2,HHO-VC,20,300,1178661521,4.562889403469359,48,105,159,300,True,0.11360390001209453,9,9,4.562889403469359,nan,nan,0,0,0,nan
IMG_0021|r2|n20|b300|EHHO-VC,IMG_0021,148026.jpg,2,EHHO-VC,20,300,1178661521,4.562819349724715,44,105,132,300,True,0.13629059999948367,10,10,4.562819349724715,0.3387277090947303,0.30466739936694176,0,0,0,nan
IMG_0021|r2|n20|b300|BEHHO-VC-Calibrated,IMG_0021,148026.jpg,2,BEHHO-VC-Calibrated,20,300,1178661521,4.563007021025421,32,44,62,300,True,0.2785970999975689,15,15,4.563007021025421,0.8479722222222225,0.8354166666666667,0,0,0,nan
IMG_0021|r2|n20|b300|BDA-EHHO-VC-Calibrated,IMG_0021,148026.jpg,2,BDA-EHHO-VC-Calibrated,20,300,1178661521,4.562977439084075,72,74,66,300,True,0.05537089996505529,8,8,4.562977439084075,nan,nan,0,64,76,0.45714285714285713
IMG_0021|r2|n20|b600|HHO-VC,IMG_0021,148026.jpg,2,HHO-VC,20,600,1178661521,4.562657636158241,43,96,141,600,True,0.021680900012142956,17,17,4.562657636158241,nan,nan,0,0,0,nan
IMG_0021|r2|n20|b600|EHHO-VC,IMG_0021,148026.jpg,2,EHHO-VC,20,600,1178661521,4.562659396035511,43,96,140,600,True,0.022470199968665838,20,20,4.562659396035511,0.35331455106086335,0.2788310711467056,0,0,0,nan
IMG_0021|r2|n20|b600|BEHHO-VC-Calibrated,IMG_0021,148026.jpg,2,BEHHO-VC-Calibrated,20,600,1178661521,4.563007021025421,32,44,62,600,True,0.04586000001290813,30,30,4.563007021025421,0.849486111111111,0.8966666666666666,0,0,0,nan
IMG_0021|r2|n20|b600|BDA-EHHO-VC-Calibrated,IMG_0021,148026.jpg,2,BDA-EHHO-VC-Calibrated,20,600,1178661521,4.562918198653798,28,44,68,600,True,0.094407600001432,15,15,4.562918198653798,nan,nan,0,164,136,0.5466666666666666
IMG_0021|r2|n30|b300|HHO-VC,IMG_0021,148026.jpg,2,HHO-VC,30,300,1178661521,4.562805474450177,48,105,160,300,True,0.010926100017968565,6,6,4.562805474450177,nan,nan,0,0,0,nan
IMG_0021|r2|n30|b300|EHHO-VC,IMG_0021,148026.jpg,2,EHHO-VC,30,300,1178661521,4.562805474450177,48,105,160,300,True,0.011888700013514608,7,7,4.562805474450177,0.3680239507548225,0.319058357402707,0,0,0,nan
IMG_0021|r2|n30|b300|BEHHO-VC-Calibrated,IMG_0021,148026.jpg,2,BEHHO-VC-Calibrated,30,300,1178661521,4.563475859476072,28,44,64,300,True,0.047173500002827495,10,10,4.563475859476072,0.8844444444444445,0.9249999999999999,0,0,0,nan
IMG_0021|r2|n30|b300|BDA-EHHO-VC-Calibrated,IMG_0021,148026.jpg,2,BDA-EHHO-VC-Calibrated,30,300,1178661521,4.56356414169803,24,66,143,300,True,0.021725200000219047,5,5,4.56356414169803,nan,nan,0,64,86,0.4266666666666667
IMG_0021|r2|n30|b600|HHO-VC,IMG_0021,148026.jpg,2,HHO-VC,30,600,1178661521,4.562465099999224,43,105,142,600,True,0.02212019998114556,11,11,4.562465099999224,nan,nan,0,0,0,nan
IMG_0021|r2|n30|b600|EHHO-VC,IMG_0021,148026.jpg,2,EHHO-VC,30,600,1178661521,4.562465099999224,43,105,142,600,True,0.023162400000728667,13,13,4.562465099999224,0.3449700701335249,0.27048906885533996,0,0,0,nan
IMG_0021|r2|n30|b600|BEHHO-VC-Calibrated,IMG_0021,148026.jpg,2,BEHHO-VC-Calibrated,30,600,1178661521,4.562814861345887,72,66,65,600,True,0.04600970004685223,20,20,4.562814861345887,0.9143148148148148,0.9462962962962962,0,0,0,nan
IMG_0021|r2|n30|b600|BDA-EHHO-VC-Calibrated,IMG_0021,148026.jpg,2,BDA-EHHO-VC-Calibrated,30,600,1178661521,4.563414023138464,24,66,77,600,True,0.04556659999070689,10,10,4.563414023138464,nan,nan,0,148,152,0.49333333333333335
IMG_0021|r3|n10|b300|HHO-VC,IMG_0021,148026.jpg,3,HHO-VC,10,300,945734726,4.5621064100582,167,198,3,300,True,5.331623000034597,17,17,4.5621064100582,nan,nan,0,0,0,nan
IMG_0021|r3|n10|b300|EHHO-VC,IMG_0021,148026.jpg,3,EHHO-VC,10,300,945734726,4.562147915835548,168,200,3,300,True,1.6846673000254668,20,20,4.562147915835548,0.3937387656817507,0.47736525122045703,0,0,0,nan
IMG_0021|r3|n10|b300|BEHHO-VC-Calibrated,IMG_0021,148026.jpg,3,BEHHO-VC-Calibrated,10,300,945734726,4.562861424894833,200,8,2,300,True,5.396458700008225,30,30,4.562861424894833,0.7842777777777777,0.6016666666666667,6,0,0,nan
IMG_0021|r3|n10|b300|BDA-EHHO-VC-Calibrated,IMG_0021,148026.jpg,3,BDA-EHHO-VC-Calibrated,10,300,945734726,4.562454523039434,201,220,7,300,True,2.510585199983325,15,15,4.562454523039434,nan,nan,0,82,68,0.5466666666666666
IMG_0021|r3|n10|b600|HHO-VC,IMG_0021,148026.jpg,3,HHO-VC,10,600,945734726,4.562171869130835,158,198,3,600,True,0.9879610000061803,35,35,4.562171869130835,nan,nan,0,0,0,nan
IMG_0021|r3|n10|b600|EHHO-VC,IMG_0021,148026.jpg,3,EHHO-VC,10,600,945734726,4.561885949628127,148,185,3,600,True,0.38416750001488253,41,41,4.561885949628127,0.3845115991460181,0.3645971525402841,0,0,0,nan
IMG_0021|r3|n10|b600|BEHHO-VC-Calibrated,IMG_0021,148026.jpg,3,BEHHO-VC-Calibrated,10,600,945734726,4.562535274394706,201,195,7,600,True,1.7363734999671578,60,60,4.562535274394706,0.831138888888889,0.96,4,0,0,nan
IMG_0021|r3|n10|b600|BDA-EHHO-VC-Calibrated,IMG_0021,148026.jpg,3,BDA-EHHO-VC-Calibrated,10,600,945734726,4.5624068708145336,196,248,3,600,True,0.4713874000008218,30,30,4.5624068708145336,nan,nan,0,157,143,0.5233333333333333
IMG_0021|r3|n20|b300|HHO-VC,IMG_0021,148026.jpg,3,HHO-VC,20,300,945734726,4.563422579996871,27,190,3,300,True,0.09085079998476431,9,9,4.563422579996871,nan,nan,0,0,0,nan
IMG_0021|r3|n20|b300|EHHO-VC,IMG_0021,148026.jpg,3,EHHO-VC,20,300,945734726,4.5638218769242505,9,49,2,300,True,0.01709189999382943,10,10,4.5638218769242505,0.2243422682974383,0.07703665425450305,0,0,0,nan
IMG_0021|r3|n20|b300|BEHHO-VC-Calibrated,IMG_0021,148026.jpg,3,BEHHO-VC-Calibrated,20,300,945734726,4.56292923016099,151,152,2,300,True,0.20893500000238419,15,15,4.56292923016099,0.7976111111111112,0.5004166666666667,3,0,0,nan
IMG_0021|r3|n20|b300|BDA-EHHO-VC-Calibrated,IMG_0021,148026.jpg,3,BDA-EHHO-VC-Calibrated,20,300,945734726,4.562886601535838,128,28,2,300,True,0.07344419998116791,8,8,4.562886601535838,nan,nan,0,82,58,0.5857142857142857
IMG_0021|r3|n20|b600|HHO-VC,IMG_0021,148026.jpg,3,HHO-VC,20,600,945734726,4.5617104081991675,172,198,7,600,True,0.07217649999074638,18,18,4.5617104081991675,nan,nan,0,0,0,nan
IMG_0021|r3|n20|b600|EHHO-VC,IMG_0021,148026.jpg,3,EHHO-VC,20,600,945734726,4.561678468854198,171,198,7,600,True,0.04860849998658523,21,21,4.561678468854198,0.42901951099886676,0.4051420000319498,0,0,0,nan
IMG_0021|r3|n20|b600|BEHHO-VC-Calibrated,IMG_0021,148026.jpg,3,BEHHO-VC-Calibrated,20,600,945734726,4.562581908290331,128,16,2,600,True,0.0945742999901995,30,30,4.562581908290331,0.7012222222222223,0.7216666666666667,13,0,0,nan
IMG_0021|r3|n20|b600|BDA-EHHO-VC-Calibrated,IMG_0021,148026.jpg,3,BDA-EHHO-VC-Calibrated,20,600,945734726,4.562435057575127,128,166,2,600,True,0.04682289995253086,15,15,4.562435057575127,nan,nan,0,146,154,0.4866666666666667
IMG_0021|r3|n30|b300|HHO-VC,IMG_0021,148026.jpg,3,HHO-VC,30,300,945734726,4.56260564633605,190,198,2,300,True,0.01044829998863861,6,6,4.56260564633605,nan,nan,0,0,0,nan
IMG_0021|r3|n30|b300|EHHO-VC,IMG_0021,148026.jpg,3,EHHO-VC,30,300,945734726,4.562596567402482,167,174,2,300,True,0.01504259998910129,7,7,4.562596567402482,0.4243005043818937,0.366425229217936,0,0,0,nan
IMG_0021|r3|n30|b300|BEHHO-VC-Calibrated,IMG_0021,148026.jpg,3,BEHHO-VC-Calibrated,30,300,945734726,4.5628069137019045,128,128,2,300,True,0.0725407000281848,10,10,4.5628069137019045,0.7106481481481481,0.6346296296296297,3,0,0,nan
IMG_0021|r3|n30|b300|BDA-EHHO-VC-Calibrated,IMG_0021,148026.jpg,3,BDA-EHHO-VC-Calibrated,30,300,945734726,4.562101163059709,156,213,7,300,True,0.02316469996003434,5,5,4.562589738216818,nan,nan,0,69,81,0.46
IMG_0021|r3|n30|b600|HHO-VC,IMG_0021,148026.jpg,3,HHO-VC,30,600,945734726,4.562239425289101,181,198,3,600,True,0.021261500020045787,12,12,4.562239425289101,nan,nan,0,0,0,nan
IMG_0021|r3|n30|b600|EHHO-VC,IMG_0021,148026.jpg,3,EHHO-VC,30,600,945734726,4.562238579563992,168,185,2,600,True,0.028707100020255893,14,14,4.562238579563992,0.417352766320203,0.3784201333956834,0,0,0,nan
IMG_0021|r3|n30|b600|BEHHO-VC-Calibrated,IMG_0021,148026.jpg,3,BEHHO-VC-Calibrated,30,600,945734726,4.562581908290331,128,16,2,600,True,0.047367599967401475,20,20,4.562581908290331,0.7028611111111112,0.645,11,0,0,nan
IMG_0021|r3|n30|b600|BDA-EHHO-VC-Calibrated,IMG_0021,148026.jpg,3,BDA-EHHO-VC-Calibrated,30,600,945734726,4.562271566696449,149,172,3,600,True,0.04577020002761856,10,10,4.562271566696449,nan,nan,0,153,147,0.51
IMG_0022|r1|n10|b300|HHO-VC,IMG_0022,148089.jpg,1,HHO-VC,10,300,554561387,4.616360544654394,255,221,16,300,True,5.313662500004284,17,17,4.616360544654394,nan,nan,0,0,0,nan
IMG_0022|r1|n10|b300|EHHO-VC,IMG_0022,148089.jpg,1,EHHO-VC,10,300,554561387,4.6158791240454615,255,240,16,300,True,2.7979191999766044,19,19,4.6158791240454615,0.42416977555887025,0.49353563881137097,0,0,0,nan
IMG_0022|r1|n10|b300|BEHHO-VC-Calibrated,IMG_0022,148089.jpg,1,BEHHO-VC-Calibrated,10,300,554561387,4.615996000872242,246,161,16,300,True,5.775938100006897,30,30,4.615996000872242,0.8555555555555556,0.8033333333333332,0,0,0,nan
IMG_0022|r1|n10|b300|BDA-EHHO-VC-Calibrated,IMG_0022,148089.jpg,1,BDA-EHHO-VC-Calibrated,10,300,554561387,4.616541148364235,92,172,33,300,True,2.010112999996636,15,15,4.616541148364235,nan,nan,0,77,73,0.5133333333333333
IMG_0022|r1|n10|b600|HHO-VC,IMG_0022,148089.jpg,1,HHO-VC,10,600,554561387,4.615326992645643,234,203,16,600,True,0.8171720000100322,35,35,4.615326992645643,nan,nan,0,0,0,nan
IMG_0022|r1|n10|b600|EHHO-VC,IMG_0022,148089.jpg,1,EHHO-VC,10,600,554561387,4.615555725645305,185,168,16,600,True,0.368059300002642,40,40,4.615555725645305,0.4072635343458263,0.45912477086724257,0,0,0,nan
IMG_0022|r1|n10|b600|BEHHO-VC-Calibrated,IMG_0022,148089.jpg,1,BEHHO-VC-Calibrated,10,600,554561387,4.616410080609862,241,158,20,600,True,1.0699590999865904,60,60,4.616410080609862,0.840361111111111,0.8799999999999999,1,0,0,nan
IMG_0022|r1|n10|b600|BDA-EHHO-VC-Calibrated,IMG_0022,148089.jpg,1,BDA-EHHO-VC-Calibrated,10,600,554561387,4.615904572228413,73,164,66,600,True,0.5541237000143155,30,30,4.615904572228413,nan,nan,0,147,153,0.49
IMG_0022|r1|n20|b300|HHO-VC,IMG_0022,148089.jpg,1,HHO-VC,20,300,554561387,4.615496131018046,53,178,16,300,True,0.010955800011288375,9,9,4.615496131018046,nan,nan,0,0,0,nan
IMG_0022|r1|n20|b300|EHHO-VC,IMG_0022,148089.jpg,1,EHHO-VC,20,300,554561387,4.61555761050245,53,177,16,300,True,0.039943500014487654,10,10,4.61555761050245,0.3367100381587752,0.3483288914766644,0,0,0,nan
IMG_0022|r1|n20|b300|BEHHO-VC-Calibrated,IMG_0022,148089.jpg,1,BEHHO-VC-Calibrated,20,300,554561387,4.61607480114013,185,165,70,300,True,0.24850039999000728,15,15,4.61607480114013,0.9149166666666666,0.8937500000000002,0,0,0,nan
IMG_0022|r1|n20|b300|BDA-EHHO-VC-Calibrated,IMG_0022,148089.jpg,1,BDA-EHHO-VC-Calibrated,20,300,554561387,4.6153876664151126,12,172,16,300,True,0.1230387999676168,8,8,4.6153876664151126,nan,nan,0,68,72,0.4857142857142857
IMG_0022|r1|n20|b600|HHO-VC,IMG_0022,148089.jpg,1,HHO-VC,20,600,554561387,4.615635043395196,69,193,19,600,True,0.048549900006037205,18,18,4.615635043395196,nan,nan,0,0,0,nan
IMG_0022|r1|n20|b600|EHHO-VC,IMG_0022,148089.jpg,1,EHHO-VC,20,600,554561387,4.615912008796108,46,140,16,600,True,0.023510699975304306,20,20,4.615912008796108,0.30734372138984045,0.2816068122134103,0,0,0,nan
IMG_0022|r1|n20|b600|BEHHO-VC-Calibrated,IMG_0022,148089.jpg,1,BEHHO-VC-Calibrated,20,600,554561387,4.61607480114013,185,165,70,600,True,0.14428979996591806,30,30,4.61607480114013,0.9033055555555555,0.8920833333333333,0,0,0,nan
IMG_0022|r1|n20|b600|BDA-EHHO-VC-Calibrated,IMG_0022,148089.jpg,1,BDA-EHHO-VC-Calibrated,20,600,554561387,4.615796023046309,224,174,16,600,True,0.10148289997596294,15,15,4.615796023046309,nan,nan,0,141,159,0.47
IMG_0022|r1|n30|b300|HHO-VC,IMG_0022,148089.jpg,1,HHO-VC,30,300,554561387,4.616230117944019,73,182,48,300,True,0.03555679996497929,6,6,4.616230117944019,nan,nan,0,0,0,nan
IMG_0022|r1|n30|b300|EHHO-VC,IMG_0022,148089.jpg,1,EHHO-VC,30,300,554561387,4.616283245800372,53,181,37,300,True,0.013937700015958399,7,7,4.616283245800372,0.3384659168480213,0.30543761278571513,0,0,0,nan
IMG_0022|r1|n30|b300|BEHHO-VC-Calibrated,IMG_0022,148089.jpg,1,BEHHO-VC-Calibrated,30,300,554561387,4.615933089797371,8,144,16,300,True,0.026287299988325685,10,10,4.615933089797371,0.9395555555555557,0.9383333333333335,0,0,0,nan
IMG_0022|r1|n30|b300|BDA-EHHO-VC-Calibrated,IMG_0022,148089.jpg,1,BDA-EHHO-VC-Calibrated,30,300,554561387,4.615871258471826,12,225,16,300,True,0.021341999992728233,5,5,4.615871258471826,nan,nan,0,78,72,0.52
IMG_0022|r1|n30|b600|HHO-VC,IMG_0022,148089.jpg,1,HHO-VC,30,600,554561387,4.61641247952881,23,59,16,600,True,0.025333300000056624,12,12,4.61641247952881,nan,nan,0,0,0,nan
IMG_0022|r1|n30|b600|EHHO-VC,IMG_0022,148089.jpg,1,EHHO-VC,30,600,554561387,4.616498906411766,24,59,16,600,True,0.0271041999803856,14,14,4.616498906411766,0.1816998581666208,0.10636763267293042,0,0,0,nan
IMG_0022|r1|n30|b600|BEHHO-VC-Calibrated,IMG_0022,148089.jpg,1,BEHHO-VC-Calibrated,30,600,554561387,4.615966623799067,72,10,16,600,True,0.0475579000194557,20,20,4.615966623799067,0.8895740740740742,0.9177777777777777,0,0,0,nan
IMG_0022|r1|n30|b600|BDA-EHHO-VC-Calibrated,IMG_0022,148089.jpg,1,BDA-EHHO-VC-Calibrated,30,600,554561387,4.615432952841055,243,156,16,600,True,0.04408089997014031,10,10,4.615432952841055,nan,nan,0,149,151,0.49666666666666665
IMG_0022|r2|n10|b300|HHO-VC,IMG_0022,148089.jpg,2,HHO-VC,10,300,914196805,4.623452680257155,2,2,2,300,True,2.0913878999999724,17,17,4.623452680257155,nan,nan,0,0,0,nan
IMG_0022|r2|n10|b300|EHHO-VC,IMG_0022,148089.jpg,2,EHHO-VC,10,300,914196805,4.623452680257155,2,2,2,300,True,1.0310372000094503,20,20,4.623452680257155,0.1379468854372058,0.07181486204707559,8,0,0,nan
IMG_0022|r2|n10|b300|BEHHO-VC-Calibrated,IMG_0022,148089.jpg,2,BEHHO-VC-Calibrated,10,300,914196805,4.6229081841816635,9,2,2,300,True,5.967341100040358,30,30,4.6229081841816635,0.641277777777778,0.71,19,0,0,nan
IMG_0022|r2|n10|b300|BDA-EHHO-VC-Calibrated,IMG_0022,148089.jpg,2,BDA-EHHO-VC-Calibrated,10,300,914196805,4.624197487351917,2,2,32,300,True,3.6080344999791123,15,15,4.624197487351917,nan,nan,0,73,77,0.4866666666666667
IMG_0022|r2|n10|b600|HHO-VC,IMG_0022,148089.jpg,2,HHO-VC,10,600,914196805,4.623452680257155,2,2,2,600,True,0.19609899999340996,33,33,4.623452680257155,nan,nan,0,0,0,nan
IMG_0022|r2|n10|b600|EHHO-VC,IMG_0022,148089.jpg,2,EHHO-VC,10,600,914196805,4.623452680257155,2,2,2,600,True,0.35890459996880963,40,40,4.623452680257155,0.09304031746350494,0.020666360732760094,21,0,0,nan
IMG_0022|r2|n10|b600|BEHHO-VC-Calibrated,IMG_0022,148089.jpg,2,BEHHO-VC-Calibrated,10,600,914196805,4.6229081841816635,9,2,2,600,True,2.4405360000091605,60,60,4.6229081841816635,0.650888888888889,0.6533333333333334,32,0,0,nan
IMG_0022|r2|n10|b600|BDA-EHHO-VC-Calibrated,IMG_0022,148089.jpg,2,BDA-EHHO-VC-Calibrated,10,600,914196805,4.6243756900959765,2,2,120,600,True,1.7768550000037067,30,30,4.6243756900959765,nan,nan,0,160,140,0.5333333333333333
IMG_0022|r2|n20|b300|HHO-VC,IMG_0022,148089.jpg,2,HHO-VC,20,300,914196805,4.623452680257155,2,2,2,300,True,0.15952359995571896,9,9,4.623452680257155,nan,nan,0,0,0,nan
IMG_0022|r2|n20|b300|EHHO-VC,IMG_0022,148089.jpg,2,EHHO-VC,20,300,914196805,4.623452680257155,2,2,2,300,True,0.012849299993831664,10,10,4.623452680257155,0.1433056760581482,0.0006717941667968282,4,0,0,nan
IMG_0022|r2|n20|b300|BEHHO-VC-Calibrated,IMG_0022,148089.jpg,2,BEHHO-VC-Calibrated,20,300,914196805,4.623452680257155,2,2,2,300,True,0.5268666000338271,15,15,4.623452680257155,0.6039722222222222,0.48375000000000007,9,0,0,nan
IMG_0022|r2|n20|b300|BDA-EHHO-VC-Calibrated,IMG_0022,148089.jpg,2,BDA-EHHO-VC-Calibrated,20,300,914196805,4.6239127573812455,2,103,2,300,True,0.30488780001178384,8,8,4.6239127573812455,nan,nan,0,63,77,0.45
IMG_0022|r2|n20|b600|HHO-VC,IMG_0022,148089.jpg,2,HHO-VC,20,600,914196805,4.623452680257155,2,2,2,600,True,0.023672000039368868,17,17,4.623452680257155,nan,nan,0,0,0,nan
IMG_0022|r2|n20|b600|EHHO-VC,IMG_0022,148089.jpg,2,EHHO-VC,20,600,914196805,4.623284776438314,7,11,8,600,True,0.07760690001305193,19,19,4.623284776438314,0.09905282106648748,0.04268672366098665,8,0,0,nan
IMG_0022|r2|n20|b600|BEHHO-VC-Calibrated,IMG_0022,148089.jpg,2,BEHHO-VC-Calibrated,20,600,914196805,4.6232778262942125,8,2,2,600,True,0.20168760005617514,30,30,4.6232778262942125,0.5660555555555554,0.4312500000000001,22,0,0,nan
IMG_0022|r2|n20|b600|BDA-EHHO-VC-Calibrated,IMG_0022,148089.jpg,2,BDA-EHHO-VC-Calibrated,20,600,914196805,4.6239127573812455,2,103,2,600,True,0.3029380000079982,15,15,4.6239127573812455,nan,nan,0,146,154,0.4866666666666667
IMG_0022|r2|n30|b300|HHO-VC,IMG_0022,148089.jpg,2,HHO-VC,30,300,914196805,4.623452680257155,2,2,2,300,True,0.040457500028423965,6,6,4.623452680257155,nan,nan,0,0,0,nan
IMG_0022|r2|n30|b300|EHHO-VC,IMG_0022,148089.jpg,2,EHHO-VC,30,300,914196805,4.623452680257155,2,2,2,300,True,0.018052400031592697,7,7,4.623452680257155,0.20280904567708186,0.05228175414137302,2,0,0,nan
IMG_0022|r2|n30|b300|BEHHO-VC-Calibrated,IMG_0022,148089.jpg,2,BEHHO-VC-Calibrated,30,300,914196805,4.6232778262942125,8,2,2,300,True,0.024941100040450692,10,10,4.6232778262942125,0.6100185185185185,0.4924074074074074,7,0,0,nan
IMG_0022|r2|n30|b300|BDA-EHHO-VC-Calibrated,IMG_0022,148089.jpg,2,BDA-EHHO-VC-Calibrated,30,300,914196805,4.623789399766038,9,237,117,300,True,0.1631383000058122,5,5,4.624408293149781,nan,nan,0,74,76,0.49333333333333335
IMG_0022|r2|n30|b600|HHO-VC,IMG_0022,148089.jpg,2,HHO-VC,30,600,914196805,4.623452680257155,2,2,2,600,True,0.024260199978016317,11,11,4.623452680257155,nan,nan,0,0,0,nan
IMG_0022|r2|n30|b600|EHHO-VC,IMG_0022,148089.jpg,2,EHHO-VC,30,600,914196805,4.623452680257155,2,2,2,600,True,0.028517399972770363,13,13,4.623452680257155,0.13199166226631578,0.0012580284525325885,3,0,0,nan
IMG_0022|r2|n30|b600|BEHHO-VC-Calibrated,IMG_0022,148089.jpg,2,BEHHO-VC-Calibrated,30,600,914196805,4.6232778262942125,8,2,2,600,True,0.04975569999078289,20,20,4.6232778262942125,0.5122592592592593,0.41203703703703703,17,0,0,nan
IMG_0022|r2|n30|b600|BDA-EHHO-VC-Calibrated,IMG_0022,148089.jpg,2,BDA-EHHO-VC-Calibrated,30,600,914196805,4.623538018175252,64,2,2,600,True,0.06804549996741116,10,10,4.623538018175252,nan,nan,0,132,168,0.44
IMG_0022|r3|n10|b300|HHO-VC,IMG_0022,148089.jpg,3,HHO-VC,10,300,1481330858,4.615022073611623,188,45,152,300,True,6.209847699967213,16,16,4.615022073611623,nan,nan,0,0,0,nan
IMG_0022|r3|n10|b300|EHHO-VC,IMG_0022,148089.jpg,3,EHHO-VC,10,300,1481330858,4.614956929791485,46,12,36,300,True,2.6340181999839842,19,19,4.614956929791485,0.2337284594085758,0.0951602451374555,0,0,0,nan
IMG_0022|r3|n10|b300|BEHHO-VC-Calibrated,IMG_0022,148089.jpg,3,BEHHO-VC-Calibrated,10,300,1481330858,4.614738003985572,221,212,26,300,True,4.408258899988141,30,30,4.614738003985572,0.8343333333333334,0.9083333333333333,3,0,0,nan
IMG_0022|r3|n10|b300|BDA-EHHO-VC-Calibrated,IMG_0022,148089.jpg,3,BDA-EHHO-VC-Calibrated,10,300,1481330858,4.614617145304407,202,166,16,300,True,1.5479134999914095,15,15,4.614617145304407,nan,nan,0,81,69,0.54
IMG_0022|r3|n10|b600|HHO-VC,IMG_0022,148089.jpg,3,HHO-VC,10,600,1481330858,4.614835996517014,187,45,152,600,True,0.7848266999935731,34,34,4.614835996517014,nan,nan,0,0,0,nan
IMG_0022|r3|n10|b600|EHHO-VC,IMG_0022,148089.jpg,3,EHHO-VC,10,600,1481330858,4.615171229065177,34,12,34,600,True,0.29539819998899475,39,39,4.615171229065177,0.2793931738049624,0.08500277148497068,0,0,0,nan
IMG_0022|r3|n10|b600|BEHHO-VC-Calibrated,IMG_0022,148089.jpg,3,BEHHO-VC-Calibrated,10,600,1481330858,4.614520109117041,194,129,16,600,True,1.0343826000462286,60,60,4.614520109117041,0.8197777777777779,0.7666666666666667,5,0,0,nan
IMG_0022|r3|n10|b600|BDA-EHHO-VC-Calibrated,IMG_0022,148089.jpg,3,BDA-EHHO-VC-Calibrated,10,600,1481330858,4.613800634265057,207,177,11,600,True,0.5801138000097126,30,30,4.613800634265057,nan,nan,0,146,154,0.4866666666666667
IMG_0022|r3|n20|b300|HHO-VC,IMG_0022,148089.jpg,3,HHO-VC,20,300,1481330858,4.6139461144303135,35,28,11,300,True,0.03536620002705604,9,9,4.6139461144303135,nan,nan,0,0,0,nan
IMG_0022|r3|n20|b300|EHHO-VC,IMG_0022,148089.jpg,3,EHHO-VC,20,300,1481330858,4.614881157915562,43,45,16,300,True,0.035187500005122274,10,10,4.614881157915562,0.21684777618582526,0.09841766639044322,0,0,0,nan
IMG_0022|r3|n20|b300|BEHHO-VC-Calibrated,IMG_0022,148089.jpg,3,BEHHO-VC-Calibrated,20,300,1481330858,4.61506025288591,32,152,36,300,True,0.1425910000107251,15,15,4.61506025288591,0.8040277777777777,0.7529166666666666,2,0,0,nan
IMG_0022|r3|n20|b300|BDA-EHHO-VC-Calibrated,IMG_0022,148089.jpg,3,BDA-EHHO-VC-Calibrated,20,300,1481330858,4.614066764233935,160,197,20,300,True,0.1196877000038512,8,8,4.614066764233935,nan,nan,0,71,69,0.5071428571428571
IMG_0022|r3|n20|b600|HHO-VC,IMG_0022,148089.jpg,3,HHO-VC,20,600,1481330858,4.61477079015454,20,32,20,600,True,0.022671199985779822,18,18,4.61477079015454,nan,nan,0,0,0,nan
IMG_0022|r3|n20|b600|EHHO-VC,IMG_0022,148089.jpg,3,EHHO-VC,20,600,1481330858,4.61477079015454,20,32,20,600,True,0.029799900017678738,20,20,4.61477079015454,0.10594600719231703,0.08311506426788613,0,0,0,nan
IMG_0022|r3|n20|b600|BEHHO-VC-Calibrated,IMG_0022,148089.jpg,3,BEHHO-VC-Calibrated,20,600,1481330858,4.61506025288591,32,152,36,600,True,0.04953610000666231,30,30,4.61506025288591,0.787361111111111,0.5908333333333333,4,0,0,nan
IMG_0022|r3|n20|b600|BDA-EHHO-VC-Calibrated,IMG_0022,148089.jpg,3,BDA-EHHO-VC-Calibrated,20,600,1481330858,4.6139976762799595,169,148,20,600,True,0.07069149997550994,15,15,4.6139976762799595,nan,nan,0,147,153,0.49
IMG_0022|r3|n30|b300|HHO-VC,IMG_0022,148089.jpg,3,HHO-VC,30,300,1481330858,4.614660293278291,58,54,20,300,True,0.010686199995689094,6,6,4.614660293278291,nan,nan,0,0,0,nan
IMG_0022|r3|n30|b300|EHHO-VC,IMG_0022,148089.jpg,3,EHHO-VC,30,300,1481330858,4.6148660433106405,87,89,20,300,True,0.01212990004569292,7,7,4.6148660433106405,0.2617850347862157,0.18467642624074726,0,0,0,nan
IMG_0022|r3|n30|b300|BEHHO-VC-Calibrated,IMG_0022,148089.jpg,3,BEHHO-VC-Calibrated,30,300,1481330858,4.614262998802235,203,164,25,300,True,0.04977439995855093,10,10,4.614262998802235,0.8822037037037038,0.8653703703703703,0,0,0,nan
IMG_0022|r3|n30|b300|BDA-EHHO-VC-Calibrated,IMG_0022,148089.jpg,3,BDA-EHHO-VC-Calibrated,30,300,1481330858,4.614028730229941,241,210,20,300,True,0.045808900031261146,5,5,4.614282957966315,nan,nan,0,65,85,0.43333333333333335
IMG_0022|r3|n30|b600|HHO-VC,IMG_0022,148089.jpg,3,HHO-VC,30,600,1481330858,4.614170360110635,43,45,11,600,True,0.026902600016910583,12,12,4.614170360110635,nan,nan,0,0,0,nan
IMG_0022|r3|n30|b600|EHHO-VC,IMG_0022,148089.jpg,3,EHHO-VC,30,600,1481330858,4.614170360110635,43,45,11,600,True,0.022648500045761466,14,14,4.614170360110635,0.2199842863372767,0.1292546670900821,0,0,0,nan
IMG_0022|r3|n30|b600|BEHHO-VC-Calibrated,IMG_0022,148089.jpg,3,BEHHO-VC-Calibrated,30,600,1481330858,4.614262998802235,203,164,25,600,True,0.04664239997509867,20,20,4.614262998802235,0.8840833333333334,0.8885185185185186,0,0,0,nan
IMG_0022|r3|n30|b600|BDA-EHHO-VC-Calibrated,IMG_0022,148089.jpg,3,BDA-EHHO-VC-Calibrated,30,600,1481330858,4.614033752136513,231,140,20,600,True,0.05937520001316443,10,10,4.614033752136513,nan,nan,0,153,147,0.51
IMG_0025|r1|n10|b300|HHO-VC,IMG_0025,159008.jpg,1,HHO-VC,10,300,917638230,4.410072573323391,11,68,62,300,True,4.478253900015261,18,18,4.410072573323391,nan,nan,0,0,0,nan
IMG_0025|r1|n10|b300|EHHO-VC,IMG_0025,159008.jpg,1,EHHO-VC,10,300,917638230,4.409740769505491,11,68,60,300,True,1.2389628000091761,20,20,4.409740769505491,0.17617566374531463,0.21276299404866178,0,0,0,nan
IMG_0025|r1|n10|b300|BEHHO-VC-Calibrated,IMG_0025,159008.jpg,1,BEHHO-VC-Calibrated,10,300,917638230,4.410546922412933,65,4,66,300,True,5.8757323999889195,30,30,4.410546922412933,0.7360555555555556,0.5233333333333333,8,0,0,nan
IMG_0025|r1|n10|b300|BDA-EHHO-VC-Calibrated,IMG_0025,159008.jpg,1,BDA-EHHO-VC-Calibrated,10,300,917638230,4.410461055489862,32,66,67,300,True,2.45742320001591,15,15,4.410461055489862,nan,nan,0,64,86,0.4266666666666667
IMG_0025|r1|n10|b600|HHO-VC,IMG_0025,159008.jpg,1,HHO-VC,10,600,917638230,4.410026902183601,11,73,66,600,True,0.31301630003144965,32,32,4.410026902183601,nan,nan,0,0,0,nan
IMG_0025|r1|n10|b600|EHHO-VC,IMG_0025,159008.jpg,1,EHHO-VC,10,600,917638230,4.409795879385929,11,74,66,600,True,0.18798539997078478,38,38,4.409795879385929,0.17309241320685215,0.21014779949018741,0,0,0,nan
IMG_0025|r1|n10|b600|BEHHO-VC-Calibrated,IMG_0025,159008.jpg,1,BEHHO-VC-Calibrated,10,600,917638230,4.410645988110487,32,43,72,600,True,2.9143178000231273,60,60,4.410645988110487,0.8673888888888891,0.7716666666666665,2,0,0,nan
IMG_0025|r1|n10|b600|BDA-EHHO-VC-Calibrated,IMG_0025,159008.jpg,1,BDA-EHHO-VC-Calibrated,10,600,917638230,4.410529107452523,35,43,72,600,True,0.5692727999994531,30,30,4.410529107452523,nan,nan,0,163,137,0.5433333333333333
IMG_0025|r1|n20|b300|HHO-VC,IMG_0025,159008.jpg,1,HHO-VC,20,300,917638230,4.409824125808372,40,58,56,300,True,0.06173660000786185,9,9,4.409824125808372,nan,nan,0,0,0,nan
IMG_0025|r1|n20|b300|EHHO-VC,IMG_0025,159008.jpg,1,EHHO-VC,20,300,917638230,4.409824125808372,40,58,56,300,True,0.011410299979615957,10,10,4.409824125808372,0.20082805198592207,0.15564527943708434,0,0,0,nan
IMG_0025|r1|n20|b300|BEHHO-VC-Calibrated,IMG_0025,159008.jpg,1,BEHHO-VC-Calibrated,20,300,917638230,4.410120350655522,66,70,60,300,True,0.24565649998839945,15,15,4.410120350655522,0.8524166666666667,0.8150000000000001,0,0,0,nan
IMG_0025|r1|n20|b300|BDA-EHHO-VC-Calibrated,IMG_0025,159008.jpg,1,BDA-EHHO-VC-Calibrated,20,300,917638230,4.41124671586822,16,80,86,300,True,0.09741050004959106,8,8,4.41124671586822,nan,nan,0,76,64,0.5428571428571428
IMG_0025|r1|n20|b600|HHO-VC,IMG_0025,159008.jpg,1,HHO-VC,20,600,917638230,4.409771324294684,40,61,59,600,True,0.027949700015597045,16,16,4.409771324294684,nan,nan,0,0,0,nan
IMG_0025|r1|n20|b600|EHHO-VC,IMG_0025,159008.jpg,1,EHHO-VC,20,600,917638230,4.409771324294684,40,61,59,600,True,0.026278300036210567,19,19,4.409771324294684,0.18526558807698443,0.16762864563064087,0,0,0,nan
IMG_0025|r1|n20|b600|BEHHO-VC-Calibrated,IMG_0025,159008.jpg,1,BEHHO-VC-Calibrated,20,600,917638230,4.410120350655522,66,70,60,600,True,0.12145460001192987,30,30,4.410120350655522,0.8355972222222224,0.8458333333333333,0,0,0,nan
IMG_0025|r1|n20|b600|BDA-EHHO-VC-Calibrated,IMG_0025,159008.jpg,1,BDA-EHHO-VC-Calibrated,20,600,917638230,4.410261058612115,40,91,80,600,True,0.12088079995010048,15,15,4.410426055641663,nan,nan,0,141,159,0.47
IMG_0025|r1|n30|b300|HHO-VC,IMG_0025,159008.jpg,1,HHO-VC,30,300,917638230,4.410102303192292,38,56,67,300,True,0.010932500008493662,6,6,4.410102303192292,nan,nan,0,0,0,nan
IMG_0025|r1|n30|b300|EHHO-VC,IMG_0025,159008.jpg,1,EHHO-VC,30,300,917638230,4.409894762154995,40,61,73,300,True,0.013576299999840558,7,7,4.409894762154995,0.2597880656870967,0.22926606939378616,0,0,0,nan
IMG_0025|r1|n30|b300|BEHHO-VC-Calibrated,IMG_0025,159008.jpg,1,BEHHO-VC-Calibrated,30,300,917638230,4.410724404061043,64,54,80,300,True,0.025453200039919466,10,10,4.410724404061043,0.9234444444444445,0.9442592592592591,0,0,0,nan
IMG_0025|r1|n30|b300|BDA-EHHO-VC-Calibrated,IMG_0025,159008.jpg,1,BDA-EHHO-VC-Calibrated,30,300,917638230,4.41040563899026,36,69,92,300,True,0.02381700003752485,5,5,4.41040563899026,nan,nan,0,69,81,0.46
IMG_0025|r1|n30|b600|HHO-VC,IMG_0025,159008.jpg,1,HHO-VC,30,600,917638230,4.410345590755129,11,56,48,600,True,0.02271910000126809,11,11,4.410345590755129,nan,nan,0,0,0,nan
IMG_0025|r1|n30|b600|EHHO-VC,IMG_0025,159008.jpg,1,EHHO-VC,30,600,917638230,4.410141898504983,40,108,66,600,True,0.023598100000526756,13,13,4.410141898504983,0.2475111204610047,0.25083186387239187,0,0,0,nan
IMG_0025|r1|n30|b600|BEHHO-VC-Calibrated,IMG_0025,159008.jpg,1,BEHHO-VC-Calibrated,30,600,917638230,4.410366865845581,35,72,64,600,True,0.047526000009384006,20,20,4.410366865845581,0.9201944444444446,0.9249999999999999,0,0,0,nan
IMG_0025|r1|n30|b600|BDA-EHHO-VC-Calibrated,IMG_0025,159008.jpg,1,BDA-EHHO-VC-Calibrated,30,600,917638230,4.410247414729709,35,89,69,600,True,0.06733060005353764,10,10,4.410247414729709,nan,nan,0,158,142,0.5266666666666666
IMG_0025|r2|n10|b300|HHO-VC,IMG_0025,159008.jpg,2,HHO-VC,10,300,483193750,4.4177030164254205,25,32,26,300,True,3.352253000019118,15,15,4.4177030164254205,nan,nan,0,0,0,nan
IMG_0025|r2|n10|b300|EHHO-VC,IMG_0025,159008.jpg,2,EHHO-VC,10,300,483193750,4.417922436586832,32,40,37,300,True,0.887388400034979,18,18,4.417922436586832,0.12143903133323951,0.08803972789092289,0,0,0,nan
IMG_0025|r2|n10|b300|BEHHO-VC-Calibrated,IMG_0025,159008.jpg,2,BEHHO-VC-Calibrated,10,300,483193750,4.418125715682359,216,26,79,300,True,8.642577600025106,30,30,4.418125715682359,0.8731111111111112,0.8816666666666667,0,0,0,nan
IMG_0025|r2|n10|b300|BDA-EHHO-VC-Calibrated,IMG_0025,159008.jpg,2,BDA-EHHO-VC-Calibrated,10,300,483193750,4.418260198567506,218,56,54,300,True,2.327501999970991,15,15,4.418260198567506,nan,nan,0,85,65,0.5666666666666667
IMG_0025|r2|n10|b600|HHO-VC,IMG_0025,159008.jpg,2,HHO-VC,10,600,483193750,4.417499191748214,20,26,23,600,True,0.29548949998570606,31,31,4.417499191748214,nan,nan,0,0,0,nan
IMG_0025|r2|n10|b600|EHHO-VC,IMG_0025,159008.jpg,2,EHHO-VC,10,600,483193750,4.417481917289929,19,26,23,600,True,0.19181079999543726,37,37,4.417481917289929,0.14267062136638411,0.08545242514918115,0,0,0,nan
IMG_0025|r2|n10|b600|BEHHO-VC-Calibrated,IMG_0025,159008.jpg,2,BEHHO-VC-Calibrated,10,600,483193750,4.417856945054768,48,66,34,600,True,1.878268099972047,60,60,4.417856945054768,0.8529444444444445,0.8033333333333333,1,0,0,nan
IMG_0025|r2|n10|b600|BDA-EHHO-VC-Calibrated,IMG_0025,159008.jpg,2,BDA-EHHO-VC-Calibrated,10,600,483193750,4.4178483028413,3,4,6,600,True,0.6938569999765605,30,30,4.4178483028413,nan,nan,0,139,161,0.4633333333333333
IMG_0025|r2|n20|b300|HHO-VC,IMG_0025,159008.jpg,2,HHO-VC,20,300,483193750,4.417446010228581,20,28,17,300,True,0.01924160000635311,8,8,4.417446010228581,nan,nan,0,0,0,nan
IMG_0025|r2|n20|b300|EHHO-VC,IMG_0025,159008.jpg,2,EHHO-VC,20,300,483193750,4.417404876815664,22,30,18,300,True,0.04516500001773238,9,9,4.417404876815664,0.15473393230477023,0.0500655177723421,0,0,0,nan
IMG_0025|r2|n20|b300|BEHHO-VC-Calibrated,IMG_0025,159008.jpg,2,BEHHO-VC-Calibrated,20,300,483193750,4.417392818923401,198,66,37,300,True,0.24948429997311905,15,15,4.417392818923401,0.8713055555555556,0.8533333333333332,0,0,0,nan
IMG_0025|r2|n20|b300|BDA-EHHO-VC-Calibrated,IMG_0025,159008.jpg,2,BDA-EHHO-VC-Calibrated,20,300,483193750,4.418328207531425,3,30,66,300,True,0.12776130001293495,8,8,4.418328207531425,nan,nan,0,74,66,0.5285714285714286
IMG_0025|r2|n20|b600|HHO-VC,IMG_0025,159008.jpg,2,HHO-VC,20,600,483193750,4.417182225254538,20,28,18,600,True,0.029432900017127395,16,16,4.417182225254538,nan,nan,0,0,0,nan
IMG_0025|r2|n20|b600|EHHO-VC,IMG_0025,159008.jpg,2,EHHO-VC,20,600,483193750,4.417189536450163,19,26,17,600,True,0.025929199997335672,19,19,4.417189536450163,0.1288616429325577,0.06298959333715212,0,0,0,nan
IMG_0025|r2|n20|b600|BEHHO-VC-Calibrated,IMG_0025,159008.jpg,2,BEHHO-VC-Calibrated,20,600,483193750,4.417816868101133,200,66,44,600,True,0.15343730000313371,30,30,4.417816868101133,0.8669166666666667,0.8716666666666667,1,0,0,nan
IMG_0025|r2|n20|b600|BDA-EHHO-VC-Calibrated,IMG_0025,159008.jpg,2,BDA-EHHO-VC-Calibrated,20,600,483193750,4.416943025934406,20,26,18,600,True,0.07687950000399724,15,15,4.416943025934406,nan,nan,0,142,158,0.47333333333333333
IMG_0025|r2|n30|b300|HHO-VC,IMG_0025,159008.jpg,2,HHO-VC,30,300,483193750,4.417938841977547,196,74,78,300,True,0.01253269996959716,5,5,4.417938841977547,nan,nan,0,0,0,nan
IMG_0025|r2|n30|b300|EHHO-VC,IMG_0025,159008.jpg,2,EHHO-VC,30,300,483193750,4.417721227880722,195,74,78,300,True,0.03657190001104027,6,6,4.417721227880722,0.38878780700369053,0.33899552618788303,0,0,0,nan
IMG_0025|r2|n30|b300|BEHHO-VC-Calibrated,IMG_0025,159008.jpg,2,BEHHO-VC-Calibrated,30,300,483193750,4.417700435848061,254,66,41,300,True,0.04913719999603927,10,10,4.417700435848061,0.8514444444444444,0.8481481481481481,0,0,0,nan
IMG_0025|r2|n30|b300|BDA-EHHO-VC-Calibrated,IMG_0025,159008.jpg,2,BDA-EHHO-VC-Calibrated,30,300,483193750,4.418056267760834,9,50,64,300,True,0.022959300025831908,5,5,4.418056267760834,nan,nan,0,80,70,0.5333333333333333
IMG_0025|r2|n30|b600|HHO-VC,IMG_0025,159008.jpg,2,HHO-VC,30,600,483193750,4.417264563792965,182,66,64,600,True,0.02397699997527525,11,11,4.417264563792965,nan,nan,0,0,0,nan
IMG_0025|r2|n30|b600|EHHO-VC,IMG_0025,159008.jpg,2,EHHO-VC,30,600,483193750,4.41781706980685,198,75,78,600,True,0.03029129997594282,13,13,4.41781706980685,0.3833094289804619,0.39546726720138636,0,0,0,nan
IMG_0025|r2|n30|b600|BEHHO-VC-Calibrated,IMG_0025,159008.jpg,2,BEHHO-VC-Calibrated,30,600,483193750,4.417751609045884,190,30,64,600,True,0.04815519996918738,20,20,4.417751609045884,0.8674444444444444,0.8614814814814814,0,0,0,nan
IMG_0025|r2|n30|b600|BDA-EHHO-VC-Calibrated,IMG_0025,159008.jpg,2,BDA-EHHO-VC-Calibrated,30,600,483193750,4.417570303816088,219,74,43,600,True,0.04404179996345192,10,10,4.417570303816088,nan,nan,0,142,158,0.47333333333333333
IMG_0025|r3|n10|b300|HHO-VC,IMG_0025,159008.jpg,3,HHO-VC,10,300,770965458,4.4160366430348565,5,4,5,300,True,1.8358323000138626,16,16,4.4160366430348565,nan,nan,0,0,0,nan
IMG_0025|r3|n10|b300|EHHO-VC,IMG_0025,159008.jpg,3,EHHO-VC,10,300,770965458,4.417329660009147,5,2,3,300,True,0.6996407000115141,19,19,4.417329660009147,0.0939165436079965,0.007548369093695555,10,0,0,nan
IMG_0025|r3|n10|b300|BEHHO-VC-Calibrated,IMG_0025,159008.jpg,3,BEHHO-VC-Calibrated,10,300,770965458,4.417143773538634,164,107,94,300,True,8.631958300014958,30,30,4.417143773538634,0.8218888888888888,0.8933333333333332,3,0,0,nan
IMG_0025|r3|n10|b300|BDA-EHHO-VC-Calibrated,IMG_0025,159008.jpg,3,BDA-EHHO-VC-Calibrated,10,300,770965458,4.417271176883504,170,144,5,300,True,3.0073320000083186,15,15,4.417271176883504,nan,nan,0,78,72,0.52
IMG_0025|r3|n10|b600|HHO-VC,IMG_0025,159008.jpg,3,HHO-VC,10,600,770965458,4.417574730761433,5,2,2,600,True,0.8002293000463396,34,34,4.417574730761433,nan,nan,0,0,0,nan
IMG_0025|r3|n10|b600|EHHO-VC,IMG_0025,159008.jpg,3,EHHO-VC,10,600,770965458,4.41747302126197,158,74,43,600,True,1.3352847999776714,39,39,4.41747302126197,0.29319132290794053,0.21746746072917977,0,0,0,nan
IMG_0025|r3|n10|b600|BEHHO-VC-Calibrated,IMG_0025,159008.jpg,3,BEHHO-VC-Calibrated,10,600,770965458,4.4162072956804606,2,2,96,600,True,0.7833899999968708,60,60,4.4162072956804606,0.6324722222222222,0.4933333333333334,32,0,0,nan
IMG_0025|r3|n10|b600|BDA-EHHO-VC-Calibrated,IMG_0025,159008.jpg,3,BDA-EHHO-VC-Calibrated,10,600,770965458,4.416809274083761,3,2,75,600,True,0.799079799966421,30,30,4.416809274083761,nan,nan,0,157,143,0.5233333333333333
IMG_0025|r3|n20|b300|HHO-VC,IMG_0025,159008.jpg,3,HHO-VC,20,300,770965458,4.417595166329534,183,145,83,300,True,0.20348039997043088,9,9,4.417595166329534,nan,nan,0,0,0,nan
IMG_0025|r3|n20|b300|EHHO-VC,IMG_0025,159008.jpg,3,EHHO-VC,20,300,770965458,4.417670656836286,158,123,67,300,True,0.06612860003951937,10,10,4.417670656836286,0.38842027037806304,0.34351788191353283,0,0,0,nan
IMG_0025|r3|n20|b300|BEHHO-VC-Calibrated,IMG_0025,159008.jpg,3,BEHHO-VC-Calibrated,20,300,770965458,4.416806679333983,5,146,68,300,True,0.1840309000108391,15,15,4.416806679333983,0.7767777777777776,0.70375,1,0,0,nan
IMG_0025|r3|n20|b300|BDA-EHHO-VC-Calibrated,IMG_0025,159008.jpg,3,BDA-EHHO-VC-Calibrated,20,300,770965458,4.416547458499008,2,2,73,300,True,0.13203440001234412,8,8,4.416547458499008,nan,nan,0,81,59,0.5785714285714286
IMG_0025|r3|n20|b600|HHO-VC,IMG_0025,159008.jpg,3,HHO-VC,20,600,770965458,4.417574730761433,5,2,2,600,True,0.023272600024938583,17,17,4.417574730761433,nan,nan,0,0,0,nan
IMG_0025|r3|n20|b600|EHHO-VC,IMG_0025,159008.jpg,3,EHHO-VC,20,600,770965458,4.417510862889507,173,138,74,600,True,0.09873090003384277,20,20,4.417510862889507,0.39551893424102214,0.3552248315028991,0,0,0,nan
IMG_0025|r3|n20|b600|BEHHO-VC-Calibrated,IMG_0025,159008.jpg,3,BEHHO-VC-Calibrated,20,600,770965458,4.415786245554339,5,88,83,600,True,0.2157040999736637,30,30,4.415786245554339,0.8088194444444444,0.9029166666666667,6,0,0,nan
IMG_0025|r3|n20|b600|BDA-EHHO-VC-Calibrated,IMG_0025,159008.jpg,3,BDA-EHHO-VC-Calibrated,20,600,770965458,4.4162069006389375,6,2,102,600,True,0.10903969994978979,15,15,4.4162069006389375,nan,nan,0,151,149,0.5033333333333333
IMG_0025|r3|n30|b300|HHO-VC,IMG_0025,159008.jpg,3,HHO-VC,30,300,770965458,4.416313101281448,70,2,5,300,True,0.012299900001380593,6,6,4.416313101281448,nan,nan,0,0,0,nan
IMG_0025|r3|n30|b300|EHHO-VC,IMG_0025,159008.jpg,3,EHHO-VC,30,300,770965458,4.416313101281448,70,2,5,300,True,0.015318799996748567,7,7,4.416313101281448,0.23638402921698737,0.11047703044826464,0,0,0,nan
IMG_0025|r3|n30|b300|BEHHO-VC-Calibrated,IMG_0025,159008.jpg,3,BEHHO-VC-Calibrated,30,300,770965458,4.416262364288289,3,64,5,300,True,0.06742489995667711,10,10,4.416262364288289,0.8272407407407407,0.7388888888888889,0,0,0,nan
IMG_0025|r3|n30|b300|BDA-EHHO-VC-Calibrated,IMG_0025,159008.jpg,3,BDA-EHHO-VC-Calibrated,30,300,770965458,4.417068375598793,140,94,92,300,True,0.07145380001747981,5,5,4.41708539912296,nan,nan,0,74,76,0.49333333333333335
IMG_0025|r3|n30|b600|HHO-VC,IMG_0025,159008.jpg,3,HHO-VC,30,600,770965458,4.416419311866089,145,63,92,600,True,0.026014600007329136,12,12,4.416419311866089,nan,nan,0,0,0,nan
IMG_0025|r3|n30|b600|EHHO-VC,IMG_0025,159008.jpg,3,EHHO-VC,30,600,770965458,4.416170783314763,11,2,5,600,True,0.023426699975971133,13,13,4.416170783314763,0.3095425122699985,0.09118079594274105,0,0,0,nan
IMG_0025|r3|n30|b600|BEHHO-VC-Calibrated,IMG_0025,159008.jpg,3,BEHHO-VC-Calibrated,30,600,770965458,4.416262364288289,3,64,5,600,True,0.056814299954567105,20,20,4.416262364288289,0.772648148148148,0.6268518518518519,3,0,0,nan
IMG_0025|r3|n30|b600|BDA-EHHO-VC-Calibrated,IMG_0025,159008.jpg,3,BDA-EHHO-VC-Calibrated,30,600,770965458,4.416954989763085,2,98,91,600,True,0.04977929999586195,10,10,4.417021827530163,nan,nan,0,132,168,0.44
IMG_0028|r1|n10|b300|HHO-VC,IMG_0028,163085.jpg,1,HHO-VC,10,300,1610302256,4.985845710791875,54,59,132,300,True,5.766487399989273,16,16,4.985845710791875,nan,nan,0,0,0,nan
IMG_0028|r1|n10|b300|EHHO-VC,IMG_0028,163085.jpg,1,EHHO-VC,10,300,1610302256,4.985845710791875,54,59,132,300,True,1.93442619999405,19,19,4.985845710791875,0.2884826854217498,0.39554748904524556,0,0,0,nan
IMG_0028|r1|n10|b300|BEHHO-VC-Calibrated,IMG_0028,163085.jpg,1,BEHHO-VC-Calibrated,10,300,1610302256,4.985209361655108,137,25,20,300,True,6.757268099987414,30,30,4.985209361655108,0.8870555555555557,0.8816666666666667,0,0,0,nan
IMG_0028|r1|n10|b300|BDA-EHHO-VC-Calibrated,IMG_0028,163085.jpg,1,BDA-EHHO-VC-Calibrated,10,300,1610302256,4.9852062060700035,250,64,145,300,True,1.7302193000214174,15,15,4.9852062060700035,nan,nan,0,68,82,0.4533333333333333
IMG_0028|r1|n10|b600|HHO-VC,IMG_0028,163085.jpg,1,HHO-VC,10,600,1610302256,4.985845710791875,54,59,132,600,True,0.6597290000063367,31,31,4.985845710791875,nan,nan,0,0,0,nan
IMG_0028|r1|n10|b600|EHHO-VC,IMG_0028,163085.jpg,1,EHHO-VC,10,600,1610302256,4.985845710791875,54,59,132,600,True,0.24225940002361313,38,38,4.985845710791875,0.2534707823766193,0.2374918515624012,0,0,0,nan
IMG_0028|r1|n10|b600|BEHHO-VC-Calibrated,IMG_0028,163085.jpg,1,BEHHO-VC-Calibrated,10,600,1610302256,4.985209361655108,137,25,20,600,True,1.23822320002364,60,60,4.985209361655108,0.8880833333333332,0.8633333333333333,0,0,0,nan
IMG_0028|r1|n10|b600|BDA-EHHO-VC-Calibrated,IMG_0028,163085.jpg,1,BDA-EHHO-VC-Calibrated,10,600,1610302256,4.984943545144617,250,9,148,600,True,0.4403609000146389,30,30,4.984943545144617,nan,nan,0,148,152,0.49333333333333335
IMG_0028|r1|n20|b300|HHO-VC,IMG_0028,163085.jpg,1,HHO-VC,20,300,1610302256,4.985799914099696,22,25,63,300,True,0.038138700008857995,8,8,4.985799914099696,nan,nan,0,0,0,nan
IMG_0028|r1|n20|b300|EHHO-VC,IMG_0028,163085.jpg,1,EHHO-VC,20,300,1610302256,4.985924309884839,53,59,131,300,True,0.01230930001474917,10,10,4.985924309884839,0.28445238024706737,0.22847125557717032,0,0,0,nan
IMG_0028|r1|n20|b300|BEHHO-VC-Calibrated,IMG_0028,163085.jpg,1,BEHHO-VC-Calibrated,20,300,1610302256,4.985387756408261,227,77,132,300,True,0.2794027999625541,15,15,4.985387756408261,0.8961666666666666,0.9008333333333334,0,0,0,nan
IMG_0028|r1|n20|b300|BDA-EHHO-VC-Calibrated,IMG_0028,163085.jpg,1,BDA-EHHO-VC-Calibrated,20,300,1610302256,4.985377122229761,254,84,20,300,True,0.07515689998399466,8,8,4.985377122229761,nan,nan,0,69,71,0.4928571428571429
IMG_0028|r1|n20|b600|HHO-VC,IMG_0028,163085.jpg,1,HHO-VC,20,600,1610302256,4.985852069459238,54,60,132,600,True,0.02425840002251789,16,16,4.985852069459238,nan,nan,0,0,0,nan
IMG_0028|r1|n20|b600|EHHO-VC,IMG_0028,163085.jpg,1,EHHO-VC,20,600,1610302256,4.985852069459238,54,60,132,600,True,0.02518549998058006,19,19,4.985852069459238,0.28092203574068075,0.2837715083622381,0,0,0,nan
IMG_0028|r1|n20|b600|BEHHO-VC-Calibrated,IMG_0028,163085.jpg,1,BEHHO-VC-Calibrated,20,600,1610302256,4.984713393470421,249,25,69,600,True,0.06653559999540448,30,30,4.984713393470421,0.8860416666666666,0.91125,0,0,0,nan
IMG_0028|r1|n20|b600|BDA-EHHO-VC-Calibrated,IMG_0028,163085.jpg,1,BDA-EHHO-VC-Calibrated,20,600,1610302256,4.984890011824416,255,25,64,600,True,0.06823750003241003,15,15,4.984890011824416,nan,nan,0,147,153,0.49
IMG_0028|r1|n30|b300|HHO-VC,IMG_0028,163085.jpg,1,HHO-VC,30,300,1610302256,4.985542983220526,158,82,26,300,True,0.036762500007171184,6,6,4.985542983220526,nan,nan,0,0,0,nan
IMG_0028|r1|n30|b300|EHHO-VC,IMG_0028,163085.jpg,1,EHHO-VC,30,300,1610302256,4.985542983220526,158,82,26,300,True,0.010699399979785085,7,7,4.985542983220526,0.354835483938506,0.35054120669333794,0,0,0,nan
IMG_0028|r1|n30|b300|BEHHO-VC-Calibrated,IMG_0028,163085.jpg,1,BEHHO-VC-Calibrated,30,300,1610302256,4.98508486248193,169,17,131,300,True,0.029436899989377707,10,10,4.98508486248193,0.915111111111111,0.9294444444444444,0,0,0,nan
IMG_0028|r1|n30|b300|BDA-EHHO-VC-Calibrated,IMG_0028,163085.jpg,1,BDA-EHHO-VC-Calibrated,30,300,1610302256,4.985168444468777,222,17,148,300,True,0.028529200004413724,5,5,4.985377122229761,nan,nan,0,72,78,0.48
IMG_0028|r1|n30|b600|HHO-VC,IMG_0028,163085.jpg,1,HHO-VC,30,600,1610302256,4.985542983220526,158,82,26,600,True,0.021609899995382875,11,11,4.985542983220526,nan,nan,0,0,0,nan
IMG_0028|r1|n30|b600|EHHO-VC,IMG_0028,163085.jpg,1,EHHO-VC,30,600,1610302256,4.985542983220526,158,82,26,600,True,0.026377299975138158,13,13,4.985542983220526,0.32151051579246037,0.31349767611982793,0,0,0,nan
IMG_0028|r1|n30|b600|BEHHO-VC-Calibrated,IMG_0028,163085.jpg,1,BEHHO-VC-Calibrated,30,600,1610302256,4.98508486248193,169,17,131,600,True,0.05271890002768487,20,20,4.98508486248193,0.8797685185185184,0.9294444444444444,0,0,0,nan
IMG_0028|r1|n30|b600|BDA-EHHO-VC-Calibrated,IMG_0028,163085.jpg,1,BDA-EHHO-VC-Calibrated,30,600,1610302256,4.98518581036575,254,80,20,600,True,0.06504610000411049,10,10,4.98518581036575,nan,nan,0,142,158,0.47333333333333333
IMG_0028|r2|n10|b300|HHO-VC,IMG_0028,163085.jpg,2,HHO-VC,10,300,38027135,4.984885778524249,111,194,76,300,True,6.79799680004362,18,18,4.984885778524249,nan,nan,0,0,0,nan
IMG_0028|r2|n10|b300|EHHO-VC,IMG_0028,163085.jpg,2,EHHO-VC,10,300,38027135,4.984885778524249,111,194,76,300,True,2.4160327999852598,20,20,4.984885778524249,0.3614730108925061,0.42935768250281503,0,0,0,nan
IMG_0028|r2|n10|b300|BEHHO-VC-Calibrated,IMG_0028,163085.jpg,2,BEHHO-VC-Calibrated,10,300,38027135,4.983668767102604,3,156,219,300,True,4.594204900029581,30,30,4.983668767102604,0.8327222222222223,0.87,2,0,0,nan
IMG_0028|r2|n10|b300|BDA-EHHO-VC-Calibrated,IMG_0028,163085.jpg,2,BDA-EHHO-VC-Calibrated,10,300,38027135,4.982857565033235,2,94,174,300,True,2.0935067999525927,15,15,4.983281681185101,nan,nan,0,60,90,0.4
IMG_0028|r2|n10|b600|HHO-VC,IMG_0028,163085.jpg,2,HHO-VC,10,600,38027135,4.984885778524249,111,194,76,600,True,1.1219758000224829,34,34,4.984885778524249,nan,nan,0,0,0,nan
IMG_0028|r2|n10|b600|EHHO-VC,IMG_0028,163085.jpg,2,EHHO-VC,10,600,38027135,4.984885778524249,111,194,76,600,True,0.2869177999673411,39,39,4.984885778524249,0.3788737735285067,0.32060543194629804,0,0,0,nan
IMG_0028|r2|n10|b600|BEHHO-VC-Calibrated,IMG_0028,163085.jpg,2,BEHHO-VC-Calibrated,10,600,38027135,4.983021475692601,3,96,158,600,True,1.356250100012403,60,60,4.983021475692601,0.8328055555555556,0.8516666666666666,2,0,0,nan
IMG_0028|r2|n10|b600|BDA-EHHO-VC-Calibrated,IMG_0028,163085.jpg,2,BDA-EHHO-VC-Calibrated,10,600,38027135,4.982749336526466,2,94,170,600,True,0.5718366999644786,30,30,4.982749336526466,nan,nan,0,146,154,0.4866666666666667
IMG_0028|r2|n20|b300|HHO-VC,IMG_0028,163085.jpg,2,HHO-VC,20,300,38027135,4.984885778524249,111,194,76,300,True,0.012569400016218424,9,9,4.984885778524249,nan,nan,0,0,0,nan
IMG_0028|r2|n20|b300|EHHO-VC,IMG_0028,163085.jpg,2,EHHO-VC,20,300,38027135,4.984885778524249,111,194,76,300,True,0.021120599994901568,10,10,4.984885778524249,0.38673564685892625,0.3830216593522612,0,0,0,nan
IMG_0028|r2|n20|b300|BEHHO-VC-Calibrated,IMG_0028,163085.jpg,2,BEHHO-VC-Calibrated,20,300,38027135,4.983313399542919,3,84,235,300,True,0.08637690002797171,15,15,4.983313399542919,0.888888888888889,0.9095833333333333,0,0,0,nan
IMG_0028|r2|n20|b300|BDA-EHHO-VC-Calibrated,IMG_0028,163085.jpg,2,BDA-EHHO-VC-Calibrated,20,300,38027135,4.983641672061707,6,144,166,300,True,0.024235000018961728,8,8,4.983641672061707,nan,nan,0,72,68,0.5142857142857142
IMG_0028|r2|n20|b600|HHO-VC,IMG_0028,163085.jpg,2,HHO-VC,20,600,38027135,4.984885778524249,111,194,76,600,True,0.026912399975117296,17,17,4.984885778524249,nan,nan,0,0,0,nan
IMG_0028|r2|n20|b600|EHHO-VC,IMG_0028,163085.jpg,2,EHHO-VC,20,600,38027135,4.984565665621052,36,97,16,600,True,0.023731800029054284,20,20,4.984565665621052,0.2693003008498506,0.18550706329581398,0,0,0,nan
IMG_0028|r2|n20|b600|BEHHO-VC-Calibrated,IMG_0028,163085.jpg,2,BEHHO-VC-Calibrated,20,600,38027135,4.983221940019596,2,144,195,600,True,0.061536400055047125,30,30,4.983221940019596,0.857722222222222,0.9208333333333334,2,0,0,nan
IMG_0028|r2|n20|b600|BDA-EHHO-VC-Calibrated,IMG_0028,163085.jpg,2,BDA-EHHO-VC-Calibrated,20,600,38027135,4.982824954893816,3,195,198,600,True,0.05677640001522377,15,15,4.982824954893816,nan,nan,0,149,151,0.49666666666666665
IMG_0028|r2|n30|b300|HHO-VC,IMG_0028,163085.jpg,2,HHO-VC,30,300,38027135,4.983522435066825,2,5,73,300,True,0.010690800030715764,6,6,4.983522435066825,nan,nan,0,0,0,nan
IMG_0028|r2|n30|b300|EHHO-VC,IMG_0028,163085.jpg,2,EHHO-VC,30,300,38027135,4.983350700526104,3,8,153,300,True,0.012539899966213852,7,7,4.983350700526104,0.27222791372250343,0.23273270605644034,0,0,0,nan
IMG_0028|r2|n30|b300|BEHHO-VC-Calibrated,IMG_0028,163085.jpg,2,BEHHO-VC-Calibrated,30,300,38027135,4.983788908936358,3,174,217,300,True,0.029150200018193573,10,10,4.983788908936358,0.9006851851851853,0.8688888888888888,0,0,0,nan
IMG_0028|r2|n30|b300|BDA-EHHO-VC-Calibrated,IMG_0028,163085.jpg,2,BDA-EHHO-VC-Calibrated,30,300,38027135,4.983488528358988,2,124,171,300,True,0.02441120002185926,5,5,4.983488528358988,nan,nan,0,81,69,0.54
IMG_0028|r2|n30|b600|HHO-VC,IMG_0028,163085.jpg,2,HHO-VC,30,600,38027135,4.983313268456384,2,8,171,600,True,0.02113929996266961,11,11,4.983313268456384,nan,nan,0,0,0,nan
IMG_0028|r2|n30|b600|EHHO-VC,IMG_0028,163085.jpg,2,EHHO-VC,30,600,38027135,4.98304105680886,3,16,246,600,True,0.027618100051768124,13,13,4.98304105680886,0.32716357510465843,0.3525866972972506,0,0,0,nan
IMG_0028|r2|n30|b600|BEHHO-VC-Calibrated,IMG_0028,163085.jpg,2,BEHHO-VC-Calibrated,30,600,38027135,4.983688190586169,3,106,127,600,True,0.05021769995801151,20,20,4.983688190586169,0.9264537037037035,0.9446296296296296,0,0,0,nan
IMG_0028|r2|n30|b600|BDA-EHHO-VC-Calibrated,IMG_0028,163085.jpg,2,BDA-EHHO-VC-Calibrated,30,600,38027135,4.983281366391575,7,194,149,600,True,0.045776399958413094,10,10,4.983281366391575,nan,nan,0,154,146,0.5133333333333333
IMG_0028|r3|n10|b300|HHO-VC,IMG_0028,163085.jpg,3,HHO-VC,10,300,1263804734,4.98512983880454,38,2,2,300,True,2.3349903999478556,17,17,4.98512983880454,nan,nan,0,0,0,nan
IMG_0028|r3|n10|b300|EHHO-VC,IMG_0028,163085.jpg,3,EHHO-VC,10,300,1263804734,4.98512983880454,38,2,2,300,True,0.17625869996845722,20,20,4.98512983880454,0.10023681073958815,0.05961028271013645,0,0,0,nan
IMG_0028|r3|n10|b300|BEHHO-VC-Calibrated,IMG_0028,163085.jpg,3,BEHHO-VC-Calibrated,10,300,1263804734,4.985101534401077,144,2,2,300,True,7.528418099973351,30,30,4.985101534401077,0.7577777777777779,0.5983333333333334,7,0,0,nan
IMG_0028|r3|n10|b300|BDA-EHHO-VC-Calibrated,IMG_0028,163085.jpg,3,BDA-EHHO-VC-Calibrated,10,300,1263804734,4.9857014442372405,166,2,2,300,True,3.58295559999533,15,15,4.9857014442372405,nan,nan,0,71,79,0.47333333333333333
IMG_0028|r3|n10|b600|HHO-VC,IMG_0028,163085.jpg,3,HHO-VC,10,600,1263804734,4.98512983880454,38,2,2,600,True,0.26435999997192994,34,34,4.98512983880454,nan,nan,0,0,0,nan
IMG_0028|r3|n10|b600|EHHO-VC,IMG_0028,163085.jpg,3,EHHO-VC,10,600,1263804734,4.98512983880454,38,2,2,600,True,0.02546460001030937,39,39,4.98512983880454,0.07956596041057618,0.06261030766559697,0,0,0,nan
IMG_0028|r3|n10|b600|BEHHO-VC-Calibrated,IMG_0028,163085.jpg,3,BEHHO-VC-Calibrated,10,600,1263804734,4.984573779169609,128,8,2,600,True,2.0688621000153944,60,60,4.984573779169609,0.6225,0.5750000000000001,44,0,0,nan
IMG_0028|r3|n10|b600|BDA-EHHO-VC-Calibrated,IMG_0028,163085.jpg,3,BDA-EHHO-VC-Calibrated,10,600,1263804734,4.985536485016991,128,5,2,600,True,1.6292504000011832,30,30,4.985536485016991,nan,nan,0,149,151,0.49666666666666665
IMG_0028|r3|n20|b300|HHO-VC,IMG_0028,163085.jpg,3,HHO-VC,20,300,1263804734,4.9850702901664246,138,2,2,300,True,0.167634499957785,9,9,4.9850702901664246,nan,nan,0,0,0,nan
IMG_0028|r3|n20|b300|EHHO-VC,IMG_0028,163085.jpg,3,EHHO-VC,20,300,1263804734,4.9850702901664246,138,2,2,300,True,0.04147610004292801,10,10,4.9850702901664246,0.30251638658177715,0.25536604124811746,0,0,0,nan
IMG_0028|r3|n20|b300|BEHHO-VC-Calibrated,IMG_0028,163085.jpg,3,BEHHO-VC-Calibrated,20,300,1263804734,4.9853214929763645,129,14,2,300,True,0.6375739999930374,15,15,4.9853214929763645,0.7966388888888889,0.8545833333333333,2,0,0,nan
IMG_0028|r3|n20|b300|BDA-EHHO-VC-Calibrated,IMG_0028,163085.jpg,3,BDA-EHHO-VC-Calibrated,20,300,1263804734,4.9855849087818145,128,72,2,300,True,0.192545700003393,8,8,4.9855849087818145,nan,nan,0,77,63,0.55
IMG_0028|r3|n20|b600|HHO-VC,IMG_0028,163085.jpg,3,HHO-VC,20,600,1263804734,4.9850702901664246,138,2,2,600,True,0.07495059998473153,17,17,4.9850702901664246,nan,nan,0,0,0,nan
IMG_0028|r3|n20|b600|EHHO-VC,IMG_0028,163085.jpg,3,EHHO-VC,20,600,1263804734,4.984978126473275,70,2,2,600,True,0.05046379996929318,20,20,4.984978126473275,0.20064441220522386,0.12105017405648615,0,0,0,nan
IMG_0028|r3|n20|b600|BEHHO-VC-Calibrated,IMG_0028,163085.jpg,3,BEHHO-VC-Calibrated,20,600,1263804734,4.984899061755605,129,70,2,600,True,0.35340540000470355,30,30,4.984899061755605,0.755763888888889,0.67625,8,0,0,nan
IMG_0028|r3|n20|b600|BDA-EHHO-VC-Calibrated,IMG_0028,163085.jpg,3,BDA-EHHO-VC-Calibrated,20,600,1263804734,4.984945567150881,169,8,2,600,True,0.15319159999489784,15,15,4.985331003927763,nan,nan,0,157,143,0.5233333333333333
IMG_0028|r3|n30|b300|HHO-VC,IMG_0028,163085.jpg,3,HHO-VC,30,300,1263804734,4.985071690423924,139,2,2,300,True,0.03896479995455593,6,6,4.985071690423924,nan,nan,0,0,0,nan
IMG_0028|r3|n30|b300|EHHO-VC,IMG_0028,163085.jpg,3,EHHO-VC,30,300,1263804734,4.984978126473275,70,2,2,300,True,0.01156680000713095,7,7,4.984978126473275,0.2882407572472447,0.13801216214651751,0,0,0,nan
IMG_0028|r3|n30|b300|BEHHO-VC-Calibrated,IMG_0028,163085.jpg,3,BEHHO-VC-Calibrated,30,300,1263804734,4.985243547396586,48,2,2,300,True,0.09723519999533892,10,10,4.985243547396586,0.7448888888888889,0.6924074074074075,5,0,0,nan
IMG_0028|r3|n30|b300|BDA-EHHO-VC-Calibrated,IMG_0028,163085.jpg,3,BDA-EHHO-VC-Calibrated,30,300,1263804734,4.985484562091279,91,76,2,300,True,0.027682900021318346,5,5,4.985484562091279,nan,nan,0,76,74,0.5066666666666667
IMG_0028|r3|n30|b600|HHO-VC,IMG_0028,163085.jpg,3,HHO-VC,30,600,1263804734,4.984978126473275,70,2,2,600,True,0.028542199986986816,12,12,4.984978126473275,nan,nan,0,0,0,nan
IMG_0028|r3|n30|b600|EHHO-VC,IMG_0028,163085.jpg,3,EHHO-VC,30,600,1263804734,4.9850702901664246,138,2,2,600,True,0.024743999994825572,13,13,4.9850702901664246,0.2697324823453904,0.20869682091034134,0,0,0,nan
IMG_0028|r3|n30|b600|BEHHO-VC-Calibrated,IMG_0028,163085.jpg,3,BEHHO-VC-Calibrated,30,600,1263804734,4.985080158051678,128,2,2,600,True,0.07077519997255877,20,20,4.985080158051678,0.7304074074074074,0.6592592592592593,8,0,0,nan
IMG_0028|r3|n30|b600|BDA-EHHO-VC-Calibrated,IMG_0028,163085.jpg,3,BDA-EHHO-VC-Calibrated,30,600,1263804734,4.985080158051678,128,2,2,600,True,0.05941659997915849,10,10,4.985080158051678,nan,nan,0,148,152,0.49333333333333335
IMG_0034|r1|n10|b300|HHO-VC,IMG_0034,182053.jpg,1,HHO-VC,10,300,747861275,5.265978196829031,25,42,40,300,True,4.771711900015362,15,15,5.265978196829031,nan,nan,0,0,0,nan
IMG_0034|r1|n10|b300|EHHO-VC,IMG_0034,182053.jpg,1,EHHO-VC,10,300,747861275,5.265978196829031,25,42,40,300,True,1.1416056999587454,19,19,5.265978196829031,0.15968262060873634,0.10666209678175405,0,0,0,nan
IMG_0034|r1|n10|b300|BEHHO-VC-Calibrated,IMG_0034,182053.jpg,1,BEHHO-VC-Calibrated,10,300,747861275,5.266358777355154,107,244,214,300,True,7.149626500031445,30,30,5.266358777355154,0.8401111111111111,0.91,0,0,0,nan
IMG_0034|r1|n10|b300|BDA-EHHO-VC-Calibrated,IMG_0034,182053.jpg,1,BDA-EHHO-VC-Calibrated,10,300,747861275,5.266345765798753,42,56,252,300,True,2.3287831000052392,15,15,5.266345765798753,nan,nan,0,67,83,0.44666666666666666
IMG_0034|r1|n10|b600|HHO-VC,IMG_0034,182053.jpg,1,HHO-VC,10,600,747861275,5.266251111252856,24,42,40,600,True,0.1873955000191927,33,33,5.266251111252856,nan,nan,0,0,0,nan
IMG_0034|r1|n10|b600|EHHO-VC,IMG_0034,182053.jpg,1,EHHO-VC,10,600,747861275,5.266251111252856,24,42,40,600,True,0.07103180000558496,39,39,5.266251111252856,0.1266564234143837,0.09784439145391562,0,0,0,nan
IMG_0034|r1|n10|b600|BEHHO-VC-Calibrated,IMG_0034,182053.jpg,1,BEHHO-VC-Calibrated,10,600,747861275,5.266335806163074,84,57,7,600,True,2.2226900999667123,60,60,5.266335806163074,0.8375555555555555,0.8649999999999999,4,0,0,nan
IMG_0034|r1|n10|b600|BDA-EHHO-VC-Calibrated,IMG_0034,182053.jpg,1,BDA-EHHO-VC-Calibrated,10,600,747861275,5.266345765798753,42,56,252,600,True,0.42425589996855706,30,30,5.266345765798753,nan,nan,0,158,142,0.5266666666666666
IMG_0034|r1|n20|b300|HHO-VC,IMG_0034,182053.jpg,1,HHO-VC,20,300,747861275,5.266288533232882,43,75,78,300,True,0.13807119999546558,8,8,5.266288533232882,nan,nan,0,0,0,nan
IMG_0034|r1|n20|b300|EHHO-VC,IMG_0034,182053.jpg,1,EHHO-VC,20,300,747861275,5.265956980655088,25,49,39,300,True,0.014395799953490496,10,10,5.265956980655088,0.19703233014489588,0.11103672537588316,0,0,0,nan
IMG_0034|r1|n20|b300|BEHHO-VC-Calibrated,IMG_0034,182053.jpg,1,BEHHO-VC-Calibrated,20,300,747861275,5.265911197611982,43,252,14,300,True,0.380237799952738,15,15,5.265911197611982,0.8629166666666667,0.8879166666666668,0,0,0,nan
IMG_0034|r1|n20|b300|BDA-EHHO-VC-Calibrated,IMG_0034,182053.jpg,1,BDA-EHHO-VC-Calibrated,20,300,747861275,5.266078524906795,63,85,14,300,True,0.22811720002209768,8,8,5.266078524906795,nan,nan,0,70,70,0.5
IMG_0034|r1|n20|b600|HHO-VC,IMG_0034,182053.jpg,1,HHO-VC,20,600,747861275,5.266288533232882,43,75,78,600,True,0.07137110002804548,17,17,5.266288533232882,nan,nan,0,0,0,nan
IMG_0034|r1|n20|b600|EHHO-VC,IMG_0034,182053.jpg,1,EHHO-VC,20,600,747861275,5.266192178168451,25,28,40,600,True,0.023417500022333115,20,20,5.266192178168451,0.15890633452726902,0.10267431490598618,0,0,0,nan
IMG_0034|r1|n20|b600|BEHHO-VC-Calibrated,IMG_0034,182053.jpg,1,BEHHO-VC-Calibrated,20,600,747861275,5.265948430864512,69,38,40,600,True,0.10102480003843084,30,30,5.265948430864512,0.8642361111111111,0.8479166666666668,0,0,0,nan
IMG_0034|r1|n20|b600|BDA-EHHO-VC-Calibrated,IMG_0034,182053.jpg,1,BDA-EHHO-VC-Calibrated,20,600,747861275,5.266342709180881,39,56,16,600,True,0.14779350004391745,15,15,5.266342709180881,nan,nan,0,139,161,0.4633333333333333
IMG_0034|r1|n30|b300|HHO-VC,IMG_0034,182053.jpg,1,HHO-VC,30,300,747861275,5.266187298154535,63,238,20,300,True,0.038654400035738945,5,5,5.266187298154535,nan,nan,0,0,0,nan
IMG_0034|r1|n30|b300|EHHO-VC,IMG_0034,182053.jpg,1,EHHO-VC,30,300,747861275,5.2660936281663835,78,238,20,300,True,0.01098620000993833,7,7,5.2660936281663835,0.37843239675353296,0.42572424294560646,0,0,0,nan
IMG_0034|r1|n30|b300|BEHHO-VC-Calibrated,IMG_0034,182053.jpg,1,BEHHO-VC-Calibrated,30,300,747861275,5.266182433967935,77,42,10,300,True,0.025817700021434575,10,10,5.266182433967935,0.9466666666666667,0.9537037037037036,0,0,0,nan
IMG_0034|r1|n30|b300|BDA-EHHO-VC-Calibrated,IMG_0034,182053.jpg,1,BDA-EHHO-VC-Calibrated,30,300,747861275,5.266262157225454,67,63,38,300,True,0.025111299997661263,5,5,5.266262157225454,nan,nan,0,67,83,0.44666666666666666
IMG_0034|r1|n30|b600|HHO-VC,IMG_0034,182053.jpg,1,HHO-VC,30,600,747861275,5.266258951226636,62,217,19,600,True,0.022542300052009523,11,11,5.266258951226636,nan,nan,0,0,0,nan
IMG_0034|r1|n30|b600|EHHO-VC,IMG_0034,182053.jpg,1,EHHO-VC,30,600,747861275,5.265920497887886,43,163,14,600,True,0.02371600002516061,13,13,5.265920497887886,0.35121990640123457,0.3015697427667791,0,0,0,nan
IMG_0034|r1|n30|b600|BEHHO-VC-Calibrated,IMG_0034,182053.jpg,1,BEHHO-VC-Calibrated,30,600,747861275,5.266067065112202,42,54,38,600,True,0.04681190004339442,20,20,5.266067065112202,0.9198240740740742,0.9305555555555555,0,0,0,nan
IMG_0034|r1|n30|b600|BDA-EHHO-VC-Calibrated,IMG_0034,182053.jpg,1,BDA-EHHO-VC-Calibrated,30,600,747861275,5.266279009702854,26,50,38,600,True,0.044079900020733476,10,10,5.266279009702854,nan,nan,0,162,138,0.54
IMG_0034|r2|n10|b300|HHO-VC,IMG_0034,182053.jpg,2,HHO-VC,10,300,1360068723,5.271216606739235,193,126,164,300,True,6.66081559995655,16,16,5.271216606739235,nan,nan,0,0,0,nan
IMG_0034|r2|n10|b300|EHHO-VC,IMG_0034,182053.jpg,2,EHHO-VC,10,300,1360068723,5.271169982793632,29,45,107,300,True,3.5399083999800496,19,19,5.271169982793632,0.2355303549781955,0.2525410624212884,0,0,0,nan
IMG_0034|r2|n10|b300|BEHHO-VC-Calibrated,IMG_0034,182053.jpg,2,BEHHO-VC-Calibrated,10,300,1360068723,5.270114408205659,115,231,7,300,True,4.794530600018334,30,30,5.270114408205659,0.8427777777777777,0.835,0,0,0,nan
IMG_0034|r2|n10|b300|BDA-EHHO-VC-Calibrated,IMG_0034,182053.jpg,2,BDA-EHHO-VC-Calibrated,10,300,1360068723,5.270312594821663,11,255,189,300,True,1.556867599952966,15,15,5.270312594821663,nan,nan,0,77,73,0.5133333333333333
IMG_0034|r2|n10|b600|HHO-VC,IMG_0034,182053.jpg,2,HHO-VC,10,600,1360068723,5.27071157383916,15,15,4,600,True,0.23108009999850765,30,30,5.27071157383916,nan,nan,0,0,0,nan
IMG_0034|r2|n10|b600|EHHO-VC,IMG_0034,182053.jpg,2,EHHO-VC,10,600,1360068723,5.271370963637705,2,2,7,600,True,0.4015273000113666,36,36,5.271370963637705,0.1944954480366137,0.030531593582103715,5,0,0,nan
IMG_0034|r2|n10|b600|BEHHO-VC-Calibrated,IMG_0034,182053.jpg,2,BEHHO-VC-Calibrated,10,600,1360068723,5.269550454230695,16,96,4,600,True,0.6807033000513911,60,60,5.269550454230695,0.6267499999999999,0.9199999999999999,42,0,0,nan
IMG_0034|r2|n10|b600|BDA-EHHO-VC-Calibrated,IMG_0034,182053.jpg,2,BDA-EHHO-VC-Calibrated,10,600,1360068723,5.270272752315782,16,239,158,600,True,0.42440920002991334,30,30,5.270272752315782,nan,nan,0,140,160,0.4666666666666667
IMG_0034|r2|n20|b300|HHO-VC,IMG_0034,182053.jpg,2,HHO-VC,20,300,1360068723,5.269962979724515,109,237,164,300,True,0.308787600020878,8,8,5.269962979724515,nan,nan,0,0,0,nan
IMG_0034|r2|n20|b300|EHHO-VC,IMG_0034,182053.jpg,2,EHHO-VC,20,300,1360068723,5.269962979724515,109,237,164,300,True,0.05978170002344996,10,10,5.269962979724515,0.48605262938895005,0.448535537507475,0,0,0,nan
IMG_0034|r2|n20|b300|BEHHO-VC-Calibrated,IMG_0034,182053.jpg,2,BEHHO-VC-Calibrated,20,300,1360068723,5.270021665825671,30,224,164,300,True,0.2113793000462465,15,15,5.270021665825671,0.8890833333333334,0.8708333333333335,0,0,0,nan
IMG_0034|r2|n20|b300|BDA-EHHO-VC-Calibrated,IMG_0034,182053.jpg,2,BDA-EHHO-VC-Calibrated,20,300,1360068723,5.270161788069401,95,176,108,300,True,0.027565800002776086,8,8,5.270161788069401,nan,nan,0,65,75,0.4642857142857143
IMG_0034|r2|n20|b600|HHO-VC,IMG_0034,182053.jpg,2,HHO-VC,20,600,1360068723,5.269962979724515,109,237,164,600,True,0.07255609997082502,15,15,5.269962979724515,nan,nan,0,0,0,nan
IMG_0034|r2|n20|b600|EHHO-VC,IMG_0034,182053.jpg,2,EHHO-VC,20,600,1360068723,5.269962979724515,109,237,164,600,True,0.0357912999461405,18,18,5.269962979724515,0.4960695641677094,0.49357949826855546,0,0,0,nan
IMG_0034|r2|n20|b600|BEHHO-VC-Calibrated,IMG_0034,182053.jpg,2,BEHHO-VC-Calibrated,20,600,1360068723,5.270021665825671,30,224,164,600,True,0.07572919997619465,30,30,5.270021665825671,0.8774722222222222,0.8562500000000001,0,0,0,nan
IMG_0034|r2|n20|b600|BDA-EHHO-VC-Calibrated,IMG_0034,182053.jpg,2,BDA-EHHO-VC-Calibrated,20,600,1360068723,5.270041732152395,15,238,85,600,True,0.10170780000044033,15,15,5.270041732152395,nan,nan,0,144,156,0.48
IMG_0034|r2|n30|b300|HHO-VC,IMG_0034,182053.jpg,2,HHO-VC,30,300,1360068723,5.269642358846841,16,243,164,300,True,0.011630899971351027,6,6,5.269642358846841,nan,nan,0,0,0,nan
IMG_0034|r2|n30|b300|EHHO-VC,IMG_0034,182053.jpg,2,EHHO-VC,30,300,1360068723,5.269642358846841,16,243,164,300,True,0.015631899994332343,7,7,5.269642358846841,0.4710386908490168,0.4257968472085904,0,0,0,nan
IMG_0034|r2|n30|b300|BEHHO-VC-Calibrated,IMG_0034,182053.jpg,2,BEHHO-VC-Calibrated,30,300,1360068723,5.270387203909293,75,253,107,300,True,0.0250625999760814,10,10,5.270387203909293,0.9426666666666665,0.965,0,0,0,nan
IMG_0034|r2|n30|b300|BDA-EHHO-VC-Calibrated,IMG_0034,182053.jpg,2,BDA-EHHO-VC-Calibrated,30,300,1360068723,5.269600260837377,32,202,4,300,True,0.024168199975974858,5,5,5.269600260837377,nan,nan,0,79,71,0.5266666666666666
IMG_0034|r2|n30|b600|HHO-VC,IMG_0034,182053.jpg,2,HHO-VC,30,600,1360068723,5.269426374282202,16,169,164,600,True,0.03221470001153648,10,10,5.269426374282202,nan,nan,0,0,0,nan
IMG_0034|r2|n30|b600|EHHO-VC,IMG_0034,182053.jpg,2,EHHO-VC,30,600,1360068723,5.269487550264341,16,242,164,600,True,0.02353830001084134,12,12,5.269487550264341,0.4681973894104448,0.4524394369969466,0,0,0,nan
IMG_0034|r2|n30|b600|BEHHO-VC-Calibrated,IMG_0034,182053.jpg,2,BEHHO-VC-Calibrated,30,600,1360068723,5.269344850037032,10,245,4,600,True,0.0463535999879241,20,20,5.269344850037032,0.7525925925925926,0.6962962962962962,5,0,0,nan
IMG_0034|r2|n30|b600|BDA-EHHO-VC-Calibrated,IMG_0034,182053.jpg,2,BDA-EHHO-VC-Calibrated,30,600,1360068723,5.270060191049359,10,113,3,600,True,0.04890290001640096,10,10,5.270060191049359,nan,nan,0,154,146,0.5133333333333333
IMG_0034|r3|n10|b300|HHO-VC,IMG_0034,182053.jpg,3,HHO-VC,10,300,1137795040,5.267610671146376,14,2,3,300,True,4.164675100008026,18,18,5.267610671146376,nan,nan,0,0,0,nan
IMG_0034|r3|n10|b300|EHHO-VC,IMG_0034,182053.jpg,3,EHHO-VC,10,300,1137795040,5.267610671146376,14,2,3,300,True,0.5958331999718212,20,20,5.267610671146376,0.09838488393669394,0.024273761939318357,5,0,0,nan
IMG_0034|r3|n10|b300|BEHHO-VC-Calibrated,IMG_0034,182053.jpg,3,BEHHO-VC-Calibrated,10,300,1137795040,5.268712428476099,164,4,65,300,True,5.700505700020585,30,30,5.268712428476099,0.7217777777777779,0.6933333333333334,12,0,0,nan
IMG_0034|r3|n10|b300|BDA-EHHO-VC-Calibrated,IMG_0034,182053.jpg,3,BDA-EHHO-VC-Calibrated,10,300,1137795040,5.268351936273212,199,51,3,300,True,3.2802100999979302,15,15,5.268351936273212,nan,nan,0,77,73,0.5133333333333333
IMG_0034|r3|n10|b600|HHO-VC,IMG_0034,182053.jpg,3,HHO-VC,10,600,1137795040,5.267483646844283,14,2,7,600,True,0.8734394999919459,31,31,5.267483646844283,nan,nan,0,0,0,nan
IMG_0034|r3|n10|b600|EHHO-VC,IMG_0034,182053.jpg,3,EHHO-VC,10,600,1137795040,5.267483646844283,14,2,7,600,True,0.39065519999712706,39,39,5.267483646844283,0.11453906324115451,0.025213088339553998,16,0,0,nan
IMG_0034|r3|n10|b600|BEHHO-VC-Calibrated,IMG_0034,182053.jpg,3,BEHHO-VC-Calibrated,10,600,1137795040,5.268257027315491,160,6,3,600,True,1.9724572999984957,60,60,5.268257027315491,0.7474166666666666,0.8250000000000001,19,0,0,nan
IMG_0034|r3|n10|b600|BDA-EHHO-VC-Calibrated,IMG_0034,182053.jpg,3,BDA-EHHO-VC-Calibrated,10,600,1137795040,5.268552464573798,200,2,136,600,True,1.0231950000161305,30,30,5.268552464573798,nan,nan,0,160,140,0.5333333333333333
IMG_0034|r3|n20|b300|HHO-VC,IMG_0034,182053.jpg,3,HHO-VC,20,300,1137795040,5.268503547363271,22,2,3,300,True,0.03617889998713508,9,9,5.268503547363271,nan,nan,0,0,0,nan
IMG_0034|r3|n20|b300|EHHO-VC,IMG_0034,182053.jpg,3,EHHO-VC,20,300,1137795040,5.267649128489423,14,4,3,300,True,0.011033400020096451,10,10,5.267649128489423,0.15736084707388523,0.04258560115528244,0,0,0,nan
IMG_0034|r3|n20|b300|BEHHO-VC-Calibrated,IMG_0034,182053.jpg,3,BEHHO-VC-Calibrated,20,300,1137795040,5.268846875357894,145,23,154,300,True,0.4343180999858305,15,15,5.268846875357894,0.8778888888888888,0.87875,0,0,0,nan
IMG_0034|r3|n20|b300|BDA-EHHO-VC-Calibrated,IMG_0034,182053.jpg,3,BDA-EHHO-VC-Calibrated,20,300,1137795040,5.268751479707806,161,71,3,300,True,0.1976194999879226,8,8,5.268751479707806,nan,nan,0,60,80,0.42857142857142855
IMG_0034|r3|n20|b600|HHO-VC,IMG_0034,182053.jpg,3,HHO-VC,20,600,1137795040,5.267892042667661,14,4,4,600,True,0.024087199999485165,16,16,5.267892042667661,nan,nan,0,0,0,nan
IMG_0034|r3|n20|b600|EHHO-VC,IMG_0034,182053.jpg,3,EHHO-VC,20,600,1137795040,5.26837635707355,27,4,4,600,True,0.021421999961603433,19,19,5.26837635707355,0.09612663768271927,0.051231928937550165,3,0,0,nan
IMG_0034|r3|n20|b600|BEHHO-VC-Calibrated,IMG_0034,182053.jpg,3,BEHHO-VC-Calibrated,20,600,1137795040,5.26819975532382,18,38,7,600,True,0.32368400000268593,30,30,5.26819975532382,0.8848194444444445,0.855,0,0,0,nan
IMG_0034|r3|n20|b600|BDA-EHHO-VC-Calibrated,IMG_0034,182053.jpg,3,BDA-EHHO-VC-Calibrated,20,600,1137795040,5.268432162731062,173,2,136,600,True,0.09426819998770952,15,15,5.268432162731062,nan,nan,0,150,150,0.5
IMG_0034|r3|n30|b300|HHO-VC,IMG_0034,182053.jpg,3,HHO-VC,30,300,1137795040,5.268651667200876,14,2,2,300,True,0.013392399996519089,6,6,5.268651667200876,nan,nan,0,0,0,nan
IMG_0034|r3|n30|b300|EHHO-VC,IMG_0034,182053.jpg,3,EHHO-VC,30,300,1137795040,5.267610671146376,14,2,3,300,True,0.012028499972075224,7,7,5.267610671146376,0.1491685813830023,0.05855141737485074,1,0,0,nan
IMG_0034|r3|n30|b300|BEHHO-VC-Calibrated,IMG_0034,182053.jpg,3,BEHHO-VC-Calibrated,30,300,1137795040,5.268716263405959,172,11,128,300,True,0.025893400015775114,10,10,5.268716263405959,0.9299259259259258,0.9407407407407407,0,0,0,nan
IMG_0034|r3|n30|b300|BDA-EHHO-VC-Calibrated,IMG_0034,182053.jpg,3,BDA-EHHO-VC-Calibrated,30,300,1137795040,5.268771689679774,6,10,74,300,True,0.021691800036933273,5,5,5.268771689679774,nan,nan,0,80,70,0.5333333333333333
IMG_0034|r3|n30|b600|HHO-VC,IMG_0034,182053.jpg,3,HHO-VC,30,600,1137795040,5.267892042667661,14,4,4,600,True,0.021503299998585135,11,11,5.267892042667661,nan,nan,0,0,0,nan
IMG_0034|r3|n30|b600|EHHO-VC,IMG_0034,182053.jpg,3,EHHO-VC,30,600,1137795040,5.267892042667661,14,4,4,600,True,0.022324500023387372,13,13,5.267892042667661,0.12626921973485924,0.06346858396415306,4,0,0,nan
IMG_0034|r3|n30|b600|BEHHO-VC-Calibrated,IMG_0034,182053.jpg,3,BEHHO-VC-Calibrated,30,600,1137795040,5.2683341677364055,18,2,64,600,True,0.06914209999376908,20,20,5.2683341677364055,0.8039722222222222,0.6674074074074073,3,0,0,nan
IMG_0034|r3|n30|b600|BDA-EHHO-VC-Calibrated,IMG_0034,182053.jpg,3,BDA-EHHO-VC-Calibrated,30,600,1137795040,5.2685856462738085,96,12,92,600,True,0.07108979998156428,10,10,5.2685856462738085,nan,nan,0,154,146,0.5133333333333333
IMG_0048|r1|n10|b300|HHO-VC,IMG_0048,236037.jpg,1,HHO-VC,10,300,1865933955,5.513418095346904,25,43,86,300,True,4.9498850999516435,18,18,5.513418095346904,nan,nan,0,0,0,nan
IMG_0048|r1|n10|b300|EHHO-VC,IMG_0048,236037.jpg,1,EHHO-VC,10,300,1865933955,5.513418095346904,25,43,86,300,True,0.7479942999780178,20,20,5.513418095346904,0.2080506073006053,0.19675569832466216,0,0,0,nan
IMG_0048|r1|n10|b300|BEHHO-VC-Calibrated,IMG_0048,236037.jpg,1,BEHHO-VC-Calibrated,10,300,1865933955,5.513674959093585,46,31,79,300,True,6.236393700004555,30,30,5.513674959093585,0.820611111111111,0.8483333333333333,1,0,0,nan
IMG_0048|r1|n10|b300|BDA-EHHO-VC-Calibrated,IMG_0048,236037.jpg,1,BDA-EHHO-VC-Calibrated,10,300,1865933955,5.513394774352659,49,32,76,300,True,2.723742600006517,15,15,5.513394774352659,nan,nan,0,74,76,0.49333333333333335
IMG_0048|r1|n10|b600|HHO-VC,IMG_0048,236037.jpg,1,HHO-VC,10,600,1865933955,5.513418095346904,25,43,86,600,True,0.4920684000244364,33,33,5.513418095346904,nan,nan,0,0,0,nan
IMG_0048|r1|n10|b600|EHHO-VC,IMG_0048,236037.jpg,1,EHHO-VC,10,600,1865933955,5.513418095346904,25,43,86,600,True,0.1848813000251539,39,39,5.513418095346904,0.18629497931244185,0.158763188166979,0,0,0,nan
IMG_0048|r1|n10|b600|BEHHO-VC-Calibrated,IMG_0048,236037.jpg,1,BEHHO-VC-Calibrated,10,600,1865933955,5.513041898533814,60,32,67,600,True,2.197237199987285,60,60,5.513041898533814,0.7900277777777778,0.7816666666666666,9,0,0,nan
IMG_0048|r1|n10|b600|BDA-EHHO-VC-Calibrated,IMG_0048,236037.jpg,1,BDA-EHHO-VC-Calibrated,10,600,1865933955,5.513652452795474,59,57,254,600,True,1.0199471000232734,30,30,5.513785341203069,nan,nan,0,157,143,0.5233333333333333
IMG_0048|r1|n20|b300|HHO-VC,IMG_0048,236037.jpg,1,HHO-VC,20,300,1865933955,5.513636978579309,110,11,57,300,True,0.014968999952543527,9,9,5.513636978579309,nan,nan,0,0,0,nan
IMG_0048|r1|n20|b300|EHHO-VC,IMG_0048,236037.jpg,1,EHHO-VC,20,300,1865933955,5.513636978579309,110,11,57,300,True,0.01749749999726191,10,10,5.513636978579309,0.2760969971278919,0.19883854683992905,0,0,0,nan
IMG_0048|r1|n20|b300|BEHHO-VC-Calibrated,IMG_0048,236037.jpg,1,BEHHO-VC-Calibrated,20,300,1865933955,5.513328385047438,60,32,64,300,True,0.5153365999576636,15,15,5.513328385047438,0.872,0.8012499999999999,0,0,0,nan
IMG_0048|r1|n20|b300|BDA-EHHO-VC-Calibrated,IMG_0048,236037.jpg,1,BDA-EHHO-VC-Calibrated,20,300,1865933955,5.51344602281543,128,32,22,300,True,0.17434239998692647,8,8,5.51344602281543,nan,nan,0,66,74,0.4714285714285714
IMG_0048|r1|n20|b600|HHO-VC,IMG_0048,236037.jpg,1,HHO-VC,20,600,1865933955,5.513636978579309,110,11,57,600,True,0.023558399989269674,17,17,5.513636978579309,nan,nan,0,0,0,nan
IMG_0048|r1|n20|b600|EHHO-VC,IMG_0048,236037.jpg,1,EHHO-VC,20,600,1865933955,5.513636978579309,110,11,57,600,True,0.021052800002507865,20,20,5.513636978579309,0.25144891493831956,0.27206443365290045,0,0,0,nan
IMG_0048|r1|n20|b600|BEHHO-VC-Calibrated,IMG_0048,236037.jpg,1,BEHHO-VC-Calibrated,20,600,1865933955,5.513158112445754,50,32,144,600,True,0.1748645000043325,30,30,5.513158112445754,0.8056944444444445,0.80375,4,0,0,nan
IMG_0048|r1|n20|b600|BDA-EHHO-VC-Calibrated,IMG_0048,236037.jpg,1,BDA-EHHO-VC-Calibrated,20,600,1865933955,5.513529821002333,74,73,144,600,True,0.09723660000599921,15,15,5.513529821002333,nan,nan,0,152,148,0.5066666666666667
IMG_0048|r1|n30|b300|HHO-VC,IMG_0048,236037.jpg,1,HHO-VC,30,300,1865933955,5.513058270964335,47,32,85,300,True,0.010601599991787225,6,6,5.513058270964335,nan,nan,0,0,0,nan
IMG_0048|r1|n30|b300|EHHO-VC,IMG_0048,236037.jpg,1,EHHO-VC,30,300,1865933955,5.513219293319604,55,43,138,300,True,0.013493500009644777,7,7,5.513219293319604,0.32506630532773945,0.23837668038588694,0,0,0,nan
IMG_0048|r1|n30|b300|BEHHO-VC-Calibrated,IMG_0048,236037.jpg,1,BEHHO-VC-Calibrated,30,300,1865933955,5.513836069698786,30,78,143,300,True,0.02262579998932779,10,10,5.513836069698786,0.9247592592592593,0.9664814814814814,0,0,0,nan
IMG_0048|r1|n30|b300|BDA-EHHO-VC-Calibrated,IMG_0048,236037.jpg,1,BDA-EHHO-VC-Calibrated,30,300,1865933955,5.513105751776092,58,32,130,300,True,0.02473409997764975,5,5,5.513105751776092,nan,nan,0,64,86,0.4266666666666667
IMG_0048|r1|n30|b600|HHO-VC,IMG_0048,236037.jpg,1,HHO-VC,30,600,1865933955,5.51326646181938,47,39,131,600,True,0.021372799994423985,11,11,5.51326646181938,nan,nan,0,0,0,nan
IMG_0048|r1|n30|b600|EHHO-VC,IMG_0048,236037.jpg,1,EHHO-VC,30,600,1865933955,5.51326646181938,47,39,131,600,True,0.027125599968712777,13,13,5.51326646181938,0.2931135954325118,0.29987228514862374,0,0,0,nan
IMG_0048|r1|n30|b600|BEHHO-VC-Calibrated,IMG_0048,236037.jpg,1,BEHHO-VC-Calibrated,30,600,1865933955,5.513423450198169,130,32,22,600,True,0.04552520002471283,20,20,5.513423450198169,0.8280000000000001,0.7764814814814814,1,0,0,nan
IMG_0048|r1|n30|b600|BDA-EHHO-VC-Calibrated,IMG_0048,236037.jpg,1,BDA-EHHO-VC-Calibrated,30,600,1865933955,5.513235575802831,30,32,87,600,True,0.05309429997578263,10,10,5.513235575802831,nan,nan,0,145,155,0.48333333333333334
IMG_0048|r2|n10|b300|HHO-VC,IMG_0048,236037.jpg,2,HHO-VC,10,300,1030916076,5.519698864615722,156,157,10,300,True,5.307018500054255,17,17,5.519698864615722,nan,nan,0,0,0,nan
IMG_0048|r2|n10|b300|EHHO-VC,IMG_0048,236037.jpg,2,EHHO-VC,10,300,1030916076,5.519698864615722,156,157,10,300,True,2.409238699998241,20,20,5.519698864615722,0.37293147375419533,0.5067047668542679,0,0,0,nan
IMG_0048|r2|n10|b300|BEHHO-VC-Calibrated,IMG_0048,236037.jpg,2,BEHHO-VC-Calibrated,10,300,1030916076,5.519719762590448,157,221,25,300,True,6.1594870000262745,30,30,5.519719762590448,0.8682222222222222,0.8916666666666666,0,0,0,nan
IMG_0048|r2|n10|b300|BDA-EHHO-VC-Calibrated,IMG_0048,236037.jpg,2,BDA-EHHO-VC-Calibrated,10,300,1030916076,5.519304664850817,2,166,18,300,True,2.053505200019572,15,15,5.519304664850817,nan,nan,0,70,80,0.4666666666666667
IMG_0048|r2|n10|b600|HHO-VC,IMG_0048,236037.jpg,2,HHO-VC,10,600,1030916076,5.519644953572221,157,157,10,600,True,0.8342431000201032,34,34,5.519644953572221,nan,nan,0,0,0,nan
IMG_0048|r2|n10|b600|EHHO-VC,IMG_0048,236037.jpg,2,EHHO-VC,10,600,1030916076,5.519644953572221,157,157,10,600,True,0.3152478999691084,39,39,5.519644953572221,0.36125065528763084,0.2832209515622062,0,0,0,nan
IMG_0048|r2|n10|b600|BEHHO-VC-Calibrated,IMG_0048,236037.jpg,2,BEHHO-VC-Calibrated,10,600,1030916076,5.518945397563699,2,200,8,600,True,1.115815199969802,60,60,5.518945397563699,0.7691111111111112,0.6716666666666667,16,0,0,nan
IMG_0048|r2|n10|b600|BDA-EHHO-VC-Calibrated,IMG_0048,236037.jpg,2,BDA-EHHO-VC-Calibrated,10,600,1030916076,5.5189728715588275,2,211,52,600,True,0.6876492999726906,30,30,5.5189728715588275,nan,nan,0,140,160,0.4666666666666667
IMG_0048|r2|n20|b300|HHO-VC,IMG_0048,236037.jpg,2,HHO-VC,20,300,1030916076,5.519790367326967,166,167,8,300,True,0.06237290002172813,9,9,5.519790367326967,nan,nan,0,0,0,nan
IMG_0048|r2|n20|b300|EHHO-VC,IMG_0048,236037.jpg,2,EHHO-VC,20,300,1030916076,5.519749281169378,166,166,8,300,True,0.01158619998022914,10,10,5.519749281169378,0.41026939009417623,0.4227527680260432,0,0,0,nan
IMG_0048|r2|n20|b300|BEHHO-VC-Calibrated,IMG_0048,236037.jpg,2,BEHHO-VC-Calibrated,20,300,1030916076,5.519296185711618,16,213,16,300,True,0.3389253999921493,15,15,5.519296185711618,0.8750277777777778,0.7570833333333334,0,0,0,nan
IMG_0048|r2|n20|b300|BDA-EHHO-VC-Calibrated,IMG_0048,236037.jpg,2,BDA-EHHO-VC-Calibrated,20,300,1030916076,5.519544863511819,2,248,13,300,True,0.1518108999589458,8,8,5.519544863511819,nan,nan,0,65,75,0.4642857142857143
IMG_0048|r2|n20|b600|HHO-VC,IMG_0048,236037.jpg,2,HHO-VC,20,600,1030916076,5.519587118580134,157,154,8,600,True,0.04709120001643896,17,17,5.519587118580134,nan,nan,0,0,0,nan
IMG_0048|r2|n20|b600|EHHO-VC,IMG_0048,236037.jpg,2,EHHO-VC,20,600,1030916076,5.519514121795093,144,166,13,600,True,0.05153639998752624,20,20,5.519514121795093,0.3644149407462442,0.3395124874088897,0,0,0,nan
IMG_0048|r2|n20|b600|BEHHO-VC-Calibrated,IMG_0048,236037.jpg,2,BEHHO-VC-Calibrated,20,600,1030916076,5.519296185711618,16,213,16,600,True,0.12167720001889393,30,30,5.519296185711618,0.8358472222222222,0.80875,0,0,0,nan
IMG_0048|r2|n20|b600|BDA-EHHO-VC-Calibrated,IMG_0048,236037.jpg,2,BDA-EHHO-VC-Calibrated,20,600,1030916076,5.51943046766947,58,196,19,600,True,0.08951939997496083,15,15,5.51943046766947,nan,nan,0,150,150,0.5
IMG_0048|r2|n30|b300|HHO-VC,IMG_0048,236037.jpg,2,HHO-VC,30,300,1030916076,5.519486690553649,90,204,74,300,True,0.01706489996286109,6,6,5.519486690553649,nan,nan,0,0,0,nan
IMG_0048|r2|n30|b300|EHHO-VC,IMG_0048,236037.jpg,2,EHHO-VC,30,300,1030916076,5.519425629326411,86,194,71,300,True,0.017129999992903322,7,7,5.519425629326411,0.40951551614282256,0.40870512362561695,0,0,0,nan
IMG_0048|r2|n30|b300|BEHHO-VC-Calibrated,IMG_0048,236037.jpg,2,BEHHO-VC-Calibrated,30,300,1030916076,5.519065844134989,2,194,9,300,True,0.033904400013852865,10,10,5.519065844134989,0.9089074074074075,0.9285185185185186,0,0,0,nan
IMG_0048|r2|n30|b300|BDA-EHHO-VC-Calibrated,IMG_0048,236037.jpg,2,BDA-EHHO-VC-Calibrated,30,300,1030916076,5.519121577975763,2,211,17,300,True,0.04848950001178309,5,5,5.519121577975763,nan,nan,0,73,77,0.4866666666666667
IMG_0048|r2|n30|b600|HHO-VC,IMG_0048,236037.jpg,2,HHO-VC,30,600,1030916076,5.51959880411646,88,197,99,600,True,0.02145650004968047,11,11,5.51959880411646,nan,nan,0,0,0,nan
IMG_0048|r2|n30|b600|EHHO-VC,IMG_0048,236037.jpg,2,EHHO-VC,30,600,1030916076,5.51959880411646,88,197,99,600,True,0.021541499998420477,13,13,5.51959880411646,0.3960380808833856,0.3670943011136008,0,0,0,nan
IMG_0048|r2|n30|b600|BEHHO-VC-Calibrated,IMG_0048,236037.jpg,2,BEHHO-VC-Calibrated,30,600,1030916076,5.519312222026909,2,196,17,600,True,0.05133749998640269,20,20,5.519312222026909,0.8130185185185186,0.7303703703703702,3,0,0,nan
IMG_0048|r2|n30|b600|BDA-EHHO-VC-Calibrated,IMG_0048,236037.jpg,2,BDA-EHHO-VC-Calibrated,30,600,1030916076,5.51938701274774,57,185,34,600,True,0.06854050001129508,10,10,5.51938701274774,nan,nan,0,143,157,0.4766666666666667
IMG_0048|r3|n10|b300|HHO-VC,IMG_0048,236037.jpg,3,HHO-VC,10,300,787310004,5.519824592933454,12,170,171,300,True,6.196162199950777,18,18,5.519824592933454,nan,nan,0,0,0,nan
IMG_0048|r3|n10|b300|EHHO-VC,IMG_0048,236037.jpg,3,EHHO-VC,10,300,787310004,5.519796540401852,12,167,168,300,True,2.449925999972038,20,20,5.519796540401852,0.41388597289083745,0.45030646152686177,0,0,0,nan
IMG_0048|r3|n10|b300|BEHHO-VC-Calibrated,IMG_0048,236037.jpg,3,BEHHO-VC-Calibrated,10,300,787310004,5.519462398221109,14,224,5,300,True,6.049382400000468,30,30,5.519462398221109,0.8530555555555555,0.85,1,0,0,nan
IMG_0048|r3|n10|b300|BDA-EHHO-VC-Calibrated,IMG_0048,236037.jpg,3,BDA-EHHO-VC-Calibrated,10,300,787310004,5.519169876104088,12,181,2,300,True,2.043990100035444,15,15,5.519169876104088,nan,nan,0,84,66,0.56
IMG_0048|r3|n10|b600|HHO-VC,IMG_0048,236037.jpg,3,HHO-VC,10,600,787310004,5.518575861492262,15,3,3,600,True,0.22402470000088215,34,34,5.518575861492262,nan,nan,0,0,0,nan
IMG_0048|r3|n10|b600|EHHO-VC,IMG_0048,236037.jpg,3,EHHO-VC,10,600,787310004,5.518845052446916,15,26,3,600,True,0.09424559999024495,39,39,5.518845052446916,0.12026396470970485,0.036698470657357374,2,0,0,nan
IMG_0048|r3|n10|b600|BEHHO-VC-Calibrated,IMG_0048,236037.jpg,3,BEHHO-VC-Calibrated,10,600,787310004,5.5191486707275565,12,133,5,600,True,1.6066035000258125,60,60,5.5191486707275565,0.8660833333333333,0.8583333333333334,0,0,0,nan
IMG_0048|r3|n10|b600|BDA-EHHO-VC-Calibrated,IMG_0048,236037.jpg,3,BDA-EHHO-VC-Calibrated,10,600,787310004,5.519368873048073,22,146,2,600,True,0.550741899991408,30,30,5.519368873048073,nan,nan,0,163,137,0.5433333333333333
IMG_0048|r3|n20|b300|HHO-VC,IMG_0048,236037.jpg,3,HHO-VC,20,300,787310004,5.518937820975414,69,188,3,300,True,0.03923259995644912,10,10,5.518937820975414,nan,nan,0,0,0,nan
IMG_0048|r3|n20|b300|EHHO-VC,IMG_0048,236037.jpg,3,EHHO-VC,20,300,787310004,5.518940721828298,68,183,3,300,True,0.010886700008995831,11,11,5.518940721828298,0.3387218749652059,0.31460836249482405,0,0,0,nan
IMG_0048|r3|n20|b300|BEHHO-VC-Calibrated,IMG_0048,236037.jpg,3,BEHHO-VC-Calibrated,20,300,787310004,5.519050098750587,73,175,3,300,True,0.17920539999613538,15,15,5.519050098750587,0.8805277777777778,0.8704166666666667,0,0,0,nan
IMG_0048|r3|n20|b300|BDA-EHHO-VC-Calibrated,IMG_0048,236037.jpg,3,BDA-EHHO-VC-Calibrated,20,300,787310004,5.519802416538543,32,205,44,300,True,0.09965899999951944,8,8,5.519802416538543,nan,nan,0,63,77,0.45
IMG_0048|r3|n20|b600|HHO-VC,IMG_0048,236037.jpg,3,HHO-VC,20,600,787310004,5.5183386642731485,15,145,3,600,True,0.023413299990352243,17,17,5.5183386642731485,nan,nan,0,0,0,nan
IMG_0048|r3|n20|b600|EHHO-VC,IMG_0048,236037.jpg,3,EHHO-VC,20,600,787310004,5.518386982572466,22,166,3,600,True,0.023298599990084767,20,20,5.518386982572466,0.30787935081353957,0.25648656723532515,0,0,0,nan
IMG_0048|r3|n20|b600|BEHHO-VC-Calibrated,IMG_0048,236037.jpg,3,BEHHO-VC-Calibrated,20,600,787310004,5.519050098750587,73,175,3,600,True,0.04750649997731671,30,30,5.519050098750587,0.8819722222222222,0.8045833333333333,0,0,0,nan
IMG_0048|r3|n20|b600|BDA-EHHO-VC-Calibrated,IMG_0048,236037.jpg,3,BDA-EHHO-VC-Calibrated,20,600,787310004,5.518785076367596,15,208,5,600,True,0.09408509999047965,15,15,5.518785076367596,nan,nan,0,141,159,0.47
IMG_0048|r3|n30|b300|HHO-VC,IMG_0048,236037.jpg,3,HHO-VC,30,300,787310004,5.518501058914126,22,255,3,300,True,0.014786700019612908,6,6,5.518501058914126,nan,nan,0,0,0,nan
IMG_0048|r3|n30|b300|EHHO-VC,IMG_0048,236037.jpg,3,EHHO-VC,30,300,787310004,5.51825232761492,15,188,3,300,True,0.013272400014102459,7,7,5.51825232761492,0.3626353199088837,0.29820834190448936,0,0,0,nan
IMG_0048|r3|n30|b300|BEHHO-VC-Calibrated,IMG_0048,236037.jpg,3,BEHHO-VC-Calibrated,30,300,787310004,5.518763900700885,16,145,3,300,True,0.05117869999958202,10,10,5.518763900700885,0.8446111111111112,0.8783333333333333,1,0,0,nan
IMG_0048|r3|n30|b300|BDA-EHHO-VC-Calibrated,IMG_0048,236037.jpg,3,BDA-EHHO-VC-Calibrated,30,300,787310004,5.519194378596983,13,170,32,300,True,0.026319800002966076,5,5,5.519194378596983,nan,nan,0,79,71,0.5266666666666666
IMG_0048|r3|n30|b600|HHO-VC,IMG_0048,236037.jpg,3,HHO-VC,30,600,787310004,5.51899987632882,95,247,3,600,True,0.021738499985076487,12,12,5.51899987632882,nan,nan,0,0,0,nan
IMG_0048|r3|n30|b600|EHHO-VC,IMG_0048,236037.jpg,3,EHHO-VC,30,600,787310004,5.51899987632882,95,247,3,600,True,0.03003039996838197,13,13,5.51899987632882,0.37345205612583726,0.3098931515583302,0,0,0,nan
IMG_0048|r3|n30|b600|BEHHO-VC-Calibrated,IMG_0048,236037.jpg,3,BEHHO-VC-Calibrated,30,600,787310004,5.51940922741759,250,134,3,600,True,0.06771869998192415,20,20,5.51940922741759,0.9164074074074074,0.9327777777777778,0,0,0,nan
IMG_0048|r3|n30|b600|BDA-EHHO-VC-Calibrated,IMG_0048,236037.jpg,3,BDA-EHHO-VC-Calibrated,30,600,787310004,5.518989261134467,12,141,5,600,True,0.05592869996326044,10,10,5.518989261134467,nan,nan,0,144,156,0.48
IMG_0053|r1|n10|b300|HHO-VC,IMG_0053,253055.jpg,1,HHO-VC,10,300,700140123,4.574098462769169,3,3,3,300,True,2.047206000017468,17,17,4.574098462769169,nan,nan,0,0,0,nan
IMG_0053|r1|n10|b300|EHHO-VC,IMG_0053,253055.jpg,1,EHHO-VC,10,300,700140123,4.5736167758556725,2,3,3,300,True,1.115734400053043,18,18,4.5736167758556725,0.11706414098878537,0.14627560092059927,7,0,0,nan
IMG_0053|r1|n10|b300|BEHHO-VC-Calibrated,IMG_0053,253055.jpg,1,BEHHO-VC-Calibrated,10,300,700140123,4.574964166665473,247,253,126,300,True,6.991249300015625,30,30,4.574964166665473,0.7250555555555555,0.85,15,0,0,nan
IMG_0053|r1|n10|b300|BDA-EHHO-VC-Calibrated,IMG_0053,253055.jpg,1,BDA-EHHO-VC-Calibrated,10,300,700140123,4.5736979614844175,58,45,3,300,True,3.2367693999549374,15,15,4.574103351083086,nan,nan,0,75,75,0.5
IMG_0053|r1|n10|b600|HHO-VC,IMG_0053,253055.jpg,1,HHO-VC,10,600,700140123,4.574098462769169,3,3,3,600,True,0.21637120004743338,33,33,4.574098462769169,nan,nan,0,0,0,nan
IMG_0053|r1|n10|b600|EHHO-VC,IMG_0053,253055.jpg,1,EHHO-VC,10,600,700140123,4.573393317597907,2,2,3,600,True,0.4769609999493696,39,39,4.573393317597907,0.08497543090451722,0.0010201375964902718,17,0,0,nan
IMG_0053|r1|n10|b600|BEHHO-VC-Calibrated,IMG_0053,253055.jpg,1,BEHHO-VC-Calibrated,10,600,700140123,4.575416207038072,252,251,110,600,True,2.412191800016444,60,60,4.575416207038072,0.7080555555555554,0.7766666666666667,27,0,0,nan
IMG_0053|r1|n10|b600|BDA-EHHO-VC-Calibrated,IMG_0053,253055.jpg,1,BDA-EHHO-VC-Calibrated,10,600,700140123,4.5736282421135686,4,170,3,600,True,1.0568662000005133,30,30,4.5736282421135686,nan,nan,0,159,141,0.53
IMG_0053|r1|n20|b300|HHO-VC,IMG_0053,253055.jpg,1,HHO-VC,20,300,700140123,4.573393317597907,2,2,3,300,True,0.15597329998854548,9,9,4.573393317597907,nan,nan,0,0,0,nan
IMG_0053|r1|n20|b300|EHHO-VC,IMG_0053,253055.jpg,1,EHHO-VC,20,300,700140123,4.573393317597907,2,2,3,300,True,0.035145999980159104,10,10,4.573393317597907,0.11153061096981201,0.0598928435627206,3,0,0,nan
IMG_0053|r1|n20|b300|BEHHO-VC-Calibrated,IMG_0053,253055.jpg,1,BEHHO-VC-Calibrated,20,300,700140123,4.573833246934758,128,64,3,300,True,0.4350961000309326,15,15,4.573833246934758,0.8768055555555555,0.85,0,0,0,nan
IMG_0053|r1|n20|b300|BDA-EHHO-VC-Calibrated,IMG_0053,253055.jpg,1,BDA-EHHO-VC-Calibrated,20,300,700140123,4.57356266869021,252,213,3,300,True,0.17030930001055822,8,8,4.57356266869021,nan,nan,0,75,65,0.5357142857142857
IMG_0053|r1|n20|b600|HHO-VC,IMG_0053,253055.jpg,1,HHO-VC,20,600,700140123,4.573393317597907,2,2,3,600,True,0.02657280000858009,17,17,4.573393317597907,nan,nan,0,0,0,nan
IMG_0053|r1|n20|b600|EHHO-VC,IMG_0053,253055.jpg,1,EHHO-VC,20,600,700140123,4.573393317597907,2,2,3,600,True,0.05521369999041781,20,20,4.573393317597907,0.08812766750804502,0.09423720252828682,9,0,0,nan
IMG_0053|r1|n20|b600|BEHHO-VC-Calibrated,IMG_0053,253055.jpg,1,BEHHO-VC-Calibrated,20,600,700140123,4.575089527888802,254,251,149,600,True,0.19230659998720512,30,30,4.575089527888802,0.82675,0.695,3,0,0,nan
IMG_0053|r1|n20|b600|BDA-EHHO-VC-Calibrated,IMG_0053,253055.jpg,1,BDA-EHHO-VC-Calibrated,20,600,700140123,4.573276604014381,236,2,3,600,True,0.17160670005250722,15,15,4.573276604014381,nan,nan,0,161,139,0.5366666666666666
IMG_0053|r1|n30|b300|HHO-VC,IMG_0053,253055.jpg,1,HHO-VC,30,300,700140123,4.573031450560474,139,255,3,300,True,0.01106459996663034,6,6,4.573031450560474,nan,nan,0,0,0,nan
IMG_0053|r1|n30|b300|EHHO-VC,IMG_0053,253055.jpg,1,EHHO-VC,30,300,700140123,4.572691660075222,124,255,3,300,True,0.014172600000165403,7,7,4.572691660075222,0.3834423873876394,0.37080710697448893,0,0,0,nan
IMG_0053|r1|n30|b300|BEHHO-VC-Calibrated,IMG_0053,253055.jpg,1,BEHHO-VC-Calibrated,30,300,700140123,4.5751287489653745,242,251,115,300,True,0.05600739998044446,10,10,4.5751287489653745,0.9050370370370372,0.8848148148148148,0,0,0,nan
IMG_0053|r1|n30|b300|BDA-EHHO-VC-Calibrated,IMG_0053,253055.jpg,1,BDA-EHHO-VC-Calibrated,30,300,700140123,4.573652155159525,222,196,3,300,True,0.046275700035039335,5,5,4.573652155159525,nan,nan,0,69,81,0.46
IMG_0053|r1|n30|b600|HHO-VC,IMG_0053,253055.jpg,1,HHO-VC,30,600,700140123,4.572690516973823,235,255,3,600,True,0.02423610002733767,12,12,4.572690516973823,nan,nan,0,0,0,nan
IMG_0053|r1|n30|b600|EHHO-VC,IMG_0053,253055.jpg,1,EHHO-VC,30,600,700140123,4.572733644664138,255,255,3,600,True,0.02915190003113821,14,14,4.572733644664138,0.44984170719210903,0.5103463564963329,0,0,0,nan
IMG_0053|r1|n30|b600|BEHHO-VC-Calibrated,IMG_0053,253055.jpg,1,BEHHO-VC-Calibrated,30,600,700140123,4.573389597812409,198,2,3,600,True,0.07007230003364384,20,20,4.573389597812409,0.8949074074074073,0.7972222222222222,0,0,0,nan
IMG_0053|r1|n30|b600|BDA-EHHO-VC-Calibrated,IMG_0053,253055.jpg,1,BDA-EHHO-VC-Calibrated,30,600,700140123,4.57355075984459,71,2,3,600,True,0.04568280000239611,10,10,4.573840999335283,nan,nan,0,154,146,0.5133333333333333
IMG_0053|r2|n10|b300|HHO-VC,IMG_0053,253055.jpg,2,HHO-VC,10,300,816542308,4.586230985553616,43,32,40,300,True,4.0900130000081845,17,17,4.586230985553616,nan,nan,0,0,0,nan
IMG_0053|r2|n10|b300|EHHO-VC,IMG_0053,253055.jpg,2,EHHO-VC,10,300,816542308,4.586230985553616,43,32,40,300,True,0.6299343000282533,20,20,4.586230985553616,0.1267671858410216,0.11442812321349272,0,0,0,nan
IMG_0053|r2|n10|b300|BEHHO-VC-Calibrated,IMG_0053,253055.jpg,2,BEHHO-VC-Calibrated,10,300,816542308,4.5857140415408715,106,84,17,300,True,7.236042500007898,30,30,4.5857140415408715,0.8514999999999999,0.835,0,0,0,nan
IMG_0053|r2|n10|b300|BDA-EHHO-VC-Calibrated,IMG_0053,253055.jpg,2,BDA-EHHO-VC-Calibrated,10,300,816542308,4.58577893732827,128,26,8,300,True,2.4477584999985993,15,15,4.58577893732827,nan,nan,0,73,77,0.4866666666666667
IMG_0053|r2|n10|b600|HHO-VC,IMG_0053,253055.jpg,2,HHO-VC,10,600,816542308,4.58601425058668,21,16,20,600,True,0.18705820001196116,35,35,4.58601425058668,nan,nan,0,0,0,nan
IMG_0053|r2|n10|b600|EHHO-VC,IMG_0053,253055.jpg,2,EHHO-VC,10,600,816542308,4.58601425058668,21,16,20,600,True,0.09891129995230585,40,40,4.58601425058668,0.08064280345637412,0.06217940046499976,0,0,0,nan
IMG_0053|r2|n10|b600|BEHHO-VC-Calibrated,IMG_0053,253055.jpg,2,BEHHO-VC-Calibrated,10,600,816542308,4.5857140415408715,106,84,17,600,True,2.044599200016819,60,60,4.5857140415408715,0.8504722222222223,0.8833333333333333,0,0,0,nan
IMG_0053|r2|n10|b600|BDA-EHHO-VC-Calibrated,IMG_0053,253055.jpg,2,BDA-EHHO-VC-Calibrated,10,600,816542308,4.58558448944521,250,85,9,600,True,0.8710283000255004,30,30,4.58558448944521,nan,nan,0,146,154,0.4866666666666667
IMG_0053|r2|n20|b300|HHO-VC,IMG_0053,253055.jpg,2,HHO-VC,20,300,816542308,4.585687831272309,255,189,9,300,True,0.29489369998918846,8,8,4.585687831272309,nan,nan,0,0,0,nan
IMG_0053|r2|n20|b300|EHHO-VC,IMG_0053,253055.jpg,2,EHHO-VC,20,300,816542308,4.585560759280462,253,192,9,300,True,0.15344810002716258,10,10,4.585560759280462,0.4471338845482637,0.513541083405179,0,0,0,nan
IMG_0053|r2|n20|b300|BEHHO-VC-Calibrated,IMG_0053,253055.jpg,2,BEHHO-VC-Calibrated,20,300,816542308,4.585003220843961,60,70,4,300,True,0.25558599998475984,15,15,4.585003220843961,0.807861111111111,0.8158333333333333,3,0,0,nan
IMG_0053|r2|n20|b300|BDA-EHHO-VC-Calibrated,IMG_0053,253055.jpg,2,BDA-EHHO-VC-Calibrated,20,300,816542308,4.585581662629995,38,73,16,300,True,0.15037729998584837,8,8,4.585581662629995,nan,nan,0,81,59,0.5785714285714286
IMG_0053|r2|n20|b600|HHO-VC,IMG_0053,253055.jpg,2,HHO-VC,20,600,816542308,4.585635662744077,253,185,9,600,True,0.047741200018208474,17,17,4.585635662744077,nan,nan,0,0,0,nan
IMG_0053|r2|n20|b600|EHHO-VC,IMG_0053,253055.jpg,2,EHHO-VC,20,600,816542308,4.585580663203019,251,185,9,600,True,0.024576199997682124,20,20,4.585580663203019,0.43750619770145915,0.3484935279818999,0,0,0,nan
IMG_0053|r2|n20|b600|BEHHO-VC-Calibrated,IMG_0053,253055.jpg,2,BEHHO-VC-Calibrated,20,600,816542308,4.58481763591033,2,16,9,600,True,0.17464149999432266,30,30,4.58481763591033,0.7861527777777777,0.6629166666666667,6,0,0,nan
IMG_0053|r2|n20|b600|BDA-EHHO-VC-Calibrated,IMG_0053,253055.jpg,2,BDA-EHHO-VC-Calibrated,20,600,816542308,4.585487970197568,254,80,9,600,True,0.05118329997640103,15,15,4.585487970197568,nan,nan,0,163,137,0.5433333333333333
IMG_0053|r2|n30|b300|HHO-VC,IMG_0053,253055.jpg,2,HHO-VC,30,300,816542308,4.585230962331344,106,31,9,300,True,0.011718699999619275,6,6,4.585230962331344,nan,nan,0,0,0,nan
IMG_0053|r2|n30|b300|EHHO-VC,IMG_0053,253055.jpg,2,EHHO-VC,30,300,816542308,4.585708372264638,251,182,9,300,True,0.039509300026111305,7,7,4.585708372264638,0.46930048800422686,0.5568617647391154,0,0,0,nan
IMG_0053|r2|n30|b300|BEHHO-VC-Calibrated,IMG_0053,253055.jpg,2,BEHHO-VC-Calibrated,30,300,816542308,4.585462827833462,73,66,4,300,True,0.04621260002022609,10,10,4.585462827833462,0.8023703703703703,0.8568518518518519,2,0,0,nan
IMG_0053|r2|n30|b300|BDA-EHHO-VC-Calibrated,IMG_0053,253055.jpg,2,BDA-EHHO-VC-Calibrated,30,300,816542308,4.5864103953103035,110,155,8,300,True,0.022622899967245758,5,5,4.5864103953103035,nan,nan,0,70,80,0.4666666666666667
IMG_0053|r2|n30|b600|HHO-VC,IMG_0053,253055.jpg,2,HHO-VC,30,600,816542308,4.585230962331344,106,31,9,600,True,0.02541079994989559,12,12,4.585230962331344,nan,nan,0,0,0,nan
IMG_0053|r2|n30|b600|EHHO-VC,IMG_0053,253055.jpg,2,EHHO-VC,30,600,816542308,4.585574613192763,254,192,9,600,True,0.02309810003498569,14,14,4.585574613192763,0.46500591629880583,0.4571321824023691,0,0,0,nan
IMG_0053|r2|n30|b600|BEHHO-VC-Calibrated,IMG_0053,253055.jpg,2,BEHHO-VC-Calibrated,30,600,816542308,4.585302342788588,2,16,8,600,True,0.06594370002858341,20,20,4.585302342788588,0.8358611111111113,0.6792592592592595,3,0,0,nan
IMG_0053|r2|n30|b600|BDA-EHHO-VC-Calibrated,IMG_0053,253055.jpg,2,BDA-EHHO-VC-Calibrated,30,600,816542308,4.585297125959094,142,32,9,600,True,0.0635976999765262,10,10,4.585297125959094,nan,nan,0,142,158,0.47333333333333333
IMG_0053|r3|n10|b300|HHO-VC,IMG_0053,253055.jpg,3,HHO-VC,10,300,55569594,4.584725015054434,13,13,141,300,True,3.895155899983365,17,17,4.584725015054434,nan,nan,0,0,0,nan
IMG_0053|r3|n10|b300|EHHO-VC,IMG_0053,253055.jpg,3,EHHO-VC,10,300,55569594,4.584725015054434,13,13,141,300,True,1.2803959000157192,20,20,4.584725015054434,0.2548289208316855,0.2540085061727619,0,0,0,nan
IMG_0053|r3|n10|b300|BEHHO-VC-Calibrated,IMG_0053,253055.jpg,3,BEHHO-VC-Calibrated,10,300,55569594,4.585777902950512,12,12,108,300,True,6.880932100000791,30,30,4.585777902950512,0.8416111111111111,0.9,0,0,0,nan
IMG_0053|r3|n10|b300|BDA-EHHO-VC-Calibrated,IMG_0053,253055.jpg,3,BDA-EHHO-VC-Calibrated,10,300,55569594,4.586600762912696,13,62,137,300,True,2.474640400032513,15,15,4.586600762912696,nan,nan,0,70,80,0.4666666666666667
IMG_0053|r3|n10|b600|HHO-VC,IMG_0053,253055.jpg,3,HHO-VC,10,600,55569594,4.584644207072753,13,13,148,600,True,0.381360900006257,33,33,4.584644207072753,nan,nan,0,0,0,nan
IMG_0053|r3|n10|b600|EHHO-VC,IMG_0053,253055.jpg,3,EHHO-VC,10,600,55569594,4.584725015054434,13,13,141,600,True,0.18479099997784942,39,39,4.584725015054434,0.2625657519730842,0.2829468456342375,0,0,0,nan
IMG_0053|r3|n10|b600|BEHHO-VC-Calibrated,IMG_0053,253055.jpg,3,BEHHO-VC-Calibrated,10,600,55569594,4.586413294440676,134,10,131,600,True,1.8090588999912143,60,60,4.586413294440676,0.8044444444444444,0.8016666666666666,9,0,0,nan
IMG_0053|r3|n10|b600|BDA-EHHO-VC-Calibrated,IMG_0053,253055.jpg,3,BDA-EHHO-VC-Calibrated,10,600,55569594,4.586130329858675,138,10,104,600,True,0.9282927000313066,30,30,4.586130329858675,nan,nan,0,174,126,0.58
IMG_0053|r3|n20|b300|HHO-VC,IMG_0053,253055.jpg,3,HHO-VC,20,300,55569594,4.584644207072753,13,13,148,300,True,0.09167009999509901,9,9,4.584644207072753,nan,nan,0,0,0,nan
IMG_0053|r3|n20|b300|EHHO-VC,IMG_0053,253055.jpg,3,EHHO-VC,20,300,55569594,4.584644207072753,13,13,148,300,True,0.012490199995227158,10,10,4.584644207072753,0.2896495136996242,0.31756009596765156,0,0,0,nan
IMG_0053|r3|n20|b300|BEHHO-VC-Calibrated,IMG_0053,253055.jpg,3,BEHHO-VC-Calibrated,20,300,55569594,4.584221360499361,13,10,32,300,True,0.2410338000045158,15,15,4.584221360499361,0.8604722222222222,0.8733333333333334,0,0,0,nan
IMG_0053|r3|n20|b300|BDA-EHHO-VC-Calibrated,IMG_0053,253055.jpg,3,BDA-EHHO-VC-Calibrated,20,300,55569594,4.586511160826636,42,8,6,300,True,0.2082500000251457,8,8,4.586511160826636,nan,nan,0,75,65,0.5357142857142857
IMG_0053|r3|n20|b600|HHO-VC,IMG_0053,253055.jpg,3,HHO-VC,20,600,55569594,4.584725015054434,13,13,141,600,True,0.02298539999173954,17,17,4.584725015054434,nan,nan,0,0,0,nan
IMG_0053|r3|n20|b600|EHHO-VC,IMG_0053,253055.jpg,3,EHHO-VC,20,600,55569594,4.584725015054434,13,13,141,600,True,0.030801400018390268,20,20,4.584725015054434,0.28143133107014306,0.2850340294803131,0,0,0,nan
IMG_0053|r3|n20|b600|BEHHO-VC-Calibrated,IMG_0053,253055.jpg,3,BEHHO-VC-Calibrated,20,600,55569594,4.584887229485296,12,10,32,600,True,0.17568059999030083,30,30,4.584887229485296,0.8559444444444444,0.7712499999999999,0,0,0,nan
IMG_0053|r3|n20|b600|BDA-EHHO-VC-Calibrated,IMG_0053,253055.jpg,3,BDA-EHHO-VC-Calibrated,20,600,55569594,4.584784956215433,12,10,132,600,True,0.1548659999971278,15,15,4.584784956215433,nan,nan,0,147,153,0.49
IMG_0053|r3|n30|b300|HHO-VC,IMG_0053,253055.jpg,3,HHO-VC,30,300,55569594,4.584732733035467,13,13,139,300,True,0.01951099996222183,6,6,4.584732733035467,nan,nan,0,0,0,nan
IMG_0053|r3|n30|b300|EHHO-VC,IMG_0053,253055.jpg,3,EHHO-VC,30,300,55569594,4.584732733035467,13,13,139,300,True,0.014228500018361956,7,7,4.584732733035467,0.2807700427638867,0.23159487377420682,0,0,0,nan
IMG_0053|r3|n30|b300|BEHHO-VC-Calibrated,IMG_0053,253055.jpg,3,BEHHO-VC-Calibrated,30,300,55569594,4.586559549718937,24,10,17,300,True,0.052485000051092356,10,10,4.586559549718937,0.917537037037037,0.9049999999999999,0,0,0,nan
IMG_0053|r3|n30|b300|BDA-EHHO-VC-Calibrated,IMG_0053,253055.jpg,3,BDA-EHHO-VC-Calibrated,30,300,55569594,4.586049502418498,36,10,5,300,True,0.02379589999327436,5,5,4.586049502418498,nan,nan,0,79,71,0.5266666666666666
IMG_0053|r3|n30|b600|HHO-VC,IMG_0053,253055.jpg,3,HHO-VC,30,600,55569594,4.584725015054434,13,13,141,600,True,0.020441100001335144,11,11,4.584725015054434,nan,nan,0,0,0,nan
IMG_0053|r3|n30|b600|EHHO-VC,IMG_0053,253055.jpg,3,EHHO-VC,30,600,55569594,4.584725015054434,13,13,141,600,True,0.03159229998709634,13,13,4.584725015054434,0.2999423281247818,0.27775901740704506,0,0,0,nan
IMG_0053|r3|n30|b600|BEHHO-VC-Calibrated,IMG_0053,253055.jpg,3,BEHHO-VC-Calibrated,30,600,55569594,4.58571565098405,21,10,144,600,True,0.09271739999530837,20,20,4.58571565098405,0.8439814814814814,0.8953703703703703,1,0,0,nan
IMG_0053|r3|n30|b600|BDA-EHHO-VC-Calibrated,IMG_0053,253055.jpg,3,BDA-EHHO-VC-Calibrated,30,600,55569594,4.584486205119105,12,10,154,600,True,0.06775490002473816,10,10,4.584486205119105,nan,nan,0,146,154,0.4866666666666667
IMG_0059|r1|n10|b300|HHO-VC,IMG_0059,296007.jpg,1,HHO-VC,10,300,106729555,5.682953204634395,131,35,216,300,True,5.956677900045179,18,18,5.682953204634395,nan,nan,0,0,0,nan
IMG_0059|r1|n10|b300|EHHO-VC,IMG_0059,296007.jpg,1,EHHO-VC,10,300,106729555,5.682758758883772,133,36,218,300,True,1.955051299999468,20,20,5.682758758883772,0.4098033899808837,0.39756420946793997,0,0,0,nan
IMG_0059|r1|n10|b300|BEHHO-VC-Calibrated,IMG_0059,296007.jpg,1,BEHHO-VC-Calibrated,10,300,106729555,5.682877317123265,104,30,240,300,True,6.076793199987151,30,30,5.682877317123265,0.8687777777777778,0.8999999999999999,0,0,0,nan
IMG_0059|r1|n10|b300|BDA-EHHO-VC-Calibrated,IMG_0059,296007.jpg,1,BDA-EHHO-VC-Calibrated,10,300,106729555,5.6828153716089815,205,35,236,300,True,2.12619140004972,15,15,5.6828153716089815,nan,nan,0,72,78,0.48
IMG_0059|r1|n10|b600|HHO-VC,IMG_0059,296007.jpg,1,HHO-VC,10,600,106729555,5.682749947693299,133,34,224,600,True,0.5185567000298761,35,35,5.682749947693299,nan,nan,0,0,0,nan
IMG_0059|r1|n10|b600|EHHO-VC,IMG_0059,296007.jpg,1,EHHO-VC,10,600,106729555,5.682846461278504,151,41,248,600,True,0.35316470003454015,41,41,5.682846461278504,0.42772338715992775,0.5247926935794368,0,0,0,nan
IMG_0059|r1|n10|b600|BEHHO-VC-Calibrated,IMG_0059,296007.jpg,1,BEHHO-VC-Calibrated,10,600,106729555,5.682897475440967,247,33,235,600,True,1.3332625000039116,60,60,5.682897475440967,0.8445,0.8916666666666666,5,0,0,nan
IMG_0059|r1|n10|b600|BDA-EHHO-VC-Calibrated,IMG_0059,296007.jpg,1,BDA-EHHO-VC-Calibrated,10,600,106729555,5.682835788017473,213,12,235,600,True,0.4097268999903463,30,30,5.682835788017473,nan,nan,0,152,148,0.5066666666666667
IMG_0059|r1|n20|b300|HHO-VC,IMG_0059,296007.jpg,1,HHO-VC,20,300,106729555,5.682778483015934,254,38,240,300,True,0.06353570002829656,9,9,5.682778483015934,nan,nan,0,0,0,nan
IMG_0059|r1|n20|b300|EHHO-VC,IMG_0059,296007.jpg,1,EHHO-VC,20,300,106729555,5.682679401043423,255,36,238,300,True,0.03572620003251359,11,11,5.682679401043423,0.4524889352645555,0.4641192956467666,0,0,0,nan
IMG_0059|r1|n20|b300|BEHHO-VC-Calibrated,IMG_0059,296007.jpg,1,BEHHO-VC-Calibrated,20,300,106729555,5.682998925153245,156,39,213,300,True,0.10188640002161264,15,15,5.682998925153245,0.8901944444444444,0.8995833333333335,0,0,0,nan
IMG_0059|r1|n20|b300|BDA-EHHO-VC-Calibrated,IMG_0059,296007.jpg,1,BDA-EHHO-VC-Calibrated,20,300,106729555,5.682860282615561,202,13,232,300,True,0.04754639999009669,8,8,5.682860282615561,nan,nan,0,69,71,0.4928571428571429
IMG_0059|r1|n20|b600|HHO-VC,IMG_0059,296007.jpg,1,HHO-VC,20,600,106729555,5.6827358646488895,254,37,240,600,True,0.05802259995834902,18,18,5.6827358646488895,nan,nan,0,0,0,nan
IMG_0059|r1|n20|b600|EHHO-VC,IMG_0059,296007.jpg,1,EHHO-VC,20,600,106729555,5.682679401043423,255,36,238,600,True,0.024727299984078854,21,21,5.682679401043423,0.4899451794291207,0.5644589735274665,0,0,0,nan
IMG_0059|r1|n20|b600|BEHHO-VC-Calibrated,IMG_0059,296007.jpg,1,BEHHO-VC-Calibrated,20,600,106729555,5.683039024827998,223,31,247,600,True,0.07467980001820251,30,30,5.683039024827998,0.8492083333333335,0.88125,1,0,0,nan
IMG_0059|r1|n20|b600|BDA-EHHO-VC-Calibrated,IMG_0059,296007.jpg,1,BDA-EHHO-VC-Calibrated,20,600,106729555,5.68272582722524,202,28,240,600,True,0.04783959995256737,15,15,5.68272582722524,nan,nan,0,160,140,0.5333333333333333
IMG_0059|r1|n30|b300|HHO-VC,IMG_0059,296007.jpg,1,HHO-VC,30,300,106729555,5.68283060213366,255,32,248,300,True,0.011123700009193271,6,6,5.68283060213366,nan,nan,0,0,0,nan
IMG_0059|r1|n30|b300|EHHO-VC,IMG_0059,296007.jpg,1,EHHO-VC,30,300,106729555,5.68283060213366,255,32,248,300,True,0.014938900014385581,7,7,5.68283060213366,0.49745631198284623,0.528971304432498,0,0,0,nan
IMG_0059|r1|n30|b300|BEHHO-VC-Calibrated,IMG_0059,296007.jpg,1,BEHHO-VC-Calibrated,30,300,106729555,5.682888758783896,100,42,242,300,True,0.028224000008776784,10,10,5.682888758783896,0.9246111111111113,0.9262962962962963,0,0,0,nan
IMG_0059|r1|n30|b300|BDA-EHHO-VC-Calibrated,IMG_0059,296007.jpg,1,BDA-EHHO-VC-Calibrated,30,300,106729555,5.682727711353576,202,13,238,300,True,0.02181529998779297,5,5,5.682727711353576,nan,nan,0,67,83,0.44666666666666666
IMG_0059|r1|n30|b600|HHO-VC,IMG_0059,296007.jpg,1,HHO-VC,30,600,106729555,5.682730223523694,219,33,218,600,True,0.027001400012522936,12,12,5.682730223523694,nan,nan,0,0,0,nan
IMG_0059|r1|n30|b600|EHHO-VC,IMG_0059,296007.jpg,1,EHHO-VC,30,600,106729555,5.682712696294551,218,32,220,600,True,0.025527600024361163,14,14,5.682712696294551,0.48301927372266784,0.49117458518855106,0,0,0,nan
IMG_0059|r1|n30|b600|BEHHO-VC-Calibrated,IMG_0059,296007.jpg,1,BEHHO-VC-Calibrated,30,600,106729555,5.682888758783896,100,42,242,600,True,0.046604600036516786,20,20,5.682888758783896,0.9225185185185184,0.9112962962962964,0,0,0,nan
IMG_0059|r1|n30|b600|BDA-EHHO-VC-Calibrated,IMG_0059,296007.jpg,1,BDA-EHHO-VC-Calibrated,30,600,106729555,5.682864027536811,194,11,233,600,True,0.043778999999631196,10,10,5.682988696008372,nan,nan,0,142,158,0.47333333333333333
IMG_0059|r2|n10|b300|HHO-VC,IMG_0059,296007.jpg,2,HHO-VC,10,300,896661878,5.684844896053684,8,29,6,300,True,3.7796798999770544,18,18,5.684844896053684,nan,nan,0,0,0,nan
IMG_0059|r2|n10|b300|EHHO-VC,IMG_0059,296007.jpg,2,EHHO-VC,10,300,896661878,5.684644295919578,16,58,11,300,True,0.7388366000377573,20,20,5.684644295919578,0.11936072644162177,0.12812924272413756,0,0,0,nan
IMG_0059|r2|n10|b300|BEHHO-VC-Calibrated,IMG_0059,296007.jpg,2,BEHHO-VC-Calibrated,10,300,896661878,5.684639329876162,130,2,12,300,True,5.334626899973955,30,30,5.684639329876162,0.7019999999999998,0.735,12,0,0,nan
IMG_0059|r2|n10|b300|BDA-EHHO-VC-Calibrated,IMG_0059,296007.jpg,2,BDA-EHHO-VC-Calibrated,10,300,896661878,5.685124051410757,9,20,56,300,True,3.261394399974961,15,15,5.685124051410757,nan,nan,0,61,89,0.4066666666666667
IMG_0059|r2|n10|b600|HHO-VC,IMG_0059,296007.jpg,2,HHO-VC,10,600,896661878,5.6846376487648484,7,26,6,600,True,0.21308610000414774,34,34,5.6846376487648484,nan,nan,0,0,0,nan
IMG_0059|r2|n10|b600|EHHO-VC,IMG_0059,296007.jpg,2,EHHO-VC,10,600,896661878,5.68460216286429,10,36,6,600,True,0.14952530001755804,39,39,5.68460216286429,0.09532119329045768,0.02673719456708825,0,0,0,nan
IMG_0059|r2|n10|b600|BEHHO-VC-Calibrated,IMG_0059,296007.jpg,2,BEHHO-VC-Calibrated,10,600,896661878,5.684165525183709,2,2,12,600,True,2.4589968000072986,60,60,5.684165525183709,0.6505,0.5933333333333334,34,0,0,nan
IMG_0059|r2|n10|b600|BDA-EHHO-VC-Calibrated,IMG_0059,296007.jpg,2,BDA-EHHO-VC-Calibrated,10,600,896661878,5.6845986660947645,28,2,56,600,True,1.5113054999965243,30,30,5.6845986660947645,nan,nan,0,145,155,0.48333333333333334
IMG_0059|r2|n20|b300|HHO-VC,IMG_0059,296007.jpg,2,HHO-VC,20,300,896661878,5.6845129187431835,30,125,11,300,True,0.22926100000040606,9,9,5.6845129187431835,nan,nan,0,0,0,nan
IMG_0059|r2|n20|b300|EHHO-VC,IMG_0059,296007.jpg,2,EHHO-VC,20,300,896661878,5.684375567395155,25,173,12,300,True,0.2017531000310555,10,10,5.684375567395155,0.3147225289761356,0.3507962414648681,0,0,0,nan
IMG_0059|r2|n20|b300|BEHHO-VC-Calibrated,IMG_0059,296007.jpg,2,BEHHO-VC-Calibrated,20,300,896661878,5.684311390783314,48,32,12,300,True,0.39251340000191703,15,15,5.684311390783314,0.8482777777777777,0.7912499999999999,0,0,0,nan
IMG_0059|r2|n20|b300|BDA-EHHO-VC-Calibrated,IMG_0059,296007.jpg,2,BDA-EHHO-VC-Calibrated,20,300,896661878,5.684575556985724,30,24,6,300,True,0.1979389000334777,8,8,5.684575556985724,nan,nan,0,62,78,0.44285714285714284
IMG_0059|r2|n20|b600|HHO-VC,IMG_0059,296007.jpg,2,HHO-VC,20,600,896661878,5.684560531304142,30,124,11,600,True,0.027654799981974065,17,17,5.684560531304142,nan,nan,0,0,0,nan
IMG_0059|r2|n20|b600|EHHO-VC,IMG_0059,296007.jpg,2,EHHO-VC,20,600,896661878,5.684266298441226,26,177,12,600,True,0.07490900001721457,20,20,5.684266298441226,0.30944313159733317,0.22676003751787993,0,0,0,nan
IMG_0059|r2|n20|b600|BEHHO-VC-Calibrated,IMG_0059,296007.jpg,2,BEHHO-VC-Calibrated,20,600,896661878,5.684165525183709,2,2,12,600,True,0.26496910001151264,30,30,5.684165525183709,0.7237222222222223,0.8420833333333332,10,0,0,nan
IMG_0059|r2|n20|b600|BDA-EHHO-VC-Calibrated,IMG_0059,296007.jpg,2,BDA-EHHO-VC-Calibrated,20,600,896661878,5.684867788177502,30,13,100,600,True,0.16739249997772276,15,15,5.684867788177502,nan,nan,0,157,143,0.5233333333333333
IMG_0059|r2|n30|b300|HHO-VC,IMG_0059,296007.jpg,2,HHO-VC,30,300,896661878,5.684462784771841,3,6,11,300,True,0.010579499998129904,6,6,5.684462784771841,nan,nan,0,0,0,nan
IMG_0059|r2|n30|b300|EHHO-VC,IMG_0059,296007.jpg,2,EHHO-VC,30,300,896661878,5.684283955598492,5,8,12,300,True,0.013122100033797324,7,7,5.684283955598492,0.14672983329851164,0.03919679655884065,1,0,0,nan
IMG_0059|r2|n30|b300|BEHHO-VC-Calibrated,IMG_0059,296007.jpg,2,BEHHO-VC-Calibrated,30,300,896661878,5.68480365228529,24,36,128,300,True,0.025529300037305802,10,10,5.68480365228529,0.7290740740740741,0.6231481481481481,2,0,0,nan
IMG_0059|r2|n30|b300|BDA-EHHO-VC-Calibrated,IMG_0059,296007.jpg,2,BDA-EHHO-VC-Calibrated,30,300,896661878,5.6852395712807775,43,2,85,300,True,0.04686420003417879,5,5,5.6852395712807775,nan,nan,0,77,73,0.5133333333333333
IMG_0059|r2|n30|b600|HHO-VC,IMG_0059,296007.jpg,2,HHO-VC,30,600,896661878,5.6845459402487,3,7,12,600,True,0.022847199987154454,12,12,5.6845459402487,nan,nan,0,0,0,nan
IMG_0059|r2|n30|b600|EHHO-VC,IMG_0059,296007.jpg,2,EHHO-VC,30,600,896661878,5.684046294319246,5,9,12,600,True,0.023233399959281087,13,13,5.684046294319246,0.1054046750204866,0.02530946119170024,3,0,0,nan
IMG_0059|r2|n30|b600|BEHHO-VC-Calibrated,IMG_0059,296007.jpg,2,BEHHO-VC-Calibrated,30,600,896661878,5.684438575414362,28,2,128,600,True,0.04522750002797693,20,20,5.684438575414362,0.7976481481481482,0.7814814814814816,1,0,0,nan
IMG_0059|r2|n30|b600|BDA-EHHO-VC-Calibrated,IMG_0059,296007.jpg,2,BDA-EHHO-VC-Calibrated,30,600,896661878,5.6843043886462565,16,8,11,600,True,0.05291999998735264,10,10,5.6843043886462565,nan,nan,0,143,157,0.4766666666666667
IMG_0059|r3|n10|b300|HHO-VC,IMG_0059,296007.jpg,3,HHO-VC,10,300,1433092347,5.68661865311832,163,2,22,300,True,4.043154700018931,16,16,5.68661865311832,nan,nan,0,0,0,nan
IMG_0059|r3|n10|b300|EHHO-VC,IMG_0059,296007.jpg,3,EHHO-VC,10,300,1433092347,5.686607756700558,163,3,22,300,True,1.0281790999579243,18,18,5.686607756700558,0.29328745277718027,0.28200674235915757,0,0,0,nan
IMG_0059|r3|n10|b300|BEHHO-VC-Calibrated,IMG_0059,296007.jpg,3,BEHHO-VC-Calibrated,10,300,1433092347,5.686927651643878,2,2,8,300,True,5.981136100017466,30,30,5.686927651643878,0.7338333333333334,0.7833333333333333,11,0,0,nan
IMG_0059|r3|n10|b300|BDA-EHHO-VC-Calibrated,IMG_0059,296007.jpg,3,BDA-EHHO-VC-Calibrated,10,300,1433092347,5.688197432355577,253,6,10,300,True,2.9166774000041187,15,15,5.688197432355577,nan,nan,0,74,76,0.49333333333333335
IMG_0059|r3|n10|b600|HHO-VC,IMG_0059,296007.jpg,3,HHO-VC,10,600,1433092347,5.6866816897031915,85,2,8,600,True,0.4280476999701932,33,33,5.6866816897031915,nan,nan,0,0,0,nan
IMG_0059|r3|n10|b600|EHHO-VC,IMG_0059,296007.jpg,3,EHHO-VC,10,600,1433092347,5.6869177388895435,59,3,9,600,True,0.13054360001115128,38,38,5.6869177388895435,0.13555436067958387,0.10536681828851686,0,0,0,nan
IMG_0059|r3|n10|b600|BEHHO-VC-Calibrated,IMG_0059,296007.jpg,3,BEHHO-VC-Calibrated,10,600,1433092347,5.686927651643878,2,2,8,600,True,1.5720441999728791,60,60,5.686927651643878,0.6265555555555555,0.10500000000000002,28,0,0,nan
IMG_0059|r3|n10|b600|BDA-EHHO-VC-Calibrated,IMG_0059,296007.jpg,3,BDA-EHHO-VC-Calibrated,10,600,1433092347,5.686962027813361,85,2,20,600,True,1.247957200044766,30,30,5.686962027813361,nan,nan,0,150,150,0.5
IMG_0059|r3|n20|b300|HHO-VC,IMG_0059,296007.jpg,3,HHO-VC,20,300,1433092347,5.6878018142384805,3,3,3,300,True,0.2011192999780178,8,8,5.6878018142384805,nan,nan,0,0,0,nan
IMG_0059|r3|n20|b300|EHHO-VC,IMG_0059,296007.jpg,3,EHHO-VC,20,300,1433092347,5.687276428833012,2,3,3,300,True,0.0605698999715969,9,9,5.687276428833012,0.1701721303374405,0.014279218935089159,3,0,0,nan
IMG_0059|r3|n20|b300|BEHHO-VC-Calibrated,IMG_0059,296007.jpg,3,BEHHO-VC-Calibrated,20,300,1433092347,5.687110735467993,192,2,5,300,True,0.40501649997895584,15,15,5.687110735467993,0.6806111111111111,0.4479166666666667,7,0,0,nan
IMG_0059|r3|n20|b300|BDA-EHHO-VC-Calibrated,IMG_0059,296007.jpg,3,BDA-EHHO-VC-Calibrated,20,300,1433092347,5.687101037098935,214,2,16,300,True,0.3125774000072852,8,8,5.687101037098935,nan,nan,0,64,76,0.45714285714285713
IMG_0059|r3|n20|b600|HHO-VC,IMG_0059,296007.jpg,3,HHO-VC,20,600,1433092347,5.6878018142384805,3,3,3,600,True,0.024304000020492822,17,17,5.6878018142384805,nan,nan,0,0,0,nan
IMG_0059|r3|n20|b600|EHHO-VC,IMG_0059,296007.jpg,3,EHHO-VC,20,600,1433092347,5.687276428833012,2,3,3,600,True,0.0514971999800764,20,20,5.687276428833012,0.10792889302915591,0.04533615683471034,9,0,0,nan
IMG_0059|r3|n20|b600|BEHHO-VC-Calibrated,IMG_0059,296007.jpg,3,BEHHO-VC-Calibrated,20,600,1433092347,5.686927651643878,2,2,8,600,True,0.17743159999372438,30,30,5.686927651643878,0.6391666666666667,0.5158333333333334,20,0,0,nan
IMG_0059|r3|n20|b600|BDA-EHHO-VC-Calibrated,IMG_0059,296007.jpg,3,BDA-EHHO-VC-Calibrated,20,600,1433092347,5.686830556729499,2,2,18,600,True,0.24040000000968575,15,15,5.686830556729499,nan,nan,0,135,165,0.45
IMG_0059|r3|n30|b300|HHO-VC,IMG_0059,296007.jpg,3,HHO-VC,30,300,1433092347,5.687287325250775,2,2,3,300,True,0.010449399997014552,5,5,5.687287325250775,nan,nan,0,0,0,nan
IMG_0059|r3|n30|b300|EHHO-VC,IMG_0059,296007.jpg,3,EHHO-VC,30,300,1433092347,5.687287325250775,2,2,3,300,True,0.01722079998580739,6,6,5.687287325250775,0.21278265025982304,0.016621214190311463,1,0,0,nan
IMG_0059|r3|n30|b300|BEHHO-VC-Calibrated,IMG_0059,296007.jpg,3,BEHHO-VC-Calibrated,30,300,1433092347,5.686927651643878,2,2,8,300,True,0.09436649997951463,10,10,5.686927651643878,0.5783888888888888,0.44370370370370377,6,0,0,nan
IMG_0059|r3|n30|b300|BDA-EHHO-VC-Calibrated,IMG_0059,296007.jpg,3,BDA-EHHO-VC-Calibrated,30,300,1433092347,5.688035011289197,206,255,18,300,True,0.04478420002851635,5,5,5.688035011289197,nan,nan,0,70,80,0.4666666666666667
IMG_0059|r3|n30|b600|HHO-VC,IMG_0059,296007.jpg,3,HHO-VC,30,600,1433092347,5.687276428833012,2,3,3,600,True,0.021192200016230345,11,11,5.687276428833012,nan,nan,0,0,0,nan
IMG_0059|r3|n30|b600|EHHO-VC,IMG_0059,296007.jpg,3,EHHO-VC,30,600,1433092347,5.68665329589687,2,3,9,600,True,0.025402900006156415,13,13,5.68665329589687,0.11950499446763561,0.03721198906620342,4,0,0,nan
IMG_0059|r3|n30|b600|BEHHO-VC-Calibrated,IMG_0059,296007.jpg,3,BEHHO-VC-Calibrated,30,600,1433092347,5.686463114886965,224,2,18,600,True,0.09351579996291548,20,20,5.686463114886965,0.778675925925926,0.8166666666666668,5,0,0,nan
IMG_0059|r3|n30|b600|BDA-EHHO-VC-Calibrated,IMG_0059,296007.jpg,3,BDA-EHHO-VC-Calibrated,30,600,1433092347,5.686667256183387,246,3,18,600,True,0.05323409999255091,10,10,5.686996539425401,nan,nan,0,162,138,0.54
IMG_0063|r1|n10|b300|HHO-VC,IMG_0063,302008.jpg,1,HHO-VC,10,300,827430056,4.041237168075182,237,235,237,300,True,6.78815159999067,17,17,4.041237168075182,nan,nan,0,0,0,nan
IMG_0063|r1|n10|b300|EHHO-VC,IMG_0063,302008.jpg,1,EHHO-VC,10,300,827430056,4.041368641933963,235,235,236,300,True,3.56996719999006,20,20,4.041368641933963,0.5347639976996585,0.3864245373604211,0,0,0,nan
IMG_0063|r1|n10|b300|BEHHO-VC-Calibrated,IMG_0063,302008.jpg,1,BEHHO-VC-Calibrated,10,300,827430056,4.040113941331298,20,231,7,300,True,4.334051399957389,30,30,4.040113941331298,0.8492222222222222,0.8816666666666667,0,0,0,nan
IMG_0063|r1|n10|b300|BDA-EHHO-VC-Calibrated,IMG_0063,302008.jpg,1,BDA-EHHO-VC-Calibrated,10,300,827430056,4.04092839870007,37,216,157,300,True,1.4392979000112973,15,15,4.04092839870007,nan,nan,0,84,66,0.56
IMG_0063|r1|n10|b600|HHO-VC,IMG_0063,302008.jpg,1,HHO-VC,10,600,827430056,4.041356840734413,237,235,241,600,True,0.9503481999854557,35,35,4.041356840734413,nan,nan,0,0,0,nan
IMG_0063|r1|n10|b600|EHHO-VC,IMG_0063,302008.jpg,1,EHHO-VC,10,600,827430056,4.041322451087923,233,231,236,600,True,0.47166789998300374,40,40,4.041322451087923,0.5458304049319251,0.5173216966288285,0,0,0,nan
IMG_0063|r1|n10|b600|BEHHO-VC-Calibrated,IMG_0063,302008.jpg,1,BEHHO-VC-Calibrated,10,600,827430056,4.040769958680567,24,249,10,600,True,0.38081369997235015,60,60,4.040769958680567,0.8144444444444445,0.8816666666666665,3,0,0,nan
IMG_0063|r1|n10|b600|BDA-EHHO-VC-Calibrated,IMG_0063,302008.jpg,1,BDA-EHHO-VC-Calibrated,10,600,827430056,4.0404352519183355,22,221,208,600,True,0.19363269995665178,30,30,4.0404352519183355,nan,nan,0,157,143,0.5233333333333333
IMG_0063|r1|n20|b300|HHO-VC,IMG_0063,302008.jpg,1,HHO-VC,20,300,827430056,4.0409103112513085,21,103,42,300,True,0.08457039995118976,9,9,4.0409103112513085,nan,nan,0,0,0,nan
IMG_0063|r1|n20|b300|EHHO-VC,IMG_0063,302008.jpg,1,EHHO-VC,20,300,827430056,4.041026333474012,96,230,199,300,True,0.062262199993710965,10,10,4.041026333474012,0.49848472541429745,0.49469164188189535,0,0,0,nan
IMG_0063|r1|n20|b300|BEHHO-VC-Calibrated,IMG_0063,302008.jpg,1,BEHHO-VC-Calibrated,20,300,827430056,4.040542963805734,255,223,199,300,True,0.02322550001554191,15,15,4.040542963805734,0.8459444444444444,0.9199999999999999,2,0,0,nan
IMG_0063|r1|n20|b300|BDA-EHHO-VC-Calibrated,IMG_0063,302008.jpg,1,BDA-EHHO-VC-Calibrated,20,300,827430056,4.0406729106857115,2,227,129,300,True,0.023788899998180568,8,8,4.0406729106857115,nan,nan,0,72,68,0.5142857142857142
IMG_0063|r1|n20|b600|HHO-VC,IMG_0063,302008.jpg,1,HHO-VC,20,600,827430056,4.040962550375149,93,225,194,600,True,0.04551389999687672,18,18,4.040962550375149,nan,nan,0,0,0,nan
IMG_0063|r1|n20|b600|EHHO-VC,IMG_0063,302008.jpg,1,EHHO-VC,20,600,827430056,4.040852409391562,98,227,199,600,True,0.022363799973390996,20,20,4.040852409391562,0.48399472696660706,0.5512053622885895,0,0,0,nan
IMG_0063|r1|n20|b600|BEHHO-VC-Calibrated,IMG_0063,302008.jpg,1,BEHHO-VC-Calibrated,20,600,827430056,4.040510766057545,254,227,236,600,True,0.07888619997538626,30,30,4.040510766057545,0.7800972222222222,0.6458333333333334,7,0,0,nan
IMG_0063|r1|n20|b600|BDA-EHHO-VC-Calibrated,IMG_0063,302008.jpg,1,BDA-EHHO-VC-Calibrated,20,600,827430056,4.040105242373204,13,239,183,600,True,0.0585222999798134,15,15,4.040105242373204,nan,nan,0,149,151,0.49666666666666665
IMG_0063|r1|n30|b300|HHO-VC,IMG_0063,302008.jpg,1,HHO-VC,30,300,827430056,4.0411048183789315,2,231,98,300,True,0.010661300038918853,6,6,4.0411048183789315,nan,nan,0,0,0,nan
IMG_0063|r1|n30|b300|EHHO-VC,IMG_0063,302008.jpg,1,EHHO-VC,30,300,827430056,4.0412127350891796,93,234,199,300,True,0.015134099987335503,7,7,4.0412127350891796,0.5031939835532622,0.45881114305910287,0,0,0,nan
IMG_0063|r1|n30|b300|BEHHO-VC-Calibrated,IMG_0063,302008.jpg,1,BEHHO-VC-Calibrated,30,300,827430056,4.040506589704141,255,231,217,300,True,0.028886099986266345,10,10,4.040506589704141,0.7602222222222222,0.7231481481481481,5,0,0,nan
IMG_0063|r1|n30|b300|BDA-EHHO-VC-Calibrated,IMG_0063,302008.jpg,1,BDA-EHHO-VC-Calibrated,30,300,827430056,4.040875125846429,2,224,120,300,True,0.02165969996713102,5,5,4.040875125846429,nan,nan,0,68,82,0.4533333333333333
IMG_0063|r1|n30|b600|HHO-VC,IMG_0063,302008.jpg,1,HHO-VC,30,600,827430056,4.039968269150674,21,242,152,600,True,0.02632680005626753,12,12,4.039968269150674,nan,nan,0,0,0,nan
IMG_0063|r1|n30|b600|EHHO-VC,IMG_0063,302008.jpg,1,EHHO-VC,30,600,827430056,4.039986853546529,21,242,151,600,True,0.022624599980190396,14,14,4.039986853546529,0.4546606460548997,0.4805357765795674,0,0,0,nan
IMG_0063|r1|n30|b600|BEHHO-VC-Calibrated,IMG_0063,302008.jpg,1,BEHHO-VC-Calibrated,30,600,827430056,4.040911219041874,21,250,131,600,True,0.04520270001376048,20,20,4.040911219041874,0.8870000000000001,0.8209259259259261,0,0,0,nan
IMG_0063|r1|n30|b600|BDA-EHHO-VC-Calibrated,IMG_0063,302008.jpg,1,BDA-EHHO-VC-Calibrated,30,600,827430056,4.0408487942431,95,227,208,600,True,0.06807840004330501,10,10,4.0408487942431,nan,nan,0,139,161,0.4633333333333333
IMG_0063|r2|n10|b300|HHO-VC,IMG_0063,302008.jpg,2,HHO-VC,10,300,1987326251,4.035668838578437,2,7,21,300,True,2.1020865000318736,17,17,4.035668838578437,nan,nan,0,0,0,nan
IMG_0063|r2|n10|b300|EHHO-VC,IMG_0063,302008.jpg,2,EHHO-VC,10,300,1987326251,4.035404685443309,3,7,21,300,True,0.24768650002079085,21,21,4.035404685443309,0.07411018987654425,0.03360379222037641,1,0,0,nan
IMG_0063|r2|n10|b300|BEHHO-VC-Calibrated,IMG_0063,302008.jpg,2,BEHHO-VC-Calibrated,10,300,1987326251,4.03567251894867,2,6,75,300,True,8.434514999971725,30,30,4.03567251894867,0.8557777777777777,0.9083333333333332,1,0,0,nan
IMG_0063|r2|n10|b300|BDA-EHHO-VC-Calibrated,IMG_0063,302008.jpg,2,BDA-EHHO-VC-Calibrated,10,300,1987326251,4.036276789442848,27,7,94,300,True,2.9560845000087284,15,15,4.036276789442848,nan,nan,0,67,83,0.44666666666666666
IMG_0063|r2|n10|b600|HHO-VC,IMG_0063,302008.jpg,2,HHO-VC,10,600,1987326251,4.035611483833564,4,7,19,600,True,0.024850599991623312,34,34,4.035611483833564,nan,nan,0,0,0,nan
IMG_0063|r2|n10|b600|EHHO-VC,IMG_0063,302008.jpg,2,EHHO-VC,10,600,1987326251,4.035906890626422,2,6,19,600,True,0.15196499996818602,40,40,4.035906890626422,0.06373198604332421,0.029539202812220233,5,0,0,nan
IMG_0063|r2|n10|b600|BEHHO-VC-Calibrated,IMG_0063,302008.jpg,2,BEHHO-VC-Calibrated,10,600,1987326251,4.034831862855139,7,7,130,600,True,3.0375240999856032,60,60,4.034831862855139,0.8454444444444444,0.8300000000000001,3,0,0,nan
IMG_0063|r2|n10|b600|BDA-EHHO-VC-Calibrated,IMG_0063,302008.jpg,2,BDA-EHHO-VC-Calibrated,10,600,1987326251,4.0350792176012895,4,6,128,600,True,0.6751415999606252,30,30,4.0350792176012895,nan,nan,0,154,146,0.5133333333333333
IMG_0063|r2|n20|b300|HHO-VC,IMG_0063,302008.jpg,2,HHO-VC,20,300,1987326251,4.035578786540582,3,7,6,300,True,0.0359090999700129,9,9,4.035578786540582,nan,nan,0,0,0,nan
IMG_0063|r2|n20|b300|EHHO-VC,IMG_0063,302008.jpg,2,EHHO-VC,20,300,1987326251,4.035364258270747,3,7,11,300,True,0.03755519998958334,10,10,4.035364258270747,0.1462397950413419,0.024872083231102838,2,0,0,nan
IMG_0063|r2|n20|b300|BEHHO-VC-Calibrated,IMG_0063,302008.jpg,2,BEHHO-VC-Calibrated,20,300,1987326251,4.034893201634201,2,6,108,300,True,0.2632147000404075,15,15,4.034893201634201,0.8824166666666665,0.90875,0,0,0,nan
IMG_0063|r2|n20|b300|BDA-EHHO-VC-Calibrated,IMG_0063,302008.jpg,2,BDA-EHHO-VC-Calibrated,20,300,1987326251,4.035674341773865,153,7,181,300,True,0.11857220000820234,8,8,4.035674341773865,nan,nan,0,65,75,0.4642857142857143
IMG_0063|r2|n20|b600|HHO-VC,IMG_0063,302008.jpg,2,HHO-VC,20,600,1987326251,4.035848011067994,3,7,10,600,True,0.028848599991761148,17,17,4.035848011067994,nan,nan,0,0,0,nan
IMG_0063|r2|n20|b600|EHHO-VC,IMG_0063,302008.jpg,2,EHHO-VC,20,600,1987326251,4.034985812916525,6,7,10,600,True,0.029631000012159348,20,20,4.034985812916525,0.10172826965234519,0.02820759623508571,6,0,0,nan
IMG_0063|r2|n20|b600|BEHHO-VC-Calibrated,IMG_0063,302008.jpg,2,BEHHO-VC-Calibrated,20,600,1987326251,4.035884380911317,2,8,132,600,True,0.1685662000090815,30,30,4.035884380911317,0.8257499999999999,0.8120833333333334,1,0,0,nan
IMG_0063|r2|n20|b600|BDA-EHHO-VC-Calibrated,IMG_0063,302008.jpg,2,BDA-EHHO-VC-Calibrated,20,600,1987326251,4.036761287742714,152,8,149,600,True,0.09608489996753633,15,15,4.036761287742714,nan,nan,0,149,151,0.49666666666666665
IMG_0063|r2|n30|b300|HHO-VC,IMG_0063,302008.jpg,2,HHO-VC,30,300,1987326251,4.034499210009291,2,7,103,300,True,0.010329000011552125,6,6,4.034499210009291,nan,nan,0,0,0,nan
IMG_0063|r2|n30|b300|EHHO-VC,IMG_0063,302008.jpg,2,EHHO-VC,30,300,1987326251,4.034499210009291,2,7,103,300,True,0.013379600015468895,7,7,4.034499210009291,0.26530780019474454,0.2082293951146463,0,0,0,nan
IMG_0063|r2|n30|b300|BEHHO-VC-Calibrated,IMG_0063,302008.jpg,2,BEHHO-VC-Calibrated,30,300,1987326251,4.037177438343147,2,10,189,300,True,0.05451470002299175,10,10,4.037177438343147,0.9148518518518518,0.8792592592592592,0,0,0,nan
IMG_0063|r2|n30|b300|BDA-EHHO-VC-Calibrated,IMG_0063,302008.jpg,2,BDA-EHHO-VC-Calibrated,30,300,1987326251,4.035473608692196,161,6,129,300,True,0.025378999998793006,5,5,4.035473608692196,nan,nan,0,64,86,0.4266666666666667
IMG_0063|r2|n30|b600|HHO-VC,IMG_0063,302008.jpg,2,HHO-VC,30,600,1987326251,4.03444236819102,3,7,126,600,True,0.021517899993341416,12,12,4.03444236819102,nan,nan,0,0,0,nan
IMG_0063|r2|n30|b600|EHHO-VC,IMG_0063,302008.jpg,2,EHHO-VC,30,600,1987326251,4.034235056874164,3,7,103,600,True,0.02225939999334514,13,13,4.034235056874164,0.24135997339959775,0.18012478402348175,0,0,0,nan
IMG_0063|r2|n30|b600|BEHHO-VC-Calibrated,IMG_0063,302008.jpg,2,BEHHO-VC-Calibrated,30,600,1987326251,4.037177438343147,2,10,189,600,True,0.06133419997058809,20,20,4.037177438343147,0.907138888888889,0.9212962962962963,0,0,0,nan
IMG_0063|r2|n30|b600|BDA-EHHO-VC-Calibrated,IMG_0063,302008.jpg,2,BDA-EHHO-VC-Calibrated,30,600,1987326251,4.034942159195343,3,7,188,600,True,0.07603529997868463,10,10,4.034942159195343,nan,nan,0,141,159,0.47
IMG_0063|r3|n10|b300|HHO-VC,IMG_0063,302008.jpg,3,HHO-VC,10,300,2129093452,4.040296722261506,84,28,38,300,True,4.599899199965876,17,17,4.040296722261506,nan,nan,0,0,0,nan
IMG_0063|r3|n10|b300|EHHO-VC,IMG_0063,302008.jpg,3,EHHO-VC,10,300,2129093452,4.04057935940572,2,3,3,300,True,0.8366616999846883,20,20,4.04057935940572,0.11626101673966593,0.0023466819087818317,10,0,0,nan
IMG_0063|r3|n10|b300|BEHHO-VC-Calibrated,IMG_0063,302008.jpg,3,BEHHO-VC-Calibrated,10,300,2129093452,4.03867607011129,103,3,2,300,True,7.051313299976755,30,30,4.03867607011129,0.8586666666666666,0.8649999999999999,0,0,0,nan
IMG_0063|r3|n10|b300|BDA-EHHO-VC-Calibrated,IMG_0063,302008.jpg,3,BDA-EHHO-VC-Calibrated,10,300,2129093452,4.040214225265854,132,145,2,300,True,2.2027284000068903,15,15,4.040214225265854,nan,nan,0,67,83,0.44666666666666666
IMG_0063|r3|n10|b600|HHO-VC,IMG_0063,302008.jpg,3,HHO-VC,10,600,2129093452,4.040182134736795,74,25,35,600,True,0.44961519999196753,35,35,4.040182134736795,nan,nan,0,0,0,nan
IMG_0063|r3|n10|b600|EHHO-VC,IMG_0063,302008.jpg,3,EHHO-VC,10,600,2129093452,4.040003237804115,92,25,32,600,True,0.07876960001885891,39,39,4.040003237804115,0.13090490340486194,0.10712209064513387,9,0,0,nan
IMG_0063|r3|n10|b600|BEHHO-VC-Calibrated,IMG_0063,302008.jpg,3,BEHHO-VC-Calibrated,10,600,2129093452,4.0396250837709005,83,8,2,600,True,1.633855800027959,60,60,4.0396250837709005,0.7020555555555555,0.6866666666666666,23,0,0,nan
IMG_0063|r3|n10|b600|BDA-EHHO-VC-Calibrated,IMG_0063,302008.jpg,3,BDA-EHHO-VC-Calibrated,10,600,2129093452,4.040532493540003,128,163,26,600,True,0.6330262999981642,30,30,4.040532493540003,nan,nan,0,160,140,0.5333333333333333
IMG_0063|r3|n20|b300|HHO-VC,IMG_0063,302008.jpg,3,HHO-VC,20,300,2129093452,4.03988519665391,129,5,6,300,True,0.08896680001635104,9,9,4.03988519665391,nan,nan,0,0,0,nan
IMG_0063|r3|n20|b300|EHHO-VC,IMG_0063,302008.jpg,3,EHHO-VC,20,300,2129093452,4.0398107941092185,143,3,3,300,True,0.01203959999838844,10,10,4.0398107941092185,0.24687315150943992,0.20016607676739592,0,0,0,nan
IMG_0063|r3|n20|b300|BEHHO-VC-Calibrated,IMG_0063,302008.jpg,3,BEHHO-VC-Calibrated,20,300,2129093452,4.040757852800791,72,140,36,300,True,0.43187420000322163,15,15,4.040757852800791,0.8382222222222221,0.7783333333333333,0,0,0,nan
IMG_0063|r3|n20|b300|BDA-EHHO-VC-Calibrated,IMG_0063,302008.jpg,3,BDA-EHHO-VC-Calibrated,20,300,2129093452,4.040371819424276,133,160,2,300,True,0.19463430001633242,8,8,4.040371819424276,nan,nan,0,68,72,0.4857142857142857
IMG_0063|r3|n20|b600|HHO-VC,IMG_0063,302008.jpg,3,HHO-VC,20,600,2129093452,4.039180337135485,125,3,3,600,True,0.02604790002806112,18,18,4.039180337135485,nan,nan,0,0,0,nan
IMG_0063|r3|n20|b600|EHHO-VC,IMG_0063,302008.jpg,3,EHHO-VC,20,600,2129093452,4.039078245781474,92,5,8,600,True,0.025498799979686737,20,20,4.039078245781474,0.18970575471215648,0.139922109060594,0,0,0,nan
IMG_0063|r3|n20|b600|BEHHO-VC-Calibrated,IMG_0063,302008.jpg,3,BEHHO-VC-Calibrated,20,600,2129093452,4.039825868205029,68,152,2,600,True,0.23070409998763353,30,30,4.039825868205029,0.8569166666666668,0.8099999999999999,0,0,0,nan
IMG_0063|r3|n20|b600|BDA-EHHO-VC-Calibrated,IMG_0063,302008.jpg,3,BDA-EHHO-VC-Calibrated,20,600,2129093452,4.039594318248933,105,3,38,600,True,0.05496889998903498,15,15,4.039594318248933,nan,nan,0,137,163,0.45666666666666667
IMG_0063|r3|n30|b300|HHO-VC,IMG_0063,302008.jpg,3,HHO-VC,30,300,2129093452,4.039472971023911,92,123,2,300,True,0.010584899981040508,6,6,4.039472971023911,nan,nan,0,0,0,nan
IMG_0063|r3|n30|b300|EHHO-VC,IMG_0063,302008.jpg,3,EHHO-VC,30,300,2129093452,4.039645760114151,127,132,2,300,True,0.012696299992967397,7,7,4.039645760114151,0.3445620086732632,0.2846850725480019,0,0,0,nan
IMG_0063|r3|n30|b300|BEHHO-VC-Calibrated,IMG_0063,302008.jpg,3,BEHHO-VC-Calibrated,30,300,2129093452,4.039188031043326,128,5,2,300,True,0.023311000026296824,10,10,4.039188031043326,0.8859259259259259,0.9344444444444444,0,0,0,nan
IMG_0063|r3|n30|b300|BDA-EHHO-VC-Calibrated,IMG_0063,302008.jpg,3,BDA-EHHO-VC-Calibrated,30,300,2129093452,4.040467340491811,157,27,2,300,True,0.024921100004576147,5,5,4.040467340491811,nan,nan,0,69,81,0.46
IMG_0063|r3|n30|b600|HHO-VC,IMG_0063,302008.jpg,3,HHO-VC,30,600,2129093452,4.039645760114151,127,132,2,600,True,0.024544499989133328,12,12,4.039645760114151,nan,nan,0,0,0,nan
IMG_0063|r3|n30|b600|EHHO-VC,IMG_0063,302008.jpg,3,EHHO-VC,30,600,2129093452,4.039645760114151,127,132,2,600,True,0.029881900001782924,14,14,4.039645760114151,0.3471365788014,0.33371587001713776,0,0,0,nan
IMG_0063|r3|n30|b600|BEHHO-VC-Calibrated,IMG_0063,302008.jpg,3,BEHHO-VC-Calibrated,30,600,2129093452,4.0391428736997455,109,5,2,600,True,0.051717700029257685,20,20,4.0391428736997455,0.8970648148148148,0.8912962962962964,0,0,0,nan
IMG_0063|r3|n30|b600|BDA-EHHO-VC-Calibrated,IMG_0063,302008.jpg,3,BDA-EHHO-VC-Calibrated,30,600,2129093452,4.040321931843962,94,5,52,600,True,0.04502899997169152,10,10,4.040598376701855,nan,nan,0,143,157,0.4766666666666667
IMG_0065|r1|n10|b300|HHO-VC,IMG_0065,304074.jpg,1,HHO-VC,10,300,839736107,5.243855613410488,255,255,255,300,True,6.554188500042073,17,17,5.243855613410488,nan,nan,0,0,0,nan
IMG_0065|r1|n10|b300|EHHO-VC,IMG_0065,304074.jpg,1,EHHO-VC,10,300,839736107,5.243832533833977,254,254,254,300,True,3.0770515000331216,20,20,5.243832533833977,0.5588614249580882,0.5218150022695207,0,0,0,nan
IMG_0065|r1|n10|b300|BEHHO-VC-Calibrated,IMG_0065,304074.jpg,1,BEHHO-VC-Calibrated,10,300,839736107,5.243770292660272,220,251,255,300,True,3.699135300004855,30,30,5.243770292660272,0.6553888888888887,0.6883333333333334,19,0,0,nan
IMG_0065|r1|n10|b300|BDA-EHHO-VC-Calibrated,IMG_0065,304074.jpg,1,BDA-EHHO-VC-Calibrated,10,300,839736107,5.243694099196244,215,244,236,300,True,2.62759340001503,15,15,5.243694099196244,nan,nan,0,69,81,0.46
IMG_0065|r1|n10|b600|HHO-VC,IMG_0065,304074.jpg,1,HHO-VC,10,600,839736107,5.243832533833977,254,254,254,600,True,1.178275600017514,32,32,5.243832533833977,nan,nan,0,0,0,nan
IMG_0065|r1|n10|b600|EHHO-VC,IMG_0065,304074.jpg,1,EHHO-VC,10,600,839736107,5.243832533833977,254,254,254,600,True,0.5209769000066444,38,38,5.243832533833977,0.5742982309879376,0.7227572022098226,0,0,0,nan
IMG_0065|r1|n10|b600|BEHHO-VC-Calibrated,IMG_0065,304074.jpg,1,BEHHO-VC-Calibrated,10,600,839736107,5.243422230223058,5,87,236,600,True,1.0740318999742158,60,60,5.243422230223058,0.7950833333333335,0.79,13,0,0,nan
IMG_0065|r1|n10|b600|BDA-EHHO-VC-Calibrated,IMG_0065,304074.jpg,1,BDA-EHHO-VC-Calibrated,10,600,839736107,5.243682850657565,226,240,65,600,True,0.4342488999827765,30,30,5.243682850657565,nan,nan,0,135,165,0.45
IMG_0065|r1|n20|b300|HHO-VC,IMG_0065,304074.jpg,1,HHO-VC,20,300,839736107,5.243832533833977,254,254,254,300,True,0.03621619998011738,9,9,5.243832533833977,nan,nan,0,0,0,nan
IMG_0065|r1|n20|b300|EHHO-VC,IMG_0065,304074.jpg,1,EHHO-VC,20,300,839736107,5.243832533833977,254,254,254,300,True,0.011604400002397597,10,10,5.243832533833977,0.575247260483237,0.5796853869820124,0,0,0,nan
IMG_0065|r1|n20|b300|BEHHO-VC-Calibrated,IMG_0065,304074.jpg,1,BEHHO-VC-Calibrated,20,300,839736107,5.243703004034843,211,238,255,300,True,0.07330749998800457,15,15,5.243703004034843,0.8335833333333332,0.6566666666666666,1,0,0,nan
IMG_0065|r1|n20|b300|BDA-EHHO-VC-Calibrated,IMG_0065,304074.jpg,1,BDA-EHHO-VC-Calibrated,20,300,839736107,5.243962693363284,210,196,236,300,True,0.11141750001115724,8,8,5.243962693363284,nan,nan,0,78,62,0.5571428571428572
IMG_0065|r1|n20|b600|HHO-VC,IMG_0065,304074.jpg,1,HHO-VC,20,600,839736107,5.243832533833977,254,254,254,600,True,0.08028559997910634,17,17,5.243832533833977,nan,nan,0,0,0,nan
IMG_0065|r1|n20|b600|EHHO-VC,IMG_0065,304074.jpg,1,EHHO-VC,20,600,839736107,5.243832533833977,254,254,254,600,True,0.02772369998274371,19,19,5.243832533833977,0.5896172048664781,0.6579456559197682,0,0,0,nan
IMG_0065|r1|n20|b600|BEHHO-VC-Calibrated,IMG_0065,304074.jpg,1,BEHHO-VC-Calibrated,20,600,839736107,5.24375358182366,219,255,255,600,True,0.07094710000092164,30,30,5.24375358182366,0.8599444444444444,0.8624999999999999,2,0,0,nan
IMG_0065|r1|n20|b600|BDA-EHHO-VC-Calibrated,IMG_0065,304074.jpg,1,BDA-EHHO-VC-Calibrated,20,600,839736107,5.243683504903403,7,139,100,600,True,0.06910680001601577,15,15,5.243683504903403,nan,nan,0,148,152,0.49333333333333335
IMG_0065|r1|n30|b300|HHO-VC,IMG_0065,304074.jpg,1,HHO-VC,30,300,839736107,5.243566179473485,5,47,172,300,True,0.010819499962963164,6,6,5.243566179473485,nan,nan,0,0,0,nan
IMG_0065|r1|n30|b300|EHHO-VC,IMG_0065,304074.jpg,1,EHHO-VC,30,300,839736107,5.243334292894617,7,79,255,300,True,0.013380000018514693,7,7,5.243334292894617,0.37991240661217845,0.399643788874582,0,0,0,nan
IMG_0065|r1|n30|b300|BEHHO-VC-Calibrated,IMG_0065,304074.jpg,1,BEHHO-VC-Calibrated,30,300,839736107,5.243767525246258,255,239,253,300,True,0.024341700016520917,10,10,5.243767525246258,0.7327037037037036,0.6785185185185186,3,0,0,nan
IMG_0065|r1|n30|b300|BDA-EHHO-VC-Calibrated,IMG_0065,304074.jpg,1,BDA-EHHO-VC-Calibrated,30,300,839736107,5.2438169721651695,209,240,245,300,True,0.027406000008340925,5,5,5.2438169721651695,nan,nan,0,76,74,0.5066666666666667
IMG_0065|r1|n30|b600|HHO-VC,IMG_0065,304074.jpg,1,HHO-VC,30,600,839736107,5.243485048140625,7,79,249,600,True,0.02160759997786954,11,11,5.243485048140625,nan,nan,0,0,0,nan
IMG_0065|r1|n30|b600|EHHO-VC,IMG_0065,304074.jpg,1,EHHO-VC,30,600,839736107,5.243059443720376,7,239,254,600,True,0.024426100018899888,13,13,5.243059443720376,0.4460169242869366,0.5173213108258948,0,0,0,nan
IMG_0065|r1|n30|b600|BEHHO-VC-Calibrated,IMG_0065,304074.jpg,1,BEHHO-VC-Calibrated,30,600,839736107,5.2437788657742646,7,130,68,600,True,0.048072899982798845,20,20,5.2437788657742646,0.8425185185185187,0.7635185185185186,3,0,0,nan
IMG_0065|r1|n30|b600|BDA-EHHO-VC-Calibrated,IMG_0065,304074.jpg,1,BDA-EHHO-VC-Calibrated,30,600,839736107,5.243757218787105,254,247,251,600,True,0.044337800005450845,10,10,5.243757218787105,nan,nan,0,157,143,0.5233333333333333
IMG_0065|r2|n10|b300|HHO-VC,IMG_0065,304074.jpg,2,HHO-VC,10,300,1234979416,5.243622424025183,113,218,233,300,True,7.19041850004578,17,17,5.243622424025183,nan,nan,0,0,0,nan
IMG_0065|r2|n10|b300|EHHO-VC,IMG_0065,304074.jpg,2,EHHO-VC,10,300,1234979416,5.243800625428427,106,222,237,300,True,3.420416899956763,19,19,5.243800625428427,0.49310332723710215,0.5986091518008848,0,0,0,nan
IMG_0065|r2|n10|b300|BEHHO-VC-Calibrated,IMG_0065,304074.jpg,2,BEHHO-VC-Calibrated,10,300,1234979416,5.243325044331196,189,14,227,300,True,5.221914099995047,30,30,5.243325044331196,0.8877777777777779,0.93,0,0,0,nan
IMG_0065|r2|n10|b300|BDA-EHHO-VC-Calibrated,IMG_0065,304074.jpg,2,BDA-EHHO-VC-Calibrated,10,300,1234979416,5.243325879300529,171,10,224,300,True,1.575907200051006,15,15,5.243325879300529,nan,nan,0,83,67,0.5533333333333333
IMG_0065|r2|n10|b600|HHO-VC,IMG_0065,304074.jpg,2,HHO-VC,10,600,1234979416,5.243857878088273,83,162,180,600,True,0.7123587999958545,34,34,5.243857878088273,nan,nan,0,0,0,nan
IMG_0065|r2|n10|b600|EHHO-VC,IMG_0065,304074.jpg,2,EHHO-VC,10,600,1234979416,5.243650691729035,113,218,235,600,True,0.5590255999704823,39,39,5.243650691729035,0.49092479086870144,0.5423103201349624,0,0,0,nan
IMG_0065|r2|n10|b600|BEHHO-VC-Calibrated,IMG_0065,304074.jpg,2,BEHHO-VC-Calibrated,10,600,1234979416,5.242978370165168,4,7,224,600,True,0.5253958000103012,60,60,5.242978370165168,0.7918333333333332,0.8483333333333333,13,0,0,nan
IMG_0065|r2|n10|b600|BDA-EHHO-VC-Calibrated,IMG_0065,304074.jpg,2,BDA-EHHO-VC-Calibrated,10,600,1234979416,5.242796431234471,4,14,152,600,True,0.12852120003663003,30,30,5.242796431234471,nan,nan,0,154,146,0.5133333333333333
IMG_0065|r2|n20|b300|HHO-VC,IMG_0065,304074.jpg,2,HHO-VC,20,300,1234979416,5.2439826454563265,2,6,4,300,True,0.04022129997611046,8,8,5.2439826454563265,nan,nan,0,0,0,nan
IMG_0065|r2|n20|b300|EHHO-VC,IMG_0065,304074.jpg,2,EHHO-VC,20,300,1234979416,5.243838309775781,3,14,12,300,True,0.04646129999309778,10,10,5.243838309775781,0.28691001853700404,0.027472173237588576,1,0,0,nan
IMG_0065|r2|n20|b300|BEHHO-VC-Calibrated,IMG_0065,304074.jpg,2,BEHHO-VC-Calibrated,20,300,1234979416,5.243452190648026,24,14,180,300,True,0.02657280000858009,15,15,5.243452190648026,0.9028333333333334,0.9133333333333332,0,0,0,nan
IMG_0065|r2|n20|b300|BDA-EHHO-VC-Calibrated,IMG_0065,304074.jpg,2,BDA-EHHO-VC-Calibrated,20,300,1234979416,5.243690387248788,9,128,172,300,True,0.03187210002215579,8,8,5.243690387248788,nan,nan,0,70,70,0.5
IMG_0065|r2|n20|b600|HHO-VC,IMG_0065,304074.jpg,2,HHO-VC,20,600,1234979416,5.243062827429763,9,14,14,600,True,0.026699700043536723,17,17,5.243062827429763,nan,nan,0,0,0,nan
IMG_0065|r2|n20|b600|EHHO-VC,IMG_0065,304074.jpg,2,EHHO-VC,20,600,1234979416,5.243843976635137,148,224,224,600,True,0.05055939999874681,20,20,5.243843976635137,0.5239612773245622,0.5891866976654953,0,0,0,nan
IMG_0065|r2|n20|b600|BEHHO-VC-Calibrated,IMG_0065,304074.jpg,2,BEHHO-VC-Calibrated,20,600,1234979416,5.243316029286518,92,14,180,600,True,0.07074159994954243,30,30,5.243316029286518,0.9090555555555554,0.9291666666666667,0,0,0,nan
IMG_0065|r2|n20|b600|BDA-EHHO-VC-Calibrated,IMG_0065,304074.jpg,2,BDA-EHHO-VC-Calibrated,20,600,1234979416,5.243364992861429,9,143,250,600,True,0.06989340001018718,15,15,5.243431210440517,nan,nan,0,144,156,0.48
IMG_0065|r2|n30|b300|HHO-VC,IMG_0065,304074.jpg,2,HHO-VC,30,300,1234979416,5.2439196556223,83,162,172,300,True,0.011013399984221905,6,6,5.2439196556223,nan,nan,0,0,0,nan
IMG_0065|r2|n30|b300|EHHO-VC,IMG_0065,304074.jpg,2,EHHO-VC,30,300,1234979416,5.243689125197814,83,239,230,300,True,0.012868999969214201,7,7,5.243689125197814,0.5022309745066916,0.4879411737889217,0,0,0,nan
IMG_0065|r2|n30|b300|BEHHO-VC-Calibrated,IMG_0065,304074.jpg,2,BEHHO-VC-Calibrated,30,300,1234979416,5.243355054800944,126,7,22,300,True,0.02596639998955652,10,10,5.243355054800944,0.951537037037037,0.9290740740740739,0,0,0,nan
IMG_0065|r2|n30|b300|BDA-EHHO-VC-Calibrated,IMG_0065,304074.jpg,2,BDA-EHHO-VC-Calibrated,30,300,1234979416,5.242860866695412,5,14,96,300,True,0.023455799964722246,5,5,5.242860866695412,nan,nan,0,75,75,0.5
IMG_0065|r2|n30|b600|HHO-VC,IMG_0065,304074.jpg,2,HHO-VC,30,600,1234979416,5.243614288405328,113,223,223,600,True,0.02263319998746738,11,11,5.243614288405328,nan,nan,0,0,0,nan
IMG_0065|r2|n30|b600|EHHO-VC,IMG_0065,304074.jpg,2,EHHO-VC,30,600,1234979416,5.2435636530959355,74,232,219,600,True,0.02319609996629879,13,13,5.2435636530959355,0.48726635675576624,0.4822587548806375,0,0,0,nan
IMG_0065|r2|n30|b600|BEHHO-VC-Calibrated,IMG_0065,304074.jpg,2,BEHHO-VC-Calibrated,30,600,1234979416,5.2432241695434865,124,7,22,600,True,0.07412499998463318,20,20,5.2432241695434865,0.9542685185185187,0.9611111111111112,0,0,0,nan
IMG_0065|r2|n30|b600|BDA-EHHO-VC-Calibrated,IMG_0065,304074.jpg,2,BDA-EHHO-VC-Calibrated,30,600,1234979416,5.243092397846538,5,80,192,600,True,0.0445899999467656,10,10,5.243092397846538,nan,nan,0,145,155,0.48333333333333334
IMG_0065|r3|n10|b300|HHO-VC,IMG_0065,304074.jpg,3,HHO-VC,10,300,1783862904,5.241868232815576,235,148,151,300,True,7.760433099989314,18,18,5.241868232815576,nan,nan,0,0,0,nan
IMG_0065|r3|n10|b300|EHHO-VC,IMG_0065,304074.jpg,3,EHHO-VC,10,300,1783862904,5.242017486840206,238,148,151,300,True,3.2678434000117704,21,21,5.242017486840206,0.45810415784529535,0.47412243124454784,0,0,0,nan
IMG_0065|r3|n10|b300|BEHHO-VC-Calibrated,IMG_0065,304074.jpg,3,BEHHO-VC-Calibrated,10,300,1783862904,5.2417901699836955,236,46,18,300,True,5.593373899988364,30,30,5.2417901699836955,0.8937777777777779,0.8916666666666666,0,0,0,nan
IMG_0065|r3|n10|b300|BDA-EHHO-VC-Calibrated,IMG_0065,304074.jpg,3,BDA-EHHO-VC-Calibrated,10,300,1783862904,5.240987980649325,19,74,9,300,True,1.2670365999802016,15,15,5.240987980649325,nan,nan,0,79,71,0.5266666666666666
IMG_0065|r3|n10|b600|HHO-VC,IMG_0065,304074.jpg,3,HHO-VC,10,600,1783862904,5.241059566569679,52,8,9,600,True,0.3142189999925904,32,32,5.241059566569679,nan,nan,0,0,0,nan
IMG_0065|r3|n10|b600|EHHO-VC,IMG_0065,304074.jpg,3,EHHO-VC,10,600,1783862904,5.241256153602444,38,7,9,600,True,0.028536199999507517,37,37,5.241256153602444,0.14214656714870727,0.05298640850208906,1,0,0,nan
IMG_0065|r3|n10|b600|BEHHO-VC-Calibrated,IMG_0065,304074.jpg,3,BEHHO-VC-Calibrated,10,600,1783862904,5.241612166061676,223,90,12,600,True,0.9810872999951243,60,60,5.241612166061676,0.8864166666666666,0.875,0,0,0,nan
IMG_0065|r3|n10|b600|BDA-EHHO-VC-Calibrated,IMG_0065,304074.jpg,3,BDA-EHHO-VC-Calibrated,10,600,1783862904,5.242050273716493,231,112,174,600,True,0.24013540003215894,30,30,5.242050273716493,nan,nan,0,148,152,0.49333333333333335
IMG_0065|r3|n20|b300|HHO-VC,IMG_0065,304074.jpg,3,HHO-VC,20,300,1783862904,5.242017486840206,238,148,151,300,True,0.04572190000908449,9,9,5.242017486840206,nan,nan,0,0,0,nan
IMG_0065|r3|n20|b300|EHHO-VC,IMG_0065,304074.jpg,3,EHHO-VC,20,300,1783862904,5.241239638383949,39,8,9,300,True,0.013597499986644834,10,10,5.241239638383949,0.34847151870554266,0.0807634775939042,0,0,0,nan
IMG_0065|r3|n20|b300|BEHHO-VC-Calibrated,IMG_0065,304074.jpg,3,BEHHO-VC-Calibrated,20,300,1783862904,5.241592259223897,15,109,12,300,True,0.03985930001363158,15,15,5.241592259223897,0.9211111111111111,0.8658333333333333,0,0,0,nan
IMG_0065|r3|n20|b300|BDA-EHHO-VC-Calibrated,IMG_0065,304074.jpg,3,BDA-EHHO-VC-Calibrated,20,300,1783862904,5.241189767634912,255,118,9,300,True,0.033152999996673316,8,8,5.241189767634912,nan,nan,0,79,61,0.5642857142857143
IMG_0065|r3|n20|b600|HHO-VC,IMG_0065,304074.jpg,3,HHO-VC,20,600,1783862904,5.240766845313305,22,8,9,600,True,0.031865700031630695,16,16,5.240766845313305,nan,nan,0,0,0,nan
IMG_0065|r3|n20|b600|EHHO-VC,IMG_0065,304074.jpg,3,EHHO-VC,20,600,1783862904,5.2418819393257,234,148,151,600,True,0.030605999985709786,19,19,5.2418819393257,0.4761901374955089,0.42269139518442544,0,0,0,nan
IMG_0065|r3|n20|b600|BEHHO-VC-Calibrated,IMG_0065,304074.jpg,3,BEHHO-VC-Calibrated,20,600,1783862904,5.241592259223897,15,109,12,600,True,0.051237499981652945,30,30,5.241592259223897,0.9217361111111111,0.9025,0,0,0,nan
IMG_0065|r3|n20|b600|BDA-EHHO-VC-Calibrated,IMG_0065,304074.jpg,3,BDA-EHHO-VC-Calibrated,20,600,1783862904,5.24112252109195,242,182,9,600,True,0.04580209997948259,15,15,5.24112252109195,nan,nan,0,142,158,0.47333333333333333
IMG_0065|r3|n30|b300|HHO-VC,IMG_0065,304074.jpg,3,HHO-VC,30,300,1783862904,5.241802581903913,50,7,9,300,True,0.012603799987118691,6,6,5.241802581903913,nan,nan,0,0,0,nan
IMG_0065|r3|n30|b300|EHHO-VC,IMG_0065,304074.jpg,3,EHHO-VC,30,300,1783862904,5.241975195830281,235,150,154,300,True,0.01366789999883622,7,7,5.241975195830281,0.48930880893820833,0.6079509724220648,0,0,0,nan
IMG_0065|r3|n30|b300|BEHHO-VC-Calibrated,IMG_0065,304074.jpg,3,BEHHO-VC-Calibrated,30,300,1783862904,5.241651291579557,214,235,9,300,True,0.023143100028391927,10,10,5.241651291579557,0.947574074074074,0.9590740740740739,0,0,0,nan
IMG_0065|r3|n30|b300|BDA-EHHO-VC-Calibrated,IMG_0065,304074.jpg,3,BDA-EHHO-VC-Calibrated,30,300,1783862904,5.241117993455451,162,93,9,300,True,0.022405299998354167,5,5,5.2413094896032275,nan,nan,0,69,81,0.46
IMG_0065|r3|n30|b600|HHO-VC,IMG_0065,304074.jpg,3,HHO-VC,30,600,1783862904,5.241988902340404,234,150,154,600,True,0.02159459999529645,11,11,5.241988902340404,nan,nan,0,0,0,nan
IMG_0065|r3|n30|b600|EHHO-VC,IMG_0065,304074.jpg,3,EHHO-VC,30,600,1783862904,5.241975195830281,235,150,154,600,True,0.024576299998443574,13,13,5.241975195830281,0.5094330793341537,0.512917193577132,0,0,0,nan
IMG_0065|r3|n30|b600|BEHHO-VC-Calibrated,IMG_0065,304074.jpg,3,BEHHO-VC-Calibrated,30,600,1783862904,5.241979546458998,235,39,178,600,True,0.06876419996842742,20,20,5.241979546458998,0.9453888888888888,0.9162962962962963,0,0,0,nan
IMG_0065|r3|n30|b600|BDA-EHHO-VC-Calibrated,IMG_0065,304074.jpg,3,BDA-EHHO-VC-Calibrated,30,600,1783862904,5.241078205172136,183,158,9,600,True,0.04876279999734834,10,10,5.241078205172136,nan,nan,0,153,147,0.51
IMG_0067|r1|n10|b300|HHO-VC,IMG_0067,3096.jpg,1,HHO-VC,10,300,1774026926,5.81244268779501,255,230,255,300,True,6.565365599992219,17,17,5.81244268779501,nan,nan,0,0,0,nan
IMG_0067|r1|n10|b300|EHHO-VC,IMG_0067,3096.jpg,1,EHHO-VC,10,300,1774026926,5.812445414590563,222,153,206,300,True,2.6308686999836937,20,20,5.812445414590563,0.5554661894832987,0.5719317294289257,0,0,0,nan
IMG_0067|r1|n10|b300|BEHHO-VC-Calibrated,IMG_0067,3096.jpg,1,BEHHO-VC-Calibrated,10,300,1774026926,5.81195575436944,254,55,107,300,True,4.15320729999803,30,30,5.81195575436944,0.7799444444444443,0.9433333333333332,9,0,0,nan
IMG_0067|r1|n10|b300|BDA-EHHO-VC-Calibrated,IMG_0067,3096.jpg,1,BDA-EHHO-VC-Calibrated,10,300,1774026926,5.812354231305405,235,122,189,300,True,2.1737248999997973,15,15,5.812354231305405,nan,nan,0,73,77,0.4866666666666667
IMG_0067|r1|n10|b600|HHO-VC,IMG_0067,3096.jpg,1,HHO-VC,10,600,1774026926,5.812360398629051,255,227,255,600,True,1.415335799974855,33,33,5.812360398629051,nan,nan,0,0,0,nan
IMG_0067|r1|n10|b600|EHHO-VC,IMG_0067,3096.jpg,1,EHHO-VC,10,600,1774026926,5.812360398629051,255,227,255,600,True,0.6733521999558434,39,39,5.812360398629051,0.5830618912186427,0.6360707356292954,0,0,0,nan
IMG_0067|r1|n10|b600|BEHHO-VC-Calibrated,IMG_0067,3096.jpg,1,BEHHO-VC-Calibrated,10,600,1774026926,5.811912944933198,255,86,121,600,True,0.6412908000056632,60,60,5.811912944933198,0.7839999999999999,0.8916666666666666,13,0,0,nan
IMG_0067|r1|n10|b600|BDA-EHHO-VC-Calibrated,IMG_0067,3096.jpg,1,BDA-EHHO-VC-Calibrated,10,600,1774026926,5.811657311491288,254,57,205,600,True,0.24545640003634617,30,30,5.811657311491288,nan,nan,0,155,145,0.5166666666666667
IMG_0067|r1|n20|b300|HHO-VC,IMG_0067,3096.jpg,1,HHO-VC,20,300,1774026926,5.812079044916718,255,156,222,300,True,0.1772818000172265,8,8,5.812079044916718,nan,nan,0,0,0,nan
IMG_0067|r1|n20|b300|EHHO-VC,IMG_0067,3096.jpg,1,EHHO-VC,20,300,1774026926,5.812057961903986,255,157,222,300,True,0.038547600037418306,10,10,5.812057961903986,0.5739905459414376,0.5167182270521672,0,0,0,nan
IMG_0067|r1|n20|b300|BEHHO-VC-Calibrated,IMG_0067,3096.jpg,1,BEHHO-VC-Calibrated,20,300,1774026926,5.812266210885784,255,251,223,300,True,0.0749045999837108,15,15,5.812266210885784,0.7162777777777778,0.6224999999999999,5,0,0,nan
IMG_0067|r1|n20|b300|BDA-EHHO-VC-Calibrated,IMG_0067,3096.jpg,1,BDA-EHHO-VC-Calibrated,20,300,1774026926,5.812243304019365,5,66,205,300,True,0.026165499992202967,8,8,5.812243304019365,nan,nan,0,68,72,0.4857142857142857
IMG_0067|r1|n20|b600|HHO-VC,IMG_0067,3096.jpg,1,HHO-VC,20,600,1774026926,5.811843597411471,255,128,216,600,True,0.023789500002749264,17,17,5.811843597411471,nan,nan,0,0,0,nan
IMG_0067|r1|n20|b600|EHHO-VC,IMG_0067,3096.jpg,1,EHHO-VC,20,600,1774026926,5.8118484753615824,255,128,218,600,True,0.05072580004343763,20,20,5.8118484753615824,0.5527935899886659,0.5857987772761504,0,0,0,nan
IMG_0067|r1|n20|b600|BEHHO-VC-Calibrated,IMG_0067,3096.jpg,1,BEHHO-VC-Calibrated,20,600,1774026926,5.812029486736475,255,62,255,600,True,0.056002400000579655,30,30,5.812029486736475,0.7863194444444443,0.7658333333333335,4,0,0,nan
IMG_0067|r1|n20|b600|BDA-EHHO-VC-Calibrated,IMG_0067,3096.jpg,1,BDA-EHHO-VC-Calibrated,20,600,1774026926,5.8120663744333525,199,71,217,600,True,0.05908899998757988,15,15,5.8120663744333525,nan,nan,0,142,158,0.47333333333333333
IMG_0067|r1|n30|b300|HHO-VC,IMG_0067,3096.jpg,1,HHO-VC,30,300,1774026926,5.811745709602143,255,109,204,300,True,0.01608699996722862,6,6,5.811745709602143,nan,nan,0,0,0,nan
IMG_0067|r1|n30|b300|EHHO-VC,IMG_0067,3096.jpg,1,EHHO-VC,30,300,1774026926,5.811687860561778,255,99,188,300,True,0.01765210001030937,7,7,5.811687860561778,0.5176311580437097,0.5884517327460167,0,0,0,nan
IMG_0067|r1|n30|b300|BEHHO-VC-Calibrated,IMG_0067,3096.jpg,1,BEHHO-VC-Calibrated,30,300,1774026926,5.811688938251659,255,101,216,300,True,0.03901649999897927,10,10,5.811688938251659,0.8913888888888888,0.8770370370370371,0,0,0,nan
IMG_0067|r1|n30|b300|BDA-EHHO-VC-Calibrated,IMG_0067,3096.jpg,1,BDA-EHHO-VC-Calibrated,30,300,1774026926,5.811666224693824,254,55,203,300,True,0.022555599978659302,5,5,5.811666224693824,nan,nan,0,69,81,0.46
IMG_0067|r1|n30|b600|HHO-VC,IMG_0067,3096.jpg,1,HHO-VC,30,600,1774026926,5.811743328392965,255,100,189,600,True,0.022029199986718595,12,12,5.811743328392965,nan,nan,0,0,0,nan
IMG_0067|r1|n30|b600|EHHO-VC,IMG_0067,3096.jpg,1,EHHO-VC,30,600,1774026926,5.811708589471093,255,109,205,600,True,0.025251299957744777,13,13,5.811708589471093,0.5224391501082877,0.5105270070241309,0,0,0,nan
IMG_0067|r1|n30|b600|BEHHO-VC-Calibrated,IMG_0067,3096.jpg,1,BEHHO-VC-Calibrated,30,600,1774026926,5.811637233467878,255,68,210,600,True,0.051990200008731335,20,20,5.811637233467878,0.8835740740740741,0.9087037037037038,0,0,0,nan
IMG_0067|r1|n30|b600|BDA-EHHO-VC-Calibrated,IMG_0067,3096.jpg,1,BDA-EHHO-VC-Calibrated,30,600,1774026926,5.81197854635284,248,47,207,600,True,0.04340369999408722,10,10,5.81197854635284,nan,nan,0,142,158,0.47333333333333333
IMG_0067|r2|n10|b300|HHO-VC,IMG_0067,3096.jpg,2,HHO-VC,10,300,1502492182,5.812247324326502,146,118,188,300,True,5.688535000022966,17,17,5.812247324326502,nan,nan,0,0,0,nan
IMG_0067|r2|n10|b300|EHHO-VC,IMG_0067,3096.jpg,2,EHHO-VC,10,300,1502492182,5.812407072898128,141,111,182,300,True,3.590674399980344,19,19,5.812407072898128,0.4619357311474183,0.43030863838342015,0,0,0,nan
IMG_0067|r2|n10|b300|BEHHO-VC-Calibrated,IMG_0067,3096.jpg,2,BEHHO-VC-Calibrated,10,300,1502492182,5.812458482415569,63,123,175,300,True,3.0594764000270516,30,30,5.812458482415569,0.8683888888888888,0.8099999999999999,0,0,0,nan
IMG_0067|r2|n10|b300|BDA-EHHO-VC-Calibrated,IMG_0067,3096.jpg,2,BDA-EHHO-VC-Calibrated,10,300,1502492182,5.812448612124519,129,151,248,300,True,1.2976921999943443,15,15,5.812448612124519,nan,nan,0,69,81,0.46
IMG_0067|r2|n10|b600|HHO-VC,IMG_0067,3096.jpg,2,HHO-VC,10,600,1502492182,5.812165177524349,146,118,177,600,True,0.9057424999773502,33,33,5.812165177524349,nan,nan,0,0,0,nan
IMG_0067|r2|n10|b600|EHHO-VC,IMG_0067,3096.jpg,2,EHHO-VC,10,600,1502492182,5.812165177524349,146,118,177,600,True,0.17649789998540655,39,39,5.812165177524349,0.4295570916800142,0.43145033558185275,0,0,0,nan
IMG_0067|r2|n10|b600|BEHHO-VC-Calibrated,IMG_0067,3096.jpg,2,BEHHO-VC-Calibrated,10,600,1502492182,5.812348290571289,223,118,190,600,True,0.3963825000100769,60,60,5.812348290571289,0.8583888888888891,0.9116666666666666,1,0,0,nan
IMG_0067|r2|n10|b600|BDA-EHHO-VC-Calibrated,IMG_0067,3096.jpg,2,BDA-EHHO-VC-Calibrated,10,600,1502492182,5.812081196687686,102,123,247,600,True,0.10061349999159575,30,30,5.812081196687686,nan,nan,0,139,161,0.4633333333333333
IMG_0067|r2|n20|b300|HHO-VC,IMG_0067,3096.jpg,2,HHO-VC,20,300,1502492182,5.8123245803373464,182,125,240,300,True,0.021879600011743605,8,8,5.8123245803373464,nan,nan,0,0,0,nan
IMG_0067|r2|n20|b300|EHHO-VC,IMG_0067,3096.jpg,2,EHHO-VC,20,300,1502492182,5.812340075251954,142,97,185,300,True,0.015707499987911433,9,9,5.812340075251954,0.4626958855460295,0.35679968561693054,0,0,0,nan
IMG_0067|r2|n20|b300|BEHHO-VC-Calibrated,IMG_0067,3096.jpg,2,BEHHO-VC-Calibrated,20,300,1502492182,5.812406870788322,135,149,190,300,True,0.0294319000095129,15,15,5.812406870788322,0.9018333333333332,0.77,0,0,0,nan
IMG_0067|r2|n20|b300|BDA-EHHO-VC-Calibrated,IMG_0067,3096.jpg,2,BDA-EHHO-VC-Calibrated,20,300,1502492182,5.8123136946500695,101,117,247,300,True,0.06559129996458068,8,8,5.8123136946500695,nan,nan,0,77,63,0.55
IMG_0067|r2|n20|b600|HHO-VC,IMG_0067,3096.jpg,2,HHO-VC,20,600,1502492182,5.812264211920845,181,125,243,600,True,0.03152580000460148,16,16,5.812264211920845,nan,nan,0,0,0,nan
IMG_0067|r2|n20|b600|EHHO-VC,IMG_0067,3096.jpg,2,EHHO-VC,20,600,1502492182,5.812280238895706,182,124,240,600,True,0.03582670004107058,19,19,5.812280238895706,0.5056945687744112,0.47436810058845946,0,0,0,nan
IMG_0067|r2|n20|b600|BEHHO-VC-Calibrated,IMG_0067,3096.jpg,2,BEHHO-VC-Calibrated,20,600,1502492182,5.812393097118977,142,152,196,600,True,0.059770099993329495,30,30,5.812393097118977,0.9227916666666666,0.9158333333333334,0,0,0,nan
IMG_0067|r2|n20|b600|BDA-EHHO-VC-Calibrated,IMG_0067,3096.jpg,2,BDA-EHHO-VC-Calibrated,20,600,1502492182,5.8123136946500695,101,117,247,600,True,0.07538369996473193,15,15,5.8123136946500695,nan,nan,0,150,150,0.5
IMG_0067|r2|n30|b300|HHO-VC,IMG_0067,3096.jpg,2,HHO-VC,30,300,1502492182,5.812357156947524,142,104,186,300,True,0.014932800026144832,6,6,5.812357156947524,nan,nan,0,0,0,nan
IMG_0067|r2|n30|b300|EHHO-VC,IMG_0067,3096.jpg,2,EHHO-VC,30,300,1502492182,5.812212019711468,147,118,187,300,True,0.02506870002252981,7,7,5.812212019711468,0.4401710189117504,0.39054498090057493,0,0,0,nan
IMG_0067|r2|n30|b300|BEHHO-VC-Calibrated,IMG_0067,3096.jpg,2,BEHHO-VC-Calibrated,30,300,1502492182,5.812404085722068,233,125,248,300,True,0.04783100000349805,10,10,5.812404085722068,0.9366481481481481,0.8822222222222221,0,0,0,nan
IMG_0067|r2|n30|b300|BDA-EHHO-VC-Calibrated,IMG_0067,3096.jpg,2,BDA-EHHO-VC-Calibrated,30,300,1502492182,5.81209978088075,182,123,195,300,True,0.03217740001855418,5,5,5.812494832282707,nan,nan,0,79,71,0.5266666666666666
IMG_0067|r2|n30|b600|HHO-VC,IMG_0067,3096.jpg,2,HHO-VC,30,600,1502492182,5.812311553797528,141,99,182,600,True,0.03387569996993989,11,11,5.812311553797528,nan,nan,0,0,0,nan
IMG_0067|r2|n30|b600|EHHO-VC,IMG_0067,3096.jpg,2,EHHO-VC,30,600,1502492182,5.812335955785961,142,99,190,600,True,0.036905799992382526,13,13,5.812335955785961,0.4584578049404324,0.4922881091134046,0,0,0,nan
IMG_0067|r2|n30|b600|BEHHO-VC-Calibrated,IMG_0067,3096.jpg,2,BEHHO-VC-Calibrated,30,600,1502492182,5.812331825434037,114,124,251,600,True,0.07003140001324937,20,20,5.812331825434037,0.9286759259259257,0.8424074074074075,0,0,0,nan
IMG_0067|r2|n30|b600|BDA-EHHO-VC-Calibrated,IMG_0067,3096.jpg,2,BDA-EHHO-VC-Calibrated,30,600,1502492182,5.812217777121272,178,123,243,600,True,0.0715341999894008,10,10,5.812217777121272,nan,nan,0,141,159,0.47
IMG_0067|r3|n10|b300|HHO-VC,IMG_0067,3096.jpg,3,HHO-VC,10,300,775071877,5.810146128278471,198,255,255,300,True,5.402740699995775,17,17,5.810146128278471,nan,nan,0,0,0,nan
IMG_0067|r3|n10|b300|EHHO-VC,IMG_0067,3096.jpg,3,EHHO-VC,10,300,775071877,5.810146128278471,198,255,255,300,True,1.9668069999897853,20,20,5.810146128278471,0.5883019481217356,0.6114724179045684,0,0,0,nan
IMG_0067|r3|n10|b300|BEHHO-VC-Calibrated,IMG_0067,3096.jpg,3,BEHHO-VC-Calibrated,10,300,775071877,5.81029338504137,191,251,255,300,True,3.6510721999802627,30,30,5.81029338504137,0.8068333333333332,0.8000000000000002,5,0,0,nan
IMG_0067|r3|n10|b300|BDA-EHHO-VC-Calibrated,IMG_0067,3096.jpg,3,BDA-EHHO-VC-Calibrated,10,300,775071877,5.8102212003395195,166,251,249,300,True,1.442965299997013,15,15,5.8102212003395195,nan,nan,0,74,76,0.49333333333333335
IMG_0067|r3|n10|b600|HHO-VC,IMG_0067,3096.jpg,3,HHO-VC,10,600,775071877,5.810125725539444,198,250,250,600,True,0.9595704000093974,33,33,5.810125725539444,nan,nan,0,0,0,nan
IMG_0067|r3|n10|b600|EHHO-VC,IMG_0067,3096.jpg,3,EHHO-VC,10,600,775071877,5.8101470563904165,198,253,254,600,True,0.5483787999837659,38,38,5.8101470563904165,0.5456632090805307,0.6308458584632471,0,0,0,nan
IMG_0067|r3|n10|b600|BEHHO-VC-Calibrated,IMG_0067,3096.jpg,3,BEHHO-VC-Calibrated,10,600,775071877,5.810191699764033,182,251,253,600,True,0.30177940003341064,60,60,5.810191699764033,0.8086944444444446,0.6699999999999999,10,0,0,nan
IMG_0067|r3|n10|b600|BDA-EHHO-VC-Calibrated,IMG_0067,3096.jpg,3,BDA-EHHO-VC-Calibrated,10,600,775071877,5.810255650438758,158,240,255,600,True,0.1833121000090614,30,30,5.810255650438758,nan,nan,0,151,149,0.5033333333333333
IMG_0067|r3|n20|b300|HHO-VC,IMG_0067,3096.jpg,3,HHO-VC,20,300,775071877,5.810146128278471,198,255,255,300,True,0.027698000019881874,9,9,5.810146128278471,nan,nan,0,0,0,nan
IMG_0067|r3|n20|b300|EHHO-VC,IMG_0067,3096.jpg,3,EHHO-VC,20,300,775071877,5.810146128278471,198,255,255,300,True,0.007943800010252744,10,10,5.810146128278471,0.5869089432727016,0.5774821772990282,0,0,0,nan
IMG_0067|r3|n20|b300|BEHHO-VC-Calibrated,IMG_0067,3096.jpg,3,BEHHO-VC-Calibrated,20,300,775071877,5.810232167770778,162,237,254,300,True,0.018378100008703768,15,15,5.810232167770778,0.9064166666666665,0.9049999999999999,0,0,0,nan
IMG_0067|r3|n20|b300|BDA-EHHO-VC-Calibrated,IMG_0067,3096.jpg,3,BDA-EHHO-VC-Calibrated,20,300,775071877,5.810433822052573,163,242,32,300,True,0.03474050003569573,8,8,5.810433822052573,nan,nan,0,72,68,0.5142857142857142
IMG_0067|r3|n20|b600|HHO-VC,IMG_0067,3096.jpg,3,HHO-VC,20,600,775071877,5.8101302884095105,198,249,249,600,True,0.015704700024798512,17,17,5.8101302884095105,nan,nan,0,0,0,nan
IMG_0067|r3|n20|b600|EHHO-VC,IMG_0067,3096.jpg,3,EHHO-VC,20,600,775071877,5.810129435254357,198,253,253,600,True,0.018679100030567497,19,19,5.810129435254357,0.5673903279420524,0.4716163895524139,0,0,0,nan
IMG_0067|r3|n20|b600|BEHHO-VC-Calibrated,IMG_0067,3096.jpg,3,BEHHO-VC-Calibrated,20,600,775071877,5.81017685468101,157,237,253,600,True,0.03630080004222691,30,30,5.81017685468101,0.9041805555555553,0.95375,0,0,0,nan
IMG_0067|r3|n20|b600|BDA-EHHO-VC-Calibrated,IMG_0067,3096.jpg,3,BDA-EHHO-VC-Calibrated,20,600,775071877,5.810337877160518,161,247,29,600,True,0.03542999998899177,15,15,5.810337877160518,nan,nan,0,150,150,0.5
IMG_0067|r3|n30|b300|HHO-VC,IMG_0067,3096.jpg,3,HHO-VC,30,300,775071877,5.810197100853436,200,255,255,300,True,0.008703799976501614,6,6,5.810197100853436,nan,nan,0,0,0,nan
IMG_0067|r3|n30|b300|EHHO-VC,IMG_0067,3096.jpg,3,EHHO-VC,30,300,775071877,5.810197100853436,200,255,255,300,True,0.010363000037614256,7,7,5.810197100853436,0.5996215849650408,0.6779674617840974,0,0,0,nan
IMG_0067|r3|n30|b300|BEHHO-VC-Calibrated,IMG_0067,3096.jpg,3,BEHHO-VC-Calibrated,30,300,775071877,5.81022783357631,157,255,245,300,True,0.022699300025124103,10,10,5.81022783357631,0.8814259259259261,0.6657407407407406,0,0,0,nan
IMG_0067|r3|n30|b300|BDA-EHHO-VC-Calibrated,IMG_0067,3096.jpg,3,BDA-EHHO-VC-Calibrated,30,300,775071877,5.8104461963540714,162,250,18,300,True,0.02208039996912703,5,5,5.8104461963540714,nan,nan,0,74,76,0.49333333333333335
IMG_0067|r3|n30|b600|HHO-VC,IMG_0067,3096.jpg,3,HHO-VC,30,600,775071877,5.810146128278471,198,255,255,600,True,0.021433599991723895,11,11,5.810146128278471,nan,nan,0,0,0,nan
IMG_0067|r3|n30|b600|EHHO-VC,IMG_0067,3096.jpg,3,EHHO-VC,30,600,775071877,5.810129435254357,198,253,253,600,True,0.023044600035063922,13,13,5.810129435254357,0.5668892710663344,0.5199031748468071,0,0,0,nan
IMG_0067|r3|n30|b600|BEHHO-VC-Calibrated,IMG_0067,3096.jpg,3,BEHHO-VC-Calibrated,30,600,775071877,5.8102384064021875,181,247,253,600,True,0.052373799961060286,20,20,5.8102384064021875,0.8904166666666666,0.8812962962962964,1,0,0,nan
IMG_0067|r3|n30|b600|BDA-EHHO-VC-Calibrated,IMG_0067,3096.jpg,3,BDA-EHHO-VC-Calibrated,30,600,775071877,5.810439194674548,162,252,2,600,True,0.06007780000800267,10,10,5.810439194674548,nan,nan,0,140,160,0.4666666666666667
IMG_0076|r1|n10|b300|HHO-VC,IMG_0076,41033.jpg,1,HHO-VC,10,300,996011701,4.883370763666605,166,115,232,300,True,5.3321276000351645,18,18,4.883370763666605,nan,nan,0,0,0,nan
IMG_0076|r1|n10|b300|EHHO-VC,IMG_0076,41033.jpg,1,EHHO-VC,10,300,996011701,4.883370763666605,166,115,232,300,True,2.3227117999922484,20,20,4.883370763666605,0.5033664808547276,0.48685091478402304,0,0,0,nan
IMG_0076|r1|n10|b300|BEHHO-VC-Calibrated,IMG_0076,41033.jpg,1,BEHHO-VC-Calibrated,10,300,996011701,4.88351222766255,222,2,216,300,True,3.5979082999983802,30,30,4.88351222766255,0.8448333333333333,0.7583333333333333,1,0,0,nan
IMG_0076|r1|n10|b300|BDA-EHHO-VC-Calibrated,IMG_0076,41033.jpg,1,BDA-EHHO-VC-Calibrated,10,300,996011701,4.882459963854148,191,7,232,300,True,1.1669380000093952,15,15,4.882459963854148,nan,nan,0,81,69,0.54
IMG_0076|r1|n10|b600|HHO-VC,IMG_0076,41033.jpg,1,HHO-VC,10,600,996011701,4.883370763666605,166,115,232,600,True,0.8143979000160471,33,33,4.883370763666605,nan,nan,0,0,0,nan
IMG_0076|r1|n10|b600|EHHO-VC,IMG_0076,41033.jpg,1,EHHO-VC,10,600,996011701,4.883370763666605,166,115,232,600,True,0.5072520999819972,39,39,4.883370763666605,0.4938340379358603,0.5202232698826513,0,0,0,nan
IMG_0076|r1|n10|b600|BEHHO-VC-Calibrated,IMG_0076,41033.jpg,1,BEHHO-VC-Calibrated,10,600,996011701,4.882832146960848,170,2,64,600,True,0.714817599975504,60,60,4.882832146960848,0.8030555555555556,0.8216666666666667,9,0,0,nan
IMG_0076|r1|n10|b600|BDA-EHHO-VC-Calibrated,IMG_0076,41033.jpg,1,BDA-EHHO-VC-Calibrated,10,600,996011701,4.882662228329504,159,7,237,600,True,0.19694989995332435,30,30,4.882662228329504,nan,nan,0,156,144,0.52
IMG_0076|r1|n20|b300|HHO-VC,IMG_0076,41033.jpg,1,HHO-VC,20,300,996011701,4.883217264265227,175,116,255,300,True,0.007830100017599761,9,9,4.883217264265227,nan,nan,0,0,0,nan
IMG_0076|r1|n20|b300|EHHO-VC,IMG_0076,41033.jpg,1,EHHO-VC,20,300,996011701,4.883217264265227,175,116,255,300,True,0.008812199987005442,11,11,4.883217264265227,0.5018740770974888,0.4876518712772948,0,0,0,nan
IMG_0076|r1|n20|b300|BEHHO-VC-Calibrated,IMG_0076,41033.jpg,1,BEHHO-VC-Calibrated,20,300,996011701,4.883519196114526,170,96,249,300,True,0.05805819999659434,15,15,4.883519196114526,0.9222499999999998,0.9245833333333334,0,0,0,nan
IMG_0076|r1|n20|b300|BDA-EHHO-VC-Calibrated,IMG_0076,41033.jpg,1,BDA-EHHO-VC-Calibrated,20,300,996011701,4.883115398452962,209,2,251,300,True,0.03659269999479875,8,8,4.883115398452962,nan,nan,0,68,72,0.4857142857142857
IMG_0076|r1|n20|b600|HHO-VC,IMG_0076,41033.jpg,1,HHO-VC,20,600,996011701,4.88305902189894,174,115,253,600,True,0.018465799978002906,17,17,4.88305902189894,nan,nan,0,0,0,nan
IMG_0076|r1|n20|b600|EHHO-VC,IMG_0076,41033.jpg,1,EHHO-VC,20,600,996011701,4.882958258257687,170,115,227,600,True,0.021385900035966188,20,20,4.882958258257687,0.5102433339280307,0.4501873731956385,0,0,0,nan
IMG_0076|r1|n20|b600|BEHHO-VC-Calibrated,IMG_0076,41033.jpg,1,BEHHO-VC-Calibrated,20,600,996011701,4.88316951294766,220,2,88,600,True,0.09265539998887107,30,30,4.88316951294766,0.9214166666666668,0.9020833333333332,0,0,0,nan
IMG_0076|r1|n20|b600|BDA-EHHO-VC-Calibrated,IMG_0076,41033.jpg,1,BDA-EHHO-VC-Calibrated,20,600,996011701,4.882886918190621,170,4,239,600,True,0.04726570000639185,15,15,4.882886918190621,nan,nan,0,131,169,0.43666666666666665
IMG_0076|r1|n30|b300|HHO-VC,IMG_0076,41033.jpg,1,HHO-VC,30,300,996011701,4.883130316854694,4,2,5,300,True,0.008105600019916892,6,6,4.883130316854694,nan,nan,0,0,0,nan
IMG_0076|r1|n30|b300|EHHO-VC,IMG_0076,41033.jpg,1,EHHO-VC,30,300,996011701,4.882620723264551,174,2,219,300,True,0.008927300048526376,7,7,4.882620723264551,0.4836836601308253,0.4513044398176481,0,0,0,nan
IMG_0076|r1|n30|b300|BEHHO-VC-Calibrated,IMG_0076,41033.jpg,1,BEHHO-VC-Calibrated,30,300,996011701,4.882407141052031,133,2,5,300,True,0.016059399989899248,10,10,4.882407141052031,0.8694814814814815,0.8492592592592594,0,0,0,nan
IMG_0076|r1|n30|b300|BDA-EHHO-VC-Calibrated,IMG_0076,41033.jpg,1,BDA-EHHO-VC-Calibrated,30,300,996011701,4.8830507264559335,150,2,82,300,True,0.016973699966911227,5,5,4.8830507264559335,nan,nan,0,73,77,0.4866666666666667
IMG_0076|r1|n30|b600|HHO-VC,IMG_0076,41033.jpg,1,HHO-VC,30,600,996011701,4.883130316854694,4,2,5,600,True,0.01535829994827509,11,11,4.883130316854694,nan,nan,0,0,0,nan
IMG_0076|r1|n30|b600|EHHO-VC,IMG_0076,41033.jpg,1,EHHO-VC,30,600,996011701,4.882412507001511,176,2,223,600,True,0.016418999992311,13,13,4.882412507001511,0.4683639011228011,0.42400165638154336,0,0,0,nan
IMG_0076|r1|n30|b600|BEHHO-VC-Calibrated,IMG_0076,41033.jpg,1,BEHHO-VC-Calibrated,30,600,996011701,4.88230150253936,115,4,5,600,True,0.03505760000552982,20,20,4.88230150253936,0.9025833333333333,0.8472222222222222,0,0,0,nan
IMG_0076|r1|n30|b600|BDA-EHHO-VC-Calibrated,IMG_0076,41033.jpg,1,BDA-EHHO-VC-Calibrated,30,600,996011701,4.8828228034880885,202,2,225,600,True,0.03305810003075749,10,10,4.8828228034880885,nan,nan,0,149,151,0.49666666666666665
IMG_0076|r2|n10|b300|HHO-VC,IMG_0076,41033.jpg,2,HHO-VC,10,300,1999416426,4.881074552223368,215,126,140,300,True,5.523881400004029,17,17,4.881074552223368,nan,nan,0,0,0,nan
IMG_0076|r2|n10|b300|EHHO-VC,IMG_0076,41033.jpg,2,EHHO-VC,10,300,1999416426,4.881009137830199,216,127,140,300,True,2.8640071999980137,20,20,4.881009137830199,0.45095332711874014,0.4742197045180453,0,0,0,nan
IMG_0076|r2|n10|b300|BEHHO-VC-Calibrated,IMG_0076,41033.jpg,2,BEHHO-VC-Calibrated,10,300,1999416426,4.881782360405402,199,57,160,300,True,7.832462500024121,30,30,4.881782360405402,0.7643333333333334,0.8583333333333334,8,0,0,nan
IMG_0076|r2|n10|b300|BDA-EHHO-VC-Calibrated,IMG_0076,41033.jpg,2,BDA-EHHO-VC-Calibrated,10,300,1999416426,4.881277352889407,136,2,137,300,True,1.2611418000306003,15,15,4.881277352889407,nan,nan,0,80,70,0.5333333333333333
IMG_0076|r2|n10|b600|HHO-VC,IMG_0076,41033.jpg,2,HHO-VC,10,600,1999416426,4.881074552223368,215,126,140,600,True,2.566672599990852,30,30,4.881074552223368,nan,nan,0,0,0,nan
IMG_0076|r2|n10|b600|EHHO-VC,IMG_0076,41033.jpg,2,EHHO-VC,10,600,1999416426,4.881102447614764,205,127,140,600,True,1.5396560999797657,36,36,4.881102447614764,0.44788823425535784,0.3994890270969008,0,0,0,nan
IMG_0076|r2|n10|b600|BEHHO-VC-Calibrated,IMG_0076,41033.jpg,2,BEHHO-VC-Calibrated,10,600,1999416426,4.880480651425228,196,2,162,600,True,1.5539700000081211,60,60,4.880480651425228,0.779611111111111,0.9133333333333334,12,0,0,nan
IMG_0076|r2|n10|b600|BDA-EHHO-VC-Calibrated,IMG_0076,41033.jpg,2,BDA-EHHO-VC-Calibrated,10,600,1999416426,4.880314082935702,215,2,141,600,True,0.5246488999691792,30,30,4.880314082935702,nan,nan,0,137,163,0.45666666666666667
IMG_0076|r2|n20|b300|HHO-VC,IMG_0076,41033.jpg,2,HHO-VC,20,300,1999416426,4.881250939565976,192,126,141,300,True,0.08493189996806905,8,8,4.881250939565976,nan,nan,0,0,0,nan
IMG_0076|r2|n20|b300|EHHO-VC,IMG_0076,41033.jpg,2,EHHO-VC,20,300,1999416426,4.881042058249002,205,136,138,300,True,0.016518099990207702,10,10,4.881042058249002,0.4437698063238623,0.5060768906546637,0,0,0,nan
IMG_0076|r2|n20|b300|BEHHO-VC-Calibrated,IMG_0076,41033.jpg,2,BEHHO-VC-Calibrated,20,300,1999416426,4.881222704807018,45,2,137,300,True,0.21803290001116693,15,15,4.881222704807018,0.7396388888888888,0.8170833333333333,4,0,0,nan
IMG_0076|r2|n20|b300|BDA-EHHO-VC-Calibrated,IMG_0076,41033.jpg,2,BDA-EHHO-VC-Calibrated,20,300,1999416426,4.880838988207411,209,2,172,300,True,0.20348689996171743,8,8,4.880838988207411,nan,nan,0,69,71,0.4928571428571429
IMG_0076|r2|n20|b600|HHO-VC,IMG_0076,41033.jpg,2,HHO-VC,20,600,1999416426,4.880824037666189,219,138,152,600,True,0.08122509997338057,15,15,4.880824037666189,nan,nan,0,0,0,nan
IMG_0076|r2|n20|b600|EHHO-VC,IMG_0076,41033.jpg,2,EHHO-VC,20,600,1999416426,4.881042058249002,205,136,138,600,True,0.05987259995890781,18,18,4.881042058249002,0.4577751536080615,0.44103106305074763,0,0,0,nan
IMG_0076|r2|n20|b600|BEHHO-VC-Calibrated,IMG_0076,41033.jpg,2,BEHHO-VC-Calibrated,20,600,1999416426,4.881222704807018,45,2,137,600,True,0.14097369997762144,30,30,4.881222704807018,0.7330694444444446,0.76125,10,0,0,nan
IMG_0076|r2|n20|b600|BDA-EHHO-VC-Calibrated,IMG_0076,41033.jpg,2,BDA-EHHO-VC-Calibrated,20,600,1999416426,4.880686750317366,232,2,136,600,True,0.08783040003618225,15,15,4.880760493533887,nan,nan,0,156,144,0.52
IMG_0076|r2|n30|b300|HHO-VC,IMG_0076,41033.jpg,2,HHO-VC,30,300,1999416426,4.8810346593256435,197,135,138,300,True,0.02029210003092885,6,6,4.8810346593256435,nan,nan,0,0,0,nan
IMG_0076|r2|n30|b300|EHHO-VC,IMG_0076,41033.jpg,2,EHHO-VC,30,300,1999416426,4.880982157458745,202,136,138,300,True,0.02500209998106584,7,7,4.880982157458745,0.4504182965642225,0.44889991100854837,0,0,0,nan
IMG_0076|r2|n30|b300|BEHHO-VC-Calibrated,IMG_0076,41033.jpg,2,BEHHO-VC-Calibrated,30,300,1999416426,4.880401624908178,196,2,136,300,True,0.036739899951498955,10,10,4.880401624908178,0.8444444444444444,0.7894444444444444,0,0,0,nan
IMG_0076|r2|n30|b300|BDA-EHHO-VC-Calibrated,IMG_0076,41033.jpg,2,BDA-EHHO-VC-Calibrated,30,300,1999416426,4.881372236963767,194,119,165,300,True,0.04412500001490116,5,5,4.881372236963767,nan,nan,0,81,69,0.54
IMG_0076|r2|n30|b600|HHO-VC,IMG_0076,41033.jpg,2,HHO-VC,30,600,1999416426,4.880945169897093,195,135,138,600,True,0.034292700001969934,10,10,4.880945169897093,nan,nan,0,0,0,nan
IMG_0076|r2|n30|b600|EHHO-VC,IMG_0076,41033.jpg,2,EHHO-VC,30,600,1999416426,4.880982157458745,202,136,138,600,True,0.0354010000010021,12,12,4.880982157458745,0.4716608284994493,0.39632203605539296,0,0,0,nan
IMG_0076|r2|n30|b600|BEHHO-VC-Calibrated,IMG_0076,41033.jpg,2,BEHHO-VC-Calibrated,30,600,1999416426,4.880107704869078,197,2,160,600,True,0.17193099996075034,20,20,4.880107704869078,0.8273333333333334,0.7657407407407408,0,0,0,nan
IMG_0076|r2|n30|b600|BDA-EHHO-VC-Calibrated,IMG_0076,41033.jpg,2,BDA-EHHO-VC-Calibrated,30,600,1999416426,4.8804482752064064,192,2,143,600,True,0.18908250000094995,10,10,4.880594769105314,nan,nan,0,147,153,0.49
IMG_0076|r3|n10|b300|HHO-VC,IMG_0076,41033.jpg,3,HHO-VC,10,300,965101846,4.879108210839067,17,18,10,300,True,12.904974000004586,17,17,4.879108210839067,nan,nan,0,0,0,nan
IMG_0076|r3|n10|b300|EHHO-VC,IMG_0076,41033.jpg,3,EHHO-VC,10,300,965101846,4.880316406938441,175,180,153,300,True,7.744839399994817,20,20,4.880316406938441,0.443778609051782,0.3554782703149849,0,0,0,nan
IMG_0076|r3|n10|b300|BEHHO-VC-Calibrated,IMG_0076,41033.jpg,3,BEHHO-VC-Calibrated,10,300,965101846,4.879282533139587,19,24,16,300,True,6.670884800027125,30,30,4.879282533139587,0.7718333333333334,0.7833333333333332,6,0,0,nan
IMG_0076|r3|n10|b300|BDA-EHHO-VC-Calibrated,IMG_0076,41033.jpg,3,BDA-EHHO-VC-Calibrated,10,300,965101846,4.880379577117789,186,16,125,300,True,2.9612557999789715,15,15,4.880379577117789,nan,nan,0,76,74,0.5066666666666667
IMG_0076|r3|n10|b600|HHO-VC,IMG_0076,41033.jpg,3,HHO-VC,10,600,965101846,4.87919382804905,61,11,10,600,True,0.6427628000383265,34,34,4.87919382804905,nan,nan,0,0,0,nan
IMG_0076|r3|n10|b600|EHHO-VC,IMG_0076,41033.jpg,3,EHHO-VC,10,600,965101846,4.878996854956361,67,11,10,600,True,0.230299900053069,39,39,4.878996854956361,0.11831277770343376,0.10114146956632727,0,0,0,nan
IMG_0076|r3|n10|b600|BEHHO-VC-Calibrated,IMG_0076,41033.jpg,3,BEHHO-VC-Calibrated,10,600,965101846,4.879124018962815,138,16,16,600,True,2.617771300021559,60,60,4.879124018962815,0.7661111111111113,0.6383333333333333,14,0,0,nan
IMG_0076|r3|n10|b600|BDA-EHHO-VC-Calibrated,IMG_0076,41033.jpg,3,BDA-EHHO-VC-Calibrated,10,600,965101846,4.879805105621238,166,11,141,600,True,1.122307899990119,30,30,4.879805105621238,nan,nan,0,163,137,0.5433333333333333
IMG_0076|r3|n20|b300|HHO-VC,IMG_0076,41033.jpg,3,HHO-VC,20,300,965101846,4.8791918052549965,2,255,10,300,True,0.14259970001876354,9,9,4.8791918052549965,nan,nan,0,0,0,nan
IMG_0076|r3|n20|b300|EHHO-VC,IMG_0076,41033.jpg,3,EHHO-VC,20,300,965101846,4.879063790169586,2,255,16,300,True,0.07416170003125444,10,10,4.879063790169586,0.37439019519534117,0.25242004777412863,0,0,0,nan
IMG_0076|r3|n20|b300|BEHHO-VC-Calibrated,IMG_0076,41033.jpg,3,BEHHO-VC-Calibrated,20,300,965101846,4.879927032584889,67,230,142,300,True,0.6758807000005618,15,15,4.879927032584889,0.922861111111111,0.8949999999999999,0,0,0,nan
IMG_0076|r3|n20|b300|BDA-EHHO-VC-Calibrated,IMG_0076,41033.jpg,3,BDA-EHHO-VC-Calibrated,20,300,965101846,4.879597990423572,18,230,28,300,True,0.23263060004683211,8,8,4.879597990423572,nan,nan,0,67,73,0.4785714285714286
IMG_0076|r3|n20|b600|HHO-VC,IMG_0076,41033.jpg,3,HHO-VC,20,600,965101846,4.879063790169586,2,255,16,600,True,0.054775900032836944,18,18,4.879063790169586,nan,nan,0,0,0,nan
IMG_0076|r3|n20|b600|EHHO-VC,IMG_0076,41033.jpg,3,EHHO-VC,20,600,965101846,4.879063790169586,2,255,16,600,True,0.05179070000303909,20,20,4.879063790169586,0.3591946035660132,0.34049413303104514,0,0,0,nan
IMG_0076|r3|n20|b600|BEHHO-VC-Calibrated,IMG_0076,41033.jpg,3,BEHHO-VC-Calibrated,20,600,965101846,4.879648401770228,118,225,10,600,True,0.15380259999074042,30,30,4.879648401770228,0.9193333333333336,0.88875,0,0,0,nan
IMG_0076|r3|n20|b600|BDA-EHHO-VC-Calibrated,IMG_0076,41033.jpg,3,BDA-EHHO-VC-Calibrated,20,600,965101846,4.879651061241899,88,248,6,600,True,0.20811270002741367,15,15,4.879651061241899,nan,nan,0,141,159,0.47
IMG_0076|r3|n30|b300|HHO-VC,IMG_0076,41033.jpg,3,HHO-VC,30,300,965101846,4.880316406938441,175,180,153,300,True,0.03183809999609366,6,6,4.880316406938441,nan,nan,0,0,0,nan
IMG_0076|r3|n30|b300|EHHO-VC,IMG_0076,41033.jpg,3,EHHO-VC,30,300,965101846,4.880316406938441,175,180,153,300,True,0.03409809997538105,7,7,4.880316406938441,0.4844175108346711,0.5375305027560521,0,0,0,nan
IMG_0076|r3|n30|b300|BEHHO-VC-Calibrated,IMG_0076,41033.jpg,3,BEHHO-VC-Calibrated,30,300,965101846,4.879967786247328,2,16,4,300,True,0.06529040000168607,10,10,4.879967786247328,0.7809444444444444,0.6646296296296298,1,0,0,nan
IMG_0076|r3|n30|b300|BDA-EHHO-VC-Calibrated,IMG_0076,41033.jpg,3,BDA-EHHO-VC-Calibrated,30,300,965101846,4.87975104318954,51,16,93,300,True,0.06054450001101941,5,5,4.87975104318954,nan,nan,0,80,70,0.5333333333333333
IMG_0076|r3|n30|b600|HHO-VC,IMG_0076,41033.jpg,3,HHO-VC,30,600,965101846,4.878393627158187,17,11,16,600,True,0.03389640001114458,11,11,4.878393627158187,nan,nan,0,0,0,nan
IMG_0076|r3|n30|b600|EHHO-VC,IMG_0076,41033.jpg,3,EHHO-VC,30,600,965101846,4.8792856645031115,19,17,31,600,True,0.0513926999992691,13,13,4.8792856645031115,0.24489985807504253,0.06078410213841071,0,0,0,nan
IMG_0076|r3|n30|b600|BEHHO-VC-Calibrated,IMG_0076,41033.jpg,3,BEHHO-VC-Calibrated,30,600,965101846,4.879440114017398,17,229,142,600,True,0.09814020001795143,20,20,4.879440114017398,0.9080370370370371,0.9448148148148148,0,0,0,nan
IMG_0076|r3|n30|b600|BDA-EHHO-VC-Calibrated,IMG_0076,41033.jpg,3,BDA-EHHO-VC-Calibrated,30,600,965101846,4.8795904595543815,165,11,91,600,True,0.13222219998715445,10,10,4.8795904595543815,nan,nan,0,133,167,0.44333333333333336
IMG_0078|r1|n10|b300|HHO-VC,IMG_0078,42012.jpg,1,HHO-VC,10,300,1368832785,4.885374134148447,183,250,172,300,True,16.974605099996552,15,15,4.885374134148447,nan,nan,0,0,0,nan
IMG_0078|r1|n10|b300|EHHO-VC,IMG_0078,42012.jpg,1,EHHO-VC,10,300,1368832785,4.884576544270735,11,45,3,300,True,3.5634958000155166,18,18,4.884576544270735,0.13770316010372863,0.06251380932099179,0,0,0,nan
IMG_0078|r1|n10|b300|BEHHO-VC-Calibrated,IMG_0078,42012.jpg,1,BEHHO-VC-Calibrated,10,300,1368832785,4.884956370490703,70,6,180,300,True,16.768532800022513,30,30,4.884956370490703,0.8103333333333332,0.8383333333333334,2,0,0,nan
IMG_0078|r1|n10|b300|BDA-EHHO-VC-Calibrated,IMG_0078,42012.jpg,1,BDA-EHHO-VC-Calibrated,10,300,1368832785,4.883888204768592,83,244,3,300,True,4.096519099955913,15,15,4.883888204768592,nan,nan,0,71,79,0.47333333333333333
IMG_0078|r1|n10|b600|HHO-VC,IMG_0078,42012.jpg,1,HHO-VC,10,600,1368832785,4.884536450002216,3,4,3,600,True,1.267814399965573,33,33,4.884536450002216,nan,nan,0,0,0,nan
IMG_0078|r1|n10|b600|EHHO-VC,IMG_0078,42012.jpg,1,EHHO-VC,10,600,1368832785,4.88414453657116,26,113,3,600,True,0.9648081000195816,37,37,4.88414453657116,0.12308492699642884,0.13446437146733647,0,0,0,nan
IMG_0078|r1|n10|b600|BEHHO-VC-Calibrated,IMG_0078,42012.jpg,1,BEHHO-VC-Calibrated,10,600,1368832785,4.884745108803849,85,192,3,600,True,3.8648853999911807,60,60,4.884745108803849,0.8086388888888888,0.805,5,0,0,nan
IMG_0078|r1|n10|b600|BDA-EHHO-VC-Calibrated,IMG_0078,42012.jpg,1,BDA-EHHO-VC-Calibrated,10,600,1368832785,4.883682451650473,48,246,3,600,True,1.6284442999749444,30,30,4.883682451650473,nan,nan,0,162,138,0.54
IMG_0078|r1|n20|b300|HHO-VC,IMG_0078,42012.jpg,1,HHO-VC,20,300,1368832785,4.884971048255698,3,230,202,300,True,0.2945033000432886,8,8,4.884971048255698,nan,nan,0,0,0,nan
IMG_0078|r1|n20|b300|EHHO-VC,IMG_0078,42012.jpg,1,EHHO-VC,20,300,1368832785,4.8849625290544925,3,231,202,300,True,0.08606100000906736,10,10,4.8849625290544925,0.44465687452991265,0.40144497182913075,0,0,0,nan
IMG_0078|r1|n20|b300|BEHHO-VC-Calibrated,IMG_0078,42012.jpg,1,BEHHO-VC-Calibrated,20,300,1368832785,4.884765341960079,25,229,6,300,True,0.4843377000070177,15,15,4.884765341960079,0.9151111111111111,0.9241666666666667,0,0,0,nan
IMG_0078|r1|n20|b300|BDA-EHHO-VC-Calibrated,IMG_0078,42012.jpg,1,BDA-EHHO-VC-Calibrated,20,300,1368832785,4.88394201655817,69,248,3,300,True,0.08971339999698102,8,8,4.88394201655817,nan,nan,0,75,65,0.5357142857142857
IMG_0078|r1|n20|b600|HHO-VC,IMG_0078,42012.jpg,1,HHO-VC,20,600,1368832785,4.885032109082565,34,251,197,600,True,0.07724399998551235,17,17,4.885032109082565,nan,nan,0,0,0,nan
IMG_0078|r1|n20|b600|EHHO-VC,IMG_0078,42012.jpg,1,EHHO-VC,20,600,1368832785,4.885032109082565,34,251,197,600,True,0.13069329998688772,19,19,4.885032109082565,0.45356579429628957,0.5248902814833911,0,0,0,nan
IMG_0078|r1|n20|b600|BEHHO-VC-Calibrated,IMG_0078,42012.jpg,1,BEHHO-VC-Calibrated,20,600,1368832785,4.883943428639186,30,252,3,600,True,0.21161330002360046,30,30,4.883943428639186,0.9061250000000001,0.9366666666666666,0,0,0,nan
IMG_0078|r1|n20|b600|BDA-EHHO-VC-Calibrated,IMG_0078,42012.jpg,1,BDA-EHHO-VC-Calibrated,20,600,1368832785,4.88394201655817,69,248,3,600,True,0.13579250004841015,15,15,4.88394201655817,nan,nan,0,158,142,0.5266666666666666
IMG_0078|r1|n30|b300|HHO-VC,IMG_0078,42012.jpg,1,HHO-VC,30,300,1368832785,4.884845458923037,33,250,180,300,True,0.022015700000338256,5,5,4.884845458923037,nan,nan,0,0,0,nan
IMG_0078|r1|n30|b300|EHHO-VC,IMG_0078,42012.jpg,1,EHHO-VC,30,300,1368832785,4.884935138977393,32,250,180,300,True,0.022174399986397475,6,6,4.884935138977393,0.47337678226305574,0.40155145171589174,0,0,0,nan
IMG_0078|r1|n30|b300|BEHHO-VC-Calibrated,IMG_0078,42012.jpg,1,BEHHO-VC-Calibrated,30,300,1368832785,4.884207775324941,32,6,2,300,True,0.09831720002694055,10,10,4.884207775324941,0.8180740740740742,0.8087037037037037,1,0,0,nan
IMG_0078|r1|n30|b300|BDA-EHHO-VC-Calibrated,IMG_0078,42012.jpg,1,BDA-EHHO-VC-Calibrated,30,300,1368832785,4.8842466878177575,112,240,3,300,True,0.1213945000199601,5,5,4.8842466878177575,nan,nan,0,81,69,0.54
IMG_0078|r1|n30|b600|HHO-VC,IMG_0078,42012.jpg,1,HHO-VC,30,600,1368832785,4.883976753203457,5,6,3,600,True,0.06500900001265109,11,11,4.883976753203457,nan,nan,0,0,0,nan
IMG_0078|r1|n30|b600|EHHO-VC,IMG_0078,42012.jpg,1,EHHO-VC,30,600,1368832785,4.883976753203457,5,6,3,600,True,0.1086176999961026,13,13,4.883976753203457,0.20471257124612516,0.03708170452401604,3,0,0,nan
IMG_0078|r1|n30|b600|BEHHO-VC-Calibrated,IMG_0078,42012.jpg,1,BEHHO-VC-Calibrated,30,600,1368832785,4.88502678054945,60,224,2,600,True,0.1281973000150174,20,20,4.88502678054945,0.8534814814814814,0.8250000000000001,0,0,0,nan
IMG_0078|r1|n30|b600|BDA-EHHO-VC-Calibrated,IMG_0078,42012.jpg,1,BDA-EHHO-VC-Calibrated,30,600,1368832785,4.883844218063657,44,244,7,600,True,0.21509099996183068,10,10,4.883844218063657,nan,nan,0,155,145,0.5166666666666667
IMG_0078|r2|n10|b300|HHO-VC,IMG_0078,42012.jpg,2,HHO-VC,10,300,1218605923,4.888611272713331,169,238,75,300,True,12.545954400033224,17,17,4.888611272713331,nan,nan,0,0,0,nan
IMG_0078|r2|n10|b300|EHHO-VC,IMG_0078,42012.jpg,2,EHHO-VC,10,300,1218605923,4.888323932681235,186,252,31,300,True,4.530704599979799,20,20,4.888323932681235,0.4414662906478012,0.387043942865537,0,0,0,nan
IMG_0078|r2|n10|b300|BEHHO-VC-Calibrated,IMG_0078,42012.jpg,2,BEHHO-VC-Calibrated,10,300,1218605923,4.888297615324144,189,236,3,300,True,7.249546900042333,30,30,4.888297615324144,0.8132777777777778,0.8366666666666666,4,0,0,nan
IMG_0078|r2|n10|b300|BDA-EHHO-VC-Calibrated,IMG_0078,42012.jpg,2,BDA-EHHO-VC-Calibrated,10,300,1218605923,4.889107365487191,4,254,15,300,True,3.7766796000069007,15,15,4.889107365487191,nan,nan,0,74,76,0.49333333333333335
IMG_0078|r2|n10|b600|HHO-VC,IMG_0078,42012.jpg,2,HHO-VC,10,600,1218605923,4.888570915469323,171,243,198,600,True,3.5981822999892756,34,34,4.888570915469323,nan,nan,0,0,0,nan
IMG_0078|r2|n10|b600|EHHO-VC,IMG_0078,42012.jpg,2,EHHO-VC,10,600,1218605923,4.888731900518837,159,244,189,600,True,1.5244544000015594,39,39,4.888731900518837,0.5047015241134372,0.5150826703021938,0,0,0,nan
IMG_0078|r2|n10|b600|BEHHO-VC-Calibrated,IMG_0078,42012.jpg,2,BEHHO-VC-Calibrated,10,600,1218605923,4.888380673952773,170,233,179,600,True,0.7521926999907009,60,60,4.888380673952773,0.7857777777777777,0.7383333333333333,12,0,0,nan
IMG_0078|r2|n10|b600|BDA-EHHO-VC-Calibrated,IMG_0078,42012.jpg,2,BDA-EHHO-VC-Calibrated,10,600,1218605923,4.8884204012967905,172,239,79,600,True,0.24517110001761466,30,30,4.8884204012967905,nan,nan,0,136,164,0.4533333333333333
IMG_0078|r2|n20|b300|HHO-VC,IMG_0078,42012.jpg,2,HHO-VC,20,300,1218605923,4.889086800217913,98,245,167,300,True,0.037077899964060634,9,9,4.889086800217913,nan,nan,0,0,0,nan
IMG_0078|r2|n20|b300|EHHO-VC,IMG_0078,42012.jpg,2,EHHO-VC,20,300,1218605923,4.889086800217913,98,245,167,300,True,0.08223130000988021,10,10,4.889086800217913,0.4863890763505074,0.5427119677450235,0,0,0,nan
IMG_0078|r2|n20|b300|BEHHO-VC-Calibrated,IMG_0078,42012.jpg,2,BEHHO-VC-Calibrated,20,300,1218605923,4.888640563893066,186,246,178,300,True,0.057844099996145815,15,15,4.888640563893066,0.9227777777777777,0.9404166666666667,0,0,0,nan
IMG_0078|r2|n20|b300|BDA-EHHO-VC-Calibrated,IMG_0078,42012.jpg,2,BDA-EHHO-VC-Calibrated,20,300,1218605923,4.888976507365855,166,240,146,300,True,0.035732700023800135,8,8,4.888976507365855,nan,nan,0,77,63,0.55
IMG_0078|r2|n20|b600|HHO-VC,IMG_0078,42012.jpg,2,HHO-VC,20,600,1218605923,4.889069493647598,98,243,167,600,True,0.015592000039760023,17,17,4.889069493647598,nan,nan,0,0,0,nan
IMG_0078|r2|n20|b600|EHHO-VC,IMG_0078,42012.jpg,2,EHHO-VC,20,600,1218605923,4.889052680858664,98,244,167,600,True,0.02531899994937703,20,20,4.889052680858664,0.473488848377338,0.5484683797050689,0,0,0,nan
IMG_0078|r2|n20|b600|BEHHO-VC-Calibrated,IMG_0078,42012.jpg,2,BEHHO-VC-Calibrated,20,600,1218605923,4.8887971896139,144,235,26,600,True,0.1635177999851294,30,30,4.8887971896139,0.8826249999999998,0.88125,1,0,0,nan
IMG_0078|r2|n20|b600|BDA-EHHO-VC-Calibrated,IMG_0078,42012.jpg,2,BDA-EHHO-VC-Calibrated,20,600,1218605923,4.888645257260858,186,247,161,600,True,0.053751899977214634,15,15,4.888645257260858,nan,nan,0,152,148,0.5066666666666667
IMG_0078|r2|n30|b300|HHO-VC,IMG_0078,42012.jpg,2,HHO-VC,30,300,1218605923,4.889068842285293,93,243,172,300,True,0.012869599973782897,6,6,4.889068842285293,nan,nan,0,0,0,nan
IMG_0078|r2|n30|b300|EHHO-VC,IMG_0078,42012.jpg,2,EHHO-VC,30,300,1218605923,4.889068842285293,93,243,172,300,True,0.025829399994108826,7,7,4.889068842285293,0.5058292494012977,0.5697645642475236,0,0,0,nan
IMG_0078|r2|n30|b300|BEHHO-VC-Calibrated,IMG_0078,42012.jpg,2,BEHHO-VC-Calibrated,30,300,1218605923,4.888761514631805,109,243,52,300,True,0.07582429994363338,10,10,4.888761514631805,0.9204814814814816,0.9059259259259259,0,0,0,nan
IMG_0078|r2|n30|b300|BDA-EHHO-VC-Calibrated,IMG_0078,42012.jpg,2,BDA-EHHO-VC-Calibrated,30,300,1218605923,4.888051606635709,179,243,19,300,True,0.05738239997299388,5,5,4.888051606635709,nan,nan,0,66,84,0.44
IMG_0078|r2|n30|b600|HHO-VC,IMG_0078,42012.jpg,2,HHO-VC,30,600,1218605923,4.889118494811786,108,253,182,600,True,0.06061639997642487,11,11,4.889118494811786,nan,nan,0,0,0,nan
IMG_0078|r2|n30|b600|EHHO-VC,IMG_0078,42012.jpg,2,EHHO-VC,30,600,1218605923,4.889146014251777,108,255,182,600,True,0.0517466000164859,13,13,4.889146014251777,0.4870882636692668,0.49025121362491164,0,0,0,nan
IMG_0078|r2|n30|b600|BEHHO-VC-Calibrated,IMG_0078,42012.jpg,2,BEHHO-VC-Calibrated,30,600,1218605923,4.889023321845042,175,246,133,600,True,0.08758880000095814,20,20,4.889023321845042,0.9196759259259262,0.9212962962962963,0,0,0,nan
IMG_0078|r2|n30|b600|BDA-EHHO-VC-Calibrated,IMG_0078,42012.jpg,2,BDA-EHHO-VC-Calibrated,30,600,1218605923,4.888481016641784,170,227,117,600,True,0.13836380001157522,10,10,4.888481016641784,nan,nan,0,142,158,0.47333333333333333
IMG_0078|r3|n10|b300|HHO-VC,IMG_0078,42012.jpg,3,HHO-VC,10,300,674664113,4.888056188031138,42,38,2,300,True,6.840084200026467,17,17,4.888056188031138,nan,nan,0,0,0,nan
IMG_0078|r3|n10|b300|EHHO-VC,IMG_0078,42012.jpg,3,EHHO-VC,10,300,674664113,4.88736133513543,29,18,5,300,True,1.7840243000537157,19,19,4.88736133513543,0.10741915247899393,0.05848760055125809,1,0,0,nan
IMG_0078|r3|n10|b300|BEHHO-VC-Calibrated,IMG_0078,42012.jpg,3,BEHHO-VC-Calibrated,10,300,674664113,4.887783325181204,24,18,6,300,True,13.993181700003333,30,30,4.887783325181204,0.6887222222222225,0.745,11,0,0,nan
IMG_0078|r3|n10|b300|BDA-EHHO-VC-Calibrated,IMG_0078,42012.jpg,3,BDA-EHHO-VC-Calibrated,10,300,674664113,4.887837944582942,71,129,5,300,True,7.517727400001604,15,15,4.887837944582942,nan,nan,0,74,76,0.49333333333333335
IMG_0078|r3|n10|b600|HHO-VC,IMG_0078,42012.jpg,3,HHO-VC,10,600,674664113,4.887967857369932,22,19,2,600,True,0.3255922999815084,33,33,4.887967857369932,nan,nan,0,0,0,nan
IMG_0078|r3|n10|b600|EHHO-VC,IMG_0078,42012.jpg,3,EHHO-VC,10,600,674664113,4.88736133513543,29,18,5,600,True,0.14434269996127114,38,38,4.88736133513543,0.08188350305639966,0.04789243940832862,1,0,0,nan
IMG_0078|r3|n10|b600|BEHHO-VC-Calibrated,IMG_0078,42012.jpg,3,BEHHO-VC-Calibrated,10,600,674664113,4.888428261230672,32,130,2,600,True,5.9557992000482045,60,60,4.888428261230672,0.6233055555555554,0.7233333333333333,33,0,0,nan
IMG_0078|r3|n10|b600|BDA-EHHO-VC-Calibrated,IMG_0078,42012.jpg,3,BDA-EHHO-VC-Calibrated,10,600,674664113,4.887961140111489,79,38,5,600,True,3.8052244000136852,30,30,4.887961140111489,nan,nan,0,144,156,0.48
IMG_0078|r3|n20|b300|HHO-VC,IMG_0078,42012.jpg,3,HHO-VC,20,300,674664113,4.887797874655423,5,38,5,300,True,0.5177558999857865,9,9,4.887797874655423,nan,nan,0,0,0,nan
IMG_0078|r3|n20|b300|EHHO-VC,IMG_0078,42012.jpg,3,EHHO-VC,20,300,674664113,4.889259432850754,2,18,2,300,True,0.1709001999697648,10,10,4.889259432850754,0.14936096440200686,0.027783475459571445,0,0,0,nan
IMG_0078|r3|n20|b300|BEHHO-VC-Calibrated,IMG_0078,42012.jpg,3,BEHHO-VC-Calibrated,20,300,674664113,4.889230714889066,87,194,5,300,True,1.2447473999927752,15,15,4.889230714889066,0.8275833333333332,0.8066666666666666,0,0,0,nan
IMG_0078|r3|n20|b300|BDA-EHHO-VC-Calibrated,IMG_0078,42012.jpg,3,BDA-EHHO-VC-Calibrated,20,300,674664113,4.888633991741332,20,37,5,300,True,1.054992699995637,8,8,4.888633991741332,nan,nan,0,74,66,0.5285714285714286
IMG_0078|r3|n20|b600|HHO-VC,IMG_0078,42012.jpg,3,HHO-VC,20,600,674664113,4.888327747228932,5,129,5,600,True,0.11546449997695163,17,17,4.888327747228932,nan,nan,0,0,0,nan
IMG_0078|r3|n20|b600|EHHO-VC,IMG_0078,42012.jpg,3,EHHO-VC,20,600,674664113,4.889259432850754,2,18,2,600,True,0.04522179998457432,20,20,4.889259432850754,0.09005708586288502,0.026080782606170576,1,0,0,nan
IMG_0078|r3|n20|b600|BEHHO-VC-Calibrated,IMG_0078,42012.jpg,3,BEHHO-VC-Calibrated,20,600,674664113,4.8887295374496595,76,62,6,600,True,0.7740868999972008,30,30,4.8887295374496595,0.8235972222222223,0.8020833333333334,1,0,0,nan
IMG_0078|r3|n20|b600|BDA-EHHO-VC-Calibrated,IMG_0078,42012.jpg,3,BDA-EHHO-VC-Calibrated,20,600,674664113,4.8880110466737285,231,82,5,600,True,0.5430549000157043,15,15,4.888210662849928,nan,nan,0,139,161,0.4633333333333333
IMG_0078|r3|n30|b300|HHO-VC,IMG_0078,42012.jpg,3,HHO-VC,30,300,674664113,4.8891305142799775,42,18,197,300,True,0.0904374000383541,6,6,4.8891305142799775,nan,nan,0,0,0,nan
IMG_0078|r3|n30|b300|EHHO-VC,IMG_0078,42012.jpg,3,EHHO-VC,30,300,674664113,4.88960748475566,42,18,210,300,True,0.0810666999896057,7,7,4.88960748475566,0.3660581122345365,0.37841265928195383,0,0,0,nan
IMG_0078|r3|n30|b300|BEHHO-VC-Calibrated,IMG_0078,42012.jpg,3,BEHHO-VC-Calibrated,30,300,674664113,4.888044046347393,128,130,5,300,True,0.08330860000569373,10,10,4.888044046347393,0.7907777777777778,0.7422222222222222,1,0,0,nan
IMG_0078|r3|n30|b300|BDA-EHHO-VC-Calibrated,IMG_0078,42012.jpg,3,BDA-EHHO-VC-Calibrated,30,300,674664113,4.888641629599937,24,130,2,300,True,0.18163359997561201,5,5,4.888641629599937,nan,nan,0,73,77,0.4866666666666667
IMG_0078|r3|n30|b600|HHO-VC,IMG_0078,42012.jpg,3,HHO-VC,30,600,674664113,4.889487169443653,42,18,205,600,True,0.15455729997484013,11,11,4.889487169443653,nan,nan,0,0,0,nan
IMG_0078|r3|n30|b600|EHHO-VC,IMG_0078,42012.jpg,3,EHHO-VC,30,600,674664113,4.889149255442345,42,18,196,600,True,0.08451070002047345,13,13,4.889149255442345,0.3531705012445998,0.3588306550067266,0,0,0,nan
IMG_0078|r3|n30|b600|BEHHO-VC-Calibrated,IMG_0078,42012.jpg,3,BEHHO-VC-Calibrated,30,600,674664113,4.888178821329994,24,18,8,600,True,0.2388123000273481,20,20,4.888178821329994,0.7317777777777776,0.7274074074074074,5,0,0,nan
IMG_0078|r3|n30|b600|BDA-EHHO-VC-Calibrated,IMG_0078,42012.jpg,3,BDA-EHHO-VC-Calibrated,30,600,674664113,4.88813438688332,44,131,5,600,True,0.26876359997550026,10,10,4.88813438688332,nan,nan,0,156,144,0.52
IMG_0080|r1|n10|b300|HHO-VC,IMG_0080,43074.jpg,1,HHO-VC,10,300,1478312859,4.756387279098632,2,2,2,300,True,4.300017200002912,15,15,4.756387279098632,nan,nan,0,0,0,nan
IMG_0080|r1|n10|b300|EHHO-VC,IMG_0080,43074.jpg,1,EHHO-VC,10,300,1478312859,4.756311761658124,3,3,2,300,True,1.7534646000131033,18,18,4.756311761658124,0.09898454607958324,0.22197338360684288,10,0,0,nan
IMG_0080|r1|n10|b300|BEHHO-VC-Calibrated,IMG_0080,43074.jpg,1,BEHHO-VC-Calibrated,10,300,1478312859,4.754087520446164,5,34,2,300,True,13.973678199981805,30,30,4.754087520446164,0.7265000000000001,0.8083333333333335,10,0,0,nan
IMG_0080|r1|n10|b300|BDA-EHHO-VC-Calibrated,IMG_0080,43074.jpg,1,BDA-EHHO-VC-Calibrated,10,300,1478312859,4.754467649744995,222,18,2,300,True,5.54189240001142,15,15,4.754467649744995,nan,nan,0,84,66,0.56
IMG_0080|r1|n10|b600|HHO-VC,IMG_0080,43074.jpg,1,HHO-VC,10,600,1478312859,4.755228181647465,2,3,2,600,True,0.052187200053595006,33,33,4.755228181647465,nan,nan,0,0,0,nan
IMG_0080|r1|n10|b600|EHHO-VC,IMG_0080,43074.jpg,1,EHHO-VC,10,600,1478312859,4.753892330062512,2,14,2,600,True,0.6080364999943413,39,39,4.753892330062512,0.07442859213077481,0.019421043888266196,19,0,0,nan
IMG_0080|r1|n10|b600|BEHHO-VC-Calibrated,IMG_0080,43074.jpg,1,BEHHO-VC-Calibrated,10,600,1478312859,4.753345375984277,2,38,2,600,True,4.078629399999045,60,60,4.753345375984277,0.7456944444444443,0.67,18,0,0,nan
IMG_0080|r1|n10|b600|BDA-EHHO-VC-Calibrated,IMG_0080,43074.jpg,1,BDA-EHHO-VC-Calibrated,10,600,1478312859,4.754117346900906,184,244,2,600,True,2.8360187000362203,30,30,4.754117346900906,nan,nan,0,149,151,0.49666666666666665
IMG_0080|r1|n20|b300|HHO-VC,IMG_0080,43074.jpg,1,HHO-VC,20,300,1478312859,4.756387279098632,2,2,2,300,True,0.1991849000332877,8,8,4.756387279098632,nan,nan,0,0,0,nan
IMG_0080|r1|n20|b300|EHHO-VC,IMG_0080,43074.jpg,1,EHHO-VC,20,300,1478312859,4.756387279098632,2,2,2,300,True,0.05492999998386949,10,10,4.756387279098632,0.15718979410845021,0.20690065013433911,4,0,0,nan
IMG_0080|r1|n20|b300|BEHHO-VC-Calibrated,IMG_0080,43074.jpg,1,BEHHO-VC-Calibrated,20,300,1478312859,4.754362670656846,2,146,2,300,True,0.7743432000279427,15,15,4.754362670656846,0.7360555555555555,0.7783333333333333,6,0,0,nan
IMG_0080|r1|n20|b300|BDA-EHHO-VC-Calibrated,IMG_0080,43074.jpg,1,BDA-EHHO-VC-Calibrated,20,300,1478312859,4.753675740608782,5,243,2,300,True,0.2771024000248872,8,8,4.753675740608782,nan,nan,0,63,77,0.45
IMG_0080|r1|n20|b600|HHO-VC,IMG_0080,43074.jpg,1,HHO-VC,20,600,1478312859,4.755228181647465,2,3,2,600,True,0.03547149995574728,17,17,4.755228181647465,nan,nan,0,0,0,nan
IMG_0080|r1|n20|b600|EHHO-VC,IMG_0080,43074.jpg,1,EHHO-VC,20,600,1478312859,4.755228181647465,2,3,2,600,True,0.041318400006275624,19,19,4.755228181647465,0.10203723646284235,0.009574423181741861,6,0,0,nan
IMG_0080|r1|n20|b600|BEHHO-VC-Calibrated,IMG_0080,43074.jpg,1,BEHHO-VC-Calibrated,20,600,1478312859,4.753817576894024,5,186,2,600,True,0.5112988000037149,30,30,4.753817576894024,0.7685416666666668,0.9408333333333334,11,0,0,nan
IMG_0080|r1|n20|b600|BDA-EHHO-VC-Calibrated,IMG_0080,43074.jpg,1,BDA-EHHO-VC-Calibrated,20,600,1478312859,4.754475520450854,206,217,2,600,True,0.22382939996896312,15,15,4.754475520450854,nan,nan,0,145,155,0.48333333333333334
IMG_0080|r1|n30|b300|HHO-VC,IMG_0080,43074.jpg,1,HHO-VC,30,300,1478312859,4.756387279098632,2,2,2,300,True,0.10361330001614988,5,5,4.756387279098632,nan,nan,0,0,0,nan
IMG_0080|r1|n30|b300|EHHO-VC,IMG_0080,43074.jpg,1,EHHO-VC,30,300,1478312859,4.755228181647465,2,3,2,300,True,0.01728760002879426,7,7,4.755228181647465,0.22623953942640038,0.039343029116807746,1,0,0,nan
IMG_0080|r1|n30|b300|BEHHO-VC-Calibrated,IMG_0080,43074.jpg,1,BEHHO-VC-Calibrated,30,300,1478312859,4.753691353616266,5,135,2,300,True,0.13051510002696887,10,10,4.753691353616266,0.8207777777777776,0.7716666666666666,1,0,0,nan
IMG_0080|r1|n30|b300|BDA-EHHO-VC-Calibrated,IMG_0080,43074.jpg,1,BDA-EHHO-VC-Calibrated,30,300,1478312859,4.753728655925225,191,38,2,300,True,0.14775780000491068,5,5,4.753728655925225,nan,nan,0,79,71,0.5266666666666666
IMG_0080|r1|n30|b600|HHO-VC,IMG_0080,43074.jpg,1,HHO-VC,30,600,1478312859,4.755228181647465,2,3,2,600,True,0.022294099966529757,11,11,4.755228181647465,nan,nan,0,0,0,nan
IMG_0080|r1|n30|b600|EHHO-VC,IMG_0080,43074.jpg,1,EHHO-VC,30,600,1478312859,4.756387279098632,2,2,2,600,True,0.04448109999066219,13,13,4.756387279098632,0.12379417447321878,0.006254134900558133,6,0,0,nan
IMG_0080|r1|n30|b600|BEHHO-VC-Calibrated,IMG_0080,43074.jpg,1,BEHHO-VC-Calibrated,30,600,1478312859,4.753691353616266,5,135,2,600,True,0.14144620002480224,20,20,4.753691353616266,0.8160462962962963,0.8724074074074074,1,0,0,nan
IMG_0080|r1|n30|b600|BDA-EHHO-VC-Calibrated,IMG_0080,43074.jpg,1,BDA-EHHO-VC-Calibrated,30,600,1478312859,4.7534926320558615,5,178,2,600,True,0.082804000005126,10,10,4.7534926320558615,nan,nan,0,141,159,0.47
IMG_0080|r2|n10|b300|HHO-VC,IMG_0080,43074.jpg,2,HHO-VC,10,300,1925739567,4.751350976303871,2,6,6,300,True,2.297437200031709,17,17,4.751350976303871,nan,nan,0,0,0,nan
IMG_0080|r2|n10|b300|EHHO-VC,IMG_0080,43074.jpg,2,EHHO-VC,10,300,1925739567,4.752288932114827,2,2,2,300,True,0.9463745999964885,19,19,4.752288932114827,0.09938498152057416,0.060995713141903087,10,0,0,nan
IMG_0080|r2|n10|b300|BEHHO-VC-Calibrated,IMG_0080,43074.jpg,2,BEHHO-VC-Calibrated,10,300,1925739567,4.751734396838885,2,4,2,300,True,14.45436759997392,30,30,4.751734396838885,0.6903888888888889,0.3600000000000001,11,0,0,nan
IMG_0080|r2|n10|b300|BDA-EHHO-VC-Calibrated,IMG_0080,43074.jpg,2,BDA-EHHO-VC-Calibrated,10,300,1925739567,4.752682776211127,118,249,6,300,True,7.6033382000168785,15,15,4.752682776211127,nan,nan,0,70,80,0.4666666666666667
IMG_0080|r2|n10|b600|HHO-VC,IMG_0080,43074.jpg,2,HHO-VC,10,600,1925739567,4.751350976303871,2,6,6,600,True,0.22874360001878813,33,33,4.751350976303871,nan,nan,0,0,0,nan
IMG_0080|r2|n10|b600|EHHO-VC,IMG_0080,43074.jpg,2,EHHO-VC,10,600,1925739567,4.752288932114827,2,2,2,600,True,1.048112399992533,37,37,4.752288932114827,0.09226070743646102,0.09739957910487887,17,0,0,nan
IMG_0080|r2|n10|b600|BEHHO-VC-Calibrated,IMG_0080,43074.jpg,2,BEHHO-VC-Calibrated,10,600,1925739567,4.750915727097684,2,174,2,600,True,7.262618000037037,60,60,4.750915727097684,0.8398611111111112,0.8300000000000001,4,0,0,nan
IMG_0080|r2|n10|b600|BDA-EHHO-VC-Calibrated,IMG_0080,43074.jpg,2,BDA-EHHO-VC-Calibrated,10,600,1925739567,4.751456734589253,2,216,10,600,True,1.6644486999721266,30,30,4.751456734589253,nan,nan,0,147,153,0.49
IMG_0080|r2|n20|b300|HHO-VC,IMG_0080,43074.jpg,2,HHO-VC,20,300,1925739567,4.751898306722892,2,4,3,300,True,0.10074640001403168,8,8,4.751898306722892,nan,nan,0,0,0,nan
IMG_0080|r2|n20|b300|EHHO-VC,IMG_0080,43074.jpg,2,EHHO-VC,20,300,1925739567,4.752288932114827,2,2,2,300,True,0.03268090001074597,9,9,4.752288932114827,0.171895284233658,0.0031540276496266812,4,0,0,nan
IMG_0080|r2|n20|b300|BEHHO-VC-Calibrated,IMG_0080,43074.jpg,2,BEHHO-VC-Calibrated,20,300,1925739567,4.751509634795475,2,192,2,300,True,0.39676820003660396,15,15,4.751509634795475,0.5896388888888888,0.5120833333333334,11,0,0,nan
IMG_0080|r2|n20|b300|BDA-EHHO-VC-Calibrated,IMG_0080,43074.jpg,2,BDA-EHHO-VC-Calibrated,20,300,1925739567,4.752117059639755,14,88,17,300,True,0.3236532000009902,8,8,4.752117059639755,nan,nan,0,82,58,0.5857142857142857
IMG_0080|r2|n20|b600|HHO-VC,IMG_0080,43074.jpg,2,HHO-VC,20,600,1925739567,4.751327061804937,2,12,6,600,True,0.09839429997373372,17,17,4.751327061804937,nan,nan,0,0,0,nan
IMG_0080|r2|n20|b600|EHHO-VC,IMG_0080,43074.jpg,2,EHHO-VC,20,600,1925739567,4.752288932114827,2,2,2,600,True,0.04430019995197654,19,19,4.752288932114827,0.10113344316613415,9.90323764348689e-05,8,0,0,nan
IMG_0080|r2|n20|b600|BEHHO-VC-Calibrated,IMG_0080,43074.jpg,2,BEHHO-VC-Calibrated,20,600,1925739567,4.75098525540846,2,170,2,600,True,0.3443511000368744,30,30,4.75098525540846,0.6504722222222223,0.6591666666666667,19,0,0,nan
IMG_0080|r2|n20|b600|BDA-EHHO-VC-Calibrated,IMG_0080,43074.jpg,2,BDA-EHHO-VC-Calibrated,20,600,1925739567,4.751852718599749,2,204,12,600,True,0.23419760004617274,15,15,4.751852718599749,nan,nan,0,151,149,0.5033333333333333
IMG_0080|r2|n30|b300|HHO-VC,IMG_0080,43074.jpg,2,HHO-VC,30,300,1925739567,4.752288932114827,2,2,2,300,True,0.016828599967993796,6,6,4.752288932114827,nan,nan,0,0,0,nan
IMG_0080|r2|n30|b300|EHHO-VC,IMG_0080,43074.jpg,2,EHHO-VC,30,300,1925739567,4.752288932114827,2,2,2,300,True,0.03519109997432679,7,7,4.752288932114827,0.22107509462368338,0.09650645145862273,2,0,0,nan
IMG_0080|r2|n30|b300|BEHHO-VC-Calibrated,IMG_0080,43074.jpg,2,BEHHO-VC-Calibrated,30,300,1925739567,4.7514119039539215,2,222,2,300,True,0.09219090000260621,10,10,4.7514119039539215,0.7832407407407407,0.8024074074074073,3,0,0,nan
IMG_0080|r2|n30|b300|BDA-EHHO-VC-Calibrated,IMG_0080,43074.jpg,2,BDA-EHHO-VC-Calibrated,30,300,1925739567,4.7513664455141225,2,230,2,300,True,0.17896020004991442,5,5,4.7513664455141225,nan,nan,0,76,74,0.5066666666666667
IMG_0080|r2|n30|b600|HHO-VC,IMG_0080,43074.jpg,2,HHO-VC,30,600,1925739567,4.752288932114827,2,2,2,600,True,0.12588390003656968,11,11,4.752288932114827,nan,nan,0,0,0,nan
IMG_0080|r2|n30|b600|EHHO-VC,IMG_0080,43074.jpg,2,EHHO-VC,30,600,1925739567,4.752288932114827,2,2,2,600,True,0.05338459997437894,13,13,4.752288932114827,0.14089468034186156,0.07243349096622159,4,0,0,nan
IMG_0080|r2|n30|b600|BEHHO-VC-Calibrated,IMG_0080,43074.jpg,2,BEHHO-VC-Calibrated,30,600,1925739567,4.750928442701746,2,176,2,600,True,0.23790299997199327,20,20,4.750928442701746,0.7412037037037037,0.7972222222222222,6,0,0,nan
IMG_0080|r2|n30|b600|BDA-EHHO-VC-Calibrated,IMG_0080,43074.jpg,2,BDA-EHHO-VC-Calibrated,30,600,1925739567,4.751903652533023,2,92,10,600,True,0.2568587999558076,10,10,4.7519171225919665,nan,nan,0,144,156,0.48
IMG_0080|r3|n10|b300|HHO-VC,IMG_0080,43074.jpg,3,HHO-VC,10,300,1851301330,4.752716839775251,2,7,2,300,True,3.114925600006245,16,16,4.752716839775251,nan,nan,0,0,0,nan
IMG_0080|r3|n10|b300|EHHO-VC,IMG_0080,43074.jpg,3,EHHO-VC,10,300,1851301330,4.751983060251039,2,7,3,300,True,1.2009410000173375,19,19,4.751983060251039,0.10269222991067277,0.013454358262589486,9,0,0,nan
IMG_0080|r3|n10|b300|BEHHO-VC-Calibrated,IMG_0080,43074.jpg,3,BEHHO-VC-Calibrated,10,300,1851301330,4.749799025613416,2,192,4,300,True,10.792689200025052,30,30,4.749799025613416,0.756,0.65,11,0,0,nan
IMG_0080|r3|n10|b300|BDA-EHHO-VC-Calibrated,IMG_0080,43074.jpg,3,BDA-EHHO-VC-Calibrated,10,300,1851301330,4.752106638405915,76,229,4,300,True,6.250743400014471,15,15,4.752106638405915,nan,nan,0,78,72,0.52
IMG_0080|r3|n10|b600|HHO-VC,IMG_0080,43074.jpg,3,HHO-VC,10,600,1851301330,4.752716839775251,2,7,2,600,True,0.06221990002086386,32,32,4.752716839775251,nan,nan,0,0,0,nan
IMG_0080|r3|n10|b600|EHHO-VC,IMG_0080,43074.jpg,3,EHHO-VC,10,600,1851301330,4.750728864174803,2,9,4,600,True,0.7290955999633297,38,38,4.750728864174803,0.07095372868168351,0.035437109888497666,21,0,0,nan
IMG_0080|r3|n10|b600|BEHHO-VC-Calibrated,IMG_0080,43074.jpg,3,BEHHO-VC-Calibrated,10,600,1851301330,4.749799025613416,2,192,4,600,True,4.82531410001684,60,60,4.749799025613416,0.7651388888888889,0.8366666666666666,14,0,0,nan
IMG_0080|r3|n10|b600|BDA-EHHO-VC-Calibrated,IMG_0080,43074.jpg,3,BDA-EHHO-VC-Calibrated,10,600,1851301330,4.751855086515078,74,252,4,600,True,1.8244072999805212,30,30,4.751855086515078,nan,nan,0,151,149,0.5033333333333333
IMG_0080|r3|n20|b300|HHO-VC,IMG_0080,43074.jpg,3,HHO-VC,20,300,1851301330,4.752092759766978,2,143,2,300,True,0.4569599999813363,9,9,4.752092759766978,nan,nan,0,0,0,nan
IMG_0080|r3|n20|b300|EHHO-VC,IMG_0080,43074.jpg,3,EHHO-VC,20,300,1851301330,4.752026511117794,2,161,2,300,True,0.1077606999897398,10,10,4.752026511117794,0.3019746821349849,0.2812582917875284,0,0,0,nan
IMG_0080|r3|n20|b300|BEHHO-VC-Calibrated,IMG_0080,43074.jpg,3,BEHHO-VC-Calibrated,20,300,1851301330,4.751643222523848,2,176,40,300,True,0.7589415999827906,15,15,4.751643222523848,0.8100833333333333,0.78875,3,0,0,nan
IMG_0080|r3|n20|b300|BDA-EHHO-VC-Calibrated,IMG_0080,43074.jpg,3,BDA-EHHO-VC-Calibrated,20,300,1851301330,4.75329743465705,61,231,10,300,True,0.7378355999826454,8,8,4.75329743465705,nan,nan,0,65,75,0.4642857142857143
IMG_0080|r3|n20|b600|HHO-VC,IMG_0080,43074.jpg,3,HHO-VC,20,600,1851301330,4.752031832812606,2,156,2,600,True,0.1126945000141859,17,17,4.752031832812606,nan,nan,0,0,0,nan
IMG_0080|r3|n20|b600|EHHO-VC,IMG_0080,43074.jpg,3,EHHO-VC,20,600,1851301330,4.752026511117794,2,161,2,600,True,0.10395580000476912,20,20,4.752026511117794,0.26309428383161904,0.24398543630037892,0,0,0,nan
IMG_0080|r3|n20|b600|BEHHO-VC-Calibrated,IMG_0080,43074.jpg,3,BEHHO-VC-Calibrated,20,600,1851301330,4.750998869440941,2,157,24,600,True,0.5127958999946713,30,30,4.750998869440941,0.8710694444444446,0.855,0,0,0,nan
IMG_0080|r3|n20|b600|BDA-EHHO-VC-Calibrated,IMG_0080,43074.jpg,3,BDA-EHHO-VC-Calibrated,20,600,1851301330,4.7512232944789945,2,152,10,600,True,0.24568140000337735,15,15,4.7512232944789945,nan,nan,0,150,150,0.5
IMG_0080|r3|n30|b300|HHO-VC,IMG_0080,43074.jpg,3,HHO-VC,30,300,1851301330,4.752026511117794,2,161,2,300,True,0.01545619999524206,6,6,4.752026511117794,nan,nan,0,0,0,nan
IMG_0080|r3|n30|b300|EHHO-VC,IMG_0080,43074.jpg,3,EHHO-VC,30,300,1851301330,4.752026511117794,2,161,2,300,True,0.016531399975065142,7,7,4.752026511117794,0.33744411905465926,0.2866455793114547,0,0,0,nan
IMG_0080|r3|n30|b300|BEHHO-VC-Calibrated,IMG_0080,43074.jpg,3,BEHHO-VC-Calibrated,30,300,1851301330,4.751833532439773,68,160,4,300,True,0.058205600013025105,10,10,4.751833532439773,0.8338148148148148,0.7833333333333333,1,0,0,nan
IMG_0080|r3|n30|b300|BDA-EHHO-VC-Calibrated,IMG_0080,43074.jpg,3,BDA-EHHO-VC-Calibrated,30,300,1851301330,4.751484668787963,2,176,8,300,True,0.058518400008324534,5,5,4.751484668787963,nan,nan,0,69,81,0.46
IMG_0080|r3|n30|b600|HHO-VC,IMG_0080,43074.jpg,3,HHO-VC,30,600,1851301330,4.752026511117794,2,161,2,600,True,0.030256400001235306,12,12,4.752026511117794,nan,nan,0,0,0,nan
IMG_0080|r3|n30|b600|EHHO-VC,IMG_0080,43074.jpg,3,EHHO-VC,30,600,1851301330,4.752026511117794,2,161,2,600,True,0.047289100009948015,13,13,4.752026511117794,0.29441765947078186,0.2612177787512101,0,0,0,nan
IMG_0080|r3|n30|b600|BEHHO-VC-Calibrated,IMG_0080,43074.jpg,3,BEHHO-VC-Calibrated,30,600,1851301330,4.750136727868021,2,128,4,600,True,0.08461280004121363,20,20,4.750136727868021,0.8096018518518517,0.7948148148148149,1,0,0,nan
IMG_0080|r3|n30|b600|BDA-EHHO-VC-Calibrated,IMG_0080,43074.jpg,3,BDA-EHHO-VC-Calibrated,30,600,1851301330,4.751948725704373,2,246,76,600,True,0.0639831000007689,10,10,4.7520226165678645,nan,nan,0,141,159,0.47
IMG_0082|r1|n10|b300|HHO-VC,IMG_0082,54082.jpg,1,HHO-VC,10,300,1522188686,5.481057914301775,2,14,2,300,True,4.276127599994652,16,16,5.481057914301775,nan,nan,0,0,0,nan
IMG_0082|r1|n10|b300|EHHO-VC,IMG_0082,54082.jpg,1,EHHO-VC,10,300,1522188686,5.48095643550944,2,156,2,300,True,3.631042500026524,19,19,5.48095643550944,0.1984710503046475,0.21425023724085568,0,0,0,nan
IMG_0082|r1|n10|b300|BEHHO-VC-Calibrated,IMG_0082,54082.jpg,1,BEHHO-VC-Calibrated,10,300,1522188686,5.481273065446115,2,97,2,300,True,11.833704399992712,30,30,5.481273065446115,0.6940000000000002,0.5066666666666667,11,0,0,nan
IMG_0082|r1|n10|b300|BDA-EHHO-VC-Calibrated,IMG_0082,54082.jpg,1,BDA-EHHO-VC-Calibrated,10,300,1522188686,5.4816898148885445,101,151,242,300,True,6.00998079997953,15,15,5.4816898148885445,nan,nan,0,78,72,0.52
IMG_0082|r1|n10|b600|HHO-VC,IMG_0082,54082.jpg,1,HHO-VC,10,600,1522188686,5.48055799007759,2,7,2,600,True,0.039455899968743324,32,32,5.48055799007759,nan,nan,0,0,0,nan
IMG_0082|r1|n10|b600|EHHO-VC,IMG_0082,54082.jpg,1,EHHO-VC,10,600,1522188686,5.48055799007759,2,7,2,600,True,0.7697027999674901,38,38,5.48055799007759,0.08764462396569546,0.03320262367241249,15,0,0,nan
IMG_0082|r1|n10|b600|BEHHO-VC-Calibrated,IMG_0082,54082.jpg,1,BEHHO-VC-Calibrated,10,600,1522188686,5.480822164039043,2,150,2,600,True,3.7934778000344522,60,60,5.480822164039043,0.6735277777777776,0.8366666666666666,33,0,0,nan
IMG_0082|r1|n10|b600|BDA-EHHO-VC-Calibrated,IMG_0082,54082.jpg,1,BDA-EHHO-VC-Calibrated,10,600,1522188686,5.481439656434674,2,147,224,600,True,2.257400400005281,30,30,5.481439656434674,nan,nan,0,152,148,0.5066666666666667
IMG_0082|r1|n20|b300|HHO-VC,IMG_0082,54082.jpg,1,HHO-VC,20,300,1522188686,5.482093761895516,156,150,152,300,True,1.1956325999926776,8,8,5.482093761895516,nan,nan,0,0,0,nan
IMG_0082|r1|n20|b300|EHHO-VC,IMG_0082,54082.jpg,1,EHHO-VC,20,300,1522188686,5.482028117955477,156,151,152,300,True,0.5900899000116624,10,10,5.482028117955477,0.4059463266086091,0.4419362505817711,0,0,0,nan
IMG_0082|r1|n20|b300|BEHHO-VC-Calibrated,IMG_0082,54082.jpg,1,BEHHO-VC-Calibrated,20,300,1522188686,5.4812664305364365,2,5,2,300,True,0.2792813999694772,15,15,5.4812664305364365,0.6060833333333334,0.6583333333333333,10,0,0,nan
IMG_0082|r1|n20|b300|BDA-EHHO-VC-Calibrated,IMG_0082,54082.jpg,1,BDA-EHHO-VC-Calibrated,20,300,1522188686,5.481665023187063,101,151,251,300,True,0.3188625000184402,8,8,5.481665023187063,nan,nan,0,71,69,0.5071428571428571
IMG_0082|r1|n20|b600|HHO-VC,IMG_0082,54082.jpg,1,HHO-VC,20,600,1522188686,5.481990971869826,157,151,152,600,True,0.3559796999907121,16,16,5.481990971869826,nan,nan,0,0,0,nan
IMG_0082|r1|n20|b600|EHHO-VC,IMG_0082,54082.jpg,1,EHHO-VC,20,600,1522188686,5.481963470432063,147,142,144,600,True,0.19042669999180362,19,19,5.481963470432063,0.4281943294423095,0.34997070015006254,0,0,0,nan
IMG_0082|r1|n20|b600|BEHHO-VC-Calibrated,IMG_0082,54082.jpg,1,BEHHO-VC-Calibrated,20,600,1522188686,5.481331284088644,2,128,2,600,True,0.102412500011269,30,30,5.481331284088644,0.5544305555555555,0.3841666666666666,23,0,0,nan
IMG_0082|r1|n20|b600|BDA-EHHO-VC-Calibrated,IMG_0082,54082.jpg,1,BDA-EHHO-VC-Calibrated,20,600,1522188686,5.481124038457008,2,111,2,600,True,0.2703450999688357,15,15,5.4812551681048705,nan,nan,0,139,161,0.4633333333333333
IMG_0082|r1|n30|b300|HHO-VC,IMG_0082,54082.jpg,1,HHO-VC,30,300,1522188686,5.48055799007759,2,7,2,300,True,0.03029729996342212,6,6,5.48055799007759,nan,nan,0,0,0,nan
IMG_0082|r1|n30|b300|EHHO-VC,IMG_0082,54082.jpg,1,EHHO-VC,30,300,1522188686,5.48055799007759,2,7,2,300,True,0.03812189999734983,7,7,5.48055799007759,0.21383367169210285,0.01702785807807421,0,0,0,nan
IMG_0082|r1|n30|b300|BEHHO-VC-Calibrated,IMG_0082,54082.jpg,1,BEHHO-VC-Calibrated,30,300,1522188686,5.481037933747964,2,144,2,300,True,0.1810575000126846,10,10,5.481037933747964,0.8033148148148147,0.8268518518518517,1,0,0,nan
IMG_0082|r1|n30|b300|BDA-EHHO-VC-Calibrated,IMG_0082,54082.jpg,1,BDA-EHHO-VC-Calibrated,30,300,1522188686,5.481451199470942,102,7,146,300,True,0.0587087000021711,5,5,5.481451199470942,nan,nan,0,65,85,0.43333333333333335
IMG_0082|r1|n30|b600|HHO-VC,IMG_0082,54082.jpg,1,HHO-VC,30,600,1522188686,5.482319504755594,3,3,2,600,True,0.09184860001550987,11,11,5.482319504755594,nan,nan,0,0,0,nan
IMG_0082|r1|n30|b600|EHHO-VC,IMG_0082,54082.jpg,1,EHHO-VC,30,600,1522188686,5.481858256499369,3,5,4,600,True,0.06890850001946092,13,13,5.481858256499369,0.12750793632569063,0.13569849218483754,5,0,0,nan
IMG_0082|r1|n30|b600|BEHHO-VC-Calibrated,IMG_0082,54082.jpg,1,BEHHO-VC-Calibrated,30,600,1522188686,5.480822164039043,2,150,2,600,True,0.17762169998604804,20,20,5.480822164039043,0.8095648148148149,0.8874074074074074,2,0,0,nan
IMG_0082|r1|n30|b600|BDA-EHHO-VC-Calibrated,IMG_0082,54082.jpg,1,BDA-EHHO-VC-Calibrated,30,600,1522188686,5.4816898148885445,101,151,242,600,True,0.07957950001582503,10,10,5.4816898148885445,nan,nan,0,136,164,0.4533333333333333
IMG_0082|r2|n10|b300|HHO-VC,IMG_0082,54082.jpg,2,HHO-VC,10,300,1743986458,5.48376086747819,108,245,158,300,True,9.636681500007398,19,19,5.48376086747819,nan,nan,0,0,0,nan
IMG_0082|r2|n10|b300|EHHO-VC,IMG_0082,54082.jpg,2,EHHO-VC,10,300,1743986458,5.48376086747819,108,245,158,300,True,3.818818400031887,21,21,5.48376086747819,0.48239020935605986,0.4397237424254253,0,0,0,nan
IMG_0082|r2|n10|b300|BEHHO-VC-Calibrated,IMG_0082,54082.jpg,2,BEHHO-VC-Calibrated,10,300,1743986458,5.483720982973345,127,255,127,300,True,8.044515300018247,30,30,5.483720982973345,0.8135555555555556,0.7399999999999999,4,0,0,nan
IMG_0082|r2|n10|b300|BDA-EHHO-VC-Calibrated,IMG_0082,54082.jpg,2,BDA-EHHO-VC-Calibrated,10,300,1743986458,5.483441235561522,141,240,93,300,True,3.0515012000105344,15,15,5.483441235561522,nan,nan,0,75,75,0.5
IMG_0082|r2|n10|b600|HHO-VC,IMG_0082,54082.jpg,2,HHO-VC,10,600,1743986458,5.483847809955418,108,246,158,600,True,2.3510779999778606,34,34,5.483847809955418,nan,nan,0,0,0,nan
IMG_0082|r2|n10|b600|EHHO-VC,IMG_0082,54082.jpg,2,EHHO-VC,10,600,1743986458,5.483711745146415,161,255,236,600,True,1.2474103000131436,40,40,5.483711745146415,0.49513091661837566,0.6078521766468817,0,0,0,nan
IMG_0082|r2|n10|b600|BEHHO-VC-Calibrated,IMG_0082,54082.jpg,2,BEHHO-VC-Calibrated,10,600,1743986458,5.483593250944435,149,194,143,600,True,1.7247497999924235,60,60,5.483593250944435,0.8755833333333333,0.8316666666666667,1,0,0,nan
IMG_0082|r2|n10|b600|BDA-EHHO-VC-Calibrated,IMG_0082,54082.jpg,2,BDA-EHHO-VC-Calibrated,10,600,1743986458,5.483163302134808,140,218,135,600,True,0.6151189999654889,30,30,5.483163302134808,nan,nan,0,139,161,0.4633333333333333
IMG_0082|r2|n20|b300|HHO-VC,IMG_0082,54082.jpg,2,HHO-VC,20,300,1743986458,5.483355827863709,151,192,127,300,True,0.09163310000440106,10,10,5.483355827863709,nan,nan,0,0,0,nan
IMG_0082|r2|n20|b300|EHHO-VC,IMG_0082,54082.jpg,2,EHHO-VC,20,300,1743986458,5.483092993820635,160,219,136,300,True,0.12897580000571907,11,11,5.483092993820635,0.5050539115615774,0.46963871578905564,0,0,0,nan
IMG_0082|r2|n20|b300|BEHHO-VC-Calibrated,IMG_0082,54082.jpg,2,BEHHO-VC-Calibrated,20,300,1743986458,5.483580016854017,162,236,146,300,True,0.07122899999376386,15,15,5.483580016854017,0.8655000000000002,0.79,0,0,0,nan
IMG_0082|r2|n20|b300|BDA-EHHO-VC-Calibrated,IMG_0082,54082.jpg,2,BDA-EHHO-VC-Calibrated,20,300,1743986458,5.4838873671511665,119,240,138,300,True,0.051330899994354695,8,8,5.4838873671511665,nan,nan,0,68,72,0.4857142857142857
IMG_0082|r2|n20|b600|HHO-VC,IMG_0082,54082.jpg,2,HHO-VC,20,600,1743986458,5.483384227890245,135,244,156,600,True,0.054669099976308644,17,17,5.483384227890245,nan,nan,0,0,0,nan
IMG_0082|r2|n20|b600|EHHO-VC,IMG_0082,54082.jpg,2,EHHO-VC,20,600,1743986458,5.483189359640465,133,244,154,600,True,0.0648769999970682,20,20,5.483189359640465,0.506319895303848,0.5690115535036899,0,0,0,nan
IMG_0082|r2|n20|b600|BEHHO-VC-Calibrated,IMG_0082,54082.jpg,2,BEHHO-VC-Calibrated,20,600,1743986458,5.483486590946764,208,229,18,600,True,0.192400700005237,30,30,5.483486590946764,0.8221250000000001,0.8783333333333333,1,0,0,nan
IMG_0082|r2|n20|b600|BDA-EHHO-VC-Calibrated,IMG_0082,54082.jpg,2,BDA-EHHO-VC-Calibrated,20,600,1743986458,5.483376711144021,151,247,158,600,True,0.2003201000043191,15,15,5.483376711144021,nan,nan,0,152,148,0.5066666666666667
IMG_0082|r2|n30|b300|HHO-VC,IMG_0082,54082.jpg,2,HHO-VC,30,300,1743986458,5.483262174997004,128,220,99,300,True,0.04288809996796772,6,6,5.483262174997004,nan,nan,0,0,0,nan
IMG_0082|r2|n30|b300|EHHO-VC,IMG_0082,54082.jpg,2,EHHO-VC,30,300,1743986458,5.483178418184583,128,219,99,300,True,0.03466240002308041,7,7,5.483178418184583,0.45180774317279054,0.47396969676963213,0,0,0,nan
IMG_0082|r2|n30|b300|BEHHO-VC-Calibrated,IMG_0082,54082.jpg,2,BEHHO-VC-Calibrated,30,300,1743986458,5.483530292886313,129,197,135,300,True,0.08168419997673482,10,10,5.483530292886313,0.9219814814814814,0.8692592592592593,0,0,0,nan
IMG_0082|r2|n30|b300|BDA-EHHO-VC-Calibrated,IMG_0082,54082.jpg,2,BDA-EHHO-VC-Calibrated,30,300,1743986458,5.483304132290381,159,218,15,300,True,0.10828660003608093,5,5,5.483304132290381,nan,nan,0,66,84,0.44
IMG_0082|r2|n30|b600|HHO-VC,IMG_0082,54082.jpg,2,HHO-VC,30,600,1743986458,5.4829987190654235,164,245,136,600,True,0.0830953000113368,12,12,5.4829987190654235,nan,nan,0,0,0,nan
IMG_0082|r2|n30|b600|EHHO-VC,IMG_0082,54082.jpg,2,EHHO-VC,30,600,1743986458,5.482884341748641,162,244,135,600,True,0.04830929997842759,14,14,5.482884341748641,0.49565614784583856,0.6051566148413674,0,0,0,nan
IMG_0082|r2|n30|b600|BEHHO-VC-Calibrated,IMG_0082,54082.jpg,2,BEHHO-VC-Calibrated,30,600,1743986458,5.4833642828429285,160,227,6,600,True,0.14622480003163218,20,20,5.4833642828429285,0.9250092592592594,0.9275925925925925,0,0,0,nan
IMG_0082|r2|n30|b600|BDA-EHHO-VC-Calibrated,IMG_0082,54082.jpg,2,BDA-EHHO-VC-Calibrated,30,600,1743986458,5.482920648264575,132,245,127,600,True,0.09704760002205148,10,10,5.482920648264575,nan,nan,0,147,153,0.49
IMG_0082|r3|n10|b300|HHO-VC,IMG_0082,54082.jpg,3,HHO-VC,10,300,877759160,5.485076049664156,255,139,66,300,True,12.762791899964213,18,18,5.485076049664156,nan,nan,0,0,0,nan
IMG_0082|r3|n10|b300|EHHO-VC,IMG_0082,54082.jpg,3,EHHO-VC,10,300,877759160,5.484957126011497,255,104,69,300,True,6.914766000001691,21,21,5.484957126011497,0.43520890816285207,0.44079069051338127,0,0,0,nan
IMG_0082|r3|n10|b300|BEHHO-VC-Calibrated,IMG_0082,54082.jpg,3,BEHHO-VC-Calibrated,10,300,877759160,5.4851858971752465,2,72,38,300,True,11.21658780000871,30,30,5.4851858971752465,0.814,0.8849999999999999,4,0,0,nan
IMG_0082|r3|n10|b300|BDA-EHHO-VC-Calibrated,IMG_0082,54082.jpg,3,BDA-EHHO-VC-Calibrated,10,300,877759160,5.485182778195241,2,64,29,300,True,3.3892013000440784,15,15,5.485182778195241,nan,nan,0,81,69,0.54
IMG_0082|r3|n10|b600|HHO-VC,IMG_0082,54082.jpg,3,HHO-VC,10,600,877759160,5.4850187283873995,231,146,69,600,True,2.1971942000091076,33,33,5.4850187283873995,nan,nan,0,0,0,nan
IMG_0082|r3|n10|b600|EHHO-VC,IMG_0082,54082.jpg,3,EHHO-VC,10,600,877759160,5.484952065536276,255,105,69,600,True,0.8900178999756463,39,39,5.484952065536276,0.4055271591199068,0.4410334446854073,0,0,0,nan
IMG_0082|r3|n10|b600|BEHHO-VC-Calibrated,IMG_0082,54082.jpg,3,BEHHO-VC-Calibrated,10,600,877759160,5.484760675486906,2,163,35,600,True,2.609933700005058,60,60,5.484760675486906,0.7870277777777779,0.9349999999999999,14,0,0,nan
IMG_0082|r3|n10|b600|BDA-EHHO-VC-Calibrated,IMG_0082,54082.jpg,3,BDA-EHHO-VC-Calibrated,10,600,877759160,5.485187392669805,250,249,69,600,True,0.40149530000053346,30,30,5.485187392669805,nan,nan,0,144,156,0.48
IMG_0082|r3|n20|b300|HHO-VC,IMG_0082,54082.jpg,3,HHO-VC,20,300,877759160,5.485157413267033,255,107,66,300,True,0.15507460001390427,9,9,5.485157413267033,nan,nan,0,0,0,nan
IMG_0082|r3|n20|b300|EHHO-VC,IMG_0082,54082.jpg,3,EHHO-VC,20,300,877759160,5.4851134457466655,255,127,69,300,True,0.06798569997772574,10,10,5.4851134457466655,0.4452442442036171,0.43386330849428506,0,0,0,nan
IMG_0082|r3|n20|b300|BEHHO-VC-Calibrated,IMG_0082,54082.jpg,3,BEHHO-VC-Calibrated,20,300,877759160,5.485153796221751,2,161,67,300,True,0.47450389998266473,15,15,5.485153796221751,0.8833055555555556,0.9362499999999999,0,0,0,nan
IMG_0082|r3|n20|b300|BDA-EHHO-VC-Calibrated,IMG_0082,54082.jpg,3,BDA-EHHO-VC-Calibrated,20,300,877759160,5.4852198873746945,251,158,61,300,True,0.3071737000136636,8,8,5.4852198873746945,nan,nan,0,62,78,0.44285714285714284
IMG_0082|r3|n20|b600|HHO-VC,IMG_0082,54082.jpg,3,HHO-VC,20,600,877759160,5.485167806599488,232,104,69,600,True,0.08866409998154268,16,16,5.485167806599488,nan,nan,0,0,0,nan
IMG_0082|r3|n20|b600|EHHO-VC,IMG_0082,54082.jpg,3,EHHO-VC,20,600,877759160,5.485167806599488,232,104,69,600,True,0.03314469999168068,20,20,5.485167806599488,0.4187092622522203,0.3709323980063708,0,0,0,nan
IMG_0082|r3|n20|b600|BEHHO-VC-Calibrated,IMG_0082,54082.jpg,3,BEHHO-VC-Calibrated,20,600,877759160,5.48518855314098,2,128,32,600,True,0.18528220005100593,30,30,5.48518855314098,0.8325833333333333,0.6729166666666667,3,0,0,nan
IMG_0082|r3|n20|b600|BDA-EHHO-VC-Calibrated,IMG_0082,54082.jpg,3,BDA-EHHO-VC-Calibrated,20,600,877759160,5.484899066757776,3,136,66,600,True,0.13060080003924668,15,15,5.484899066757776,nan,nan,0,156,144,0.52
IMG_0082|r3|n30|b300|HHO-VC,IMG_0082,54082.jpg,3,HHO-VC,30,300,877759160,5.4849811345722985,254,100,69,300,True,0.014506900042761117,6,6,5.4849811345722985,nan,nan,0,0,0,nan
IMG_0082|r3|n30|b300|EHHO-VC,IMG_0082,54082.jpg,3,EHHO-VC,30,300,877759160,5.485095565052514,255,102,69,300,True,0.019361099984962493,7,7,5.485095565052514,0.4293535437202302,0.39323674858697105,0,0,0,nan
IMG_0082|r3|n30|b300|BEHHO-VC-Calibrated,IMG_0082,54082.jpg,3,BEHHO-VC-Calibrated,30,300,877759160,5.48483241857359,2,161,66,300,True,0.2511036000214517,10,10,5.48483241857359,0.8704074074074075,0.8790740740740741,0,0,0,nan
IMG_0082|r3|n30|b300|BDA-EHHO-VC-Calibrated,IMG_0082,54082.jpg,3,BDA-EHHO-VC-Calibrated,30,300,877759160,5.485049853354819,255,253,46,300,True,0.026164799986872822,5,5,5.485049853354819,nan,nan,0,69,81,0.46
IMG_0082|r3|n30|b600|HHO-VC,IMG_0082,54082.jpg,3,HHO-VC,30,600,877759160,5.484957126011497,255,104,69,600,True,0.028217700019013137,11,11,5.484957126011497,nan,nan,0,0,0,nan
IMG_0082|r3|n30|b600|EHHO-VC,IMG_0082,54082.jpg,3,EHHO-VC,30,600,877759160,5.485095565052514,255,102,69,600,True,0.0457888999953866,13,13,5.485095565052514,0.41586878497399926,0.40208166918571475,0,0,0,nan
IMG_0082|r3|n30|b600|BEHHO-VC-Calibrated,IMG_0082,54082.jpg,3,BEHHO-VC-Calibrated,30,600,877759160,5.485013479138741,255,249,61,600,True,0.13468369998736307,20,20,5.485013479138741,0.858537037037037,0.7501851851851852,1,0,0,nan
IMG_0082|r3|n30|b600|BDA-EHHO-VC-Calibrated,IMG_0082,54082.jpg,3,BDA-EHHO-VC-Calibrated,30,600,877759160,5.4850603438956425,251,159,60,600,True,0.1634110999875702,10,10,5.485152844954233,nan,nan,0,136,164,0.4533333333333333
IMG_0085|r1|n10|b300|HHO-VC,IMG_0085,62096.jpg,1,HHO-VC,10,300,1435879390,4.301418733956328,180,29,51,300,True,9.67683189996751,17,17,4.301418733956328,nan,nan,0,0,0,nan
IMG_0085|r1|n10|b300|EHHO-VC,IMG_0085,62096.jpg,1,EHHO-VC,10,300,1435879390,4.301075160384619,156,30,49,300,True,3.053204800002277,20,20,4.301075160384619,0.2830035271932604,0.20581029648074695,0,0,0,nan
IMG_0085|r1|n10|b300|BEHHO-VC-Calibrated,IMG_0085,62096.jpg,1,BEHHO-VC-Calibrated,10,300,1435879390,4.29999824568998,178,164,24,300,True,13.1240021000267,30,30,4.29999824568998,0.8285555555555555,0.8716666666666666,2,0,0,nan
IMG_0085|r1|n10|b300|BDA-EHHO-VC-Calibrated,IMG_0085,62096.jpg,1,BDA-EHHO-VC-Calibrated,10,300,1435879390,4.2993743643429605,187,165,11,300,True,3.8288580999942496,15,15,4.2993743643429605,nan,nan,0,71,79,0.47333333333333333
IMG_0085|r1|n10|b600|HHO-VC,IMG_0085,62096.jpg,1,HHO-VC,10,600,1435879390,4.2980113518841065,160,3,25,600,True,0.8492105000186712,32,32,4.2980113518841065,nan,nan,0,0,0,nan
IMG_0085|r1|n10|b600|EHHO-VC,IMG_0085,62096.jpg,1,EHHO-VC,10,600,1435879390,4.298167994702852,156,3,27,600,True,0.3730082000256516,38,38,4.298167994702852,0.27741156393202593,0.2118994538803432,0,0,0,nan
IMG_0085|r1|n10|b600|BEHHO-VC-Calibrated,IMG_0085,62096.jpg,1,BEHHO-VC-Calibrated,10,600,1435879390,4.299655133507878,178,180,24,600,True,3.725704599986784,60,60,4.299655133507878,0.8413333333333333,0.82,2,0,0,nan
IMG_0085|r1|n10|b600|BDA-EHHO-VC-Calibrated,IMG_0085,62096.jpg,1,BDA-EHHO-VC-Calibrated,10,600,1435879390,4.298677358769777,185,227,13,600,True,2.113140299974475,30,30,4.298677358769777,nan,nan,0,145,155,0.48333333333333334
IMG_0085|r1|n20|b300|HHO-VC,IMG_0085,62096.jpg,1,HHO-VC,20,300,1435879390,4.300706462699638,2,3,5,300,True,0.3784072999842465,9,9,4.300706462699638,nan,nan,0,0,0,nan
IMG_0085|r1|n20|b300|EHHO-VC,IMG_0085,62096.jpg,1,EHHO-VC,20,300,1435879390,4.300706462699638,2,3,5,300,True,0.05090209998888895,10,10,4.300706462699638,0.3344348813713589,0.058392425976364584,1,0,0,nan
IMG_0085|r1|n20|b300|BEHHO-VC-Calibrated,IMG_0085,62096.jpg,1,BEHHO-VC-Calibrated,20,300,1435879390,4.2999734443238,194,197,3,300,True,0.6398240000125952,15,15,4.2999734443238,0.9223611111111111,0.9425,0,0,0,nan
IMG_0085|r1|n20|b300|BDA-EHHO-VC-Calibrated,IMG_0085,62096.jpg,1,BDA-EHHO-VC-Calibrated,20,300,1435879390,4.299216438038216,162,218,23,300,True,0.3431820999830961,8,8,4.299216438038216,nan,nan,0,76,64,0.5428571428571428
IMG_0085|r1|n20|b600|HHO-VC,IMG_0085,62096.jpg,1,HHO-VC,20,600,1435879390,4.30074302597655,156,249,249,600,True,0.19389780005440116,16,16,4.30074302597655,nan,nan,0,0,0,nan
IMG_0085|r1|n20|b600|EHHO-VC,IMG_0085,62096.jpg,1,EHHO-VC,20,600,1435879390,4.300771565712495,180,242,242,600,True,0.10424730001250282,19,19,4.300771565712495,0.5439565685716626,0.5796929216681724,0,0,0,nan
IMG_0085|r1|n20|b600|BEHHO-VC-Calibrated,IMG_0085,62096.jpg,1,BEHHO-VC-Calibrated,20,600,1435879390,4.299474923832406,214,244,23,600,True,0.22425040003145114,30,30,4.299474923832406,0.9136666666666665,0.9391666666666666,0,0,0,nan
IMG_0085|r1|n20|b600|BDA-EHHO-VC-Calibrated,IMG_0085,62096.jpg,1,BDA-EHHO-VC-Calibrated,20,600,1435879390,4.299333937519217,169,186,11,600,True,0.29969099996378645,15,15,4.299333937519217,nan,nan,0,149,151,0.49666666666666665
IMG_0085|r1|n30|b300|HHO-VC,IMG_0085,62096.jpg,1,HHO-VC,30,300,1435879390,4.300983940789967,155,244,181,300,True,0.07557899999665096,6,6,4.300983940789967,nan,nan,0,0,0,nan
IMG_0085|r1|n30|b300|EHHO-VC,IMG_0085,62096.jpg,1,EHHO-VC,30,300,1435879390,4.300983940789967,155,244,181,300,True,0.03207700001075864,7,7,4.300983940789967,0.48966387653847343,0.44245146331417956,0,0,0,nan
IMG_0085|r1|n30|b300|BEHHO-VC-Calibrated,IMG_0085,62096.jpg,1,BEHHO-VC-Calibrated,30,300,1435879390,4.300073238601231,168,130,21,300,True,0.07233529997756705,10,10,4.300073238601231,0.8897592592592594,0.8387037037037036,0,0,0,nan
IMG_0085|r1|n30|b300|BDA-EHHO-VC-Calibrated,IMG_0085,62096.jpg,1,BDA-EHHO-VC-Calibrated,30,300,1435879390,4.298797967009304,177,248,13,300,True,0.1929169000359252,5,5,4.298797967009304,nan,nan,0,76,74,0.5066666666666667
IMG_0085|r1|n30|b600|HHO-VC,IMG_0085,62096.jpg,1,HHO-VC,30,600,1435879390,4.300983940789967,155,244,181,600,True,0.08341680001467466,11,11,4.300983940789967,nan,nan,0,0,0,nan
IMG_0085|r1|n30|b600|EHHO-VC,IMG_0085,62096.jpg,1,EHHO-VC,30,600,1435879390,4.300983940789967,155,244,181,600,True,0.06459480000194162,13,13,4.300983940789967,0.5102282979327688,0.5133986328657679,0,0,0,nan
IMG_0085|r1|n30|b600|BEHHO-VC-Calibrated,IMG_0085,62096.jpg,1,BEHHO-VC-Calibrated,30,600,1435879390,4.299584813043836,181,225,18,600,True,0.09628260001773015,20,20,4.299584813043836,0.9416203703703703,0.9314814814814815,0,0,0,nan
IMG_0085|r1|n30|b600|BDA-EHHO-VC-Calibrated,IMG_0085,62096.jpg,1,BDA-EHHO-VC-Calibrated,30,600,1435879390,4.299077654995679,158,170,23,600,True,0.07599590002791956,10,10,4.299077654995679,nan,nan,0,162,138,0.54
IMG_0085|r2|n10|b300|HHO-VC,IMG_0085,62096.jpg,2,HHO-VC,10,300,247722257,4.299932644626961,8,2,2,300,True,4.5227743000141345,17,17,4.299932644626961,nan,nan,0,0,0,nan
IMG_0085|r2|n10|b300|EHHO-VC,IMG_0085,62096.jpg,2,EHHO-VC,10,300,247722257,4.301430876581432,4,2,2,300,True,1.2710171000217088,19,19,4.301430876581432,0.09244479713253695,0.01814533818945215,8,0,0,nan
IMG_0085|r2|n10|b300|BEHHO-VC-Calibrated,IMG_0085,62096.jpg,2,BEHHO-VC-Calibrated,10,300,247722257,4.299019451827831,8,2,64,300,True,14.642264000023715,30,30,4.299019451827831,0.6683333333333333,0.59,15,0,0,nan
IMG_0085|r2|n10|b300|BDA-EHHO-VC-Calibrated,IMG_0085,62096.jpg,2,BDA-EHHO-VC-Calibrated,10,300,247722257,4.302858149492033,4,84,2,300,True,7.257743299996946,15,15,4.302858149492033,nan,nan,0,85,65,0.5666666666666667
IMG_0085|r2|n10|b600|HHO-VC,IMG_0085,62096.jpg,2,HHO-VC,10,600,247722257,4.299932644626961,8,2,2,600,True,0.33795010001631454,33,33,4.299932644626961,nan,nan,0,0,0,nan
IMG_0085|r2|n10|b600|EHHO-VC,IMG_0085,62096.jpg,2,EHHO-VC,10,600,247722257,4.301430876581432,4,2,2,600,True,0.8071016000467353,39,39,4.301430876581432,0.07318565285903278,0.05997515899236131,19,0,0,nan
IMG_0085|r2|n10|b600|BEHHO-VC-Calibrated,IMG_0085,62096.jpg,2,BEHHO-VC-Calibrated,10,600,247722257,4.299019451827831,8,2,64,600,True,3.552641100017354,60,60,4.299019451827831,0.6939722222222221,0.815,28,0,0,nan
IMG_0085|r2|n10|b600|BDA-EHHO-VC-Calibrated,IMG_0085,62096.jpg,2,BDA-EHHO-VC-Calibrated,10,600,247722257,4.300504328528571,8,113,64,600,True,2.4018440999789163,30,30,4.300504328528571,nan,nan,0,148,152,0.49333333333333335
IMG_0085|r2|n20|b300|HHO-VC,IMG_0085,62096.jpg,2,HHO-VC,20,300,247722257,4.299054637868223,8,2,4,300,True,0.21584750001784414,8,8,4.299054637868223,nan,nan,0,0,0,nan
IMG_0085|r2|n20|b300|EHHO-VC,IMG_0085,62096.jpg,2,EHHO-VC,20,300,247722257,4.299054637868223,8,2,4,300,True,0.05784429999766871,10,10,4.299054637868223,0.11719638022154848,0.0940678567223378,3,0,0,nan
IMG_0085|r2|n20|b300|BEHHO-VC-Calibrated,IMG_0085,62096.jpg,2,BEHHO-VC-Calibrated,20,300,247722257,4.299932644626961,8,2,2,300,True,0.7166230999864638,15,15,4.299932644626961,0.6360833333333334,0.5929166666666666,8,0,0,nan
IMG_0085|r2|n20|b300|BDA-EHHO-VC-Calibrated,IMG_0085,62096.jpg,2,BDA-EHHO-VC-Calibrated,20,300,247722257,4.301430876581432,4,2,2,300,True,0.893009899999015,8,8,4.301430876581432,nan,nan,0,71,69,0.5071428571428571
IMG_0085|r2|n20|b600|HHO-VC,IMG_0085,62096.jpg,2,HHO-VC,20,600,247722257,4.299836511911724,8,2,9,600,True,0.04299280000850558,16,16,4.299836511911724,nan,nan,0,0,0,nan
IMG_0085|r2|n20|b600|EHHO-VC,IMG_0085,62096.jpg,2,EHHO-VC,20,600,247722257,4.299592739364609,8,2,10,600,True,0.19299880001926795,20,20,4.299592739364609,0.0829653413529953,0.04314241496236691,8,0,0,nan
IMG_0085|r2|n20|b600|BEHHO-VC-Calibrated,IMG_0085,62096.jpg,2,BEHHO-VC-Calibrated,20,600,247722257,4.300468115649509,4,2,20,600,True,0.6483934000134468,30,30,4.300468115649509,0.6079027777777777,0.45875,22,0,0,nan
IMG_0085|r2|n20|b600|BDA-EHHO-VC-Calibrated,IMG_0085,62096.jpg,2,BDA-EHHO-VC-Calibrated,20,600,247722257,4.299274821712722,8,2,18,600,True,0.7241913999896497,15,15,4.299274821712722,nan,nan,0,154,146,0.5133333333333333
IMG_0085|r2|n30|b300|HHO-VC,IMG_0085,62096.jpg,2,HHO-VC,30,300,247722257,4.302914750607518,121,119,83,300,True,0.07207039999775589,6,6,4.302914750607518,nan,nan,0,0,0,nan
IMG_0085|r2|n30|b300|EHHO-VC,IMG_0085,62096.jpg,2,EHHO-VC,30,300,247722257,4.302914750607518,121,119,83,300,True,0.027906899980735034,7,7,4.302914750607518,0.3545412131112326,0.28426422595894096,0,0,0,nan
IMG_0085|r2|n30|b300|BEHHO-VC-Calibrated,IMG_0085,62096.jpg,2,BEHHO-VC-Calibrated,30,300,247722257,4.299054637868223,8,2,4,300,True,0.20110050000948831,10,10,4.299054637868223,0.7039629629629629,0.5859259259259261,5,0,0,nan
IMG_0085|r2|n30|b300|BDA-EHHO-VC-Calibrated,IMG_0085,62096.jpg,2,BDA-EHHO-VC-Calibrated,30,300,247722257,4.300658022313045,8,96,48,300,True,0.1697670000139624,5,5,4.300658022313045,nan,nan,0,77,73,0.5133333333333333
IMG_0085|r2|n30|b600|HHO-VC,IMG_0085,62096.jpg,2,HHO-VC,30,600,247722257,4.301430876581432,4,2,2,600,True,0.16445899999234825,11,11,4.301430876581432,nan,nan,0,0,0,nan
IMG_0085|r2|n30|b600|EHHO-VC,IMG_0085,62096.jpg,2,EHHO-VC,30,600,247722257,4.299932644626961,8,2,2,600,True,0.038280900043901056,14,14,4.299932644626961,0.11572890616818544,0.012156022117927944,5,0,0,nan
IMG_0085|r2|n30|b600|BEHHO-VC-Calibrated,IMG_0085,62096.jpg,2,BEHHO-VC-Calibrated,30,600,247722257,4.299747209704245,8,2,128,600,True,0.1064275000244379,20,20,4.299747209704245,0.7813981481481482,0.6931481481481482,5,0,0,nan
IMG_0085|r2|n30|b600|BDA-EHHO-VC-Calibrated,IMG_0085,62096.jpg,2,BDA-EHHO-VC-Calibrated,30,600,247722257,4.300562937231874,8,100,20,600,True,0.15725980000570416,10,10,4.300562937231874,nan,nan,0,146,154,0.4866666666666667
IMG_0085|r3|n10|b300|HHO-VC,IMG_0085,62096.jpg,3,HHO-VC,10,300,555056421,4.306952352724083,238,118,70,300,True,13.425345800002106,15,15,4.306952352724083,nan,nan,0,0,0,nan
IMG_0085|r3|n10|b300|EHHO-VC,IMG_0085,62096.jpg,3,EHHO-VC,10,300,555056421,4.306675151531507,246,118,70,300,True,5.625347600027453,18,18,4.306675151531507,0.4306347228165961,0.5097875912974579,0,0,0,nan
IMG_0085|r3|n10|b300|BEHHO-VC-Calibrated,IMG_0085,62096.jpg,3,BEHHO-VC-Calibrated,10,300,555056421,4.306345138015108,4,2,64,300,True,9.283151299983729,30,30,4.306345138015108,0.7775555555555557,0.7916666666666666,6,0,0,nan
IMG_0085|r3|n10|b300|BDA-EHHO-VC-Calibrated,IMG_0085,62096.jpg,3,BDA-EHHO-VC-Calibrated,10,300,555056421,4.3065108760720765,35,2,74,300,True,5.1847918999847025,15,15,4.3065108760720765,nan,nan,0,81,69,0.54
IMG_0085|r3|n10|b600|HHO-VC,IMG_0085,62096.jpg,3,HHO-VC,10,600,555056421,4.306952352724083,238,118,70,600,True,3.7280343999736942,33,33,4.306952352724083,nan,nan,0,0,0,nan
IMG_0085|r3|n10|b600|EHHO-VC,IMG_0085,62096.jpg,3,EHHO-VC,10,600,555056421,4.3063827565897475,3,2,3,600,True,0.2402699000085704,37,37,4.3063827565897475,0.19433109992126252,0.014007571236873309,12,0,0,nan
IMG_0085|r3|n10|b600|BEHHO-VC-Calibrated,IMG_0085,62096.jpg,3,BEHHO-VC-Calibrated,10,600,555056421,4.306282791913826,4,2,65,600,True,2.3888896999997087,60,60,4.306282791913826,0.7691388888888889,0.8566666666666666,17,0,0,nan
IMG_0085|r3|n10|b600|BDA-EHHO-VC-Calibrated,IMG_0085,62096.jpg,3,BDA-EHHO-VC-Calibrated,10,600,555056421,4.305013502740934,3,2,70,600,True,1.390740500006359,30,30,4.305013502740934,nan,nan,0,148,152,0.49333333333333335
IMG_0085|r3|n20|b300|HHO-VC,IMG_0085,62096.jpg,3,HHO-VC,20,300,555056421,4.305090232203658,54,2,62,300,True,0.057211400009691715,8,8,4.305090232203658,nan,nan,0,0,0,nan
IMG_0085|r3|n20|b300|EHHO-VC,IMG_0085,62096.jpg,3,EHHO-VC,20,300,555056421,4.305090232203658,54,2,62,300,True,0.02008460002252832,10,10,4.305090232203658,0.2059010757879686,0.1619069717591799,0,0,0,nan
IMG_0085|r3|n20|b300|BEHHO-VC-Calibrated,IMG_0085,62096.jpg,3,BEHHO-VC-Calibrated,20,300,555056421,4.305928966814825,3,2,32,300,True,0.6331260000006296,15,15,4.305928966814825,0.7479999999999999,0.86625,4,0,0,nan
IMG_0085|r3|n20|b300|BDA-EHHO-VC-Calibrated,IMG_0085,62096.jpg,3,BDA-EHHO-VC-Calibrated,20,300,555056421,4.306334573266862,21,2,42,300,True,0.5523840999812819,8,8,4.306334573266862,nan,nan,0,70,70,0.5
IMG_0085|r3|n20|b600|HHO-VC,IMG_0085,62096.jpg,3,HHO-VC,20,600,555056421,4.305033248858991,100,2,62,600,True,0.2661620000144467,17,17,4.305033248858991,nan,nan,0,0,0,nan
IMG_0085|r3|n20|b600|EHHO-VC,IMG_0085,62096.jpg,3,EHHO-VC,20,600,555056421,4.305033248858991,100,2,62,600,True,0.0914411999983713,19,19,4.305033248858991,0.2320131064991185,0.15971721616042206,0,0,0,nan
IMG_0085|r3|n20|b600|BEHHO-VC-Calibrated,IMG_0085,62096.jpg,3,BEHHO-VC-Calibrated,20,600,555056421,4.30592270621709,96,2,35,600,True,0.5639937999658287,30,30,4.30592270621709,0.817263888888889,0.6749999999999999,1,0,0,nan
IMG_0085|r3|n20|b600|BDA-EHHO-VC-Calibrated,IMG_0085,62096.jpg,3,BDA-EHHO-VC-Calibrated,20,600,555056421,4.305331353882172,74,2,65,600,True,0.6015441000345163,15,15,4.305331353882172,nan,nan,0,160,140,0.5333333333333333
IMG_0085|r3|n30|b300|HHO-VC,IMG_0085,62096.jpg,3,HHO-VC,30,300,555056421,4.306048175933094,2,2,62,300,True,0.035959300003014505,5,5,4.306048175933094,nan,nan,0,0,0,nan
IMG_0085|r3|n30|b300|EHHO-VC,IMG_0085,62096.jpg,3,EHHO-VC,30,300,555056421,4.306048175933094,2,2,62,300,True,0.039552300004288554,6,6,4.306048175933094,0.28917451799346167,0.11589248795300998,0,0,0,nan
IMG_0085|r3|n30|b300|BEHHO-VC-Calibrated,IMG_0085,62096.jpg,3,BEHHO-VC-Calibrated,30,300,555056421,4.3064486225158305,43,2,65,300,True,0.12993609998375177,10,10,4.3064486225158305,0.8843703703703703,0.8824074074074074,0,0,0,nan
IMG_0085|r3|n30|b300|BDA-EHHO-VC-Calibrated,IMG_0085,62096.jpg,3,BDA-EHHO-VC-Calibrated,30,300,555056421,4.305425306952589,68,2,65,300,True,0.07551269995747134,5,5,4.305639100357006,nan,nan,0,74,76,0.49333333333333335
IMG_0085|r3|n30|b600|HHO-VC,IMG_0085,62096.jpg,3,HHO-VC,30,600,555056421,4.306516949410095,78,238,63,600,True,0.040937599958851933,11,11,4.306516949410095,nan,nan,0,0,0,nan
IMG_0085|r3|n30|b600|EHHO-VC,IMG_0085,62096.jpg,3,EHHO-VC,30,600,555056421,4.306516949410095,78,238,63,600,True,0.13019959995290264,13,13,4.306516949410095,0.4083948015593747,0.40248291807914693,0,0,0,nan
IMG_0085|r3|n30|b600|BEHHO-VC-Calibrated,IMG_0085,62096.jpg,3,BEHHO-VC-Calibrated,30,600,555056421,4.306190453299309,39,2,43,600,True,0.1551890000118874,20,20,4.306190453299309,0.8930555555555554,0.8918518518518518,0,0,0,nan
IMG_0085|r3|n30|b600|BDA-EHHO-VC-Calibrated,IMG_0085,62096.jpg,3,BDA-EHHO-VC-Calibrated,30,600,555056421,4.305372141664099,59,2,65,600,True,0.16309830005047843,10,10,4.305372141664099,nan,nan,0,158,142,0.5266666666666666
IMG_0089|r1|n10|b300|HHO-VC,IMG_0089,69020.jpg,1,HHO-VC,10,300,655061180,5.421691585031065,49,8,9,300,True,9.12378860003082,16,16,5.421691585031065,nan,nan,0,0,0,nan
IMG_0089|r1|n10|b300|EHHO-VC,IMG_0089,69020.jpg,1,EHHO-VC,10,300,655061180,5.42145920801827,53,6,8,300,True,1.4487809999845922,19,19,5.42145920801827,0.17365171673522406,0.1165404389109482,0,0,0,nan
IMG_0089|r1|n10|b300|BEHHO-VC-Calibrated,IMG_0089,69020.jpg,1,BEHHO-VC-Calibrated,10,300,655061180,5.421504614831812,2,32,8,300,True,18.0815851999796,30,30,5.421504614831812,0.7847777777777778,0.555,8,0,0,nan
IMG_0089|r1|n10|b300|BDA-EHHO-VC-Calibrated,IMG_0089,69020.jpg,1,BDA-EHHO-VC-Calibrated,10,300,655061180,5.420823339475041,72,8,22,300,True,4.646162399963941,15,15,5.420823339475041,nan,nan,0,77,73,0.5133333333333333
IMG_0089|r1|n10|b600|HHO-VC,IMG_0089,69020.jpg,1,HHO-VC,10,600,655061180,5.4212484839596895,3,3,3,600,True,0.7209530000109226,31,31,5.4212484839596895,nan,nan,0,0,0,nan
IMG_0089|r1|n10|b600|EHHO-VC,IMG_0089,69020.jpg,1,EHHO-VC,10,600,655061180,5.421050146585806,7,3,3,600,True,0.6706458000116982,39,39,5.421050146585806,0.11893014334930381,0.16658721074294078,16,0,0,nan
IMG_0089|r1|n10|b600|BEHHO-VC-Calibrated,IMG_0089,69020.jpg,1,BEHHO-VC-Calibrated,10,600,655061180,5.421304322595964,16,6,8,600,True,5.395290200016461,60,60,5.421304322595964,0.7759722222222221,0.8933333333333332,13,0,0,nan
IMG_0089|r1|n10|b600|BDA-EHHO-VC-Calibrated,IMG_0089,69020.jpg,1,BDA-EHHO-VC-Calibrated,10,600,655061180,5.420963233843725,3,131,24,600,True,2.5778387000318617,30,30,5.420963233843725,nan,nan,0,155,145,0.5166666666666667
IMG_0089|r1|n20|b300|HHO-VC,IMG_0089,69020.jpg,1,HHO-VC,20,300,655061180,5.421765057181967,177,21,25,300,True,0.08312610001303256,8,8,5.421765057181967,nan,nan,0,0,0,nan
IMG_0089|r1|n20|b300|EHHO-VC,IMG_0089,69020.jpg,1,EHHO-VC,20,300,655061180,5.4214087422039015,74,8,7,300,True,0.27823860000353307,10,10,5.4214087422039015,0.3546672570161313,0.31246414193448074,0,0,0,nan
IMG_0089|r1|n20|b300|BEHHO-VC-Calibrated,IMG_0089,69020.jpg,1,BEHHO-VC-Calibrated,20,300,655061180,5.421400170059894,78,145,3,300,True,1.5395050000515766,15,15,5.421400170059894,0.9077499999999998,0.8954166666666666,0,0,0,nan
IMG_0089|r1|n20|b300|BDA-EHHO-VC-Calibrated,IMG_0089,69020.jpg,1,BDA-EHHO-VC-Calibrated,20,300,655061180,5.421391533500298,74,18,8,300,True,0.6664445000351407,8,8,5.421391533500298,nan,nan,0,67,73,0.4785714285714286
IMG_0089|r1|n20|b600|HHO-VC,IMG_0089,69020.jpg,1,HHO-VC,20,600,655061180,5.421367321377143,76,3,3,600,True,0.14195140002993867,16,16,5.421367321377143,nan,nan,0,0,0,nan
IMG_0089|r1|n20|b600|EHHO-VC,IMG_0089,69020.jpg,1,EHHO-VC,20,600,655061180,5.420843465463743,76,6,8,600,True,0.11231880000559613,19,19,5.420843465463743,0.21455441389942334,0.12341438061459609,0,0,0,nan
IMG_0089|r1|n20|b600|BEHHO-VC-Calibrated,IMG_0089,69020.jpg,1,BEHHO-VC-Calibrated,20,600,655061180,5.421400170059894,78,145,3,600,True,0.4378189999843016,30,30,5.421400170059894,0.9034722222222222,0.9420833333333333,0,0,0,nan
IMG_0089|r1|n20|b600|BDA-EHHO-VC-Calibrated,IMG_0089,69020.jpg,1,BDA-EHHO-VC-Calibrated,20,600,655061180,5.421436443501954,74,129,16,600,True,0.14172640000469983,15,15,5.421436443501954,nan,nan,0,147,153,0.49
IMG_0089|r1|n30|b300|HHO-VC,IMG_0089,69020.jpg,1,HHO-VC,30,300,655061180,5.42124378767311,206,21,22,300,True,0.028789400006644428,6,6,5.42124378767311,nan,nan,0,0,0,nan
IMG_0089|r1|n30|b300|EHHO-VC,IMG_0089,69020.jpg,1,EHHO-VC,30,300,655061180,5.421304432783636,192,21,22,300,True,0.018303299963008612,7,7,5.421304432783636,0.3810777648130278,0.3259240227611032,0,0,0,nan
IMG_0089|r1|n30|b300|BEHHO-VC-Calibrated,IMG_0089,69020.jpg,1,BEHHO-VC-Calibrated,30,300,655061180,5.421504614831812,2,32,8,300,True,0.0569958999985829,10,10,5.421504614831812,0.7114444444444444,0.3655555555555556,4,0,0,nan
IMG_0089|r1|n30|b300|BDA-EHHO-VC-Calibrated,IMG_0089,69020.jpg,1,BDA-EHHO-VC-Calibrated,30,300,655061180,5.421109634813452,77,8,14,300,True,0.07049980002921075,5,5,5.421109634813452,nan,nan,0,69,81,0.46
IMG_0089|r1|n30|b600|HHO-VC,IMG_0089,69020.jpg,1,HHO-VC,30,600,655061180,5.420862389210849,85,8,8,600,True,0.031172100047115237,11,11,5.420862389210849,nan,nan,0,0,0,nan
IMG_0089|r1|n30|b600|EHHO-VC,IMG_0089,69020.jpg,1,EHHO-VC,30,600,655061180,5.420554855906826,76,8,8,600,True,0.03544259996851906,13,13,5.420554855906826,0.27905770588510503,0.1019626751372442,0,0,0,nan
IMG_0089|r1|n30|b600|BEHHO-VC-Calibrated,IMG_0089,69020.jpg,1,BEHHO-VC-Calibrated,30,600,655061180,5.420867011000392,8,8,8,600,True,0.07366059999912977,20,20,5.420867011000392,0.7476203703703704,0.6618518518518518,9,0,0,nan
IMG_0089|r1|n30|b600|BDA-EHHO-VC-Calibrated,IMG_0089,69020.jpg,1,BDA-EHHO-VC-Calibrated,30,600,655061180,5.421178433095129,3,129,16,600,True,0.07243140001082793,10,10,5.421178433095129,nan,nan,0,146,154,0.4866666666666667
IMG_0089|r2|n10|b300|HHO-VC,IMG_0089,69020.jpg,2,HHO-VC,10,300,1581890839,5.422265187928772,2,8,2,300,True,7.474092699994799,16,16,5.422265187928772,nan,nan,0,0,0,nan
IMG_0089|r2|n10|b300|EHHO-VC,IMG_0089,69020.jpg,2,EHHO-VC,10,300,1581890839,5.422265187928772,2,8,2,300,True,1.6608438999974169,19,19,5.422265187928772,0.11637182181709331,0.10759094119238759,7,0,0,nan
IMG_0089|r2|n10|b300|BEHHO-VC-Calibrated,IMG_0089,69020.jpg,2,BEHHO-VC-Calibrated,10,300,1581890839,5.421575594778652,185,8,2,300,True,17.066044000035618,30,30,5.421575594778652,0.8202222222222223,0.8300000000000001,2,0,0,nan
IMG_0089|r2|n10|b300|BDA-EHHO-VC-Calibrated,IMG_0089,69020.jpg,2,BDA-EHHO-VC-Calibrated,10,300,1581890839,5.422465087509223,190,76,2,300,True,7.149798599944916,15,15,5.422465087509223,nan,nan,0,71,79,0.47333333333333333
IMG_0089|r2|n10|b600|HHO-VC,IMG_0089,69020.jpg,2,HHO-VC,10,600,1581890839,5.422265187928772,2,8,2,600,True,0.22749509999994189,33,33,5.422265187928772,nan,nan,0,0,0,nan
IMG_0089|r2|n10|b600|EHHO-VC,IMG_0089,69020.jpg,2,EHHO-VC,10,600,1581890839,5.422414419933543,2,4,2,600,True,0.5876229000277817,38,38,5.422414419933543,0.08396318211354062,0.15027370647112748,18,0,0,nan
IMG_0089|r2|n10|b600|BEHHO-VC-Calibrated,IMG_0089,69020.jpg,2,BEHHO-VC-Calibrated,10,600,1581890839,5.421575594778652,185,8,2,600,True,2.8431353999767452,60,60,5.421575594778652,0.8180277777777779,0.8250000000000001,3,0,0,nan
IMG_0089|r2|n10|b600|BDA-EHHO-VC-Calibrated,IMG_0089,69020.jpg,2,BDA-EHHO-VC-Calibrated,10,600,1581890839,5.4222609469914005,161,77,2,600,True,1.9540889000054449,30,30,5.4222609469914005,nan,nan,0,149,151,0.49666666666666665
IMG_0089|r2|n20|b300|HHO-VC,IMG_0089,69020.jpg,2,HHO-VC,20,300,1581890839,5.42172021155621,156,4,4,300,True,0.32659310003509745,8,8,5.42172021155621,nan,nan,0,0,0,nan
IMG_0089|r2|n20|b300|EHHO-VC,IMG_0089,69020.jpg,2,EHHO-VC,20,300,1581890839,5.42172021155621,156,4,4,300,True,0.1752451000502333,10,10,5.42172021155621,0.29339512501548504,0.21647560574511174,0,0,0,nan
IMG_0089|r2|n20|b300|BEHHO-VC-Calibrated,IMG_0089,69020.jpg,2,BEHHO-VC-Calibrated,20,300,1581890839,5.422414419933543,2,4,2,300,True,0.8836161000072025,15,15,5.422414419933543,0.6846111111111112,0.5570833333333334,7,0,0,nan
IMG_0089|r2|n20|b300|BDA-EHHO-VC-Calibrated,IMG_0089,69020.jpg,2,BDA-EHHO-VC-Calibrated,20,300,1581890839,5.422307585629728,93,16,4,300,True,0.6824546999996528,8,8,5.422307585629728,nan,nan,0,70,70,0.5
IMG_0089|r2|n20|b600|HHO-VC,IMG_0089,69020.jpg,2,HHO-VC,20,600,1581890839,5.4215480880133,243,4,4,600,True,0.13760680000996217,17,17,5.4215480880133,nan,nan,0,0,0,nan
IMG_0089|r2|n20|b600|EHHO-VC,IMG_0089,69020.jpg,2,EHHO-VC,20,600,1581890839,5.421549496048573,250,4,4,600,True,0.1496500000357628,19,19,5.421549496048573,0.35065301936530524,0.3369169727504343,0,0,0,nan
IMG_0089|r2|n20|b600|BEHHO-VC-Calibrated,IMG_0089,69020.jpg,2,BEHHO-VC-Calibrated,20,600,1581890839,5.421323909137516,161,8,2,600,True,0.6971738000283949,30,30,5.421323909137516,0.7389722222222223,0.7116666666666668,12,0,0,nan
IMG_0089|r2|n20|b600|BDA-EHHO-VC-Calibrated,IMG_0089,69020.jpg,2,BDA-EHHO-VC-Calibrated,20,600,1581890839,5.421500479132845,224,8,2,600,True,0.39530630002263933,15,15,5.421500479132845,nan,nan,0,164,136,0.5466666666666666
IMG_0089|r2|n30|b300|HHO-VC,IMG_0089,69020.jpg,2,HHO-VC,30,300,1581890839,5.421816193792938,91,4,2,300,True,0.03988460003165528,6,6,5.421816193792938,nan,nan,0,0,0,nan
IMG_0089|r2|n30|b300|EHHO-VC,IMG_0089,69020.jpg,2,EHHO-VC,30,300,1581890839,5.421833931524212,87,4,2,300,True,0.01699829997960478,7,7,5.421833931524212,0.26256928479488445,0.16672150239093927,0,0,0,nan
IMG_0089|r2|n30|b300|BEHHO-VC-Calibrated,IMG_0089,69020.jpg,2,BEHHO-VC-Calibrated,30,300,1581890839,5.422194956713981,64,4,2,300,True,0.2827069999766536,10,10,5.422194956713981,0.6787962962962963,0.659074074074074,4,0,0,nan
IMG_0089|r2|n30|b300|BDA-EHHO-VC-Calibrated,IMG_0089,69020.jpg,2,BDA-EHHO-VC-Calibrated,30,300,1581890839,5.422585049879825,180,9,2,300,True,0.19300339999608696,5,5,5.422585049879825,nan,nan,0,74,76,0.49333333333333335
IMG_0089|r2|n30|b600|HHO-VC,IMG_0089,69020.jpg,2,HHO-VC,30,600,1581890839,5.421486265748219,160,8,4,600,True,0.07090180000523105,11,11,5.421486265748219,nan,nan,0,0,0,nan
IMG_0089|r2|n30|b600|EHHO-VC,IMG_0089,69020.jpg,2,EHHO-VC,30,600,1581890839,5.421255440944752,243,8,2,600,True,0.09786189999431372,13,13,5.421255440944752,0.3588323917559756,0.33004540702959345,0,0,0,nan
IMG_0089|r2|n30|b600|BEHHO-VC-Calibrated,IMG_0089,69020.jpg,2,BEHHO-VC-Calibrated,30,600,1581890839,5.421954297205143,130,8,2,600,True,0.13965080003254116,20,20,5.421954297205143,0.7236944444444444,0.5898148148148149,8,0,0,nan
IMG_0089|r2|n30|b600|BDA-EHHO-VC-Calibrated,IMG_0089,69020.jpg,2,BDA-EHHO-VC-Calibrated,30,600,1581890839,5.4221298914184155,40,4,2,600,True,0.2750771000282839,10,10,5.4221298914184155,nan,nan,0,168,132,0.56
IMG_0089|r3|n10|b300|HHO-VC,IMG_0089,69020.jpg,3,HHO-VC,10,300,849438814,5.422597355687401,42,5,2,300,True,8.293614500027616,16,16,5.422597355687401,nan,nan,0,0,0,nan
IMG_0089|r3|n10|b300|EHHO-VC,IMG_0089,69020.jpg,3,EHHO-VC,10,300,849438814,5.422638758843649,92,17,3,300,True,3.687832099967636,19,19,5.422638758843649,0.2116400583565746,0.13874771732992758,0,0,0,nan
IMG_0089|r3|n10|b300|BEHHO-VC-Calibrated,IMG_0089,69020.jpg,3,BEHHO-VC-Calibrated,10,300,849438814,5.422689803540776,112,10,216,300,True,20.0083953999565,30,30,5.422689803540776,0.8742777777777776,0.835,0,0,0,nan
IMG_0089|r3|n10|b300|BDA-EHHO-VC-Calibrated,IMG_0089,69020.jpg,3,BDA-EHHO-VC-Calibrated,10,300,849438814,5.4231502243759655,29,43,230,300,True,4.489071499963757,15,15,5.4231502243759655,nan,nan,0,65,85,0.43333333333333335
IMG_0089|r3|n10|b600|HHO-VC,IMG_0089,69020.jpg,3,HHO-VC,10,600,849438814,5.422055463337642,91,40,3,600,True,0.6464734000037424,32,32,5.422055463337642,nan,nan,0,0,0,nan
IMG_0089|r3|n10|b600|EHHO-VC,IMG_0089,69020.jpg,3,EHHO-VC,10,600,849438814,5.422707034121898,14,5,2,600,True,0.4074726999970153,39,39,5.422707034121898,0.1362403689315166,0.0390441844853519,12,0,0,nan
IMG_0089|r3|n10|b600|BEHHO-VC-Calibrated,IMG_0089,69020.jpg,3,BEHHO-VC-Calibrated,10,600,849438814,5.422700523429731,38,40,5,600,True,3.173564199998509,60,60,5.422700523429731,0.8361388888888889,0.8433333333333334,7,0,0,nan
IMG_0089|r3|n10|b600|BDA-EHHO-VC-Calibrated,IMG_0089,69020.jpg,3,BDA-EHHO-VC-Calibrated,10,600,849438814,5.422426432910527,133,37,244,600,True,1.083219999971334,30,30,5.422426432910527,nan,nan,0,151,149,0.5033333333333333
IMG_0089|r3|n20|b300|HHO-VC,IMG_0089,69020.jpg,3,HHO-VC,20,300,849438814,5.422395389661411,38,5,5,300,True,0.01844470005016774,8,8,5.422395389661411,nan,nan,0,0,0,nan
IMG_0089|r3|n20|b300|EHHO-VC,IMG_0089,69020.jpg,3,EHHO-VC,20,300,849438814,5.422937426597701,93,20,25,300,True,0.06301240000175312,10,10,5.422937426597701,0.2132991538683937,0.18187161365027626,0,0,0,nan
IMG_0089|r3|n20|b300|BEHHO-VC-Calibrated,IMG_0089,69020.jpg,3,BEHHO-VC-Calibrated,20,300,849438814,5.42312560231452,152,18,17,300,True,0.8299967999919318,15,15,5.42312560231452,0.8828333333333335,0.9141666666666666,1,0,0,nan
IMG_0089|r3|n20|b300|BDA-EHHO-VC-Calibrated,IMG_0089,69020.jpg,3,BDA-EHHO-VC-Calibrated,20,300,849438814,5.4229851564267975,139,6,241,300,True,0.33750280004460365,8,8,5.4229851564267975,nan,nan,0,64,76,0.45714285714285713
IMG_0089|r3|n20|b600|HHO-VC,IMG_0089,69020.jpg,3,HHO-VC,20,600,849438814,5.422720599750657,29,7,10,600,True,0.10809410002548248,16,16,5.422720599750657,nan,nan,0,0,0,nan
IMG_0089|r3|n20|b600|EHHO-VC,IMG_0089,69020.jpg,3,EHHO-VC,20,600,849438814,5.422720599750657,29,7,10,600,True,0.14528830000199378,19,19,5.422720599750657,0.13802514640621477,0.055607764306229414,0,0,0,nan
IMG_0089|r3|n20|b600|BEHHO-VC-Calibrated,IMG_0089,69020.jpg,3,BEHHO-VC-Calibrated,20,600,849438814,5.4229899643524,17,10,242,600,True,0.5183282000361942,30,30,5.4229899643524,0.9206805555555556,0.9595833333333333,1,0,0,nan
IMG_0089|r3|n20|b600|BDA-EHHO-VC-Calibrated,IMG_0089,69020.jpg,3,BDA-EHHO-VC-Calibrated,20,600,849438814,5.42279253332507,14,9,221,600,True,0.16013199998997152,15,15,5.42279253332507,nan,nan,0,151,149,0.5033333333333333
IMG_0089|r3|n30|b300|HHO-VC,IMG_0089,69020.jpg,3,HHO-VC,30,300,849438814,5.4232460279316115,83,18,28,300,True,0.016900999995414168,6,6,5.4232460279316115,nan,nan,0,0,0,nan
IMG_0089|r3|n30|b300|EHHO-VC,IMG_0089,69020.jpg,3,EHHO-VC,30,300,849438814,5.422873307267538,14,4,5,300,True,0.022233499970752746,7,7,5.422873307267538,0.20790032234036873,0.04898789295944115,0,0,0,nan
IMG_0089|r3|n30|b300|BEHHO-VC-Calibrated,IMG_0089,69020.jpg,3,BEHHO-VC-Calibrated,30,300,849438814,5.42291797174864,95,33,242,300,True,0.04596650000894442,10,10,5.42291797174864,0.916537037037037,0.9475925925925925,0,0,0,nan
IMG_0089|r3|n30|b300|BDA-EHHO-VC-Calibrated,IMG_0089,69020.jpg,3,BDA-EHHO-VC-Calibrated,30,300,849438814,5.422861993222846,25,41,250,300,True,0.07202620001044124,5,5,5.422953445064008,nan,nan,0,78,72,0.52
IMG_0089|r3|n30|b600|HHO-VC,IMG_0089,69020.jpg,3,HHO-VC,30,600,849438814,5.422128152529106,14,5,5,600,True,0.06826649996219203,11,11,5.422128152529106,nan,nan,0,0,0,nan
IMG_0089|r3|n30|b600|EHHO-VC,IMG_0089,69020.jpg,3,EHHO-VC,30,600,849438814,5.422663267442828,12,5,5,600,True,0.03815089998533949,13,13,5.422663267442828,0.11130691667020115,0.13908842956653433,3,0,0,nan
IMG_0089|r3|n30|b600|BEHHO-VC-Calibrated,IMG_0089,69020.jpg,3,BEHHO-VC-Calibrated,30,600,849438814,5.422685773620873,137,5,192,600,True,0.13423869997495785,20,20,5.422685773620873,0.9077870370370371,0.9411111111111111,0,0,0,nan
IMG_0089|r3|n30|b600|BDA-EHHO-VC-Calibrated,IMG_0089,69020.jpg,3,BDA-EHHO-VC-Calibrated,30,600,849438814,5.422521990874571,110,9,241,600,True,0.12561759998789057,10,10,5.422521990874571,nan,nan,0,138,162,0.46
IMG_0090|r1|n10|b300|HHO-VC,IMG_0090,69040.jpg,1,HHO-VC,10,300,1031586320,5.198978906482163,238,2,2,300,True,6.488335100002587,17,17,5.198978906482163,nan,nan,0,0,0,nan
IMG_0090|r1|n10|b300|EHHO-VC,IMG_0090,69040.jpg,1,EHHO-VC,10,300,1031586320,5.198978906482163,238,2,2,300,True,2.0161644999752752,19,19,5.198978906482163,0.343144604825423,0.35483791564429445,0,0,0,nan
IMG_0090|r1|n10|b300|BEHHO-VC-Calibrated,IMG_0090,69040.jpg,1,BEHHO-VC-Calibrated,10,300,1031586320,5.19943662955847,16,2,2,300,True,9.488237100013066,30,30,5.19943662955847,0.4917222222222222,0.045000000000000005,19,0,0,nan
IMG_0090|r1|n10|b300|BDA-EHHO-VC-Calibrated,IMG_0090,69040.jpg,1,BDA-EHHO-VC-Calibrated,10,300,1031586320,5.199828077795169,172,2,2,300,True,6.327404299983755,15,15,5.199828077795169,nan,nan,0,74,76,0.49333333333333335
IMG_0090|r1|n10|b600|HHO-VC,IMG_0090,69040.jpg,1,HHO-VC,10,600,1031586320,5.198978906482163,238,2,2,600,True,1.5254334999481216,34,34,5.198978906482163,nan,nan,0,0,0,nan
IMG_0090|r1|n10|b600|EHHO-VC,IMG_0090,69040.jpg,1,EHHO-VC,10,600,1031586320,5.199264939802913,112,2,2,600,True,0.44014570000581443,39,39,5.199264939802913,0.2492071071541021,0.21529152344011232,0,0,0,nan
IMG_0090|r1|n10|b600|BEHHO-VC-Calibrated,IMG_0090,69040.jpg,1,BEHHO-VC-Calibrated,10,600,1031586320,5.19943662955847,16,2,2,600,True,3.5393625000142492,60,60,5.19943662955847,0.4426111111111111,0.555,51,0,0,nan
IMG_0090|r1|n10|b600|BDA-EHHO-VC-Calibrated,IMG_0090,69040.jpg,1,BDA-EHHO-VC-Calibrated,10,600,1031586320,5.19981386250869,137,2,2,600,True,4.814444700023159,30,30,5.19981386250869,nan,nan,0,152,148,0.5066666666666667
IMG_0090|r1|n20|b300|HHO-VC,IMG_0090,69040.jpg,1,HHO-VC,20,300,1031586320,5.199050615782385,240,2,2,300,True,0.21153679996496066,9,9,5.199050615782385,nan,nan,0,0,0,nan
IMG_0090|r1|n20|b300|EHHO-VC,IMG_0090,69040.jpg,1,EHHO-VC,20,300,1031586320,5.198947551833162,7,2,2,300,True,0.19081689999438822,10,10,5.198947551833162,0.1313103902937125,0.010254158435829833,3,0,0,nan
IMG_0090|r1|n20|b300|BEHHO-VC-Calibrated,IMG_0090,69040.jpg,1,BEHHO-VC-Calibrated,20,300,1031586320,5.1994017339878384,3,2,2,300,True,0.801430799998343,15,15,5.1994017339878384,0.5862222222222223,0.6583333333333333,12,0,0,nan
IMG_0090|r1|n20|b300|BDA-EHHO-VC-Calibrated,IMG_0090,69040.jpg,1,BDA-EHHO-VC-Calibrated,20,300,1031586320,5.19943662955847,16,2,2,300,True,0.89958900003694,8,8,5.19943662955847,nan,nan,0,61,79,0.4357142857142857
IMG_0090|r1|n20|b600|HHO-VC,IMG_0090,69040.jpg,1,HHO-VC,20,600,1031586320,5.198978906482163,238,2,2,600,True,0.07281159999547526,17,17,5.198978906482163,nan,nan,0,0,0,nan
IMG_0090|r1|n20|b600|EHHO-VC,IMG_0090,69040.jpg,1,EHHO-VC,20,600,1031586320,5.198947551833162,7,2,2,600,True,0.12131220003357157,19,19,5.198947551833162,0.08932882856978247,0.061927058700900386,10,0,0,nan
IMG_0090|r1|n20|b600|BEHHO-VC-Calibrated,IMG_0090,69040.jpg,1,BEHHO-VC-Calibrated,20,600,1031586320,5.1994017339878384,3,2,2,600,True,0.7846123999916017,30,30,5.1994017339878384,0.6727777777777779,0.7054166666666667,17,0,0,nan
IMG_0090|r1|n20|b600|BDA-EHHO-VC-Calibrated,IMG_0090,69040.jpg,1,BDA-EHHO-VC-Calibrated,20,600,1031586320,5.200359580253404,16,2,194,600,True,0.6972257000161335,15,15,5.200359580253404,nan,nan,0,158,142,0.5266666666666666
IMG_0090|r1|n30|b300|HHO-VC,IMG_0090,69040.jpg,1,HHO-VC,30,300,1031586320,5.198947551833162,7,2,2,300,True,0.1619106000289321,6,6,5.198947551833162,nan,nan,0,0,0,nan
IMG_0090|r1|n30|b300|EHHO-VC,IMG_0090,69040.jpg,1,EHHO-VC,30,300,1031586320,5.1994017339878384,3,2,2,300,True,0.0431830000015907,7,7,5.1994017339878384,0.17788638443722787,0.0163864667846849,0,0,0,nan
IMG_0090|r1|n30|b300|BEHHO-VC-Calibrated,IMG_0090,69040.jpg,1,BEHHO-VC-Calibrated,30,300,1031586320,5.199476951193295,128,2,2,300,True,0.21038760000374168,10,10,5.199476951193295,0.7032962962962963,0.5992592592592593,3,0,0,nan
IMG_0090|r1|n30|b300|BDA-EHHO-VC-Calibrated,IMG_0090,69040.jpg,1,BDA-EHHO-VC-Calibrated,30,300,1031586320,5.200122668658023,238,2,101,300,True,0.2096542000072077,5,5,5.200122668658023,nan,nan,0,68,82,0.4533333333333333
IMG_0090|r1|n30|b600|HHO-VC,IMG_0090,69040.jpg,1,HHO-VC,30,600,1031586320,5.198947551833162,7,2,2,600,True,0.08342330000596121,11,11,5.198947551833162,nan,nan,0,0,0,nan
IMG_0090|r1|n30|b600|EHHO-VC,IMG_0090,69040.jpg,1,EHHO-VC,30,600,1031586320,5.1994017339878384,3,2,2,600,True,0.08592869999120012,14,14,5.1994017339878384,0.10831430634218513,0.012613166040895244,5,0,0,nan
IMG_0090|r1|n30|b600|BEHHO-VC-Calibrated,IMG_0090,69040.jpg,1,BEHHO-VC-Calibrated,30,600,1031586320,5.19943662955847,16,2,2,600,True,0.29481559997657314,20,20,5.19943662955847,0.46475,0.16240740740740742,17,0,0,nan
IMG_0090|r1|n30|b600|BDA-EHHO-VC-Calibrated,IMG_0090,69040.jpg,1,BDA-EHHO-VC-Calibrated,30,600,1031586320,5.1997925007572245,163,2,2,600,True,0.3336621999624185,10,10,5.1997925007572245,nan,nan,0,143,157,0.4766666666666667
IMG_0090|r2|n10|b300|HHO-VC,IMG_0090,69040.jpg,2,HHO-VC,10,300,593307423,5.199237005919301,7,2,2,300,True,3.5620682999724522,16,16,5.199237005919301,nan,nan,0,0,0,nan
IMG_0090|r2|n10|b300|EHHO-VC,IMG_0090,69040.jpg,2,EHHO-VC,10,300,593307423,5.199237005919301,7,2,2,300,True,1.4825236999895424,19,19,5.199237005919301,0.11926323071724636,0.13497811656874253,9,0,0,nan
IMG_0090|r2|n10|b300|BEHHO-VC-Calibrated,IMG_0090,69040.jpg,2,BEHHO-VC-Calibrated,10,300,593307423,5.197512254013504,33,8,2,300,True,13.54791020002449,30,30,5.197512254013504,0.6231111111111112,0.8066666666666666,19,0,0,nan
IMG_0090|r2|n10|b300|BDA-EHHO-VC-Calibrated,IMG_0090,69040.jpg,2,BDA-EHHO-VC-Calibrated,10,300,593307423,5.196999869134855,128,195,2,300,True,9.038254699960817,15,15,5.196999869134855,nan,nan,0,83,67,0.5533333333333333
IMG_0090|r2|n10|b600|HHO-VC,IMG_0090,69040.jpg,2,HHO-VC,10,600,593307423,5.199237005919301,7,2,2,600,True,0.436911600001622,33,33,5.199237005919301,nan,nan,0,0,0,nan
IMG_0090|r2|n10|b600|EHHO-VC,IMG_0090,69040.jpg,2,EHHO-VC,10,600,593307423,5.19795794716003,17,4,2,600,True,0.9152862000046298,39,39,5.19795794716003,0.0870679816200621,0.03569462196296839,13,0,0,nan
IMG_0090|r2|n10|b600|BEHHO-VC-Calibrated,IMG_0090,69040.jpg,2,BEHHO-VC-Calibrated,10,600,593307423,5.198032604253844,34,8,2,600,True,6.006428699998651,60,60,5.198032604253844,0.6551944444444444,0.5116666666666667,34,0,0,nan
IMG_0090|r2|n10|b600|BDA-EHHO-VC-Calibrated,IMG_0090,69040.jpg,2,BDA-EHHO-VC-Calibrated,10,600,593307423,5.197081183075441,18,196,2,600,True,5.483422499964945,30,30,5.197081183075441,nan,nan,0,155,145,0.5166666666666667
IMG_0090|r2|n20|b300|HHO-VC,IMG_0090,69040.jpg,2,HHO-VC,20,300,593307423,5.199022036865748,106,2,2,300,True,0.8428304999833927,8,8,5.199022036865748,nan,nan,0,0,0,nan
IMG_0090|r2|n20|b300|EHHO-VC,IMG_0090,69040.jpg,2,EHHO-VC,20,300,593307423,5.199022036865748,106,2,2,300,True,0.016864100005477667,10,10,5.199022036865748,0.2715679816622302,0.20333999316493342,0,0,0,nan
IMG_0090|r2|n20|b300|BEHHO-VC-Calibrated,IMG_0090,69040.jpg,2,BEHHO-VC-Calibrated,20,300,593307423,5.196881800493145,116,194,2,300,True,0.5327613999834284,15,15,5.196881800493145,0.82925,0.8420833333333332,1,0,0,nan
IMG_0090|r2|n20|b300|BDA-EHHO-VC-Calibrated,IMG_0090,69040.jpg,2,BDA-EHHO-VC-Calibrated,20,300,593307423,5.195968449024891,65,178,2,300,True,0.5857268000254408,8,8,5.195968449024891,nan,nan,0,62,78,0.44285714285714284
IMG_0090|r2|n20|b600|HHO-VC,IMG_0090,69040.jpg,2,HHO-VC,20,600,593307423,5.198984962148228,17,2,2,600,True,0.09112589998403564,17,17,5.198984962148228,nan,nan,0,0,0,nan
IMG_0090|r2|n20|b600|EHHO-VC,IMG_0090,69040.jpg,2,EHHO-VC,20,600,593307423,5.198984962148228,17,2,2,600,True,0.10592860000906512,19,19,5.198984962148228,0.1461250383439462,0.0283675807046521,0,0,0,nan
IMG_0090|r2|n20|b600|BEHHO-VC-Calibrated,IMG_0090,69040.jpg,2,BEHHO-VC-Calibrated,20,600,593307423,5.196718542795117,92,203,2,600,True,1.0105704999878071,30,30,5.196718542795117,0.8271944444444445,0.7970833333333335,0,0,0,nan
IMG_0090|r2|n20|b600|BDA-EHHO-VC-Calibrated,IMG_0090,69040.jpg,2,BDA-EHHO-VC-Calibrated,20,600,593307423,5.1968898645168,100,188,2,600,True,0.25030399998649955,15,15,5.1968898645168,nan,nan,0,141,159,0.47
IMG_0090|r2|n30|b300|HHO-VC,IMG_0090,69040.jpg,2,HHO-VC,30,300,593307423,5.198209990931103,7,4,2,300,True,0.02110270003322512,6,6,5.198209990931103,nan,nan,0,0,0,nan
IMG_0090|r2|n30|b300|EHHO-VC,IMG_0090,69040.jpg,2,EHHO-VC,30,300,593307423,5.198209990931103,7,4,2,300,True,0.037802400009240955,7,7,5.198209990931103,0.19336403467959232,0.010042115013978925,2,0,0,nan
IMG_0090|r2|n30|b300|BEHHO-VC-Calibrated,IMG_0090,69040.jpg,2,BEHHO-VC-Calibrated,30,300,593307423,5.195991871080307,106,177,2,300,True,0.24706379999406636,10,10,5.195991871080307,0.8844074074074074,0.9005555555555554,0,0,0,nan
IMG_0090|r2|n30|b300|BDA-EHHO-VC-Calibrated,IMG_0090,69040.jpg,2,BDA-EHHO-VC-Calibrated,30,300,593307423,5.196903066818049,122,158,2,300,True,0.2543968000099994,5,5,5.197296443047917,nan,nan,0,77,73,0.5133333333333333
IMG_0090|r2|n30|b600|HHO-VC,IMG_0090,69040.jpg,2,HHO-VC,30,600,593307423,5.198209990931103,7,4,2,600,True,0.05860799999209121,11,11,5.198209990931103,nan,nan,0,0,0,nan
IMG_0090|r2|n30|b600|EHHO-VC,IMG_0090,69040.jpg,2,EHHO-VC,30,600,593307423,5.198209990931103,7,4,2,600,True,0.06267730001127347,14,14,5.198209990931103,0.10920943181358526,0.011353968202052568,5,0,0,nan
IMG_0090|r2|n30|b600|BEHHO-VC-Calibrated,IMG_0090,69040.jpg,2,BEHHO-VC-Calibrated,30,600,593307423,5.196283173690135,106,161,2,600,True,0.29252189997350797,20,20,5.196283173690135,0.8000648148148148,0.6737037037037036,2,0,0,nan
IMG_0090|r2|n30|b600|BDA-EHHO-VC-Calibrated,IMG_0090,69040.jpg,2,BDA-EHHO-VC-Calibrated,30,600,593307423,5.196860300989717,3,252,2,600,True,0.252863299974706,10,10,5.197101741461951,nan,nan,0,131,169,0.43666666666666665
IMG_0090|r3|n10|b300|HHO-VC,IMG_0090,69040.jpg,3,HHO-VC,10,300,1974869435,5.200954920113446,2,2,2,300,True,3.2227260999497958,18,18,5.200954920113446,nan,nan,0,0,0,nan
IMG_0090|r3|n10|b300|EHHO-VC,IMG_0090,69040.jpg,3,EHHO-VC,10,300,1974869435,5.200954920113446,2,2,2,300,True,2.5129693999770097,19,19,5.200954920113446,0.06411941652264154,0.05960271920227707,10,0,0,nan
IMG_0090|r3|n10|b300|BEHHO-VC-Calibrated,IMG_0090,69040.jpg,3,BEHHO-VC-Calibrated,10,300,1974869435,5.199173379435964,8,2,2,300,True,13.948918700043578,30,30,5.199173379435964,0.6486111111111111,0.6016666666666667,18,0,0,nan
IMG_0090|r3|n10|b300|BDA-EHHO-VC-Calibrated,IMG_0090,69040.jpg,3,BDA-EHHO-VC-Calibrated,10,300,1974869435,5.20077733899264,39,2,16,300,True,11.553091199952178,15,15,5.20077733899264,nan,nan,0,75,75,0.5
IMG_0090|r3|n10|b600|HHO-VC,IMG_0090,69040.jpg,3,HHO-VC,10,600,1974869435,5.200954920113446,2,2,2,600,True,0.08475119998911396,33,33,5.200954920113446,nan,nan,0,0,0,nan
IMG_0090|r3|n10|b600|EHHO-VC,IMG_0090,69040.jpg,3,EHHO-VC,10,600,1974869435,5.200954920113446,2,2,2,600,True,1.127801599970553,37,37,5.200954920113446,0.06421851093158001,0.0,19,0,0,nan
IMG_0090|r3|n10|b600|BEHHO-VC-Calibrated,IMG_0090,69040.jpg,3,BEHHO-VC-Calibrated,10,600,1974869435,5.199173379435964,8,2,2,600,True,4.581261699961033,60,60,5.199173379435964,0.6686666666666666,0.695,35,0,0,nan
IMG_0090|r3|n10|b600|BDA-EHHO-VC-Calibrated,IMG_0090,69040.jpg,3,BDA-EHHO-VC-Calibrated,10,600,1974869435,5.200259482562949,8,9,2,600,True,4.395728400035296,30,30,5.200259482562949,nan,nan,0,142,158,0.47333333333333333
IMG_0090|r3|n20|b300|HHO-VC,IMG_0090,69040.jpg,3,HHO-VC,20,300,1974869435,5.200954920113446,2,2,2,300,True,0.2875715999980457,9,9,5.200954920113446,nan,nan,0,0,0,nan
IMG_0090|r3|n20|b300|EHHO-VC,IMG_0090,69040.jpg,3,EHHO-VC,20,300,1974869435,5.199354999919807,3,2,2,300,True,0.050188700028229505,11,11,5.199354999919807,0.1085575990835085,0.11498446810435285,4,0,0,nan
IMG_0090|r3|n20|b300|BEHHO-VC-Calibrated,IMG_0090,69040.jpg,3,BEHHO-VC-Calibrated,20,300,1974869435,5.199173379435964,8,2,2,300,True,1.331042499979958,15,15,5.199173379435964,0.7402222222222224,0.4895833333333334,5,0,0,nan
IMG_0090|r3|n20|b300|BDA-EHHO-VC-Calibrated,IMG_0090,69040.jpg,3,BDA-EHHO-VC-Calibrated,20,300,1974869435,5.200199966450151,16,2,12,300,True,0.4784152999636717,8,8,5.200199966450151,nan,nan,0,74,66,0.5285714285714286
IMG_0090|r3|n20|b600|HHO-VC,IMG_0090,69040.jpg,3,HHO-VC,20,600,1974869435,5.200954920113446,2,2,2,600,True,0.060513800010085106,17,17,5.200954920113446,nan,nan,0,0,0,nan
IMG_0090|r3|n20|b600|EHHO-VC,IMG_0090,69040.jpg,3,EHHO-VC,20,600,1974869435,5.200954920113446,2,2,2,600,True,0.035880900046322495,20,20,5.200954920113446,0.06611139290239029,0.024772382737823926,10,0,0,nan
IMG_0090|r3|n20|b600|BEHHO-VC-Calibrated,IMG_0090,69040.jpg,3,BEHHO-VC-Calibrated,20,600,1974869435,5.199173379435964,8,2,2,600,True,0.5434013999765739,30,30,5.199173379435964,0.5414027777777778,0.28708333333333336,21,0,0,nan
IMG_0090|r3|n20|b600|BDA-EHHO-VC-Calibrated,IMG_0090,69040.jpg,3,BDA-EHHO-VC-Calibrated,20,600,1974869435,5.20006273002959,58,2,2,600,True,1.4111484999884851,15,15,5.20006273002959,nan,nan,0,143,157,0.4766666666666667
IMG_0090|r3|n30|b300|HHO-VC,IMG_0090,69040.jpg,3,HHO-VC,30,300,1974869435,5.199354999919807,3,2,2,300,True,0.02123889996437356,6,6,5.199354999919807,nan,nan,0,0,0,nan
IMG_0090|r3|n30|b300|EHHO-VC,IMG_0090,69040.jpg,3,EHHO-VC,30,300,1974869435,5.200125742924654,3,32,2,300,True,0.02740359999006614,7,7,5.200125742924654,0.14322056221264085,0.06395011852068305,0,0,0,nan
IMG_0090|r3|n30|b300|BEHHO-VC-Calibrated,IMG_0090,69040.jpg,3,BEHHO-VC-Calibrated,30,300,1974869435,5.199173379435964,8,2,2,300,True,0.1928353999974206,10,10,5.199173379435964,0.6876111111111112,0.7262962962962963,6,0,0,nan
IMG_0090|r3|n30|b300|BDA-EHHO-VC-Calibrated,IMG_0090,69040.jpg,3,BDA-EHHO-VC-Calibrated,30,300,1974869435,5.200532074137139,99,3,4,300,True,0.15414810000220314,5,5,5.200772041499088,nan,nan,0,72,78,0.48
IMG_0090|r3|n30|b600|HHO-VC,IMG_0090,69040.jpg,3,HHO-VC,30,600,1974869435,5.199173379435964,8,2,2,600,True,0.03615820000413805,11,11,5.199173379435964,nan,nan,0,0,0,nan
IMG_0090|r3|n30|b600|EHHO-VC,IMG_0090,69040.jpg,3,EHHO-VC,30,600,1974869435,5.199173379435964,8,2,2,600,True,0.08606920001329854,13,13,5.199173379435964,0.09953212763671529,0.03444364699037381,5,0,0,nan
IMG_0090|r3|n30|b600|BEHHO-VC-Calibrated,IMG_0090,69040.jpg,3,BEHHO-VC-Calibrated,30,600,1974869435,5.199173379435964,8,2,2,600,True,0.2947420999989845,20,20,5.199173379435964,0.6536851851851854,0.46759259259259256,14,0,0,nan
IMG_0090|r3|n30|b600|BDA-EHHO-VC-Calibrated,IMG_0090,69040.jpg,3,BDA-EHHO-VC-Calibrated,30,600,1974869435,5.199895949594224,48,2,2,600,True,0.2822578999912366,10,10,5.199895949594224,nan,nan,0,146,154,0.4866666666666667
IMG_0093|r1|n10|b300|HHO-VC,IMG_0093,8023.jpg,1,HHO-VC,10,300,2102841768,5.662794528598252,31,55,15,300,True,9.124204899999313,17,17,5.662794528598252,nan,nan,0,0,0,nan
IMG_0093|r1|n10|b300|EHHO-VC,IMG_0093,8023.jpg,1,EHHO-VC,10,300,2102841768,5.6627684065023915,17,30,8,300,True,0.8260877999709919,20,20,5.6627684065023915,0.14069665187367603,0.050704183716280896,0,0,0,nan
IMG_0093|r1|n10|b300|BEHHO-VC-Calibrated,IMG_0093,8023.jpg,1,BEHHO-VC-Calibrated,10,300,2102841768,5.662871918253576,2,26,41,300,True,17.865872800000943,30,30,5.662871918253576,0.8336666666666667,0.8849999999999999,1,0,0,nan
IMG_0093|r1|n10|b300|BDA-EHHO-VC-Calibrated,IMG_0093,8023.jpg,1,BDA-EHHO-VC-Calibrated,10,300,2102841768,5.662764363354209,14,208,147,300,True,5.8245727000175975,15,15,5.662764363354209,nan,nan,0,81,69,0.54
IMG_0093|r1|n10|b600|HHO-VC,IMG_0093,8023.jpg,1,HHO-VC,10,600,2102841768,5.662814652540494,14,28,4,600,True,0.47240529995178804,35,35,5.662814652540494,nan,nan,0,0,0,nan
IMG_0093|r1|n10|b600|EHHO-VC,IMG_0093,8023.jpg,1,EHHO-VC,10,600,2102841768,5.662863507144657,21,40,8,600,True,0.2980789999710396,40,40,5.662863507144657,0.11215966979818245,0.072813463189825,0,0,0,nan
IMG_0093|r1|n10|b600|BEHHO-VC-Calibrated,IMG_0093,8023.jpg,1,BEHHO-VC-Calibrated,10,600,2102841768,5.6624862579980855,10,96,41,600,True,3.829165799950715,60,60,5.6624862579980855,0.8052777777777778,0.765,6,0,0,nan
IMG_0093|r1|n10|b600|BDA-EHHO-VC-Calibrated,IMG_0093,8023.jpg,1,BDA-EHHO-VC-Calibrated,10,600,2102841768,5.662622422775311,111,183,18,600,True,1.7401820000377484,30,30,5.662622422775311,nan,nan,0,136,164,0.4533333333333333
IMG_0093|r1|n20|b300|HHO-VC,IMG_0093,8023.jpg,1,HHO-VC,20,300,2102841768,5.663079873050589,67,46,18,300,True,0.20217940001748502,9,9,5.663079873050589,nan,nan,0,0,0,nan
IMG_0093|r1|n20|b300|EHHO-VC,IMG_0093,8023.jpg,1,EHHO-VC,20,300,2102841768,5.662609340846788,94,59,21,300,True,0.04523670003982261,10,10,5.662609340846788,0.26662539657644174,0.16623634317829306,0,0,0,nan
IMG_0093|r1|n20|b300|BEHHO-VC-Calibrated,IMG_0093,8023.jpg,1,BEHHO-VC-Calibrated,20,300,2102841768,5.662901514930565,10,107,55,300,True,0.25656570005230606,15,15,5.662901514930565,0.8819999999999999,0.8433333333333334,0,0,0,nan
IMG_0093|r1|n20|b300|BDA-EHHO-VC-Calibrated,IMG_0093,8023.jpg,1,BDA-EHHO-VC-Calibrated,20,300,2102841768,5.6625315991689575,13,142,55,300,True,0.3622378999716602,8,8,5.6625315991689575,nan,nan,0,72,68,0.5142857142857142
IMG_0093|r1|n20|b600|HHO-VC,IMG_0093,8023.jpg,1,HHO-VC,20,600,2102841768,5.662698603296261,84,59,21,600,True,0.08350780000910163,18,18,5.662698603296261,nan,nan,0,0,0,nan
IMG_0093|r1|n20|b600|EHHO-VC,IMG_0093,8023.jpg,1,EHHO-VC,20,600,2102841768,5.662656958940462,94,54,21,600,True,0.15406670002266765,20,20,5.662656958940462,0.31459292802140737,0.22114999638464855,0,0,0,nan
IMG_0093|r1|n20|b600|BEHHO-VC-Calibrated,IMG_0093,8023.jpg,1,BEHHO-VC-Calibrated,20,600,2102841768,5.662875154459204,116,51,21,600,True,0.38635520002571866,30,30,5.662875154459204,0.9125416666666666,0.9366666666666666,0,0,0,nan
IMG_0093|r1|n20|b600|BDA-EHHO-VC-Calibrated,IMG_0093,8023.jpg,1,BDA-EHHO-VC-Calibrated,20,600,2102841768,5.66255058988343,19,95,18,600,True,0.0647527999826707,15,15,5.66255058988343,nan,nan,0,153,147,0.51
IMG_0093|r1|n30|b300|HHO-VC,IMG_0093,8023.jpg,1,HHO-VC,30,300,2102841768,5.662952929936161,23,69,24,300,True,0.05074229999445379,6,6,5.662952929936161,nan,nan,0,0,0,nan
IMG_0093|r1|n30|b300|EHHO-VC,IMG_0093,8023.jpg,1,EHHO-VC,30,300,2102841768,5.663093044133554,169,104,41,300,True,0.01737330004107207,7,7,5.663093044133554,0.3504827993302883,0.3156210548682524,0,0,0,nan
IMG_0093|r1|n30|b300|BEHHO-VC-Calibrated,IMG_0093,8023.jpg,1,BEHHO-VC-Calibrated,30,300,2102841768,5.662899561477988,14,234,159,300,True,0.0334279999951832,10,10,5.662899561477988,0.9038888888888887,0.8694444444444445,0,0,0,nan
IMG_0093|r1|n30|b300|BDA-EHHO-VC-Calibrated,IMG_0093,8023.jpg,1,BDA-EHHO-VC-Calibrated,30,300,2102841768,5.662488406372815,85,155,41,300,True,0.06813140003941953,5,5,5.662488406372815,nan,nan,0,72,78,0.48
IMG_0093|r1|n30|b600|HHO-VC,IMG_0093,8023.jpg,1,HHO-VC,30,600,2102841768,5.662541271466,19,175,69,600,True,0.0879475999972783,12,12,5.662541271466,nan,nan,0,0,0,nan
IMG_0093|r1|n30|b600|EHHO-VC,IMG_0093,8023.jpg,1,EHHO-VC,30,600,2102841768,5.662544021697417,10,109,41,600,True,0.05837630003225058,13,13,5.662544021697417,0.3002267264827313,0.21247817327618718,0,0,0,nan
IMG_0093|r1|n30|b600|BEHHO-VC-Calibrated,IMG_0093,8023.jpg,1,BEHHO-VC-Calibrated,30,600,2102841768,5.662774059054686,9,162,21,600,True,0.12009919999400154,20,20,5.662774059054686,0.8256666666666668,0.7614814814814815,1,0,0,nan
IMG_0093|r1|n30|b600|BDA-EHHO-VC-Calibrated,IMG_0093,8023.jpg,1,BDA-EHHO-VC-Calibrated,30,600,2102841768,5.6626128865224175,94,172,20,600,True,0.10655530000803992,10,10,5.662651293511483,nan,nan,0,135,165,0.45
IMG_0093|r2|n10|b300|HHO-VC,IMG_0093,8023.jpg,2,HHO-VC,10,300,2114118811,5.6645227683965205,3,66,45,300,True,7.5258179000229575,18,18,5.6645227683965205,nan,nan,0,0,0,nan
IMG_0093|r2|n10|b300|EHHO-VC,IMG_0093,8023.jpg,2,EHHO-VC,10,300,2114118811,5.6643340283554435,3,66,44,300,True,1.7247883999953046,20,20,5.6643340283554435,0.17733231380625022,0.12880918022352528,0,0,0,nan
IMG_0093|r2|n10|b300|BEHHO-VC-Calibrated,IMG_0093,8023.jpg,2,BEHHO-VC-Calibrated,10,300,2114118811,5.664921111311938,5,127,65,300,True,16.804461299965624,30,30,5.664921111311938,0.8643333333333333,0.9083333333333333,1,0,0,nan
IMG_0093|r2|n10|b300|BDA-EHHO-VC-Calibrated,IMG_0093,8023.jpg,2,BDA-EHHO-VC-Calibrated,10,300,2114118811,5.66523091821396,3,224,149,300,True,5.890674000023864,15,15,5.66523091821396,nan,nan,0,67,83,0.44666666666666666
IMG_0093|r2|n10|b600|HHO-VC,IMG_0093,8023.jpg,2,HHO-VC,10,600,2114118811,5.66458538039998,3,206,130,600,True,2.1966019999817945,35,35,5.66458538039998,nan,nan,0,0,0,nan
IMG_0093|r2|n10|b600|EHHO-VC,IMG_0093,8023.jpg,2,EHHO-VC,10,600,2114118811,5.664568043964302,3,200,130,600,True,0.8442835999885574,40,40,5.664568043964302,0.38080592663195934,0.309605550591415,0,0,0,nan
IMG_0093|r2|n10|b600|BEHHO-VC-Calibrated,IMG_0093,8023.jpg,2,BEHHO-VC-Calibrated,10,600,2114118811,5.664871350571356,4,130,128,600,True,1.9892272999859415,60,60,5.664871350571356,0.7046666666666668,0.545,27,0,0,nan
IMG_0093|r2|n10|b600|BDA-EHHO-VC-Calibrated,IMG_0093,8023.jpg,2,BDA-EHHO-VC-Calibrated,10,600,2114118811,5.665085802120232,3,70,68,600,True,1.7728056999621913,30,30,5.665085802120232,nan,nan,0,143,157,0.4766666666666667
IMG_0093|r2|n20|b300|HHO-VC,IMG_0093,8023.jpg,2,HHO-VC,20,300,2114118811,5.664597867276433,3,66,30,300,True,0.2254317000042647,9,9,5.664597867276433,nan,nan,0,0,0,nan
IMG_0093|r2|n20|b300|EHHO-VC,IMG_0093,8023.jpg,2,EHHO-VC,20,300,2114118811,5.664431979157933,3,66,29,300,True,0.01555379998171702,10,10,5.664431979157933,0.20405289153502615,0.15271193704428224,0,0,0,nan
IMG_0093|r2|n20|b300|BEHHO-VC-Calibrated,IMG_0093,8023.jpg,2,BEHHO-VC-Calibrated,20,300,2114118811,5.665020399330046,6,213,130,300,True,0.20188900001812726,15,15,5.665020399330046,0.8571944444444447,0.8450000000000001,0,0,0,nan
IMG_0093|r2|n20|b300|BDA-EHHO-VC-Calibrated,IMG_0093,8023.jpg,2,BDA-EHHO-VC-Calibrated,20,300,2114118811,5.66547992400358,9,136,35,300,True,0.3476630999939516,8,8,5.66547992400358,nan,nan,0,69,71,0.4928571428571429
IMG_0093|r2|n20|b600|HHO-VC,IMG_0093,8023.jpg,2,HHO-VC,20,600,2114118811,5.664627137064529,5,197,44,600,True,0.05107719998341054,17,17,5.664627137064529,nan,nan,0,0,0,nan
IMG_0093|r2|n20|b600|EHHO-VC,IMG_0093,8023.jpg,2,EHHO-VC,20,600,2114118811,5.664627137064529,5,197,44,600,True,0.1489525000215508,20,20,5.664627137064529,0.30057759518007704,0.3231330581000939,0,0,0,nan
IMG_0093|r2|n20|b600|BEHHO-VC-Calibrated,IMG_0093,8023.jpg,2,BEHHO-VC-Calibrated,20,600,2114118811,5.664378609679372,4,66,129,600,True,0.28293879999546334,30,30,5.664378609679372,0.8120277777777777,0.8466666666666667,2,0,0,nan
IMG_0093|r2|n20|b600|BDA-EHHO-VC-Calibrated,IMG_0093,8023.jpg,2,BDA-EHHO-VC-Calibrated,20,600,2114118811,5.664934817401441,6,199,128,600,True,0.13116489996900782,15,15,5.664934817401441,nan,nan,0,144,156,0.48
IMG_0093|r2|n30|b300|HHO-VC,IMG_0093,8023.jpg,2,HHO-VC,30,300,2114118811,5.664926851599351,3,23,137,300,True,0.019667399988975376,6,6,5.664926851599351,nan,nan,0,0,0,nan
IMG_0093|r2|n30|b300|EHHO-VC,IMG_0093,8023.jpg,2,EHHO-VC,30,300,2114118811,5.6653854148423095,3,42,222,300,True,0.02593549998709932,7,7,5.6653854148423095,0.3311957487744978,0.3713071976157455,0,0,0,nan
IMG_0093|r2|n30|b300|BEHHO-VC-Calibrated,IMG_0093,8023.jpg,2,BEHHO-VC-Calibrated,30,300,2114118811,5.665247389673927,2,66,116,300,True,0.08917900000233203,10,10,5.665247389673927,0.8589629629629629,0.8887037037037038,0,0,0,nan
IMG_0093|r2|n30|b300|BDA-EHHO-VC-Calibrated,IMG_0093,8023.jpg,2,BDA-EHHO-VC-Calibrated,30,300,2114118811,5.664890341350346,4,204,99,300,True,0.04868390003684908,5,5,5.664890341350346,nan,nan,0,79,71,0.5266666666666666
IMG_0093|r2|n30|b600|HHO-VC,IMG_0093,8023.jpg,2,HHO-VC,30,600,2114118811,5.664838331346775,4,23,117,600,True,0.07465109997428954,12,12,5.664838331346775,nan,nan,0,0,0,nan
IMG_0093|r2|n30|b600|EHHO-VC,IMG_0093,8023.jpg,2,EHHO-VC,30,600,2114118811,5.6647644961132775,4,23,128,600,True,0.054039200011175126,13,13,5.6647644961132775,0.2841855702418312,0.23819988843245288,0,0,0,nan
IMG_0093|r2|n30|b600|BEHHO-VC-Calibrated,IMG_0093,8023.jpg,2,BEHHO-VC-Calibrated,30,600,2114118811,5.6649569020258825,4,82,40,600,True,0.12751550000393763,20,20,5.6649569020258825,0.857851851851852,0.8609259259259258,0,0,0,nan
IMG_0093|r2|n30|b600|BDA-EHHO-VC-Calibrated,IMG_0093,8023.jpg,2,BDA-EHHO-VC-Calibrated,30,600,2114118811,5.665366380383908,9,68,29,600,True,0.18127530004130676,10,10,5.665366380383908,nan,nan,0,160,140,0.5333333333333333
IMG_0093|r3|n10|b300|HHO-VC,IMG_0093,8023.jpg,3,HHO-VC,10,300,1566994275,5.665179057177507,2,5,16,300,True,5.558078600035515,16,16,5.665179057177507,nan,nan,0,0,0,nan
IMG_0093|r3|n10|b300|EHHO-VC,IMG_0093,8023.jpg,3,EHHO-VC,10,300,1566994275,5.665000184536187,2,130,226,300,True,7.323027300008107,20,20,5.665000184536187,0.365484302501757,0.2829034456498938,0,0,0,nan
IMG_0093|r3|n10|b300|BEHHO-VC-Calibrated,IMG_0093,8023.jpg,3,BEHHO-VC-Calibrated,10,300,1566994275,5.664799547273971,5,163,30,300,True,13.125019599974621,30,30,5.664799547273971,0.8517777777777779,0.8066666666666666,0,0,0,nan
IMG_0093|r3|n10|b300|BDA-EHHO-VC-Calibrated,IMG_0093,8023.jpg,3,BDA-EHHO-VC-Calibrated,10,300,1566994275,5.6644200857480795,7,139,176,300,True,4.3100144999916665,15,15,5.6644200857480795,nan,nan,0,86,64,0.5733333333333334
IMG_0093|r3|n10|b600|HHO-VC,IMG_0093,8023.jpg,3,HHO-VC,10,600,1566994275,5.664653163605436,5,131,230,600,True,1.4495757999829948,33,33,5.664653163605436,nan,nan,0,0,0,nan
IMG_0093|r3|n10|b600|EHHO-VC,IMG_0093,8023.jpg,3,EHHO-VC,10,600,1566994275,5.665113675409848,2,13,24,600,True,0.06253400002606213,40,40,5.665113675409848,0.08803232190517117,0.056141616147904805,1,0,0,nan
IMG_0093|r3|n10|b600|BEHHO-VC-Calibrated,IMG_0093,8023.jpg,3,BEHHO-VC-Calibrated,10,600,1566994275,5.664759046043254,6,184,143,600,True,1.985309999960009,60,60,5.664759046043254,0.8432499999999999,0.8916666666666666,2,0,0,nan
IMG_0093|r3|n10|b600|BDA-EHHO-VC-Calibrated,IMG_0093,8023.jpg,3,BDA-EHHO-VC-Calibrated,10,600,1566994275,5.664540563361385,6,163,232,600,True,0.6675880999537185,30,30,5.664540563361385,nan,nan,0,146,154,0.4866666666666667
IMG_0093|r3|n20|b300|HHO-VC,IMG_0093,8023.jpg,3,HHO-VC,20,300,1566994275,5.665308714233258,107,101,224,300,True,0.15294490003725514,8,8,5.665308714233258,nan,nan,0,0,0,nan
IMG_0093|r3|n20|b300|EHHO-VC,IMG_0093,8023.jpg,3,EHHO-VC,20,300,1566994275,5.66533028145066,107,100,222,300,True,0.08298950002063066,10,10,5.66533028145066,0.40984021463943765,0.39805906234707167,0,0,0,nan
IMG_0093|r3|n20|b300|BEHHO-VC-Calibrated,IMG_0093,8023.jpg,3,BEHHO-VC-Calibrated,20,300,1566994275,5.665256165622804,158,181,223,300,True,0.3332207999774255,15,15,5.665256165622804,0.907277777777778,0.8908333333333333,0,0,0,nan
IMG_0093|r3|n20|b300|BDA-EHHO-VC-Calibrated,IMG_0093,8023.jpg,3,BDA-EHHO-VC-Calibrated,20,300,1566994275,5.6649415020408584,5,70,46,300,True,0.06994539999868721,8,8,5.6649415020408584,nan,nan,0,68,72,0.4857142857142857
IMG_0093|r3|n20|b600|HHO-VC,IMG_0093,8023.jpg,3,HHO-VC,20,600,1566994275,5.66533028145066,107,100,222,600,True,0.07143179996637627,17,17,5.66533028145066,nan,nan,0,0,0,nan
IMG_0093|r3|n20|b600|EHHO-VC,IMG_0093,8023.jpg,3,EHHO-VC,20,600,1566994275,5.664584968917733,6,5,24,600,True,0.035950299992691725,20,20,5.664584968917733,0.16802887676583897,0.036251919030388664,0,0,0,nan
IMG_0093|r3|n20|b600|BEHHO-VC-Calibrated,IMG_0093,8023.jpg,3,BEHHO-VC-Calibrated,20,600,1566994275,5.664819922366546,6,144,143,600,True,0.17604029999347404,30,30,5.664819922366546,0.9179027777777778,0.9512499999999999,0,0,0,nan
IMG_0093|r3|n20|b600|BDA-EHHO-VC-Calibrated,IMG_0093,8023.jpg,3,BDA-EHHO-VC-Calibrated,20,600,1566994275,5.664322068929678,7,154,229,600,True,0.106608200003393,15,15,5.664322068929678,nan,nan,0,151,149,0.5033333333333333
IMG_0093|r3|n30|b300|HHO-VC,IMG_0093,8023.jpg,3,HHO-VC,30,300,1566994275,5.664726857575627,7,221,144,300,True,0.020584699988830835,6,6,5.664726857575627,nan,nan,0,0,0,nan
IMG_0093|r3|n30|b300|EHHO-VC,IMG_0093,8023.jpg,3,EHHO-VC,30,300,1566994275,5.664766305577756,7,223,146,300,True,0.015302299987524748,7,7,5.664766305577756,0.4287204617984616,0.46000155017714134,0,0,0,nan
IMG_0093|r3|n30|b300|BEHHO-VC-Calibrated,IMG_0093,8023.jpg,3,BEHHO-VC-Calibrated,30,300,1566994275,5.664536429873663,6,115,177,300,True,0.0318886999739334,10,10,5.664536429873663,0.906611111111111,0.8848148148148148,0,0,0,nan
IMG_0093|r3|n30|b300|BDA-EHHO-VC-Calibrated,IMG_0093,8023.jpg,3,BDA-EHHO-VC-Calibrated,30,300,1566994275,5.6646850870990475,5,94,32,300,True,0.03175070002907887,5,5,5.665000708315728,nan,nan,0,70,80,0.4666666666666667
IMG_0093|r3|n30|b600|HHO-VC,IMG_0093,8023.jpg,3,HHO-VC,30,600,1566994275,5.664431474422049,7,207,177,600,True,0.03200410003773868,12,12,5.664431474422049,nan,nan,0,0,0,nan
IMG_0093|r3|n30|b600|EHHO-VC,IMG_0093,8023.jpg,3,EHHO-VC,30,600,1566994275,5.664404496195072,7,206,177,600,True,0.03402840002672747,13,13,5.664404496195072,0.4108542163625062,0.43102947342495457,0,0,0,nan
IMG_0093|r3|n30|b600|BEHHO-VC-Calibrated,IMG_0093,8023.jpg,3,BEHHO-VC-Calibrated,30,600,1566994275,5.664759555488044,7,38,234,600,True,0.10754970001289621,20,20,5.664759555488044,0.8900185185185183,0.9127777777777778,0,0,0,nan
IMG_0093|r3|n30|b600|BDA-EHHO-VC-Calibrated,IMG_0093,8023.jpg,3,BDA-EHHO-VC-Calibrated,30,600,1566994275,5.664469959920777,6,150,232,600,True,0.11911369999870658,10,10,5.664469959920777,nan,nan,0,148,152,0.49333333333333335
